{"type":"FeatureCollection","metadata":{"layer":"agency_building","schema":"https://github.com/ngabantudev/flockoffmn/blob/main/src/layers/types.ts","featureCount":505,"knownGaps":["Covers all of Minnesota, but only buildings whose agency also appears in the 10-county metro jurisdiction layer can be highlighted from a selected jurisdiction; the rest are shown without that link.","A handful of jurisdictions — chiefly federal or military installations (Air National Guard, U.S. Air Force, Veterans Affairs Police) and Fort Snelling’s dispatcher-determined area — have no building on record in this dataset at all.","This is a continually-edited reference inventory maintained by local officials, not a survey with a fixed vintage; a building recently opened, closed, or renamed may lag here.","363 building names outside the metro jurisdiction layer were not matched against it (expected — most of Minnesota's law enforcement agencies are outside the 10-county MESB region)."],"source":"Minnesota Law Enforcement Locations — U-Spatial, University of Minnesota","sourceUrl":"https://gisdata.mn.gov/dataset/struc-law-enforce-mn","datasetUrl":"https://services.arcgis.com/8df8p0NlLFEShl0r/arcgis/rest/services/ci_all_gdb_2_view/FeatureServer/0/query","license":"No formal licence published; U-Spatial/USGS disclaim warranty, acknowledgement appreciated","licenseUrl":null,"attribution":"U-Spatial, University of Minnesota; U.S. Geological Survey","sourceDate":null,"refresh":"periodic","lastUpdated":"2026-08-14T05:51:35.557Z"},"features":[{"type":"Feature","geometry":{"type":"Point","coordinates":[-93.7084440996233,46.53273290018]},"properties":{"id":"agency-building-aitkin-police-109-1st-avenue-northwest","layer":"agency_building","name":"AITKIN POLICE","county":"Aitkin County","state":"MN","countyFips":"27001","confidence":"confirmed","sourceDate":null,"attributes":{"agencyType":"Police","address":"109 1ST AVENUE NORTHWEST","city":"AITKIN","subStation":null,"jurisdictionId":null,"jurisdictionName":null}}},{"type":"Feature","geometry":{"type":"Point","coordinates":[-94.1234055998136,45.2638375002553]},"properties":{"id":"agency-building-annandale-police-30-cedar-street-east","layer":"agency_building","name":"ANNANDALE POLICE","county":"Wright County","state":"MN","countyFips":"27171","confidence":"confirmed","sourceDate":null,"attributes":{"agencyType":"Police","address":"30 CEDAR STREET EAST","city":"ANNANDALE","subStation":null,"jurisdictionId":null,"jurisdictionName":null}}},{"type":"Feature","geometry":{"type":"Point","coordinates":[-96.5167759000315,47.300519799878]},"properties":{"id":"agency-building-ada-police-410-west-main-street","layer":"agency_building","name":"ADA POLICE","county":"Norman County","state":"MN","countyFips":"27107","confidence":"confirmed","sourceDate":null,"attributes":{"agencyType":"Police","address":"410 WEST MAIN STREET","city":"ADA","subStation":null,"jurisdictionId":null,"jurisdictionName":null}}},{"type":"Feature","geometry":{"type":"Point","coordinates":[-93.367718073752,43.64611723432]},"properties":{"id":"agency-building-freeborn-county-sheriff-411-south-broadway-avenue-freeborn-county-government-center","layer":"agency_building","name":"FREEBORN COUNTY SHERIFF","county":"Freeborn County","state":"MN","countyFips":"27047","confidence":"confirmed","sourceDate":null,"attributes":{"agencyType":"Sheriff","address":"411 SOUTH BROADWAY AVENUE, FREEBORN COUNTY GOVERNMENT CENTER","city":"ALBERT LEA","subStation":null,"jurisdictionId":null,"jurisdictionName":null}}},{"type":"Feature","geometry":{"type":"Point","coordinates":[-93.7103560002121,46.5328120012314]},"properties":{"id":"agency-building-aitkin-county-sheriff-217-2nd-street-northwest","layer":"agency_building","name":"AITKIN COUNTY SHERIFF","county":"Aitkin County","state":"MN","countyFips":"27001","confidence":"confirmed","sourceDate":null,"attributes":{"agencyType":"Sheriff","address":"217 2ND STREET NORTHWEST","city":"AITKIN","subStation":null,"jurisdictionId":null,"jurisdictionName":null}}},{"type":"Feature","geometry":{"type":"Point","coordinates":[-93.5759088311373,43.6714358112976]},"properties":{"id":"agency-building-alden-police-174-north-broadway","layer":"agency_building","name":"ALDEN POLICE","county":"Freeborn County","state":"MN","countyFips":"27047","confidence":"confirmed","sourceDate":null,"attributes":{"agencyType":"Police","address":"174 NORTH BROADWAY","city":"ALDEN","subStation":null,"jurisdictionId":null,"jurisdictionName":null}}},{"type":"Feature","geometry":{"type":"Point","coordinates":[-96.5134790002937,47.2981874001106]},"properties":{"id":"agency-building-norman-county-sheriff-15-2nd-avenue-east","layer":"agency_building","name":"NORMAN COUNTY SHERIFF","county":"Norman County","state":"MN","countyFips":"27107","confidence":"confirmed","sourceDate":null,"attributes":{"agencyType":"Sheriff","address":"15 2ND AVENUE EAST","city":"ADA","subStation":null,"jurisdictionId":null,"jurisdictionName":null}}},{"type":"Feature","geometry":{"type":"Point","coordinates":[-93.3681832070331,43.6460101590259]},"properties":{"id":"agency-building-albert-lea-police-411-south-broadway-avenue-freeborn-county-government-center","layer":"agency_building","name":"ALBERT LEA POLICE","county":"Freeborn County","state":"MN","countyFips":"27047","confidence":"confirmed","sourceDate":null,"attributes":{"agencyType":"Police","address":"411 SOUTH BROADWAY AVENUE, FREEBORN COUNTY GOVERNMENT CENTER","city":"ALBERT LEA","subStation":null,"jurisdictionId":null,"jurisdictionName":null}}},{"type":"Feature","geometry":{"type":"Point","coordinates":[-94.4620773996156,44.3108032999764]},"properties":{"id":"agency-building-brown-county-sheriff-15-south-washington-street","layer":"agency_building","name":"BROWN COUNTY SHERIFF","county":"Brown County","state":"MN","countyFips":"27015","confidence":"confirmed","sourceDate":null,"attributes":{"agencyType":"Sheriff","address":"15 SOUTH WASHINGTON STREET","city":"NEW ULM","subStation":null,"jurisdictionId":null,"jurisdictionName":null}}},{"type":"Feature","geometry":{"type":"Point","coordinates":[-94.220240800219,44.5561789002213]},"properties":{"id":"agency-building-sibley-county-sheriff-419-harrison-street","layer":"agency_building","name":"SIBLEY COUNTY SHERIFF","county":"Sibley County","state":"MN","countyFips":"27143","confidence":"confirmed","sourceDate":null,"attributes":{"agencyType":"Sheriff","address":"419 HARRISON STREET","city":"GAYLORD","subStation":null,"jurisdictionId":null,"jurisdictionName":null}}},{"type":"Feature","geometry":{"type":"Point","coordinates":[-92.0836927985606,43.6701213002626]},"properties":{"id":"agency-building-preston-police-210-fillmore-street-west","layer":"agency_building","name":"PRESTON POLICE","county":"Fillmore County","state":"MN","countyFips":"27045","confidence":"confirmed","sourceDate":null,"attributes":{"agencyType":"Police","address":"210 FILLMORE STREET WEST","city":"PRESTON","subStation":null,"jurisdictionId":null,"jurisdictionName":null}}},{"type":"Feature","geometry":{"type":"Point","coordinates":[-94.4295017762979,45.4551032261006]},"properties":{"id":"agency-building-cold-spring-richmond-police-27-red-river-avenue-south","layer":"agency_building","name":"COLD SPRING-RICHMOND POLICE","county":"Stearns County","state":"MN","countyFips":"27145","confidence":"confirmed","sourceDate":null,"attributes":{"agencyType":"Police","address":"27 RED RIVER AVENUE SOUTH","city":"COLD SPRING","subStation":null,"jurisdictionId":null,"jurisdictionName":null}}},{"type":"Feature","geometry":{"type":"Point","coordinates":[-94.4189310101938,44.0506588449652]},"properties":{"id":"agency-building-madelia-police-116-west-main-street","layer":"agency_building","name":"MADELIA POLICE","county":"Watonwan County","state":"MN","countyFips":"27165","confidence":"confirmed","sourceDate":null,"attributes":{"agencyType":"Police","address":"116 WEST MAIN STREET","city":"MADELIA","subStation":null,"jurisdictionId":null,"jurisdictionName":null}}},{"type":"Feature","geometry":{"type":"Point","coordinates":[-91.8655286996509,43.9853797011747]},"properties":{"id":"agency-building-lewiston-police-75-rice-street","layer":"agency_building","name":"LEWISTON POLICE","county":"Winona County","state":"MN","countyFips":"27169","confidence":"confirmed","sourceDate":null,"attributes":{"agencyType":"Police","address":"75 RICE STREET","city":"LEWISTON","subStation":null,"jurisdictionId":null,"jurisdictionName":null}}},{"type":"Feature","geometry":{"type":"Point","coordinates":[-95.0976445998949,46.7567395012205]},"properties":{"id":"agency-building-menahga-police-115-2nd-street-northeast","layer":"agency_building","name":"MENAHGA POLICE","county":"Wadena County","state":"MN","countyFips":"27159","confidence":"confirmed","sourceDate":null,"attributes":{"agencyType":"Police","address":"115 2ND STREET NORTHEAST","city":"MENAHGA","subStation":null,"jurisdictionId":null,"jurisdictionName":null}}},{"type":"Feature","geometry":{"type":"Point","coordinates":[-95.1360882001081,46.4382215002893]},"properties":{"id":"agency-building-wadena-police-121-colfax-avenue-southeast","layer":"agency_building","name":"WADENA POLICE","county":"Wadena County","state":"MN","countyFips":"27159","confidence":"confirmed","sourceDate":null,"attributes":{"agencyType":"Police","address":"121 COLFAX AVENUE SOUTHEAST","city":"WADENA","subStation":null,"jurisdictionId":null,"jurisdictionName":null}}},{"type":"Feature","geometry":{"type":"Point","coordinates":[-95.0922954000759,46.6296729001966]},"properties":{"id":"agency-building-sebeka-police-213-minnesota-avenue-west","layer":"agency_building","name":"SEBEKA POLICE","county":"Wadena County","state":"MN","countyFips":"27159","confidence":"confirmed","sourceDate":null,"attributes":{"agencyType":"Police","address":"213 MINNESOTA AVENUE WEST","city":"SEBEKA","subStation":null,"jurisdictionId":null,"jurisdictionName":null}}},{"type":"Feature","geometry":{"type":"Point","coordinates":[-93.508044100117,44.0750555997736]},"properties":{"id":"agency-building-waseca-police-508-south-state-street","layer":"agency_building","name":"WASECA POLICE","county":"Waseca County","state":"MN","countyFips":"27161","confidence":"confirmed","sourceDate":null,"attributes":{"agencyType":"Police","address":"508 SOUTH STATE STREET","city":"WASECA","subStation":null,"jurisdictionId":null,"jurisdictionName":null}}},{"type":"Feature","geometry":{"type":"Point","coordinates":[-93.7627452768647,44.623288677315]},"properties":{"id":"agency-building-belle-plaine-police-420-east-main-street","layer":"agency_building","name":"Belle Plaine Police","county":"Scott County","state":"MN","countyFips":"27139","confidence":"confirmed","sourceDate":null,"attributes":{"agencyType":"Police","address":"420 EAST MAIN STREET","city":"BELLE PLAINE","subStation":null,"jurisdictionId":"agency-jurisdiction-belle-plaine-police","jurisdictionName":"Belle Plaine Police"}}},{"type":"Feature","geometry":{"type":"Point","coordinates":[-93.222945299594,44.0869598998328]},"properties":{"id":"agency-building-steele-county-sheriff-204-east-pearl-street","layer":"agency_building","name":"STEELE COUNTY SHERIFF","county":"Steele County","state":"MN","countyFips":"27147","confidence":"confirmed","sourceDate":null,"attributes":{"agencyType":"Sheriff","address":"204 EAST PEARL STREET","city":"OWATONNA","subStation":null,"jurisdictionId":null,"jurisdictionName":null}}},{"type":"Feature","geometry":{"type":"Point","coordinates":[-95.5784657985779,46.5970661000305]},"properties":{"id":"agency-building-perham-police-525-west-main-street","layer":"agency_building","name":"PERHAM POLICE","county":"Otter Tail County","state":"MN","countyFips":"27111","confidence":"confirmed","sourceDate":null,"attributes":{"agencyType":"Police","address":"525 WEST MAIN STREET","city":"PERHAM","subStation":null,"jurisdictionId":null,"jurisdictionName":null}}},{"type":"Feature","geometry":{"type":"Point","coordinates":[-94.2108931002557,44.5554016999583]},"properties":{"id":"agency-building-gaylord-police-220-jefferson-avenue-east","layer":"agency_building","name":"GAYLORD POLICE","county":"Sibley County","state":"MN","countyFips":"27143","confidence":"confirmed","sourceDate":null,"attributes":{"agencyType":"Police","address":"220 JEFFERSON AVENUE EAST","city":"GAYLORD","subStation":null,"jurisdictionId":null,"jurisdictionName":null}}},{"type":"Feature","geometry":{"type":"Point","coordinates":[-95.5899494003343,43.647728899786]},"properties":{"id":"agency-building-nobles-county-sheriff-1530-airport-road-suite-100-suite-200","layer":"agency_building","name":"NOBLES COUNTY SHERIFF","county":"Nobles County","state":"MN","countyFips":"27105","confidence":"confirmed","sourceDate":null,"attributes":{"agencyType":"Sheriff","address":"1530 AIRPORT ROAD, SUITE 100 / SUITE 200","city":"WORTHINGTON","subStation":null,"jurisdictionId":null,"jurisdictionName":null}}},{"type":"Feature","geometry":{"type":"Point","coordinates":[-94.1534087993988,44.7684366002181]},"properties":{"id":"agency-building-glencoe-police-911-greeley-avenue","layer":"agency_building","name":"GLENCOE POLICE","county":"McLeod County","state":"MN","countyFips":"27085","confidence":"confirmed","sourceDate":null,"attributes":{"agencyType":"Police","address":"911 GREELEY AVENUE","city":"GLENCOE","subStation":null,"jurisdictionId":null,"jurisdictionName":null}}},{"type":"Feature","geometry":{"type":"Point","coordinates":[-94.6197610628709,43.666962567011]},"properties":{"id":"agency-building-sherburn-welcome-police-102-north-dugan-street","layer":"agency_building","name":"SHERBURN WELCOME POLICE","county":"Martin County","state":"MN","countyFips":"27091","confidence":"confirmed","sourceDate":null,"attributes":{"agencyType":"Police","address":"102 NORTH DUGAN STREET","city":"WELCOME","subStation":null,"jurisdictionId":null,"jurisdictionName":null}}},{"type":"Feature","geometry":{"type":"Point","coordinates":[-94.9943874998301,43.6351996001257]},"properties":{"id":"agency-building-jackson-police-1000-united-states-highway-71-north","layer":"agency_building","name":"JACKSON POLICE","county":"Jackson County","state":"MN","countyFips":"27063","confidence":"confirmed","sourceDate":null,"attributes":{"agencyType":"Police","address":"1000 UNITED STATES HIGHWAY 71 NORTH","city":"JACKSON","subStation":null,"jurisdictionId":null,"jurisdictionName":null}}},{"type":"Feature","geometry":{"type":"Point","coordinates":[-94.3626566996004,45.977958199706]},"properties":{"id":"agency-building-little-falls-police-207-first-street-northeast","layer":"agency_building","name":"LITTLE FALLS POLICE","county":"Morrison County","state":"MN","countyFips":"27097","confidence":"confirmed","sourceDate":null,"attributes":{"agencyType":"Police","address":"207 FIRST STREET NORTHEAST","city":"LITTLE FALLS","subStation":null,"jurisdictionId":null,"jurisdictionName":null}}},{"type":"Feature","geometry":{"type":"Point","coordinates":[-93.584215166294,44.4419710426948]},"properties":{"id":"agency-building-montgomery-police-301-boulevard-avenue-northwest","layer":"agency_building","name":"MONTGOMERY POLICE","county":"Le Sueur County","state":"MN","countyFips":"27079","confidence":"confirmed","sourceDate":null,"attributes":{"agencyType":"Police","address":"301 BOULEVARD AVENUE NORTHWEST","city":"MONTGOMERY","subStation":null,"jurisdictionId":null,"jurisdictionName":null}}},{"type":"Feature","geometry":{"type":"Point","coordinates":[-94.0087622996237,44.1616816998006]},"properties":{"id":"agency-building-mankato-department-of-public-safety-710-south-front-street","layer":"agency_building","name":"MANKATO DEPARTMENT OF PUBLIC SAFETY","county":"Blue Earth County","state":"MN","countyFips":"27013","confidence":"confirmed","sourceDate":null,"attributes":{"agencyType":"Police","address":"710 SOUTH FRONT STREET","city":"MANKATO","subStation":null,"jurisdictionId":null,"jurisdictionName":null}}},{"type":"Feature","geometry":{"type":"Point","coordinates":[-92.7438919997632,44.0245829997284]},"properties":{"id":"agency-building-kasson-police-401-5th-street-southeast","layer":"agency_building","name":"KASSON POLICE","county":"Dodge County","state":"MN","countyFips":"27039","confidence":"confirmed","sourceDate":null,"attributes":{"agencyType":"Police","address":"401 5TH STREET SOUTHEAST","city":"KASSON","subStation":null,"jurisdictionId":null,"jurisdictionName":null}}},{"type":"Feature","geometry":{"type":"Point","coordinates":[-94.2188294498896,44.1071311720872]},"properties":{"id":"agency-building-lake-crystal-police-100-robinson-st","layer":"agency_building","name":"LAKE CRYSTAL POLICE","county":"Blue Earth County","state":"MN","countyFips":"27013","confidence":"confirmed","sourceDate":null,"attributes":{"agencyType":"Police","address":"100 ROBINSON ST.","city":"LAKE CRYSTAL","subStation":null,"jurisdictionId":null,"jurisdictionName":null}}},{"type":"Feature","geometry":{"type":"Point","coordinates":[-94.1620094711516,45.5603898330847]},"properties":{"id":"agency-building-stearns-county-sheriff-807-courthouse-square","layer":"agency_building","name":"STEARNS COUNTY SHERIFF","county":"Stearns County","state":"MN","countyFips":"27145","confidence":"confirmed","sourceDate":null,"attributes":{"agencyType":"Sheriff","address":"807 COURTHOUSE SQUARE","city":"SAINT CLOUD","subStation":null,"jurisdictionId":null,"jurisdictionName":null}}},{"type":"Feature","geometry":{"type":"Point","coordinates":[-96.0754107792437,46.2789870091217]},"properties":{"id":"agency-building-fergus-falls-police-417-south-court-street","layer":"agency_building","name":"FERGUS FALLS POLICE","county":"Otter Tail County","state":"MN","countyFips":"27111","confidence":"confirmed","sourceDate":null,"attributes":{"agencyType":"Police","address":"417 SOUTH COURT STREET","city":"FERGUS FALLS","subStation":null,"jurisdictionId":null,"jurisdictionName":null}}},{"type":"Feature","geometry":{"type":"Point","coordinates":[-95.8185404998683,46.0929075002955]},"properties":{"id":"agency-building-ashby-police-203-main-street","layer":"agency_building","name":"ASHBY POLICE","county":"Grant County","state":"MN","countyFips":"27051","confidence":"confirmed","sourceDate":null,"attributes":{"agencyType":"Police","address":"203 MAIN STREET","city":"ASHBY","subStation":null,"jurisdictionId":null,"jurisdictionName":null}}},{"type":"Feature","geometry":{"type":"Point","coordinates":[-95.7273115000981,44.9486717997494]},"properties":{"id":"agency-building-montevideo-police-103-canton-avenue","layer":"agency_building","name":"MONTEVIDEO POLICE","county":"Chippewa County","state":"MN","countyFips":"27023","confidence":"confirmed","sourceDate":null,"attributes":{"agencyType":"Police","address":"103 CANTON AVENUE","city":"MONTEVIDEO","subStation":null,"jurisdictionId":null,"jurisdictionName":null}}},{"type":"Feature","geometry":{"type":"Point","coordinates":[-94.8832856441545,47.473982653987]},"properties":{"id":"agency-building-beltrami-county-law-enforcement-center-beltrami-county-sheriff-613-minnesota-avenue-northwest","layer":"agency_building","name":"BELTRAMI COUNTY LAW ENFORCEMENT CENTER - BELTRAMI COUNTY SHERIFF","county":"Beltrami County","state":"MN","countyFips":"27007","confidence":"confirmed","sourceDate":null,"attributes":{"agencyType":"Sheriff","address":"613 MINNESOTA AVENUE NORTHWEST","city":"BEMIDJI","subStation":null,"jurisdictionId":null,"jurisdictionName":null}}},{"type":"Feature","geometry":{"type":"Point","coordinates":[-92.085024100015,43.6777277003113]},"properties":{"id":"agency-building-fillmore-county-sheriff-901-houston-street-northwest","layer":"agency_building","name":"FILLMORE COUNTY SHERIFF","county":"Fillmore County","state":"MN","countyFips":"27045","confidence":"confirmed","sourceDate":null,"attributes":{"agencyType":"Sheriff","address":"901 HOUSTON STREET NORTHWEST","city":"PRESTON","subStation":null,"jurisdictionId":null,"jurisdictionName":null}}},{"type":"Feature","geometry":{"type":"Point","coordinates":[-93.6429941999868,45.7536787001979]},"properties":{"id":"agency-building-mille-lacs-county-jail-mille-lacs-county-sheriff-640-3rd-street-southeast","layer":"agency_building","name":"MILLE LACS COUNTY JAIL / MILLE LACS COUNTY SHERIFF","county":"Mille Lacs County","state":"MN","countyFips":"27095","confidence":"confirmed","sourceDate":null,"attributes":{"agencyType":"Sheriff","address":"640 3RD STREET SOUTHEAST","city":"MILACA","subStation":null,"jurisdictionId":null,"jurisdictionName":null}}},{"type":"Feature","geometry":{"type":"Point","coordinates":[-92.9535649001122,44.8340426001162]},"properties":{"id":"agency-building-cottage-grove-police-7516-80th-street-south","layer":"agency_building","name":"Cottage Grove Police","county":"Washington County","state":"MN","countyFips":"27163","confidence":"confirmed","sourceDate":null,"attributes":{"agencyType":"Police","address":"7516 80TH STREET SOUTH","city":"COTTAGE GROVE","subStation":null,"jurisdictionId":"agency-jurisdiction-cottage-grove-police","jurisdictionName":"Cottage Grove Police"}}},{"type":"Feature","geometry":{"type":"Point","coordinates":[-96.3183379019542,43.9970602350741]},"properties":{"id":"agency-building-pipestone-county-sheriff-416-south-hiawatha-avenue","layer":"agency_building","name":"PIPESTONE COUNTY SHERIFF","county":"Pipestone County","state":"MN","countyFips":"27117","confidence":"confirmed","sourceDate":null,"attributes":{"agencyType":"Sheriff","address":"416 SOUTH HIAWATHA AVENUE","city":"PIPESTONE","subStation":null,"jurisdictionId":null,"jurisdictionName":null}}},{"type":"Feature","geometry":{"type":"Point","coordinates":[-94.9822799004295,44.7761223999405]},"properties":{"id":"agency-building-olivia-police-105-south-5th-street-suite-245","layer":"agency_building","name":"OLIVIA POLICE","county":"Renville County","state":"MN","countyFips":"27129","confidence":"confirmed","sourceDate":null,"attributes":{"agencyType":"Police","address":"105 SOUTH 5TH STREET, SUITE 245","city":"OLIVIA","subStation":null,"jurisdictionId":null,"jurisdictionName":null}}},{"type":"Feature","geometry":{"type":"Point","coordinates":[-93.9562723999811,43.9279953997865]},"properties":{"id":"agency-building-mapleton-police-104-2nd-avenue-northeast","layer":"agency_building","name":"MAPLETON POLICE","county":"Blue Earth County","state":"MN","countyFips":"27013","confidence":"confirmed","sourceDate":null,"attributes":{"agencyType":"Police","address":"104 2ND AVENUE NORTHEAST","city":"MAPLETON","subStation":null,"jurisdictionId":null,"jurisdictionName":null}}},{"type":"Feature","geometry":{"type":"Point","coordinates":[-93.9560519659868,46.7298647517698]},"properties":{"id":"agency-building-emily-police-39954-lake-street","layer":"agency_building","name":"EMILY POLICE","county":"Crow Wing County","state":"MN","countyFips":"27035","confidence":"confirmed","sourceDate":null,"attributes":{"agencyType":"Police","address":"39954 LAKE STREET","city":"EMILY","subStation":null,"jurisdictionId":null,"jurisdictionName":null}}},{"type":"Feature","geometry":{"type":"Point","coordinates":[-94.9538320241643,45.7363990172259]},"properties":{"id":"agency-building-sauk-centre-police-320-oak-street-south","layer":"agency_building","name":"SAUK CENTRE POLICE","county":"Stearns County","state":"MN","countyFips":"27145","confidence":"confirmed","sourceDate":null,"attributes":{"agencyType":"Police","address":"320 OAK STREET SOUTH","city":"SAUK CENTRE","subStation":null,"jurisdictionId":null,"jurisdictionName":null}}},{"type":"Feature","geometry":{"type":"Point","coordinates":[-94.8665480999318,45.9651537999248]},"properties":{"id":"agency-building-long-prairie-police-615-lake-street-south","layer":"agency_building","name":"LONG PRAIRIE POLICE","county":"Todd County","state":"MN","countyFips":"27153","confidence":"confirmed","sourceDate":null,"attributes":{"agencyType":"Police","address":"615 LAKE STREET SOUTH","city":"LONG PRAIRIE","subStation":null,"jurisdictionId":null,"jurisdictionName":null}}},{"type":"Feature","geometry":{"type":"Point","coordinates":[-96.2585412998267,47.2609820998739]},"properties":{"id":"agency-building-twin-valley-police-102-1st-street-northwest","layer":"agency_building","name":"TWIN VALLEY POLICE","county":"Norman County","state":"MN","countyFips":"27107","confidence":"confirmed","sourceDate":null,"attributes":{"agencyType":"Police","address":"102 1ST STREET NORTHWEST","city":"TWIN VALLEY","subStation":null,"jurisdictionId":null,"jurisdictionName":null}}},{"type":"Feature","geometry":{"type":"Point","coordinates":[-94.625216268385,43.981179001684]},"properties":{"id":"agency-building-watonwan-county-sheriff-715-3rd-avenue-south","layer":"agency_building","name":"WATONWAN COUNTY SHERIFF","county":"Watonwan County","state":"MN","countyFips":"27165","confidence":"confirmed","sourceDate":null,"attributes":{"agencyType":"Sheriff","address":"715 3RD AVENUE SOUTH","city":"SAINT JAMES","subStation":null,"jurisdictionId":null,"jurisdictionName":null}}},{"type":"Feature","geometry":{"type":"Point","coordinates":[-93.1102959997217,45.1762107997586]},"properties":{"id":"agency-building-lino-lakes-police-640-town-center-parkway","layer":"agency_building","name":"Lino Lakes Police","county":"Anoka County","state":"MN","countyFips":"27003","confidence":"confirmed","sourceDate":null,"attributes":{"agencyType":"Police","address":"640 TOWN CENTER PARKWAY","city":"LINO LAKES","subStation":null,"jurisdictionId":"agency-jurisdiction-lino-lakes-police","jurisdictionName":"Lino Lakes Police"}}},{"type":"Feature","geometry":{"type":"Point","coordinates":[-94.5783151995533,47.101353999839]},"properties":{"id":"agency-building-walker-police-205-minnesota-avenue-west","layer":"agency_building","name":"WALKER POLICE","county":"Cass County","state":"MN","countyFips":"27021","confidence":"confirmed","sourceDate":null,"attributes":{"agencyType":"Police","address":"205 MINNESOTA AVENUE WEST","city":"WALKER","subStation":null,"jurisdictionId":null,"jurisdictionName":null}}},{"type":"Feature","geometry":{"type":"Point","coordinates":[-94.4054698993917,46.7190592002144]},"properties":{"id":"agency-building-pine-river-police-200-front-street","layer":"agency_building","name":"PINE RIVER POLICE","county":"Cass County","state":"MN","countyFips":"27021","confidence":"confirmed","sourceDate":null,"attributes":{"agencyType":"Police","address":"200 FRONT STREET","city":"PINE RIVER","subStation":null,"jurisdictionId":null,"jurisdictionName":null}}},{"type":"Feature","geometry":{"type":"Point","coordinates":[-93.4160221996664,47.2952167997534]},"properties":{"id":"agency-building-bovey-police-402-2nd-street","layer":"agency_building","name":"BOVEY POLICE","county":"Itasca County","state":"MN","countyFips":"27061","confidence":"confirmed","sourceDate":null,"attributes":{"agencyType":"Police","address":"402 2ND STREET","city":"BOVEY","subStation":null,"jurisdictionId":null,"jurisdictionName":null}}},{"type":"Feature","geometry":{"type":"Point","coordinates":[-95.7614471997219,48.8469219001179]},"properties":{"id":"agency-building-roseau-police-114-2nd-street-northeast","layer":"agency_building","name":"ROSEAU POLICE","county":"Roseau County","state":"MN","countyFips":"27135","confidence":"confirmed","sourceDate":null,"attributes":{"agencyType":"Police","address":"114 2ND STREET NORTHEAST","city":"ROSEAU","subStation":null,"jurisdictionId":null,"jurisdictionName":null}}},{"type":"Feature","geometry":{"type":"Point","coordinates":[-96.0746331948389,46.279682032087]},"properties":{"id":"agency-building-otter-tail-county-sheriff-417-south-court-street","layer":"agency_building","name":"OTTER TAIL COUNTY SHERIFF","county":"Otter Tail County","state":"MN","countyFips":"27111","confidence":"confirmed","sourceDate":null,"attributes":{"agencyType":"Sheriff","address":"417 SOUTH COURT STREET","city":"FERGUS FALLS","subStation":null,"jurisdictionId":null,"jurisdictionName":null}}},{"type":"Feature","geometry":{"type":"Point","coordinates":[-93.165651956312,47.3807466580867]},"properties":{"id":"agency-building-nashwauk-police-301-central-ave","layer":"agency_building","name":"NASHWAUK POLICE","county":"Itasca County","state":"MN","countyFips":"27061","confidence":"confirmed","sourceDate":null,"attributes":{"agencyType":"Police","address":"301 CENTRAL AVE.","city":"NASHWAUK","subStation":null,"jurisdictionId":null,"jurisdictionName":null}}},{"type":"Feature","geometry":{"type":"Point","coordinates":[-95.4299388992705,47.6922141999934]},"properties":{"id":"agency-building-clearbrook-police-200-elm-street","layer":"agency_building","name":"CLEARBROOK POLICE","county":"Clearwater County","state":"MN","countyFips":"27029","confidence":"confirmed","sourceDate":null,"attributes":{"agencyType":"Police","address":"200 ELM STREET","city":"CLEARBROOK","subStation":null,"jurisdictionId":null,"jurisdictionName":null}}},{"type":"Feature","geometry":{"type":"Point","coordinates":[-93.3070196457243,46.6066335069913]},"properties":{"id":"agency-building-mcgregor-police-101-east-center-avenue","layer":"agency_building","name":"MCGREGOR POLICE","county":"Aitkin County","state":"MN","countyFips":"27001","confidence":"confirmed","sourceDate":null,"attributes":{"agencyType":"Police","address":"101 EAST CENTER AVENUE","city":"MCGREGOR","subStation":null,"jurisdictionId":null,"jurisdictionName":null}}},{"type":"Feature","geometry":{"type":"Point","coordinates":[-92.8014901000986,45.0374391000949]},"properties":{"id":"agency-building-washington-county-sheriff-15015-62nd-street-north","layer":"agency_building","name":"Washington County Sheriff","county":"Washington County","state":"MN","countyFips":"27163","confidence":"confirmed","sourceDate":null,"attributes":{"agencyType":"Sheriff","address":"15015 62ND STREET NORTH","city":"STILLWATER","subStation":null,"jurisdictionId":"agency-jurisdiction-washington-county-sheriff","jurisdictionName":"Washington County Sheriff"}}},{"type":"Feature","geometry":{"type":"Point","coordinates":[-94.2935976997324,46.3431317998749]},"properties":{"id":"agency-building-baxter-police-13190-memorywood-drive","layer":"agency_building","name":"BAXTER POLICE","county":"Crow Wing County","state":"MN","countyFips":"27035","confidence":"confirmed","sourceDate":null,"attributes":{"agencyType":"Police","address":"13190 MEMORYWOOD DRIVE","city":"BAXTER","subStation":null,"jurisdictionId":null,"jurisdictionName":null}}},{"type":"Feature","geometry":{"type":"Point","coordinates":[-93.2133932841076,44.4252595586806]},"properties":{"id":"agency-building-dundas-police-470-railway-street-south-suite-d","layer":"agency_building","name":"DUNDAS POLICE","county":"Rice County","state":"MN","countyFips":"27131","confidence":"confirmed","sourceDate":null,"attributes":{"agencyType":"Police","address":"470 RAILWAY STREET SOUTH, SUITE D","city":"DUNDAS","subStation":null,"jurisdictionId":null,"jurisdictionName":null}}},{"type":"Feature","geometry":{"type":"Point","coordinates":[-93.2371577999273,45.1154418001224]},"properties":{"id":"agency-building-spring-lake-park-police-1301-81st-avenue-northeast","layer":"agency_building","name":"Spring Lake Park Police","county":"Anoka County","state":"MN","countyFips":"27003","confidence":"confirmed","sourceDate":null,"attributes":{"agencyType":"Police","address":"1301 81ST AVENUE NORTHEAST","city":"SPRING LAKE PARK","subStation":null,"jurisdictionId":"agency-jurisdiction-spring-lake-park-police","jurisdictionName":"Spring Lake Park Police"}}},{"type":"Feature","geometry":{"type":"Point","coordinates":[-92.4907987346106,46.7134148347502]},"properties":{"id":"agency-building-fond-du-lac-law-enforcement-930-trettel-lane","layer":"agency_building","name":"FOND DU LAC LAW ENFORCEMENT","county":"Carlton County","state":"MN","countyFips":"27017","confidence":"confirmed","sourceDate":null,"attributes":{"agencyType":"Other","address":"930 TRETTEL LANE","city":"CLOQUET","subStation":null,"jurisdictionId":null,"jurisdictionName":null}}},{"type":"Feature","geometry":{"type":"Point","coordinates":[-94.4620782000145,44.3108029001551]},"properties":{"id":"agency-building-new-ulm-police-15-south-washington-street","layer":"agency_building","name":"NEW ULM POLICE","county":"Brown County","state":"MN","countyFips":"27015","confidence":"confirmed","sourceDate":null,"attributes":{"agencyType":"Police","address":"15 SOUTH WASHINGTON STREET","city":"NEW ULM","subStation":null,"jurisdictionId":null,"jurisdictionName":null}}},{"type":"Feature","geometry":{"type":"Point","coordinates":[-96.2522128581946,44.4627641067766]},"properties":{"id":"agency-building-lincoln-county-jail-lincoln-county-sheriff-322-north-wallace-street","layer":"agency_building","name":"LINCOLN COUNTY JAIL / LINCOLN COUNTY SHERIFF","county":"Lincoln County","state":"MN","countyFips":"27081","confidence":"confirmed","sourceDate":null,"attributes":{"agencyType":"Sheriff","address":"322 NORTH WALLACE STREET","city":"IVANHOE","subStation":null,"jurisdictionId":null,"jurisdictionName":null}}},{"type":"Feature","geometry":{"type":"Point","coordinates":[-95.1153029630979,44.5399337103179]},"properties":{"id":"agency-building-redwood-county-sheriff-303-east-3rd-street","layer":"agency_building","name":"REDWOOD COUNTY SHERIFF","county":"Redwood County","state":"MN","countyFips":"27127","confidence":"confirmed","sourceDate":null,"attributes":{"agencyType":"Sheriff","address":"303 EAST 3RD STREET","city":"REDWOOD FALLS","subStation":null,"jurisdictionId":null,"jurisdictionName":null}}},{"type":"Feature","geometry":{"type":"Point","coordinates":[-93.6488721005713,45.7551749997435]},"properties":{"id":"agency-building-milaca-police-255-1st-street-east","layer":"agency_building","name":"MILACA POLICE","county":"Mille Lacs County","state":"MN","countyFips":"27095","confidence":"confirmed","sourceDate":null,"attributes":{"agencyType":"Police","address":"255 1ST STREET EAST","city":"MILACA","subStation":null,"jurisdictionId":null,"jurisdictionName":null}}},{"type":"Feature","geometry":{"type":"Point","coordinates":[-93.0492891998199,43.8658874998149]},"properties":{"id":"agency-building-blooming-prairie-police-138-highway-avenue-south","layer":"agency_building","name":"BLOOMING PRAIRIE POLICE","county":"Steele County","state":"MN","countyFips":"27147","confidence":"confirmed","sourceDate":null,"attributes":{"agencyType":"Police","address":"138 HIGHWAY AVENUE SOUTH","city":"BLOOMING PRAIRIE","subStation":null,"jurisdictionId":null,"jurisdictionName":null}}},{"type":"Feature","geometry":{"type":"Point","coordinates":[-92.8200631719414,45.0329688930957]},"properties":{"id":"agency-building-oak-park-heights-police-14168-oak-park-boulevard-north","layer":"agency_building","name":"Oak Park Heights Police","county":"Washington County","state":"MN","countyFips":"27163","confidence":"confirmed","sourceDate":null,"attributes":{"agencyType":"Police","address":"14168 OAK PARK BOULEVARD NORTH","city":"OAK PARK HEIGHTS","subStation":null,"jurisdictionId":"agency-jurisdiction-oak-park-heights-police","jurisdictionName":"Oak Park Heights Police"}}},{"type":"Feature","geometry":{"type":"Point","coordinates":[-94.0707851004,45.0599566001029]},"properties":{"id":"agency-building-howard-lake-police-625-8th-avenue","layer":"agency_building","name":"HOWARD LAKE POLICE","county":"Wright County","state":"MN","countyFips":"27171","confidence":"confirmed","sourceDate":null,"attributes":{"agencyType":"Police","address":"625 8TH AVENUE","city":"HOWARD LAKE","subStation":null,"jurisdictionId":null,"jurisdictionName":null}}},{"type":"Feature","geometry":{"type":"Point","coordinates":[-96.2742902606556,47.8849275468871]},"properties":{"id":"agency-building-red-lake-county-sheriff-124-main-avenue-north","layer":"agency_building","name":"RED LAKE COUNTY SHERIFF","county":"Red Lake County","state":"MN","countyFips":"27125","confidence":"confirmed","sourceDate":null,"attributes":{"agencyType":"Sheriff","address":"124 MAIN AVENUE NORTH","city":"RED LAKE FALLS","subStation":null,"jurisdictionId":null,"jurisdictionName":null}}},{"type":"Feature","geometry":{"type":"Point","coordinates":[-92.8688780996892,43.7410675000018]},"properties":{"id":"agency-building-brownsdale-police-103-east-main-street","layer":"agency_building","name":"BROWNSDALE POLICE","county":"Mower County","state":"MN","countyFips":"27099","confidence":"confirmed","sourceDate":null,"attributes":{"agencyType":"Police","address":"103 EAST MAIN STREET","city":"BROWNSDALE","subStation":null,"jurisdictionId":null,"jurisdictionName":null}}},{"type":"Feature","geometry":{"type":"Point","coordinates":[-95.3879832725719,45.6498291761299]},"properties":{"id":"agency-building-glenwood-police-130-east-minnesota-avenue","layer":"agency_building","name":"GLENWOOD POLICE","county":"Pope County","state":"MN","countyFips":"27121","confidence":"confirmed","sourceDate":null,"attributes":{"agencyType":"Police","address":"130 EAST MINNESOTA AVENUE","city":"GLENWOOD","subStation":null,"jurisdictionId":null,"jurisdictionName":null}}},{"type":"Feature","geometry":{"type":"Point","coordinates":[-95.3875968002687,45.6498157999555]},"properties":{"id":"agency-building-pope-county-sheriff-130-east-minnesota-avenue-suite-137","layer":"agency_building","name":"POPE COUNTY SHERIFF","county":"Pope County","state":"MN","countyFips":"27121","confidence":"confirmed","sourceDate":null,"attributes":{"agencyType":"Sheriff","address":"130 EAST MINNESOTA AVENUE, SUITE 137","city":"GLENWOOD","subStation":null,"jurisdictionId":null,"jurisdictionName":null}}},{"type":"Feature","geometry":{"type":"Point","coordinates":[-94.3709885999117,44.8917291001103]},"properties":{"id":"agency-building-hutchinson-police-10-franklin-street-southwest","layer":"agency_building","name":"HUTCHINSON POLICE","county":"McLeod County","state":"MN","countyFips":"27085","confidence":"confirmed","sourceDate":null,"attributes":{"agencyType":"Police","address":"10 FRANKLIN STREET SOUTHWEST","city":"HUTCHINSON","subStation":null,"jurisdictionId":null,"jurisdictionName":null}}},{"type":"Feature","geometry":{"type":"Point","coordinates":[-95.0142516995695,45.145795699791]},"properties":{"id":"agency-building-willmar-police-2201-23rd-street-northeast-kandiyohi-county-law-enforcement-center","layer":"agency_building","name":"WILLMAR POLICE","county":"Kandiyohi County","state":"MN","countyFips":"27067","confidence":"confirmed","sourceDate":null,"attributes":{"agencyType":"Police","address":"2201 23RD STREET NORTHEAST, KANDIYOHI COUNTY LAW ENFORCEMENT CENTER","city":"WILLMAR","subStation":null,"jurisdictionId":null,"jurisdictionName":null}}},{"type":"Feature","geometry":{"type":"Point","coordinates":[-93.6548799029358,47.7440375019148]},"properties":{"id":"agency-building-bigfork-police-200-main-avenue","layer":"agency_building","name":"BIGFORK POLICE","county":"Itasca County","state":"MN","countyFips":"27061","confidence":"confirmed","sourceDate":null,"attributes":{"agencyType":"Police","address":"200 MAIN AVENUE","city":"BIGFORK","subStation":null,"jurisdictionId":null,"jurisdictionName":null}}},{"type":"Feature","geometry":{"type":"Point","coordinates":[-93.578068399945,44.5445714002513]},"properties":{"id":"agency-building-new-prague-police-118-central-avenue-north","layer":"agency_building","name":"New Prague Police","county":"Scott County","state":"MN","countyFips":"27139","confidence":"confirmed","sourceDate":null,"attributes":{"agencyType":"Police","address":"118 CENTRAL AVENUE NORTH","city":"NEW PRAGUE","subStation":null,"jurisdictionId":"agency-jurisdiction-new-prague-police","jurisdictionName":"New Prague Police"}}},{"type":"Feature","geometry":{"type":"Point","coordinates":[-96.4444495999143,45.3046203002532]},"properties":{"id":"agency-building-big-stone-county-sheriff-20-2nd-street-southeast","layer":"agency_building","name":"BIG STONE COUNTY SHERIFF","county":"Big Stone County","state":"MN","countyFips":"27011","confidence":"confirmed","sourceDate":null,"attributes":{"agencyType":"Sheriff","address":"20 2ND STREET SOUTHEAST","city":"ORTONVILLE","subStation":null,"jurisdictionId":null,"jurisdictionName":null}}},{"type":"Feature","geometry":{"type":"Point","coordinates":[-93.747084847702,45.3333790138901]},"properties":{"id":"agency-building-big-lake-police-121-lake-street-north","layer":"agency_building","name":"Big Lake Police","county":"Sherburne County","state":"MN","countyFips":"27141","confidence":"confirmed","sourceDate":null,"attributes":{"agencyType":"Police","address":"121 LAKE STREET NORTH","city":"BIG LAKE","subStation":null,"jurisdictionId":"agency-jurisdiction-big-lake-police","jurisdictionName":"Big Lake Police"}}},{"type":"Feature","geometry":{"type":"Point","coordinates":[-94.7147309142838,44.7427948353009]},"properties":{"id":"agency-building-hector-police-110-cedar-avenue-east","layer":"agency_building","name":"HECTOR POLICE","county":"Renville County","state":"MN","countyFips":"27129","confidence":"confirmed","sourceDate":null,"attributes":{"agencyType":"Police","address":"110 CEDAR AVENUE EAST","city":"HECTOR","subStation":null,"jurisdictionId":null,"jurisdictionName":null}}},{"type":"Feature","geometry":{"type":"Point","coordinates":[-94.2884488996802,46.5224148998641]},"properties":{"id":"agency-building-nisswa-police-5442-city-hall-street","layer":"agency_building","name":"NISSWA POLICE","county":"Crow Wing County","state":"MN","countyFips":"27035","confidence":"confirmed","sourceDate":null,"attributes":{"agencyType":"Police","address":"5442 CITY HALL STREET","city":"NISSWA","subStation":null,"jurisdictionId":null,"jurisdictionName":null}}},{"type":"Feature","geometry":{"type":"Point","coordinates":[-93.5927817002694,44.786995699781]},"properties":{"id":"agency-building-carver-county-sheriff-606-east-4th-street","layer":"agency_building","name":"Carver County Sheriff","county":"Carver County","state":"MN","countyFips":"27019","confidence":"confirmed","sourceDate":null,"attributes":{"agencyType":"Sheriff","address":"606 EAST 4TH STREET","city":"CHASKA","subStation":null,"jurisdictionId":"agency-jurisdiction-carver-county-sheriff","jurisdictionName":"Carver County Sheriff"}}},{"type":"Feature","geometry":{"type":"Point","coordinates":[-94.9763816000033,44.2392254001321]},"properties":{"id":"agency-building-springfield-police-16-north-marshall-avenue","layer":"agency_building","name":"SPRINGFIELD POLICE","county":"Brown County","state":"MN","countyFips":"27015","confidence":"confirmed","sourceDate":null,"attributes":{"agencyType":"Police","address":"16 NORTH MARSHALL AVENUE","city":"SPRINGFIELD","subStation":null,"jurisdictionId":null,"jurisdictionName":null}}},{"type":"Feature","geometry":{"type":"Point","coordinates":[-92.3616348999798,46.7219754997547]},"properties":{"id":"agency-building-thomson-township-esko-police-25-east-harney-road","layer":"agency_building","name":"THOMSON TOWNSHIP-ESKO POLICE","county":"Carlton County","state":"MN","countyFips":"27017","confidence":"confirmed","sourceDate":null,"attributes":{"agencyType":"Police","address":"25 EAST HARNEY ROAD","city":"ESKO","subStation":null,"jurisdictionId":null,"jurisdictionName":null}}},{"type":"Feature","geometry":{"type":"Point","coordinates":[-94.3585206000124,46.4947241001594]},"properties":{"id":"agency-building-lake-shore-police-8583-interlachen-road","layer":"agency_building","name":"LAKE SHORE POLICE","county":"Cass County","state":"MN","countyFips":"27021","confidence":"confirmed","sourceDate":null,"attributes":{"agencyType":"Police","address":"8583 INTERLACHEN ROAD","city":"LAKE SHORE","subStation":null,"jurisdictionId":null,"jurisdictionName":null}}},{"type":"Feature","geometry":{"type":"Point","coordinates":[-94.9848627589923,44.551552143287]},"properties":{"id":"agency-building-morton-police-221-west-2nd-street","layer":"agency_building","name":"MORTON POLICE","county":"Renville County","state":"MN","countyFips":"27129","confidence":"confirmed","sourceDate":null,"attributes":{"agencyType":"Police","address":"221 WEST 2ND STREET","city":"MORTON","subStation":null,"jurisdictionId":null,"jurisdictionName":null}}},{"type":"Feature","geometry":{"type":"Point","coordinates":[-93.303098123115,45.1730271392518]},"properties":{"id":"agency-building-coon-rapids-police-11155-robinson-drive","layer":"agency_building","name":"Coon Rapids Police","county":"Anoka County","state":"MN","countyFips":"27003","confidence":"confirmed","sourceDate":null,"attributes":{"agencyType":"Police","address":"11155 ROBINSON DRIVE","city":"COON RAPIDS","subStation":null,"jurisdictionId":"agency-jurisdiction-coon-rapids-police","jurisdictionName":"Coon Rapids Police"}}},{"type":"Feature","geometry":{"type":"Point","coordinates":[-96.9401534996247,48.7720511988554]},"properties":{"id":"agency-building-kittson-county-sheriff-410-south-5th-street","layer":"agency_building","name":"KITTSON COUNTY SHERIFF","county":"Kittson County","state":"MN","countyFips":"27069","confidence":"confirmed","sourceDate":null,"attributes":{"agencyType":"Sheriff","address":"410 SOUTH 5TH STREET","city":"HALLOCK","subStation":null,"jurisdictionId":null,"jurisdictionName":null}}},{"type":"Feature","geometry":{"type":"Point","coordinates":[-93.6011473996933,45.3039248998774]},"properties":{"id":"agency-building-elk-river-police-13077-orono-parkway","layer":"agency_building","name":"Elk River Police","county":"Sherburne County","state":"MN","countyFips":"27141","confidence":"confirmed","sourceDate":null,"attributes":{"agencyType":"Police","address":"13077 ORONO PARKWAY","city":"ELK RIVER","subStation":null,"jurisdictionId":"agency-jurisdiction-elk-river-police","jurisdictionName":"Elk River Police"}}},{"type":"Feature","geometry":{"type":"Point","coordinates":[-93.8640180667389,45.2075757428825]},"properties":{"id":"agency-building-wright-county-sheriff-3800-braddock-avenue-northeast","layer":"agency_building","name":"WRIGHT COUNTY SHERIFF","county":"Wright County","state":"MN","countyFips":"27171","confidence":"confirmed","sourceDate":null,"attributes":{"agencyType":"Sheriff","address":"3800 BRADDOCK AVENUE NORTHEAST","city":"BUFFALO","subStation":null,"jurisdictionId":null,"jurisdictionName":null}}},{"type":"Feature","geometry":{"type":"Point","coordinates":[-93.7085945000597,44.1158375002853]},"properties":{"id":"agency-building-janesville-police-101-north-mott-street","layer":"agency_building","name":"JANESVILLE POLICE","county":"Waseca County","state":"MN","countyFips":"27161","confidence":"confirmed","sourceDate":null,"attributes":{"agencyType":"Police","address":"101 NORTH MOTT STREET","city":"JANESVILLE","subStation":null,"jurisdictionId":null,"jurisdictionName":null}}},{"type":"Feature","geometry":{"type":"Point","coordinates":[-94.2338290001759,45.5543292998832]},"properties":{"id":"agency-building-waite-park-police-19-13th-avenue-north","layer":"agency_building","name":"WAITE PARK POLICE","county":"Stearns County","state":"MN","countyFips":"27145","confidence":"confirmed","sourceDate":null,"attributes":{"agencyType":"Police","address":"19 13TH AVENUE NORTH","city":"WAITE PARK","subStation":null,"jurisdictionId":null,"jurisdictionName":null}}},{"type":"Feature","geometry":{"type":"Point","coordinates":[-95.2651894580962,44.231325407803]},"properties":{"id":"agency-building-lamberton-police-110-2nd-avenue-west","layer":"agency_building","name":"LAMBERTON POLICE","county":"Redwood County","state":"MN","countyFips":"27127","confidence":"confirmed","sourceDate":null,"attributes":{"agencyType":"Police","address":"110 2ND AVENUE WEST","city":"LAMBERTON","subStation":null,"jurisdictionId":null,"jurisdictionName":null}}},{"type":"Feature","geometry":{"type":"Point","coordinates":[-95.6015451001601,45.3172023000943]},"properties":{"id":"agency-building-swift-county-sheriff-301-14th-street-north","layer":"agency_building","name":"SWIFT COUNTY SHERIFF","county":"Swift County","state":"MN","countyFips":"27151","confidence":"confirmed","sourceDate":null,"attributes":{"agencyType":"Sheriff","address":"301 14TH STREET NORTH","city":"BENSON","subStation":null,"jurisdictionId":null,"jurisdictionName":null}}},{"type":"Feature","geometry":{"type":"Point","coordinates":[-94.2929568002862,45.830279000277]},"properties":{"id":"agency-building-royalton-police-12-north-birch-street","layer":"agency_building","name":"ROYALTON POLICE","county":"Morrison County","state":"MN","countyFips":"27097","confidence":"confirmed","sourceDate":null,"attributes":{"agencyType":"Police","address":"12 NORTH BIRCH STREET","city":"ROYALTON","subStation":null,"jurisdictionId":null,"jurisdictionName":null}}},{"type":"Feature","geometry":{"type":"Point","coordinates":[-93.4250333997074,47.288482499848]},"properties":{"id":"agency-building-coleraine-police-302-roosevelt-street","layer":"agency_building","name":"COLERAINE POLICE","county":"Itasca County","state":"MN","countyFips":"27061","confidence":"confirmed","sourceDate":null,"attributes":{"agencyType":"Police","address":"302 ROOSEVELT STREET","city":"COLERAINE","subStation":null,"jurisdictionId":null,"jurisdictionName":null}}},{"type":"Feature","geometry":{"type":"Point","coordinates":[-93.5835849002058,45.5708333999633]},"properties":{"id":"agency-building-princeton-police-705-2nd-street-north","layer":"agency_building","name":"PRINCETON POLICE","county":"Mille Lacs County","state":"MN","countyFips":"27095","confidence":"confirmed","sourceDate":null,"attributes":{"agencyType":"Police","address":"705 2ND STREET NORTH","city":"PRINCETON","subStation":null,"jurisdictionId":null,"jurisdictionName":null}}},{"type":"Feature","geometry":{"type":"Point","coordinates":[-92.7544703997506,44.0682773999889]},"properties":{"id":"agency-building-dodge-county-sheriff-22-east-6th-street-department-201","layer":"agency_building","name":"DODGE COUNTY SHERIFF","county":"Dodge County","state":"MN","countyFips":"27039","confidence":"confirmed","sourceDate":null,"attributes":{"agencyType":"Sheriff","address":"22 EAST 6TH STREET, DEPARTMENT 201","city":"MANTORVILLE","subStation":null,"jurisdictionId":null,"jurisdictionName":null}}},{"type":"Feature","geometry":{"type":"Point","coordinates":[-95.3740262998178,46.52004260021]},"properties":{"id":"agency-building-new-york-mills-police-118-north-main-avenue","layer":"agency_building","name":"NEW YORK MILLS POLICE","county":"Otter Tail County","state":"MN","countyFips":"27111","confidence":"confirmed","sourceDate":null,"attributes":{"agencyType":"Police","address":"118 NORTH MAIN AVENUE","city":"NEW YORK MILLS","subStation":null,"jurisdictionId":null,"jurisdictionName":null}}},{"type":"Feature","geometry":{"type":"Point","coordinates":[-93.2578651601889,45.0396931270145]},"properties":{"id":"agency-building-columbia-heights-police-559-mill-street-northeast","layer":"agency_building","name":"Columbia Heights Police","county":"Anoka County","state":"MN","countyFips":"27003","confidence":"confirmed","sourceDate":null,"attributes":{"agencyType":"Police","address":"559 MILL STREET NORTHEAST","city":"COLUMBIA HEIGHTS","subStation":null,"jurisdictionId":"agency-jurisdiction-columbia-heights-police","jurisdictionName":"Columbia Heights Police"}}},{"type":"Feature","geometry":{"type":"Point","coordinates":[-94.5260869998143,44.5324014002284]},"properties":{"id":"agency-building-gibbon-police-985-1st-avenue","layer":"agency_building","name":"GIBBON POLICE","county":"Sibley County","state":"MN","countyFips":"27143","confidence":"confirmed","sourceDate":null,"attributes":{"agencyType":"Police","address":"985 1ST AVENUE","city":"GIBBON","subStation":null,"jurisdictionId":null,"jurisdictionName":null}}},{"type":"Feature","geometry":{"type":"Point","coordinates":[-94.9898555396459,43.6218511459892]},"properties":{"id":"agency-building-jackson-county-sheriff-400-sherman-street","layer":"agency_building","name":"JACKSON COUNTY SHERIFF","county":"Jackson County","state":"MN","countyFips":"27063","confidence":"confirmed","sourceDate":null,"attributes":{"agencyType":"Sheriff","address":"400 SHERMAN STREET","city":"JACKSON","subStation":null,"jurisdictionId":null,"jurisdictionName":null}}},{"type":"Feature","geometry":{"type":"Point","coordinates":[-94.1509674003405,44.7693596002683]},"properties":{"id":"agency-building-mcleod-county-sheriff-801-east-10th-street","layer":"agency_building","name":"MCLEOD COUNTY SHERIFF","county":"McLeod County","state":"MN","countyFips":"27085","confidence":"confirmed","sourceDate":null,"attributes":{"agencyType":"Sheriff","address":"801 EAST 10TH STREET","city":"GLENCOE","subStation":null,"jurisdictionId":null,"jurisdictionName":null}}},{"type":"Feature","geometry":{"type":"Point","coordinates":[-93.8152636001012,44.2037296999996]},"properties":{"id":"agency-building-madison-lake-police-525-main-street","layer":"agency_building","name":"MADISON LAKE POLICE","county":"Blue Earth County","state":"MN","countyFips":"27013","confidence":"confirmed","sourceDate":null,"attributes":{"agencyType":"Police","address":"525 MAIN STREET","city":"MADISON LAKE","subStation":null,"jurisdictionId":null,"jurisdictionName":null}}},{"type":"Feature","geometry":{"type":"Point","coordinates":[-94.0702234997355,44.0040756996816]},"properties":{"id":"agency-building-good-thunder-police-130-ewing-street","layer":"agency_building","name":"GOOD THUNDER POLICE","county":"Blue Earth County","state":"MN","countyFips":"27013","confidence":"confirmed","sourceDate":null,"attributes":{"agencyType":"Police","address":"130 EWING STREET","city":"GOOD THUNDER","subStation":null,"jurisdictionId":null,"jurisdictionName":null}}},{"type":"Feature","geometry":{"type":"Point","coordinates":[-93.6021579001834,44.7874490000407]},"properties":{"id":"agency-building-chaska-police-2-city-hall-plaza","layer":"agency_building","name":"Chaska Police","county":"Carver County","state":"MN","countyFips":"27019","confidence":"confirmed","sourceDate":null,"attributes":{"agencyType":"Police","address":"2 CITY HALL PLAZA","city":"CHASKA","subStation":null,"jurisdictionId":"agency-jurisdiction-chaska-police","jurisdictionName":"Chaska Police"}}},{"type":"Feature","geometry":{"type":"Point","coordinates":[-95.3496704994034,44.7861687002178]},"properties":{"id":"agency-building-sacred-heart-police-309-1st-avenue","layer":"agency_building","name":"SACRED HEART POLICE","county":"Renville County","state":"MN","countyFips":"27129","confidence":"confirmed","sourceDate":null,"attributes":{"agencyType":"Police","address":"309 1ST AVENUE","city":"SACRED HEART","subStation":null,"jurisdictionId":null,"jurisdictionName":null}}},{"type":"Feature","geometry":{"type":"Point","coordinates":[-94.61646199999,44.7382434002588]},"properties":{"id":"agency-building-buffalo-lake-police-315-north-main-street","layer":"agency_building","name":"BUFFALO LAKE POLICE","county":"Renville County","state":"MN","countyFips":"27129","confidence":"confirmed","sourceDate":null,"attributes":{"agencyType":"Police","address":"315 NORTH MAIN STREET","city":"BUFFALO LAKE","subStation":null,"jurisdictionId":null,"jurisdictionName":null}}},{"type":"Feature","geometry":{"type":"Point","coordinates":[-92.9854150179553,45.2663267497361]},"properties":{"id":"agency-building-forest-lake-police-1408-lake-street-south","layer":"agency_building","name":"Forest Lake Police","county":"Washington County","state":"MN","countyFips":"27163","confidence":"confirmed","sourceDate":null,"attributes":{"agencyType":"Police","address":"1408 LAKE STREET SOUTH","city":"FOREST LAKE","subStation":null,"jurisdictionId":"agency-jurisdiction-forest-lake-police","jurisdictionName":"Forest Lake Police"}}},{"type":"Feature","geometry":{"type":"Point","coordinates":[-95.3991693999169,47.5242781999946]},"properties":{"id":"agency-building-clearwater-county-sheriff-213-main-avenue-north","layer":"agency_building","name":"CLEARWATER COUNTY SHERIFF","county":"Clearwater County","state":"MN","countyFips":"27029","confidence":"confirmed","sourceDate":null,"attributes":{"agencyType":"Sheriff","address":"213 MAIN AVENUE NORTH","city":"BAGLEY","subStation":null,"jurisdictionId":null,"jurisdictionName":null}}},{"type":"Feature","geometry":{"type":"Point","coordinates":[-94.5464982322391,47.7308531929725]},"properties":{"id":"agency-building-blackduck-police-88-1st-street-southeast","layer":"agency_building","name":"BLACKDUCK POLICE","county":"Beltrami County","state":"MN","countyFips":"27007","confidence":"confirmed","sourceDate":null,"attributes":{"agencyType":"Police","address":"88 1ST STREET SOUTHEAST","city":"BLACKDUCK","subStation":null,"jurisdictionId":null,"jurisdictionName":null}}},{"type":"Feature","geometry":{"type":"Point","coordinates":[-93.4696592766728,46.1371207878701]},"properties":{"id":"agency-building-isle-police-285-2nd-avenue-south","layer":"agency_building","name":"ISLE POLICE","county":"Mille Lacs County","state":"MN","countyFips":"27095","confidence":"confirmed","sourceDate":null,"attributes":{"agencyType":"Police","address":"285 2ND AVENUE SOUTH","city":"ISLE","subStation":null,"jurisdictionId":null,"jurisdictionName":null}}},{"type":"Feature","geometry":{"type":"Point","coordinates":[-96.0215802006335,45.2002791999819]},"properties":{"id":"agency-building-appleton-police-323-west-schlieman-avenue","layer":"agency_building","name":"APPLETON POLICE","county":"Swift County","state":"MN","countyFips":"27151","confidence":"confirmed","sourceDate":null,"attributes":{"agencyType":"Police","address":"323 WEST SCHLIEMAN AVENUE","city":"APPLETON","subStation":null,"jurisdictionId":null,"jurisdictionName":null}}},{"type":"Feature","geometry":{"type":"Point","coordinates":[-93.9090632000238,44.5284042011448]},"properties":{"id":"agency-building-henderson-police-600-main-street","layer":"agency_building","name":"HENDERSON POLICE","county":"Sibley County","state":"MN","countyFips":"27143","confidence":"confirmed","sourceDate":null,"attributes":{"agencyType":"Police","address":"600 MAIN STREET","city":"HENDERSON","subStation":null,"jurisdictionId":null,"jurisdictionName":null}}},{"type":"Feature","geometry":{"type":"Point","coordinates":[-94.8609388001088,45.9724343988496]},"properties":{"id":"agency-building-todd-county-sheriff-115-3rd-street-south","layer":"agency_building","name":"TODD COUNTY SHERIFF","county":"Todd County","state":"MN","countyFips":"27153","confidence":"confirmed","sourceDate":null,"attributes":{"agencyType":"Sheriff","address":"115 3RD STREET SOUTH","city":"LONG PRAIRIE","subStation":null,"jurisdictionId":null,"jurisdictionName":null}}},{"type":"Feature","geometry":{"type":"Point","coordinates":[-94.6256545088014,43.9812923767084]},"properties":{"id":"agency-building-saint-james-police-715-3rd-avenue-south","layer":"agency_building","name":"SAINT JAMES POLICE","county":"Watonwan County","state":"MN","countyFips":"27165","confidence":"confirmed","sourceDate":null,"attributes":{"agencyType":"Police","address":"715 3RD AVENUE SOUTH","city":"SAINT JAMES","subStation":null,"jurisdictionId":null,"jurisdictionName":null}}},{"type":"Feature","geometry":{"type":"Point","coordinates":[-94.0809158402369,44.6069723696901]},"properties":{"id":"agency-building-arlington-police-322-west-main-street","layer":"agency_building","name":"ARLINGTON POLICE","county":"Sibley County","state":"MN","countyFips":"27143","confidence":"confirmed","sourceDate":null,"attributes":{"agencyType":"Police","address":"322 WEST MAIN STREET","city":"ARLINGTON","subStation":null,"jurisdictionId":null,"jurisdictionName":null}}},{"type":"Feature","geometry":{"type":"Point","coordinates":[-93.6689356220991,46.0704339369387]},"properties":{"id":"agency-building-onamia-police-621-main-street","layer":"agency_building","name":"ONAMIA POLICE","county":"Mille Lacs County","state":"MN","countyFips":"27095","confidence":"confirmed","sourceDate":null,"attributes":{"agencyType":"Police","address":"621 MAIN STREET","city":"ONAMIA","subStation":null,"jurisdictionId":null,"jurisdictionName":null}}},{"type":"Feature","geometry":{"type":"Point","coordinates":[-93.9141664006938,44.4635968996967]},"properties":{"id":"agency-building-le-sueur-police-228-north-main-street","layer":"agency_building","name":"LE SUEUR POLICE","county":"Le Sueur County","state":"MN","countyFips":"27079","confidence":"confirmed","sourceDate":null,"attributes":{"agencyType":"Police","address":"228 NORTH MAIN STREET","city":"LE SUEUR","subStation":null,"jurisdictionId":null,"jurisdictionName":null}}},{"type":"Feature","geometry":{"type":"Point","coordinates":[-94.1043539999105,45.9787630998797]},"properties":{"id":"agency-building-pierz-police-101-main-street","layer":"agency_building","name":"PIERZ POLICE","county":"Morrison County","state":"MN","countyFips":"27097","confidence":"confirmed","sourceDate":null,"attributes":{"agencyType":"Police","address":"101 MAIN STREET","city":"PIERZ","subStation":null,"jurisdictionId":null,"jurisdictionName":null}}},{"type":"Feature","geometry":{"type":"Point","coordinates":[-93.4107046025791,48.6012687297812]},"properties":{"id":"agency-building-international-falls-police-715-4th-street-law-enforcement-center","layer":"agency_building","name":"INTERNATIONAL FALLS POLICE","county":"Koochiching County","state":"MN","countyFips":"27071","confidence":"confirmed","sourceDate":null,"attributes":{"agencyType":"Police","address":"715 4TH STREET, LAW ENFORCEMENT CENTER","city":"INTERNATIONAL FALLS","subStation":null,"jurisdictionId":null,"jurisdictionName":null}}},{"type":"Feature","geometry":{"type":"Point","coordinates":[-93.3483563691247,44.5736750239256]},"properties":{"id":"agency-building-elko-new-market-police-601-main-street","layer":"agency_building","name":"Elko New Market Police","county":"Scott County","state":"MN","countyFips":"27139","confidence":"confirmed","sourceDate":null,"attributes":{"agencyType":"Police","address":"601 MAIN STREET","city":"ELKO NEW MARKET","subStation":null,"jurisdictionId":"agency-jurisdiction-elko-new-market-police","jurisdictionName":"Elko New Market Police"}}},{"type":"Feature","geometry":{"type":"Point","coordinates":[-93.9530807998627,46.4802583002916]},"properties":{"id":"agency-building-crosby-police-2-2nd-street-southwest","layer":"agency_building","name":"CROSBY POLICE","county":"Crow Wing County","state":"MN","countyFips":"27035","confidence":"confirmed","sourceDate":null,"attributes":{"agencyType":"Police","address":"2 2ND STREET SOUTHWEST","city":"CROSBY","subStation":null,"jurisdictionId":null,"jurisdictionName":null}}},{"type":"Feature","geometry":{"type":"Point","coordinates":[-96.1341665995713,44.2788062002947]},"properties":{"id":"agency-building-tyler-police-230-north-tyler-street","layer":"agency_building","name":"TYLER POLICE","county":"Lincoln County","state":"MN","countyFips":"27081","confidence":"confirmed","sourceDate":null,"attributes":{"agencyType":"Police","address":"230 NORTH TYLER STREET","city":"TYLER","subStation":null,"jurisdictionId":null,"jurisdictionName":null}}},{"type":"Feature","geometry":{"type":"Point","coordinates":[-94.8829766470529,47.473814901889]},"properties":{"id":"agency-building-beltrami-county-law-enforcement-center-bemidji-police-613-minnesota-avenue-northwest","layer":"agency_building","name":"BELTRAMI COUNTY LAW ENFORCEMENT CENTER - BEMIDJI POLICE","county":"Beltrami County","state":"MN","countyFips":"27007","confidence":"confirmed","sourceDate":null,"attributes":{"agencyType":"Police","address":"613 MINNESOTA AVENUE NORTHWEST","city":"BEMIDJI","subStation":null,"jurisdictionId":null,"jurisdictionName":null}}},{"type":"Feature","geometry":{"type":"Point","coordinates":[-93.3878361005597,45.2017314002966]},"properties":{"id":"agency-building-anoka-police-275-harrison-street","layer":"agency_building","name":"Anoka Police","county":"Anoka County","state":"MN","countyFips":"27003","confidence":"confirmed","sourceDate":null,"attributes":{"agencyType":"Police","address":"275 HARRISON STREET","city":"ANOKA","subStation":null,"jurisdictionId":"agency-jurisdiction-anoka-police","jurisdictionName":"Anoka Police"}}},{"type":"Feature","geometry":{"type":"Point","coordinates":[-92.4238678768883,46.6650038859659]},"properties":{"id":"agency-building-carlton-county-sheriff-317-walnut-avenue","layer":"agency_building","name":"CARLTON COUNTY SHERIFF","county":"Carlton County","state":"MN","countyFips":"27017","confidence":"confirmed","sourceDate":null,"attributes":{"agencyType":"Sheriff","address":"317 WALNUT AVENUE","city":"CARLTON","subStation":null,"jurisdictionId":null,"jurisdictionName":null}}},{"type":"Feature","geometry":{"type":"Point","coordinates":[-94.3593765534427,45.9756735350309]},"properties":{"id":"agency-building-morrison-county-jail-morrison-county-sheriff-213-1st-avenue-southeast","layer":"agency_building","name":"MORRISON COUNTY JAIL / MORRISON COUNTY SHERIFF","county":"Morrison County","state":"MN","countyFips":"27097","confidence":"confirmed","sourceDate":null,"attributes":{"agencyType":"Sheriff","address":"213 1ST AVENUE SOUTHEAST","city":"LITTLE FALLS","subStation":null,"jurisdictionId":null,"jurisdictionName":null}}},{"type":"Feature","geometry":{"type":"Point","coordinates":[-94.8103138003011,45.6761757998851]},"properties":{"id":"agency-building-melrose-police-225-east-first-street-north","layer":"agency_building","name":"MELROSE POLICE","county":"Stearns County","state":"MN","countyFips":"27145","confidence":"confirmed","sourceDate":null,"attributes":{"agencyType":"Police","address":"225 EAST FIRST STREET NORTH","city":"MELROSE","subStation":null,"jurisdictionId":null,"jurisdictionName":null}}},{"type":"Feature","geometry":{"type":"Point","coordinates":[-94.3007699998777,45.3126089997133]},"properties":{"id":"agency-building-kimball-police-1-north-main-street","layer":"agency_building","name":"KIMBALL POLICE","county":"Stearns County","state":"MN","countyFips":"27145","confidence":"confirmed","sourceDate":null,"attributes":{"agencyType":"Police","address":"1 NORTH MAIN STREET","city":"KIMBALL","subStation":null,"jurisdictionId":null,"jurisdictionName":null}}},{"type":"Feature","geometry":{"type":"Point","coordinates":[-95.794284300161,45.4983469002163]},"properties":{"id":"agency-building-hancock-police-662-6th-street","layer":"agency_building","name":"HANCOCK POLICE","county":"Stevens County","state":"MN","countyFips":"27149","confidence":"confirmed","sourceDate":null,"attributes":{"agencyType":"Police","address":"662 6TH STREET","city":"HANCOCK","subStation":null,"jurisdictionId":null,"jurisdictionName":null}}},{"type":"Feature","geometry":{"type":"Point","coordinates":[-93.4934221997796,43.895230300212]},"properties":{"id":"agency-building-new-richland-police-203-north-broadway-avenue","layer":"agency_building","name":"NEW RICHLAND POLICE","county":"Waseca County","state":"MN","countyFips":"27161","confidence":"confirmed","sourceDate":null,"attributes":{"agencyType":"Police","address":"203 NORTH BROADWAY AVENUE","city":"NEW RICHLAND","subStation":null,"jurisdictionId":null,"jurisdictionName":null}}},{"type":"Feature","geometry":{"type":"Point","coordinates":[-92.7803298353219,45.0182519069213]},"properties":{"id":"agency-building-bayport-police-294-north-3rd-street","layer":"agency_building","name":"Bayport Police","county":"Washington County","state":"MN","countyFips":"27163","confidence":"confirmed","sourceDate":null,"attributes":{"agencyType":"Police","address":"294 NORTH 3RD STREET","city":"BAYPORT","subStation":null,"jurisdictionId":"agency-jurisdiction-bayport-police","jurisdictionName":"Bayport Police"}}},{"type":"Feature","geometry":{"type":"Point","coordinates":[-92.9653237995706,44.9709664001958]},"properties":{"id":"agency-building-oakdale-police-1584-hadley-avenue-north","layer":"agency_building","name":"Oakdale Police","county":"Washington County","state":"MN","countyFips":"27163","confidence":"confirmed","sourceDate":null,"attributes":{"agencyType":"Police","address":"1584 HADLEY AVENUE NORTH","city":"OAKDALE","subStation":null,"jurisdictionId":"agency-jurisdiction-oakdale-police","jurisdictionName":"Oakdale Police"}}},{"type":"Feature","geometry":{"type":"Point","coordinates":[-92.989138799811,44.8472233987798]},"properties":{"id":"agency-building-saint-paul-park-police-600-portland-avenue","layer":"agency_building","name":"Saint Paul Park Police","county":"Washington County","state":"MN","countyFips":"27163","confidence":"confirmed","sourceDate":null,"attributes":{"agencyType":"Police","address":"600 PORTLAND AVENUE","city":"SAINT PAUL PARK","subStation":null,"jurisdictionId":"agency-jurisdiction-saint-paul-park-police","jurisdictionName":"Saint Paul Park Police"}}},{"type":"Feature","geometry":{"type":"Point","coordinates":[-92.8110345005664,45.0570064997134]},"properties":{"id":"agency-building-stillwater-police-216-north-4th-street","layer":"agency_building","name":"Stillwater Police","county":"Washington County","state":"MN","countyFips":"27163","confidence":"confirmed","sourceDate":null,"attributes":{"agencyType":"Police","address":"216 NORTH 4TH STREET","city":"STILLWATER","subStation":null,"jurisdictionId":"agency-jurisdiction-stillwater-police","jurisdictionName":"Stillwater Police"}}},{"type":"Feature","geometry":{"type":"Point","coordinates":[-93.8751096005862,45.1754610997816]},"properties":{"id":"agency-building-buffalo-police-215-1st-avenue-northeast","layer":"agency_building","name":"BUFFALO POLICE","county":"Wright County","state":"MN","countyFips":"27171","confidence":"confirmed","sourceDate":null,"attributes":{"agencyType":"Police","address":"215 1ST AVENUE NORTHEAST","city":"BUFFALO","subStation":null,"jurisdictionId":null,"jurisdictionName":null}}},{"type":"Feature","geometry":{"type":"Point","coordinates":[-95.0154387998612,46.3974309998423]},"properties":{"id":"agency-building-verndale-police-101-southwest-brown-street","layer":"agency_building","name":"VERNDALE POLICE","county":"Wadena County","state":"MN","countyFips":"27159","confidence":"confirmed","sourceDate":null,"attributes":{"agencyType":"Police","address":"101 SOUTHWEST BROWN STREET","city":"VERNDALE","subStation":null,"jurisdictionId":null,"jurisdictionName":null}}},{"type":"Feature","geometry":{"type":"Point","coordinates":[-94.9279976003854,44.4158824588782]},"properties":{"id":"agency-building-morgan-police-119-vernon-avenue","layer":"agency_building","name":"MORGAN POLICE","county":"Redwood County","state":"MN","countyFips":"27127","confidence":"confirmed","sourceDate":null,"attributes":{"agencyType":"Police","address":"119 VERNON AVENUE","city":"MORGAN","subStation":null,"jurisdictionId":null,"jurisdictionName":null}}},{"type":"Feature","geometry":{"type":"Point","coordinates":[-93.5102741004362,44.7956511998136]},"properties":{"id":"agency-building-shakopee-police-475-gorman-street","layer":"agency_building","name":"Shakopee Police","county":"Scott County","state":"MN","countyFips":"27139","confidence":"confirmed","sourceDate":null,"attributes":{"agencyType":"Police","address":"475 GORMAN STREET","city":"SHAKOPEE","subStation":null,"jurisdictionId":"agency-jurisdiction-shakopee-police","jurisdictionName":"Shakopee Police"}}},{"type":"Feature","geometry":{"type":"Point","coordinates":[-94.3186377998993,45.5655631996859]},"properties":{"id":"agency-building-saint-joseph-police-25-college-avenue-north","layer":"agency_building","name":"SAINT JOSEPH POLICE","county":"Stearns County","state":"MN","countyFips":"27145","confidence":"confirmed","sourceDate":null,"attributes":{"agencyType":"Police","address":"25 COLLEGE AVENUE NORTH","city":"SAINT JOSEPH","subStation":null,"jurisdictionId":null,"jurisdictionName":null}}},{"type":"Feature","geometry":{"type":"Point","coordinates":[-94.4482649999267,45.6084103002385]},"properties":{"id":"agency-building-avon-police-140-stradford-street-east","layer":"agency_building","name":"AVON POLICE","county":"Stearns County","state":"MN","countyFips":"27145","confidence":"confirmed","sourceDate":null,"attributes":{"agencyType":"Police","address":"140 STRADFORD STREET EAST","city":"AVON","subStation":null,"jurisdictionId":null,"jurisdictionName":null}}},{"type":"Feature","geometry":{"type":"Point","coordinates":[-94.8816908003519,44.5296386998211]},"properties":{"id":"agency-building-franklin-police-320-2nd-avenue-east","layer":"agency_building","name":"FRANKLIN POLICE","county":"Renville County","state":"MN","countyFips":"27129","confidence":"confirmed","sourceDate":null,"attributes":{"agencyType":"Police","address":"320 2ND AVENUE EAST","city":"FRANKLIN","subStation":null,"jurisdictionId":null,"jurisdictionName":null}}},{"type":"Feature","geometry":{"type":"Point","coordinates":[-93.8714828906801,45.3961308778988]},"properties":{"id":"agency-building-becker-police-12060-sherburne-avenue","layer":"agency_building","name":"Becker Police","county":"Sherburne County","state":"MN","countyFips":"27141","confidence":"confirmed","sourceDate":null,"attributes":{"agencyType":"Police","address":"12060 SHERBURNE AVENUE","city":"BECKER","subStation":null,"jurisdictionId":"agency-jurisdiction-becker-police","jurisdictionName":"Becker Police"}}},{"type":"Feature","geometry":{"type":"Point","coordinates":[-93.1842239995837,44.4404740000171]},"properties":{"id":"agency-building-northfield-police-1615-riverview-drive","layer":"agency_building","name":"NORTHFIELD POLICE","county":"Rice County","state":"MN","countyFips":"27131","confidence":"confirmed","sourceDate":null,"attributes":{"agencyType":"Police","address":"1615 RIVERVIEW DRIVE","city":"NORTHFIELD","subStation":null,"jurisdictionId":null,"jurisdictionName":null}}},{"type":"Feature","geometry":{"type":"Point","coordinates":[-92.9347546002709,44.9181561002278]},"properties":{"id":"agency-building-woodbury-police-2100-radio-drive","layer":"agency_building","name":"Woodbury Police","county":"Washington County","state":"MN","countyFips":"27163","confidence":"confirmed","sourceDate":null,"attributes":{"agencyType":"Police","address":"2100 RADIO DRIVE","city":"WOODBURY","subStation":null,"jurisdictionId":"agency-jurisdiction-woodbury-police","jurisdictionName":"Woodbury Police"}}},{"type":"Feature","geometry":{"type":"Point","coordinates":[-91.641096901392,44.0529395079864]},"properties":{"id":"agency-building-winona-county-sheriff-201-west-3rd-street","layer":"agency_building","name":"WINONA COUNTY SHERIFF","county":"Winona County","state":"MN","countyFips":"27169","confidence":"confirmed","sourceDate":null,"attributes":{"agencyType":"Sheriff","address":"201 WEST 3RD STREET","city":"WINONA","subStation":null,"jurisdictionId":null,"jurisdictionName":null}}},{"type":"Feature","geometry":{"type":"Point","coordinates":[-93.2232582888087,44.0869997302154]},"properties":{"id":"agency-building-owatonna-police-204-east-pearl-street","layer":"agency_building","name":"OWATONNA POLICE","county":"Steele County","state":"MN","countyFips":"27147","confidence":"confirmed","sourceDate":null,"attributes":{"agencyType":"Police","address":"204 EAST PEARL STREET","city":"OWATONNA","subStation":null,"jurisdictionId":null,"jurisdictionName":null}}},{"type":"Feature","geometry":{"type":"Point","coordinates":[-96.1821825800784,48.1167879892273]},"properties":{"id":"agency-building-thief-river-falls-police-102-1st-street-west-law-enforcement-center","layer":"agency_building","name":"THIEF RIVER FALLS POLICE","county":"Pennington County","state":"MN","countyFips":"27113","confidence":"confirmed","sourceDate":null,"attributes":{"agencyType":"Police","address":"102 1ST STREET WEST, LAW ENFORCEMENT CENTER","city":"THIEF RIVER FALLS","subStation":null,"jurisdictionId":null,"jurisdictionName":null}}},{"type":"Feature","geometry":{"type":"Point","coordinates":[-95.5894000446054,43.6477725303031]},"properties":{"id":"agency-building-worthington-police-1530-airport-road-number-300","layer":"agency_building","name":"WORTHINGTON POLICE","county":"Nobles County","state":"MN","countyFips":"27105","confidence":"confirmed","sourceDate":null,"attributes":{"agencyType":"Police","address":"1530 AIRPORT ROAD, NUMBER 300","city":"WORTHINGTON","subStation":null,"jurisdictionId":null,"jurisdictionName":null}}},{"type":"Feature","geometry":{"type":"Point","coordinates":[-94.3505299014056,44.7332521002489]},"properties":{"id":"agency-building-brownton-police-528-2nd-street-north","layer":"agency_building","name":"BROWNTON POLICE","county":"McLeod County","state":"MN","countyFips":"27085","confidence":"confirmed","sourceDate":null,"attributes":{"agencyType":"Police","address":"528 2ND STREET NORTH","city":"BROWNTON","subStation":null,"jurisdictionId":null,"jurisdictionName":null}}},{"type":"Feature","geometry":{"type":"Point","coordinates":[-96.0558455981198,44.9296496227096]},"properties":{"id":"agency-building-dawson-police-675-chestnut-street","layer":"agency_building","name":"DAWSON POLICE","county":"Lac qui Parle County","state":"MN","countyFips":"27073","confidence":"confirmed","sourceDate":null,"attributes":{"agencyType":"Police","address":"675 CHESTNUT STREET","city":"DAWSON","subStation":null,"jurisdictionId":null,"jurisdictionName":null}}},{"type":"Feature","geometry":{"type":"Point","coordinates":[-94.0417690001917,44.8854953000178]},"properties":{"id":"agency-building-lester-prairie-police-36-juniper-street-north","layer":"agency_building","name":"LESTER PRAIRIE POLICE","county":"McLeod County","state":"MN","countyFips":"27085","confidence":"confirmed","sourceDate":null,"attributes":{"agencyType":"Police","address":"36 JUNIPER STREET NORTH","city":"LESTER PRAIRIE","subStation":null,"jurisdictionId":null,"jurisdictionName":null}}},{"type":"Feature","geometry":{"type":"Point","coordinates":[-95.6197459002676,44.2337449011473]},"properties":{"id":"agency-building-tracy-police-336-morgan-street","layer":"agency_building","name":"TRACY POLICE","county":"Lyon County","state":"MN","countyFips":"27083","confidence":"confirmed","sourceDate":null,"attributes":{"agencyType":"Police","address":"336 MORGAN STREET","city":"TRACY","subStation":null,"jurisdictionId":null,"jurisdictionName":null}}},{"type":"Feature","geometry":{"type":"Point","coordinates":[-94.7182711999714,43.7623394998958]},"properties":{"id":"agency-building-trimont-police-41-2nd-avenue-northwest","layer":"agency_building","name":"TRIMONT POLICE","county":"Martin County","state":"MN","countyFips":"27091","confidence":"confirmed","sourceDate":null,"attributes":{"agencyType":"Police","address":"41 2ND AVENUE NORTHWEST","city":"TRIMONT","subStation":null,"jurisdictionId":null,"jurisdictionName":null}}},{"type":"Feature","geometry":{"type":"Point","coordinates":[-93.7317979003052,44.3909971002615]},"properties":{"id":"agency-building-le-center-police-10-west-tyrone-street","layer":"agency_building","name":"LE CENTER POLICE","county":"Le Sueur County","state":"MN","countyFips":"27079","confidence":"confirmed","sourceDate":null,"attributes":{"agencyType":"Police","address":"10 WEST TYRONE STREET","city":"LE CENTER","subStation":null,"jurisdictionId":null,"jurisdictionName":null}}},{"type":"Feature","geometry":{"type":"Point","coordinates":[-93.8373174002265,44.3247782001853]},"properties":{"id":"agency-building-cleveland-police-205-4th-street","layer":"agency_building","name":"CLEVELAND POLICE","county":"Le Sueur County","state":"MN","countyFips":"27079","confidence":"confirmed","sourceDate":null,"attributes":{"agencyType":"Police","address":"205 4TH STREET","city":"CLEVELAND","subStation":null,"jurisdictionId":null,"jurisdictionName":null}}},{"type":"Feature","geometry":{"type":"Point","coordinates":[-93.5260972001239,47.2364869002397]},"properties":{"id":"agency-building-itasca-county-sheriff-440-1st-avenue-northeast","layer":"agency_building","name":"ITASCA COUNTY SHERIFF","county":"Itasca County","state":"MN","countyFips":"27061","confidence":"confirmed","sourceDate":null,"attributes":{"agencyType":"Sheriff","address":"440 1ST AVENUE NORTHEAST","city":"GRAND RAPIDS","subStation":null,"jurisdictionId":null,"jurisdictionName":null}}},{"type":"Feature","geometry":{"type":"Point","coordinates":[-95.0127866928681,45.145342643149]},"properties":{"id":"agency-building-kandiyohi-county-sheriff-2201-23rd-street-northeast-kandiyohi-county-law-enforcement-center","layer":"agency_building","name":"KANDIYOHI COUNTY SHERIFF","county":"Kandiyohi County","state":"MN","countyFips":"27067","confidence":"confirmed","sourceDate":null,"attributes":{"agencyType":"Sheriff","address":"2201 23RD STREET NORTHEAST, KANDIYOHI COUNTY LAW ENFORCEMENT CENTER","city":"WILLMAR","subStation":null,"jurisdictionId":null,"jurisdictionName":null}}},{"type":"Feature","geometry":{"type":"Point","coordinates":[-95.872295999982,44.2327720997549]},"properties":{"id":"agency-building-balaton-police-341-central-avenue-south","layer":"agency_building","name":"BALATON POLICE","county":"Lyon County","state":"MN","countyFips":"27083","confidence":"confirmed","sourceDate":null,"attributes":{"agencyType":"Police","address":"341 CENTRAL AVENUE SOUTH","city":"BALATON","subStation":null,"jurisdictionId":null,"jurisdictionName":null}}},{"type":"Feature","geometry":{"type":"Point","coordinates":[-93.9101406995627,45.6682912002541]},"properties":{"id":"agency-building-benton-county-sheriff-581-state-highway-23-northeast","layer":"agency_building","name":"BENTON COUNTY SHERIFF","county":"Benton County","state":"MN","countyFips":"27009","confidence":"confirmed","sourceDate":null,"attributes":{"agencyType":"Sheriff","address":"581 STATE HIGHWAY 23 NORTHEAST","city":"FOLEY","subStation":null,"jurisdictionId":null,"jurisdictionName":null}}},{"type":"Feature","geometry":{"type":"Point","coordinates":[-92.8989296996037,44.1518879002011]},"properties":{"id":"agency-building-west-concord-police-180-main-street-east","layer":"agency_building","name":"WEST CONCORD POLICE","county":"Dodge County","state":"MN","countyFips":"27039","confidence":"confirmed","sourceDate":null,"attributes":{"agencyType":"Police","address":"180 MAIN STREET EAST","city":"WEST CONCORD","subStation":null,"jurisdictionId":null,"jurisdictionName":null}}},{"type":"Feature","geometry":{"type":"Point","coordinates":[-96.9442714999563,48.7739211000978]},"properties":{"id":"agency-building-hallock-police-163-south-3rd-street","layer":"agency_building","name":"HALLOCK POLICE","county":"Kittson County","state":"MN","countyFips":"27069","confidence":"confirmed","sourceDate":null,"attributes":{"agencyType":"Police","address":"163 SOUTH 3RD STREET","city":"HALLOCK","subStation":null,"jurisdictionId":null,"jurisdictionName":null}}},{"type":"Feature","geometry":{"type":"Point","coordinates":[-94.8943064913687,44.7652867777858]},"properties":{"id":"agency-building-bird-island-police-735-birch-avenue","layer":"agency_building","name":"BIRD ISLAND POLICE","county":"Renville County","state":"MN","countyFips":"27129","confidence":"confirmed","sourceDate":null,"attributes":{"agencyType":"Police","address":"735 BIRCH AVENUE","city":"BIRD ISLAND","subStation":null,"jurisdictionId":null,"jurisdictionName":null}}},{"type":"Feature","geometry":{"type":"Point","coordinates":[-94.7188286001136,44.5268210002792]},"properties":{"id":"agency-building-fairfax-police-200-southeast-2nd-avenue","layer":"agency_building","name":"FAIRFAX POLICE","county":"Renville County","state":"MN","countyFips":"27129","confidence":"confirmed","sourceDate":null,"attributes":{"agencyType":"Police","address":"200 SOUTHEAST 2ND AVENUE","city":"FAIRFAX","subStation":null,"jurisdictionId":null,"jurisdictionName":null}}},{"type":"Feature","geometry":{"type":"Point","coordinates":[-95.4701088000501,44.2242408998771]},"properties":{"id":"agency-building-walnut-grove-police-311-6th-street","layer":"agency_building","name":"WALNUT GROVE POLICE","county":"Redwood County","state":"MN","countyFips":"27127","confidence":"confirmed","sourceDate":null,"attributes":{"agencyType":"Police","address":"311 6TH STREET","city":"WALNUT GROVE","subStation":null,"jurisdictionId":null,"jurisdictionName":null}}},{"type":"Feature","geometry":{"type":"Point","coordinates":[-95.4458865000666,46.3207152998393]},"properties":{"id":"agency-building-henning-police-607-2nd-street","layer":"agency_building","name":"HENNING POLICE","county":"Otter Tail County","state":"MN","countyFips":"27111","confidence":"confirmed","sourceDate":null,"attributes":{"agencyType":"Police","address":"607 2ND STREET","city":"HENNING","subStation":null,"jurisdictionId":null,"jurisdictionName":null}}},{"type":"Feature","geometry":{"type":"Point","coordinates":[-95.0953399001682,44.7891828998329]},"properties":{"id":"agency-building-danube-police-202-united-states-highway-212","layer":"agency_building","name":"DANUBE POLICE","county":"Renville County","state":"MN","countyFips":"27129","confidence":"confirmed","sourceDate":null,"attributes":{"agencyType":"Police","address":"202 UNITED STATES HIGHWAY 212","city":"DANUBE","subStation":null,"jurisdictionId":null,"jurisdictionName":null}}},{"type":"Feature","geometry":{"type":"Point","coordinates":[-94.4651523651724,43.6533167528664]},"properties":{"id":"agency-building-fairmont-police-201-lake-avenue-suite-199","layer":"agency_building","name":"FAIRMONT POLICE","county":"Martin County","state":"MN","countyFips":"27091","confidence":"confirmed","sourceDate":null,"attributes":{"agencyType":"Police","address":"201 LAKE AVENUE, SUITE 199","city":"FAIRMONT","subStation":null,"jurisdictionId":null,"jurisdictionName":null}}},{"type":"Feature","geometry":{"type":"Point","coordinates":[-94.4649377693292,43.6529626248623]},"properties":{"id":"agency-building-martin-county-sheriff-201-lake-avenue-suite-198","layer":"agency_building","name":"MARTIN COUNTY SHERIFF","county":"Martin County","state":"MN","countyFips":"27091","confidence":"confirmed","sourceDate":null,"attributes":{"agencyType":"Sheriff","address":"201 LAKE AVENUE, SUITE 198","city":"FAIRMONT","subStation":null,"jurisdictionId":null,"jurisdictionName":null}}},{"type":"Feature","geometry":{"type":"Point","coordinates":[-94.9822855014253,44.7761227002887]},"properties":{"id":"agency-building-renville-county-sheriff-410-east-depue-avenue","layer":"agency_building","name":"RENVILLE COUNTY SHERIFF","county":"Renville County","state":"MN","countyFips":"27129","confidence":"confirmed","sourceDate":null,"attributes":{"agencyType":"Sheriff","address":"410 EAST DEPUE AVENUE","city":"OLIVIA","subStation":null,"jurisdictionId":null,"jurisdictionName":null}}},{"type":"Feature","geometry":{"type":"Point","coordinates":[-93.295174634661,45.8771125438471]},"properties":{"id":"agency-building-mora-police-16-n-lakes-st","layer":"agency_building","name":"MORA POLICE","county":"Kanabec County","state":"MN","countyFips":"27065","confidence":"confirmed","sourceDate":null,"attributes":{"agencyType":"Police","address":"16 N. LAKES ST.","city":"MORA","subStation":null,"jurisdictionId":null,"jurisdictionName":null}}},{"type":"Feature","geometry":{"type":"Point","coordinates":[-93.2944660004458,45.8771975997249]},"properties":{"id":"agency-building-kanabec-county-sheriff-18-north-vine-street","layer":"agency_building","name":"KANABEC COUNTY SHERIFF","county":"Kanabec County","state":"MN","countyFips":"27065","confidence":"confirmed","sourceDate":null,"attributes":{"agencyType":"Sheriff","address":"18 NORTH VINE STREET","city":"MORA","subStation":null,"jurisdictionId":null,"jurisdictionName":null}}},{"type":"Feature","geometry":{"type":"Point","coordinates":[-93.077130800405,47.3986410000675]},"properties":{"id":"agency-building-keewatin-police-127-3rd-avenue-west","layer":"agency_building","name":"KEEWATIN POLICE","county":"Itasca County","state":"MN","countyFips":"27061","confidence":"confirmed","sourceDate":null,"attributes":{"agencyType":"Police","address":"127 3RD AVENUE WEST","city":"KEEWATIN","subStation":null,"jurisdictionId":null,"jurisdictionName":null}}},{"type":"Feature","geometry":{"type":"Point","coordinates":[-93.5083837998384,44.0797754000543]},"properties":{"id":"agency-building-waseca-county-sheriff-122-3rd-avenue-northwest","layer":"agency_building","name":"WASECA COUNTY SHERIFF","county":"Waseca County","state":"MN","countyFips":"27161","confidence":"confirmed","sourceDate":null,"attributes":{"agencyType":"Sheriff","address":"122 3RD AVENUE NORTHWEST","city":"WASECA","subStation":null,"jurisdictionId":null,"jurisdictionName":null}}},{"type":"Feature","geometry":{"type":"Point","coordinates":[-93.5268481000733,44.7958707000727]},"properties":{"id":"agency-building-scott-county-sheriff-301-fuller-street-scott-county-law-enforcement-center","layer":"agency_building","name":"Scott County Sheriff","county":"Scott County","state":"MN","countyFips":"27139","confidence":"confirmed","sourceDate":null,"attributes":{"agencyType":"Sheriff","address":"301 FULLER STREET, SCOTT COUNTY LAW ENFORCEMENT CENTER","city":"SHAKOPEE","subStation":null,"jurisdictionId":"agency-jurisdiction-scott-county-sheriff","jurisdictionName":"Scott County Sheriff"}}},{"type":"Feature","geometry":{"type":"Point","coordinates":[-94.7959059002239,46.3559079002401]},"properties":{"id":"agency-building-staples-police-301-2nd-avenue-northeast","layer":"agency_building","name":"STAPLES POLICE","county":"Todd County","state":"MN","countyFips":"27153","confidence":"confirmed","sourceDate":null,"attributes":{"agencyType":"Police","address":"301 2ND AVENUE NORTHEAST","city":"STAPLES","subStation":null,"jurisdictionId":null,"jurisdictionName":null}}},{"type":"Feature","geometry":{"type":"Point","coordinates":[-94.7134234002181,45.3810409000054]},"properties":{"id":"agency-building-paynesville-police-221-washburne-avenue","layer":"agency_building","name":"PAYNESVILLE POLICE","county":"Stearns County","state":"MN","countyFips":"27145","confidence":"confirmed","sourceDate":null,"attributes":{"agencyType":"Police","address":"221 WASHBURNE AVENUE","city":"PAYNESVILLE","subStation":null,"jurisdictionId":null,"jurisdictionName":null}}},{"type":"Feature","geometry":{"type":"Point","coordinates":[-93.3546860998393,44.7652223999678]},"properties":{"id":"agency-building-savage-police-6000-mccoll-drive","layer":"agency_building","name":"Savage Police","county":"Scott County","state":"MN","countyFips":"27139","confidence":"confirmed","sourceDate":null,"attributes":{"agencyType":"Police","address":"6000 MCCOLL DRIVE","city":"SAVAGE","subStation":null,"jurisdictionId":"agency-jurisdiction-savage-police","jurisdictionName":"Savage Police"}}},{"type":"Feature","geometry":{"type":"Point","coordinates":[-95.2124222072029,44.7921323309378]},"properties":{"id":"agency-building-renville-police-107-dupont-avenue-northeast","layer":"agency_building","name":"RENVILLE POLICE","county":"Renville County","state":"MN","countyFips":"27129","confidence":"confirmed","sourceDate":null,"attributes":{"agencyType":"Police","address":"107 DUPONT AVENUE NORTHEAST","city":"RENVILLE","subStation":null,"jurisdictionId":null,"jurisdictionName":null}}},{"type":"Feature","geometry":{"type":"Point","coordinates":[-94.7822313991176,45.1380667077208]},"properties":{"id":"agency-building-atwater-police-123-north-4th-street","layer":"agency_building","name":"ATWATER POLICE","county":"Kandiyohi County","state":"MN","countyFips":"27067","confidence":"confirmed","sourceDate":null,"attributes":{"agencyType":"Police","address":"123 NORTH 4TH STREET","city":"ATWATER","subStation":null,"jurisdictionId":null,"jurisdictionName":null}}},{"type":"Feature","geometry":{"type":"Point","coordinates":[-93.5706136272535,44.2169958397452]},"properties":{"id":"agency-building-waterville-police-114-hoosac-street","layer":"agency_building","name":"WATERVILLE POLICE","county":"Le Sueur County","state":"MN","countyFips":"27079","confidence":"confirmed","sourceDate":null,"attributes":{"agencyType":"Police","address":"114 HOOSAC STREET","city":"WATERVILLE","subStation":null,"jurisdictionId":null,"jurisdictionName":null}}},{"type":"Feature","geometry":{"type":"Point","coordinates":[-93.4104416630005,48.6012620122448]},"properties":{"id":"agency-building-koochiching-county-sheriff-715-4th-street","layer":"agency_building","name":"KOOCHICHING COUNTY SHERIFF","county":"Koochiching County","state":"MN","countyFips":"27071","confidence":"confirmed","sourceDate":null,"attributes":{"agencyType":"Sheriff","address":"715 4TH STREET","city":"INTERNATIONAL FALLS","subStation":null,"jurisdictionId":null,"jurisdictionName":null}}},{"type":"Feature","geometry":{"type":"Point","coordinates":[-93.5278473985717,47.23682350026]},"properties":{"id":"agency-building-grand-rapids-police-420-north-pokegama-avenue","layer":"agency_building","name":"GRAND RAPIDS POLICE","county":"Itasca County","state":"MN","countyFips":"27061","confidence":"confirmed","sourceDate":null,"attributes":{"agencyType":"Police","address":"420 NORTH POKEGAMA AVENUE","city":"GRAND RAPIDS","subStation":null,"jurisdictionId":null,"jurisdictionName":null}}},{"type":"Feature","geometry":{"type":"Point","coordinates":[-91.6959918264088,44.0640510029001]},"properties":{"id":"agency-building-goodview-police-4220-west-5th-street","layer":"agency_building","name":"GOODVIEW POLICE","county":"Winona County","state":"MN","countyFips":"27169","confidence":"confirmed","sourceDate":null,"attributes":{"agencyType":"Police","address":"4220 WEST 5TH STREET","city":"WINONA","subStation":null,"jurisdictionId":null,"jurisdictionName":null}}},{"type":"Feature","geometry":{"type":"Point","coordinates":[-96.5871919174255,46.2604198720929]},"properties":{"id":"agency-building-breckenridge-police-515-dacotah-avenue","layer":"agency_building","name":"BRECKENRIDGE POLICE","county":"Wilkin County","state":"MN","countyFips":"27167","confidence":"confirmed","sourceDate":null,"attributes":{"agencyType":"Police","address":"515 DACOTAH AVENUE","city":"BRECKENRIDGE","subStation":null,"jurisdictionId":null,"jurisdictionName":null}}},{"type":"Feature","geometry":{"type":"Point","coordinates":[-95.7946822259841,44.4504425538791]},"properties":{"id":"agency-building-marshall-police-611-west-main-street","layer":"agency_building","name":"MARSHALL POLICE","county":"Lyon County","state":"MN","countyFips":"27083","confidence":"confirmed","sourceDate":null,"attributes":{"agencyType":"Police","address":"611 WEST MAIN STREET","city":"MARSHALL","subStation":null,"jurisdictionId":null,"jurisdictionName":null}}},{"type":"Feature","geometry":{"type":"Point","coordinates":[-95.7950700996591,44.4506787997901]},"properties":{"id":"agency-building-lyon-county-sheriff-611-west-main-street","layer":"agency_building","name":"LYON COUNTY SHERIFF","county":"Lyon County","state":"MN","countyFips":"27083","confidence":"confirmed","sourceDate":null,"attributes":{"agencyType":"Sheriff","address":"611 WEST MAIN STREET","city":"MARSHALL","subStation":null,"jurisdictionId":null,"jurisdictionName":null}}},{"type":"Feature","geometry":{"type":"Point","coordinates":[-94.7226299065783,44.2974943052722]},"properties":{"id":"agency-building-sleepy-eye-police-130-2nd-avenue-northwest","layer":"agency_building","name":"SLEEPY EYE POLICE","county":"Brown County","state":"MN","countyFips":"27015","confidence":"confirmed","sourceDate":null,"attributes":{"agencyType":"Police","address":"130 2ND AVENUE NORTHWEST","city":"SLEEPY EYE","subStation":null,"jurisdictionId":null,"jurisdictionName":null}}},{"type":"Feature","geometry":{"type":"Point","coordinates":[-95.1397601985793,46.4379622997885]},"properties":{"id":"agency-building-wadena-county-sheriff-415-south-jefferson-street","layer":"agency_building","name":"WADENA COUNTY SHERIFF","county":"Wadena County","state":"MN","countyFips":"27159","confidence":"confirmed","sourceDate":null,"attributes":{"agencyType":"Sheriff","address":"415 SOUTH JEFFERSON STREET","city":"WADENA","subStation":null,"jurisdictionId":null,"jurisdictionName":null}}},{"type":"Feature","geometry":{"type":"Point","coordinates":[-95.5275818998137,45.6120604001838]},"properties":{"id":"agency-building-starbuck-police-307-east-5th-street","layer":"agency_building","name":"STARBUCK POLICE","county":"Pope County","state":"MN","countyFips":"27121","confidence":"confirmed","sourceDate":null,"attributes":{"agencyType":"Police","address":"307 EAST 5TH STREET","city":"STARBUCK","subStation":null,"jurisdictionId":null,"jurisdictionName":null}}},{"type":"Feature","geometry":{"type":"Point","coordinates":[-92.9993904690548,44.8611079721333]},"properties":{"id":"agency-building-newport-police-596-7th-avenue","layer":"agency_building","name":"NEWPORT POLICE","county":"Washington County","state":"MN","countyFips":"27163","confidence":"confirmed","sourceDate":null,"attributes":{"agencyType":"Police","address":"596 7TH AVENUE","city":"NEWPORT","subStation":null,"jurisdictionId":null,"jurisdictionName":null}}},{"type":"Feature","geometry":{"type":"Point","coordinates":[-93.8997884001425,46.4750411002251]},"properties":{"id":"agency-building-deerwood-police-23770-forest-road","layer":"agency_building","name":"DEERWOOD POLICE","county":"Crow Wing County","state":"MN","countyFips":"27035","confidence":"confirmed","sourceDate":null,"attributes":{"agencyType":"Police","address":"23770 FOREST ROAD","city":"DEERWOOD","subStation":null,"jurisdictionId":null,"jurisdictionName":null}}},{"type":"Feature","geometry":{"type":"Point","coordinates":[-93.4594358001559,45.2322970997774]},"properties":{"id":"agency-building-ramsey-police-7550-sunwood-drive-northwest","layer":"agency_building","name":"Ramsey Police","county":"Anoka County","state":"MN","countyFips":"27003","confidence":"confirmed","sourceDate":null,"attributes":{"agencyType":"Police","address":"7550 SUNWOOD DRIVE NORTHWEST","city":"RAMSEY","subStation":null,"jurisdictionId":"agency-jurisdiction-ramsey-police","jurisdictionName":"Ramsey Police"}}},{"type":"Feature","geometry":{"type":"Point","coordinates":[-96.18193937469,48.1166827931853]},"properties":{"id":"agency-building-pennington-county-sheriff-102-1st-street-west-law-enforcement-center","layer":"agency_building","name":"PENNINGTON COUNTY SHERIFF","county":"Pennington County","state":"MN","countyFips":"27113","confidence":"confirmed","sourceDate":null,"attributes":{"agencyType":"Sheriff","address":"102 1ST STREET WEST, LAW ENFORCEMENT CENTER","city":"THIEF RIVER FALLS","subStation":null,"jurisdictionId":null,"jurisdictionName":null}}},{"type":"Feature","geometry":{"type":"Point","coordinates":[-94.0462602990329,44.9653575393035]},"properties":{"id":"agency-building-winsted-police-183-main-street-w","layer":"agency_building","name":"WINSTED POLICE","county":"McLeod County","state":"MN","countyFips":"27085","confidence":"confirmed","sourceDate":null,"attributes":{"agencyType":"Police","address":"183 MAIN STREET W","city":"WINSTED","subStation":null,"jurisdictionId":null,"jurisdictionName":null}}},{"type":"Feature","geometry":{"type":"Point","coordinates":[-94.1622664531033,45.5602827572626]},"properties":{"id":"agency-building-st-cloud-police-807-courthouse-square","layer":"agency_building","name":"ST. CLOUD POLICE","county":"Stearns County","state":"MN","countyFips":"27145","confidence":"confirmed","sourceDate":null,"attributes":{"agencyType":"Police","address":"807 COURTHOUSE SQUARE","city":"SAINT CLOUD","subStation":null,"jurisdictionId":null,"jurisdictionName":null}}},{"type":"Feature","geometry":{"type":"Point","coordinates":[-94.579611199912,47.1012725999289]},"properties":{"id":"agency-building-cass-county-sheriff-303-minnesota-avenue-west","layer":"agency_building","name":"CASS COUNTY SHERIFF","county":"Cass County","state":"MN","countyFips":"27021","confidence":"confirmed","sourceDate":null,"attributes":{"agencyType":"Sheriff","address":"303 MINNESOTA AVENUE WEST","city":"WALKER","subStation":null,"jurisdictionId":null,"jurisdictionName":null}}},{"type":"Feature","geometry":{"type":"Point","coordinates":[-92.4581946993771,46.7213157998148]},"properties":{"id":"agency-building-cloquet-police-508-cloquet-avenue","layer":"agency_building","name":"CLOQUET POLICE","county":"Carlton County","state":"MN","countyFips":"27017","confidence":"confirmed","sourceDate":null,"attributes":{"agencyType":"Police","address":"508 CLOQUET AVENUE","city":"CLOQUET","subStation":null,"jurisdictionId":null,"jurisdictionName":null}}},{"type":"Feature","geometry":{"type":"Point","coordinates":[-94.2419698000803,46.3478323997931]},"properties":{"id":"agency-building-minnesota-state-patrol-7694-industrial-park-road","layer":"agency_building","name":"MINNESOTA STATE PATROL","county":"Crow Wing County","state":"MN","countyFips":"27035","confidence":"confirmed","sourceDate":null,"attributes":{"agencyType":"Other","address":"7694 INDUSTRIAL PARK ROAD","city":"BAXTER","subStation":null,"jurisdictionId":null,"jurisdictionName":null}}},{"type":"Feature","geometry":{"type":"Point","coordinates":[-94.3640293999147,44.5423321997243]},"properties":{"id":"agency-building-winthrop-police-305-north-main-street","layer":"agency_building","name":"WINTHROP POLICE","county":"Sibley County","state":"MN","countyFips":"27143","confidence":"confirmed","sourceDate":null,"attributes":{"agencyType":"Police","address":"305 NORTH MAIN STREET","city":"WINTHROP","subStation":null,"jurisdictionId":null,"jurisdictionName":null}}},{"type":"Feature","geometry":{"type":"Point","coordinates":[-94.2187457996687,46.5959962001602]},"properties":{"id":"agency-building-breezy-point-police-8361-county-road-11","layer":"agency_building","name":"BREEZY POINT POLICE","county":"Crow Wing County","state":"MN","countyFips":"27035","confidence":"confirmed","sourceDate":null,"attributes":{"agencyType":"Police","address":"8361 COUNTY ROAD 11","city":"BREEZY POINT","subStation":null,"jurisdictionId":null,"jurisdictionName":null}}},{"type":"Feature","geometry":{"type":"Point","coordinates":[-96.5869543301009,46.2602219972961]},"properties":{"id":"agency-building-wilkin-county-sheriff-515-dacotah-avenue","layer":"agency_building","name":"WILKIN COUNTY SHERIFF","county":"Wilkin County","state":"MN","countyFips":"27167","confidence":"confirmed","sourceDate":null,"attributes":{"agencyType":"Sheriff","address":"515 DACOTAH AVENUE","city":"BRECKENRIDGE","subStation":null,"jurisdictionId":null,"jurisdictionName":null}}},{"type":"Feature","geometry":{"type":"Point","coordinates":[-95.115463400411,44.5401610000874]},"properties":{"id":"agency-building-redwood-falls-police-303-east-3rd-street","layer":"agency_building","name":"REDWOOD FALLS POLICE","county":"Redwood County","state":"MN","countyFips":"27127","confidence":"confirmed","sourceDate":null,"attributes":{"agencyType":"Police","address":"303 EAST 3RD STREET","city":"REDWOOD FALLS","subStation":null,"jurisdictionId":null,"jurisdictionName":null}}},{"type":"Feature","geometry":{"type":"Point","coordinates":[-95.172405300296,43.6776744988244]},"properties":{"id":"agency-building-lakefield-police-301-main-street","layer":"agency_building","name":"LAKEFIELD POLICE","county":"Jackson County","state":"MN","countyFips":"27063","confidence":"confirmed","sourceDate":null,"attributes":{"agencyType":"Police","address":"301 MAIN STREET","city":"LAKEFIELD","subStation":null,"jurisdictionId":null,"jurisdictionName":null}}},{"type":"Feature","geometry":{"type":"Point","coordinates":[-93.5976651002573,46.9913879999553]},"properties":{"id":"agency-building-hill-city-police-111-west-henrietta-avenue","layer":"agency_building","name":"HILL CITY POLICE","county":"Aitkin County","state":"MN","countyFips":"27001","confidence":"confirmed","sourceDate":null,"attributes":{"agencyType":"Police","address":"111 WEST HENRIETTA AVENUE","city":"HILL CITY","subStation":null,"jurisdictionId":null,"jurisdictionName":null}}},{"type":"Feature","geometry":{"type":"Point","coordinates":[-95.3695681003016,44.9562775998019]},"properties":{"id":"agency-building-clara-city-police-215-northwest-1st-street","layer":"agency_building","name":"CLARA CITY POLICE","county":"Chippewa County","state":"MN","countyFips":"27023","confidence":"confirmed","sourceDate":null,"attributes":{"agencyType":"Police","address":"215 NORTHWEST 1ST STREET","city":"CLARA CITY","subStation":null,"jurisdictionId":null,"jurisdictionName":null}}},{"type":"Feature","geometry":{"type":"Point","coordinates":[-90.3257521000767,47.7572935001641]},"properties":{"id":"agency-building-cook-county-sheriff-143-gunflint-trail","layer":"agency_building","name":"COOK COUNTY SHERIFF","county":"Cook County","state":"MN","countyFips":"27031","confidence":"confirmed","sourceDate":null,"attributes":{"agencyType":"Sheriff","address":"143 GUNFLINT TRAIL","city":"GRAND MARAIS","subStation":null,"jurisdictionId":null,"jurisdictionName":null}}},{"type":"Feature","geometry":{"type":"Point","coordinates":[-94.9039717996838,44.1096772000669]},"properties":{"id":"agency-building-comfrey-police-120-brown-street-east","layer":"agency_building","name":"COMFREY POLICE","county":"Brown County","state":"MN","countyFips":"27015","confidence":"confirmed","sourceDate":null,"attributes":{"agencyType":"Police","address":"120 BROWN STREET EAST","city":"COMFREY","subStation":null,"jurisdictionId":null,"jurisdictionName":null}}},{"type":"Feature","geometry":{"type":"Point","coordinates":[-95.7142068003766,44.9511910997874]},"properties":{"id":"agency-building-chippewa-county-sheriff-629-north-11th-street-suite-14","layer":"agency_building","name":"CHIPPEWA COUNTY SHERIFF","county":"Chippewa County","state":"MN","countyFips":"27023","confidence":"confirmed","sourceDate":null,"attributes":{"agencyType":"Sheriff","address":"629 NORTH 11TH STREET, SUITE 14","city":"MONTEVIDEO","subStation":null,"jurisdictionId":null,"jurisdictionName":null}}},{"type":"Feature","geometry":{"type":"Point","coordinates":[-94.1133633000147,46.6897662001865]},"properties":{"id":"agency-building-crosslake-police-37028-county-road-66","layer":"agency_building","name":"CROSSLAKE POLICE","county":"Crow Wing County","state":"MN","countyFips":"27035","confidence":"confirmed","sourceDate":null,"attributes":{"agencyType":"Police","address":"37028 COUNTY ROAD 66","city":"CROSSLAKE","subStation":null,"jurisdictionId":null,"jurisdictionName":null}}},{"type":"Feature","geometry":{"type":"Point","coordinates":[-94.1979811664178,44.9034716377862]},"properties":{"id":"agency-building-silver-lake-police-308-west-main-street","layer":"agency_building","name":"SILVER LAKE POLICE","county":"McLeod County","state":"MN","countyFips":"27085","confidence":"confirmed","sourceDate":null,"attributes":{"agencyType":"Police","address":"308 WEST MAIN STREET","city":"SILVER LAKE","subStation":null,"jurisdictionId":null,"jurisdictionName":null}}},{"type":"Feature","geometry":{"type":"Point","coordinates":[-93.4264551004255,44.71497870028]},"properties":{"id":"agency-building-prior-lake-police-4649-dakota-street","layer":"agency_building","name":"Prior Lake Police","county":"Scott County","state":"MN","countyFips":"27139","confidence":"confirmed","sourceDate":null,"attributes":{"agencyType":"Police","address":"4649 DAKOTA STREET","city":"PRIOR LAKE","subStation":null,"jurisdictionId":"agency-jurisdiction-prior-lake-police","jurisdictionName":"Prior Lake Police"}}},{"type":"Feature","geometry":{"type":"Point","coordinates":[-94.3075016997325,46.6037139998792]},"properties":{"id":"agency-building-pequot-lakes-police-4638-county-road-11","layer":"agency_building","name":"PEQUOT LAKES POLICE","county":"Crow Wing County","state":"MN","countyFips":"27035","confidence":"confirmed","sourceDate":null,"attributes":{"agencyType":"Police","address":"4638 COUNTY ROAD 11","city":"PEQUOT LAKES","subStation":null,"jurisdictionId":null,"jurisdictionName":null}}},{"type":"Feature","geometry":{"type":"Point","coordinates":[-93.1387235003997,45.1526339002102]},"properties":{"id":"agency-building-centennial-lakes-police-54-north-road","layer":"agency_building","name":"Centennial Lakes Police","county":"Anoka County","state":"MN","countyFips":"27003","confidence":"confirmed","sourceDate":null,"attributes":{"agencyType":"Police","address":"54 NORTH ROAD","city":"CIRCLE PINES","subStation":null,"jurisdictionId":"agency-jurisdiction-centennial-lakes-police","jurisdictionName":"Centennial Lakes Police"}}},{"type":"Feature","geometry":{"type":"Point","coordinates":[-94.2058648550131,46.3563289349466]},"properties":{"id":"agency-building-crow-wing-county-sheriff-304-laurel-street","layer":"agency_building","name":"CROW WING COUNTY SHERIFF","county":"Crow Wing County","state":"MN","countyFips":"27035","confidence":"confirmed","sourceDate":null,"attributes":{"agencyType":"Sheriff","address":"304 LAUREL STREET","city":"BRAINERD","subStation":null,"jurisdictionId":null,"jurisdictionName":null}}},{"type":"Feature","geometry":{"type":"Point","coordinates":[-95.0046057607285,45.4532625702743]},"properties":{"id":"agency-building-belgrade-police-417-washburn-avenue","layer":"agency_building","name":"BELGRADE POLICE","county":"Stearns County","state":"MN","countyFips":"27145","confidence":"confirmed","sourceDate":null,"attributes":{"agencyType":"Police","address":"417 WASHBURN AVENUE","city":"BELGRADE","subStation":null,"jurisdictionId":null,"jurisdictionName":null}}},{"type":"Feature","geometry":{"type":"Point","coordinates":[-96.182804299595,48.7013772988816]},"properties":{"id":"agency-building-greenbush-police-248-4th-street-north","layer":"agency_building","name":"GREENBUSH POLICE","county":"Roseau County","state":"MN","countyFips":"27135","confidence":"confirmed","sourceDate":null,"attributes":{"agencyType":"Police","address":"248 4TH STREET NORTH","city":"GREENBUSH","subStation":null,"jurisdictionId":null,"jurisdictionName":null}}},{"type":"Feature","geometry":{"type":"Point","coordinates":[-95.909399600354,45.587678000128]},"properties":{"id":"agency-building-stevens-county-sheriff-400-colorado-avenue","layer":"agency_building","name":"STEVENS COUNTY SHERIFF","county":"Stevens County","state":"MN","countyFips":"27149","confidence":"confirmed","sourceDate":null,"attributes":{"agencyType":"Sheriff","address":"400 COLORADO AVENUE","city":"MORRIS","subStation":null,"jurisdictionId":null,"jurisdictionName":null}}},{"type":"Feature","geometry":{"type":"Point","coordinates":[-95.329567899364,46.1535917002446]},"properties":{"id":"agency-building-parkers-prairie-police-102-north-otter-avenue","layer":"agency_building","name":"PARKERS PRAIRIE POLICE","county":"Otter Tail County","state":"MN","countyFips":"27111","confidence":"confirmed","sourceDate":null,"attributes":{"agencyType":"Police","address":"102 NORTH OTTER AVENUE","city":"PARKERS PRAIRIE","subStation":null,"jurisdictionId":null,"jurisdictionName":null}}},{"type":"Feature","geometry":{"type":"Point","coordinates":[-96.0832054358112,46.5744952773005]},"properties":{"id":"agency-building-pelican-rapids-police-315-north-broadway","layer":"agency_building","name":"PELICAN RAPIDS POLICE","county":"Otter Tail County","state":"MN","countyFips":"27111","confidence":"confirmed","sourceDate":null,"attributes":{"agencyType":"Police","address":"315 NORTH BROADWAY","city":"PELICAN RAPIDS","subStation":null,"jurisdictionId":null,"jurisdictionName":null}}},{"type":"Feature","geometry":{"type":"Point","coordinates":[-95.7664129985776,48.8396982938313]},"properties":{"id":"agency-building-roseau-county-sheriff-604-5th-avenue-southwest","layer":"agency_building","name":"ROSEAU COUNTY SHERIFF","county":"Roseau County","state":"MN","countyFips":"27135","confidence":"confirmed","sourceDate":null,"attributes":{"agencyType":"Sheriff","address":"604 5TH AVENUE SOUTHWEST","city":"ROSEAU","subStation":null,"jurisdictionId":null,"jurisdictionName":null}}},{"type":"Feature","geometry":{"type":"Point","coordinates":[-95.3193283995974,43.7938024998454]},"properties":{"id":"agency-building-heron-lake-police-312-10th-street","layer":"agency_building","name":"HERON LAKE POLICE","county":"Jackson County","state":"MN","countyFips":"27063","confidence":"confirmed","sourceDate":null,"attributes":{"agencyType":"Police","address":"312 10TH STREET","city":"HERON LAKE","subStation":null,"jurisdictionId":null,"jurisdictionName":null}}},{"type":"Feature","geometry":{"type":"Point","coordinates":[-93.791265700174,47.3322880998665]},"properties":{"id":"agency-building-deer-river-police-208-second-street-southeast","layer":"agency_building","name":"DEER RIVER POLICE","county":"Itasca County","state":"MN","countyFips":"27061","confidence":"confirmed","sourceDate":null,"attributes":{"agencyType":"Police","address":"208 SECOND STREET SOUTHEAST","city":"DEER RIVER","subStation":null,"jurisdictionId":null,"jurisdictionName":null}}},{"type":"Feature","geometry":{"type":"Point","coordinates":[-94.5836839000005,48.7102085999867]},"properties":{"id":"agency-building-lake-of-the-woods-county-sheriff-206-8th-avenue-southeast-suite-300","layer":"agency_building","name":"LAKE OF THE WOODS COUNTY SHERIFF","county":"Lake of the Woods County","state":"MN","countyFips":"27077","confidence":"confirmed","sourceDate":null,"attributes":{"agencyType":"Sheriff","address":"206 8TH AVENUE SOUTHEAST, SUITE 300","city":"BAUDETTE","subStation":null,"jurisdictionId":null,"jurisdictionName":null}}},{"type":"Feature","geometry":{"type":"Point","coordinates":[-95.9749390988552,45.9925991059127]},"properties":{"id":"agency-building-elbow-lake-police-118-division-street-east","layer":"agency_building","name":"ELBOW LAKE POLICE","county":"Grant County","state":"MN","countyFips":"27051","confidence":"confirmed","sourceDate":null,"attributes":{"agencyType":"Police","address":"118 DIVISION STREET EAST","city":"ELBOW LAKE","subStation":null,"jurisdictionId":null,"jurisdictionName":null}}},{"type":"Feature","geometry":{"type":"Point","coordinates":[-94.646048599574,46.3342834997604]},"properties":{"id":"agency-building-motley-police-316-united-states-highway-10-south","layer":"agency_building","name":"MOTLEY POLICE","county":"Morrison County","state":"MN","countyFips":"27097","confidence":"confirmed","sourceDate":null,"attributes":{"agencyType":"Police","address":"316 UNITED STATES HIGHWAY 10 SOUTH","city":"MOTLEY","subStation":null,"jurisdictionId":null,"jurisdictionName":null}}},{"type":"Feature","geometry":{"type":"Point","coordinates":[-96.4458247903586,45.3072875208865]},"properties":{"id":"agency-building-ortonville-police-225-3rd-street-northwest","layer":"agency_building","name":"ORTONVILLE POLICE","county":"Big Stone County","state":"MN","countyFips":"27011","confidence":"confirmed","sourceDate":null,"attributes":{"agencyType":"Police","address":"225 3RD STREET NORTHWEST","city":"ORTONVILLE","subStation":null,"jurisdictionId":null,"jurisdictionName":null}}},{"type":"Feature","geometry":{"type":"Point","coordinates":[-95.3325571171338,48.9121364620601]},"properties":{"id":"agency-building-warroad-police-802-cherne-drive-northwest","layer":"agency_building","name":"WARROAD POLICE","county":"Roseau County","state":"MN","countyFips":"27135","confidence":"confirmed","sourceDate":null,"attributes":{"agencyType":"Police","address":"802 CHERNE DRIVE NORTHWEST","city":"WARROAD","subStation":null,"jurisdictionId":null,"jurisdictionName":null}}},{"type":"Feature","geometry":{"type":"Point","coordinates":[-92.9717890097047,45.8528731087855]},"properties":{"id":"agency-building-pine-county-sheriff-635-northridge-drive-northwest","layer":"agency_building","name":"PINE COUNTY SHERIFF","county":"Pine County","state":"MN","countyFips":"27115","confidence":"confirmed","sourceDate":null,"attributes":{"agencyType":"Sheriff","address":"635 NORTHRIDGE DRIVE NORTHWEST","city":"PINE CITY","subStation":null,"jurisdictionId":null,"jurisdictionName":null}}},{"type":"Feature","geometry":{"type":"Point","coordinates":[-93.2082850995844,45.1661418002861]},"properties":{"id":"agency-building-blaine-police-10801-town-square-drive-northeast","layer":"agency_building","name":"Blaine Police","county":"Anoka County","state":"MN","countyFips":"27003","confidence":"confirmed","sourceDate":null,"attributes":{"agencyType":"Police","address":"10801 TOWN SQUARE DRIVE NORTHEAST","city":"BLAINE","subStation":null,"jurisdictionId":"agency-jurisdiction-blaine-police","jurisdictionName":"Blaine Police"}}},{"type":"Feature","geometry":{"type":"Point","coordinates":[-94.2078865997982,46.3563120996966]},"properties":{"id":"agency-building-brainerd-police-225-east-river-road","layer":"agency_building","name":"BRAINERD POLICE","county":"Crow Wing County","state":"MN","countyFips":"27035","confidence":"confirmed","sourceDate":null,"attributes":{"agencyType":"Police","address":"225 EAST RIVER ROAD","city":"BRAINERD","subStation":null,"jurisdictionId":null,"jurisdictionName":null}}},{"type":"Feature","geometry":{"type":"Point","coordinates":[-93.7321309129675,44.3878779608459]},"properties":{"id":"agency-building-le-sueur-county-sheriff-88-south-park-avenue","layer":"agency_building","name":"LE SUEUR COUNTY SHERIFF","county":"Le Sueur County","state":"MN","countyFips":"27079","confidence":"confirmed","sourceDate":null,"attributes":{"agencyType":"Sheriff","address":"88 SOUTH PARK AVENUE","city":"LE CENTER","subStation":null,"jurisdictionId":null,"jurisdictionName":null}}},{"type":"Feature","geometry":{"type":"Point","coordinates":[-95.976761299968,45.9949274997917]},"properties":{"id":"agency-building-grant-county-sheriff-10-2nd-street-northeast-grant-county-courthouse","layer":"agency_building","name":"GRANT COUNTY SHERIFF","county":"Grant County","state":"MN","countyFips":"27051","confidence":"confirmed","sourceDate":null,"attributes":{"agencyType":"Sheriff","address":"10 2ND STREET NORTHEAST, GRANT COUNTY COURTHOUSE","city":"ELBOW LAKE","subStation":null,"jurisdictionId":null,"jurisdictionName":null}}},{"type":"Feature","geometry":{"type":"Point","coordinates":[-92.7704437004487,46.4428747999363]},"properties":{"id":"agency-building-moose-lake-police-600-state-highway-73","layer":"agency_building","name":"MOOSE LAKE POLICE","county":"Carlton County","state":"MN","countyFips":"27017","confidence":"confirmed","sourceDate":null,"attributes":{"agencyType":"Police","address":"600 STATE HIGHWAY 73","city":"MOOSE LAKE","subStation":null,"jurisdictionId":null,"jurisdictionName":null}}},{"type":"Feature","geometry":{"type":"Point","coordinates":[-94.4781375727915,46.3275972082293]},"properties":{"id":"agency-building-pillager-city-police-308-elm-avenue-west","layer":"agency_building","name":"PILLAGER CITY POLICE","county":"Cass County","state":"MN","countyFips":"27021","confidence":"confirmed","sourceDate":null,"attributes":{"agencyType":"Police","address":"308 ELM AVENUE WEST","city":"PILLAGER","subStation":null,"jurisdictionId":null,"jurisdictionName":null}}},{"type":"Feature","geometry":{"type":"Point","coordinates":[-95.0354946758277,47.8764610488816]},"properties":{"id":"agency-building-red-lake-police-205060-state-highway-1-east","layer":"agency_building","name":"RED LAKE POLICE","county":"Beltrami County","state":"MN","countyFips":"27007","confidence":"confirmed","sourceDate":null,"attributes":{"agencyType":"Police","address":"205060 STATE HIGHWAY 1 EAST","city":"RED LAKE","subStation":null,"jurisdictionId":null,"jurisdictionName":null}}},{"type":"Feature","geometry":{"type":"Point","coordinates":[-94.5009709740395,46.0901540172903]},"properties":{"id":"agency-building-randall-police-501-pacific-street","layer":"agency_building","name":"RANDALL POLICE","county":"Morrison County","state":"MN","countyFips":"27097","confidence":"confirmed","sourceDate":null,"attributes":{"agencyType":"Police","address":"501 PACIFIC STREET","city":"RANDALL","subStation":null,"jurisdictionId":null,"jurisdictionName":null}}},{"type":"Feature","geometry":{"type":"Point","coordinates":[-93.6192100999956,45.3042457998426]},"properties":{"id":"agency-building-sherburne-county-sheriff-13880-united-states-highway-10-sherburne-county-government-center","layer":"agency_building","name":"Sherburne County Sheriff","county":"Sherburne County","state":"MN","countyFips":"27141","confidence":"confirmed","sourceDate":null,"attributes":{"agencyType":"Sheriff","address":"13880 UNITED STATES HIGHWAY 10, SHERBURNE COUNTY GOVERNMENT CENTER","city":"ELK RIVER","subStation":null,"jurisdictionId":"agency-jurisdiction-sherburne-county-sheriff","jurisdictionName":"Sherburne County Sheriff"}}},{"type":"Feature","geometry":{"type":"Point","coordinates":[-95.9875547997535,44.5593482999388]},"properties":{"id":"agency-building-minneota-police-129-east-1st-street","layer":"agency_building","name":"MINNEOTA POLICE","county":"Lyon County","state":"MN","countyFips":"27083","confidence":"confirmed","sourceDate":null,"attributes":{"agencyType":"Police","address":"129 EAST 1ST STREET","city":"MINNEOTA","subStation":null,"jurisdictionId":null,"jurisdictionName":null}}},{"type":"Feature","geometry":{"type":"Point","coordinates":[-96.2019969996763,43.6646478997806]},"properties":{"id":"agency-building-rock-county-sheriff-1000-north-blue-mound-avenue","layer":"agency_building","name":"ROCK COUNTY SHERIFF","county":"Rock County","state":"MN","countyFips":"27133","confidence":"confirmed","sourceDate":null,"attributes":{"agencyType":"Sheriff","address":"1000 NORTH BLUE MOUND AVENUE","city":"LUVERNE","subStation":null,"jurisdictionId":null,"jurisdictionName":null}}},{"type":"Feature","geometry":{"type":"Point","coordinates":[-93.3050573002406,45.2131530997632]},"properties":{"id":"agency-building-anoka-county-sheriff-13333-hanson-boulevard","layer":"agency_building","name":"Anoka County Sheriff","county":"Anoka County","state":"MN","countyFips":"27003","confidence":"confirmed","sourceDate":null,"attributes":{"agencyType":"Sheriff","address":"13333 HANSON BOULEVARD","city":"ANDOVER","subStation":null,"jurisdictionId":"agency-jurisdiction-anoka-county-sheriff","jurisdictionName":"Anoka County Sheriff"}}},{"type":"Feature","geometry":{"type":"Point","coordinates":[-94.2061765003481,45.5755201999675]},"properties":{"id":"agency-building-minnesota-state-patrol-3725-12th-street-north","layer":"agency_building","name":"MINNESOTA STATE PATROL","county":"Stearns County","state":"MN","countyFips":"27145","confidence":"confirmed","sourceDate":null,"attributes":{"agencyType":"Other","address":"3725 12TH STREET NORTH","city":"SAINT CLOUD","subStation":null,"jurisdictionId":null,"jurisdictionName":null}}},{"type":"Feature","geometry":{"type":"Point","coordinates":[-96.7680774537904,48.195612676257]},"properties":{"id":"agency-building-marshall-county-sheriff-208-east-colvin-avenue","layer":"agency_building","name":"MARSHALL COUNTY SHERIFF","county":"Marshall County","state":"MN","countyFips":"27089","confidence":"confirmed","sourceDate":null,"attributes":{"agencyType":"Sheriff","address":"208 EAST COLVIN AVENUE","city":"WARREN","subStation":null,"jurisdictionId":null,"jurisdictionName":null}}},{"type":"Feature","geometry":{"type":"Point","coordinates":[-94.5156891998266,46.8198015999354]},"properties":{"id":"agency-building-backus-police-112-south-king-street","layer":"agency_building","name":"BACKUS POLICE","county":"Cass County","state":"MN","countyFips":"27021","confidence":"confirmed","sourceDate":null,"attributes":{"agencyType":"Police","address":"112 SOUTH KING STREET","city":"BACKUS","subStation":null,"jurisdictionId":null,"jurisdictionName":null}}},{"type":"Feature","geometry":{"type":"Point","coordinates":[-94.0073089144272,44.6785769618241]},"properties":{"id":"agency-building-green-isle-police-390-parnell-street","layer":"agency_building","name":"GREEN ISLE POLICE","county":"Sibley County","state":"MN","countyFips":"27143","confidence":"confirmed","sourceDate":null,"attributes":{"agencyType":"Police","address":"390 PARNELL STREET","city":"GREEN ISLE","subStation":null,"jurisdictionId":null,"jurisdictionName":null}}},{"type":"Feature","geometry":{"type":"Point","coordinates":[-93.9235966001362,46.5180289001539]},"properties":{"id":"agency-building-cuyuna-police-24945-minnesota-avenue","layer":"agency_building","name":"CUYUNA POLICE","county":"Crow Wing County","state":"MN","countyFips":"27035","confidence":"confirmed","sourceDate":null,"attributes":{"agencyType":"Police","address":"24945 MINNESOTA AVENUE","city":"CUYUNA","subStation":null,"jurisdictionId":null,"jurisdictionName":null}}},{"type":"Feature","geometry":{"type":"Point","coordinates":[-93.970488899614,44.1548669001736]},"properties":{"id":"agency-building-minnesota-state-patrol-501-south-victory-drive","layer":"agency_building","name":"MINNESOTA STATE PATROL","county":"Blue Earth County","state":"MN","countyFips":"27013","confidence":"confirmed","sourceDate":null,"attributes":{"agencyType":"Other","address":"501 SOUTH VICTORY DRIVE","city":"MANKATO","subStation":null,"jurisdictionId":null,"jurisdictionName":null}}},{"type":"Feature","geometry":{"type":"Point","coordinates":[-94.8822897996783,47.4743543001452]},"properties":{"id":"agency-building-beltrami-county-jail-626-minnesota-avenue-northwest","layer":"agency_building","name":"BELTRAMI COUNTY JAIL","county":"Beltrami County","state":"MN","countyFips":"27007","confidence":"confirmed","sourceDate":null,"attributes":{"agencyType":"Other","address":"626 MINNESOTA AVENUE NORTHWEST","city":"BEMIDJI","subStation":null,"jurisdictionId":null,"jurisdictionName":null}}},{"type":"Feature","geometry":{"type":"Point","coordinates":[-96.0750415321361,46.2796640718316]},"properties":{"id":"agency-building-otter-tail-county-jail-416-south-mill-street","layer":"agency_building","name":"OTTER TAIL COUNTY JAIL","county":"Otter Tail County","state":"MN","countyFips":"27111","confidence":"confirmed","sourceDate":null,"attributes":{"agencyType":"Other","address":"416 SOUTH MILL STREET","city":"FERGUS FALLS","subStation":null,"jurisdictionId":null,"jurisdictionName":null}}},{"type":"Feature","geometry":{"type":"Point","coordinates":[-95.0366398149142,47.8764140600915]},"properties":{"id":"agency-building-red-lake-department-of-conservation-205060-state-highway-1-east","layer":"agency_building","name":"RED LAKE DEPARTMENT OF CONSERVATION","county":"Beltrami County","state":"MN","countyFips":"27007","confidence":"confirmed","sourceDate":null,"attributes":{"agencyType":"Other","address":"205060 STATE HIGHWAY 1 EAST","city":"RED LAKE","subStation":null,"jurisdictionId":null,"jurisdictionName":null}}},{"type":"Feature","geometry":{"type":"Point","coordinates":[-94.2112456198345,46.9873130893015]},"properties":{"id":"agency-building-longville-police-5220-state-highway-84","layer":"agency_building","name":"LONGVILLE POLICE","county":"Cass County","state":"MN","countyFips":"27021","confidence":"confirmed","sourceDate":null,"attributes":{"agencyType":"Police","address":"5220 STATE HIGHWAY 84","city":"LONGVILLE","subStation":null,"jurisdictionId":null,"jurisdictionName":null}}},{"type":"Feature","geometry":{"type":"Point","coordinates":[-93.9660054610316,44.2915430351305]},"properties":{"id":"agency-building-kasota-city-police-200-north-webster-street-suite-a","layer":"agency_building","name":"KASOTA CITY POLICE","county":"Le Sueur County","state":"MN","countyFips":"27079","confidence":"confirmed","sourceDate":null,"attributes":{"agencyType":"Police","address":"200 NORTH WEBSTER STREET, SUITE A","city":"KASOTA","subStation":null,"jurisdictionId":null,"jurisdictionName":null}}},{"type":"Feature","geometry":{"type":"Point","coordinates":[-95.9093979995561,45.587676200285]},"properties":{"id":"agency-building-morris-police-400-colorado-avenue-stevens-county-courthouse","layer":"agency_building","name":"MORRIS POLICE","county":"Stevens County","state":"MN","countyFips":"27149","confidence":"confirmed","sourceDate":null,"attributes":{"agencyType":"Police","address":"400 COLORADO AVENUE, STEVENS COUNTY COURTHOUSE","city":"MORRIS","subStation":null,"jurisdictionId":null,"jurisdictionName":null}}},{"type":"Feature","geometry":{"type":"Point","coordinates":[-92.8302919997224,45.0794862000499]},"properties":{"id":"agency-building-stillwater-township-police-13636-90th-street-north","layer":"agency_building","name":"STILLWATER TOWNSHIP POLICE","county":"Washington County","state":"MN","countyFips":"27163","confidence":"confirmed","sourceDate":null,"attributes":{"agencyType":"Police","address":"13636 90TH STREET NORTH","city":"STILLWATER","subStation":null,"jurisdictionId":null,"jurisdictionName":null}}},{"type":"Feature","geometry":{"type":"Point","coordinates":[-93.6268883995809,44.6660304997801]},"properties":{"id":"agency-building-jordan-police-210-east-1st-street","layer":"agency_building","name":"Jordan Police","county":"Scott County","state":"MN","countyFips":"27139","confidence":"confirmed","sourceDate":null,"attributes":{"agencyType":"Police","address":"210 EAST 1ST STREET","city":"JORDAN","subStation":null,"jurisdictionId":"agency-jurisdiction-jordan-police","jurisdictionName":"Jordan Police"}}},{"type":"Feature","geometry":{"type":"Point","coordinates":[-96.8100604000534,47.2641561001573]},"properties":{"id":"agency-building-hendrum-police-308-main-street-hendrum-civic-center","layer":"agency_building","name":"HENDRUM POLICE","county":"Norman County","state":"MN","countyFips":"27107","confidence":"confirmed","sourceDate":null,"attributes":{"agencyType":"Police","address":"308 MAIN STREET, HENDRUM CIVIC CENTER","city":"HENDRUM","subStation":null,"jurisdictionId":null,"jurisdictionName":null}}},{"type":"Feature","geometry":{"type":"Point","coordinates":[-95.5730548000572,46.4255749988385]},"properties":{"id":"agency-building-otter-tail-county-sheriff-substation-469-west-main-street","layer":"agency_building","name":"OTTER TAIL COUNTY SHERIFF — SUBSTATION","county":"Otter Tail County","state":"MN","countyFips":"27111","confidence":"confirmed","sourceDate":null,"attributes":{"agencyType":"Sheriff","address":"469 WEST MAIN STREET","city":"OTTERTAIL","subStation":"SUBSTATION","jurisdictionId":null,"jurisdictionName":null}}},{"type":"Feature","geometry":{"type":"Point","coordinates":[-94.1634811999462,45.5610549003077]},"properties":{"id":"agency-building-saint-cloud-police-807-courthouse-square","layer":"agency_building","name":"SAINT CLOUD POLICE","county":"Stearns County","state":"MN","countyFips":"27145","confidence":"confirmed","sourceDate":null,"attributes":{"agencyType":"Police","address":"807 COURTHOUSE SQUARE","city":"SAINT CLOUD","subStation":null,"jurisdictionId":null,"jurisdictionName":null}}},{"type":"Feature","geometry":{"type":"Point","coordinates":[-96.207092899738,48.1191638999063]},"properties":{"id":"agency-building-minnesota-state-highway-patrol-242-125th-street-northeast","layer":"agency_building","name":"MINNESOTA STATE HIGHWAY PATROL","county":"Pennington County","state":"MN","countyFips":"27113","confidence":"confirmed","sourceDate":null,"attributes":{"agencyType":"Other","address":"242 125TH STREET NORTHEAST","city":"THIEF RIVER FALLS","subStation":null,"jurisdictionId":null,"jurisdictionName":null}}},{"type":"Feature","geometry":{"type":"Point","coordinates":[-94.7264930000665,43.6537129002476]},"properties":{"id":"agency-building-sherburn-welcome-police-21-east-first-street","layer":"agency_building","name":"SHERBURN WELCOME POLICE","county":"Martin County","state":"MN","countyFips":"27091","confidence":"confirmed","sourceDate":null,"attributes":{"agencyType":"Police","address":"21 EAST FIRST STREET","city":"SHERBURN","subStation":null,"jurisdictionId":null,"jurisdictionName":null}}},{"type":"Feature","geometry":{"type":"Point","coordinates":[-92.1367210837058,43.7407958547316]},"properties":{"id":"agency-building-fountain-police-104-main-street","layer":"agency_building","name":"FOUNTAIN POLICE","county":"Fillmore County","state":"MN","countyFips":"27045","confidence":"confirmed","sourceDate":null,"attributes":{"agencyType":"Police","address":"104 MAIN STREET","city":"FOUNTAIN","subStation":null,"jurisdictionId":null,"jurisdictionName":null}}},{"type":"Feature","geometry":{"type":"Point","coordinates":[-93.2695315996484,44.2944897000288]},"properties":{"id":"agency-building-faribault-police-25-northwest-4th-street","layer":"agency_building","name":"FARIBAULT POLICE","county":"Rice County","state":"MN","countyFips":"27131","confidence":"confirmed","sourceDate":null,"attributes":{"agencyType":"Police","address":"25 NORTHWEST 4TH STREET","city":"FARIBAULT","subStation":null,"jurisdictionId":null,"jurisdictionName":null}}},{"type":"Feature","geometry":{"type":"Point","coordinates":[-93.3294709836004,44.5652319949395]},"properties":{"id":"agency-building-elko-new-market-police-26518-france-avenue","layer":"agency_building","name":"Elko New Market Police","county":"Scott County","state":"MN","countyFips":"27139","confidence":"confirmed","sourceDate":null,"attributes":{"agencyType":"Police","address":"26518 FRANCE AVENUE","city":"ELKO","subStation":null,"jurisdictionId":"agency-jurisdiction-elko-new-market-police","jurisdictionName":"Elko New Market Police"}}},{"type":"Feature","geometry":{"type":"Point","coordinates":[-94.4581168002914,44.3214156001716]},"properties":{"id":"agency-building-minnesota-river-valley-juvenile-detention-center-510-north-front-street","layer":"agency_building","name":"MINNESOTA RIVER VALLEY JUVENILE DETENTION CENTER","county":"Brown County","state":"MN","countyFips":"27015","confidence":"confirmed","sourceDate":null,"attributes":{"agencyType":"Other","address":"510 NORTH FRONT STREET","city":"NEW ULM","subStation":null,"jurisdictionId":null,"jurisdictionName":null}}},{"type":"Feature","geometry":{"type":"Point","coordinates":[-93.9375744452459,44.1618096371507]},"properties":{"id":"agency-building-blue-earth-county-sheriff-401-carver-road","layer":"agency_building","name":"BLUE EARTH COUNTY SHERIFF","county":"Blue Earth County","state":"MN","countyFips":"27013","confidence":"confirmed","sourceDate":null,"attributes":{"agencyType":"Sheriff","address":"401 CARVER ROAD","city":"MANKATO","subStation":null,"jurisdictionId":null,"jurisdictionName":null}}},{"type":"Feature","geometry":{"type":"Point","coordinates":[-95.7466008014118,44.4497339001911]},"properties":{"id":"agency-building-minnesota-state-patrol-1800-east-college-drive","layer":"agency_building","name":"MINNESOTA STATE PATROL","county":"Lyon County","state":"MN","countyFips":"27083","confidence":"confirmed","sourceDate":null,"attributes":{"agencyType":"Other","address":"1800 EAST COLLEGE DRIVE","city":"MARSHALL","subStation":null,"jurisdictionId":null,"jurisdictionName":null}}},{"type":"Feature","geometry":{"type":"Point","coordinates":[-92.9631993000934,45.000125999777]},"properties":{"id":"agency-building-minnesota-state-patrol-3489-hadley-avenue-north","layer":"agency_building","name":"MINNESOTA STATE PATROL","county":"Washington County","state":"MN","countyFips":"27163","confidence":"confirmed","sourceDate":null,"attributes":{"agencyType":"Other","address":"3489 HADLEY AVENUE NORTH","city":"OAKDALE","subStation":null,"jurisdictionId":null,"jurisdictionName":null}}},{"type":"Feature","geometry":{"type":"Point","coordinates":[-92.513533879031,46.7120961697135]},"properties":{"id":"agency-building-fond-du-lac-department-of-conservation-104-university-road","layer":"agency_building","name":"FOND DU LAC DEPARTMENT OF CONSERVATION","county":"Carlton County","state":"MN","countyFips":"27017","confidence":"confirmed","sourceDate":null,"attributes":{"agencyType":"Other","address":"104 UNIVERSITY ROAD","city":"CLOQUET","subStation":null,"jurisdictionId":null,"jurisdictionName":null}}},{"type":"Feature","geometry":{"type":"Point","coordinates":[-94.6125379001141,47.3722463002191]},"properties":{"id":"agency-building-leech-lake-department-of-resource-management-15756-state-highway-371","layer":"agency_building","name":"LEECH LAKE DEPARTMENT OF RESOURCE MANAGEMENT","county":"Cass County","state":"MN","countyFips":"27021","confidence":"confirmed","sourceDate":null,"attributes":{"agencyType":"Other","address":"15756 STATE HIGHWAY 371","city":"CASS LAKE","subStation":null,"jurisdictionId":null,"jurisdictionName":null}}},{"type":"Feature","geometry":{"type":"Point","coordinates":[-95.9004873003342,45.5903362002388]},"properties":{"id":"agency-building-university-of-minnesota-morris-campus-police-600-east-4th-street-9-camden-hall","layer":"agency_building","name":"UNIVERSITY OF MINNESOTA - MORRIS CAMPUS POLICE","county":"Stevens County","state":"MN","countyFips":"27149","confidence":"confirmed","sourceDate":null,"attributes":{"agencyType":"Police","address":"600 EAST 4TH STREET, 9 CAMDEN HALL","city":"MORRIS","subStation":null,"jurisdictionId":null,"jurisdictionName":null}}},{"type":"Feature","geometry":{"type":"Point","coordinates":[-95.7131275257667,46.2815096888703]},"properties":{"id":"agency-building-battle-lake-police-106-washington-st-south","layer":"agency_building","name":"BATTLE LAKE POLICE","county":"Otter Tail County","state":"MN","countyFips":"27111","confidence":"confirmed","sourceDate":null,"attributes":{"agencyType":"Police","address":"106 WASHINGTON ST. SOUTH","city":"BATTLE LAKE","subStation":null,"jurisdictionId":null,"jurisdictionName":null}}},{"type":"Feature","geometry":{"type":"Point","coordinates":[-94.1557759005967,43.8881365997097]},"properties":{"id":"agency-building-public-safety-244-east-maine-street","layer":"agency_building","name":"PUBLIC SAFETY","county":"Blue Earth County","state":"MN","countyFips":"27013","confidence":"confirmed","sourceDate":null,"attributes":{"agencyType":"Police","address":"244 EAST MAINE STREET","city":"AMBOY","subStation":null,"jurisdictionId":null,"jurisdictionName":null}}},{"type":"Feature","geometry":{"type":"Point","coordinates":[-94.5688144006145,45.6294761001143]},"properties":{"id":"agency-building-albany-police-400-railroad-avenue","layer":"agency_building","name":"ALBANY POLICE","county":"Stearns County","state":"MN","countyFips":"27145","confidence":"confirmed","sourceDate":null,"attributes":{"agencyType":"Police","address":"400 RAILROAD AVENUE","city":"ALBANY","subStation":null,"jurisdictionId":null,"jurisdictionName":null}}},{"type":"Feature","geometry":{"type":"Point","coordinates":[-95.8464952001443,46.8162958002052]},"properties":{"id":"agency-building-becker-county-sheriff-925-lake-avenue","layer":"agency_building","name":"Becker County Sheriff","county":"Becker County","state":"MN","countyFips":"27005","confidence":"confirmed","sourceDate":null,"attributes":{"agencyType":"Sheriff","address":"925 LAKE AVENUE","city":"DETROIT LAKES","subStation":null,"jurisdictionId":null,"jurisdictionName":null}}},{"type":"Feature","geometry":{"type":"Point","coordinates":[-95.7026979999781,46.7293618004696]},"properties":{"id":"agency-building-frazee-police-222-west-main-avenue","layer":"agency_building","name":"Frazee Police","county":"Becker County","state":"MN","countyFips":"27005","confidence":"confirmed","sourceDate":null,"attributes":{"agencyType":"Police","address":"222 WEST MAIN AVENUE","city":"FRAZEE","subStation":null,"jurisdictionId":null,"jurisdictionName":null}}},{"type":"Feature","geometry":{"type":"Point","coordinates":[-95.9815191999209,46.8618556993355]},"properties":{"id":"agency-building-audubon-police-357-4th-street","layer":"agency_building","name":"Audubon Police","county":"Becker County","state":"MN","countyFips":"27005","confidence":"confirmed","sourceDate":null,"attributes":{"agencyType":"Police","address":"357 4TH STREET","city":"AUDUBON","subStation":null,"jurisdictionId":null,"jurisdictionName":null}}},{"type":"Feature","geometry":{"type":"Point","coordinates":[-95.844348915623,46.8174433495748]},"properties":{"id":"agency-building-detroit-lakes-police-106-holmes-street-east","layer":"agency_building","name":"Detroit Lakes Police","county":"Becker County","state":"MN","countyFips":"27005","confidence":"confirmed","sourceDate":null,"attributes":{"agencyType":"Police","address":"106 HOLMES STREET EAST","city":"DETROIT LAKES","subStation":null,"jurisdictionId":null,"jurisdictionName":null}}},{"type":"Feature","geometry":{"type":"Point","coordinates":[-95.909637499394,46.9812540005979]},"properties":{"id":"agency-building-callaway-ogema-police-321-main-avenue","layer":"agency_building","name":"Callaway/Ogema Police","county":"Becker County","state":"MN","countyFips":"27005","confidence":"confirmed","sourceDate":null,"attributes":{"agencyType":"Police","address":"321 MAIN AVENUE","city":"CALLAWAY","subStation":null,"jurisdictionId":null,"jurisdictionName":null}}},{"type":"Feature","geometry":{"type":"Point","coordinates":[-95.859937200187,46.8232472005152]},"properties":{"id":"agency-building-minnesota-state-highway-patrol-1000-state-highway-10-west","layer":"agency_building","name":"Minnesota State Highway Patrol","county":"Becker County","state":"MN","countyFips":"27005","confidence":"confirmed","sourceDate":null,"attributes":{"agencyType":"Other","address":"1000 STATE HIGHWAY 10 WEST","city":"DETROIT LAKES","subStation":null,"jurisdictionId":null,"jurisdictionName":null}}},{"type":"Feature","geometry":{"type":"Point","coordinates":[-95.8617560128546,47.0852649586521]},"properties":{"id":"agency-building-white-earth-police-26246-crane-rd","layer":"agency_building","name":"White Earth Police","county":"Becker County","state":"MN","countyFips":"27005","confidence":"confirmed","sourceDate":null,"attributes":{"agencyType":"Police","address":"26246 Crane Rd","city":"White Earth","subStation":null,"jurisdictionId":null,"jurisdictionName":null}}},{"type":"Feature","geometry":{"type":"Point","coordinates":[-95.8588410704874,46.843320418301]},"properties":{"id":"agency-building-becker-county-jail-1428-stony-rd","layer":"agency_building","name":"Becker County Jail","county":"Becker County","state":"MN","countyFips":"27005","confidence":"confirmed","sourceDate":null,"attributes":{"agencyType":"Other","address":"1428 Stony Rd","city":"Detroit Lakes","subStation":null,"jurisdictionId":null,"jurisdictionName":null}}},{"type":"Feature","geometry":{"type":"Point","coordinates":[-95.8492120361435,46.8182503965894]},"properties":{"id":"agency-building-detroit-lakes-police-807-summit-ave","layer":"agency_building","name":"Detroit Lakes Police","county":"Becker County","state":"MN","countyFips":"27005","confidence":"confirmed","sourceDate":null,"attributes":{"agencyType":"Police","address":"807 summit ave","city":"Detroit Lakes","subStation":null,"jurisdictionId":null,"jurisdictionName":null}}},{"type":"Feature","geometry":{"type":"Point","coordinates":[-92.9784069999125,45.5128853003075]},"properties":{"id":"agency-building-north-branch-police-6408-elm-street","layer":"agency_building","name":"North Branch Police","county":"Chisago County","state":"MN","countyFips":"27025","confidence":"confirmed","sourceDate":null,"attributes":{"agencyType":"Police","address":"6408 ELM STREET","city":"NORTH BRANCH","subStation":null,"jurisdictionId":"agency-jurisdiction-north-branch-police","jurisdictionName":"North Branch Police"}}},{"type":"Feature","geometry":{"type":"Point","coordinates":[-92.9498075006037,45.3332647997621]},"properties":{"id":"agency-building-wyoming-police-7665-wyoming-trail","layer":"agency_building","name":"Wyoming Police","county":"Chisago County","state":"MN","countyFips":"27025","confidence":"confirmed","sourceDate":null,"attributes":{"agencyType":"Police","address":"7665 WYOMING TRAIL","city":"WYOMING","subStation":null,"jurisdictionId":"agency-jurisdiction-wyoming-police","jurisdictionName":"Wyoming Police"}}},{"type":"Feature","geometry":{"type":"Point","coordinates":[-92.9666252006008,45.6855000998945]},"properties":{"id":"agency-building-rush-city-police-325-south-eliot-avenue","layer":"agency_building","name":"Rush City Police","county":"Chisago County","state":"MN","countyFips":"27025","confidence":"confirmed","sourceDate":null,"attributes":{"agencyType":"Police","address":"325 SOUTH ELIOT AVENUE","city":"RUSH CITY","subStation":null,"jurisdictionId":null,"jurisdictionName":null}}},{"type":"Feature","geometry":{"type":"Point","coordinates":[-92.7983269990326,45.3855479950049]},"properties":{"id":"agency-building-chisago-county-sheriff-15230-per-road","layer":"agency_building","name":"Chisago County Sheriff","county":"Chisago County","state":"MN","countyFips":"27025","confidence":"confirmed","sourceDate":null,"attributes":{"agencyType":"Sheriff","address":"15230 Per Road","city":"CENTER CITY","subStation":null,"jurisdictionId":"agency-jurisdiction-chisago-county-sheriff","jurisdictionName":"Chisago County Sheriff"}}},{"type":"Feature","geometry":{"type":"Point","coordinates":[-92.6637379473469,45.4018739319049]},"properties":{"id":"agency-building-taylor-s-falls-sheriff-637-1st-st","layer":"agency_building","name":"Taylor'S Falls Sheriff","county":"Chisago County","state":"MN","countyFips":"27025","confidence":"confirmed","sourceDate":null,"attributes":{"agencyType":"Sheriff","address":"637 1st St","city":"Taylors Falls","subStation":null,"jurisdictionId":null,"jurisdictionName":null}}},{"type":"Feature","geometry":{"type":"Point","coordinates":[-92.8367313015455,45.3885160002121]},"properties":{"id":"agency-building-lakes-area-police-13292-sylvan-avenue","layer":"agency_building","name":"Lakes Area Police","county":"Chisago County","state":"MN","countyFips":"27025","confidence":"confirmed","sourceDate":null,"attributes":{"agencyType":"Police","address":"13292 SYLVAN AVENUE","city":"LINDSTROM","subStation":null,"jurisdictionId":"agency-jurisdiction-lakes-area-police","jurisdictionName":"Lakes Area Police"}}},{"type":"Feature","geometry":{"type":"Point","coordinates":[-96.5799220287993,46.8743797650925]},"properties":{"id":"agency-building-glyndon-police-218-parke-ave-s","layer":"agency_building","name":"Glyndon Police","county":"Clay County","state":"MN","countyFips":"27027","confidence":"confirmed","sourceDate":null,"attributes":{"agencyType":"Police","address":"218 PARKE AVE S","city":"GLYNDON","subStation":null,"jurisdictionId":null,"jurisdictionName":null}}},{"type":"Feature","geometry":{"type":"Point","coordinates":[-96.4203266113805,46.6532009618452]},"properties":{"id":"agency-building-barnesville-city-police-101-front-st-s","layer":"agency_building","name":"Barnesville City Police","county":"Clay County","state":"MN","countyFips":"27027","confidence":"confirmed","sourceDate":null,"attributes":{"agencyType":"Police","address":"101 FRONT ST S","city":"BARNESVILLE","subStation":null,"jurisdictionId":null,"jurisdictionName":null}}},{"type":"Feature","geometry":{"type":"Point","coordinates":[-96.7106299982331,46.8759378391609]},"properties":{"id":"agency-building-dilworth-police-500-center-ave-w","layer":"agency_building","name":"Dilworth Police","county":"Clay County","state":"MN","countyFips":"27027","confidence":"confirmed","sourceDate":null,"attributes":{"agencyType":"Police","address":"500 CENTER AVE W","city":"DILWORTH","subStation":null,"jurisdictionId":null,"jurisdictionName":null}}},{"type":"Feature","geometry":{"type":"Point","coordinates":[-96.7634206304766,46.8852949617641]},"properties":{"id":"agency-building-clay-county-and-moorhead-police-911-11-st-n","layer":"agency_building","name":"Clay County And Moorhead Police","county":"Clay County","state":"MN","countyFips":"27027","confidence":"confirmed","sourceDate":null,"attributes":{"agencyType":"Police","address":"911 11 ST N","city":"MOORHEAD","subStation":null,"jurisdictionId":null,"jurisdictionName":null}}},{"type":"Feature","geometry":{"type":"Point","coordinates":[-96.3205030466048,46.8790728780707]},"properties":{"id":"agency-building-hawley-city-police-818-front-st","layer":"agency_building","name":"Hawley City Police","county":"Clay County","state":"MN","countyFips":"27027","confidence":"confirmed","sourceDate":null,"attributes":{"agencyType":"Police","address":"818 FRONT ST","city":"HAWLEY","subStation":null,"jurisdictionId":null,"jurisdictionName":null}}},{"type":"Feature","geometry":{"type":"Point","coordinates":[-95.1194867003453,43.8656460996915]},"properties":{"id":"agency-building-cottonwood-county-sheriff-902-5th-avenue-cottonwood-county-law-enforcement-center","layer":"agency_building","name":"Cottonwood County Sheriff","county":"Cottonwood County","state":"MN","countyFips":"27033","confidence":"confirmed","sourceDate":null,"attributes":{"agencyType":"Sheriff","address":"902 5TH AVENUE, COTTONWOOD COUNTY LAW ENFORCEMENT CENTER","city":"WINDOM","subStation":null,"jurisdictionId":null,"jurisdictionName":null}}},{"type":"Feature","geometry":{"type":"Point","coordinates":[-95.4364487466911,44.0419112111227]},"properties":{"id":"agency-building-westbrook-police-535-first-avenue","layer":"agency_building","name":"Westbrook Police","county":"Cottonwood County","state":"MN","countyFips":"27033","confidence":"confirmed","sourceDate":null,"attributes":{"agencyType":"Police","address":"535 FIRST AVENUE","city":"WESTBROOK","subStation":null,"jurisdictionId":null,"jurisdictionName":null}}},{"type":"Feature","geometry":{"type":"Point","coordinates":[-94.9307108000043,43.9385055002308]},"properties":{"id":"agency-building-mountain-lake-police-930-3rd-avenue","layer":"agency_building","name":"Mountain Lake Police","county":"Cottonwood County","state":"MN","countyFips":"27033","confidence":"confirmed","sourceDate":null,"attributes":{"agencyType":"Police","address":"930 3RD AVENUE","city":"MOUNTAIN LAKE","subStation":null,"jurisdictionId":null,"jurisdictionName":null}}},{"type":"Feature","geometry":{"type":"Point","coordinates":[-95.1193875371177,43.8655601207792]},"properties":{"id":"agency-building-windom-police-902-5th-ave","layer":"agency_building","name":"Windom Police","county":"Cottonwood County","state":"MN","countyFips":"27033","confidence":"confirmed","sourceDate":null,"attributes":{"agencyType":"Police","address":"902 5th Ave","city":"WINDOM","subStation":null,"jurisdictionId":null,"jurisdictionName":null}}},{"type":"Feature","geometry":{"type":"Point","coordinates":[-92.8515352005595,44.7430090001823]},"properties":{"id":"agency-building-hastings-police-150-east-third-street","layer":"agency_building","name":"Hastings Police","county":"Dakota County","state":"MN","countyFips":"27037","confidence":"confirmed","sourceDate":null,"attributes":{"agencyType":"Police","address":"150 EAST THIRD STREET","city":"HASTINGS","subStation":null,"jurisdictionId":"agency-jurisdiction-hastings-police","jurisdictionName":"Hastings Police"}}},{"type":"Feature","geometry":{"type":"Point","coordinates":[-93.1475210002178,44.8852491995657]},"properties":{"id":"agency-building-mendota-heights-police-1101-victoria-curve","layer":"agency_building","name":"Mendota Heights Police","county":"Dakota County","state":"MN","countyFips":"27037","confidence":"confirmed","sourceDate":null,"attributes":{"agencyType":"Police","address":"1101 VICTORIA CURVE","city":"MENDOTA HEIGHTS","subStation":null,"jurisdictionId":"agency-jurisdiction-mendota-heights-police","jurisdictionName":"Mendota Heights Police"}}},{"type":"Feature","geometry":{"type":"Point","coordinates":[-92.8862970995982,44.7413670999823]},"properties":{"id":"agency-building-dakota-county-law-enforcement-1580-state-highway-55","layer":"agency_building","name":"Dakota County Sheriff","county":"Dakota County","state":"MN","countyFips":"27037","confidence":"confirmed","sourceDate":null,"attributes":{"agencyType":"Sheriff","address":"1580 STATE HIGHWAY 55","city":"HASTINGS","subStation":null,"jurisdictionId":"agency-jurisdiction-dakota-county-sheriff","jurisdictionName":"Dakota County Sheriff"}}},{"type":"Feature","geometry":{"type":"Point","coordinates":[-93.2749477014982,44.7671630997261]},"properties":{"id":"agency-building-burnsville-police-100-civic-center-parkway","layer":"agency_building","name":"Burnsville Police","county":"Dakota County","state":"MN","countyFips":"27037","confidence":"confirmed","sourceDate":null,"attributes":{"agencyType":"Police","address":"100 CIVIC CENTER PARKWAY","city":"BURNSVILLE","subStation":null,"jurisdictionId":"agency-jurisdiction-burnsville-police","jurisdictionName":"Burnsville Police"}}},{"type":"Feature","geometry":{"type":"Point","coordinates":[-93.1659860999533,44.8182554999001]},"properties":{"id":"agency-building-eagan-police-3830-pilot-knob-road","layer":"agency_building","name":"Eagan Police","county":"Dakota County","state":"MN","countyFips":"27037","confidence":"confirmed","sourceDate":null,"attributes":{"agencyType":"Police","address":"3830 PILOT KNOB ROAD","city":"EAGAN","subStation":null,"jurisdictionId":"agency-jurisdiction-eagan-police","jurisdictionName":"Eagan Police"}}},{"type":"Feature","geometry":{"type":"Point","coordinates":[-93.0375074005082,44.8914141995335]},"properties":{"id":"agency-building-south-saint-paul-police-125-third-avenue-north","layer":"agency_building","name":"South Saint Paul Police","county":"Dakota County","state":"MN","countyFips":"27037","confidence":"confirmed","sourceDate":null,"attributes":{"agencyType":"Police","address":"125 THIRD AVENUE NORTH","city":"SOUTH SAINT PAUL","subStation":null,"jurisdictionId":"agency-jurisdiction-south-saint-paul-police","jurisdictionName":"South Saint Paul Police"}}},{"type":"Feature","geometry":{"type":"Point","coordinates":[-93.0844408015036,44.8969541999452]},"properties":{"id":"agency-building-west-saint-paul-police-1616-humboldt-avenue","layer":"agency_building","name":"West Saint Paul Police","county":"Dakota County","state":"MN","countyFips":"27037","confidence":"confirmed","sourceDate":null,"attributes":{"agencyType":"Police","address":"1616 HUMBOLDT AVENUE","city":"WEST SAINT PAUL","subStation":null,"jurisdictionId":"agency-jurisdiction-west-saint-paul-police","jurisdictionName":"West Saint Paul Police"}}},{"type":"Feature","geometry":{"type":"Point","coordinates":[-93.0619890000968,44.830866099954]},"properties":{"id":"agency-building-inver-grove-heights-police-8150-barbara-avenue","layer":"agency_building","name":"Inver Grove Heights Police","county":"Dakota County","state":"MN","countyFips":"27037","confidence":"confirmed","sourceDate":null,"attributes":{"agencyType":"Police","address":"8150 BARBARA AVENUE","city":"INVER GROVE HEIGHTS","subStation":null,"jurisdictionId":"agency-jurisdiction-inver-grove-heights-police","jurisdictionName":"Inver Grove Heights Police"}}},{"type":"Feature","geometry":{"type":"Point","coordinates":[-93.2090355997834,44.7346550993725]},"properties":{"id":"agency-building-apple-valley-police-7100-147th-street-west","layer":"agency_building","name":"Apple Valley Police","county":"Dakota County","state":"MN","countyFips":"27037","confidence":"confirmed","sourceDate":null,"attributes":{"agencyType":"Police","address":"7100 147TH STREET WEST","city":"APPLE VALLEY","subStation":null,"jurisdictionId":"agency-jurisdiction-apple-valley-police","jurisdictionName":"Apple Valley Police"}}},{"type":"Feature","geometry":{"type":"Point","coordinates":[-93.1237042455677,44.7396368435662]},"properties":{"id":"agency-building-rosemount-police-2875-145th-street-west","layer":"agency_building","name":"Rosemount Police","county":"Dakota County","state":"MN","countyFips":"27037","confidence":"confirmed","sourceDate":null,"attributes":{"agencyType":"Police","address":"2875 145TH STREET WEST","city":"ROSEMOUNT","subStation":null,"jurisdictionId":"agency-jurisdiction-rosemount-police","jurisdictionName":"Rosemount Police"}}},{"type":"Feature","geometry":{"type":"Point","coordinates":[-93.1755808995017,44.6664377003388]},"properties":{"id":"agency-building-farmington-police-19500-municipal-drive","layer":"agency_building","name":"Farmington Police","county":"Dakota County","state":"MN","countyFips":"27037","confidence":"confirmed","sourceDate":null,"attributes":{"agencyType":"Police","address":"19500 MUNICIPAL DRIVE","city":"FARMINGTON","subStation":null,"jurisdictionId":"agency-jurisdiction-farmington-police","jurisdictionName":"Farmington Police"}}},{"type":"Feature","geometry":{"type":"Point","coordinates":[-93.2480481928976,44.6850694088828]},"properties":{"id":"agency-building-lakeville-police-9237-183rd-street","layer":"agency_building","name":"Lakeville Police","county":"Dakota County","state":"MN","countyFips":"27037","confidence":"confirmed","sourceDate":null,"attributes":{"agencyType":"Police","address":"9237 183rd Street","city":"Lakeville","subStation":null,"jurisdictionId":"agency-jurisdiction-lakeville-police","jurisdictionName":"Lakeville Police"}}},{"type":"Feature","geometry":{"type":"Point","coordinates":[-95.3803733419662,45.8840746508816]},"properties":{"id":"agency-building-douglas-county-sheriff-216-7th-avenue-west","layer":"agency_building","name":"Douglas County Sheriff","county":"Douglas County","state":"MN","countyFips":"27041","confidence":"confirmed","sourceDate":null,"attributes":{"agencyType":"Sheriff","address":"216 7TH AVENUE WEST","city":"ALEXANDRIA","subStation":null,"jurisdictionId":null,"jurisdictionName":null}}},{"type":"Feature","geometry":{"type":"Point","coordinates":[-95.1516607003742,45.8668549998144]},"properties":{"id":"agency-building-osakis-police-14-nokomis-street-east","layer":"agency_building","name":"Osakis Police","county":"Douglas County","state":"MN","countyFips":"27041","confidence":"confirmed","sourceDate":null,"attributes":{"agencyType":"Police","address":"14 NOKOMIS STREET EAST","city":"OSAKIS","subStation":null,"jurisdictionId":null,"jurisdictionName":null}}},{"type":"Feature","geometry":{"type":"Point","coordinates":[-95.3832439964915,45.8922179906505]},"properties":{"id":"agency-building-alexandria-police-501-3rd-avenue-west","layer":"agency_building","name":"Alexandria Police","county":"Douglas County","state":"MN","countyFips":"27041","confidence":"confirmed","sourceDate":null,"attributes":{"agencyType":"Police","address":"501 3rd Avenue West","city":"ALEXANDRIA","subStation":null,"jurisdictionId":null,"jurisdictionName":null}}},{"type":"Feature","geometry":{"type":"Point","coordinates":[-92.6700763998045,44.2953822001569]},"properties":{"id":"agency-building-zumbrota-police-50-west-2nd-street","layer":"agency_building","name":"Zumbrota Police","county":"Goodhue County","state":"MN","countyFips":"27049","confidence":"confirmed","sourceDate":null,"attributes":{"agencyType":"Police","address":"50 WEST 2ND STREET","city":"ZUMBROTA","subStation":null,"jurisdictionId":null,"jurisdictionName":null}}},{"type":"Feature","geometry":{"type":"Point","coordinates":[-92.9091725985954,44.5149249993391]},"properties":{"id":"agency-building-cannon-falls-police-918-river-road","layer":"agency_building","name":"Cannon Falls Police","county":"Goodhue County","state":"MN","countyFips":"27049","confidence":"confirmed","sourceDate":null,"attributes":{"agencyType":"Police","address":"918 RIVER ROAD","city":"CANNON FALLS","subStation":null,"jurisdictionId":null,"jurisdictionName":null}}},{"type":"Feature","geometry":{"type":"Point","coordinates":[-92.9847151000933,44.2717935001664]},"properties":{"id":"agency-building-kenyon-police-709-2nd-street","layer":"agency_building","name":"Kenyon Police","county":"Goodhue County","state":"MN","countyFips":"27049","confidence":"confirmed","sourceDate":null,"attributes":{"agencyType":"Police","address":"709 2ND STREET","city":"KENYON","subStation":null,"jurisdictionId":null,"jurisdictionName":null}}},{"type":"Feature","geometry":{"type":"Point","coordinates":[-92.5324221795885,44.562961556325]},"properties":{"id":"agency-building-goodhue-county-sheriff-430-west-6th-street-law-enforcement-center","layer":"agency_building","name":"Goodhue County Sheriff","county":"Goodhue County","state":"MN","countyFips":"27049","confidence":"confirmed","sourceDate":null,"attributes":{"agencyType":"Sheriff","address":"430 WEST 6TH STREET, LAW ENFORCEMENT CENTER","city":"RED WING","subStation":null,"jurisdictionId":null,"jurisdictionName":null}}},{"type":"Feature","geometry":{"type":"Point","coordinates":[-92.5318928005949,44.5630254999162]},"properties":{"id":"agency-building-red-wing-police-430-west-6th-street","layer":"agency_building","name":"Red Wing Police","county":"Goodhue County","state":"MN","countyFips":"27049","confidence":"confirmed","sourceDate":null,"attributes":{"agencyType":"Police","address":"430 WEST 6TH STREET","city":"RED WING","subStation":null,"jurisdictionId":null,"jurisdictionName":null}}},{"type":"Feature","geometry":{"type":"Point","coordinates":[-92.6553790337966,44.6289657006896]},"properties":{"id":"agency-building-prairie-island-indian-community-tribal-police-1960-island-boulevard","layer":"agency_building","name":"Prairie Island Indian Community Tribal Police","county":"Goodhue County","state":"MN","countyFips":"27049","confidence":"confirmed","sourceDate":null,"attributes":{"agencyType":"Police","address":"1960 Island Boulevard","city":"WELCH","subStation":null,"jurisdictionId":null,"jurisdictionName":null}}},{"type":"Feature","geometry":{"type":"Point","coordinates":[-92.6236112007353,44.402988999524]},"properties":{"id":"agency-building-sheriff-405-north-broadway-street","layer":"agency_building","name":"Sheriff","county":"Goodhue County","state":"MN","countyFips":"27049","confidence":"confirmed","sourceDate":null,"attributes":{"agencyType":"Sheriff","address":"405 NORTH BROADWAY STREET","city":"GOODHUE","subStation":null,"jurisdictionId":null,"jurisdictionName":null}}},{"type":"Feature","geometry":{"type":"Point","coordinates":[-93.3387365002916,45.0291507004801]},"properties":{"id":"agency-building-robbinsdale-police-4101-hubbard-avenue-north","layer":"agency_building","name":"Robbinsdale Police","county":"Hennepin County","state":"MN","countyFips":"27053","confidence":"confirmed","sourceDate":null,"attributes":{"agencyType":"Police","address":"4101 HUBBARD AVENUE NORTH","city":"ROBBINSDALE","subStation":null,"jurisdictionId":"agency-jurisdiction-robbinsdale-police","jurisdictionName":"Robbinsdale Police"}}},{"type":"Feature","geometry":{"type":"Point","coordinates":[-93.3432536005444,44.947097300044]},"properties":{"id":"agency-building-saint-louis-park-police-3015-raleigh-avenue-south","layer":"agency_building","name":"Saint Louis Park Police","county":"Hennepin County","state":"MN","countyFips":"27053","confidence":"confirmed","sourceDate":null,"attributes":{"agencyType":"Police","address":"3015 RALEIGH AVENUE SOUTH","city":"SAINT LOUIS PARK","subStation":null,"jurisdictionId":"agency-jurisdiction-saint-louis-park-police","jurisdictionName":"Saint Louis Park Police"}}},{"type":"Feature","geometry":{"type":"Point","coordinates":[-93.3933107995155,45.1720419002706]},"properties":{"id":"agency-building-champlin-police-11955-champlin-drive","layer":"agency_building","name":"Champlin Police","county":"Hennepin County","state":"MN","countyFips":"27053","confidence":"confirmed","sourceDate":null,"attributes":{"agencyType":"Police","address":"11955 CHAMPLIN DRIVE","city":"CHAMPLIN","subStation":null,"jurisdictionId":"agency-jurisdiction-champlin-police","jurisdictionName":"Champlin Police"}}},{"type":"Feature","geometry":{"type":"Point","coordinates":[-93.5420513002311,45.103182800494]},"properties":{"id":"agency-building-corcoran-police-8200-county-road-116","layer":"agency_building","name":"Corcoran Police","county":"Hennepin County","state":"MN","countyFips":"27053","confidence":"confirmed","sourceDate":null,"attributes":{"agencyType":"Police","address":"8200 COUNTY ROAD 116","city":"CORCORAN","subStation":null,"jurisdictionId":"agency-jurisdiction-corcoran-police","jurisdictionName":"Corcoran Police"}}},{"type":"Feature","geometry":{"type":"Point","coordinates":[-93.3006002999753,45.0769233996312]},"properties":{"id":"agency-building-brooklyn-center-police-6645-humboldt-avenue-north","layer":"agency_building","name":"Brooklyn Center Police","county":"Hennepin County","state":"MN","countyFips":"27053","confidence":"confirmed","sourceDate":null,"attributes":{"agencyType":"Police","address":"6645 HUMBOLDT AVENUE NORTH","city":"BROOKLYN CENTER","subStation":null,"jurisdictionId":"agency-jurisdiction-brooklyn-center-police","jurisdictionName":"Brooklyn Center Police"}}},{"type":"Feature","geometry":{"type":"Point","coordinates":[-93.2658883778091,44.9773166977596]},"properties":{"id":"agency-building-minneapolis-police-350-south-5th-street-room-130","layer":"agency_building","name":"Minneapolis Police","county":"Hennepin County","state":"MN","countyFips":"27053","confidence":"confirmed","sourceDate":null,"attributes":{"agencyType":"Police","address":"350 SOUTH 5TH STREET, ROOM 130","city":"MINNEAPOLIS","subStation":null,"jurisdictionId":"agency-jurisdiction-minneapolis-police","jurisdictionName":"Minneapolis Police"}}},{"type":"Feature","geometry":{"type":"Point","coordinates":[-93.2684810001607,44.8812356994811]},"properties":{"id":"agency-building-richfield-department-of-public-safety-6700-portland-avenue-south","layer":"agency_building","name":"Richfield Police","county":"Hennepin County","state":"MN","countyFips":"27053","confidence":"confirmed","sourceDate":null,"attributes":{"agencyType":"Police","address":"6700 PORTLAND AVENUE SOUTH","city":"RICHFIELD","subStation":null,"jurisdictionId":"agency-jurisdiction-richfield-police","jurisdictionName":"Richfield Police"}}},{"type":"Feature","geometry":{"type":"Point","coordinates":[-93.2309923001113,44.9739229997603]},"properties":{"id":"agency-building-university-of-minnesota-department-of-public-safety-511-washington-avenue-southeast-transportation-and-safety-building-room-100","layer":"agency_building","name":"University of Minnesota Police","county":"Hennepin County","state":"MN","countyFips":"27053","confidence":"confirmed","sourceDate":null,"attributes":{"agencyType":"Police","address":"511 WASHINGTON AVENUE SOUTHEAST, TRANSPORTATION AND SAFETY BUILDING ROOM 100","city":"MINNEAPOLIS","subStation":null,"jurisdictionId":"agency-jurisdiction-university-of-minnesota-police","jurisdictionName":"University of Minnesota Police"}}},{"type":"Feature","geometry":{"type":"Point","coordinates":[-93.4509422021951,45.0137652318435]},"properties":{"id":"agency-building-three-rivers-park-district-police-3000-xenium-lane-north","layer":"agency_building","name":"Three Rivers Park District Police","county":"Hennepin County","state":"MN","countyFips":"27053","confidence":"confirmed","sourceDate":null,"attributes":{"agencyType":"Police","address":"3000 XENIUM LANE NORTH","city":"PLYMOUTH","subStation":null,"jurisdictionId":null,"jurisdictionName":null}}},{"type":"Feature","geometry":{"type":"Point","coordinates":[-93.3020730995617,44.8247923999186]},"properties":{"id":"agency-building-bloomington-police-1800-west-old-shakopee-road","layer":"agency_building","name":"Bloomington Police","county":"Hennepin County","state":"MN","countyFips":"27053","confidence":"confirmed","sourceDate":null,"attributes":{"agencyType":"Police","address":"1800 WEST OLD SHAKOPEE ROAD","city":"BLOOMINGTON","subStation":null,"jurisdictionId":"agency-jurisdiction-bloomington-police","jurisdictionName":"Bloomington Police"}}},{"type":"Feature","geometry":{"type":"Point","coordinates":[-93.442653474018,45.0996962872986]},"properties":{"id":"agency-building-maple-grove-police-12800-arbor-lakes-parkway-n","layer":"agency_building","name":"Maple Grove Police","county":"Hennepin County","state":"MN","countyFips":"27053","confidence":"confirmed","sourceDate":null,"attributes":{"agencyType":"Police","address":"12800 ARBOR LAKES PARKWAY N","city":"MAPLE GROVE","subStation":null,"jurisdictionId":"agency-jurisdiction-maple-grove-police","jurisdictionName":"Maple Grove Police"}}},{"type":"Feature","geometry":{"type":"Point","coordinates":[-93.3497281998698,45.1098844998366]},"properties":{"id":"agency-building-brooklyn-park-police-5400-85th-avenue-north","layer":"agency_building","name":"Brooklyn Park Police","county":"Hennepin County","state":"MN","countyFips":"27053","confidence":"confirmed","sourceDate":null,"attributes":{"agencyType":"Police","address":"5400 85TH AVENUE NORTH","city":"BROOKLYN PARK","subStation":null,"jurisdictionId":"agency-jurisdiction-brooklyn-park-police","jurisdictionName":"Brooklyn Park Police"}}},{"type":"Feature","geometry":{"type":"Point","coordinates":[-93.512397099727,44.9710358002969]},"properties":{"id":"agency-building-wayzata-police-600-east-rice-street","layer":"agency_building","name":"Wayzata Police","county":"Hennepin County","state":"MN","countyFips":"27053","confidence":"confirmed","sourceDate":null,"attributes":{"agencyType":"Police","address":"600 EAST RICE STREET","city":"WAYZATA","subStation":null,"jurisdictionId":"agency-jurisdiction-wayzata-police","jurisdictionName":"Wayzata Police"}}},{"type":"Feature","geometry":{"type":"Point","coordinates":[-93.4659878998359,44.9400027997703]},"properties":{"id":"agency-building-minnetonka-police-14600-minnetonka-boulevard","layer":"agency_building","name":"Minnetonka Police","county":"Hennepin County","state":"MN","countyFips":"27053","confidence":"confirmed","sourceDate":null,"attributes":{"agencyType":"Police","address":"14600 MINNETONKA BOULEVARD","city":"MINNETONKA","subStation":null,"jurisdictionId":"agency-jurisdiction-minnetonka-police","jurisdictionName":"Minnetonka Police"}}},{"type":"Feature","geometry":{"type":"Point","coordinates":[-93.3482568007569,44.911253399684]},"properties":{"id":"agency-building-edina-police-4801-west-50th-street","layer":"agency_building","name":"Edina Police","county":"Hennepin County","state":"MN","countyFips":"27053","confidence":"confirmed","sourceDate":null,"attributes":{"agencyType":"Police","address":"4801 WEST 50TH STREET","city":"EDINA","subStation":null,"jurisdictionId":"agency-jurisdiction-edina-police","jurisdictionName":"Edina Police"}}},{"type":"Feature","geometry":{"type":"Point","coordinates":[-93.7192368008065,44.9228758997657]},"properties":{"id":"agency-building-minnetrista-public-safety-7701-county-road-110-west","layer":"agency_building","name":"Minnetrista Police","county":"Hennepin County","state":"MN","countyFips":"27053","confidence":"confirmed","sourceDate":null,"attributes":{"agencyType":"Police","address":"7701 COUNTY ROAD 110 WEST","city":"MINNETRISTA","subStation":null,"jurisdictionId":"agency-jurisdiction-minnetrista-police","jurisdictionName":"Minnetrista Police"}}},{"type":"Feature","geometry":{"type":"Point","coordinates":[-93.4371475999286,45.1994078993478]},"properties":{"id":"agency-building-dayton-police-12260-south-diamond-lake-road","layer":"agency_building","name":"Dayton Police","county":"Hennepin County","state":"MN","countyFips":"27053","confidence":"confirmed","sourceDate":null,"attributes":{"agencyType":"Police","address":"12260 SOUTH DIAMOND LAKE ROAD","city":"DAYTON","subStation":null,"jurisdictionId":"agency-jurisdiction-dayton-police","jurisdictionName":"Dayton Police"}}},{"type":"Feature","geometry":{"type":"Point","coordinates":[-93.2173424999804,45.0294928999885]},"properties":{"id":"agency-building-saint-anthony-police-3301-silver-lake-road-northeast","layer":"agency_building","name":"Saint Anthony Police","county":"Hennepin County","state":"MN","countyFips":"27053","confidence":"confirmed","sourceDate":null,"attributes":{"agencyType":"Police","address":"3301 SILVER LAKE ROAD NORTHEAST","city":"MINNEAPOLIS","subStation":null,"jurisdictionId":"agency-jurisdiction-saint-anthony-police","jurisdictionName":"Saint Anthony Police"}}},{"type":"Feature","geometry":{"type":"Point","coordinates":[-93.5369905000425,44.9226747005048]},"properties":{"id":"agency-building-deephaven-police-20225-cottagewood-road","layer":"agency_building","name":"Deephaven Police","county":"Hennepin County","state":"MN","countyFips":"27053","confidence":"confirmed","sourceDate":null,"attributes":{"agencyType":"Police","address":"20225 COTTAGEWOOD ROAD","city":"DEEPHAVEN","subStation":null,"jurisdictionId":"agency-jurisdiction-deephaven-police","jurisdictionName":"Deephaven Police"}}},{"type":"Feature","geometry":{"type":"Point","coordinates":[-93.5528560999246,45.1893683996112]},"properties":{"id":"agency-building-rogers-police-12913-main-street","layer":"agency_building","name":"Rogers Police","county":"Hennepin County","state":"MN","countyFips":"27053","confidence":"confirmed","sourceDate":null,"attributes":{"agencyType":"Police","address":"12913 MAIN STREET","city":"ROGERS","subStation":null,"jurisdictionId":"agency-jurisdiction-rogers-police","jurisdictionName":"Rogers Police"}}},{"type":"Feature","geometry":{"type":"Point","coordinates":[-93.3604939992052,45.0320144996009]},"properties":{"id":"agency-building-crystal-police-4141-douglas-drive-north","layer":"agency_building","name":"Crystal Police","county":"Hennepin County","state":"MN","countyFips":"27053","confidence":"confirmed","sourceDate":null,"attributes":{"agencyType":"Police","address":"4141 DOUGLAS DRIVE NORTH","city":"CRYSTAL","subStation":null,"jurisdictionId":"agency-jurisdiction-crystal-police","jurisdictionName":"Crystal Police"}}},{"type":"Feature","geometry":{"type":"Point","coordinates":[-93.5744313998373,45.0159110997152]},"properties":{"id":"agency-building-medina-police-2052-county-road-24","layer":"agency_building","name":"Medina Police","county":"Hennepin County","state":"MN","countyFips":"27053","confidence":"confirmed","sourceDate":null,"attributes":{"agencyType":"Police","address":"2052 COUNTY ROAD 24","city":"MEDINA","subStation":null,"jurisdictionId":"agency-jurisdiction-medina-police","jurisdictionName":"Medina Police"}}},{"type":"Feature","geometry":{"type":"Point","coordinates":[-93.6584990014165,44.9341933001038]},"properties":{"id":"agency-building-mound-police-2415-wilshire-boulevard","layer":"agency_building","name":"Mound Police","county":"Hennepin County","state":"MN","countyFips":"27053","confidence":"confirmed","sourceDate":null,"attributes":{"agencyType":"Police","address":"2415 WILSHIRE BOULEVARD","city":"MOUND","subStation":null,"jurisdictionId":null,"jurisdictionName":null}}},{"type":"Feature","geometry":{"type":"Point","coordinates":[-93.4025221998973,45.1207259998662]},"properties":{"id":"agency-building-osseo-police-415-central-avenue","layer":"agency_building","name":"Osseo Police","county":"Hennepin County","state":"MN","countyFips":"27053","confidence":"confirmed","sourceDate":null,"attributes":{"agencyType":"Police","address":"415 CENTRAL AVENUE","city":"OSSEO","subStation":null,"jurisdictionId":"agency-jurisdiction-osseo-police","jurisdictionName":"Osseo Police"}}},{"type":"Feature","geometry":{"type":"Point","coordinates":[-93.3857042995758,45.0356818998844]},"properties":{"id":"agency-building-new-hope-police-4401-xylon-avenue-north","layer":"agency_building","name":"New Hope Police","county":"Hennepin County","state":"MN","countyFips":"27053","confidence":"confirmed","sourceDate":null,"attributes":{"agencyType":"Police","address":"4401 XYLON AVENUE NORTH","city":"NEW HOPE","subStation":null,"jurisdictionId":"agency-jurisdiction-new-hope-police","jurisdictionName":"New Hope Police"}}},{"type":"Feature","geometry":{"type":"Point","coordinates":[-93.4619008006518,44.8563252004142]},"properties":{"id":"agency-building-eden-prairie-police-8080-mitchell-road","layer":"agency_building","name":"Eden Prairie Police","county":"Hennepin County","state":"MN","countyFips":"27053","confidence":"confirmed","sourceDate":null,"attributes":{"agencyType":"Police","address":"8080 MITCHELL ROAD","city":"EDEN PRAIRIE","subStation":null,"jurisdictionId":"agency-jurisdiction-eden-prairie-police","jurisdictionName":"Eden Prairie Police"}}},{"type":"Feature","geometry":{"type":"Point","coordinates":[-93.3782781004969,44.98630979927]},"properties":{"id":"agency-building-golden-valley-police-7800-golden-valley-road","layer":"agency_building","name":"Golden Valley Police","county":"Hennepin County","state":"MN","countyFips":"27053","confidence":"confirmed","sourceDate":null,"attributes":{"agencyType":"Police","address":"7800 GOLDEN VALLEY ROAD","city":"GOLDEN VALLEY","subStation":null,"jurisdictionId":"agency-jurisdiction-golden-valley-police","jurisdictionName":"Golden Valley Police"}}},{"type":"Feature","geometry":{"type":"Point","coordinates":[-93.6858707992776,45.0126423996412]},"properties":{"id":"agency-building-west-hennepin-public-safety-1918-county-road-90","layer":"agency_building","name":"West Hennepin Police","county":"Hennepin County","state":"MN","countyFips":"27053","confidence":"confirmed","sourceDate":null,"attributes":{"agencyType":"Police","address":"1918 COUNTY ROAD 90","city":"MAPLE PLAIN","subStation":null,"jurisdictionId":"agency-jurisdiction-west-hennepin-police","jurisdictionName":"West Hennepin Police"}}},{"type":"Feature","geometry":{"type":"Point","coordinates":[-93.413451499801,44.9221299004247]},"properties":{"id":"agency-building-hopkins-police-1010-1st-street-south","layer":"agency_building","name":"Hopkins Police","county":"Hennepin County","state":"MN","countyFips":"27053","confidence":"confirmed","sourceDate":null,"attributes":{"agencyType":"Police","address":"1010 1ST STREET SOUTH","city":"HOPKINS","subStation":null,"jurisdictionId":"agency-jurisdiction-hopkins-police","jurisdictionName":"Hopkins Police"}}},{"type":"Feature","geometry":{"type":"Point","coordinates":[-93.474858243142,45.0194595621626]},"properties":{"id":"agency-building-plymouth-police-3400-plymouth-boulevard","layer":"agency_building","name":"Plymouth Police","county":"Hennepin County","state":"MN","countyFips":"27053","confidence":"confirmed","sourceDate":null,"attributes":{"agencyType":"Police","address":"3400 PLYMOUTH BOULEVARD","city":"PLYMOUTH","subStation":null,"jurisdictionId":"agency-jurisdiction-plymouth-police","jurisdictionName":"Plymouth Police"}}},{"type":"Feature","geometry":{"type":"Point","coordinates":[-93.5860668995218,44.9022241001125]},"properties":{"id":"agency-building-south-lake-minnetonka-police-24150-smithtown-road","layer":"agency_building","name":"South Lake Minnetonka Police","county":"Hennepin County","state":"MN","countyFips":"27053","confidence":"confirmed","sourceDate":null,"attributes":{"agencyType":"Police","address":"24150 SMITHTOWN ROAD","city":"SHOREWOOD","subStation":null,"jurisdictionId":"agency-jurisdiction-south-lake-minnetonka-police","jurisdictionName":"South Lake Minnetonka Police"}}},{"type":"Feature","geometry":{"type":"Point","coordinates":[-93.265357299203,44.977299600171]},"properties":{"id":"agency-building-hennepin-county-sheriff-350-south-5th-street-room-6","layer":"agency_building","name":"Hennepin County Sheriff","county":"Hennepin County","state":"MN","countyFips":"27053","confidence":"confirmed","sourceDate":null,"attributes":{"agencyType":"Sheriff","address":"350 SOUTH 5TH STREET, ROOM 6","city":"MINNEAPOLIS","subStation":null,"jurisdictionId":"agency-jurisdiction-hennepin-county-sheriff","jurisdictionName":"Hennepin County Sheriff"}}},{"type":"Feature","geometry":{"type":"Point","coordinates":[-93.2347969006982,44.9481207002651]},"properties":{"id":"agency-building-minneapolis-police-precinct-3-3000-minnehaha-avenue","layer":"agency_building","name":"Minneapolis Police — Precinct 3","county":"Hennepin County","state":"MN","countyFips":"27053","confidence":"confirmed","sourceDate":null,"attributes":{"agencyType":"Police","address":"3000 MINNEHAHA AVENUE","city":"MINNEAPOLIS","subStation":"Precinct 3","jurisdictionId":"agency-jurisdiction-minneapolis-police","jurisdictionName":"Minneapolis Police"}}},{"type":"Feature","geometry":{"type":"Point","coordinates":[-93.3516681997608,44.9996024995584]},"properties":{"id":"agency-building-minnesota-department-of-public-safety-minnesota-state-police-2005-north-lilac-drive","layer":"agency_building","name":"Minnesota Department Of Public Safety - Minnesota State Police","county":"Hennepin County","state":"MN","countyFips":"27053","confidence":"confirmed","sourceDate":null,"attributes":{"agencyType":"Police","address":"2005 NORTH LILAC DRIVE","city":"GOLDEN VALLEY","subStation":null,"jurisdictionId":null,"jurisdictionName":null}}},{"type":"Feature","geometry":{"type":"Point","coordinates":[-93.2466243002903,45.0081572996399]},"properties":{"id":"agency-building-minneapolis-police-precinct-2-1911-central-avenue-northeast","layer":"agency_building","name":"Minneapolis Police — Precinct 2","county":"Hennepin County","state":"MN","countyFips":"27053","confidence":"confirmed","sourceDate":null,"attributes":{"agencyType":"Police","address":"1911 CENTRAL AVENUE NORTHEAST","city":"MINNEAPOLIS","subStation":"Precinct 2","jurisdictionId":"agency-jurisdiction-minneapolis-police","jurisdictionName":"Minneapolis Police"}}},{"type":"Feature","geometry":{"type":"Point","coordinates":[-93.2776306000443,44.9462054995153]},"properties":{"id":"agency-building-minneapolis-police-precinct-5-3101-nicollet-avenue-south","layer":"agency_building","name":"Minneapolis Police — Precinct 5","county":"Hennepin County","state":"MN","countyFips":"27053","confidence":"confirmed","sourceDate":null,"attributes":{"agencyType":"Police","address":"3101 NICOLLET AVENUE SOUTH","city":"MINNEAPOLIS","subStation":"Precinct 5","jurisdictionId":"agency-jurisdiction-minneapolis-police","jurisdictionName":"Minneapolis Police"}}},{"type":"Feature","geometry":{"type":"Point","coordinates":[-93.2723415002127,44.9807593000491]},"properties":{"id":"agency-building-minneapolis-police-precinct-1-19-north-4th-street","layer":"agency_building","name":"Minneapolis Police — Precinct 1","county":"Hennepin County","state":"MN","countyFips":"27053","confidence":"confirmed","sourceDate":null,"attributes":{"agencyType":"Police","address":"19 NORTH 4TH STREET","city":"MINNEAPOLIS","subStation":"Precinct 1","jurisdictionId":"agency-jurisdiction-minneapolis-police","jurisdictionName":"Minneapolis Police"}}},{"type":"Feature","geometry":{"type":"Point","coordinates":[-93.3055017111847,44.9910818935489]},"properties":{"id":"agency-building-minneapolis-police-precinct-4-1925-plymouth-avenue-north","layer":"agency_building","name":"Minneapolis Police — Precinct 4","county":"Hennepin County","state":"MN","countyFips":"27053","confidence":"confirmed","sourceDate":null,"attributes":{"agencyType":"Police","address":"1925 PLYMOUTH AVENUE NORTH","city":"MINNEAPOLIS","subStation":"Precinct 4","jurisdictionId":"agency-jurisdiction-minneapolis-police","jurisdictionName":"Minneapolis Police"}}},{"type":"Feature","geometry":{"type":"Point","coordinates":[-93.593222599699,44.9912360993358]},"properties":{"id":"agency-building-orono-police-2730-kelley-parkway","layer":"agency_building","name":"Orono Police","county":"Hennepin County","state":"MN","countyFips":"27053","confidence":"confirmed","sourceDate":null,"attributes":{"agencyType":"Police","address":"2730 KELLEY PARKWAY","city":"ORONO","subStation":null,"jurisdictionId":"agency-jurisdiction-orono-police","jurisdictionName":"Orono Police"}}},{"type":"Feature","geometry":{"type":"Point","coordinates":[-93.6278018245281,45.0197887992314]},"properties":{"id":"agency-building-three-rivers-park-district-police-4301-county-road-24","layer":"agency_building","name":"Three Rivers Park District Police","county":"Hennepin County","state":"MN","countyFips":"27053","confidence":"confirmed","sourceDate":null,"attributes":{"agencyType":"Police","address":"4301 COUNTY ROAD 24","city":"MAPLE PLAIN","subStation":null,"jurisdictionId":null,"jurisdictionName":null}}},{"type":"Feature","geometry":{"type":"Point","coordinates":[-93.2644159995325,44.9768777000212]},"properties":{"id":"agency-building-hennepin-county-adult-detention-center-401-fourth-avenue-south","layer":"agency_building","name":"Hennepin County Adult Detention Center","county":"Hennepin County","state":"MN","countyFips":"27053","confidence":"confirmed","sourceDate":null,"attributes":{"agencyType":"Other","address":"401 FOURTH AVENUE SOUTH","city":"MINNEAPOLIS","subStation":null,"jurisdictionId":null,"jurisdictionName":null}}},{"type":"Feature","geometry":{"type":"Point","coordinates":[-93.2406517999198,44.9583682995499]},"properties":{"id":"agency-building-metropolitan-transit-police-2425-minnehaha-avenue-south","layer":"agency_building","name":"Metropolitan Transit Police","county":"Hennepin County","state":"MN","countyFips":"27053","confidence":"confirmed","sourceDate":null,"attributes":{"agencyType":"Police","address":"2425 MINNEHAHA AVENUE SOUTH","city":"MINNEAPOLIS","subStation":null,"jurisdictionId":null,"jurisdictionName":null}}},{"type":"Feature","geometry":{"type":"Point","coordinates":[-93.2780132994233,45.0008148000751]},"properties":{"id":"agency-building-minneapolis-park-police-2117-north-west-river-road","layer":"agency_building","name":"Minneapolis Park Police","county":"Hennepin County","state":"MN","countyFips":"27053","confidence":"confirmed","sourceDate":null,"attributes":{"agencyType":"Police","address":"2117 NORTH WEST RIVER ROAD","city":"MINNEAPOLIS","subStation":null,"jurisdictionId":null,"jurisdictionName":null}}},{"type":"Feature","geometry":{"type":"Point","coordinates":[-93.2114844000614,44.8834066001887]},"properties":{"id":"agency-building-minneapolis-saint-paul-international-airport-police-4300-glumack-drive-lindbergh-terminal-suite-3255","layer":"agency_building","name":"Metropolitan Airports Commission Police","county":"Hennepin County","state":"MN","countyFips":"27053","confidence":"confirmed","sourceDate":null,"attributes":{"agencyType":"Police","address":"4300 GLUMACK DRIVE, LINDBERGH TERMINAL SUITE 3255","city":"MSP INTL. AIRPORT","subStation":null,"jurisdictionId":"agency-jurisdiction-metropolitan-airports-commission-police","jurisdictionName":"Metropolitan Airports Commission Police"}}},{"type":"Feature","geometry":{"type":"Point","coordinates":[-93.2282968997114,44.8739721007355]},"properties":{"id":"agency-building-minneapolis-saint-paul-international-airport-police-7150-humphrey-drive","layer":"agency_building","name":"Metropolitan Airports Commission Police","county":"Hennepin County","state":"MN","countyFips":"27053","confidence":"confirmed","sourceDate":null,"attributes":{"agencyType":"Police","address":"7150 HUMPHREY DRIVE","city":"MSP INTL. AIRPORT","subStation":null,"jurisdictionId":"agency-jurisdiction-metropolitan-airports-commission-police","jurisdictionName":"Metropolitan Airports Commission Police"}}},{"type":"Feature","geometry":{"type":"Point","coordinates":[-93.3990468465374,45.1044929010435]},"properties":{"id":"agency-building-hennepin-county-sheriff-9401-83rd-avenue-north","layer":"agency_building","name":"Hennepin County Sheriff","county":"Hennepin County","state":"MN","countyFips":"27053","confidence":"confirmed","sourceDate":null,"attributes":{"agencyType":"Sheriff","address":"9401 83rd Avenue North","city":"Brooklyn Park","subStation":null,"jurisdictionId":"agency-jurisdiction-hennepin-county-sheriff","jurisdictionName":"Hennepin County Sheriff"}}},{"type":"Feature","geometry":{"type":"Point","coordinates":[-93.6276317740921,44.9348498825752]},"properties":{"id":"agency-building-hennepin-county-sheriff-4141-shoreline-drive","layer":"agency_building","name":"Hennepin County Sheriff","county":"Hennepin County","state":"MN","countyFips":"27053","confidence":"confirmed","sourceDate":null,"attributes":{"agencyType":"Sheriff","address":"4141 Shoreline Drive","city":"Spring Park","subStation":null,"jurisdictionId":"agency-jurisdiction-hennepin-county-sheriff","jurisdictionName":"Hennepin County Sheriff"}}},{"type":"Feature","geometry":{"type":"Point","coordinates":[-93.4778131348938,44.9933732205867]},"properties":{"id":"agency-building-emergency-communications-facility-1245-shenandoah-lane-north","layer":"agency_building","name":"Emergency Communications Facility","county":"Hennepin County","state":"MN","countyFips":"27053","confidence":"confirmed","sourceDate":null,"attributes":{"agencyType":"Other","address":"1245 Shenandoah Lane North","city":"Plymouth","subStation":null,"jurisdictionId":null,"jurisdictionName":null}}},{"type":"Feature","geometry":{"type":"Point","coordinates":[-93.2616273960084,44.9739683203972]},"properties":{"id":"agency-building-hennepin-county-sheriff-531-park-avenue-south","layer":"agency_building","name":"Hennepin County Sheriff","county":"Hennepin County","state":"MN","countyFips":"27053","confidence":"confirmed","sourceDate":null,"attributes":{"agencyType":"Sheriff","address":"531 Park Avenue South","city":"Minneapolis","subStation":null,"jurisdictionId":"agency-jurisdiction-hennepin-county-sheriff","jurisdictionName":"Hennepin County Sheriff"}}},{"type":"Feature","geometry":{"type":"Point","coordinates":[-91.3047914005923,43.8288932002089]},"properties":{"id":"agency-building-la-crescent-police-315-main-street","layer":"agency_building","name":"La Crescent Police","county":"Houston County","state":"MN","countyFips":"27055","confidence":"confirmed","sourceDate":null,"attributes":{"agencyType":"Police","address":"315 MAIN STREET","city":"LA CRESCENT","subStation":null,"jurisdictionId":null,"jurisdictionName":null}}},{"type":"Feature","geometry":{"type":"Point","coordinates":[-91.4945336995328,43.6343452001001]},"properties":{"id":"agency-building-caledonia-police-304-east-main-street","layer":"agency_building","name":"Caledonia Police","county":"Houston County","state":"MN","countyFips":"27055","confidence":"confirmed","sourceDate":null,"attributes":{"agencyType":"Police","address":"304 EAST MAIN STREET","city":"CALEDONIA","subStation":null,"jurisdictionId":null,"jurisdictionName":null}}},{"type":"Feature","geometry":{"type":"Point","coordinates":[-91.6379228148284,43.5614704544702]},"properties":{"id":"agency-building-spring-grove-police-118-1st-avenue-northwest","layer":"agency_building","name":"Spring Grove Police","county":"Houston County","state":"MN","countyFips":"27055","confidence":"confirmed","sourceDate":null,"attributes":{"agencyType":"Police","address":"118 1ST AVENUE NORTHWEST","city":"SPRING GROVE","subStation":null,"jurisdictionId":null,"jurisdictionName":null}}},{"type":"Feature","geometry":{"type":"Point","coordinates":[-91.3519385224719,43.7572858933469]},"properties":{"id":"agency-building-hokah-police-211-main-street-suite-2","layer":"agency_building","name":"Hokah Police","county":"Houston County","state":"MN","countyFips":"27055","confidence":"confirmed","sourceDate":null,"attributes":{"agencyType":"Police","address":"211 MAIN STREET, SUITE 2","city":"HOKAH","subStation":null,"jurisdictionId":null,"jurisdictionName":null}}},{"type":"Feature","geometry":{"type":"Point","coordinates":[-91.4953044145207,43.6325593410848]},"properties":{"id":"agency-building-houston-county-sheriff-306-south-marshall-street","layer":"agency_building","name":"Houston County Sheriff","county":"Houston County","state":"MN","countyFips":"27055","confidence":"confirmed","sourceDate":null,"attributes":{"agencyType":"Sheriff","address":"306 SOUTH MARSHALL STREET","city":"CALEDONIA","subStation":null,"jurisdictionId":null,"jurisdictionName":null}}},{"type":"Feature","geometry":{"type":"Point","coordinates":[-91.5696966691114,43.7634721094193]},"properties":{"id":"agency-building-houston-police-109-west-cedar-street","layer":"agency_building","name":"Houston Police","county":"Houston County","state":"MN","countyFips":"27055","confidence":"confirmed","sourceDate":null,"attributes":{"agencyType":"Police","address":"109 WEST CEDAR STREET","city":"HOUSTON","subStation":null,"jurisdictionId":null,"jurisdictionName":null}}},{"type":"Feature","geometry":{"type":"Point","coordinates":[-94.7276911747891,47.0037099755868]},"properties":{"id":"agency-building-akeley-police-25-broadway-street","layer":"agency_building","name":"Akeley Police","county":"Hubbard County","state":"MN","countyFips":"27057","confidence":"confirmed","sourceDate":null,"attributes":{"agencyType":"Police","address":"25 BROADWAY STREET","city":"AKELEY","subStation":null,"jurisdictionId":null,"jurisdictionName":null}}},{"type":"Feature","geometry":{"type":"Point","coordinates":[-95.0696846992717,46.9082074997912]},"properties":{"id":"agency-building-park-rapids-police-1425-fair-avenue","layer":"agency_building","name":"Park Rapids Police","county":"Hubbard County","state":"MN","countyFips":"27057","confidence":"confirmed","sourceDate":null,"attributes":{"agencyType":"Police","address":"1425 FAIR AVENUE","city":"PARK RAPIDS","subStation":null,"jurisdictionId":null,"jurisdictionName":null}}},{"type":"Feature","geometry":{"type":"Point","coordinates":[-95.0638930001236,46.9197510005863]},"properties":{"id":"agency-building-hubbard-county-sheriff-301-court-avenue","layer":"agency_building","name":"Hubbard County Sheriff","county":"Hubbard County","state":"MN","countyFips":"27057","confidence":"confirmed","sourceDate":null,"attributes":{"agencyType":"Sheriff","address":"301 COURT AVENUE","city":"PARK RAPIDS","subStation":null,"jurisdictionId":null,"jurisdictionName":null}}},{"type":"Feature","geometry":{"type":"Point","coordinates":[-94.8429549754817,46.9647839775889]},"properties":{"id":"agency-building-nevis-police-104-main-street-west","layer":"agency_building","name":"Nevis Police","county":"Hubbard County","state":"MN","countyFips":"27057","confidence":"confirmed","sourceDate":null,"attributes":{"agencyType":"Police","address":"104 MAIN STREET WEST","city":"NEVIS","subStation":null,"jurisdictionId":null,"jurisdictionName":null}}},{"type":"Feature","geometry":{"type":"Point","coordinates":[-94.6997323725678,47.3800816139857]},"properties":{"id":"agency-building-sheriff-32185-500th-street","layer":"agency_building","name":"Sheriff","county":"Hubbard County","state":"MN","countyFips":"27057","confidence":"confirmed","sourceDate":null,"attributes":{"agencyType":"Sheriff","address":"32185 500th Street","city":"Cass Lake","subStation":null,"jurisdictionId":null,"jurisdictionName":null}}},{"type":"Feature","geometry":{"type":"Point","coordinates":[-93.2207441001611,45.5750229002906]},"properties":{"id":"agency-building-cambridge-police-300-3rd-avenue-northeast","layer":"agency_building","name":"Cambridge Police","county":"Isanti County","state":"MN","countyFips":"27059","confidence":"confirmed","sourceDate":null,"attributes":{"agencyType":"Police","address":"300 3RD AVENUE NORTHEAST","city":"CAMBRIDGE","subStation":null,"jurisdictionId":"agency-jurisdiction-cambridge-police","jurisdictionName":"Cambridge Police"}}},{"type":"Feature","geometry":{"type":"Point","coordinates":[-93.1721950000755,45.7237409998822]},"properties":{"id":"agency-building-braham-police-201-south-broadway-avenue","layer":"agency_building","name":"Braham Police","county":"Isanti County","state":"MN","countyFips":"27059","confidence":"confirmed","sourceDate":null,"attributes":{"agencyType":"Police","address":"201 SOUTH BROADWAY AVENUE","city":"BRAHAM","subStation":null,"jurisdictionId":"agency-jurisdiction-braham-police","jurisdictionName":"Braham Police"}}},{"type":"Feature","geometry":{"type":"Point","coordinates":[-93.2479588006454,45.4933868003043]},"properties":{"id":"agency-building-isanti-police-401-1st-avenue-north","layer":"agency_building","name":"Isanti Police","county":"Isanti County","state":"MN","countyFips":"27059","confidence":"confirmed","sourceDate":null,"attributes":{"agencyType":"Police","address":"401 1ST AVENUE NORTH","city":"ISANTI","subStation":null,"jurisdictionId":"agency-jurisdiction-isanti-police","jurisdictionName":"Isanti Police"}}},{"type":"Feature","geometry":{"type":"Point","coordinates":[-93.2298296007576,45.5561152999807]},"properties":{"id":"agency-building-isanti-county-sheriff-jail-and-dispatch-509-18th-avenue-southwest","layer":"agency_building","name":"Isanti County Sheriff — Jail and Dispatch","county":"Isanti County","state":"MN","countyFips":"27059","confidence":"confirmed","sourceDate":null,"attributes":{"agencyType":"Sheriff","address":"509 18TH AVENUE SOUTHWEST","city":"CAMBRIDGE","subStation":"Jail and Dispatch","jurisdictionId":"agency-jurisdiction-isanti-county-sheriff","jurisdictionName":"Isanti County Sheriff"}}},{"type":"Feature","geometry":{"type":"Point","coordinates":[-93.2309330319638,45.5506589988537]},"properties":{"id":"agency-building-isanti-county-sheriff-administrative-offices-2440-s-main-street","layer":"agency_building","name":"Isanti County Sheriff — Administrative Offices","county":"Isanti County","state":"MN","countyFips":"27059","confidence":"confirmed","sourceDate":null,"attributes":{"agencyType":"Sheriff","address":"2440 S Main Street","city":"Cambridge","subStation":"Administrative Offices","jurisdictionId":"agency-jurisdiction-isanti-county-sheriff","jurisdictionName":"Isanti County Sheriff"}}},{"type":"Feature","geometry":{"type":"Point","coordinates":[-91.6715324340724,47.0221103141854]},"properties":{"id":"agency-building-two-harbors-police-613-3rd-avenue-lake-county-law-enforcement-center","layer":"agency_building","name":"Two Harbors Police","county":"Lake County","state":"MN","countyFips":"27075","confidence":"confirmed","sourceDate":null,"attributes":{"agencyType":"Police","address":"613 3RD AVENUE, LAKE COUNTY LAW ENFORCEMENT CENTER","city":"TWO HARBORS","subStation":null,"jurisdictionId":null,"jurisdictionName":null}}},{"type":"Feature","geometry":{"type":"Point","coordinates":[-91.2697747995261,47.294783299928]},"properties":{"id":"agency-building-silver-bay-police-7-davis-drive-city-hall","layer":"agency_building","name":"Silver Bay Police","county":"Lake County","state":"MN","countyFips":"27075","confidence":"confirmed","sourceDate":null,"attributes":{"agencyType":"Police","address":"7 DAVIS DRIVE, CITY HALL","city":"SILVER BAY","subStation":null,"jurisdictionId":null,"jurisdictionName":null}}},{"type":"Feature","geometry":{"type":"Point","coordinates":[-91.6718563405127,47.0221357090157]},"properties":{"id":"agency-building-lake-county-sheriff-613-3rd-avenue-law-enforcement-center","layer":"agency_building","name":"Lake County Sheriff","county":"Lake County","state":"MN","countyFips":"27075","confidence":"confirmed","sourceDate":null,"attributes":{"agencyType":"Sheriff","address":"613 3RD AVENUE, LAW ENFORCEMENT CENTER","city":"TWO HARBORS","subStation":null,"jurisdictionId":null,"jurisdictionName":null}}},{"type":"Feature","geometry":{"type":"Point","coordinates":[-95.9696136091698,47.3178033113563]},"properties":{"id":"agency-building-mahnomen-county-sheriff-311-north-main-street","layer":"agency_building","name":"Mahnomen County Sheriff","county":"Mahnomen County","state":"MN","countyFips":"27087","confidence":"confirmed","sourceDate":null,"attributes":{"agencyType":"Sheriff","address":"311 NORTH MAIN STREET","city":"MAHNOMEN","subStation":null,"jurisdictionId":null,"jurisdictionName":null}}},{"type":"Feature","geometry":{"type":"Point","coordinates":[-95.9442892272497,47.1814203583786]},"properties":{"id":"agency-building-waubun-police-mobile-unit","layer":"agency_building","name":"Waubun Police","county":"Mahnomen County","state":"MN","countyFips":"27087","confidence":"confirmed","sourceDate":null,"attributes":{"agencyType":"Police","address":"MOBILE UNIT","city":"WAUBUN","subStation":null,"jurisdictionId":null,"jurisdictionName":null}}},{"type":"Feature","geometry":{"type":"Point","coordinates":[-94.5475826065849,45.3250268961028]},"properties":{"id":"agency-building-eden-valley-police-171-cossairt-avenue-west","layer":"agency_building","name":"Eden Valley Police","county":"Meeker County","state":"MN","countyFips":"27093","confidence":"confirmed","sourceDate":null,"attributes":{"agencyType":"Police","address":"171 COSSAIRT AVENUE WEST","city":"EDEN VALLEY","subStation":null,"jurisdictionId":null,"jurisdictionName":null}}},{"type":"Feature","geometry":{"type":"Point","coordinates":[-94.5285763985532,45.1295585842754]},"properties":{"id":"agency-building-litchfield-police-326-north-ramsey-avenue","layer":"agency_building","name":"Litchfield Police","county":"Meeker County","state":"MN","countyFips":"27093","confidence":"confirmed","sourceDate":null,"attributes":{"agencyType":"Police","address":"326 NORTH RAMSEY AVENUE","city":"LITCHFIELD","subStation":null,"jurisdictionId":null,"jurisdictionName":null}}},{"type":"Feature","geometry":{"type":"Point","coordinates":[-94.5292955367691,45.1295666825478]},"properties":{"id":"agency-building-meeker-county-jail-meeker-county-sheriff-326-north-ramsey-avenue","layer":"agency_building","name":"Meeker County Jail / Meeker County Sheriff","county":"Meeker County","state":"MN","countyFips":"27093","confidence":"confirmed","sourceDate":null,"attributes":{"agencyType":"Sheriff","address":"326 NORTH RAMSEY AVENUE","city":"LITCHFIELD","subStation":null,"jurisdictionId":null,"jurisdictionName":null}}},{"type":"Feature","geometry":{"type":"Point","coordinates":[-94.4091382686691,45.3151954454117]},"properties":{"id":"agency-building-meeker-county-sheriff-111-central-ave-s","layer":"agency_building","name":"Meeker County Sheriff","county":"Meeker County","state":"MN","countyFips":"27093","confidence":"confirmed","sourceDate":null,"attributes":{"agencyType":"Sheriff","address":"111 CENTRAL AVE S","city":"WATKINS","subStation":null,"jurisdictionId":null,"jurisdictionName":null}}},{"type":"Feature","geometry":{"type":"Point","coordinates":[-95.5970940548268,43.8694237081861]},"properties":{"id":"agency-building-fulda-police-305-east-front-street","layer":"agency_building","name":"Fulda Police","county":"Murray County","state":"MN","countyFips":"27101","confidence":"confirmed","sourceDate":null,"attributes":{"agencyType":"Police","address":"305 EAST FRONT STREET","city":"FULDA","subStation":null,"jurisdictionId":null,"jurisdictionName":null}}},{"type":"Feature","geometry":{"type":"Point","coordinates":[-95.7559727504978,43.9909139260426]},"properties":{"id":"agency-building-slayton-police-2223-broadway-avenue","layer":"agency_building","name":"Slayton Police","county":"Murray County","state":"MN","countyFips":"27101","confidence":"confirmed","sourceDate":null,"attributes":{"agencyType":"Police","address":"2223 BROADWAY AVENUE","city":"SLAYTON","subStation":null,"jurisdictionId":null,"jurisdictionName":null}}},{"type":"Feature","geometry":{"type":"Point","coordinates":[-95.7564240667915,43.98414245201]},"properties":{"id":"agency-building-murray-county-sheriff-2558-29th-street","layer":"agency_building","name":"Murray County Sheriff","county":"Murray County","state":"MN","countyFips":"27101","confidence":"confirmed","sourceDate":null,"attributes":{"agencyType":"Sheriff","address":"2558 29th Street","city":"SLAYTON","subStation":null,"jurisdictionId":null,"jurisdictionName":null}}},{"type":"Feature","geometry":{"type":"Point","coordinates":[-93.9551504014963,44.3236983998069]},"properties":{"id":"agency-building-saint-peter-police-207-south-front-street","layer":"agency_building","name":"Saint Peter Police","county":"Nicollet County","state":"MN","countyFips":"27103","confidence":"confirmed","sourceDate":null,"attributes":{"agencyType":"Police","address":"207 SOUTH FRONT STREET","city":"SAINT PETER","subStation":null,"jurisdictionId":null,"jurisdictionName":null}}},{"type":"Feature","geometry":{"type":"Point","coordinates":[-94.0254231007716,44.1681288999383]},"properties":{"id":"agency-building-north-mankato-police-1001-belgrade-avenue","layer":"agency_building","name":"North Mankato Police","county":"Nicollet County","state":"MN","countyFips":"27103","confidence":"confirmed","sourceDate":null,"attributes":{"agencyType":"Police","address":"1001 BELGRADE AVENUE","city":"NORTH MANKATO","subStation":null,"jurisdictionId":null,"jurisdictionName":null}}},{"type":"Feature","geometry":{"type":"Point","coordinates":[-93.9580311997978,44.3215589999646]},"properties":{"id":"agency-building-nicollet-county-sheriff-501-south-minnesota-avenue","layer":"agency_building","name":"Nicollet County Sheriff","county":"Nicollet County","state":"MN","countyFips":"27103","confidence":"confirmed","sourceDate":null,"attributes":{"agencyType":"Sheriff","address":"501 SOUTH MINNESOTA AVENUE","city":"SAINT PETER","subStation":null,"jurisdictionId":null,"jurisdictionName":null}}},{"type":"Feature","geometry":{"type":"Point","coordinates":[-92.4603480365716,44.0198919822551]},"properties":{"id":"agency-building-olmsted-county-sheriff-101-4th-street-southeast","layer":"agency_building","name":"Olmsted County Sheriff","county":"Olmsted County","state":"MN","countyFips":"27109","confidence":"confirmed","sourceDate":null,"attributes":{"agencyType":"Sheriff","address":"101 4TH STREET SOUTHEAST","city":"ROCHESTER","subStation":null,"jurisdictionId":null,"jurisdictionName":null}}},{"type":"Feature","geometry":{"type":"Point","coordinates":[-92.4607895495506,44.0196395015094]},"properties":{"id":"agency-building-rochester-police-101-4th-street-southeast","layer":"agency_building","name":"Rochester Police","county":"Olmsted County","state":"MN","countyFips":"27109","confidence":"confirmed","sourceDate":null,"attributes":{"agencyType":"Police","address":"101 4TH STREET SOUTHEAST","city":"ROCHESTER","subStation":null,"jurisdictionId":null,"jurisdictionName":null}}},{"type":"Feature","geometry":{"type":"Point","coordinates":[-92.5061184004467,44.0717793001019]},"properties":{"id":"agency-building-minnesota-state-patrol-2900-48th-street-northwest","layer":"agency_building","name":"Minnesota State Patrol","county":"Olmsted County","state":"MN","countyFips":"27109","confidence":"confirmed","sourceDate":null,"attributes":{"agencyType":"Other","address":"2900 48TH STREET NORTHWEST","city":"ROCHESTER","subStation":null,"jurisdictionId":null,"jurisdictionName":null}}},{"type":"Feature","geometry":{"type":"Point","coordinates":[-92.4752590300389,44.0642169835565]},"properties":{"id":"agency-building-rochester-police-4001-w-river-parkway-nw","layer":"agency_building","name":"Rochester Police","county":"Olmsted County","state":"MN","countyFips":"27109","confidence":"confirmed","sourceDate":null,"attributes":{"agencyType":"Police","address":"4001 W. River Parkway NW","city":"Rochester","subStation":null,"jurisdictionId":null,"jurisdictionName":null}}},{"type":"Feature","geometry":{"type":"Point","coordinates":[-96.6098736004085,47.7746368001135]},"properties":{"id":"agency-building-crookston-police-321-west-robert-street","layer":"agency_building","name":"Crookston Police","county":"Polk County","state":"MN","countyFips":"27119","confidence":"confirmed","sourceDate":null,"attributes":{"agencyType":"Police","address":"321 WEST ROBERT STREET","city":"CROOKSTON","subStation":null,"jurisdictionId":null,"jurisdictionName":null}}},{"type":"Feature","geometry":{"type":"Point","coordinates":[-96.6240586230739,47.7708433238761]},"properties":{"id":"agency-building-polk-county-sheriff-600-bruce-street","layer":"agency_building","name":"Polk County Sheriff","county":"Polk County","state":"MN","countyFips":"27119","confidence":"confirmed","sourceDate":null,"attributes":{"agencyType":"Sheriff","address":"600 BRUCE STREET","city":"CROOKSTON","subStation":null,"jurisdictionId":null,"jurisdictionName":null}}},{"type":"Feature","geometry":{"type":"Point","coordinates":[-97.0225646805835,47.931169265252]},"properties":{"id":"agency-building-east-grand-forks-police-520-demers-avenue","layer":"agency_building","name":"East Grand Forks Police","county":"Polk County","state":"MN","countyFips":"27119","confidence":"confirmed","sourceDate":null,"attributes":{"agencyType":"Police","address":"520 DEMERS AVENUE","city":"EAST GRAND FORKS","subStation":null,"jurisdictionId":null,"jurisdictionName":null}}},{"type":"Feature","geometry":{"type":"Point","coordinates":[-95.7494960059955,47.5747582361977]},"properties":{"id":"agency-building-fosston-police-220-1st-street-east","layer":"agency_building","name":"Fosston Police","county":"Polk County","state":"MN","countyFips":"27119","confidence":"confirmed","sourceDate":null,"attributes":{"agencyType":"Police","address":"220 1ST STREET EAST","city":"FOSSTON","subStation":null,"jurisdictionId":null,"jurisdictionName":null}}},{"type":"Feature","geometry":{"type":"Point","coordinates":[-93.0121672603414,45.0840161618673]},"properties":{"id":"agency-building-white-bear-lake-police-4701-north-united-states-highway-61","layer":"agency_building","name":"White Bear Lake Police","county":"Ramsey County","state":"MN","countyFips":"27123","confidence":"confirmed","sourceDate":null,"attributes":{"agencyType":"Police","address":"4701 NORTH UNITED STATES HIGHWAY 61","city":"WHITE BEAR LAKE","subStation":null,"jurisdictionId":"agency-jurisdiction-white-bear-lake-police","jurisdictionName":"White Bear Lake Police"}}},{"type":"Feature","geometry":{"type":"Point","coordinates":[-92.9917341000405,45.0138332998735]},"properties":{"id":"agency-building-north-saint-paul-police-2400-margaret-street-north","layer":"agency_building","name":"North Saint Paul Police","county":"Ramsey County","state":"MN","countyFips":"27123","confidence":"confirmed","sourceDate":null,"attributes":{"agencyType":"Police","address":"2400 MARGARET STREET NORTH","city":"NORTH SAINT PAUL","subStation":null,"jurisdictionId":"agency-jurisdiction-north-saint-paul-police","jurisdictionName":"North Saint Paul Police"}}},{"type":"Feature","geometry":{"type":"Point","coordinates":[-93.2047712001117,45.1040245005268]},"properties":{"id":"agency-building-mounds-view-police-2401-county-road-10","layer":"agency_building","name":"Mounds View Police","county":"Ramsey County","state":"MN","countyFips":"27123","confidence":"confirmed","sourceDate":null,"attributes":{"agencyType":"Police","address":"2401 COUNTY ROAD 10","city":"MOUNDS VIEW","subStation":null,"jurisdictionId":"agency-jurisdiction-mounds-view-police","jurisdictionName":"Mounds View Police"}}},{"type":"Feature","geometry":{"type":"Point","coordinates":[-93.1482652014301,45.0210008998796]},"properties":{"id":"agency-building-roseville-police-2660-civic-center-drive","layer":"agency_building","name":"Roseville Police","county":"Ramsey County","state":"MN","countyFips":"27123","confidence":"confirmed","sourceDate":null,"attributes":{"agencyType":"Police","address":"2660 CIVIC CENTER DRIVE","city":"ROSEVILLE","subStation":null,"jurisdictionId":"agency-jurisdiction-roseville-police","jurisdictionName":"Roseville Police"}}},{"type":"Feature","geometry":{"type":"Point","coordinates":[-93.0212518356731,45.0035905505292]},"properties":{"id":"agency-building-maplewood-police-1830-county-road-b-east","layer":"agency_building","name":"Maplewood Police","county":"Ramsey County","state":"MN","countyFips":"27123","confidence":"confirmed","sourceDate":null,"attributes":{"agencyType":"Police","address":"1830 COUNTY ROAD B EAST","city":"MAPLEWOOD","subStation":null,"jurisdictionId":"agency-jurisdiction-maplewood-police","jurisdictionName":"Maplewood Police"}}},{"type":"Feature","geometry":{"type":"Point","coordinates":[-93.085971386119,44.9569686408399]},"properties":{"id":"agency-building-ramsey-county-sheriff-425-grove-street-law-enforcement-center","layer":"agency_building","name":"Ramsey County Sheriff","county":"Ramsey County","state":"MN","countyFips":"27123","confidence":"confirmed","sourceDate":null,"attributes":{"agencyType":"Sheriff","address":"425 GROVE STREET, LAW ENFORCEMENT CENTER","city":"SAINT PAUL","subStation":null,"jurisdictionId":"agency-jurisdiction-ramsey-county-sheriff","jurisdictionName":"Ramsey County Sheriff"}}},{"type":"Feature","geometry":{"type":"Point","coordinates":[-93.1927311001215,45.0622589001097]},"properties":{"id":"agency-building-new-brighton-department-of-public-safety-police-785-old-united-states-highway-8-northwest","layer":"agency_building","name":"New Brighton Police","county":"Ramsey County","state":"MN","countyFips":"27123","confidence":"confirmed","sourceDate":null,"attributes":{"agencyType":"Police","address":"785 OLD UNITED STATES HIGHWAY 8 NORTHWEST","city":"NEW BRIGHTON","subStation":null,"jurisdictionId":"agency-jurisdiction-new-brighton-police","jurisdictionName":"New Brighton Police"}}},{"type":"Feature","geometry":{"type":"Point","coordinates":[-93.1759632000288,44.9805092002089]},"properties":{"id":"agency-building-minnesota-state-fair-police-1265-snelling-avenue-north-minnesota-state-fairgrounds","layer":"agency_building","name":"Minnesota State Fair Police","county":"Ramsey County","state":"MN","countyFips":"27123","confidence":"confirmed","sourceDate":null,"attributes":{"agencyType":"Police","address":"1265 SNELLING AVENUE NORTH, MINNESOTA STATE FAIRGROUNDS","city":"SAINT PAUL","subStation":null,"jurisdictionId":"agency-jurisdiction-minnesota-state-fair-police","jurisdictionName":"Minnesota State Fair Police"}}},{"type":"Feature","geometry":{"type":"Point","coordinates":[-93.0397959503227,44.9770469586537]},"properties":{"id":"agency-building-saint-paul-police-1212-prosperity-avenue","layer":"agency_building","name":"Saint Paul Police","county":"Ramsey County","state":"MN","countyFips":"27123","confidence":"confirmed","sourceDate":null,"attributes":{"agencyType":"Police","address":"1212 PROSPERITY AVENUE","city":"SAINT PAUL","subStation":null,"jurisdictionId":"agency-jurisdiction-saint-paul-police","jurisdictionName":"Saint Paul Police"}}},{"type":"Feature","geometry":{"type":"Point","coordinates":[-93.157345999346,44.9533162998735]},"properties":{"id":"agency-building-saint-paul-police-389-hamline-avenue","layer":"agency_building","name":"Saint Paul Police","county":"Ramsey County","state":"MN","countyFips":"27123","confidence":"confirmed","sourceDate":null,"attributes":{"agencyType":"Police","address":"389 HAMLINE AVENUE","city":"SAINT PAUL","subStation":null,"jurisdictionId":"agency-jurisdiction-saint-paul-police","jurisdictionName":"Saint Paul Police"}}},{"type":"Feature","geometry":{"type":"Point","coordinates":[-93.0924510744005,44.9482340399688]},"properties":{"id":"agency-building-saint-paul-police-skyway-substation-401-north-robert-street-suite-219","layer":"agency_building","name":"Saint Paul Police — Skyway Substation","county":"Ramsey County","state":"MN","countyFips":"27123","confidence":"confirmed","sourceDate":null,"attributes":{"agencyType":"Police","address":"401 NORTH ROBERT STREET, SUITE 219","city":"SAINT PAUL","subStation":"Skyway Substation","jurisdictionId":"agency-jurisdiction-saint-paul-police","jurisdictionName":"Saint Paul Police"}}},{"type":"Feature","geometry":{"type":"Point","coordinates":[-93.1620660999884,44.9711763002747]},"properties":{"id":"agency-building-minnesota-department-of-corrections-fugitive-apprehension-unit-1450-energy-park-drive-suite-200","layer":"agency_building","name":"Minnesota Department Of Corrections - Fugitive Apprehension Unit","county":"Ramsey County","state":"MN","countyFips":"27123","confidence":"confirmed","sourceDate":null,"attributes":{"agencyType":"Other","address":"1450 ENERGY PARK DRIVE, SUITE 200","city":"SAINT PAUL","subStation":null,"jurisdictionId":null,"jurisdictionName":null}}},{"type":"Feature","geometry":{"type":"Point","coordinates":[-93.0117682655232,44.9526178365718]},"properties":{"id":"agency-building-saint-paul-police-2107-old-hudson-road-sun-ray-shopping-center","layer":"agency_building","name":"Saint Paul Police","county":"Ramsey County","state":"MN","countyFips":"27123","confidence":"confirmed","sourceDate":null,"attributes":{"agencyType":"Police","address":"2107 OLD HUDSON ROAD, SUN RAY SHOPPING CENTER","city":"SAINT PAUL","subStation":null,"jurisdictionId":"agency-jurisdiction-saint-paul-police","jurisdictionName":"Saint Paul Police"}}},{"type":"Feature","geometry":{"type":"Point","coordinates":[-93.067157767901,44.9611339085033]},"properties":{"id":"agency-building-saint-paul-police-798-east-7th-street","layer":"agency_building","name":"Saint Paul Police","county":"Ramsey County","state":"MN","countyFips":"27123","confidence":"confirmed","sourceDate":null,"attributes":{"agencyType":"Police","address":"798 EAST 7TH STREET","city":"SAINT PAUL","subStation":null,"jurisdictionId":"agency-jurisdiction-saint-paul-police","jurisdictionName":"Saint Paul Police"}}},{"type":"Feature","geometry":{"type":"Point","coordinates":[-93.0768570999076,44.9310598000612]},"properties":{"id":"agency-building-saint-paul-police-west-side-substation-179-east-robie-street","layer":"agency_building","name":"Saint Paul Police — West Side Substation","county":"Ramsey County","state":"MN","countyFips":"27123","confidence":"confirmed","sourceDate":null,"attributes":{"agencyType":"Police","address":"179 EAST ROBIE STREET","city":"SAINT PAUL","subStation":"West Side Substation","jurisdictionId":"agency-jurisdiction-saint-paul-police","jurisdictionName":"Saint Paul Police"}}},{"type":"Feature","geometry":{"type":"Point","coordinates":[-93.097933499766,44.9481784996065]},"properties":{"id":"agency-building-ramsey-county-juvenile-detention-center-community-corrections-department-25-west-7th-street","layer":"agency_building","name":"Ramsey County Juvenile Detention Center Community Corrections Department","county":"Ramsey County","state":"MN","countyFips":"27123","confidence":"confirmed","sourceDate":null,"attributes":{"agencyType":"Other","address":"25 WEST 7TH STREET","city":"SAINT PAUL","subStation":null,"jurisdictionId":null,"jurisdictionName":null}}},{"type":"Feature","geometry":{"type":"Point","coordinates":[-93.0730045984548,44.9632864994596]},"properties":{"id":"agency-building-saint-paul-police-722-payne-avenue","layer":"agency_building","name":"Saint Paul Police","county":"Ramsey County","state":"MN","countyFips":"27123","confidence":"confirmed","sourceDate":null,"attributes":{"agencyType":"Police","address":"722 PAYNE AVENUE","city":"SAINT PAUL","subStation":null,"jurisdictionId":"agency-jurisdiction-saint-paul-police","jurisdictionName":"Saint Paul Police"}}},{"type":"Feature","geometry":{"type":"Point","coordinates":[-93.0841164656686,44.9562832072176]},"properties":{"id":"agency-building-minnesota-department-of-natural-resources-enforcement-division-500-lafayette-road-north","layer":"agency_building","name":"Minnesota Department Of Natural Resources - Enforcement Division","county":"Ramsey County","state":"MN","countyFips":"27123","confidence":"confirmed","sourceDate":null,"attributes":{"agencyType":"Other","address":"500 LAFAYETTE ROAD NORTH","city":"SAINT PAUL","subStation":null,"jurisdictionId":null,"jurisdictionName":null}}},{"type":"Feature","geometry":{"type":"Point","coordinates":[-93.0392307501089,44.9769207003882]},"properties":{"id":"agency-building-minnesota-department-of-public-safety-1430-maryland-avenue-east","layer":"agency_building","name":"Minnesota Department Of Public Safety","county":"Ramsey County","state":"MN","countyFips":"27123","confidence":"confirmed","sourceDate":null,"attributes":{"agencyType":"Police","address":"1430 MARYLAND AVENUE EAST","city":"SAINT PAUL","subStation":null,"jurisdictionId":null,"jurisdictionName":null}}},{"type":"Feature","geometry":{"type":"Point","coordinates":[-93.1694648339759,44.9029405354491]},"properties":{"id":"agency-building-saint-paul-police-saint-paul-police-dept-sibley-substation-2431-7th-st-w","layer":"agency_building","name":"Saint Paul Police — Saint Paul Police Dept. - Sibley Substation","county":"Ramsey County","state":"MN","countyFips":"27123","confidence":"confirmed","sourceDate":null,"attributes":{"agencyType":"Police","address":"2431 7th St W","city":"Saint Paul","subStation":"Saint Paul Police Dept. - Sibley Substation","jurisdictionId":"agency-jurisdiction-saint-paul-police","jurisdictionName":"Saint Paul Police"}}},{"type":"Feature","geometry":{"type":"Point","coordinates":[-93.1557104654543,44.9114567898836]},"properties":{"id":"agency-building-saint-paul-police-saint-paul-police-dept-city-wide-services-1820-edgcumbe-road","layer":"agency_building","name":"Saint Paul Police — Saint Paul Police Dept. - City Wide Services","county":"Ramsey County","state":"MN","countyFips":"27123","confidence":"confirmed","sourceDate":null,"attributes":{"agencyType":"Police","address":"1820 Edgcumbe Road","city":"Saint Paul","subStation":"Saint Paul Police Dept. - City Wide Services","jurisdictionId":"agency-jurisdiction-saint-paul-police","jurisdictionName":"Saint Paul Police"}}},{"type":"Feature","geometry":{"type":"Point","coordinates":[-93.0925745702942,44.9877375586214]},"properties":{"id":"agency-building-saint-paul-police-saint-paul-police-dept-acop-1541-timberlake-rd-unit-g","layer":"agency_building","name":"Saint Paul Police — Saint Paul Police Dept. - Acop","county":"Ramsey County","state":"MN","countyFips":"27123","confidence":"confirmed","sourceDate":null,"attributes":{"agencyType":"Police","address":"1541 Timberlake Rd, Unit G","city":"Saint Paul","subStation":"Saint Paul Police Dept. - Acop","jurisdictionId":"agency-jurisdiction-saint-paul-police","jurisdictionName":"Saint Paul Police"}}},{"type":"Feature","geometry":{"type":"Point","coordinates":[-93.1025839522278,44.9963356117177]},"properties":{"id":"agency-building-saint-paul-police-saint-paul-police-dept-canine-headquarters-1900-rice-st-n","layer":"agency_building","name":"Saint Paul Police — Saint Paul Police Dept. - Canine Headquarters","county":"Ramsey County","state":"MN","countyFips":"27123","confidence":"confirmed","sourceDate":null,"attributes":{"agencyType":"Police","address":"1900 Rice St N","city":"Saint Paul","subStation":"Saint Paul Police Dept. - Canine Headquarters","jurisdictionId":"agency-jurisdiction-saint-paul-police","jurisdictionName":"Saint Paul Police"}}},{"type":"Feature","geometry":{"type":"Point","coordinates":[-93.1018067064878,45.0320682516737]},"properties":{"id":"agency-building-ramsey-county-sheriff-ramsey-county-sheriff-water-patrol-5-south-owasso-blvd-w","layer":"agency_building","name":"Ramsey County Sheriff — Ramsey County Sheriff - Water Patrol","county":"Ramsey County","state":"MN","countyFips":"27123","confidence":"confirmed","sourceDate":null,"attributes":{"agencyType":"Sheriff","address":"5 South Owasso Blvd W","city":"Little Canada","subStation":"Ramsey County Sheriff - Water Patrol","jurisdictionId":"agency-jurisdiction-ramsey-county-sheriff","jurisdictionName":"Ramsey County Sheriff"}}},{"type":"Feature","geometry":{"type":"Point","coordinates":[-93.1601252502912,45.080105471016]},"properties":{"id":"agency-building-ramsey-county-sheriff-ramsey-county-sheriff-sheriff-patrol-office-1411-paul-kirkwold-drive","layer":"agency_building","name":"Ramsey County Sheriff — Ramsey County Sheriff - Sheriff Patrol Office","county":"Ramsey County","state":"MN","countyFips":"27123","confidence":"confirmed","sourceDate":null,"attributes":{"agencyType":"Sheriff","address":"1411 Paul Kirkwold Drive","city":"Arden Hills","subStation":"Ramsey County Sheriff - Sheriff Patrol Office","jurisdictionId":"agency-jurisdiction-ramsey-county-sheriff","jurisdictionName":"Ramsey County Sheriff"}}},{"type":"Feature","geometry":{"type":"Point","coordinates":[-93.0872840493279,44.9560986319878]},"properties":{"id":"agency-building-saint-paul-police-headquarters-367-grove-street","layer":"agency_building","name":"Saint Paul Police — Headquarters","county":"Ramsey County","state":"MN","countyFips":"27123","confidence":"confirmed","sourceDate":null,"attributes":{"agencyType":"Police","address":"367 GROVE STREET","city":"SAINT PAUL","subStation":"Headquarters","jurisdictionId":"agency-jurisdiction-saint-paul-police","jurisdictionName":"Saint Paul Police"}}},{"type":"Feature","geometry":{"type":"Point","coordinates":[-93.0942769972335,44.9481649905709]},"properties":{"id":"agency-building-minnesota-alcohol-and-gambling-enforcement-division-445-minnesota-street-suite-1600","layer":"agency_building","name":"Minnesota Alcohol And Gambling Enforcement Division","county":"Ramsey County","state":"MN","countyFips":"27123","confidence":"confirmed","sourceDate":null,"attributes":{"agencyType":"Other","address":"445 Minnesota Street, Suite 1600","city":"SAINT PAUL","subStation":null,"jurisdictionId":null,"jurisdictionName":null}}},{"type":"Feature","geometry":{"type":"Point","coordinates":[-93.0942769972335,44.9481649905709]},"properties":{"id":"agency-building-minnesota-state-patrol-445-minnesota-street-suite-130","layer":"agency_building","name":"Minnesota State Patrol","county":"Ramsey County","state":"MN","countyFips":"27123","confidence":"confirmed","sourceDate":null,"attributes":{"agencyType":"Other","address":"445 Minnesota Street, Suite 130","city":"SAINT PAUL","subStation":null,"jurisdictionId":null,"jurisdictionName":null}}},{"type":"Feature","geometry":{"type":"Point","coordinates":[-92.1394580284926,47.5203020161895]},"properties":{"id":"agency-building-east-range-police-hoyt-lakes-station-801-dorchester-dr","layer":"agency_building","name":"East Range Police — Hoyt Lakes Station","county":"St. Louis County","state":"MN","countyFips":"27137","confidence":"confirmed","sourceDate":null,"attributes":{"agencyType":"Police","address":"801 Dorchester Dr","city":"HOYT LAKES","subStation":"Hoyt Lakes Station","jurisdictionId":null,"jurisdictionName":null}}},{"type":"Feature","geometry":{"type":"Point","coordinates":[-92.2379700340889,47.5291839834464]},"properties":{"id":"agency-building-east-range-police-aurora-station-16-w-2nd-ave-n","layer":"agency_building","name":"East Range Police — Aurora Station","county":"St. Louis County","state":"MN","countyFips":"27137","confidence":"confirmed","sourceDate":null,"attributes":{"agencyType":"Police","address":"16 W 2nd Ave N","city":"Aurora","subStation":"Aurora Station","jurisdictionId":null,"jurisdictionName":null}}},{"type":"Feature","geometry":{"type":"Point","coordinates":[-92.1065262851485,46.7836118659575]},"properties":{"id":"agency-building-saint-louis-county-sheriff-100-n-5th-ave-w","layer":"agency_building","name":"Saint Louis County Sheriff","county":"St. Louis County","state":"MN","countyFips":"27137","confidence":"confirmed","sourceDate":null,"attributes":{"agencyType":"Sheriff","address":"100 N 5th Ave W","city":"Duluth","subStation":null,"jurisdictionId":null,"jurisdictionName":null}}},{"type":"Feature","geometry":{"type":"Point","coordinates":[-92.0844482394937,46.8171469292485]},"properties":{"id":"agency-building-university-of-minnesota-duluth-campus-police-1049-university-drive-darland-administration-building","layer":"agency_building","name":"University Of Minnesota - Duluth Campus Police","county":"St. Louis County","state":"MN","countyFips":"27137","confidence":"confirmed","sourceDate":null,"attributes":{"agencyType":"Police","address":"1049 University Drive, Darland Administration Building","city":"Duluth","subStation":null,"jurisdictionId":null,"jurisdictionName":null}}},{"type":"Feature","geometry":{"type":"Point","coordinates":[-92.9264416229711,47.4285342121175]},"properties":{"id":"agency-building-hibbing-police-1810-12th-ave-e-court-house","layer":"agency_building","name":"Hibbing Police","county":"St. Louis County","state":"MN","countyFips":"27137","confidence":"confirmed","sourceDate":null,"attributes":{"agencyType":"Police","address":"1810 12th Ave E, Court House","city":"Hibbing","subStation":null,"jurisdictionId":null,"jurisdictionName":null}}},{"type":"Feature","geometry":{"type":"Point","coordinates":[-92.2365522841614,47.8178062374716]},"properties":{"id":"agency-building-breitung-police-41-1st-ave","layer":"agency_building","name":"Breitung Police","county":"St. Louis County","state":"MN","countyFips":"27137","confidence":"confirmed","sourceDate":null,"attributes":{"agencyType":"Police","address":"41 1st Ave","city":"Soudan","subStation":null,"jurisdictionId":null,"jurisdictionName":null}}},{"type":"Feature","geometry":{"type":"Point","coordinates":[-91.9394818999516,47.7076724996785]},"properties":{"id":"agency-building-babbitt-police-71-south-dr","layer":"agency_building","name":"Babbitt Police","county":"St. Louis County","state":"MN","countyFips":"27137","confidence":"confirmed","sourceDate":null,"attributes":{"agencyType":"Police","address":"71 South Dr","city":"Babbitt","subStation":null,"jurisdictionId":null,"jurisdictionName":null}}},{"type":"Feature","geometry":{"type":"Point","coordinates":[-91.846688900034,46.9523069004117]},"properties":{"id":"agency-building-duluth-township-police-6092-homestead-rd","layer":"agency_building","name":"Duluth Township Police","county":"St. Louis County","state":"MN","countyFips":"27137","confidence":"confirmed","sourceDate":null,"attributes":{"agencyType":"Police","address":"6092 Homestead Rd","city":"Duluth","subStation":null,"jurisdictionId":null,"jurisdictionName":null}}},{"type":"Feature","geometry":{"type":"Point","coordinates":[-92.4671211900834,47.4870752535728]},"properties":{"id":"agency-building-gilbert-police-16-broadway-st-s","layer":"agency_building","name":"Gilbert Police","county":"St. Louis County","state":"MN","countyFips":"27137","confidence":"confirmed","sourceDate":null,"attributes":{"agencyType":"Police","address":"16 Broadway St S","city":"Gilbert","subStation":null,"jurisdictionId":null,"jurisdictionName":null}}},{"type":"Feature","geometry":{"type":"Point","coordinates":[-92.5390586912607,47.4625980639617]},"properties":{"id":"agency-building-eveleth-police-415-pierce-st","layer":"agency_building","name":"Eveleth Police","county":"St. Louis County","state":"MN","countyFips":"27137","confidence":"confirmed","sourceDate":null,"attributes":{"agencyType":"Police","address":"415 Pierce St","city":"Eveleth","subStation":null,"jurisdictionId":null,"jurisdictionName":null}}},{"type":"Feature","geometry":{"type":"Point","coordinates":[-91.8635619856601,47.9025970157342]},"properties":{"id":"agency-building-ely-police-209-e-chapman-st","layer":"agency_building","name":"Ely Police","county":"St. Louis County","state":"MN","countyFips":"27137","confidence":"confirmed","sourceDate":null,"attributes":{"agencyType":"Police","address":"209 E Chapman St","city":"Ely","subStation":null,"jurisdictionId":null,"jurisdictionName":null}}},{"type":"Feature","geometry":{"type":"Point","coordinates":[-92.1291600223498,46.8178539080877]},"properties":{"id":"agency-building-duluth-police-2030-n-arlington-ave","layer":"agency_building","name":"Duluth Police","county":"St. Louis County","state":"MN","countyFips":"27137","confidence":"confirmed","sourceDate":null,"attributes":{"agencyType":"Police","address":"2030 N Arlington Ave","city":"Duluth","subStation":null,"jurisdictionId":null,"jurisdictionName":null}}},{"type":"Feature","geometry":{"type":"Point","coordinates":[-92.2201597001943,46.8088637004705]},"properties":{"id":"agency-building-hermantown-police-5111-maple-grove-rd","layer":"agency_building","name":"Hermantown Police","county":"St. Louis County","state":"MN","countyFips":"27137","confidence":"confirmed","sourceDate":null,"attributes":{"agencyType":"Police","address":"5111 Maple Grove Rd","city":"Hermantown","subStation":null,"jurisdictionId":null,"jurisdictionName":null}}},{"type":"Feature","geometry":{"type":"Point","coordinates":[-92.2261896002165,46.7426753002559]},"properties":{"id":"agency-building-proctor-police-100-pionk-dr-ste-101","layer":"agency_building","name":"Proctor Police","county":"St. Louis County","state":"MN","countyFips":"27137","confidence":"confirmed","sourceDate":null,"attributes":{"agencyType":"Police","address":"100 Pionk Dr, Ste 101","city":"Proctor","subStation":null,"jurisdictionId":null,"jurisdictionName":null}}},{"type":"Feature","geometry":{"type":"Point","coordinates":[-92.5611055249509,47.5237075718541]},"properties":{"id":"agency-building-minnesota-state-patrol-101-n-hoover-rd-ste-100","layer":"agency_building","name":"Minnesota State Patrol","county":"St. Louis County","state":"MN","countyFips":"27137","confidence":"confirmed","sourceDate":null,"attributes":{"agencyType":"Other","address":"101 N Hoover Rd, Ste 100","city":"Virginia","subStation":null,"jurisdictionId":null,"jurisdictionName":null}}},{"type":"Feature","geometry":{"type":"Point","coordinates":[-91.8635424994049,47.902592399685]},"properties":{"id":"agency-building-saint-louis-county-sheriff-209-e-chapman-st","layer":"agency_building","name":"Saint Louis County Sheriff","county":"St. Louis County","state":"MN","countyFips":"27137","confidence":"confirmed","sourceDate":null,"attributes":{"agencyType":"Sheriff","address":"209 E Chapman St","city":"Ely","subStation":null,"jurisdictionId":null,"jurisdictionName":null}}},{"type":"Feature","geometry":{"type":"Point","coordinates":[-92.1077000032375,46.7975390128156]},"properties":{"id":"agency-building-minnesota-state-patrol-1131-mesaba-ave","layer":"agency_building","name":"Minnesota State Patrol","county":"St. Louis County","state":"MN","countyFips":"27137","confidence":"confirmed","sourceDate":null,"attributes":{"agencyType":"Other","address":"1131 Mesaba Ave","city":"Duluth","subStation":null,"jurisdictionId":null,"jurisdictionName":null}}},{"type":"Feature","geometry":{"type":"Point","coordinates":[-92.3447310048345,47.5335670062544]},"properties":{"id":"agency-building-gilbert-police-105-3rd-ave-n","layer":"agency_building","name":"Gilbert Police","county":"St. Louis County","state":"MN","countyFips":"27137","confidence":"confirmed","sourceDate":null,"attributes":{"agencyType":"Police","address":"105 3rd Ave N","city":"Biwabik","subStation":null,"jurisdictionId":null,"jurisdictionName":null}}},{"type":"Feature","geometry":{"type":"Point","coordinates":[-92.9151945215778,46.9263757865079]},"properties":{"id":"agency-building-floodwood-police-111-w-8th-ave","layer":"agency_building","name":"Floodwood Police","county":"St. Louis County","state":"MN","countyFips":"27137","confidence":"confirmed","sourceDate":null,"attributes":{"agencyType":"Police","address":"111 W 8th Ave","city":"Floodwood","subStation":null,"jurisdictionId":null,"jurisdictionName":null}}},{"type":"Feature","geometry":{"type":"Point","coordinates":[-93.0677949608984,48.0594849951658]},"properties":{"id":"agency-building-bois-forte-police-12907-palmquist-rd","layer":"agency_building","name":"Bois Forte Police","county":"St. Louis County","state":"MN","countyFips":"27137","confidence":"confirmed","sourceDate":null,"attributes":{"agencyType":"Police","address":"12907 Palmquist Rd","city":"Nett Lake","subStation":null,"jurisdictionId":null,"jurisdictionName":null}}},{"type":"Feature","geometry":{"type":"Point","coordinates":[-92.926398707755,47.4285686885924]},"properties":{"id":"agency-building-saint-louis-county-sheriff-1810-12th-ave-e","layer":"agency_building","name":"Saint Louis County Sheriff","county":"St. Louis County","state":"MN","countyFips":"27137","confidence":"confirmed","sourceDate":null,"attributes":{"agencyType":"Sheriff","address":"1810 12th Ave E","city":"Hibbing","subStation":null,"jurisdictionId":null,"jurisdictionName":null}}},{"type":"Feature","geometry":{"type":"Point","coordinates":[-92.5897369683513,47.5185090015123]},"properties":{"id":"agency-building-saint-louis-county-sheriff-8586-enterprise-dr-s","layer":"agency_building","name":"Saint Louis County Sheriff","county":"St. Louis County","state":"MN","countyFips":"27137","confidence":"confirmed","sourceDate":null,"attributes":{"agencyType":"Sheriff","address":"8586 Enterprise Dr S","city":"Mountain Iron","subStation":null,"jurisdictionId":null,"jurisdictionName":null}}},{"type":"Feature","geometry":{"type":"Point","coordinates":[-92.5377499743508,47.5208690099177]},"properties":{"id":"agency-building-saint-louis-county-sheriff-300-s-5th-ave","layer":"agency_building","name":"Saint Louis County Sheriff","county":"St. Louis County","state":"MN","countyFips":"27137","confidence":"confirmed","sourceDate":null,"attributes":{"agencyType":"Sheriff","address":"300 S 5th Ave","city":"Virginia","subStation":null,"jurisdictionId":null,"jurisdictionName":null}}},{"type":"Feature","geometry":{"type":"Point","coordinates":[-96.8328410162952,45.594502793344]},"properties":{"id":"agency-building-traverse-county-sheriff-19-3rd-street-south","layer":"agency_building","name":"Traverse County Sheriff","county":"Traverse County","state":"MN","countyFips":"27155","confidence":"confirmed","sourceDate":null,"attributes":{"agencyType":"Sheriff","address":"19 3RD STREET SOUTH","city":"BROWNS VALLEY","subStation":null,"jurisdictionId":null,"jurisdictionName":null}}},{"type":"Feature","geometry":{"type":"Point","coordinates":[-96.4933544993278,45.8065523997607]},"properties":{"id":"agency-building-wheaton-police-203-7th-street-north-traverse-county-law-enforcement-center","layer":"agency_building","name":"Wheaton Police","county":"Traverse County","state":"MN","countyFips":"27155","confidence":"confirmed","sourceDate":null,"attributes":{"agencyType":"Police","address":"203 7TH STREET NORTH, TRAVERSE COUNTY LAW ENFORCEMENT CENTER","city":"WHEATON","subStation":null,"jurisdictionId":null,"jurisdictionName":null}}},{"type":"Feature","geometry":{"type":"Point","coordinates":[-96.4929579326557,45.8067983031108]},"properties":{"id":"agency-building-traverse-county-sheriff-203-7th-street-north-traverse-county-law-enforcement-center","layer":"agency_building","name":"Traverse County Sheriff","county":"Traverse County","state":"MN","countyFips":"27155","confidence":"confirmed","sourceDate":null,"attributes":{"agencyType":"Sheriff","address":"203 7TH STREET NORTH, TRAVERSE COUNTY LAW ENFORCEMENT CENTER","city":"WHEATON","subStation":null,"jurisdictionId":null,"jurisdictionName":null}}},{"type":"Feature","geometry":{"type":"Point","coordinates":[-92.0236001925639,44.3676370899202]},"properties":{"id":"agency-building-wabasha-police-848-17th-street-e","layer":"agency_building","name":"Wabasha Police","county":"Wabasha County","state":"MN","countyFips":"27157","confidence":"confirmed","sourceDate":null,"attributes":{"agencyType":"Police","address":"848 17th Street E","city":"Wabasha","subStation":null,"jurisdictionId":null,"jurisdictionName":null}}},{"type":"Feature","geometry":{"type":"Point","coordinates":[-92.0235879251703,44.3675824727717]},"properties":{"id":"agency-building-wabasha-county-sheriff-848-17th-street-e","layer":"agency_building","name":"Wabasha County Sheriff","county":"Wabasha County","state":"MN","countyFips":"27157","confidence":"confirmed","sourceDate":null,"attributes":{"agencyType":"Sheriff","address":"848 17th Street E","city":"Wabasha","subStation":null,"jurisdictionId":null,"jurisdictionName":null}}},{"type":"Feature","geometry":{"type":"Point","coordinates":[-92.1694341573468,44.1647365174897]},"properties":{"id":"agency-building-plainview-police-241-west-broadway","layer":"agency_building","name":"Plainview Police","county":"Wabasha County","state":"MN","countyFips":"27157","confidence":"confirmed","sourceDate":null,"attributes":{"agencyType":"Police","address":"241 WEST BROADWAY","city":"PLAINVIEW","subStation":null,"jurisdictionId":null,"jurisdictionName":null}}},{"type":"Feature","geometry":{"type":"Point","coordinates":[-92.2826041171645,44.4445650465806]},"properties":{"id":"agency-building-lake-city-police-601-n-10th-street","layer":"agency_building","name":"Lake City Police","county":"Wabasha County","state":"MN","countyFips":"27157","confidence":"confirmed","sourceDate":null,"attributes":{"agencyType":"Police","address":"601 N 10th Street","city":"LAKE CITY","subStation":null,"jurisdictionId":null,"jurisdictionName":null}}},{"type":"Feature","geometry":{"type":"Point","coordinates":[-96.2746454994347,44.7085831995459]},"properties":{"id":"agency-building-canby-police-110-oscar-avenue-north","layer":"agency_building","name":"Canby Police","county":"Yellow Medicine County","state":"MN","countyFips":"27173","confidence":"confirmed","sourceDate":null,"attributes":{"agencyType":"Police","address":"110 OSCAR AVENUE NORTH","city":"CANBY","subStation":null,"jurisdictionId":null,"jurisdictionName":null}}},{"type":"Feature","geometry":{"type":"Point","coordinates":[-95.545057822369,44.8092714375097]},"properties":{"id":"agency-building-yellow-medicine-county-sheriff-415-9th-ave-suite-103","layer":"agency_building","name":"Yellow Medicine County Sheriff","county":"Yellow Medicine County","state":"MN","countyFips":"27173","confidence":"confirmed","sourceDate":null,"attributes":{"agencyType":"Sheriff","address":"415 9th Ave Suite 103","city":"GRANITE FALLS","subStation":null,"jurisdictionId":null,"jurisdictionName":null}}},{"type":"Feature","geometry":{"type":"Point","coordinates":[-95.5450746361362,44.8092734973143]},"properties":{"id":"agency-building-granite-falls-police-415-9th-ave-suite-102","layer":"agency_building","name":"Granite Falls Police","county":"Yellow Medicine County","state":"MN","countyFips":"27173","confidence":"confirmed","sourceDate":null,"attributes":{"agencyType":"Police","address":"415 9th Ave Suite 102","city":"GRANITE FALLS","subStation":null,"jurisdictionId":null,"jurisdictionName":null}}},{"type":"Feature","geometry":{"type":"Point","coordinates":[-95.4952693032112,44.747058912925]},"properties":{"id":"agency-building-upper-sioux-police-5722-travers-lane","layer":"agency_building","name":"Upper Sioux Police","county":"Yellow Medicine County","state":"MN","countyFips":"27173","confidence":"confirmed","sourceDate":null,"attributes":{"agencyType":"Police","address":"5722 Travers Lane","city":"Granite Falls","subStation":null,"jurisdictionId":null,"jurisdictionName":null}}},{"type":"Feature","geometry":{"type":"Point","coordinates":[-95.6154299559398,45.3087379340092]},"properties":{"id":"agency-building-benson-police-2110-hall-ave","layer":"agency_building","name":"Benson Police","county":"Swift County","state":"MN","countyFips":"27151","confidence":"confirmed","sourceDate":null,"attributes":{"agencyType":"Police","address":"2110 Hall Ave","city":"BENSON","subStation":null,"jurisdictionId":null,"jurisdictionName":null}}},{"type":"Feature","geometry":{"type":"Point","coordinates":[-96.0960859179975,46.8864587797514]},"properties":{"id":"agency-building-lake-park-police-406-lake-street","layer":"agency_building","name":"Lake Park Police","county":"Becker County","state":"MN","countyFips":"27005","confidence":"confirmed","sourceDate":null,"attributes":{"agencyType":"Police","address":"406 LAKE STREET","city":"LAKE PARK","subStation":null,"jurisdictionId":null,"jurisdictionName":null}}},{"type":"Feature","geometry":{"type":"Point","coordinates":[-92.9729870022149,43.6691239912385]},"properties":{"id":"agency-building-mower-county-jail-201-2nd-ave-ne","layer":"agency_building","name":"Mower County Jail","county":"Mower County","state":"MN","countyFips":"27099","confidence":"confirmed","sourceDate":null,"attributes":{"agencyType":"Other","address":"201 2nd Ave NE","city":"Austin","subStation":null,"jurisdictionId":null,"jurisdictionName":null}}},{"type":"Feature","geometry":{"type":"Point","coordinates":[-94.1652411999089,43.7657869011553]},"properties":{"id":"agency-building-winnebago-police-140-main-street-south","layer":"agency_building","name":"Winnebago Police","county":"Faribault County","state":"MN","countyFips":"27043","confidence":"confirmed","sourceDate":null,"attributes":{"agencyType":"Police","address":"140 MAIN STREET SOUTH","city":"WINNEBAGO","subStation":null,"jurisdictionId":null,"jurisdictionName":null}}},{"type":"Feature","geometry":{"type":"Point","coordinates":[-94.0927625536044,43.6380142911745]},"properties":{"id":"agency-building-blue-earth-police-120-south-walnut-street","layer":"agency_building","name":"Blue Earth Police","county":"Faribault County","state":"MN","countyFips":"27043","confidence":"confirmed","sourceDate":null,"attributes":{"agencyType":"Police","address":"120 SOUTH WALNUT STREET","city":"BLUE EARTH","subStation":null,"jurisdictionId":null,"jurisdictionName":null}}},{"type":"Feature","geometry":{"type":"Point","coordinates":[-92.1885172999969,43.8463642999985]},"properties":{"id":"agency-building-chatfield-police-21-2nd-street-southeast","layer":"agency_building","name":"Chatfield Police","county":"Fillmore County","state":"MN","countyFips":"27045","confidence":"confirmed","sourceDate":null,"attributes":{"agencyType":"Police","address":"21 2ND STREET SOUTHEAST","city":"CHATFIELD","subStation":null,"jurisdictionId":null,"jurisdictionName":null}}},{"type":"Feature","geometry":{"type":"Point","coordinates":[-93.725141698457,43.7435412004055]},"properties":{"id":"agency-building-wells-police-125-south-broadway","layer":"agency_building","name":"Wells Police","county":"Faribault County","state":"MN","countyFips":"27043","confidence":"confirmed","sourceDate":null,"attributes":{"agencyType":"Police","address":"125 SOUTH BROADWAY","city":"WELLS","subStation":null,"jurisdictionId":null,"jurisdictionName":null}}},{"type":"Feature","geometry":{"type":"Point","coordinates":[-93.8328275264597,43.8411038037668]},"properties":{"id":"agency-building-minnesota-lake-police-101-main-street-north","layer":"agency_building","name":"Minnesota Lake Police","county":"Faribault County","state":"MN","countyFips":"27043","confidence":"confirmed","sourceDate":null,"attributes":{"agencyType":"Police","address":"101 MAIN STREET NORTH","city":"MINNESOTA LAKE","subStation":null,"jurisdictionId":null,"jurisdictionName":null}}},{"type":"Feature","geometry":{"type":"Point","coordinates":[-92.5718692799969,43.7055845099985]},"properties":{"id":"agency-building-grand-meadow-police-112-grand-avenue-east","layer":"agency_building","name":"Grand Meadow Police","county":"Mower County","state":"MN","countyFips":"27099","confidence":"confirmed","sourceDate":null,"attributes":{"agencyType":"Police","address":"112 GRAND AVENUE EAST","city":"GRAND MEADOW","subStation":null,"jurisdictionId":null,"jurisdictionName":null}}},{"type":"Feature","geometry":{"type":"Point","coordinates":[-94.0990576193415,43.6550995915742]},"properties":{"id":"agency-building-faribault-county-sheriff-320-dr-h-russ-street","layer":"agency_building","name":"Faribault County Sheriff","county":"Faribault County","state":"MN","countyFips":"27043","confidence":"confirmed","sourceDate":null,"attributes":{"agencyType":"Sheriff","address":"320 Dr H Russ Street","city":"BLUE EARTH","subStation":null,"jurisdictionId":null,"jurisdictionName":null}}},{"type":"Feature","geometry":{"type":"Point","coordinates":[-92.9739516999968,43.6677949999985]},"properties":{"id":"agency-building-austin-city-police-201-1st-street-northeast","layer":"agency_building","name":"Austin City Police","county":"Mower County","state":"MN","countyFips":"27099","confidence":"confirmed","sourceDate":null,"attributes":{"agencyType":"Police","address":"201 1ST STREET NORTHEAST","city":"AUSTIN","subStation":null,"jurisdictionId":null,"jurisdictionName":null}}},{"type":"Feature","geometry":{"type":"Point","coordinates":[-92.9739516004889,43.6677894033477]},"properties":{"id":"agency-building-mower-county-sheriff-201-1st-street-northeast","layer":"agency_building","name":"Mower County Sheriff","county":"Mower County","state":"MN","countyFips":"27099","confidence":"confirmed","sourceDate":null,"attributes":{"agencyType":"Sheriff","address":"201 1ST STREET NORTHEAST","city":"AUSTIN","subStation":null,"jurisdictionId":null,"jurisdictionName":null}}},{"type":"Feature","geometry":{"type":"Point","coordinates":[-91.7550189299969,43.8065067599985]},"properties":{"id":"agency-building-rushford-police-405-south-elm-street","layer":"agency_building","name":"Rushford Police","county":"Fillmore County","state":"MN","countyFips":"27045","confidence":"confirmed","sourceDate":null,"attributes":{"agencyType":"Police","address":"405 SOUTH ELM STREET","city":"RUSHFORD","subStation":null,"jurisdictionId":null,"jurisdictionName":null}}},{"type":"Feature","geometry":{"type":"Point","coordinates":[-93.4463427482984,44.2245923463459]},"properties":{"id":"agency-building-rice-county-sheriff-morristown-substation-109-2nd-st-sw","layer":"agency_building","name":"Rice County Sheriff — Morristown Substation","county":"Rice County","state":"MN","countyFips":"27131","confidence":"confirmed","sourceDate":null,"attributes":{"agencyType":"Sheriff","address":"109 2nd St SW","city":"MORRISTOWN","subStation":"Morristown Substation","jurisdictionId":null,"jurisdictionName":null}}},{"type":"Feature","geometry":{"type":"Point","coordinates":[-93.267685735687,44.3237190493127]},"properties":{"id":"agency-building-rice-county-sheriff-50-east-view-dr","layer":"agency_building","name":"Rice County Sheriff","county":"Rice County","state":"MN","countyFips":"27131","confidence":"confirmed","sourceDate":null,"attributes":{"agencyType":"Sheriff","address":"50 EAST VIEW DR","city":"FARIBAULT","subStation":null,"jurisdictionId":null,"jurisdictionName":null}}},{"type":"Feature","geometry":{"type":"Point","coordinates":[-93.4114228143124,44.4782504675802]},"properties":{"id":"agency-building-lonsdale-police-1400-commerce-dr-se","layer":"agency_building","name":"Lonsdale Police","county":"Rice County","state":"MN","countyFips":"27131","confidence":"confirmed","sourceDate":null,"attributes":{"agencyType":"Police","address":"1400 Commerce Dr SE","city":"LONSDALE","subStation":null,"jurisdictionId":null,"jurisdictionName":null}}},{"type":"Feature","geometry":{"type":"Point","coordinates":[-94.6009587760792,47.3844533165908]},"properties":{"id":"agency-building-leech-lake-tribal-police-duane-oothoudt-200-sailstar-drive-nw","layer":"agency_building","name":"Leech Lake Tribal Police — Duane Oothoudt","county":"Cass County","state":"MN","countyFips":"27021","confidence":"confirmed","sourceDate":null,"attributes":{"agencyType":"Police","address":"200 Sailstar Drive NW","city":"CASS LAKE","subStation":"Duane Oothoudt","jurisdictionId":null,"jurisdictionName":null}}},{"type":"Feature","geometry":{"type":"Point","coordinates":[-93.2623415315814,45.0959900790341]},"properties":{"id":"agency-building-fridley-police-7071-university-avenue-ne","layer":"agency_building","name":"Fridley Police","county":"Anoka County","state":"MN","countyFips":"27003","confidence":"confirmed","sourceDate":null,"attributes":{"agencyType":"Police","address":"7071 University Avenue NE","city":"FRIDLEY","subStation":null,"jurisdictionId":"agency-jurisdiction-fridley-police","jurisdictionName":"Fridley Police"}}},{"type":"Feature","geometry":{"type":"Point","coordinates":[-93.3712366192468,45.3811676545912]},"properties":{"id":"agency-building-saint-francis-police-4058-st-francis-blvd-nw","layer":"agency_building","name":"Saint Francis Police","county":"Anoka County","state":"MN","countyFips":"27003","confidence":"confirmed","sourceDate":null,"attributes":{"agencyType":"Police","address":"4058 St. Francis Blvd. NW","city":"SAINT FRANCIS","subStation":null,"jurisdictionId":"agency-jurisdiction-saint-francis-police","jurisdictionName":"Saint Francis Police"}}},{"type":"Feature","geometry":{"type":"Point","coordinates":[-95.9335429199968,43.6345281199985]},"properties":{"id":"agency-building-adrian-police-209-maine-ave-suite-106","layer":"agency_building","name":"Adrian Police","county":"Nobles County","state":"MN","countyFips":"27105","confidence":"confirmed","sourceDate":null,"attributes":{"agencyType":"Police","address":"209 MAINE AVE. SUITE 106","city":"ADRIAN","subStation":null,"jurisdictionId":null,"jurisdictionName":null}}},{"type":"Feature","geometry":{"type":"Point","coordinates":[-92.941789810053,46.0143600478835]},"properties":{"id":"agency-building-pine-county-sheriff-106-1st-st-se","layer":"agency_building","name":"Pine County Sheriff","county":"Pine County","state":"MN","countyFips":"27115","confidence":"confirmed","sourceDate":null,"attributes":{"agencyType":"Sheriff","address":"106 1st St SE","city":"Hinckley","subStation":null,"jurisdictionId":null,"jurisdictionName":null}}},{"type":"Feature","geometry":{"type":"Point","coordinates":[-93.9119694539867,45.6648721106652]},"properties":{"id":"agency-building-foley-police-katie-mcmillin-251-4th-ave-n","layer":"agency_building","name":"Foley Police — Katie Mcmillin","county":"Benton County","state":"MN","countyFips":"27009","confidence":"confirmed","sourceDate":null,"attributes":{"agencyType":"Police","address":"251 4th Ave N","city":"Foley","subStation":"Katie Mcmillin","jurisdictionId":null,"jurisdictionName":null}}},{"type":"Feature","geometry":{"type":"Point","coordinates":[-94.1668910999968,45.5907103999984]},"properties":{"id":"agency-building-sauk-rapids-police-250-summit-ave-n","layer":"agency_building","name":"Sauk Rapids Police","county":"Benton County","state":"MN","countyFips":"27009","confidence":"confirmed","sourceDate":null,"attributes":{"agencyType":"Police","address":"250 Summit Ave N","city":"SAUK RAPIDS","subStation":null,"jurisdictionId":null,"jurisdictionName":null}}},{"type":"Feature","geometry":{"type":"Point","coordinates":[-94.2281188392981,45.6116601437163]},"properties":{"id":"agency-building-sartell-public-safety-adam-imholte-501-pinecone-rd-s","layer":"agency_building","name":"Sartell Public Safety — Adam Imholte","county":"Stearns County","state":"MN","countyFips":"27145","confidence":"confirmed","sourceDate":null,"attributes":{"agencyType":"Police","address":"501 Pinecone Rd S","city":"SARTELL","subStation":"Adam Imholte","jurisdictionId":null,"jurisdictionName":null}}},{"type":"Feature","geometry":{"type":"Point","coordinates":[-94.2180584945128,45.7541018236855]},"properties":{"id":"agency-building-rice-police-70-ne-2nd-ave","layer":"agency_building","name":"Rice Police","county":"Benton County","state":"MN","countyFips":"27009","confidence":"confirmed","sourceDate":null,"attributes":{"agencyType":"Police","address":"70 NE 2ND AVE","city":"RICE","subStation":null,"jurisdictionId":null,"jurisdictionName":null}}},{"type":"Feature","geometry":{"type":"Point","coordinates":[-91.6413612199969,44.0530399499985]},"properties":{"id":"agency-building-winona-city-police-201-west-3rd-street","layer":"agency_building","name":"Winona City Police","county":"Winona County","state":"MN","countyFips":"27169","confidence":"confirmed","sourceDate":null,"attributes":{"agencyType":"Police","address":"201 WEST 3RD STREET","city":"WINONA","subStation":null,"jurisdictionId":null,"jurisdictionName":null}}},{"type":"Feature","geometry":{"type":"Point","coordinates":[-92.0652289999969,43.9694197999985]},"properties":{"id":"agency-building-saint-charles-police-830-whitewater-avenue","layer":"agency_building","name":"Saint Charles Police","county":"Winona County","state":"MN","countyFips":"27169","confidence":"confirmed","sourceDate":null,"attributes":{"agencyType":"Police","address":"830 WHITEWATER AVENUE","city":"SAINT CHARLES","subStation":null,"jurisdictionId":null,"jurisdictionName":null}}},{"type":"Feature","geometry":{"type":"Point","coordinates":[-93.8891311999968,44.1656442099985]},"properties":{"id":"agency-building-blue-earth-county-sheriff-substation-705-parkway-avenue","layer":"agency_building","name":"Blue Earth County Sheriff — Substation","county":"Blue Earth County","state":"MN","countyFips":"27013","confidence":"confirmed","sourceDate":null,"attributes":{"agencyType":"Sheriff","address":"705 PARKWAY AVENUE","city":"EAGLE LAKE","subStation":"Substation","jurisdictionId":null,"jurisdictionName":null}}},{"type":"Feature","geometry":{"type":"Point","coordinates":[-94.0090466199969,44.1615384299985]},"properties":{"id":"agency-building-blue-earth-county-sheriff-substation-401-carver-road","layer":"agency_building","name":"Blue Earth County Sheriff — Substation","county":"Blue Earth County","state":"MN","countyFips":"27013","confidence":"confirmed","sourceDate":null,"attributes":{"agencyType":"Sheriff","address":"401 Carver Road","city":"MANKATO","subStation":"Substation","jurisdictionId":null,"jurisdictionName":null}}},{"type":"Feature","geometry":{"type":"Point","coordinates":[-94.5837485772324,48.7102147820798]},"properties":{"id":"agency-building-lake-of-the-woods-county-sheriff-2106-8th-avenue-southeast-suit-300","layer":"agency_building","name":"Lake Of The Woods County Sheriff","county":"Lake of the Woods County","state":"MN","countyFips":"27077","confidence":"confirmed","sourceDate":null,"attributes":{"agencyType":"Sheriff","address":"2106 8TH AVENUE SOUTHEAST Suit 300","city":"BAUDETTE","subStation":null,"jurisdictionId":null,"jurisdictionName":null}}},{"type":"Feature","geometry":{"type":"Point","coordinates":[-93.7327256397031,45.3354096297805]},"properties":{"id":"agency-building-big-lake-police-790-minnesota-ave","layer":"agency_building","name":"Big Lake Police","county":"Sherburne County","state":"MN","countyFips":"27141","confidence":"confirmed","sourceDate":null,"attributes":{"agencyType":"Police","address":"790 Minnesota Ave","city":"Big Lake","subStation":null,"jurisdictionId":"agency-jurisdiction-big-lake-police","jurisdictionName":"Big Lake Police"}}},{"type":"Feature","geometry":{"type":"Point","coordinates":[-95.3988650140347,47.5237010035309]},"properties":{"id":"agency-building-bagley-police-121-main-ave-north","layer":"agency_building","name":"Bagley Police","county":"Clearwater County","state":"MN","countyFips":"27029","confidence":"confirmed","sourceDate":null,"attributes":{"agencyType":"Police","address":"121 Main Ave North","city":"BAGLEY","subStation":null,"jurisdictionId":null,"jurisdictionName":null}}},{"type":"Feature","geometry":{"type":"Point","coordinates":[-93.5963839262707,45.4556416605858]},"properties":{"id":"agency-building-zimmerman-public-safety-sherburne-county-sheriff-s-office-sub-station-backup-dispatch-center-26750-5th-st-w","layer":"agency_building","name":"Zimmerman Public Safety — Sherburne County Sheriff'S Office Sub Station & Backup Dispatch Center","county":"Sherburne County","state":"MN","countyFips":"27141","confidence":"confirmed","sourceDate":null,"attributes":{"agencyType":"Police","address":"26750 5th St W","city":"Zimmerman","subStation":"Sherburne County Sheriff'S Office Sub Station & Backup Dispatch Center","jurisdictionId":null,"jurisdictionName":null}}},{"type":"Feature","geometry":{"type":"Point","coordinates":[-96.1963709984889,45.0183099950749]},"properties":{"id":"agency-building-lac-qui-parle-county-sheriff-911-8th-avenue","layer":"agency_building","name":"Lac Qui Parle County Sheriff","county":"Lac qui Parle County","state":"MN","countyFips":"27073","confidence":"confirmed","sourceDate":null,"attributes":{"agencyType":"Sheriff","address":"911 8th Avenue","city":"MADISON","subStation":null,"jurisdictionId":null,"jurisdictionName":null}}},{"type":"Feature","geometry":{"type":"Point","coordinates":[-92.868910696109,47.4858780633753]},"properties":{"id":"agency-building-chisholm-police-301-w-lake-st","layer":"agency_building","name":"Chisholm Police","county":"St. Louis County","state":"MN","countyFips":"27137","confidence":"confirmed","sourceDate":null,"attributes":{"agencyType":"Police","address":"301 W Lake St","city":"Chisholm","subStation":null,"jurisdictionId":null,"jurisdictionName":null}}},{"type":"Feature","geometry":{"type":"Point","coordinates":[-92.5320950387139,47.5152747974326]},"properties":{"id":"agency-building-virginia-police-327-1st-st-s-city-hall","layer":"agency_building","name":"Virginia Police","county":"St. Louis County","state":"MN","countyFips":"27137","confidence":"confirmed","sourceDate":null,"attributes":{"agencyType":"Police","address":"327 1st St S, City Hall","city":"Virginia","subStation":null,"jurisdictionId":null,"jurisdictionName":null}}}]}