id,name,county,state,countyFips,lat,lng,confidence,sourceDate,agencyType,address,city,subStation,jurisdictionId,jurisdictionName
agency-building-aitkin-police-109-1st-avenue-northwest,AITKIN POLICE,Aitkin County,MN,27001,46.53273290018,-93.7084440996233,confirmed,,Police,109 1ST AVENUE NORTHWEST,AITKIN,,,
agency-building-annandale-police-30-cedar-street-east,ANNANDALE POLICE,Wright County,MN,27171,45.2638375002553,-94.1234055998136,confirmed,,Police,30 CEDAR STREET EAST,ANNANDALE,,,
agency-building-ada-police-410-west-main-street,ADA POLICE,Norman County,MN,27107,47.300519799878,-96.5167759000315,confirmed,,Police,410 WEST MAIN STREET,ADA,,,
agency-building-freeborn-county-sheriff-411-south-broadway-avenue-freeborn-county-government-center,FREEBORN COUNTY SHERIFF,Freeborn County,MN,27047,43.64611723432,-93.367718073752,confirmed,,Sheriff,"411 SOUTH BROADWAY AVENUE, FREEBORN COUNTY GOVERNMENT CENTER",ALBERT LEA,,,
agency-building-aitkin-county-sheriff-217-2nd-street-northwest,AITKIN COUNTY SHERIFF,Aitkin County,MN,27001,46.5328120012314,-93.7103560002121,confirmed,,Sheriff,217 2ND STREET NORTHWEST,AITKIN,,,
agency-building-alden-police-174-north-broadway,ALDEN POLICE,Freeborn County,MN,27047,43.6714358112976,-93.5759088311373,confirmed,,Police,174 NORTH BROADWAY,ALDEN,,,
agency-building-norman-county-sheriff-15-2nd-avenue-east,NORMAN COUNTY SHERIFF,Norman County,MN,27107,47.2981874001106,-96.5134790002937,confirmed,,Sheriff,15 2ND AVENUE EAST,ADA,,,
agency-building-albert-lea-police-411-south-broadway-avenue-freeborn-county-government-center,ALBERT LEA POLICE,Freeborn County,MN,27047,43.6460101590259,-93.3681832070331,confirmed,,Police,"411 SOUTH BROADWAY AVENUE, FREEBORN COUNTY GOVERNMENT CENTER",ALBERT LEA,,,
agency-building-brown-county-sheriff-15-south-washington-street,BROWN COUNTY SHERIFF,Brown County,MN,27015,44.3108032999764,-94.4620773996156,confirmed,,Sheriff,15 SOUTH WASHINGTON STREET,NEW ULM,,,
agency-building-sibley-county-sheriff-419-harrison-street,SIBLEY COUNTY SHERIFF,Sibley County,MN,27143,44.5561789002213,-94.220240800219,confirmed,,Sheriff,419 HARRISON STREET,GAYLORD,,,
agency-building-preston-police-210-fillmore-street-west,PRESTON POLICE,Fillmore County,MN,27045,43.6701213002626,-92.0836927985606,confirmed,,Police,210 FILLMORE STREET WEST,PRESTON,,,
agency-building-cold-spring-richmond-police-27-red-river-avenue-south,COLD SPRING-RICHMOND POLICE,Stearns County,MN,27145,45.4551032261006,-94.4295017762979,confirmed,,Police,27 RED RIVER AVENUE SOUTH,COLD SPRING,,,
agency-building-madelia-police-116-west-main-street,MADELIA POLICE,Watonwan County,MN,27165,44.0506588449652,-94.4189310101938,confirmed,,Police,116 WEST MAIN STREET,MADELIA,,,
agency-building-lewiston-police-75-rice-street,LEWISTON POLICE,Winona County,MN,27169,43.9853797011747,-91.8655286996509,confirmed,,Police,75 RICE STREET,LEWISTON,,,
agency-building-menahga-police-115-2nd-street-northeast,MENAHGA POLICE,Wadena County,MN,27159,46.7567395012205,-95.0976445998949,confirmed,,Police,115 2ND STREET NORTHEAST,MENAHGA,,,
agency-building-wadena-police-121-colfax-avenue-southeast,WADENA POLICE,Wadena County,MN,27159,46.4382215002893,-95.1360882001081,confirmed,,Police,121 COLFAX AVENUE SOUTHEAST,WADENA,,,
agency-building-sebeka-police-213-minnesota-avenue-west,SEBEKA POLICE,Wadena County,MN,27159,46.6296729001966,-95.0922954000759,confirmed,,Police,213 MINNESOTA AVENUE WEST,SEBEKA,,,
agency-building-waseca-police-508-south-state-street,WASECA POLICE,Waseca County,MN,27161,44.0750555997736,-93.508044100117,confirmed,,Police,508 SOUTH STATE STREET,WASECA,,,
agency-building-belle-plaine-police-420-east-main-street,Belle Plaine Police,Scott County,MN,27139,44.623288677315,-93.7627452768647,confirmed,,Police,420 EAST MAIN STREET,BELLE PLAINE,,agency-jurisdiction-belle-plaine-police,Belle Plaine Police
agency-building-steele-county-sheriff-204-east-pearl-street,STEELE COUNTY SHERIFF,Steele County,MN,27147,44.0869598998328,-93.222945299594,confirmed,,Sheriff,204 EAST PEARL STREET,OWATONNA,,,
agency-building-perham-police-525-west-main-street,PERHAM POLICE,Otter Tail County,MN,27111,46.5970661000305,-95.5784657985779,confirmed,,Police,525 WEST MAIN STREET,PERHAM,,,
agency-building-gaylord-police-220-jefferson-avenue-east,GAYLORD POLICE,Sibley County,MN,27143,44.5554016999583,-94.2108931002557,confirmed,,Police,220 JEFFERSON AVENUE EAST,GAYLORD,,,
agency-building-nobles-county-sheriff-1530-airport-road-suite-100-suite-200,NOBLES COUNTY SHERIFF,Nobles County,MN,27105,43.647728899786,-95.5899494003343,confirmed,,Sheriff,"1530 AIRPORT ROAD, SUITE 100 / SUITE 200",WORTHINGTON,,,
agency-building-glencoe-police-911-greeley-avenue,GLENCOE POLICE,McLeod County,MN,27085,44.7684366002181,-94.1534087993988,confirmed,,Police,911 GREELEY AVENUE,GLENCOE,,,
agency-building-sherburn-welcome-police-102-north-dugan-street,SHERBURN WELCOME POLICE,Martin County,MN,27091,43.666962567011,-94.6197610628709,confirmed,,Police,102 NORTH DUGAN STREET,WELCOME,,,
agency-building-jackson-police-1000-united-states-highway-71-north,JACKSON POLICE,Jackson County,MN,27063,43.6351996001257,-94.9943874998301,confirmed,,Police,1000 UNITED STATES HIGHWAY 71 NORTH,JACKSON,,,
agency-building-little-falls-police-207-first-street-northeast,LITTLE FALLS POLICE,Morrison County,MN,27097,45.977958199706,-94.3626566996004,confirmed,,Police,207 FIRST STREET NORTHEAST,LITTLE FALLS,,,
agency-building-montgomery-police-301-boulevard-avenue-northwest,MONTGOMERY POLICE,Le Sueur County,MN,27079,44.4419710426948,-93.584215166294,confirmed,,Police,301 BOULEVARD AVENUE NORTHWEST,MONTGOMERY,,,
agency-building-mankato-department-of-public-safety-710-south-front-street,MANKATO DEPARTMENT OF PUBLIC SAFETY,Blue Earth County,MN,27013,44.1616816998006,-94.0087622996237,confirmed,,Police,710 SOUTH FRONT STREET,MANKATO,,,
agency-building-kasson-police-401-5th-street-southeast,KASSON POLICE,Dodge County,MN,27039,44.0245829997284,-92.7438919997632,confirmed,,Police,401 5TH STREET SOUTHEAST,KASSON,,,
agency-building-lake-crystal-police-100-robinson-st,LAKE CRYSTAL POLICE,Blue Earth County,MN,27013,44.1071311720872,-94.2188294498896,confirmed,,Police,100 ROBINSON ST.,LAKE CRYSTAL,,,
agency-building-stearns-county-sheriff-807-courthouse-square,STEARNS COUNTY SHERIFF,Stearns County,MN,27145,45.5603898330847,-94.1620094711516,confirmed,,Sheriff,807 COURTHOUSE SQUARE,SAINT CLOUD,,,
agency-building-fergus-falls-police-417-south-court-street,FERGUS FALLS POLICE,Otter Tail County,MN,27111,46.2789870091217,-96.0754107792437,confirmed,,Police,417 SOUTH COURT STREET,FERGUS FALLS,,,
agency-building-ashby-police-203-main-street,ASHBY POLICE,Grant County,MN,27051,46.0929075002955,-95.8185404998683,confirmed,,Police,203 MAIN STREET,ASHBY,,,
agency-building-montevideo-police-103-canton-avenue,MONTEVIDEO POLICE,Chippewa County,MN,27023,44.9486717997494,-95.7273115000981,confirmed,,Police,103 CANTON AVENUE,MONTEVIDEO,,,
agency-building-beltrami-county-law-enforcement-center-beltrami-county-sheriff-613-minnesota-avenue-northwest,BELTRAMI COUNTY LAW ENFORCEMENT CENTER - BELTRAMI COUNTY SHERIFF,Beltrami County,MN,27007,47.473982653987,-94.8832856441545,confirmed,,Sheriff,613 MINNESOTA AVENUE NORTHWEST,BEMIDJI,,,
agency-building-fillmore-county-sheriff-901-houston-street-northwest,FILLMORE COUNTY SHERIFF,Fillmore County,MN,27045,43.6777277003113,-92.085024100015,confirmed,,Sheriff,901 HOUSTON STREET NORTHWEST,PRESTON,,,
agency-building-mille-lacs-county-jail-mille-lacs-county-sheriff-640-3rd-street-southeast,MILLE LACS COUNTY JAIL / MILLE LACS COUNTY SHERIFF,Mille Lacs County,MN,27095,45.7536787001979,-93.6429941999868,confirmed,,Sheriff,640 3RD STREET SOUTHEAST,MILACA,,,
agency-building-cottage-grove-police-7516-80th-street-south,Cottage Grove Police,Washington County,MN,27163,44.8340426001162,-92.9535649001122,confirmed,,Police,7516 80TH STREET SOUTH,COTTAGE GROVE,,agency-jurisdiction-cottage-grove-police,Cottage Grove Police
agency-building-pipestone-county-sheriff-416-south-hiawatha-avenue,PIPESTONE COUNTY SHERIFF,Pipestone County,MN,27117,43.9970602350741,-96.3183379019542,confirmed,,Sheriff,416 SOUTH HIAWATHA AVENUE,PIPESTONE,,,
agency-building-olivia-police-105-south-5th-street-suite-245,OLIVIA POLICE,Renville County,MN,27129,44.7761223999405,-94.9822799004295,confirmed,,Police,"105 SOUTH 5TH STREET, SUITE 245",OLIVIA,,,
agency-building-mapleton-police-104-2nd-avenue-northeast,MAPLETON POLICE,Blue Earth County,MN,27013,43.9279953997865,-93.9562723999811,confirmed,,Police,104 2ND AVENUE NORTHEAST,MAPLETON,,,
agency-building-emily-police-39954-lake-street,EMILY POLICE,Crow Wing County,MN,27035,46.7298647517698,-93.9560519659868,confirmed,,Police,39954 LAKE STREET,EMILY,,,
agency-building-sauk-centre-police-320-oak-street-south,SAUK CENTRE POLICE,Stearns County,MN,27145,45.7363990172259,-94.9538320241643,confirmed,,Police,320 OAK STREET SOUTH,SAUK CENTRE,,,
agency-building-long-prairie-police-615-lake-street-south,LONG PRAIRIE POLICE,Todd County,MN,27153,45.9651537999248,-94.8665480999318,confirmed,,Police,615 LAKE STREET SOUTH,LONG PRAIRIE,,,
agency-building-twin-valley-police-102-1st-street-northwest,TWIN VALLEY POLICE,Norman County,MN,27107,47.2609820998739,-96.2585412998267,confirmed,,Police,102 1ST STREET NORTHWEST,TWIN VALLEY,,,
agency-building-watonwan-county-sheriff-715-3rd-avenue-south,WATONWAN COUNTY SHERIFF,Watonwan County,MN,27165,43.981179001684,-94.625216268385,confirmed,,Sheriff,715 3RD AVENUE SOUTH,SAINT JAMES,,,
agency-building-lino-lakes-police-640-town-center-parkway,Lino Lakes Police,Anoka County,MN,27003,45.1762107997586,-93.1102959997217,confirmed,,Police,640 TOWN CENTER PARKWAY,LINO LAKES,,agency-jurisdiction-lino-lakes-police,Lino Lakes Police
agency-building-walker-police-205-minnesota-avenue-west,WALKER POLICE,Cass County,MN,27021,47.101353999839,-94.5783151995533,confirmed,,Police,205 MINNESOTA AVENUE WEST,WALKER,,,
agency-building-pine-river-police-200-front-street,PINE RIVER POLICE,Cass County,MN,27021,46.7190592002144,-94.4054698993917,confirmed,,Police,200 FRONT STREET,PINE RIVER,,,
agency-building-bovey-police-402-2nd-street,BOVEY POLICE,Itasca County,MN,27061,47.2952167997534,-93.4160221996664,confirmed,,Police,402 2ND STREET,BOVEY,,,
agency-building-roseau-police-114-2nd-street-northeast,ROSEAU POLICE,Roseau County,MN,27135,48.8469219001179,-95.7614471997219,confirmed,,Police,114 2ND STREET NORTHEAST,ROSEAU,,,
agency-building-otter-tail-county-sheriff-417-south-court-street,OTTER TAIL COUNTY SHERIFF,Otter Tail County,MN,27111,46.279682032087,-96.0746331948389,confirmed,,Sheriff,417 SOUTH COURT STREET,FERGUS FALLS,,,
agency-building-nashwauk-police-301-central-ave,NASHWAUK POLICE,Itasca County,MN,27061,47.3807466580867,-93.165651956312,confirmed,,Police,301 CENTRAL AVE.,NASHWAUK,,,
agency-building-clearbrook-police-200-elm-street,CLEARBROOK POLICE,Clearwater County,MN,27029,47.6922141999934,-95.4299388992705,confirmed,,Police,200 ELM STREET,CLEARBROOK,,,
agency-building-mcgregor-police-101-east-center-avenue,MCGREGOR POLICE,Aitkin County,MN,27001,46.6066335069913,-93.3070196457243,confirmed,,Police,101 EAST CENTER AVENUE,MCGREGOR,,,
agency-building-washington-county-sheriff-15015-62nd-street-north,Washington County Sheriff,Washington County,MN,27163,45.0374391000949,-92.8014901000986,confirmed,,Sheriff,15015 62ND STREET NORTH,STILLWATER,,agency-jurisdiction-washington-county-sheriff,Washington County Sheriff
agency-building-baxter-police-13190-memorywood-drive,BAXTER POLICE,Crow Wing County,MN,27035,46.3431317998749,-94.2935976997324,confirmed,,Police,13190 MEMORYWOOD DRIVE,BAXTER,,,
agency-building-dundas-police-470-railway-street-south-suite-d,DUNDAS POLICE,Rice County,MN,27131,44.4252595586806,-93.2133932841076,confirmed,,Police,"470 RAILWAY STREET SOUTH, SUITE D",DUNDAS,,,
agency-building-spring-lake-park-police-1301-81st-avenue-northeast,Spring Lake Park Police,Anoka County,MN,27003,45.1154418001224,-93.2371577999273,confirmed,,Police,1301 81ST AVENUE NORTHEAST,SPRING LAKE PARK,,agency-jurisdiction-spring-lake-park-police,Spring Lake Park Police
agency-building-fond-du-lac-law-enforcement-930-trettel-lane,FOND DU LAC LAW ENFORCEMENT,Carlton County,MN,27017,46.7134148347502,-92.4907987346106,confirmed,,Other,930 TRETTEL LANE,CLOQUET,,,
agency-building-new-ulm-police-15-south-washington-street,NEW ULM POLICE,Brown County,MN,27015,44.3108029001551,-94.4620782000145,confirmed,,Police,15 SOUTH WASHINGTON STREET,NEW ULM,,,
agency-building-lincoln-county-jail-lincoln-county-sheriff-322-north-wallace-street,LINCOLN COUNTY JAIL / LINCOLN COUNTY SHERIFF,Lincoln County,MN,27081,44.4627641067766,-96.2522128581946,confirmed,,Sheriff,322 NORTH WALLACE STREET,IVANHOE,,,
agency-building-redwood-county-sheriff-303-east-3rd-street,REDWOOD COUNTY SHERIFF,Redwood County,MN,27127,44.5399337103179,-95.1153029630979,confirmed,,Sheriff,303 EAST 3RD STREET,REDWOOD FALLS,,,
agency-building-milaca-police-255-1st-street-east,MILACA POLICE,Mille Lacs County,MN,27095,45.7551749997435,-93.6488721005713,confirmed,,Police,255 1ST STREET EAST,MILACA,,,
agency-building-blooming-prairie-police-138-highway-avenue-south,BLOOMING PRAIRIE POLICE,Steele County,MN,27147,43.8658874998149,-93.0492891998199,confirmed,,Police,138 HIGHWAY AVENUE SOUTH,BLOOMING PRAIRIE,,,
agency-building-oak-park-heights-police-14168-oak-park-boulevard-north,Oak Park Heights Police,Washington County,MN,27163,45.0329688930957,-92.8200631719414,confirmed,,Police,14168 OAK PARK BOULEVARD NORTH,OAK PARK HEIGHTS,,agency-jurisdiction-oak-park-heights-police,Oak Park Heights Police
agency-building-howard-lake-police-625-8th-avenue,HOWARD LAKE POLICE,Wright County,MN,27171,45.0599566001029,-94.0707851004,confirmed,,Police,625 8TH AVENUE,HOWARD LAKE,,,
agency-building-red-lake-county-sheriff-124-main-avenue-north,RED LAKE COUNTY SHERIFF,Red Lake County,MN,27125,47.8849275468871,-96.2742902606556,confirmed,,Sheriff,124 MAIN AVENUE NORTH,RED LAKE FALLS,,,
agency-building-brownsdale-police-103-east-main-street,BROWNSDALE POLICE,Mower County,MN,27099,43.7410675000018,-92.8688780996892,confirmed,,Police,103 EAST MAIN STREET,BROWNSDALE,,,
agency-building-glenwood-police-130-east-minnesota-avenue,GLENWOOD POLICE,Pope County,MN,27121,45.6498291761299,-95.3879832725719,confirmed,,Police,130 EAST MINNESOTA AVENUE,GLENWOOD,,,
agency-building-pope-county-sheriff-130-east-minnesota-avenue-suite-137,POPE COUNTY SHERIFF,Pope County,MN,27121,45.6498157999555,-95.3875968002687,confirmed,,Sheriff,"130 EAST MINNESOTA AVENUE, SUITE 137",GLENWOOD,,,
agency-building-hutchinson-police-10-franklin-street-southwest,HUTCHINSON POLICE,McLeod County,MN,27085,44.8917291001103,-94.3709885999117,confirmed,,Police,10 FRANKLIN STREET SOUTHWEST,HUTCHINSON,,,
agency-building-willmar-police-2201-23rd-street-northeast-kandiyohi-county-law-enforcement-center,WILLMAR POLICE,Kandiyohi County,MN,27067,45.145795699791,-95.0142516995695,confirmed,,Police,"2201 23RD STREET NORTHEAST, KANDIYOHI COUNTY LAW ENFORCEMENT CENTER",WILLMAR,,,
agency-building-bigfork-police-200-main-avenue,BIGFORK POLICE,Itasca County,MN,27061,47.7440375019148,-93.6548799029358,confirmed,,Police,200 MAIN AVENUE,BIGFORK,,,
agency-building-new-prague-police-118-central-avenue-north,New Prague Police,Scott County,MN,27139,44.5445714002513,-93.578068399945,confirmed,,Police,118 CENTRAL AVENUE NORTH,NEW PRAGUE,,agency-jurisdiction-new-prague-police,New Prague Police
agency-building-big-stone-county-sheriff-20-2nd-street-southeast,BIG STONE COUNTY SHERIFF,Big Stone County,MN,27011,45.3046203002532,-96.4444495999143,confirmed,,Sheriff,20 2ND STREET SOUTHEAST,ORTONVILLE,,,
agency-building-big-lake-police-121-lake-street-north,Big Lake Police,Sherburne County,MN,27141,45.3333790138901,-93.747084847702,confirmed,,Police,121 LAKE STREET NORTH,BIG LAKE,,agency-jurisdiction-big-lake-police,Big Lake Police
agency-building-hector-police-110-cedar-avenue-east,HECTOR POLICE,Renville County,MN,27129,44.7427948353009,-94.7147309142838,confirmed,,Police,110 CEDAR AVENUE EAST,HECTOR,,,
agency-building-nisswa-police-5442-city-hall-street,NISSWA POLICE,Crow Wing County,MN,27035,46.5224148998641,-94.2884488996802,confirmed,,Police,5442 CITY HALL STREET,NISSWA,,,
agency-building-carver-county-sheriff-606-east-4th-street,Carver County Sheriff,Carver County,MN,27019,44.786995699781,-93.5927817002694,confirmed,,Sheriff,606 EAST 4TH STREET,CHASKA,,agency-jurisdiction-carver-county-sheriff,Carver County Sheriff
agency-building-springfield-police-16-north-marshall-avenue,SPRINGFIELD POLICE,Brown County,MN,27015,44.2392254001321,-94.9763816000033,confirmed,,Police,16 NORTH MARSHALL AVENUE,SPRINGFIELD,,,
agency-building-thomson-township-esko-police-25-east-harney-road,THOMSON TOWNSHIP-ESKO POLICE,Carlton County,MN,27017,46.7219754997547,-92.3616348999798,confirmed,,Police,25 EAST HARNEY ROAD,ESKO,,,
agency-building-lake-shore-police-8583-interlachen-road,LAKE SHORE POLICE,Cass County,MN,27021,46.4947241001594,-94.3585206000124,confirmed,,Police,8583 INTERLACHEN ROAD,LAKE SHORE,,,
agency-building-morton-police-221-west-2nd-street,MORTON POLICE,Renville County,MN,27129,44.551552143287,-94.9848627589923,confirmed,,Police,221 WEST 2ND STREET,MORTON,,,
agency-building-coon-rapids-police-11155-robinson-drive,Coon Rapids Police,Anoka County,MN,27003,45.1730271392518,-93.303098123115,confirmed,,Police,11155 ROBINSON DRIVE,COON RAPIDS,,agency-jurisdiction-coon-rapids-police,Coon Rapids Police
agency-building-kittson-county-sheriff-410-south-5th-street,KITTSON COUNTY SHERIFF,Kittson County,MN,27069,48.7720511988554,-96.9401534996247,confirmed,,Sheriff,410 SOUTH 5TH STREET,HALLOCK,,,
agency-building-elk-river-police-13077-orono-parkway,Elk River Police,Sherburne County,MN,27141,45.3039248998774,-93.6011473996933,confirmed,,Police,13077 ORONO PARKWAY,ELK RIVER,,agency-jurisdiction-elk-river-police,Elk River Police
agency-building-wright-county-sheriff-3800-braddock-avenue-northeast,WRIGHT COUNTY SHERIFF,Wright County,MN,27171,45.2075757428825,-93.8640180667389,confirmed,,Sheriff,3800 BRADDOCK AVENUE NORTHEAST,BUFFALO,,,
agency-building-janesville-police-101-north-mott-street,JANESVILLE POLICE,Waseca County,MN,27161,44.1158375002853,-93.7085945000597,confirmed,,Police,101 NORTH MOTT STREET,JANESVILLE,,,
agency-building-waite-park-police-19-13th-avenue-north,WAITE PARK POLICE,Stearns County,MN,27145,45.5543292998832,-94.2338290001759,confirmed,,Police,19 13TH AVENUE NORTH,WAITE PARK,,,
agency-building-lamberton-police-110-2nd-avenue-west,LAMBERTON POLICE,Redwood County,MN,27127,44.231325407803,-95.2651894580962,confirmed,,Police,110 2ND AVENUE WEST,LAMBERTON,,,
agency-building-swift-county-sheriff-301-14th-street-north,SWIFT COUNTY SHERIFF,Swift County,MN,27151,45.3172023000943,-95.6015451001601,confirmed,,Sheriff,301 14TH STREET NORTH,BENSON,,,
agency-building-royalton-police-12-north-birch-street,ROYALTON POLICE,Morrison County,MN,27097,45.830279000277,-94.2929568002862,confirmed,,Police,12 NORTH BIRCH STREET,ROYALTON,,,
agency-building-coleraine-police-302-roosevelt-street,COLERAINE POLICE,Itasca County,MN,27061,47.288482499848,-93.4250333997074,confirmed,,Police,302 ROOSEVELT STREET,COLERAINE,,,
agency-building-princeton-police-705-2nd-street-north,PRINCETON POLICE,Mille Lacs County,MN,27095,45.5708333999633,-93.5835849002058,confirmed,,Police,705 2ND STREET NORTH,PRINCETON,,,
agency-building-dodge-county-sheriff-22-east-6th-street-department-201,DODGE COUNTY SHERIFF,Dodge County,MN,27039,44.0682773999889,-92.7544703997506,confirmed,,Sheriff,"22 EAST 6TH STREET, DEPARTMENT 201",MANTORVILLE,,,
agency-building-new-york-mills-police-118-north-main-avenue,NEW YORK MILLS POLICE,Otter Tail County,MN,27111,46.52004260021,-95.3740262998178,confirmed,,Police,118 NORTH MAIN AVENUE,NEW YORK MILLS,,,
agency-building-columbia-heights-police-559-mill-street-northeast,Columbia Heights Police,Anoka County,MN,27003,45.0396931270145,-93.2578651601889,confirmed,,Police,559 MILL STREET NORTHEAST,COLUMBIA HEIGHTS,,agency-jurisdiction-columbia-heights-police,Columbia Heights Police
agency-building-gibbon-police-985-1st-avenue,GIBBON POLICE,Sibley County,MN,27143,44.5324014002284,-94.5260869998143,confirmed,,Police,985 1ST AVENUE,GIBBON,,,
agency-building-jackson-county-sheriff-400-sherman-street,JACKSON COUNTY SHERIFF,Jackson County,MN,27063,43.6218511459892,-94.9898555396459,confirmed,,Sheriff,400 SHERMAN STREET,JACKSON,,,
agency-building-mcleod-county-sheriff-801-east-10th-street,MCLEOD COUNTY SHERIFF,McLeod County,MN,27085,44.7693596002683,-94.1509674003405,confirmed,,Sheriff,801 EAST 10TH STREET,GLENCOE,,,
agency-building-madison-lake-police-525-main-street,MADISON LAKE POLICE,Blue Earth County,MN,27013,44.2037296999996,-93.8152636001012,confirmed,,Police,525 MAIN STREET,MADISON LAKE,,,
agency-building-good-thunder-police-130-ewing-street,GOOD THUNDER POLICE,Blue Earth County,MN,27013,44.0040756996816,-94.0702234997355,confirmed,,Police,130 EWING STREET,GOOD THUNDER,,,
agency-building-chaska-police-2-city-hall-plaza,Chaska Police,Carver County,MN,27019,44.7874490000407,-93.6021579001834,confirmed,,Police,2 CITY HALL PLAZA,CHASKA,,agency-jurisdiction-chaska-police,Chaska Police
agency-building-sacred-heart-police-309-1st-avenue,SACRED HEART POLICE,Renville County,MN,27129,44.7861687002178,-95.3496704994034,confirmed,,Police,309 1ST AVENUE,SACRED HEART,,,
agency-building-buffalo-lake-police-315-north-main-street,BUFFALO LAKE POLICE,Renville County,MN,27129,44.7382434002588,-94.61646199999,confirmed,,Police,315 NORTH MAIN STREET,BUFFALO LAKE,,,
agency-building-forest-lake-police-1408-lake-street-south,Forest Lake Police,Washington County,MN,27163,45.2663267497361,-92.9854150179553,confirmed,,Police,1408 LAKE STREET SOUTH,FOREST LAKE,,agency-jurisdiction-forest-lake-police,Forest Lake Police
agency-building-clearwater-county-sheriff-213-main-avenue-north,CLEARWATER COUNTY SHERIFF,Clearwater County,MN,27029,47.5242781999946,-95.3991693999169,confirmed,,Sheriff,213 MAIN AVENUE NORTH,BAGLEY,,,
agency-building-blackduck-police-88-1st-street-southeast,BLACKDUCK POLICE,Beltrami County,MN,27007,47.7308531929725,-94.5464982322391,confirmed,,Police,88 1ST STREET SOUTHEAST,BLACKDUCK,,,
agency-building-isle-police-285-2nd-avenue-south,ISLE POLICE,Mille Lacs County,MN,27095,46.1371207878701,-93.4696592766728,confirmed,,Police,285 2ND AVENUE SOUTH,ISLE,,,
agency-building-appleton-police-323-west-schlieman-avenue,APPLETON POLICE,Swift County,MN,27151,45.2002791999819,-96.0215802006335,confirmed,,Police,323 WEST SCHLIEMAN AVENUE,APPLETON,,,
agency-building-henderson-police-600-main-street,HENDERSON POLICE,Sibley County,MN,27143,44.5284042011448,-93.9090632000238,confirmed,,Police,600 MAIN STREET,HENDERSON,,,
agency-building-todd-county-sheriff-115-3rd-street-south,TODD COUNTY SHERIFF,Todd County,MN,27153,45.9724343988496,-94.8609388001088,confirmed,,Sheriff,115 3RD STREET SOUTH,LONG PRAIRIE,,,
agency-building-saint-james-police-715-3rd-avenue-south,SAINT JAMES POLICE,Watonwan County,MN,27165,43.9812923767084,-94.6256545088014,confirmed,,Police,715 3RD AVENUE SOUTH,SAINT JAMES,,,
agency-building-arlington-police-322-west-main-street,ARLINGTON POLICE,Sibley County,MN,27143,44.6069723696901,-94.0809158402369,confirmed,,Police,322 WEST MAIN STREET,ARLINGTON,,,
agency-building-onamia-police-621-main-street,ONAMIA POLICE,Mille Lacs County,MN,27095,46.0704339369387,-93.6689356220991,confirmed,,Police,621 MAIN STREET,ONAMIA,,,
agency-building-le-sueur-police-228-north-main-street,LE SUEUR POLICE,Le Sueur County,MN,27079,44.4635968996967,-93.9141664006938,confirmed,,Police,228 NORTH MAIN STREET,LE SUEUR,,,
agency-building-pierz-police-101-main-street,PIERZ POLICE,Morrison County,MN,27097,45.9787630998797,-94.1043539999105,confirmed,,Police,101 MAIN STREET,PIERZ,,,
agency-building-international-falls-police-715-4th-street-law-enforcement-center,INTERNATIONAL FALLS POLICE,Koochiching County,MN,27071,48.6012687297812,-93.4107046025791,confirmed,,Police,"715 4TH STREET, LAW ENFORCEMENT CENTER",INTERNATIONAL FALLS,,,
agency-building-elko-new-market-police-601-main-street,Elko New Market Police,Scott County,MN,27139,44.5736750239256,-93.3483563691247,confirmed,,Police,601 MAIN STREET,ELKO NEW MARKET,,agency-jurisdiction-elko-new-market-police,Elko New Market Police
agency-building-crosby-police-2-2nd-street-southwest,CROSBY POLICE,Crow Wing County,MN,27035,46.4802583002916,-93.9530807998627,confirmed,,Police,2 2ND STREET SOUTHWEST,CROSBY,,,
agency-building-tyler-police-230-north-tyler-street,TYLER POLICE,Lincoln County,MN,27081,44.2788062002947,-96.1341665995713,confirmed,,Police,230 NORTH TYLER STREET,TYLER,,,
agency-building-beltrami-county-law-enforcement-center-bemidji-police-613-minnesota-avenue-northwest,BELTRAMI COUNTY LAW ENFORCEMENT CENTER - BEMIDJI POLICE,Beltrami County,MN,27007,47.473814901889,-94.8829766470529,confirmed,,Police,613 MINNESOTA AVENUE NORTHWEST,BEMIDJI,,,
agency-building-anoka-police-275-harrison-street,Anoka Police,Anoka County,MN,27003,45.2017314002966,-93.3878361005597,confirmed,,Police,275 HARRISON STREET,ANOKA,,agency-jurisdiction-anoka-police,Anoka Police
agency-building-carlton-county-sheriff-317-walnut-avenue,CARLTON COUNTY SHERIFF,Carlton County,MN,27017,46.6650038859659,-92.4238678768883,confirmed,,Sheriff,317 WALNUT AVENUE,CARLTON,,,
agency-building-morrison-county-jail-morrison-county-sheriff-213-1st-avenue-southeast,MORRISON COUNTY JAIL / MORRISON COUNTY SHERIFF,Morrison County,MN,27097,45.9756735350309,-94.3593765534427,confirmed,,Sheriff,213 1ST AVENUE SOUTHEAST,LITTLE FALLS,,,
agency-building-melrose-police-225-east-first-street-north,MELROSE POLICE,Stearns County,MN,27145,45.6761757998851,-94.8103138003011,confirmed,,Police,225 EAST FIRST STREET NORTH,MELROSE,,,
agency-building-kimball-police-1-north-main-street,KIMBALL POLICE,Stearns County,MN,27145,45.3126089997133,-94.3007699998777,confirmed,,Police,1 NORTH MAIN STREET,KIMBALL,,,
agency-building-hancock-police-662-6th-street,HANCOCK POLICE,Stevens County,MN,27149,45.4983469002163,-95.794284300161,confirmed,,Police,662 6TH STREET,HANCOCK,,,
agency-building-new-richland-police-203-north-broadway-avenue,NEW RICHLAND POLICE,Waseca County,MN,27161,43.895230300212,-93.4934221997796,confirmed,,Police,203 NORTH BROADWAY AVENUE,NEW RICHLAND,,,
agency-building-bayport-police-294-north-3rd-street,Bayport Police,Washington County,MN,27163,45.0182519069213,-92.7803298353219,confirmed,,Police,294 NORTH 3RD STREET,BAYPORT,,agency-jurisdiction-bayport-police,Bayport Police
agency-building-oakdale-police-1584-hadley-avenue-north,Oakdale Police,Washington County,MN,27163,44.9709664001958,-92.9653237995706,confirmed,,Police,1584 HADLEY AVENUE NORTH,OAKDALE,,agency-jurisdiction-oakdale-police,Oakdale Police
agency-building-saint-paul-park-police-600-portland-avenue,Saint Paul Park Police,Washington County,MN,27163,44.8472233987798,-92.989138799811,confirmed,,Police,600 PORTLAND AVENUE,SAINT PAUL PARK,,agency-jurisdiction-saint-paul-park-police,Saint Paul Park Police
agency-building-stillwater-police-216-north-4th-street,Stillwater Police,Washington County,MN,27163,45.0570064997134,-92.8110345005664,confirmed,,Police,216 NORTH 4TH STREET,STILLWATER,,agency-jurisdiction-stillwater-police,Stillwater Police
agency-building-buffalo-police-215-1st-avenue-northeast,BUFFALO POLICE,Wright County,MN,27171,45.1754610997816,-93.8751096005862,confirmed,,Police,215 1ST AVENUE NORTHEAST,BUFFALO,,,
agency-building-verndale-police-101-southwest-brown-street,VERNDALE POLICE,Wadena County,MN,27159,46.3974309998423,-95.0154387998612,confirmed,,Police,101 SOUTHWEST BROWN STREET,VERNDALE,,,
agency-building-morgan-police-119-vernon-avenue,MORGAN POLICE,Redwood County,MN,27127,44.4158824588782,-94.9279976003854,confirmed,,Police,119 VERNON AVENUE,MORGAN,,,
agency-building-shakopee-police-475-gorman-street,Shakopee Police,Scott County,MN,27139,44.7956511998136,-93.5102741004362,confirmed,,Police,475 GORMAN STREET,SHAKOPEE,,agency-jurisdiction-shakopee-police,Shakopee Police
agency-building-saint-joseph-police-25-college-avenue-north,SAINT JOSEPH POLICE,Stearns County,MN,27145,45.5655631996859,-94.3186377998993,confirmed,,Police,25 COLLEGE AVENUE NORTH,SAINT JOSEPH,,,
agency-building-avon-police-140-stradford-street-east,AVON POLICE,Stearns County,MN,27145,45.6084103002385,-94.4482649999267,confirmed,,Police,140 STRADFORD STREET EAST,AVON,,,
agency-building-franklin-police-320-2nd-avenue-east,FRANKLIN POLICE,Renville County,MN,27129,44.5296386998211,-94.8816908003519,confirmed,,Police,320 2ND AVENUE EAST,FRANKLIN,,,
agency-building-becker-police-12060-sherburne-avenue,Becker Police,Sherburne County,MN,27141,45.3961308778988,-93.8714828906801,confirmed,,Police,12060 SHERBURNE AVENUE,BECKER,,agency-jurisdiction-becker-police,Becker Police
agency-building-northfield-police-1615-riverview-drive,NORTHFIELD POLICE,Rice County,MN,27131,44.4404740000171,-93.1842239995837,confirmed,,Police,1615 RIVERVIEW DRIVE,NORTHFIELD,,,
agency-building-woodbury-police-2100-radio-drive,Woodbury Police,Washington County,MN,27163,44.9181561002278,-92.9347546002709,confirmed,,Police,2100 RADIO DRIVE,WOODBURY,,agency-jurisdiction-woodbury-police,Woodbury Police
agency-building-winona-county-sheriff-201-west-3rd-street,WINONA COUNTY SHERIFF,Winona County,MN,27169,44.0529395079864,-91.641096901392,confirmed,,Sheriff,201 WEST 3RD STREET,WINONA,,,
agency-building-owatonna-police-204-east-pearl-street,OWATONNA POLICE,Steele County,MN,27147,44.0869997302154,-93.2232582888087,confirmed,,Police,204 EAST PEARL STREET,OWATONNA,,,
agency-building-thief-river-falls-police-102-1st-street-west-law-enforcement-center,THIEF RIVER FALLS POLICE,Pennington County,MN,27113,48.1167879892273,-96.1821825800784,confirmed,,Police,"102 1ST STREET WEST, LAW ENFORCEMENT CENTER",THIEF RIVER FALLS,,,
agency-building-worthington-police-1530-airport-road-number-300,WORTHINGTON POLICE,Nobles County,MN,27105,43.6477725303031,-95.5894000446054,confirmed,,Police,"1530 AIRPORT ROAD, NUMBER 300",WORTHINGTON,,,
agency-building-brownton-police-528-2nd-street-north,BROWNTON POLICE,McLeod County,MN,27085,44.7332521002489,-94.3505299014056,confirmed,,Police,528 2ND STREET NORTH,BROWNTON,,,
agency-building-dawson-police-675-chestnut-street,DAWSON POLICE,Lac qui Parle County,MN,27073,44.9296496227096,-96.0558455981198,confirmed,,Police,675 CHESTNUT STREET,DAWSON,,,
agency-building-lester-prairie-police-36-juniper-street-north,LESTER PRAIRIE POLICE,McLeod County,MN,27085,44.8854953000178,-94.0417690001917,confirmed,,Police,36 JUNIPER STREET NORTH,LESTER PRAIRIE,,,
agency-building-tracy-police-336-morgan-street,TRACY POLICE,Lyon County,MN,27083,44.2337449011473,-95.6197459002676,confirmed,,Police,336 MORGAN STREET,TRACY,,,
agency-building-trimont-police-41-2nd-avenue-northwest,TRIMONT POLICE,Martin County,MN,27091,43.7623394998958,-94.7182711999714,confirmed,,Police,41 2ND AVENUE NORTHWEST,TRIMONT,,,
agency-building-le-center-police-10-west-tyrone-street,LE CENTER POLICE,Le Sueur County,MN,27079,44.3909971002615,-93.7317979003052,confirmed,,Police,10 WEST TYRONE STREET,LE CENTER,,,
agency-building-cleveland-police-205-4th-street,CLEVELAND POLICE,Le Sueur County,MN,27079,44.3247782001853,-93.8373174002265,confirmed,,Police,205 4TH STREET,CLEVELAND,,,
agency-building-itasca-county-sheriff-440-1st-avenue-northeast,ITASCA COUNTY SHERIFF,Itasca County,MN,27061,47.2364869002397,-93.5260972001239,confirmed,,Sheriff,440 1ST AVENUE NORTHEAST,GRAND RAPIDS,,,
agency-building-kandiyohi-county-sheriff-2201-23rd-street-northeast-kandiyohi-county-law-enforcement-center,KANDIYOHI COUNTY SHERIFF,Kandiyohi County,MN,27067,45.145342643149,-95.0127866928681,confirmed,,Sheriff,"2201 23RD STREET NORTHEAST, KANDIYOHI COUNTY LAW ENFORCEMENT CENTER",WILLMAR,,,
agency-building-balaton-police-341-central-avenue-south,BALATON POLICE,Lyon County,MN,27083,44.2327720997549,-95.872295999982,confirmed,,Police,341 CENTRAL AVENUE SOUTH,BALATON,,,
agency-building-benton-county-sheriff-581-state-highway-23-northeast,BENTON COUNTY SHERIFF,Benton County,MN,27009,45.6682912002541,-93.9101406995627,confirmed,,Sheriff,581 STATE HIGHWAY 23 NORTHEAST,FOLEY,,,
agency-building-west-concord-police-180-main-street-east,WEST CONCORD POLICE,Dodge County,MN,27039,44.1518879002011,-92.8989296996037,confirmed,,Police,180 MAIN STREET EAST,WEST CONCORD,,,
agency-building-hallock-police-163-south-3rd-street,HALLOCK POLICE,Kittson County,MN,27069,48.7739211000978,-96.9442714999563,confirmed,,Police,163 SOUTH 3RD STREET,HALLOCK,,,
agency-building-bird-island-police-735-birch-avenue,BIRD ISLAND POLICE,Renville County,MN,27129,44.7652867777858,-94.8943064913687,confirmed,,Police,735 BIRCH AVENUE,BIRD ISLAND,,,
agency-building-fairfax-police-200-southeast-2nd-avenue,FAIRFAX POLICE,Renville County,MN,27129,44.5268210002792,-94.7188286001136,confirmed,,Police,200 SOUTHEAST 2ND AVENUE,FAIRFAX,,,
agency-building-walnut-grove-police-311-6th-street,WALNUT GROVE POLICE,Redwood County,MN,27127,44.2242408998771,-95.4701088000501,confirmed,,Police,311 6TH STREET,WALNUT GROVE,,,
agency-building-henning-police-607-2nd-street,HENNING POLICE,Otter Tail County,MN,27111,46.3207152998393,-95.4458865000666,confirmed,,Police,607 2ND STREET,HENNING,,,
agency-building-danube-police-202-united-states-highway-212,DANUBE POLICE,Renville County,MN,27129,44.7891828998329,-95.0953399001682,confirmed,,Police,202 UNITED STATES HIGHWAY 212,DANUBE,,,
agency-building-fairmont-police-201-lake-avenue-suite-199,FAIRMONT POLICE,Martin County,MN,27091,43.6533167528664,-94.4651523651724,confirmed,,Police,"201 LAKE AVENUE, SUITE 199",FAIRMONT,,,
agency-building-martin-county-sheriff-201-lake-avenue-suite-198,MARTIN COUNTY SHERIFF,Martin County,MN,27091,43.6529626248623,-94.4649377693292,confirmed,,Sheriff,"201 LAKE AVENUE, SUITE 198",FAIRMONT,,,
agency-building-renville-county-sheriff-410-east-depue-avenue,RENVILLE COUNTY SHERIFF,Renville County,MN,27129,44.7761227002887,-94.9822855014253,confirmed,,Sheriff,410 EAST DEPUE AVENUE,OLIVIA,,,
agency-building-mora-police-16-n-lakes-st,MORA POLICE,Kanabec County,MN,27065,45.8771125438471,-93.295174634661,confirmed,,Police,16 N. LAKES ST.,MORA,,,
agency-building-kanabec-county-sheriff-18-north-vine-street,KANABEC COUNTY SHERIFF,Kanabec County,MN,27065,45.8771975997249,-93.2944660004458,confirmed,,Sheriff,18 NORTH VINE STREET,MORA,,,
agency-building-keewatin-police-127-3rd-avenue-west,KEEWATIN POLICE,Itasca County,MN,27061,47.3986410000675,-93.077130800405,confirmed,,Police,127 3RD AVENUE WEST,KEEWATIN,,,
agency-building-waseca-county-sheriff-122-3rd-avenue-northwest,WASECA COUNTY SHERIFF,Waseca County,MN,27161,44.0797754000543,-93.5083837998384,confirmed,,Sheriff,122 3RD AVENUE NORTHWEST,WASECA,,,
agency-building-scott-county-sheriff-301-fuller-street-scott-county-law-enforcement-center,Scott County Sheriff,Scott County,MN,27139,44.7958707000727,-93.5268481000733,confirmed,,Sheriff,"301 FULLER STREET, SCOTT COUNTY LAW ENFORCEMENT CENTER",SHAKOPEE,,agency-jurisdiction-scott-county-sheriff,Scott County Sheriff
agency-building-staples-police-301-2nd-avenue-northeast,STAPLES POLICE,Todd County,MN,27153,46.3559079002401,-94.7959059002239,confirmed,,Police,301 2ND AVENUE NORTHEAST,STAPLES,,,
agency-building-paynesville-police-221-washburne-avenue,PAYNESVILLE POLICE,Stearns County,MN,27145,45.3810409000054,-94.7134234002181,confirmed,,Police,221 WASHBURNE AVENUE,PAYNESVILLE,,,
agency-building-savage-police-6000-mccoll-drive,Savage Police,Scott County,MN,27139,44.7652223999678,-93.3546860998393,confirmed,,Police,6000 MCCOLL DRIVE,SAVAGE,,agency-jurisdiction-savage-police,Savage Police
agency-building-renville-police-107-dupont-avenue-northeast,RENVILLE POLICE,Renville County,MN,27129,44.7921323309378,-95.2124222072029,confirmed,,Police,107 DUPONT AVENUE NORTHEAST,RENVILLE,,,
agency-building-atwater-police-123-north-4th-street,ATWATER POLICE,Kandiyohi County,MN,27067,45.1380667077208,-94.7822313991176,confirmed,,Police,123 NORTH 4TH STREET,ATWATER,,,
agency-building-waterville-police-114-hoosac-street,WATERVILLE POLICE,Le Sueur County,MN,27079,44.2169958397452,-93.5706136272535,confirmed,,Police,114 HOOSAC STREET,WATERVILLE,,,
agency-building-koochiching-county-sheriff-715-4th-street,KOOCHICHING COUNTY SHERIFF,Koochiching County,MN,27071,48.6012620122448,-93.4104416630005,confirmed,,Sheriff,715 4TH STREET,INTERNATIONAL FALLS,,,
agency-building-grand-rapids-police-420-north-pokegama-avenue,GRAND RAPIDS POLICE,Itasca County,MN,27061,47.23682350026,-93.5278473985717,confirmed,,Police,420 NORTH POKEGAMA AVENUE,GRAND RAPIDS,,,
agency-building-goodview-police-4220-west-5th-street,GOODVIEW POLICE,Winona County,MN,27169,44.0640510029001,-91.6959918264088,confirmed,,Police,4220 WEST 5TH STREET,WINONA,,,
agency-building-breckenridge-police-515-dacotah-avenue,BRECKENRIDGE POLICE,Wilkin County,MN,27167,46.2604198720929,-96.5871919174255,confirmed,,Police,515 DACOTAH AVENUE,BRECKENRIDGE,,,
agency-building-marshall-police-611-west-main-street,MARSHALL POLICE,Lyon County,MN,27083,44.4504425538791,-95.7946822259841,confirmed,,Police,611 WEST MAIN STREET,MARSHALL,,,
agency-building-lyon-county-sheriff-611-west-main-street,LYON COUNTY SHERIFF,Lyon County,MN,27083,44.4506787997901,-95.7950700996591,confirmed,,Sheriff,611 WEST MAIN STREET,MARSHALL,,,
agency-building-sleepy-eye-police-130-2nd-avenue-northwest,SLEEPY EYE POLICE,Brown County,MN,27015,44.2974943052722,-94.7226299065783,confirmed,,Police,130 2ND AVENUE NORTHWEST,SLEEPY EYE,,,
agency-building-wadena-county-sheriff-415-south-jefferson-street,WADENA COUNTY SHERIFF,Wadena County,MN,27159,46.4379622997885,-95.1397601985793,confirmed,,Sheriff,415 SOUTH JEFFERSON STREET,WADENA,,,
agency-building-starbuck-police-307-east-5th-street,STARBUCK POLICE,Pope County,MN,27121,45.6120604001838,-95.5275818998137,confirmed,,Police,307 EAST 5TH STREET,STARBUCK,,,
agency-building-newport-police-596-7th-avenue,NEWPORT POLICE,Washington County,MN,27163,44.8611079721333,-92.9993904690548,confirmed,,Police,596 7TH AVENUE,NEWPORT,,,
agency-building-deerwood-police-23770-forest-road,DEERWOOD POLICE,Crow Wing County,MN,27035,46.4750411002251,-93.8997884001425,confirmed,,Police,23770 FOREST ROAD,DEERWOOD,,,
agency-building-ramsey-police-7550-sunwood-drive-northwest,Ramsey Police,Anoka County,MN,27003,45.2322970997774,-93.4594358001559,confirmed,,Police,7550 SUNWOOD DRIVE NORTHWEST,RAMSEY,,agency-jurisdiction-ramsey-police,Ramsey Police
agency-building-pennington-county-sheriff-102-1st-street-west-law-enforcement-center,PENNINGTON COUNTY SHERIFF,Pennington County,MN,27113,48.1166827931853,-96.18193937469,confirmed,,Sheriff,"102 1ST STREET WEST, LAW ENFORCEMENT CENTER",THIEF RIVER FALLS,,,
agency-building-winsted-police-183-main-street-w,WINSTED POLICE,McLeod County,MN,27085,44.9653575393035,-94.0462602990329,confirmed,,Police,183 MAIN STREET W,WINSTED,,,
agency-building-st-cloud-police-807-courthouse-square,ST. CLOUD POLICE,Stearns County,MN,27145,45.5602827572626,-94.1622664531033,confirmed,,Police,807 COURTHOUSE SQUARE,SAINT CLOUD,,,
agency-building-cass-county-sheriff-303-minnesota-avenue-west,CASS COUNTY SHERIFF,Cass County,MN,27021,47.1012725999289,-94.579611199912,confirmed,,Sheriff,303 MINNESOTA AVENUE WEST,WALKER,,,
agency-building-cloquet-police-508-cloquet-avenue,CLOQUET POLICE,Carlton County,MN,27017,46.7213157998148,-92.4581946993771,confirmed,,Police,508 CLOQUET AVENUE,CLOQUET,,,
agency-building-minnesota-state-patrol-7694-industrial-park-road,MINNESOTA STATE PATROL,Crow Wing County,MN,27035,46.3478323997931,-94.2419698000803,confirmed,,Other,7694 INDUSTRIAL PARK ROAD,BAXTER,,,
agency-building-winthrop-police-305-north-main-street,WINTHROP POLICE,Sibley County,MN,27143,44.5423321997243,-94.3640293999147,confirmed,,Police,305 NORTH MAIN STREET,WINTHROP,,,
agency-building-breezy-point-police-8361-county-road-11,BREEZY POINT POLICE,Crow Wing County,MN,27035,46.5959962001602,-94.2187457996687,confirmed,,Police,8361 COUNTY ROAD 11,BREEZY POINT,,,
agency-building-wilkin-county-sheriff-515-dacotah-avenue,WILKIN COUNTY SHERIFF,Wilkin County,MN,27167,46.2602219972961,-96.5869543301009,confirmed,,Sheriff,515 DACOTAH AVENUE,BRECKENRIDGE,,,
agency-building-redwood-falls-police-303-east-3rd-street,REDWOOD FALLS POLICE,Redwood County,MN,27127,44.5401610000874,-95.115463400411,confirmed,,Police,303 EAST 3RD STREET,REDWOOD FALLS,,,
agency-building-lakefield-police-301-main-street,LAKEFIELD POLICE,Jackson County,MN,27063,43.6776744988244,-95.172405300296,confirmed,,Police,301 MAIN STREET,LAKEFIELD,,,
agency-building-hill-city-police-111-west-henrietta-avenue,HILL CITY POLICE,Aitkin County,MN,27001,46.9913879999553,-93.5976651002573,confirmed,,Police,111 WEST HENRIETTA AVENUE,HILL CITY,,,
agency-building-clara-city-police-215-northwest-1st-street,CLARA CITY POLICE,Chippewa County,MN,27023,44.9562775998019,-95.3695681003016,confirmed,,Police,215 NORTHWEST 1ST STREET,CLARA CITY,,,
agency-building-cook-county-sheriff-143-gunflint-trail,COOK COUNTY SHERIFF,Cook County,MN,27031,47.7572935001641,-90.3257521000767,confirmed,,Sheriff,143 GUNFLINT TRAIL,GRAND MARAIS,,,
agency-building-comfrey-police-120-brown-street-east,COMFREY POLICE,Brown County,MN,27015,44.1096772000669,-94.9039717996838,confirmed,,Police,120 BROWN STREET EAST,COMFREY,,,
agency-building-chippewa-county-sheriff-629-north-11th-street-suite-14,CHIPPEWA COUNTY SHERIFF,Chippewa County,MN,27023,44.9511910997874,-95.7142068003766,confirmed,,Sheriff,"629 NORTH 11TH STREET, SUITE 14",MONTEVIDEO,,,
agency-building-crosslake-police-37028-county-road-66,CROSSLAKE POLICE,Crow Wing County,MN,27035,46.6897662001865,-94.1133633000147,confirmed,,Police,37028 COUNTY ROAD 66,CROSSLAKE,,,
agency-building-silver-lake-police-308-west-main-street,SILVER LAKE POLICE,McLeod County,MN,27085,44.9034716377862,-94.1979811664178,confirmed,,Police,308 WEST MAIN STREET,SILVER LAKE,,,
agency-building-prior-lake-police-4649-dakota-street,Prior Lake Police,Scott County,MN,27139,44.71497870028,-93.4264551004255,confirmed,,Police,4649 DAKOTA STREET,PRIOR LAKE,,agency-jurisdiction-prior-lake-police,Prior Lake Police
agency-building-pequot-lakes-police-4638-county-road-11,PEQUOT LAKES POLICE,Crow Wing County,MN,27035,46.6037139998792,-94.3075016997325,confirmed,,Police,4638 COUNTY ROAD 11,PEQUOT LAKES,,,
agency-building-centennial-lakes-police-54-north-road,Centennial Lakes Police,Anoka County,MN,27003,45.1526339002102,-93.1387235003997,confirmed,,Police,54 NORTH ROAD,CIRCLE PINES,,agency-jurisdiction-centennial-lakes-police,Centennial Lakes Police
agency-building-crow-wing-county-sheriff-304-laurel-street,CROW WING COUNTY SHERIFF,Crow Wing County,MN,27035,46.3563289349466,-94.2058648550131,confirmed,,Sheriff,304 LAUREL STREET,BRAINERD,,,
agency-building-belgrade-police-417-washburn-avenue,BELGRADE POLICE,Stearns County,MN,27145,45.4532625702743,-95.0046057607285,confirmed,,Police,417 WASHBURN AVENUE,BELGRADE,,,
agency-building-greenbush-police-248-4th-street-north,GREENBUSH POLICE,Roseau County,MN,27135,48.7013772988816,-96.182804299595,confirmed,,Police,248 4TH STREET NORTH,GREENBUSH,,,
agency-building-stevens-county-sheriff-400-colorado-avenue,STEVENS COUNTY SHERIFF,Stevens County,MN,27149,45.587678000128,-95.909399600354,confirmed,,Sheriff,400 COLORADO AVENUE,MORRIS,,,
agency-building-parkers-prairie-police-102-north-otter-avenue,PARKERS PRAIRIE POLICE,Otter Tail County,MN,27111,46.1535917002446,-95.329567899364,confirmed,,Police,102 NORTH OTTER AVENUE,PARKERS PRAIRIE,,,
agency-building-pelican-rapids-police-315-north-broadway,PELICAN RAPIDS POLICE,Otter Tail County,MN,27111,46.5744952773005,-96.0832054358112,confirmed,,Police,315 NORTH BROADWAY,PELICAN RAPIDS,,,
agency-building-roseau-county-sheriff-604-5th-avenue-southwest,ROSEAU COUNTY SHERIFF,Roseau County,MN,27135,48.8396982938313,-95.7664129985776,confirmed,,Sheriff,604 5TH AVENUE SOUTHWEST,ROSEAU,,,
agency-building-heron-lake-police-312-10th-street,HERON LAKE POLICE,Jackson County,MN,27063,43.7938024998454,-95.3193283995974,confirmed,,Police,312 10TH STREET,HERON LAKE,,,
agency-building-deer-river-police-208-second-street-southeast,DEER RIVER POLICE,Itasca County,MN,27061,47.3322880998665,-93.791265700174,confirmed,,Police,208 SECOND STREET SOUTHEAST,DEER RIVER,,,
agency-building-lake-of-the-woods-county-sheriff-206-8th-avenue-southeast-suite-300,LAKE OF THE WOODS COUNTY SHERIFF,Lake of the Woods County,MN,27077,48.7102085999867,-94.5836839000005,confirmed,,Sheriff,"206 8TH AVENUE SOUTHEAST, SUITE 300",BAUDETTE,,,
agency-building-elbow-lake-police-118-division-street-east,ELBOW LAKE POLICE,Grant County,MN,27051,45.9925991059127,-95.9749390988552,confirmed,,Police,118 DIVISION STREET EAST,ELBOW LAKE,,,
agency-building-motley-police-316-united-states-highway-10-south,MOTLEY POLICE,Morrison County,MN,27097,46.3342834997604,-94.646048599574,confirmed,,Police,316 UNITED STATES HIGHWAY 10 SOUTH,MOTLEY,,,
agency-building-ortonville-police-225-3rd-street-northwest,ORTONVILLE POLICE,Big Stone County,MN,27011,45.3072875208865,-96.4458247903586,confirmed,,Police,225 3RD STREET NORTHWEST,ORTONVILLE,,,
agency-building-warroad-police-802-cherne-drive-northwest,WARROAD POLICE,Roseau County,MN,27135,48.9121364620601,-95.3325571171338,confirmed,,Police,802 CHERNE DRIVE NORTHWEST,WARROAD,,,
agency-building-pine-county-sheriff-635-northridge-drive-northwest,PINE COUNTY SHERIFF,Pine County,MN,27115,45.8528731087855,-92.9717890097047,confirmed,,Sheriff,635 NORTHRIDGE DRIVE NORTHWEST,PINE CITY,,,
agency-building-blaine-police-10801-town-square-drive-northeast,Blaine Police,Anoka County,MN,27003,45.1661418002861,-93.2082850995844,confirmed,,Police,10801 TOWN SQUARE DRIVE NORTHEAST,BLAINE,,agency-jurisdiction-blaine-police,Blaine Police
agency-building-brainerd-police-225-east-river-road,BRAINERD POLICE,Crow Wing County,MN,27035,46.3563120996966,-94.2078865997982,confirmed,,Police,225 EAST RIVER ROAD,BRAINERD,,,
agency-building-le-sueur-county-sheriff-88-south-park-avenue,LE SUEUR COUNTY SHERIFF,Le Sueur County,MN,27079,44.3878779608459,-93.7321309129675,confirmed,,Sheriff,88 SOUTH PARK AVENUE,LE CENTER,,,
agency-building-grant-county-sheriff-10-2nd-street-northeast-grant-county-courthouse,GRANT COUNTY SHERIFF,Grant County,MN,27051,45.9949274997917,-95.976761299968,confirmed,,Sheriff,"10 2ND STREET NORTHEAST, GRANT COUNTY COURTHOUSE",ELBOW LAKE,,,
agency-building-moose-lake-police-600-state-highway-73,MOOSE LAKE POLICE,Carlton County,MN,27017,46.4428747999363,-92.7704437004487,confirmed,,Police,600 STATE HIGHWAY 73,MOOSE LAKE,,,
agency-building-pillager-city-police-308-elm-avenue-west,PILLAGER CITY POLICE,Cass County,MN,27021,46.3275972082293,-94.4781375727915,confirmed,,Police,308 ELM AVENUE WEST,PILLAGER,,,
agency-building-red-lake-police-205060-state-highway-1-east,RED LAKE POLICE,Beltrami County,MN,27007,47.8764610488816,-95.0354946758277,confirmed,,Police,205060 STATE HIGHWAY 1 EAST,RED LAKE,,,
agency-building-randall-police-501-pacific-street,RANDALL POLICE,Morrison County,MN,27097,46.0901540172903,-94.5009709740395,confirmed,,Police,501 PACIFIC STREET,RANDALL,,,
agency-building-sherburne-county-sheriff-13880-united-states-highway-10-sherburne-county-government-center,Sherburne County Sheriff,Sherburne County,MN,27141,45.3042457998426,-93.6192100999956,confirmed,,Sheriff,"13880 UNITED STATES HIGHWAY 10, SHERBURNE COUNTY GOVERNMENT CENTER",ELK RIVER,,agency-jurisdiction-sherburne-county-sheriff,Sherburne County Sheriff
agency-building-minneota-police-129-east-1st-street,MINNEOTA POLICE,Lyon County,MN,27083,44.5593482999388,-95.9875547997535,confirmed,,Police,129 EAST 1ST STREET,MINNEOTA,,,
agency-building-rock-county-sheriff-1000-north-blue-mound-avenue,ROCK COUNTY SHERIFF,Rock County,MN,27133,43.6646478997806,-96.2019969996763,confirmed,,Sheriff,1000 NORTH BLUE MOUND AVENUE,LUVERNE,,,
agency-building-anoka-county-sheriff-13333-hanson-boulevard,Anoka County Sheriff,Anoka County,MN,27003,45.2131530997632,-93.3050573002406,confirmed,,Sheriff,13333 HANSON BOULEVARD,ANDOVER,,agency-jurisdiction-anoka-county-sheriff,Anoka County Sheriff
agency-building-minnesota-state-patrol-3725-12th-street-north,MINNESOTA STATE PATROL,Stearns County,MN,27145,45.5755201999675,-94.2061765003481,confirmed,,Other,3725 12TH STREET NORTH,SAINT CLOUD,,,
agency-building-marshall-county-sheriff-208-east-colvin-avenue,MARSHALL COUNTY SHERIFF,Marshall County,MN,27089,48.195612676257,-96.7680774537904,confirmed,,Sheriff,208 EAST COLVIN AVENUE,WARREN,,,
agency-building-backus-police-112-south-king-street,BACKUS POLICE,Cass County,MN,27021,46.8198015999354,-94.5156891998266,confirmed,,Police,112 SOUTH KING STREET,BACKUS,,,
agency-building-green-isle-police-390-parnell-street,GREEN ISLE POLICE,Sibley County,MN,27143,44.6785769618241,-94.0073089144272,confirmed,,Police,390 PARNELL STREET,GREEN ISLE,,,
agency-building-cuyuna-police-24945-minnesota-avenue,CUYUNA POLICE,Crow Wing County,MN,27035,46.5180289001539,-93.9235966001362,confirmed,,Police,24945 MINNESOTA AVENUE,CUYUNA,,,
agency-building-minnesota-state-patrol-501-south-victory-drive,MINNESOTA STATE PATROL,Blue Earth County,MN,27013,44.1548669001736,-93.970488899614,confirmed,,Other,501 SOUTH VICTORY DRIVE,MANKATO,,,
agency-building-beltrami-county-jail-626-minnesota-avenue-northwest,BELTRAMI COUNTY JAIL,Beltrami County,MN,27007,47.4743543001452,-94.8822897996783,confirmed,,Other,626 MINNESOTA AVENUE NORTHWEST,BEMIDJI,,,
agency-building-otter-tail-county-jail-416-south-mill-street,OTTER TAIL COUNTY JAIL,Otter Tail County,MN,27111,46.2796640718316,-96.0750415321361,confirmed,,Other,416 SOUTH MILL STREET,FERGUS FALLS,,,
agency-building-red-lake-department-of-conservation-205060-state-highway-1-east,RED LAKE DEPARTMENT OF CONSERVATION,Beltrami County,MN,27007,47.8764140600915,-95.0366398149142,confirmed,,Other,205060 STATE HIGHWAY 1 EAST,RED LAKE,,,
agency-building-longville-police-5220-state-highway-84,LONGVILLE POLICE,Cass County,MN,27021,46.9873130893015,-94.2112456198345,confirmed,,Police,5220 STATE HIGHWAY 84,LONGVILLE,,,
agency-building-kasota-city-police-200-north-webster-street-suite-a,KASOTA CITY POLICE,Le Sueur County,MN,27079,44.2915430351305,-93.9660054610316,confirmed,,Police,"200 NORTH WEBSTER STREET, SUITE A",KASOTA,,,
agency-building-morris-police-400-colorado-avenue-stevens-county-courthouse,MORRIS POLICE,Stevens County,MN,27149,45.587676200285,-95.9093979995561,confirmed,,Police,"400 COLORADO AVENUE, STEVENS COUNTY COURTHOUSE",MORRIS,,,
agency-building-stillwater-township-police-13636-90th-street-north,STILLWATER TOWNSHIP POLICE,Washington County,MN,27163,45.0794862000499,-92.8302919997224,confirmed,,Police,13636 90TH STREET NORTH,STILLWATER,,,
agency-building-jordan-police-210-east-1st-street,Jordan Police,Scott County,MN,27139,44.6660304997801,-93.6268883995809,confirmed,,Police,210 EAST 1ST STREET,JORDAN,,agency-jurisdiction-jordan-police,Jordan Police
agency-building-hendrum-police-308-main-street-hendrum-civic-center,HENDRUM POLICE,Norman County,MN,27107,47.2641561001573,-96.8100604000534,confirmed,,Police,"308 MAIN STREET, HENDRUM CIVIC CENTER",HENDRUM,,,
agency-building-otter-tail-county-sheriff-substation-469-west-main-street,OTTER TAIL COUNTY SHERIFF — SUBSTATION,Otter Tail County,MN,27111,46.4255749988385,-95.5730548000572,confirmed,,Sheriff,469 WEST MAIN STREET,OTTERTAIL,SUBSTATION,,
agency-building-saint-cloud-police-807-courthouse-square,SAINT CLOUD POLICE,Stearns County,MN,27145,45.5610549003077,-94.1634811999462,confirmed,,Police,807 COURTHOUSE SQUARE,SAINT CLOUD,,,
agency-building-minnesota-state-highway-patrol-242-125th-street-northeast,MINNESOTA STATE HIGHWAY PATROL,Pennington County,MN,27113,48.1191638999063,-96.207092899738,confirmed,,Other,242 125TH STREET NORTHEAST,THIEF RIVER FALLS,,,
agency-building-sherburn-welcome-police-21-east-first-street,SHERBURN WELCOME POLICE,Martin County,MN,27091,43.6537129002476,-94.7264930000665,confirmed,,Police,21 EAST FIRST STREET,SHERBURN,,,
agency-building-fountain-police-104-main-street,FOUNTAIN POLICE,Fillmore County,MN,27045,43.7407958547316,-92.1367210837058,confirmed,,Police,104 MAIN STREET,FOUNTAIN,,,
agency-building-faribault-police-25-northwest-4th-street,FARIBAULT POLICE,Rice County,MN,27131,44.2944897000288,-93.2695315996484,confirmed,,Police,25 NORTHWEST 4TH STREET,FARIBAULT,,,
agency-building-elko-new-market-police-26518-france-avenue,Elko New Market Police,Scott County,MN,27139,44.5652319949395,-93.3294709836004,confirmed,,Police,26518 FRANCE AVENUE,ELKO,,agency-jurisdiction-elko-new-market-police,Elko New Market Police
agency-building-minnesota-river-valley-juvenile-detention-center-510-north-front-street,MINNESOTA RIVER VALLEY JUVENILE DETENTION CENTER,Brown County,MN,27015,44.3214156001716,-94.4581168002914,confirmed,,Other,510 NORTH FRONT STREET,NEW ULM,,,
agency-building-blue-earth-county-sheriff-401-carver-road,BLUE EARTH COUNTY SHERIFF,Blue Earth County,MN,27013,44.1618096371507,-93.9375744452459,confirmed,,Sheriff,401 CARVER ROAD,MANKATO,,,
agency-building-minnesota-state-patrol-1800-east-college-drive,MINNESOTA STATE PATROL,Lyon County,MN,27083,44.4497339001911,-95.7466008014118,confirmed,,Other,1800 EAST COLLEGE DRIVE,MARSHALL,,,
agency-building-minnesota-state-patrol-3489-hadley-avenue-north,MINNESOTA STATE PATROL,Washington County,MN,27163,45.000125999777,-92.9631993000934,confirmed,,Other,3489 HADLEY AVENUE NORTH,OAKDALE,,,
agency-building-fond-du-lac-department-of-conservation-104-university-road,FOND DU LAC DEPARTMENT OF CONSERVATION,Carlton County,MN,27017,46.7120961697135,-92.513533879031,confirmed,,Other,104 UNIVERSITY ROAD,CLOQUET,,,
agency-building-leech-lake-department-of-resource-management-15756-state-highway-371,LEECH LAKE DEPARTMENT OF RESOURCE MANAGEMENT,Cass County,MN,27021,47.3722463002191,-94.6125379001141,confirmed,,Other,15756 STATE HIGHWAY 371,CASS LAKE,,,
agency-building-university-of-minnesota-morris-campus-police-600-east-4th-street-9-camden-hall,UNIVERSITY OF MINNESOTA - MORRIS CAMPUS POLICE,Stevens County,MN,27149,45.5903362002388,-95.9004873003342,confirmed,,Police,"600 EAST 4TH STREET, 9 CAMDEN HALL",MORRIS,,,
agency-building-battle-lake-police-106-washington-st-south,BATTLE LAKE POLICE,Otter Tail County,MN,27111,46.2815096888703,-95.7131275257667,confirmed,,Police,106 WASHINGTON ST. SOUTH,BATTLE LAKE,,,
agency-building-public-safety-244-east-maine-street,PUBLIC SAFETY,Blue Earth County,MN,27013,43.8881365997097,-94.1557759005967,confirmed,,Police,244 EAST MAINE STREET,AMBOY,,,
agency-building-albany-police-400-railroad-avenue,ALBANY POLICE,Stearns County,MN,27145,45.6294761001143,-94.5688144006145,confirmed,,Police,400 RAILROAD AVENUE,ALBANY,,,
agency-building-becker-county-sheriff-925-lake-avenue,Becker County Sheriff,Becker County,MN,27005,46.8162958002052,-95.8464952001443,confirmed,,Sheriff,925 LAKE AVENUE,DETROIT LAKES,,,
agency-building-frazee-police-222-west-main-avenue,Frazee Police,Becker County,MN,27005,46.7293618004696,-95.7026979999781,confirmed,,Police,222 WEST MAIN AVENUE,FRAZEE,,,
agency-building-audubon-police-357-4th-street,Audubon Police,Becker County,MN,27005,46.8618556993355,-95.9815191999209,confirmed,,Police,357 4TH STREET,AUDUBON,,,
agency-building-detroit-lakes-police-106-holmes-street-east,Detroit Lakes Police,Becker County,MN,27005,46.8174433495748,-95.844348915623,confirmed,,Police,106 HOLMES STREET EAST,DETROIT LAKES,,,
agency-building-callaway-ogema-police-321-main-avenue,Callaway/Ogema Police,Becker County,MN,27005,46.9812540005979,-95.909637499394,confirmed,,Police,321 MAIN AVENUE,CALLAWAY,,,
agency-building-minnesota-state-highway-patrol-1000-state-highway-10-west,Minnesota State Highway Patrol,Becker County,MN,27005,46.8232472005152,-95.859937200187,confirmed,,Other,1000 STATE HIGHWAY 10 WEST,DETROIT LAKES,,,
agency-building-white-earth-police-26246-crane-rd,White Earth Police,Becker County,MN,27005,47.0852649586521,-95.8617560128546,confirmed,,Police,26246 Crane Rd,White Earth,,,
agency-building-becker-county-jail-1428-stony-rd,Becker County Jail,Becker County,MN,27005,46.843320418301,-95.8588410704874,confirmed,,Other,1428 Stony Rd,Detroit Lakes,,,
agency-building-detroit-lakes-police-807-summit-ave,Detroit Lakes Police,Becker County,MN,27005,46.8182503965894,-95.8492120361435,confirmed,,Police,807 summit ave,Detroit Lakes,,,
agency-building-north-branch-police-6408-elm-street,North Branch Police,Chisago County,MN,27025,45.5128853003075,-92.9784069999125,confirmed,,Police,6408 ELM STREET,NORTH BRANCH,,agency-jurisdiction-north-branch-police,North Branch Police
agency-building-wyoming-police-7665-wyoming-trail,Wyoming Police,Chisago County,MN,27025,45.3332647997621,-92.9498075006037,confirmed,,Police,7665 WYOMING TRAIL,WYOMING,,agency-jurisdiction-wyoming-police,Wyoming Police
agency-building-rush-city-police-325-south-eliot-avenue,Rush City Police,Chisago County,MN,27025,45.6855000998945,-92.9666252006008,confirmed,,Police,325 SOUTH ELIOT AVENUE,RUSH CITY,,,
agency-building-chisago-county-sheriff-15230-per-road,Chisago County Sheriff,Chisago County,MN,27025,45.3855479950049,-92.7983269990326,confirmed,,Sheriff,15230 Per Road,CENTER CITY,,agency-jurisdiction-chisago-county-sheriff,Chisago County Sheriff
agency-building-taylor-s-falls-sheriff-637-1st-st,Taylor'S Falls Sheriff,Chisago County,MN,27025,45.4018739319049,-92.6637379473469,confirmed,,Sheriff,637 1st St,Taylors Falls,,,
agency-building-lakes-area-police-13292-sylvan-avenue,Lakes Area Police,Chisago County,MN,27025,45.3885160002121,-92.8367313015455,confirmed,,Police,13292 SYLVAN AVENUE,LINDSTROM,,agency-jurisdiction-lakes-area-police,Lakes Area Police
agency-building-glyndon-police-218-parke-ave-s,Glyndon Police,Clay County,MN,27027,46.8743797650925,-96.5799220287993,confirmed,,Police,218 PARKE AVE S,GLYNDON,,,
agency-building-barnesville-city-police-101-front-st-s,Barnesville City Police,Clay County,MN,27027,46.6532009618452,-96.4203266113805,confirmed,,Police,101 FRONT ST S,BARNESVILLE,,,
agency-building-dilworth-police-500-center-ave-w,Dilworth Police,Clay County,MN,27027,46.8759378391609,-96.7106299982331,confirmed,,Police,500 CENTER AVE W,DILWORTH,,,
agency-building-clay-county-and-moorhead-police-911-11-st-n,Clay County And Moorhead Police,Clay County,MN,27027,46.8852949617641,-96.7634206304766,confirmed,,Police,911 11 ST N,MOORHEAD,,,
agency-building-hawley-city-police-818-front-st,Hawley City Police,Clay County,MN,27027,46.8790728780707,-96.3205030466048,confirmed,,Police,818 FRONT ST,HAWLEY,,,
agency-building-cottonwood-county-sheriff-902-5th-avenue-cottonwood-county-law-enforcement-center,Cottonwood County Sheriff,Cottonwood County,MN,27033,43.8656460996915,-95.1194867003453,confirmed,,Sheriff,"902 5TH AVENUE, COTTONWOOD COUNTY LAW ENFORCEMENT CENTER",WINDOM,,,
agency-building-westbrook-police-535-first-avenue,Westbrook Police,Cottonwood County,MN,27033,44.0419112111227,-95.4364487466911,confirmed,,Police,535 FIRST AVENUE,WESTBROOK,,,
agency-building-mountain-lake-police-930-3rd-avenue,Mountain Lake Police,Cottonwood County,MN,27033,43.9385055002308,-94.9307108000043,confirmed,,Police,930 3RD AVENUE,MOUNTAIN LAKE,,,
agency-building-windom-police-902-5th-ave,Windom Police,Cottonwood County,MN,27033,43.8655601207792,-95.1193875371177,confirmed,,Police,902 5th Ave,WINDOM,,,
agency-building-hastings-police-150-east-third-street,Hastings Police,Dakota County,MN,27037,44.7430090001823,-92.8515352005595,confirmed,,Police,150 EAST THIRD STREET,HASTINGS,,agency-jurisdiction-hastings-police,Hastings Police
agency-building-mendota-heights-police-1101-victoria-curve,Mendota Heights Police,Dakota County,MN,27037,44.8852491995657,-93.1475210002178,confirmed,,Police,1101 VICTORIA CURVE,MENDOTA HEIGHTS,,agency-jurisdiction-mendota-heights-police,Mendota Heights Police
agency-building-dakota-county-law-enforcement-1580-state-highway-55,Dakota County Sheriff,Dakota County,MN,27037,44.7413670999823,-92.8862970995982,confirmed,,Sheriff,1580 STATE HIGHWAY 55,HASTINGS,,agency-jurisdiction-dakota-county-sheriff,Dakota County Sheriff
agency-building-burnsville-police-100-civic-center-parkway,Burnsville Police,Dakota County,MN,27037,44.7671630997261,-93.2749477014982,confirmed,,Police,100 CIVIC CENTER PARKWAY,BURNSVILLE,,agency-jurisdiction-burnsville-police,Burnsville Police
agency-building-eagan-police-3830-pilot-knob-road,Eagan Police,Dakota County,MN,27037,44.8182554999001,-93.1659860999533,confirmed,,Police,3830 PILOT KNOB ROAD,EAGAN,,agency-jurisdiction-eagan-police,Eagan Police
agency-building-south-saint-paul-police-125-third-avenue-north,South Saint Paul Police,Dakota County,MN,27037,44.8914141995335,-93.0375074005082,confirmed,,Police,125 THIRD AVENUE NORTH,SOUTH SAINT PAUL,,agency-jurisdiction-south-saint-paul-police,South Saint Paul Police
agency-building-west-saint-paul-police-1616-humboldt-avenue,West Saint Paul Police,Dakota County,MN,27037,44.8969541999452,-93.0844408015036,confirmed,,Police,1616 HUMBOLDT AVENUE,WEST SAINT PAUL,,agency-jurisdiction-west-saint-paul-police,West Saint Paul Police
agency-building-inver-grove-heights-police-8150-barbara-avenue,Inver Grove Heights Police,Dakota County,MN,27037,44.830866099954,-93.0619890000968,confirmed,,Police,8150 BARBARA AVENUE,INVER GROVE HEIGHTS,,agency-jurisdiction-inver-grove-heights-police,Inver Grove Heights Police
agency-building-apple-valley-police-7100-147th-street-west,Apple Valley Police,Dakota County,MN,27037,44.7346550993725,-93.2090355997834,confirmed,,Police,7100 147TH STREET WEST,APPLE VALLEY,,agency-jurisdiction-apple-valley-police,Apple Valley Police
agency-building-rosemount-police-2875-145th-street-west,Rosemount Police,Dakota County,MN,27037,44.7396368435662,-93.1237042455677,confirmed,,Police,2875 145TH STREET WEST,ROSEMOUNT,,agency-jurisdiction-rosemount-police,Rosemount Police
agency-building-farmington-police-19500-municipal-drive,Farmington Police,Dakota County,MN,27037,44.6664377003388,-93.1755808995017,confirmed,,Police,19500 MUNICIPAL DRIVE,FARMINGTON,,agency-jurisdiction-farmington-police,Farmington Police
agency-building-lakeville-police-9237-183rd-street,Lakeville Police,Dakota County,MN,27037,44.6850694088828,-93.2480481928976,confirmed,,Police,9237 183rd Street,Lakeville,,agency-jurisdiction-lakeville-police,Lakeville Police
agency-building-douglas-county-sheriff-216-7th-avenue-west,Douglas County Sheriff,Douglas County,MN,27041,45.8840746508816,-95.3803733419662,confirmed,,Sheriff,216 7TH AVENUE WEST,ALEXANDRIA,,,
agency-building-osakis-police-14-nokomis-street-east,Osakis Police,Douglas County,MN,27041,45.8668549998144,-95.1516607003742,confirmed,,Police,14 NOKOMIS STREET EAST,OSAKIS,,,
agency-building-alexandria-police-501-3rd-avenue-west,Alexandria Police,Douglas County,MN,27041,45.8922179906505,-95.3832439964915,confirmed,,Police,501 3rd Avenue West,ALEXANDRIA,,,
agency-building-zumbrota-police-50-west-2nd-street,Zumbrota Police,Goodhue County,MN,27049,44.2953822001569,-92.6700763998045,confirmed,,Police,50 WEST 2ND STREET,ZUMBROTA,,,
agency-building-cannon-falls-police-918-river-road,Cannon Falls Police,Goodhue County,MN,27049,44.5149249993391,-92.9091725985954,confirmed,,Police,918 RIVER ROAD,CANNON FALLS,,,
agency-building-kenyon-police-709-2nd-street,Kenyon Police,Goodhue County,MN,27049,44.2717935001664,-92.9847151000933,confirmed,,Police,709 2ND STREET,KENYON,,,
agency-building-goodhue-county-sheriff-430-west-6th-street-law-enforcement-center,Goodhue County Sheriff,Goodhue County,MN,27049,44.562961556325,-92.5324221795885,confirmed,,Sheriff,"430 WEST 6TH STREET, LAW ENFORCEMENT CENTER",RED WING,,,
agency-building-red-wing-police-430-west-6th-street,Red Wing Police,Goodhue County,MN,27049,44.5630254999162,-92.5318928005949,confirmed,,Police,430 WEST 6TH STREET,RED WING,,,
agency-building-prairie-island-indian-community-tribal-police-1960-island-boulevard,Prairie Island Indian Community Tribal Police,Goodhue County,MN,27049,44.6289657006896,-92.6553790337966,confirmed,,Police,1960 Island Boulevard,WELCH,,,
agency-building-sheriff-405-north-broadway-street,Sheriff,Goodhue County,MN,27049,44.402988999524,-92.6236112007353,confirmed,,Sheriff,405 NORTH BROADWAY STREET,GOODHUE,,,
agency-building-robbinsdale-police-4101-hubbard-avenue-north,Robbinsdale Police,Hennepin County,MN,27053,45.0291507004801,-93.3387365002916,confirmed,,Police,4101 HUBBARD AVENUE NORTH,ROBBINSDALE,,agency-jurisdiction-robbinsdale-police,Robbinsdale Police
agency-building-saint-louis-park-police-3015-raleigh-avenue-south,Saint Louis Park Police,Hennepin County,MN,27053,44.947097300044,-93.3432536005444,confirmed,,Police,3015 RALEIGH AVENUE SOUTH,SAINT LOUIS PARK,,agency-jurisdiction-saint-louis-park-police,Saint Louis Park Police
agency-building-champlin-police-11955-champlin-drive,Champlin Police,Hennepin County,MN,27053,45.1720419002706,-93.3933107995155,confirmed,,Police,11955 CHAMPLIN DRIVE,CHAMPLIN,,agency-jurisdiction-champlin-police,Champlin Police
agency-building-corcoran-police-8200-county-road-116,Corcoran Police,Hennepin County,MN,27053,45.103182800494,-93.5420513002311,confirmed,,Police,8200 COUNTY ROAD 116,CORCORAN,,agency-jurisdiction-corcoran-police,Corcoran Police
agency-building-brooklyn-center-police-6645-humboldt-avenue-north,Brooklyn Center Police,Hennepin County,MN,27053,45.0769233996312,-93.3006002999753,confirmed,,Police,6645 HUMBOLDT AVENUE NORTH,BROOKLYN CENTER,,agency-jurisdiction-brooklyn-center-police,Brooklyn Center Police
agency-building-minneapolis-police-350-south-5th-street-room-130,Minneapolis Police,Hennepin County,MN,27053,44.9773166977596,-93.2658883778091,confirmed,,Police,"350 SOUTH 5TH STREET, ROOM 130",MINNEAPOLIS,,agency-jurisdiction-minneapolis-police,Minneapolis Police
agency-building-richfield-department-of-public-safety-6700-portland-avenue-south,Richfield Police,Hennepin County,MN,27053,44.8812356994811,-93.2684810001607,confirmed,,Police,6700 PORTLAND AVENUE SOUTH,RICHFIELD,,agency-jurisdiction-richfield-police,Richfield Police
agency-building-university-of-minnesota-department-of-public-safety-511-washington-avenue-southeast-transportation-and-safety-building-room-100,University of Minnesota Police,Hennepin County,MN,27053,44.9739229997603,-93.2309923001113,confirmed,,Police,"511 WASHINGTON AVENUE SOUTHEAST, TRANSPORTATION AND SAFETY BUILDING ROOM 100",MINNEAPOLIS,,agency-jurisdiction-university-of-minnesota-police,University of Minnesota Police
agency-building-three-rivers-park-district-police-3000-xenium-lane-north,Three Rivers Park District Police,Hennepin County,MN,27053,45.0137652318435,-93.4509422021951,confirmed,,Police,3000 XENIUM LANE NORTH,PLYMOUTH,,,
agency-building-bloomington-police-1800-west-old-shakopee-road,Bloomington Police,Hennepin County,MN,27053,44.8247923999186,-93.3020730995617,confirmed,,Police,1800 WEST OLD SHAKOPEE ROAD,BLOOMINGTON,,agency-jurisdiction-bloomington-police,Bloomington Police
agency-building-maple-grove-police-12800-arbor-lakes-parkway-n,Maple Grove Police,Hennepin County,MN,27053,45.0996962872986,-93.442653474018,confirmed,,Police,12800 ARBOR LAKES PARKWAY N,MAPLE GROVE,,agency-jurisdiction-maple-grove-police,Maple Grove Police
agency-building-brooklyn-park-police-5400-85th-avenue-north,Brooklyn Park Police,Hennepin County,MN,27053,45.1098844998366,-93.3497281998698,confirmed,,Police,5400 85TH AVENUE NORTH,BROOKLYN PARK,,agency-jurisdiction-brooklyn-park-police,Brooklyn Park Police
agency-building-wayzata-police-600-east-rice-street,Wayzata Police,Hennepin County,MN,27053,44.9710358002969,-93.512397099727,confirmed,,Police,600 EAST RICE STREET,WAYZATA,,agency-jurisdiction-wayzata-police,Wayzata Police
agency-building-minnetonka-police-14600-minnetonka-boulevard,Minnetonka Police,Hennepin County,MN,27053,44.9400027997703,-93.4659878998359,confirmed,,Police,14600 MINNETONKA BOULEVARD,MINNETONKA,,agency-jurisdiction-minnetonka-police,Minnetonka Police
agency-building-edina-police-4801-west-50th-street,Edina Police,Hennepin County,MN,27053,44.911253399684,-93.3482568007569,confirmed,,Police,4801 WEST 50TH STREET,EDINA,,agency-jurisdiction-edina-police,Edina Police
agency-building-minnetrista-public-safety-7701-county-road-110-west,Minnetrista Police,Hennepin County,MN,27053,44.9228758997657,-93.7192368008065,confirmed,,Police,7701 COUNTY ROAD 110 WEST,MINNETRISTA,,agency-jurisdiction-minnetrista-police,Minnetrista Police
agency-building-dayton-police-12260-south-diamond-lake-road,Dayton Police,Hennepin County,MN,27053,45.1994078993478,-93.4371475999286,confirmed,,Police,12260 SOUTH DIAMOND LAKE ROAD,DAYTON,,agency-jurisdiction-dayton-police,Dayton Police
agency-building-saint-anthony-police-3301-silver-lake-road-northeast,Saint Anthony Police,Hennepin County,MN,27053,45.0294928999885,-93.2173424999804,confirmed,,Police,3301 SILVER LAKE ROAD NORTHEAST,MINNEAPOLIS,,agency-jurisdiction-saint-anthony-police,Saint Anthony Police
agency-building-deephaven-police-20225-cottagewood-road,Deephaven Police,Hennepin County,MN,27053,44.9226747005048,-93.5369905000425,confirmed,,Police,20225 COTTAGEWOOD ROAD,DEEPHAVEN,,agency-jurisdiction-deephaven-police,Deephaven Police
agency-building-rogers-police-12913-main-street,Rogers Police,Hennepin County,MN,27053,45.1893683996112,-93.5528560999246,confirmed,,Police,12913 MAIN STREET,ROGERS,,agency-jurisdiction-rogers-police,Rogers Police
agency-building-crystal-police-4141-douglas-drive-north,Crystal Police,Hennepin County,MN,27053,45.0320144996009,-93.3604939992052,confirmed,,Police,4141 DOUGLAS DRIVE NORTH,CRYSTAL,,agency-jurisdiction-crystal-police,Crystal Police
agency-building-medina-police-2052-county-road-24,Medina Police,Hennepin County,MN,27053,45.0159110997152,-93.5744313998373,confirmed,,Police,2052 COUNTY ROAD 24,MEDINA,,agency-jurisdiction-medina-police,Medina Police
agency-building-mound-police-2415-wilshire-boulevard,Mound Police,Hennepin County,MN,27053,44.9341933001038,-93.6584990014165,confirmed,,Police,2415 WILSHIRE BOULEVARD,MOUND,,,
agency-building-osseo-police-415-central-avenue,Osseo Police,Hennepin County,MN,27053,45.1207259998662,-93.4025221998973,confirmed,,Police,415 CENTRAL AVENUE,OSSEO,,agency-jurisdiction-osseo-police,Osseo Police
agency-building-new-hope-police-4401-xylon-avenue-north,New Hope Police,Hennepin County,MN,27053,45.0356818998844,-93.3857042995758,confirmed,,Police,4401 XYLON AVENUE NORTH,NEW HOPE,,agency-jurisdiction-new-hope-police,New Hope Police
agency-building-eden-prairie-police-8080-mitchell-road,Eden Prairie Police,Hennepin County,MN,27053,44.8563252004142,-93.4619008006518,confirmed,,Police,8080 MITCHELL ROAD,EDEN PRAIRIE,,agency-jurisdiction-eden-prairie-police,Eden Prairie Police
agency-building-golden-valley-police-7800-golden-valley-road,Golden Valley Police,Hennepin County,MN,27053,44.98630979927,-93.3782781004969,confirmed,,Police,7800 GOLDEN VALLEY ROAD,GOLDEN VALLEY,,agency-jurisdiction-golden-valley-police,Golden Valley Police
agency-building-west-hennepin-public-safety-1918-county-road-90,West Hennepin Police,Hennepin County,MN,27053,45.0126423996412,-93.6858707992776,confirmed,,Police,1918 COUNTY ROAD 90,MAPLE PLAIN,,agency-jurisdiction-west-hennepin-police,West Hennepin Police
agency-building-hopkins-police-1010-1st-street-south,Hopkins Police,Hennepin County,MN,27053,44.9221299004247,-93.413451499801,confirmed,,Police,1010 1ST STREET SOUTH,HOPKINS,,agency-jurisdiction-hopkins-police,Hopkins Police
agency-building-plymouth-police-3400-plymouth-boulevard,Plymouth Police,Hennepin County,MN,27053,45.0194595621626,-93.474858243142,confirmed,,Police,3400 PLYMOUTH BOULEVARD,PLYMOUTH,,agency-jurisdiction-plymouth-police,Plymouth Police
agency-building-south-lake-minnetonka-police-24150-smithtown-road,South Lake Minnetonka Police,Hennepin County,MN,27053,44.9022241001125,-93.5860668995218,confirmed,,Police,24150 SMITHTOWN ROAD,SHOREWOOD,,agency-jurisdiction-south-lake-minnetonka-police,South Lake Minnetonka Police
agency-building-hennepin-county-sheriff-350-south-5th-street-room-6,Hennepin County Sheriff,Hennepin County,MN,27053,44.977299600171,-93.265357299203,confirmed,,Sheriff,"350 SOUTH 5TH STREET, ROOM 6",MINNEAPOLIS,,agency-jurisdiction-hennepin-county-sheriff,Hennepin County Sheriff
agency-building-minneapolis-police-precinct-3-3000-minnehaha-avenue,Minneapolis Police — Precinct 3,Hennepin County,MN,27053,44.9481207002651,-93.2347969006982,confirmed,,Police,3000 MINNEHAHA AVENUE,MINNEAPOLIS,Precinct 3,agency-jurisdiction-minneapolis-police,Minneapolis Police
agency-building-minnesota-department-of-public-safety-minnesota-state-police-2005-north-lilac-drive,Minnesota Department Of Public Safety - Minnesota State Police,Hennepin County,MN,27053,44.9996024995584,-93.3516681997608,confirmed,,Police,2005 NORTH LILAC DRIVE,GOLDEN VALLEY,,,
agency-building-minneapolis-police-precinct-2-1911-central-avenue-northeast,Minneapolis Police — Precinct 2,Hennepin County,MN,27053,45.0081572996399,-93.2466243002903,confirmed,,Police,1911 CENTRAL AVENUE NORTHEAST,MINNEAPOLIS,Precinct 2,agency-jurisdiction-minneapolis-police,Minneapolis Police
agency-building-minneapolis-police-precinct-5-3101-nicollet-avenue-south,Minneapolis Police — Precinct 5,Hennepin County,MN,27053,44.9462054995153,-93.2776306000443,confirmed,,Police,3101 NICOLLET AVENUE SOUTH,MINNEAPOLIS,Precinct 5,agency-jurisdiction-minneapolis-police,Minneapolis Police
agency-building-minneapolis-police-precinct-1-19-north-4th-street,Minneapolis Police — Precinct 1,Hennepin County,MN,27053,44.9807593000491,-93.2723415002127,confirmed,,Police,19 NORTH 4TH STREET,MINNEAPOLIS,Precinct 1,agency-jurisdiction-minneapolis-police,Minneapolis Police
agency-building-minneapolis-police-precinct-4-1925-plymouth-avenue-north,Minneapolis Police — Precinct 4,Hennepin County,MN,27053,44.9910818935489,-93.3055017111847,confirmed,,Police,1925 PLYMOUTH AVENUE NORTH,MINNEAPOLIS,Precinct 4,agency-jurisdiction-minneapolis-police,Minneapolis Police
agency-building-orono-police-2730-kelley-parkway,Orono Police,Hennepin County,MN,27053,44.9912360993358,-93.593222599699,confirmed,,Police,2730 KELLEY PARKWAY,ORONO,,agency-jurisdiction-orono-police,Orono Police
agency-building-three-rivers-park-district-police-4301-county-road-24,Three Rivers Park District Police,Hennepin County,MN,27053,45.0197887992314,-93.6278018245281,confirmed,,Police,4301 COUNTY ROAD 24,MAPLE PLAIN,,,
agency-building-hennepin-county-adult-detention-center-401-fourth-avenue-south,Hennepin County Adult Detention Center,Hennepin County,MN,27053,44.9768777000212,-93.2644159995325,confirmed,,Other,401 FOURTH AVENUE SOUTH,MINNEAPOLIS,,,
agency-building-metropolitan-transit-police-2425-minnehaha-avenue-south,Metropolitan Transit Police,Hennepin County,MN,27053,44.9583682995499,-93.2406517999198,confirmed,,Police,2425 MINNEHAHA AVENUE SOUTH,MINNEAPOLIS,,,
agency-building-minneapolis-park-police-2117-north-west-river-road,Minneapolis Park Police,Hennepin County,MN,27053,45.0008148000751,-93.2780132994233,confirmed,,Police,2117 NORTH WEST RIVER ROAD,MINNEAPOLIS,,,
agency-building-minneapolis-saint-paul-international-airport-police-4300-glumack-drive-lindbergh-terminal-suite-3255,Metropolitan Airports Commission Police,Hennepin County,MN,27053,44.8834066001887,-93.2114844000614,confirmed,,Police,"4300 GLUMACK DRIVE, LINDBERGH TERMINAL SUITE 3255",MSP INTL. AIRPORT,,agency-jurisdiction-metropolitan-airports-commission-police,Metropolitan Airports Commission Police
agency-building-minneapolis-saint-paul-international-airport-police-7150-humphrey-drive,Metropolitan Airports Commission Police,Hennepin County,MN,27053,44.8739721007355,-93.2282968997114,confirmed,,Police,7150 HUMPHREY DRIVE,MSP INTL. AIRPORT,,agency-jurisdiction-metropolitan-airports-commission-police,Metropolitan Airports Commission Police
agency-building-hennepin-county-sheriff-9401-83rd-avenue-north,Hennepin County Sheriff,Hennepin County,MN,27053,45.1044929010435,-93.3990468465374,confirmed,,Sheriff,9401 83rd Avenue North,Brooklyn Park,,agency-jurisdiction-hennepin-county-sheriff,Hennepin County Sheriff
agency-building-hennepin-county-sheriff-4141-shoreline-drive,Hennepin County Sheriff,Hennepin County,MN,27053,44.9348498825752,-93.6276317740921,confirmed,,Sheriff,4141 Shoreline Drive,Spring Park,,agency-jurisdiction-hennepin-county-sheriff,Hennepin County Sheriff
agency-building-emergency-communications-facility-1245-shenandoah-lane-north,Emergency Communications Facility,Hennepin County,MN,27053,44.9933732205867,-93.4778131348938,confirmed,,Other,1245 Shenandoah Lane North,Plymouth,,,
agency-building-hennepin-county-sheriff-531-park-avenue-south,Hennepin County Sheriff,Hennepin County,MN,27053,44.9739683203972,-93.2616273960084,confirmed,,Sheriff,531 Park Avenue South,Minneapolis,,agency-jurisdiction-hennepin-county-sheriff,Hennepin County Sheriff
agency-building-la-crescent-police-315-main-street,La Crescent Police,Houston County,MN,27055,43.8288932002089,-91.3047914005923,confirmed,,Police,315 MAIN STREET,LA CRESCENT,,,
agency-building-caledonia-police-304-east-main-street,Caledonia Police,Houston County,MN,27055,43.6343452001001,-91.4945336995328,confirmed,,Police,304 EAST MAIN STREET,CALEDONIA,,,
agency-building-spring-grove-police-118-1st-avenue-northwest,Spring Grove Police,Houston County,MN,27055,43.5614704544702,-91.6379228148284,confirmed,,Police,118 1ST AVENUE NORTHWEST,SPRING GROVE,,,
agency-building-hokah-police-211-main-street-suite-2,Hokah Police,Houston County,MN,27055,43.7572858933469,-91.3519385224719,confirmed,,Police,"211 MAIN STREET, SUITE 2",HOKAH,,,
agency-building-houston-county-sheriff-306-south-marshall-street,Houston County Sheriff,Houston County,MN,27055,43.6325593410848,-91.4953044145207,confirmed,,Sheriff,306 SOUTH MARSHALL STREET,CALEDONIA,,,
agency-building-houston-police-109-west-cedar-street,Houston Police,Houston County,MN,27055,43.7634721094193,-91.5696966691114,confirmed,,Police,109 WEST CEDAR STREET,HOUSTON,,,
agency-building-akeley-police-25-broadway-street,Akeley Police,Hubbard County,MN,27057,47.0037099755868,-94.7276911747891,confirmed,,Police,25 BROADWAY STREET,AKELEY,,,
agency-building-park-rapids-police-1425-fair-avenue,Park Rapids Police,Hubbard County,MN,27057,46.9082074997912,-95.0696846992717,confirmed,,Police,1425 FAIR AVENUE,PARK RAPIDS,,,
agency-building-hubbard-county-sheriff-301-court-avenue,Hubbard County Sheriff,Hubbard County,MN,27057,46.9197510005863,-95.0638930001236,confirmed,,Sheriff,301 COURT AVENUE,PARK RAPIDS,,,
agency-building-nevis-police-104-main-street-west,Nevis Police,Hubbard County,MN,27057,46.9647839775889,-94.8429549754817,confirmed,,Police,104 MAIN STREET WEST,NEVIS,,,
agency-building-sheriff-32185-500th-street,Sheriff,Hubbard County,MN,27057,47.3800816139857,-94.6997323725678,confirmed,,Sheriff,32185 500th Street,Cass Lake,,,
agency-building-cambridge-police-300-3rd-avenue-northeast,Cambridge Police,Isanti County,MN,27059,45.5750229002906,-93.2207441001611,confirmed,,Police,300 3RD AVENUE NORTHEAST,CAMBRIDGE,,agency-jurisdiction-cambridge-police,Cambridge Police
agency-building-braham-police-201-south-broadway-avenue,Braham Police,Isanti County,MN,27059,45.7237409998822,-93.1721950000755,confirmed,,Police,201 SOUTH BROADWAY AVENUE,BRAHAM,,agency-jurisdiction-braham-police,Braham Police
agency-building-isanti-police-401-1st-avenue-north,Isanti Police,Isanti County,MN,27059,45.4933868003043,-93.2479588006454,confirmed,,Police,401 1ST AVENUE NORTH,ISANTI,,agency-jurisdiction-isanti-police,Isanti Police
agency-building-isanti-county-sheriff-jail-and-dispatch-509-18th-avenue-southwest,Isanti County Sheriff — Jail and Dispatch,Isanti County,MN,27059,45.5561152999807,-93.2298296007576,confirmed,,Sheriff,509 18TH AVENUE SOUTHWEST,CAMBRIDGE,Jail and Dispatch,agency-jurisdiction-isanti-county-sheriff,Isanti County Sheriff
agency-building-isanti-county-sheriff-administrative-offices-2440-s-main-street,Isanti County Sheriff — Administrative Offices,Isanti County,MN,27059,45.5506589988537,-93.2309330319638,confirmed,,Sheriff,2440 S Main Street,Cambridge,Administrative Offices,agency-jurisdiction-isanti-county-sheriff,Isanti County Sheriff
agency-building-two-harbors-police-613-3rd-avenue-lake-county-law-enforcement-center,Two Harbors Police,Lake County,MN,27075,47.0221103141854,-91.6715324340724,confirmed,,Police,"613 3RD AVENUE, LAKE COUNTY LAW ENFORCEMENT CENTER",TWO HARBORS,,,
agency-building-silver-bay-police-7-davis-drive-city-hall,Silver Bay Police,Lake County,MN,27075,47.294783299928,-91.2697747995261,confirmed,,Police,"7 DAVIS DRIVE, CITY HALL",SILVER BAY,,,
agency-building-lake-county-sheriff-613-3rd-avenue-law-enforcement-center,Lake County Sheriff,Lake County,MN,27075,47.0221357090157,-91.6718563405127,confirmed,,Sheriff,"613 3RD AVENUE, LAW ENFORCEMENT CENTER",TWO HARBORS,,,
agency-building-mahnomen-county-sheriff-311-north-main-street,Mahnomen County Sheriff,Mahnomen County,MN,27087,47.3178033113563,-95.9696136091698,confirmed,,Sheriff,311 NORTH MAIN STREET,MAHNOMEN,,,
agency-building-waubun-police-mobile-unit,Waubun Police,Mahnomen County,MN,27087,47.1814203583786,-95.9442892272497,confirmed,,Police,MOBILE UNIT,WAUBUN,,,
agency-building-eden-valley-police-171-cossairt-avenue-west,Eden Valley Police,Meeker County,MN,27093,45.3250268961028,-94.5475826065849,confirmed,,Police,171 COSSAIRT AVENUE WEST,EDEN VALLEY,,,
agency-building-litchfield-police-326-north-ramsey-avenue,Litchfield Police,Meeker County,MN,27093,45.1295585842754,-94.5285763985532,confirmed,,Police,326 NORTH RAMSEY AVENUE,LITCHFIELD,,,
agency-building-meeker-county-jail-meeker-county-sheriff-326-north-ramsey-avenue,Meeker County Jail / Meeker County Sheriff,Meeker County,MN,27093,45.1295666825478,-94.5292955367691,confirmed,,Sheriff,326 NORTH RAMSEY AVENUE,LITCHFIELD,,,
agency-building-meeker-county-sheriff-111-central-ave-s,Meeker County Sheriff,Meeker County,MN,27093,45.3151954454117,-94.4091382686691,confirmed,,Sheriff,111 CENTRAL AVE S,WATKINS,,,
agency-building-fulda-police-305-east-front-street,Fulda Police,Murray County,MN,27101,43.8694237081861,-95.5970940548268,confirmed,,Police,305 EAST FRONT STREET,FULDA,,,
agency-building-slayton-police-2223-broadway-avenue,Slayton Police,Murray County,MN,27101,43.9909139260426,-95.7559727504978,confirmed,,Police,2223 BROADWAY AVENUE,SLAYTON,,,
agency-building-murray-county-sheriff-2558-29th-street,Murray County Sheriff,Murray County,MN,27101,43.98414245201,-95.7564240667915,confirmed,,Sheriff,2558 29th Street,SLAYTON,,,
agency-building-saint-peter-police-207-south-front-street,Saint Peter Police,Nicollet County,MN,27103,44.3236983998069,-93.9551504014963,confirmed,,Police,207 SOUTH FRONT STREET,SAINT PETER,,,
agency-building-north-mankato-police-1001-belgrade-avenue,North Mankato Police,Nicollet County,MN,27103,44.1681288999383,-94.0254231007716,confirmed,,Police,1001 BELGRADE AVENUE,NORTH MANKATO,,,
agency-building-nicollet-county-sheriff-501-south-minnesota-avenue,Nicollet County Sheriff,Nicollet County,MN,27103,44.3215589999646,-93.9580311997978,confirmed,,Sheriff,501 SOUTH MINNESOTA AVENUE,SAINT PETER,,,
agency-building-olmsted-county-sheriff-101-4th-street-southeast,Olmsted County Sheriff,Olmsted County,MN,27109,44.0198919822551,-92.4603480365716,confirmed,,Sheriff,101 4TH STREET SOUTHEAST,ROCHESTER,,,
agency-building-rochester-police-101-4th-street-southeast,Rochester Police,Olmsted County,MN,27109,44.0196395015094,-92.4607895495506,confirmed,,Police,101 4TH STREET SOUTHEAST,ROCHESTER,,,
agency-building-minnesota-state-patrol-2900-48th-street-northwest,Minnesota State Patrol,Olmsted County,MN,27109,44.0717793001019,-92.5061184004467,confirmed,,Other,2900 48TH STREET NORTHWEST,ROCHESTER,,,
agency-building-rochester-police-4001-w-river-parkway-nw,Rochester Police,Olmsted County,MN,27109,44.0642169835565,-92.4752590300389,confirmed,,Police,4001 W. River Parkway NW,Rochester,,,
agency-building-crookston-police-321-west-robert-street,Crookston Police,Polk County,MN,27119,47.7746368001135,-96.6098736004085,confirmed,,Police,321 WEST ROBERT STREET,CROOKSTON,,,
agency-building-polk-county-sheriff-600-bruce-street,Polk County Sheriff,Polk County,MN,27119,47.7708433238761,-96.6240586230739,confirmed,,Sheriff,600 BRUCE STREET,CROOKSTON,,,
agency-building-east-grand-forks-police-520-demers-avenue,East Grand Forks Police,Polk County,MN,27119,47.931169265252,-97.0225646805835,confirmed,,Police,520 DEMERS AVENUE,EAST GRAND FORKS,,,
agency-building-fosston-police-220-1st-street-east,Fosston Police,Polk County,MN,27119,47.5747582361977,-95.7494960059955,confirmed,,Police,220 1ST STREET EAST,FOSSTON,,,
agency-building-white-bear-lake-police-4701-north-united-states-highway-61,White Bear Lake Police,Ramsey County,MN,27123,45.0840161618673,-93.0121672603414,confirmed,,Police,4701 NORTH UNITED STATES HIGHWAY 61,WHITE BEAR LAKE,,agency-jurisdiction-white-bear-lake-police,White Bear Lake Police
agency-building-north-saint-paul-police-2400-margaret-street-north,North Saint Paul Police,Ramsey County,MN,27123,45.0138332998735,-92.9917341000405,confirmed,,Police,2400 MARGARET STREET NORTH,NORTH SAINT PAUL,,agency-jurisdiction-north-saint-paul-police,North Saint Paul Police
agency-building-mounds-view-police-2401-county-road-10,Mounds View Police,Ramsey County,MN,27123,45.1040245005268,-93.2047712001117,confirmed,,Police,2401 COUNTY ROAD 10,MOUNDS VIEW,,agency-jurisdiction-mounds-view-police,Mounds View Police
agency-building-roseville-police-2660-civic-center-drive,Roseville Police,Ramsey County,MN,27123,45.0210008998796,-93.1482652014301,confirmed,,Police,2660 CIVIC CENTER DRIVE,ROSEVILLE,,agency-jurisdiction-roseville-police,Roseville Police
agency-building-maplewood-police-1830-county-road-b-east,Maplewood Police,Ramsey County,MN,27123,45.0035905505292,-93.0212518356731,confirmed,,Police,1830 COUNTY ROAD B EAST,MAPLEWOOD,,agency-jurisdiction-maplewood-police,Maplewood Police
agency-building-ramsey-county-sheriff-425-grove-street-law-enforcement-center,Ramsey County Sheriff,Ramsey County,MN,27123,44.9569686408399,-93.085971386119,confirmed,,Sheriff,"425 GROVE STREET, LAW ENFORCEMENT CENTER",SAINT PAUL,,agency-jurisdiction-ramsey-county-sheriff,Ramsey County Sheriff
agency-building-new-brighton-department-of-public-safety-police-785-old-united-states-highway-8-northwest,New Brighton Police,Ramsey County,MN,27123,45.0622589001097,-93.1927311001215,confirmed,,Police,785 OLD UNITED STATES HIGHWAY 8 NORTHWEST,NEW BRIGHTON,,agency-jurisdiction-new-brighton-police,New Brighton Police
agency-building-minnesota-state-fair-police-1265-snelling-avenue-north-minnesota-state-fairgrounds,Minnesota State Fair Police,Ramsey County,MN,27123,44.9805092002089,-93.1759632000288,confirmed,,Police,"1265 SNELLING AVENUE NORTH, MINNESOTA STATE FAIRGROUNDS",SAINT PAUL,,agency-jurisdiction-minnesota-state-fair-police,Minnesota State Fair Police
agency-building-saint-paul-police-1212-prosperity-avenue,Saint Paul Police,Ramsey County,MN,27123,44.9770469586537,-93.0397959503227,confirmed,,Police,1212 PROSPERITY AVENUE,SAINT PAUL,,agency-jurisdiction-saint-paul-police,Saint Paul Police
agency-building-saint-paul-police-389-hamline-avenue,Saint Paul Police,Ramsey County,MN,27123,44.9533162998735,-93.157345999346,confirmed,,Police,389 HAMLINE AVENUE,SAINT PAUL,,agency-jurisdiction-saint-paul-police,Saint Paul Police
agency-building-saint-paul-police-skyway-substation-401-north-robert-street-suite-219,Saint Paul Police — Skyway Substation,Ramsey County,MN,27123,44.9482340399688,-93.0924510744005,confirmed,,Police,"401 NORTH ROBERT STREET, SUITE 219",SAINT PAUL,Skyway Substation,agency-jurisdiction-saint-paul-police,Saint Paul Police
agency-building-minnesota-department-of-corrections-fugitive-apprehension-unit-1450-energy-park-drive-suite-200,Minnesota Department Of Corrections - Fugitive Apprehension Unit,Ramsey County,MN,27123,44.9711763002747,-93.1620660999884,confirmed,,Other,"1450 ENERGY PARK DRIVE, SUITE 200",SAINT PAUL,,,
agency-building-saint-paul-police-2107-old-hudson-road-sun-ray-shopping-center,Saint Paul Police,Ramsey County,MN,27123,44.9526178365718,-93.0117682655232,confirmed,,Police,"2107 OLD HUDSON ROAD, SUN RAY SHOPPING CENTER",SAINT PAUL,,agency-jurisdiction-saint-paul-police,Saint Paul Police
agency-building-saint-paul-police-798-east-7th-street,Saint Paul Police,Ramsey County,MN,27123,44.9611339085033,-93.067157767901,confirmed,,Police,798 EAST 7TH STREET,SAINT PAUL,,agency-jurisdiction-saint-paul-police,Saint Paul Police
agency-building-saint-paul-police-west-side-substation-179-east-robie-street,Saint Paul Police — West Side Substation,Ramsey County,MN,27123,44.9310598000612,-93.0768570999076,confirmed,,Police,179 EAST ROBIE STREET,SAINT PAUL,West Side Substation,agency-jurisdiction-saint-paul-police,Saint Paul Police
agency-building-ramsey-county-juvenile-detention-center-community-corrections-department-25-west-7th-street,Ramsey County Juvenile Detention Center Community Corrections Department,Ramsey County,MN,27123,44.9481784996065,-93.097933499766,confirmed,,Other,25 WEST 7TH STREET,SAINT PAUL,,,
agency-building-saint-paul-police-722-payne-avenue,Saint Paul Police,Ramsey County,MN,27123,44.9632864994596,-93.0730045984548,confirmed,,Police,722 PAYNE AVENUE,SAINT PAUL,,agency-jurisdiction-saint-paul-police,Saint Paul Police
agency-building-minnesota-department-of-natural-resources-enforcement-division-500-lafayette-road-north,Minnesota Department Of Natural Resources - Enforcement Division,Ramsey County,MN,27123,44.9562832072176,-93.0841164656686,confirmed,,Other,500 LAFAYETTE ROAD NORTH,SAINT PAUL,,,
agency-building-minnesota-department-of-public-safety-1430-maryland-avenue-east,Minnesota Department Of Public Safety,Ramsey County,MN,27123,44.9769207003882,-93.0392307501089,confirmed,,Police,1430 MARYLAND AVENUE EAST,SAINT PAUL,,,
agency-building-saint-paul-police-saint-paul-police-dept-sibley-substation-2431-7th-st-w,Saint Paul Police — Saint Paul Police Dept. - Sibley Substation,Ramsey County,MN,27123,44.9029405354491,-93.1694648339759,confirmed,,Police,2431 7th St W,Saint Paul,Saint Paul Police Dept. - Sibley Substation,agency-jurisdiction-saint-paul-police,Saint Paul Police
agency-building-saint-paul-police-saint-paul-police-dept-city-wide-services-1820-edgcumbe-road,Saint Paul Police — Saint Paul Police Dept. - City Wide Services,Ramsey County,MN,27123,44.9114567898836,-93.1557104654543,confirmed,,Police,1820 Edgcumbe Road,Saint Paul,Saint Paul Police Dept. - City Wide Services,agency-jurisdiction-saint-paul-police,Saint Paul Police
agency-building-saint-paul-police-saint-paul-police-dept-acop-1541-timberlake-rd-unit-g,Saint Paul Police — Saint Paul Police Dept. - Acop,Ramsey County,MN,27123,44.9877375586214,-93.0925745702942,confirmed,,Police,"1541 Timberlake Rd, Unit G",Saint Paul,Saint Paul Police Dept. - Acop,agency-jurisdiction-saint-paul-police,Saint Paul Police
agency-building-saint-paul-police-saint-paul-police-dept-canine-headquarters-1900-rice-st-n,Saint Paul Police — Saint Paul Police Dept. - Canine Headquarters,Ramsey County,MN,27123,44.9963356117177,-93.1025839522278,confirmed,,Police,1900 Rice St N,Saint Paul,Saint Paul Police Dept. - Canine Headquarters,agency-jurisdiction-saint-paul-police,Saint Paul Police
agency-building-ramsey-county-sheriff-ramsey-county-sheriff-water-patrol-5-south-owasso-blvd-w,Ramsey County Sheriff — Ramsey County Sheriff - Water Patrol,Ramsey County,MN,27123,45.0320682516737,-93.1018067064878,confirmed,,Sheriff,5 South Owasso Blvd W,Little Canada,Ramsey County Sheriff - Water Patrol,agency-jurisdiction-ramsey-county-sheriff,Ramsey County Sheriff
agency-building-ramsey-county-sheriff-ramsey-county-sheriff-sheriff-patrol-office-1411-paul-kirkwold-drive,Ramsey County Sheriff — Ramsey County Sheriff - Sheriff Patrol Office,Ramsey County,MN,27123,45.080105471016,-93.1601252502912,confirmed,,Sheriff,1411 Paul Kirkwold Drive,Arden Hills,Ramsey County Sheriff - Sheriff Patrol Office,agency-jurisdiction-ramsey-county-sheriff,Ramsey County Sheriff
agency-building-saint-paul-police-headquarters-367-grove-street,Saint Paul Police — Headquarters,Ramsey County,MN,27123,44.9560986319878,-93.0872840493279,confirmed,,Police,367 GROVE STREET,SAINT PAUL,Headquarters,agency-jurisdiction-saint-paul-police,Saint Paul Police
agency-building-minnesota-alcohol-and-gambling-enforcement-division-445-minnesota-street-suite-1600,Minnesota Alcohol And Gambling Enforcement Division,Ramsey County,MN,27123,44.9481649905709,-93.0942769972335,confirmed,,Other,"445 Minnesota Street, Suite 1600",SAINT PAUL,,,
agency-building-minnesota-state-patrol-445-minnesota-street-suite-130,Minnesota State Patrol,Ramsey County,MN,27123,44.9481649905709,-93.0942769972335,confirmed,,Other,"445 Minnesota Street, Suite 130",SAINT PAUL,,,
agency-building-east-range-police-hoyt-lakes-station-801-dorchester-dr,East Range Police — Hoyt Lakes Station,St. Louis County,MN,27137,47.5203020161895,-92.1394580284926,confirmed,,Police,801 Dorchester Dr,HOYT LAKES,Hoyt Lakes Station,,
agency-building-east-range-police-aurora-station-16-w-2nd-ave-n,East Range Police — Aurora Station,St. Louis County,MN,27137,47.5291839834464,-92.2379700340889,confirmed,,Police,16 W 2nd Ave N,Aurora,Aurora Station,,
agency-building-saint-louis-county-sheriff-100-n-5th-ave-w,Saint Louis County Sheriff,St. Louis County,MN,27137,46.7836118659575,-92.1065262851485,confirmed,,Sheriff,100 N 5th Ave W,Duluth,,,
agency-building-university-of-minnesota-duluth-campus-police-1049-university-drive-darland-administration-building,University Of Minnesota - Duluth Campus Police,St. Louis County,MN,27137,46.8171469292485,-92.0844482394937,confirmed,,Police,"1049 University Drive, Darland Administration Building",Duluth,,,
agency-building-hibbing-police-1810-12th-ave-e-court-house,Hibbing Police,St. Louis County,MN,27137,47.4285342121175,-92.9264416229711,confirmed,,Police,"1810 12th Ave E, Court House",Hibbing,,,
agency-building-breitung-police-41-1st-ave,Breitung Police,St. Louis County,MN,27137,47.8178062374716,-92.2365522841614,confirmed,,Police,41 1st Ave,Soudan,,,
agency-building-babbitt-police-71-south-dr,Babbitt Police,St. Louis County,MN,27137,47.7076724996785,-91.9394818999516,confirmed,,Police,71 South Dr,Babbitt,,,
agency-building-duluth-township-police-6092-homestead-rd,Duluth Township Police,St. Louis County,MN,27137,46.9523069004117,-91.846688900034,confirmed,,Police,6092 Homestead Rd,Duluth,,,
agency-building-gilbert-police-16-broadway-st-s,Gilbert Police,St. Louis County,MN,27137,47.4870752535728,-92.4671211900834,confirmed,,Police,16 Broadway St S,Gilbert,,,
agency-building-eveleth-police-415-pierce-st,Eveleth Police,St. Louis County,MN,27137,47.4625980639617,-92.5390586912607,confirmed,,Police,415 Pierce St,Eveleth,,,
agency-building-ely-police-209-e-chapman-st,Ely Police,St. Louis County,MN,27137,47.9025970157342,-91.8635619856601,confirmed,,Police,209 E Chapman St,Ely,,,
agency-building-duluth-police-2030-n-arlington-ave,Duluth Police,St. Louis County,MN,27137,46.8178539080877,-92.1291600223498,confirmed,,Police,2030 N Arlington Ave,Duluth,,,
agency-building-hermantown-police-5111-maple-grove-rd,Hermantown Police,St. Louis County,MN,27137,46.8088637004705,-92.2201597001943,confirmed,,Police,5111 Maple Grove Rd,Hermantown,,,
agency-building-proctor-police-100-pionk-dr-ste-101,Proctor Police,St. Louis County,MN,27137,46.7426753002559,-92.2261896002165,confirmed,,Police,"100 Pionk Dr, Ste 101",Proctor,,,
agency-building-minnesota-state-patrol-101-n-hoover-rd-ste-100,Minnesota State Patrol,St. Louis County,MN,27137,47.5237075718541,-92.5611055249509,confirmed,,Other,"101 N Hoover Rd, Ste 100",Virginia,,,
agency-building-saint-louis-county-sheriff-209-e-chapman-st,Saint Louis County Sheriff,St. Louis County,MN,27137,47.902592399685,-91.8635424994049,confirmed,,Sheriff,209 E Chapman St,Ely,,,
agency-building-minnesota-state-patrol-1131-mesaba-ave,Minnesota State Patrol,St. Louis County,MN,27137,46.7975390128156,-92.1077000032375,confirmed,,Other,1131 Mesaba Ave,Duluth,,,
agency-building-gilbert-police-105-3rd-ave-n,Gilbert Police,St. Louis County,MN,27137,47.5335670062544,-92.3447310048345,confirmed,,Police,105 3rd Ave N,Biwabik,,,
agency-building-floodwood-police-111-w-8th-ave,Floodwood Police,St. Louis County,MN,27137,46.9263757865079,-92.9151945215778,confirmed,,Police,111 W 8th Ave,Floodwood,,,
agency-building-bois-forte-police-12907-palmquist-rd,Bois Forte Police,St. Louis County,MN,27137,48.0594849951658,-93.0677949608984,confirmed,,Police,12907 Palmquist Rd,Nett Lake,,,
agency-building-saint-louis-county-sheriff-1810-12th-ave-e,Saint Louis County Sheriff,St. Louis County,MN,27137,47.4285686885924,-92.926398707755,confirmed,,Sheriff,1810 12th Ave E,Hibbing,,,
agency-building-saint-louis-county-sheriff-8586-enterprise-dr-s,Saint Louis County Sheriff,St. Louis County,MN,27137,47.5185090015123,-92.5897369683513,confirmed,,Sheriff,8586 Enterprise Dr S,Mountain Iron,,,
agency-building-saint-louis-county-sheriff-300-s-5th-ave,Saint Louis County Sheriff,St. Louis County,MN,27137,47.5208690099177,-92.5377499743508,confirmed,,Sheriff,300 S 5th Ave,Virginia,,,
agency-building-traverse-county-sheriff-19-3rd-street-south,Traverse County Sheriff,Traverse County,MN,27155,45.594502793344,-96.8328410162952,confirmed,,Sheriff,19 3RD STREET SOUTH,BROWNS VALLEY,,,
agency-building-wheaton-police-203-7th-street-north-traverse-county-law-enforcement-center,Wheaton Police,Traverse County,MN,27155,45.8065523997607,-96.4933544993278,confirmed,,Police,"203 7TH STREET NORTH, TRAVERSE COUNTY LAW ENFORCEMENT CENTER",WHEATON,,,
agency-building-traverse-county-sheriff-203-7th-street-north-traverse-county-law-enforcement-center,Traverse County Sheriff,Traverse County,MN,27155,45.8067983031108,-96.4929579326557,confirmed,,Sheriff,"203 7TH STREET NORTH, TRAVERSE COUNTY LAW ENFORCEMENT CENTER",WHEATON,,,
agency-building-wabasha-police-848-17th-street-e,Wabasha Police,Wabasha County,MN,27157,44.3676370899202,-92.0236001925639,confirmed,,Police,848 17th Street E,Wabasha,,,
agency-building-wabasha-county-sheriff-848-17th-street-e,Wabasha County Sheriff,Wabasha County,MN,27157,44.3675824727717,-92.0235879251703,confirmed,,Sheriff,848 17th Street E,Wabasha,,,
agency-building-plainview-police-241-west-broadway,Plainview Police,Wabasha County,MN,27157,44.1647365174897,-92.1694341573468,confirmed,,Police,241 WEST BROADWAY,PLAINVIEW,,,
agency-building-lake-city-police-601-n-10th-street,Lake City Police,Wabasha County,MN,27157,44.4445650465806,-92.2826041171645,confirmed,,Police,601 N 10th Street,LAKE CITY,,,
agency-building-canby-police-110-oscar-avenue-north,Canby Police,Yellow Medicine County,MN,27173,44.7085831995459,-96.2746454994347,confirmed,,Police,110 OSCAR AVENUE NORTH,CANBY,,,
agency-building-yellow-medicine-county-sheriff-415-9th-ave-suite-103,Yellow Medicine County Sheriff,Yellow Medicine County,MN,27173,44.8092714375097,-95.545057822369,confirmed,,Sheriff,415 9th Ave Suite 103,GRANITE FALLS,,,
agency-building-granite-falls-police-415-9th-ave-suite-102,Granite Falls Police,Yellow Medicine County,MN,27173,44.8092734973143,-95.5450746361362,confirmed,,Police,415 9th Ave Suite 102,GRANITE FALLS,,,
agency-building-upper-sioux-police-5722-travers-lane,Upper Sioux Police,Yellow Medicine County,MN,27173,44.747058912925,-95.4952693032112,confirmed,,Police,5722 Travers Lane,Granite Falls,,,
agency-building-benson-police-2110-hall-ave,Benson Police,Swift County,MN,27151,45.3087379340092,-95.6154299559398,confirmed,,Police,2110 Hall Ave,BENSON,,,
agency-building-lake-park-police-406-lake-street,Lake Park Police,Becker County,MN,27005,46.8864587797514,-96.0960859179975,confirmed,,Police,406 LAKE STREET,LAKE PARK,,,
agency-building-mower-county-jail-201-2nd-ave-ne,Mower County Jail,Mower County,MN,27099,43.6691239912385,-92.9729870022149,confirmed,,Other,201 2nd Ave NE,Austin,,,
agency-building-winnebago-police-140-main-street-south,Winnebago Police,Faribault County,MN,27043,43.7657869011553,-94.1652411999089,confirmed,,Police,140 MAIN STREET SOUTH,WINNEBAGO,,,
agency-building-blue-earth-police-120-south-walnut-street,Blue Earth Police,Faribault County,MN,27043,43.6380142911745,-94.0927625536044,confirmed,,Police,120 SOUTH WALNUT STREET,BLUE EARTH,,,
agency-building-chatfield-police-21-2nd-street-southeast,Chatfield Police,Fillmore County,MN,27045,43.8463642999985,-92.1885172999969,confirmed,,Police,21 2ND STREET SOUTHEAST,CHATFIELD,,,
agency-building-wells-police-125-south-broadway,Wells Police,Faribault County,MN,27043,43.7435412004055,-93.725141698457,confirmed,,Police,125 SOUTH BROADWAY,WELLS,,,
agency-building-minnesota-lake-police-101-main-street-north,Minnesota Lake Police,Faribault County,MN,27043,43.8411038037668,-93.8328275264597,confirmed,,Police,101 MAIN STREET NORTH,MINNESOTA LAKE,,,
agency-building-grand-meadow-police-112-grand-avenue-east,Grand Meadow Police,Mower County,MN,27099,43.7055845099985,-92.5718692799969,confirmed,,Police,112 GRAND AVENUE EAST,GRAND MEADOW,,,
agency-building-faribault-county-sheriff-320-dr-h-russ-street,Faribault County Sheriff,Faribault County,MN,27043,43.6550995915742,-94.0990576193415,confirmed,,Sheriff,320 Dr H Russ Street,BLUE EARTH,,,
agency-building-austin-city-police-201-1st-street-northeast,Austin City Police,Mower County,MN,27099,43.6677949999985,-92.9739516999968,confirmed,,Police,201 1ST STREET NORTHEAST,AUSTIN,,,
agency-building-mower-county-sheriff-201-1st-street-northeast,Mower County Sheriff,Mower County,MN,27099,43.6677894033477,-92.9739516004889,confirmed,,Sheriff,201 1ST STREET NORTHEAST,AUSTIN,,,
agency-building-rushford-police-405-south-elm-street,Rushford Police,Fillmore County,MN,27045,43.8065067599985,-91.7550189299969,confirmed,,Police,405 SOUTH ELM STREET,RUSHFORD,,,
agency-building-rice-county-sheriff-morristown-substation-109-2nd-st-sw,Rice County Sheriff — Morristown Substation,Rice County,MN,27131,44.2245923463459,-93.4463427482984,confirmed,,Sheriff,109 2nd St SW,MORRISTOWN,Morristown Substation,,
agency-building-rice-county-sheriff-50-east-view-dr,Rice County Sheriff,Rice County,MN,27131,44.3237190493127,-93.267685735687,confirmed,,Sheriff,50 EAST VIEW DR,FARIBAULT,,,
agency-building-lonsdale-police-1400-commerce-dr-se,Lonsdale Police,Rice County,MN,27131,44.4782504675802,-93.4114228143124,confirmed,,Police,1400 Commerce Dr SE,LONSDALE,,,
agency-building-leech-lake-tribal-police-duane-oothoudt-200-sailstar-drive-nw,Leech Lake Tribal Police — Duane Oothoudt,Cass County,MN,27021,47.3844533165908,-94.6009587760792,confirmed,,Police,200 Sailstar Drive NW,CASS LAKE,Duane Oothoudt,,
agency-building-fridley-police-7071-university-avenue-ne,Fridley Police,Anoka County,MN,27003,45.0959900790341,-93.2623415315814,confirmed,,Police,7071 University Avenue NE,FRIDLEY,,agency-jurisdiction-fridley-police,Fridley Police
agency-building-saint-francis-police-4058-st-francis-blvd-nw,Saint Francis Police,Anoka County,MN,27003,45.3811676545912,-93.3712366192468,confirmed,,Police,4058 St. Francis Blvd. NW,SAINT FRANCIS,,agency-jurisdiction-saint-francis-police,Saint Francis Police
agency-building-adrian-police-209-maine-ave-suite-106,Adrian Police,Nobles County,MN,27105,43.6345281199985,-95.9335429199968,confirmed,,Police,209 MAINE AVE. SUITE 106,ADRIAN,,,
agency-building-pine-county-sheriff-106-1st-st-se,Pine County Sheriff,Pine County,MN,27115,46.0143600478835,-92.941789810053,confirmed,,Sheriff,106 1st St SE,Hinckley,,,
agency-building-foley-police-katie-mcmillin-251-4th-ave-n,Foley Police — Katie Mcmillin,Benton County,MN,27009,45.6648721106652,-93.9119694539867,confirmed,,Police,251 4th Ave N,Foley,Katie Mcmillin,,
agency-building-sauk-rapids-police-250-summit-ave-n,Sauk Rapids Police,Benton County,MN,27009,45.5907103999984,-94.1668910999968,confirmed,,Police,250 Summit Ave N,SAUK RAPIDS,,,
agency-building-sartell-public-safety-adam-imholte-501-pinecone-rd-s,Sartell Public Safety — Adam Imholte,Stearns County,MN,27145,45.6116601437163,-94.2281188392981,confirmed,,Police,501 Pinecone Rd S,SARTELL,Adam Imholte,,
agency-building-rice-police-70-ne-2nd-ave,Rice Police,Benton County,MN,27009,45.7541018236855,-94.2180584945128,confirmed,,Police,70 NE 2ND AVE,RICE,,,
agency-building-winona-city-police-201-west-3rd-street,Winona City Police,Winona County,MN,27169,44.0530399499985,-91.6413612199969,confirmed,,Police,201 WEST 3RD STREET,WINONA,,,
agency-building-saint-charles-police-830-whitewater-avenue,Saint Charles Police,Winona County,MN,27169,43.9694197999985,-92.0652289999969,confirmed,,Police,830 WHITEWATER AVENUE,SAINT CHARLES,,,
agency-building-blue-earth-county-sheriff-substation-705-parkway-avenue,Blue Earth County Sheriff — Substation,Blue Earth County,MN,27013,44.1656442099985,-93.8891311999968,confirmed,,Sheriff,705 PARKWAY AVENUE,EAGLE LAKE,Substation,,
agency-building-blue-earth-county-sheriff-substation-401-carver-road,Blue Earth County Sheriff — Substation,Blue Earth County,MN,27013,44.1615384299985,-94.0090466199969,confirmed,,Sheriff,401 Carver Road,MANKATO,Substation,,
agency-building-lake-of-the-woods-county-sheriff-2106-8th-avenue-southeast-suit-300,Lake Of The Woods County Sheriff,Lake of the Woods County,MN,27077,48.7102147820798,-94.5837485772324,confirmed,,Sheriff,2106 8TH AVENUE SOUTHEAST Suit 300,BAUDETTE,,,
agency-building-big-lake-police-790-minnesota-ave,Big Lake Police,Sherburne County,MN,27141,45.3354096297805,-93.7327256397031,confirmed,,Police,790 Minnesota Ave,Big Lake,,agency-jurisdiction-big-lake-police,Big Lake Police
agency-building-bagley-police-121-main-ave-north,Bagley Police,Clearwater County,MN,27029,47.5237010035309,-95.3988650140347,confirmed,,Police,121 Main Ave North,BAGLEY,,,
agency-building-zimmerman-public-safety-sherburne-county-sheriff-s-office-sub-station-backup-dispatch-center-26750-5th-st-w,Zimmerman Public Safety — Sherburne County Sheriff'S Office Sub Station & Backup Dispatch Center,Sherburne County,MN,27141,45.4556416605858,-93.5963839262707,confirmed,,Police,26750 5th St W,Zimmerman,Sherburne County Sheriff'S Office Sub Station & Backup Dispatch Center,,
agency-building-lac-qui-parle-county-sheriff-911-8th-avenue,Lac Qui Parle County Sheriff,Lac qui Parle County,MN,27073,45.0183099950749,-96.1963709984889,confirmed,,Sheriff,911 8th Avenue,MADISON,,,
agency-building-chisholm-police-301-w-lake-st,Chisholm Police,St. Louis County,MN,27137,47.4858780633753,-92.868910696109,confirmed,,Police,301 W Lake St,Chisholm,,,
agency-building-virginia-police-327-1st-st-s-city-hall,Virginia Police,St. Louis County,MN,27137,47.5152747974326,-92.5320950387139,confirmed,,Police,"327 1st St S, City Hall",Virginia,,,