{"type":"FeatureCollection","metadata":{"layer":"alpr","schema":"https://github.com/NgabantuDev/get-flocked/blob/main/src/layers/types.ts","featureCount":1430,"knownGaps":["Crowd-sourced and incomplete: the absence of a camera here is not evidence that none exists.","Historical, not real-time. Devices are removed, moved and re-aimed without notice.","Only 1360 of 1430 records identify a manufacturer, so this is an ALPR layer rather than a Flock-only layer.","1 cameras could not be matched to a county polygon."],"source":"OpenStreetMap via Overpass API (DeFlock tagging convention)","sourceUrl":"https://deflock.me","license":"ODbL 1.0","licenseUrl":"https://opendatacommons.org/licenses/odbl/1-0/","attribution":"© OpenStreetMap contributors, ODbL — mapped by DeFlock volunteers","sourceDate":null,"refresh":"frequent","lastUpdated":"2026-07-31T16:28:13.333Z"},"features":[{"type":"Feature","geometry":{"type":"Point","coordinates":[-93.339218,44.908913]},"properties":{"id":"alpr-osm-33331297","layer":"alpr","name":"ALPR camera — (Edina Police)","county":"Hennepin County","state":"MN","countyFips":"27053","confidence":"probabilistic","sourceDate":null,"attributes":{"operator":"(Edina Police)","operatorType":"Police department","manufacturer":"Flock Safety","cameraType":"fixed","direction":"0","zone":"traffic","surveillance":"public","osmId":33331297,"osmUrl":"https://www.openstreetmap.org/node/33331297"}}},{"type":"Feature","geometry":{"type":"Point","coordinates":[-94.8690924,47.4343337]},"properties":{"id":"alpr-osm-1685994889","layer":"alpr","name":"ALPR camera","county":"Beltrami County","state":"MN","countyFips":"27007","confidence":"probabilistic","sourceDate":null,"attributes":{"operator":null,"operatorType":"Not recorded","manufacturer":"Flock Safety","cameraType":"fixed","direction":null,"zone":"traffic","surveillance":"public","osmId":1685994889,"osmUrl":"https://www.openstreetmap.org/node/1685994889"}}},{"type":"Feature","geometry":{"type":"Point","coordinates":[-93.2188681,45.0958797]},"properties":{"id":"alpr-osm-4011704792","layer":"alpr","name":"ALPR camera","county":"Ramsey County","state":"MN","countyFips":"27123","confidence":"probabilistic","sourceDate":null,"attributes":{"operator":null,"operatorType":"Not recorded","manufacturer":"Flock Safety","cameraType":"fixed","direction":"340","zone":"traffic","surveillance":"traffic","osmId":4011704792,"osmUrl":"https://www.openstreetmap.org/node/4011704792"}}},{"type":"Feature","geometry":{"type":"Point","coordinates":[-93.3517561,44.9675125]},"properties":{"id":"alpr-osm-4184747855","layer":"alpr","name":"ALPR camera — St louis park PD","county":"Hennepin County","state":"MN","countyFips":"27053","confidence":"probabilistic","sourceDate":null,"attributes":{"operator":"St louis park PD","operatorType":"Police department","manufacturer":"Flock Safety","cameraType":"fixed","direction":"180","zone":null,"surveillance":"traffic","osmId":4184747855,"osmUrl":"https://www.openstreetmap.org/node/4184747855"}}},{"type":"Feature","geometry":{"type":"Point","coordinates":[-93.3903872,45.1075494]},"properties":{"id":"alpr-osm-5903676347","layer":"alpr","name":"ALPR camera","county":"Hennepin County","state":"MN","countyFips":"27053","confidence":"probabilistic","sourceDate":null,"attributes":{"operator":null,"operatorType":"Not recorded","manufacturer":"Flock Safety","cameraType":"fixed","direction":"141","zone":"traffic","surveillance":"public","osmId":5903676347,"osmUrl":"https://www.openstreetmap.org/node/5903676347"}}},{"type":"Feature","geometry":{"type":"Point","coordinates":[-93.2475702,44.0952781]},"properties":{"id":"alpr-osm-8577448251","layer":"alpr","name":"ALPR camera","county":"Steele County","state":"MN","countyFips":"27147","confidence":"probabilistic","sourceDate":null,"attributes":{"operator":null,"operatorType":"Not recorded","manufacturer":"Flock Safety","cameraType":"fixed","direction":"270","zone":"traffic","surveillance":"public","osmId":8577448251,"osmUrl":"https://www.openstreetmap.org/node/8577448251"}}},{"type":"Feature","geometry":{"type":"Point","coordinates":[-93.2411994,44.0948174]},"properties":{"id":"alpr-osm-8577448262","layer":"alpr","name":"ALPR camera","county":"Steele County","state":"MN","countyFips":"27147","confidence":"probabilistic","sourceDate":null,"attributes":{"operator":null,"operatorType":"Not recorded","manufacturer":"Flock Safety","cameraType":"fixed","direction":"54","zone":"traffic","surveillance":"public","osmId":8577448262,"osmUrl":"https://www.openstreetmap.org/node/8577448262"}}},{"type":"Feature","geometry":{"type":"Point","coordinates":[-95.8531688,46.8188776]},"properties":{"id":"alpr-osm-10118113557","layer":"alpr","name":"ALPR camera","county":"Becker County","state":"MN","countyFips":"27005","confidence":"probabilistic","sourceDate":null,"attributes":{"operator":null,"operatorType":"Not recorded","manufacturer":null,"cameraType":null,"direction":"180","zone":"residential","surveillance":"private","osmId":10118113557,"osmUrl":"https://www.openstreetmap.org/node/10118113557"}}},{"type":"Feature","geometry":{"type":"Point","coordinates":[-93.2194531,44.7900944]},"properties":{"id":"alpr-osm-12335591443","layer":"alpr","name":"ALPR camera — Eagan","county":"Dakota County","state":"MN","countyFips":"27037","confidence":"probabilistic","sourceDate":null,"attributes":{"operator":"Eagan","operatorType":"Other or unclassified","manufacturer":null,"cameraType":"fixed","direction":"60","zone":"traffic","surveillance":"traffic","osmId":12335591443,"osmUrl":"https://www.openstreetmap.org/node/12335591443"}}},{"type":"Feature","geometry":{"type":"Point","coordinates":[-92.8032164,45.0532652]},"properties":{"id":"alpr-osm-12336223737","layer":"alpr","name":"ALPR camera — Stillwater Police Department","county":"Washington County","state":"MN","countyFips":"27163","confidence":"probabilistic","sourceDate":null,"attributes":{"operator":"Stillwater Police Department","operatorType":"Police department","manufacturer":null,"cameraType":"fixed","direction":"195","zone":"traffic","surveillance":"traffic","osmId":12336223737,"osmUrl":"https://www.openstreetmap.org/node/12336223737"}}},{"type":"Feature","geometry":{"type":"Point","coordinates":[-93.2047251,44.7902553]},"properties":{"id":"alpr-osm-12337393374","layer":"alpr","name":"ALPR camera — Eagan","county":"Dakota County","state":"MN","countyFips":"27037","confidence":"probabilistic","sourceDate":null,"attributes":{"operator":"Eagan","operatorType":"Other or unclassified","manufacturer":null,"cameraType":"fixed","direction":"240","zone":"traffic","surveillance":"traffic","osmId":12337393374,"osmUrl":"https://www.openstreetmap.org/node/12337393374"}}},{"type":"Feature","geometry":{"type":"Point","coordinates":[-93.2247682,44.9747728]},"properties":{"id":"alpr-osm-12337965797","layer":"alpr","name":"ALPR camera — University of Minnesota Police Department","county":"Hennepin County","state":"MN","countyFips":"27053","confidence":"probabilistic","sourceDate":null,"attributes":{"operator":"University of Minnesota Police Department","operatorType":"Police department","manufacturer":"Flock Safety","cameraType":"fixed","direction":"155","zone":"traffic","surveillance":"public","osmId":12337965797,"osmUrl":"https://www.openstreetmap.org/node/12337965797"}}},{"type":"Feature","geometry":{"type":"Point","coordinates":[-92.9039987,44.9450356]},"properties":{"id":"alpr-osm-12338315750","layer":"alpr","name":"ALPR camera","county":"Washington County","state":"MN","countyFips":"27163","confidence":"probabilistic","sourceDate":null,"attributes":{"operator":null,"operatorType":"Not recorded","manufacturer":null,"cameraType":"fixed","direction":"260","zone":"traffic","surveillance":"traffic","osmId":12338315750,"osmUrl":"https://www.openstreetmap.org/node/12338315750"}}},{"type":"Feature","geometry":{"type":"Point","coordinates":[-92.9028513,44.9447464]},"properties":{"id":"alpr-osm-12338315751","layer":"alpr","name":"ALPR camera","county":"Washington County","state":"MN","countyFips":"27163","confidence":"probabilistic","sourceDate":null,"attributes":{"operator":null,"operatorType":"Not recorded","manufacturer":null,"cameraType":"fixed","direction":"80","zone":"traffic","surveillance":"traffic","osmId":12338315751,"osmUrl":"https://www.openstreetmap.org/node/12338315751"}}},{"type":"Feature","geometry":{"type":"Point","coordinates":[-92.9345482,44.9416068]},"properties":{"id":"alpr-osm-12338315752","layer":"alpr","name":"ALPR camera — Flock Safety","county":"Washington County","state":"MN","countyFips":"27163","confidence":"probabilistic","sourceDate":null,"attributes":{"operator":"Flock Safety","operatorType":"Vendor-operated (Flock)","manufacturer":null,"cameraType":"fixed","direction":"260","zone":"traffic","surveillance":"traffic","osmId":12338315752,"osmUrl":"https://www.openstreetmap.org/node/12338315752"}}},{"type":"Feature","geometry":{"type":"Point","coordinates":[-92.9626198,44.9251755]},"properties":{"id":"alpr-osm-12338315753","layer":"alpr","name":"ALPR camera — Flock Safety","county":"Washington County","state":"MN","countyFips":"27163","confidence":"probabilistic","sourceDate":null,"attributes":{"operator":"Flock Safety","operatorType":"Vendor-operated (Flock)","manufacturer":null,"cameraType":"fixed","direction":"25","zone":"traffic","surveillance":"traffic","osmId":12338315753,"osmUrl":"https://www.openstreetmap.org/node/12338315753"}}},{"type":"Feature","geometry":{"type":"Point","coordinates":[-92.9038545,44.9418186]},"properties":{"id":"alpr-osm-12338315754","layer":"alpr","name":"ALPR camera","county":"Washington County","state":"MN","countyFips":"27163","confidence":"probabilistic","sourceDate":null,"attributes":{"operator":null,"operatorType":"Not recorded","manufacturer":null,"cameraType":"fixed","direction":"260","zone":"traffic","surveillance":"traffic","osmId":12338315754,"osmUrl":"https://www.openstreetmap.org/node/12338315754"}}},{"type":"Feature","geometry":{"type":"Point","coordinates":[-92.9315286,44.9481677]},"properties":{"id":"alpr-osm-12338315755","layer":"alpr","name":"ALPR camera","county":"Washington County","state":"MN","countyFips":"27163","confidence":"probabilistic","sourceDate":null,"attributes":{"operator":null,"operatorType":"Not recorded","manufacturer":null,"cameraType":"fixed","direction":"70","zone":"traffic","surveillance":"traffic","osmId":12338315755,"osmUrl":"https://www.openstreetmap.org/node/12338315755"}}},{"type":"Feature","geometry":{"type":"Point","coordinates":[-92.9594085,44.924731]},"properties":{"id":"alpr-osm-12338315756","layer":"alpr","name":"ALPR camera — Flock Safety","county":"Washington County","state":"MN","countyFips":"27163","confidence":"probabilistic","sourceDate":null,"attributes":{"operator":"Flock Safety","operatorType":"Vendor-operated (Flock)","manufacturer":null,"cameraType":"fixed","direction":"330","zone":"traffic","surveillance":"traffic","osmId":12338315756,"osmUrl":"https://www.openstreetmap.org/node/12338315756"}}},{"type":"Feature","geometry":{"type":"Point","coordinates":[-92.965938,44.9255202]},"properties":{"id":"alpr-osm-12338315757","layer":"alpr","name":"ALPR camera — Flock Safety","county":"Washington County","state":"MN","countyFips":"27163","confidence":"probabilistic","sourceDate":null,"attributes":{"operator":"Flock Safety","operatorType":"Vendor-operated (Flock)","manufacturer":null,"cameraType":"fixed","direction":"355","zone":"traffic","surveillance":"traffic","osmId":12338315757,"osmUrl":"https://www.openstreetmap.org/node/12338315757"}}},{"type":"Feature","geometry":{"type":"Point","coordinates":[-92.8995976,44.9452923]},"properties":{"id":"alpr-osm-12338315758","layer":"alpr","name":"ALPR camera","county":"Washington County","state":"MN","countyFips":"27163","confidence":"probabilistic","sourceDate":null,"attributes":{"operator":null,"operatorType":"Not recorded","manufacturer":"Flock Safety","cameraType":"fixed","direction":"15","zone":"traffic","surveillance":"public","osmId":12338315758,"osmUrl":"https://www.openstreetmap.org/node/12338315758"}}},{"type":"Feature","geometry":{"type":"Point","coordinates":[-92.9334245,44.9413461]},"properties":{"id":"alpr-osm-12338315759","layer":"alpr","name":"ALPR camera — Flock Safety","county":"Washington County","state":"MN","countyFips":"27163","confidence":"probabilistic","sourceDate":null,"attributes":{"operator":"Flock Safety","operatorType":"Vendor-operated (Flock)","manufacturer":null,"cameraType":"fixed","direction":"80","zone":"traffic","surveillance":"traffic","osmId":12338315759,"osmUrl":"https://www.openstreetmap.org/node/12338315759"}}},{"type":"Feature","geometry":{"type":"Point","coordinates":[-93.1944414,44.8046079]},"properties":{"id":"alpr-osm-12345076316","layer":"alpr","name":"ALPR camera — Eagan","county":"Dakota County","state":"MN","countyFips":"27037","confidence":"probabilistic","sourceDate":null,"attributes":{"operator":"Eagan","operatorType":"Other or unclassified","manufacturer":null,"cameraType":"fixed","direction":"240","zone":"traffic","surveillance":"traffic","osmId":12345076316,"osmUrl":"https://www.openstreetmap.org/node/12345076316"}}},{"type":"Feature","geometry":{"type":"Point","coordinates":[-93.1667537,44.8270752]},"properties":{"id":"alpr-osm-12345076317","layer":"alpr","name":"ALPR camera — Eagan","county":"Dakota County","state":"MN","countyFips":"27037","confidence":"probabilistic","sourceDate":null,"attributes":{"operator":"Eagan","operatorType":"Other or unclassified","manufacturer":null,"cameraType":"fixed","direction":"60","zone":"traffic","surveillance":"traffic","osmId":12345076317,"osmUrl":"https://www.openstreetmap.org/node/12345076317"}}},{"type":"Feature","geometry":{"type":"Point","coordinates":[-93.1568516,44.8481113]},"properties":{"id":"alpr-osm-12345076318","layer":"alpr","name":"ALPR camera — Eagan","county":"Dakota County","state":"MN","countyFips":"27037","confidence":"probabilistic","sourceDate":null,"attributes":{"operator":"Eagan","operatorType":"Other or unclassified","manufacturer":null,"cameraType":"fixed","direction":"240","zone":"traffic","surveillance":"traffic","osmId":12345076318,"osmUrl":"https://www.openstreetmap.org/node/12345076318"}}},{"type":"Feature","geometry":{"type":"Point","coordinates":[-93.2178193,44.8116642]},"properties":{"id":"alpr-osm-12345076319","layer":"alpr","name":"ALPR camera — Eagan","county":"Dakota County","state":"MN","countyFips":"27037","confidence":"probabilistic","sourceDate":null,"attributes":{"operator":"Eagan","operatorType":"Other or unclassified","manufacturer":null,"cameraType":"fixed","direction":"330","zone":"traffic","surveillance":"traffic","osmId":12345076319,"osmUrl":"https://www.openstreetmap.org/node/12345076319"}}},{"type":"Feature","geometry":{"type":"Point","coordinates":[-92.9377968,44.9375926]},"properties":{"id":"alpr-osm-12346208823","layer":"alpr","name":"ALPR camera — Flock Safety","county":"Washington County","state":"MN","countyFips":"27163","confidence":"probabilistic","sourceDate":null,"attributes":{"operator":"Flock Safety","operatorType":"Vendor-operated (Flock)","manufacturer":null,"cameraType":"fixed","direction":"350","zone":"traffic","surveillance":"traffic","osmId":12346208823,"osmUrl":"https://www.openstreetmap.org/node/12346208823"}}},{"type":"Feature","geometry":{"type":"Point","coordinates":[-92.9647569,44.9358656]},"properties":{"id":"alpr-osm-12346226406","layer":"alpr","name":"ALPR camera — Flock Safety","county":"Washington County","state":"MN","countyFips":"27163","confidence":"probabilistic","sourceDate":null,"attributes":{"operator":"Flock Safety","operatorType":"Vendor-operated (Flock)","manufacturer":null,"cameraType":"fixed","direction":"150","zone":"traffic","surveillance":"traffic","osmId":12346226406,"osmUrl":"https://www.openstreetmap.org/node/12346226406"}}},{"type":"Feature","geometry":{"type":"Point","coordinates":[-93.1598993,44.8333091]},"properties":{"id":"alpr-osm-12349134101","layer":"alpr","name":"ALPR camera — Flock Safety","county":"Dakota County","state":"MN","countyFips":"27037","confidence":"probabilistic","sourceDate":null,"attributes":{"operator":"Flock Safety","operatorType":"Vendor-operated (Flock)","manufacturer":null,"cameraType":"fixed","direction":"135","zone":"traffic","surveillance":"traffic","osmId":12349134101,"osmUrl":"https://www.openstreetmap.org/node/12349134101"}}},{"type":"Feature","geometry":{"type":"Point","coordinates":[-93.2314753,44.9837709]},"properties":{"id":"alpr-osm-12366492318","layer":"alpr","name":"ALPR camera","county":"Hennepin County","state":"MN","countyFips":"27053","confidence":"probabilistic","sourceDate":null,"attributes":{"operator":null,"operatorType":"Not recorded","manufacturer":"Flock Safety","cameraType":"fixed","direction":"45","zone":"traffic","surveillance":"public","osmId":12366492318,"osmUrl":"https://www.openstreetmap.org/node/12366492318"}}},{"type":"Feature","geometry":{"type":"Point","coordinates":[-93.2230483,44.9700555]},"properties":{"id":"alpr-osm-12377347836","layer":"alpr","name":"ALPR camera","county":"Hennepin County","state":"MN","countyFips":"27053","confidence":"probabilistic","sourceDate":null,"attributes":{"operator":null,"operatorType":"Not recorded","manufacturer":"Flock Safety","cameraType":"fixed","direction":"155","zone":"traffic","surveillance":"public","osmId":12377347836,"osmUrl":"https://www.openstreetmap.org/node/12377347836"}}},{"type":"Feature","geometry":{"type":"Point","coordinates":[-93.7686286,44.6116631]},"properties":{"id":"alpr-osm-12484693623","layer":"alpr","name":"ALPR camera","county":"Scott County","state":"MN","countyFips":"27139","confidence":"probabilistic","sourceDate":null,"attributes":{"operator":null,"operatorType":"Not recorded","manufacturer":"Flock Safety","cameraType":"fixed","direction":"260","zone":"traffic","surveillance":"public","osmId":12484693623,"osmUrl":"https://www.openstreetmap.org/node/12484693623"}}},{"type":"Feature","geometry":{"type":"Point","coordinates":[-93.7666542,44.6119316]},"properties":{"id":"alpr-osm-12484696470","layer":"alpr","name":"ALPR camera","county":"Scott County","state":"MN","countyFips":"27139","confidence":"probabilistic","sourceDate":null,"attributes":{"operator":null,"operatorType":"Not recorded","manufacturer":"Flock Safety","cameraType":"fixed","direction":"5","zone":"traffic","surveillance":"public","osmId":12484696470,"osmUrl":"https://www.openstreetmap.org/node/12484696470"}}},{"type":"Feature","geometry":{"type":"Point","coordinates":[-93.7598854,44.6104923]},"properties":{"id":"alpr-osm-12484696471","layer":"alpr","name":"ALPR camera","county":"Scott County","state":"MN","countyFips":"27139","confidence":"probabilistic","sourceDate":null,"attributes":{"operator":null,"operatorType":"Not recorded","manufacturer":"Flock Safety","cameraType":"fixed","direction":"260","zone":"traffic","surveillance":"public","osmId":12484696471,"osmUrl":"https://www.openstreetmap.org/node/12484696471"}}},{"type":"Feature","geometry":{"type":"Point","coordinates":[-93.743259,44.6210222]},"properties":{"id":"alpr-osm-12484696472","layer":"alpr","name":"ALPR camera","county":"Scott County","state":"MN","countyFips":"27139","confidence":"probabilistic","sourceDate":null,"attributes":{"operator":null,"operatorType":"Not recorded","manufacturer":"Flock Safety","cameraType":"fixed","direction":"260","zone":"traffic","surveillance":"public","osmId":12484696472,"osmUrl":"https://www.openstreetmap.org/node/12484696472"}}},{"type":"Feature","geometry":{"type":"Point","coordinates":[-93.7690586,44.6157409]},"properties":{"id":"alpr-osm-12484696473","layer":"alpr","name":"ALPR camera","county":"Scott County","state":"MN","countyFips":"27139","confidence":"probabilistic","sourceDate":null,"attributes":{"operator":null,"operatorType":"Not recorded","manufacturer":"Flock Safety","cameraType":"fixed","direction":"235","zone":"traffic","surveillance":"public","osmId":12484696473,"osmUrl":"https://www.openstreetmap.org/node/12484696473"}}},{"type":"Feature","geometry":{"type":"Point","coordinates":[-92.5989162,47.0694624]},"properties":{"id":"alpr-osm-12485295270","layer":"alpr","name":"ALPR camera","county":"St. Louis County","state":"MN","countyFips":"27137","confidence":"probabilistic","sourceDate":null,"attributes":{"operator":null,"operatorType":"Not recorded","manufacturer":"Flock Safety","cameraType":"fixed","direction":"170","zone":"traffic","surveillance":"public","osmId":12485295270,"osmUrl":"https://www.openstreetmap.org/node/12485295270"}}},{"type":"Feature","geometry":{"type":"Point","coordinates":[-92.1984649,47.685596]},"properties":{"id":"alpr-osm-12485295276","layer":"alpr","name":"ALPR camera — St. Louis County Sheriff's Department","county":"St. Louis County","state":"MN","countyFips":"27137","confidence":"probabilistic","sourceDate":null,"attributes":{"operator":"St. Louis County Sheriff's Department","operatorType":"County sheriff","manufacturer":"Flock Safety","cameraType":"fixed","direction":"180","zone":"traffic","surveillance":"public","osmId":12485295276,"osmUrl":"https://www.openstreetmap.org/node/12485295276"}}},{"type":"Feature","geometry":{"type":"Point","coordinates":[-92.2638815,47.3720926]},"properties":{"id":"alpr-osm-12485295277","layer":"alpr","name":"ALPR camera — St. Louis County Sheriff's Department","county":"St. Louis County","state":"MN","countyFips":"27137","confidence":"probabilistic","sourceDate":null,"attributes":{"operator":"St. Louis County Sheriff's Department","operatorType":"County sheriff","manufacturer":"Flock Safety","cameraType":"fixed","direction":"330","zone":"traffic","surveillance":"public","osmId":12485295277,"osmUrl":"https://www.openstreetmap.org/node/12485295277"}}},{"type":"Feature","geometry":{"type":"Point","coordinates":[-93.1944739,44.9482789]},"properties":{"id":"alpr-osm-12564359404","layer":"alpr","name":"ALPR camera — Flock Safety","county":"Ramsey County","state":"MN","countyFips":"27123","confidence":"probabilistic","sourceDate":null,"attributes":{"operator":"Flock Safety","operatorType":"Vendor-operated (Flock)","manufacturer":null,"cameraType":null,"direction":"65","zone":null,"surveillance":null,"osmId":12564359404,"osmUrl":"https://www.openstreetmap.org/node/12564359404"}}},{"type":"Feature","geometry":{"type":"Point","coordinates":[-93.2305263,44.9874767]},"properties":{"id":"alpr-osm-12581547504","layer":"alpr","name":"ALPR camera","county":"Hennepin County","state":"MN","countyFips":"27053","confidence":"probabilistic","sourceDate":null,"attributes":{"operator":null,"operatorType":"Not recorded","manufacturer":"Flock Safety","cameraType":"fixed","direction":"150","zone":"traffic","surveillance":"public","osmId":12581547504,"osmUrl":"https://www.openstreetmap.org/node/12581547504"}}},{"type":"Feature","geometry":{"type":"Point","coordinates":[-93.374536,45.1349864]},"properties":{"id":"alpr-osm-12597231689","layer":"alpr","name":"ALPR camera","county":"Hennepin County","state":"MN","countyFips":"27053","confidence":"probabilistic","sourceDate":null,"attributes":{"operator":null,"operatorType":"Not recorded","manufacturer":"Flock Safety","cameraType":"fixed","direction":"50","zone":"traffic","surveillance":"public","osmId":12597231689,"osmUrl":"https://www.openstreetmap.org/node/12597231689"}}},{"type":"Feature","geometry":{"type":"Point","coordinates":[-93.2440999,44.9722082]},"properties":{"id":"alpr-osm-12621231258","layer":"alpr","name":"ALPR camera — University of Minnesota Police Department","county":"Hennepin County","state":"MN","countyFips":"27053","confidence":"probabilistic","sourceDate":null,"attributes":{"operator":"University of Minnesota Police Department","operatorType":"Police department","manufacturer":"Flock Safety","cameraType":"fixed","direction":"50","zone":"traffic","surveillance":"public","osmId":12621231258,"osmUrl":"https://www.openstreetmap.org/node/12621231258"}}},{"type":"Feature","geometry":{"type":"Point","coordinates":[-93.165017,45.0060407]},"properties":{"id":"alpr-osm-12629284500","layer":"alpr","name":"ALPR camera — Flock Safety","county":"Ramsey County","state":"MN","countyFips":"27123","confidence":"probabilistic","sourceDate":null,"attributes":{"operator":"Flock Safety","operatorType":"Vendor-operated (Flock)","manufacturer":null,"cameraType":null,"direction":"159","zone":null,"surveillance":null,"osmId":12629284500,"osmUrl":"https://www.openstreetmap.org/node/12629284500"}}},{"type":"Feature","geometry":{"type":"Point","coordinates":[-93.2680323,44.8628834]},"properties":{"id":"alpr-osm-12629683482","layer":"alpr","name":"ALPR camera — Richfield, MN PD","county":"Hennepin County","state":"MN","countyFips":"27053","confidence":"probabilistic","sourceDate":null,"attributes":{"operator":"Richfield, MN PD","operatorType":"Police department","manufacturer":"Flock Safety","cameraType":"fixed","direction":"340","zone":"traffic","surveillance":"public","osmId":12629683482,"osmUrl":"https://www.openstreetmap.org/node/12629683482"}}},{"type":"Feature","geometry":{"type":"Point","coordinates":[-93.2724937,44.9811305]},"properties":{"id":"alpr-osm-12629697841","layer":"alpr","name":"ALPR camera — Minneapolis, MN PD","county":"Hennepin County","state":"MN","countyFips":"27053","confidence":"probabilistic","sourceDate":null,"attributes":{"operator":"Minneapolis, MN PD","operatorType":"Police department","manufacturer":"Motorola Solutions","cameraType":"fixed","direction":"135","zone":"traffic","surveillance":"public","osmId":12629697841,"osmUrl":"https://www.openstreetmap.org/node/12629697841"}}},{"type":"Feature","geometry":{"type":"Point","coordinates":[-93.1632874,45.0059851]},"properties":{"id":"alpr-osm-12634104472","layer":"alpr","name":"ALPR camera — Flock Safety","county":"Ramsey County","state":"MN","countyFips":"27123","confidence":"probabilistic","sourceDate":null,"attributes":{"operator":"Flock Safety","operatorType":"Vendor-operated (Flock)","manufacturer":null,"cameraType":null,"direction":"159","zone":null,"surveillance":null,"osmId":12634104472,"osmUrl":"https://www.openstreetmap.org/node/12634104472"}}},{"type":"Feature","geometry":{"type":"Point","coordinates":[-93.1623692,45.0060578]},"properties":{"id":"alpr-osm-12634104473","layer":"alpr","name":"ALPR camera — Flock Safety","county":"Ramsey County","state":"MN","countyFips":"27123","confidence":"probabilistic","sourceDate":null,"attributes":{"operator":"Flock Safety","operatorType":"Vendor-operated (Flock)","manufacturer":null,"cameraType":null,"direction":"159","zone":null,"surveillance":null,"osmId":12634104473,"osmUrl":"https://www.openstreetmap.org/node/12634104473"}}},{"type":"Feature","geometry":{"type":"Point","coordinates":[-93.1654501,45.0032167]},"properties":{"id":"alpr-osm-12634104474","layer":"alpr","name":"ALPR camera — Flock Safety","county":"Ramsey County","state":"MN","countyFips":"27123","confidence":"probabilistic","sourceDate":null,"attributes":{"operator":"Flock Safety","operatorType":"Vendor-operated (Flock)","manufacturer":null,"cameraType":null,"direction":"45","zone":null,"surveillance":null,"osmId":12634104474,"osmUrl":"https://www.openstreetmap.org/node/12634104474"}}},{"type":"Feature","geometry":{"type":"Point","coordinates":[-93.2958926,44.2796513]},"properties":{"id":"alpr-osm-12648860401","layer":"alpr","name":"ALPR camera — Faribault Police Department","county":"Rice County","state":"MN","countyFips":"27131","confidence":"probabilistic","sourceDate":null,"attributes":{"operator":"Faribault Police Department","operatorType":"Police department","manufacturer":"Flock Safety","cameraType":"fixed","direction":"360","zone":"traffic","surveillance":"public","osmId":12648860401,"osmUrl":"https://www.openstreetmap.org/node/12648860401"}}},{"type":"Feature","geometry":{"type":"Point","coordinates":[-93.2726013,44.3097803]},"properties":{"id":"alpr-osm-12650851813","layer":"alpr","name":"ALPR camera — Faribault Police Department","county":"Rice County","state":"MN","countyFips":"27131","confidence":"probabilistic","sourceDate":null,"attributes":{"operator":"Faribault Police Department","operatorType":"Police department","manufacturer":"Flock Safety","cameraType":"fixed","direction":"140","zone":"traffic","surveillance":"public","osmId":12650851813,"osmUrl":"https://www.openstreetmap.org/node/12650851813"}}},{"type":"Feature","geometry":{"type":"Point","coordinates":[-93.2729891,44.2776093]},"properties":{"id":"alpr-osm-12650862954","layer":"alpr","name":"ALPR camera — Faribault Police Department","county":"Rice County","state":"MN","countyFips":"27131","confidence":"probabilistic","sourceDate":null,"attributes":{"operator":"Faribault Police Department","operatorType":"Police department","manufacturer":"Flock Safety","cameraType":"fixed","direction":"320","zone":"traffic","surveillance":"public","osmId":12650862954,"osmUrl":"https://www.openstreetmap.org/node/12650862954"}}},{"type":"Feature","geometry":{"type":"Point","coordinates":[-93.3030709,44.2936152]},"properties":{"id":"alpr-osm-12650870613","layer":"alpr","name":"ALPR camera — Faribault Police Department","county":"Rice County","state":"MN","countyFips":"27131","confidence":"probabilistic","sourceDate":null,"attributes":{"operator":"Faribault Police Department","operatorType":"Police department","manufacturer":"Flock Safety","cameraType":"fixed","direction":"145","zone":"traffic","surveillance":"public","osmId":12650870613,"osmUrl":"https://www.openstreetmap.org/node/12650870613"}}},{"type":"Feature","geometry":{"type":"Point","coordinates":[-92.8424974,45.0398836]},"properties":{"id":"alpr-osm-12671180634","layer":"alpr","name":"ALPR camera — Flock Safety","county":"Washington County","state":"MN","countyFips":"27163","confidence":"probabilistic","sourceDate":null,"attributes":{"operator":"Flock Safety","operatorType":"Vendor-operated (Flock)","manufacturer":"Flock Safety","cameraType":null,"direction":"10","zone":null,"surveillance":null,"osmId":12671180634,"osmUrl":"https://www.openstreetmap.org/node/12671180634"}}},{"type":"Feature","geometry":{"type":"Point","coordinates":[-92.8436103,45.0392877]},"properties":{"id":"alpr-osm-12671180635","layer":"alpr","name":"ALPR camera — Flock Safety","county":"Washington County","state":"MN","countyFips":"27163","confidence":"probabilistic","sourceDate":null,"attributes":{"operator":"Flock Safety","operatorType":"Vendor-operated (Flock)","manufacturer":"Flock Safety","cameraType":null,"direction":"180","zone":null,"surveillance":null,"osmId":12671180635,"osmUrl":"https://www.openstreetmap.org/node/12671180635"}}},{"type":"Feature","geometry":{"type":"Point","coordinates":[-93.3304239,44.9212156]},"properties":{"id":"alpr-osm-12700685930","layer":"alpr","name":"ALPR camera — Flock Safety","county":"Hennepin County","state":"MN","countyFips":"27053","confidence":"probabilistic","sourceDate":null,"attributes":{"operator":"Flock Safety","operatorType":"Vendor-operated (Flock)","manufacturer":null,"cameraType":null,"direction":"213","zone":null,"surveillance":"outdoor","osmId":12700685930,"osmUrl":"https://www.openstreetmap.org/node/12700685930"}}},{"type":"Feature","geometry":{"type":"Point","coordinates":[-93.2085976,44.8194564]},"properties":{"id":"alpr-osm-12719742427","layer":"alpr","name":"ALPR camera — Eagan","county":"Dakota County","state":"MN","countyFips":"27037","confidence":"probabilistic","sourceDate":null,"attributes":{"operator":"Eagan","operatorType":"Other or unclassified","manufacturer":null,"cameraType":"fixed","direction":"110","zone":"traffic","surveillance":"traffic","osmId":12719742427,"osmUrl":"https://www.openstreetmap.org/node/12719742427"}}},{"type":"Feature","geometry":{"type":"Point","coordinates":[-93.2480454,44.8837834]},"properties":{"id":"alpr-osm-12719742428","layer":"alpr","name":"ALPR camera","county":"Hennepin County","state":"MN","countyFips":"27053","confidence":"probabilistic","sourceDate":null,"attributes":{"operator":null,"operatorType":"Not recorded","manufacturer":null,"cameraType":"fixed","direction":"240","zone":"traffic","surveillance":"traffic","osmId":12719742428,"osmUrl":"https://www.openstreetmap.org/node/12719742428"}}},{"type":"Feature","geometry":{"type":"Point","coordinates":[-93.3260877,44.8833991]},"properties":{"id":"alpr-osm-12719742429","layer":"alpr","name":"ALPR camera — Edina Police Department","county":"Hennepin County","state":"MN","countyFips":"27053","confidence":"probabilistic","sourceDate":null,"attributes":{"operator":"Edina Police Department","operatorType":"Police department","manufacturer":"Flock Safety","cameraType":"fixed","direction":"120","zone":"traffic","surveillance":null,"osmId":12719742429,"osmUrl":"https://www.openstreetmap.org/node/12719742429"}}},{"type":"Feature","geometry":{"type":"Point","coordinates":[-93.3291969,44.9307013]},"properties":{"id":"alpr-osm-12719742430","layer":"alpr","name":"ALPR camera — Edina Police Department","county":"Hennepin County","state":"MN","countyFips":"27053","confidence":"probabilistic","sourceDate":null,"attributes":{"operator":"Edina Police Department","operatorType":"Police department","manufacturer":null,"cameraType":"fixed","direction":"165","zone":"traffic","surveillance":"traffic","osmId":12719742430,"osmUrl":"https://www.openstreetmap.org/node/12719742430"}}},{"type":"Feature","geometry":{"type":"Point","coordinates":[-96.7713922,46.8890699]},"properties":{"id":"alpr-osm-12729940856","layer":"alpr","name":"ALPR camera","county":"Clay County","state":"MN","countyFips":"27027","confidence":"probabilistic","sourceDate":null,"attributes":{"operator":null,"operatorType":"Not recorded","manufacturer":"Flock Safety","cameraType":"fixed","direction":null,"zone":"traffic","surveillance":"public","osmId":12729940856,"osmUrl":"https://www.openstreetmap.org/node/12729940856"}}},{"type":"Feature","geometry":{"type":"Point","coordinates":[-93.2781374,44.8629476]},"properties":{"id":"alpr-osm-12731691865","layer":"alpr","name":"ALPR camera — Flock Safety","county":"Hennepin County","state":"MN","countyFips":"27053","confidence":"probabilistic","sourceDate":null,"attributes":{"operator":"Flock Safety","operatorType":"Vendor-operated (Flock)","manufacturer":null,"cameraType":null,"direction":"327","zone":"traffic","surveillance":"public","osmId":12731691865,"osmUrl":"https://www.openstreetmap.org/node/12731691865"}}},{"type":"Feature","geometry":{"type":"Point","coordinates":[-93.5502632,45.1990884]},"properties":{"id":"alpr-osm-12731694342","layer":"alpr","name":"ALPR camera — City of Rogers MN","county":"Hennepin County","state":"MN","countyFips":"27053","confidence":"probabilistic","sourceDate":null,"attributes":{"operator":"City of Rogers MN","operatorType":"Other or unclassified","manufacturer":"Flock Safety","cameraType":"fixed","direction":"163","zone":"traffic","surveillance":"public","osmId":12731694342,"osmUrl":"https://www.openstreetmap.org/node/12731694342"}}},{"type":"Feature","geometry":{"type":"Point","coordinates":[-93.549847,45.1998413]},"properties":{"id":"alpr-osm-12731718636","layer":"alpr","name":"ALPR camera","county":"Hennepin County","state":"MN","countyFips":"27053","confidence":"probabilistic","sourceDate":null,"attributes":{"operator":null,"operatorType":"Not recorded","manufacturer":"Flock Safety","cameraType":null,"direction":"334","zone":"traffic","surveillance":"public","osmId":12731718636,"osmUrl":"https://www.openstreetmap.org/node/12731718636"}}},{"type":"Feature","geometry":{"type":"Point","coordinates":[-93.5737431,44.5518511]},"properties":{"id":"alpr-osm-12737523025","layer":"alpr","name":"ALPR camera","county":"Scott County","state":"MN","countyFips":"27139","confidence":"probabilistic","sourceDate":null,"attributes":{"operator":null,"operatorType":"Not recorded","manufacturer":"Flock Safety","cameraType":"fixed","direction":"340","zone":"traffic","surveillance":"public","osmId":12737523025,"osmUrl":"https://www.openstreetmap.org/node/12737523025"}}},{"type":"Feature","geometry":{"type":"Point","coordinates":[-93.5616056,44.5431848]},"properties":{"id":"alpr-osm-12737554760","layer":"alpr","name":"ALPR camera","county":"Le Sueur County","state":"MN","countyFips":"27079","confidence":"probabilistic","sourceDate":null,"attributes":{"operator":null,"operatorType":"Not recorded","manufacturer":"Flock Safety","cameraType":"fixed","direction":"155","zone":"traffic","surveillance":"public","osmId":12737554760,"osmUrl":"https://www.openstreetmap.org/node/12737554760"}}},{"type":"Feature","geometry":{"type":"Point","coordinates":[-93.5841667,44.5585463]},"properties":{"id":"alpr-osm-12737569436","layer":"alpr","name":"ALPR camera","county":"Scott County","state":"MN","countyFips":"27139","confidence":"probabilistic","sourceDate":null,"attributes":{"operator":null,"operatorType":"Not recorded","manufacturer":"Flock Safety","cameraType":"fixed","direction":"330","zone":"traffic","surveillance":"public","osmId":12737569436,"osmUrl":"https://www.openstreetmap.org/node/12737569436"}}},{"type":"Feature","geometry":{"type":"Point","coordinates":[-93.5541858,45.1993897]},"properties":{"id":"alpr-osm-12750321224","layer":"alpr","name":"ALPR camera","county":"Hennepin County","state":"MN","countyFips":"27053","confidence":"probabilistic","sourceDate":null,"attributes":{"operator":null,"operatorType":"Not recorded","manufacturer":"Flock Safety","cameraType":"fixed","direction":"65","zone":"traffic","surveillance":"public","osmId":12750321224,"osmUrl":"https://www.openstreetmap.org/node/12750321224"}}},{"type":"Feature","geometry":{"type":"Point","coordinates":[-93.5299706,44.9706488]},"properties":{"id":"alpr-osm-12780169418","layer":"alpr","name":"ALPR camera — Flock Safety","county":"Hennepin County","state":"MN","countyFips":"27053","confidence":"probabilistic","sourceDate":null,"attributes":{"operator":"Flock Safety","operatorType":"Vendor-operated (Flock)","manufacturer":null,"cameraType":null,"direction":"86","zone":"traffic","surveillance":"public","osmId":12780169418,"osmUrl":"https://www.openstreetmap.org/node/12780169418"}}},{"type":"Feature","geometry":{"type":"Point","coordinates":[-93.6428849,44.9365172]},"properties":{"id":"alpr-osm-12781090181","layer":"alpr","name":"ALPR camera","county":"Hennepin County","state":"MN","countyFips":"27053","confidence":"probabilistic","sourceDate":null,"attributes":{"operator":null,"operatorType":"Not recorded","manufacturer":"Flock Safety","cameraType":"fixed","direction":null,"zone":"traffic","surveillance":"outdoor","osmId":12781090181,"osmUrl":"https://www.openstreetmap.org/node/12781090181"}}},{"type":"Feature","geometry":{"type":"Point","coordinates":[-93.5325648,45.0086132]},"properties":{"id":"alpr-osm-12781277922","layer":"alpr","name":"ALPR camera","county":"Hennepin County","state":"MN","countyFips":"27053","confidence":"probabilistic","sourceDate":null,"attributes":{"operator":null,"operatorType":"Not recorded","manufacturer":"Flock Safety","cameraType":"fixed","direction":null,"zone":"traffic","surveillance":"outdoor","osmId":12781277922,"osmUrl":"https://www.openstreetmap.org/node/12781277922"}}},{"type":"Feature","geometry":{"type":"Point","coordinates":[-93.5302234,45.0128827]},"properties":{"id":"alpr-osm-12781277923","layer":"alpr","name":"ALPR camera","county":"Hennepin County","state":"MN","countyFips":"27053","confidence":"probabilistic","sourceDate":null,"attributes":{"operator":null,"operatorType":"Not recorded","manufacturer":"Flock Safety","cameraType":"fixed","direction":null,"zone":"traffic","surveillance":"outdoor","osmId":12781277923,"osmUrl":"https://www.openstreetmap.org/node/12781277923"}}},{"type":"Feature","geometry":{"type":"Point","coordinates":[-93.6072209,44.9347198]},"properties":{"id":"alpr-osm-12781289220","layer":"alpr","name":"ALPR camera","county":"Hennepin County","state":"MN","countyFips":"27053","confidence":"probabilistic","sourceDate":null,"attributes":{"operator":null,"operatorType":"Not recorded","manufacturer":"Flock Safety","cameraType":"fixed","direction":null,"zone":"traffic","surveillance":"outdoor","osmId":12781289220,"osmUrl":"https://www.openstreetmap.org/node/12781289220"}}},{"type":"Feature","geometry":{"type":"Point","coordinates":[-93.5499942,44.9849506]},"properties":{"id":"alpr-osm-12781289684","layer":"alpr","name":"ALPR camera","county":"Hennepin County","state":"MN","countyFips":"27053","confidence":"probabilistic","sourceDate":null,"attributes":{"operator":null,"operatorType":"Not recorded","manufacturer":"Flock Safety","cameraType":"fixed","direction":null,"zone":"traffic","surveillance":"outdoor","osmId":12781289684,"osmUrl":"https://www.openstreetmap.org/node/12781289684"}}},{"type":"Feature","geometry":{"type":"Point","coordinates":[-93.6353731,45.0510349]},"properties":{"id":"alpr-osm-12781299885","layer":"alpr","name":"ALPR camera","county":"Hennepin County","state":"MN","countyFips":"27053","confidence":"probabilistic","sourceDate":null,"attributes":{"operator":null,"operatorType":"Not recorded","manufacturer":"Flock Safety","cameraType":"fixed","direction":null,"zone":"traffic","surveillance":"outdoor","osmId":12781299885,"osmUrl":"https://www.openstreetmap.org/node/12781299885"}}},{"type":"Feature","geometry":{"type":"Point","coordinates":[-93.5021236,44.9741645]},"properties":{"id":"alpr-osm-12781389513","layer":"alpr","name":"ALPR camera","county":"Hennepin County","state":"MN","countyFips":"27053","confidence":"probabilistic","sourceDate":null,"attributes":{"operator":null,"operatorType":"Not recorded","manufacturer":"Flock Safety","cameraType":"fixed","direction":null,"zone":"traffic","surveillance":"outdoor","osmId":12781389513,"osmUrl":"https://www.openstreetmap.org/node/12781389513"}}},{"type":"Feature","geometry":{"type":"Point","coordinates":[-93.4939322,44.9713532]},"properties":{"id":"alpr-osm-12781389514","layer":"alpr","name":"ALPR camera","county":"Hennepin County","state":"MN","countyFips":"27053","confidence":"probabilistic","sourceDate":null,"attributes":{"operator":null,"operatorType":"Not recorded","manufacturer":"Flock Safety","cameraType":"fixed","direction":"274","zone":"traffic","surveillance":"outdoor","osmId":12781389514,"osmUrl":"https://www.openstreetmap.org/node/12781389514"}}},{"type":"Feature","geometry":{"type":"Point","coordinates":[-93.5116322,44.9692361]},"properties":{"id":"alpr-osm-12781997601","layer":"alpr","name":"ALPR camera","county":"Hennepin County","state":"MN","countyFips":"27053","confidence":"probabilistic","sourceDate":null,"attributes":{"operator":null,"operatorType":"Not recorded","manufacturer":"Flock Safety","cameraType":"fixed","direction":null,"zone":"traffic","surveillance":"outdoor","osmId":12781997601,"osmUrl":"https://www.openstreetmap.org/node/12781997601"}}},{"type":"Feature","geometry":{"type":"Point","coordinates":[-93.5188102,44.9704712]},"properties":{"id":"alpr-osm-12781997602","layer":"alpr","name":"ALPR camera","county":"Hennepin County","state":"MN","countyFips":"27053","confidence":"probabilistic","sourceDate":null,"attributes":{"operator":null,"operatorType":"Not recorded","manufacturer":"Flock Safety","cameraType":"fixed","direction":null,"zone":"traffic","surveillance":"public","osmId":12781997602,"osmUrl":"https://www.openstreetmap.org/node/12781997602"}}},{"type":"Feature","geometry":{"type":"Point","coordinates":[-93.540819,44.9780657]},"properties":{"id":"alpr-osm-12782060094","layer":"alpr","name":"ALPR camera","county":"Hennepin County","state":"MN","countyFips":"27053","confidence":"probabilistic","sourceDate":null,"attributes":{"operator":null,"operatorType":"Not recorded","manufacturer":"Flock Safety","cameraType":"fixed","direction":null,"zone":"traffic","surveillance":"outdoor","osmId":12782060094,"osmUrl":"https://www.openstreetmap.org/node/12782060094"}}},{"type":"Feature","geometry":{"type":"Point","coordinates":[-93.4904176,44.9715232]},"properties":{"id":"alpr-osm-12782066111","layer":"alpr","name":"ALPR camera","county":"Hennepin County","state":"MN","countyFips":"27053","confidence":"probabilistic","sourceDate":null,"attributes":{"operator":null,"operatorType":"Not recorded","manufacturer":"Flock Safety","cameraType":"fixed","direction":null,"zone":"traffic","surveillance":"outdoor","osmId":12782066111,"osmUrl":"https://www.openstreetmap.org/node/12782066111"}}},{"type":"Feature","geometry":{"type":"Point","coordinates":[-93.4969382,44.9623407]},"properties":{"id":"alpr-osm-12782077977","layer":"alpr","name":"ALPR camera","county":"Hennepin County","state":"MN","countyFips":"27053","confidence":"probabilistic","sourceDate":null,"attributes":{"operator":null,"operatorType":"Not recorded","manufacturer":"Flock Safety","cameraType":"fixed","direction":null,"zone":"traffic","surveillance":"outdoor","osmId":12782077977,"osmUrl":"https://www.openstreetmap.org/node/12782077977"}}},{"type":"Feature","geometry":{"type":"Point","coordinates":[-93.4407462,45.0158614]},"properties":{"id":"alpr-osm-12782084758","layer":"alpr","name":"ALPR camera","county":"Hennepin County","state":"MN","countyFips":"27053","confidence":"probabilistic","sourceDate":null,"attributes":{"operator":null,"operatorType":"Not recorded","manufacturer":"Flock Safety","cameraType":"fixed","direction":null,"zone":"traffic","surveillance":"outdoor","osmId":12782084758,"osmUrl":"https://www.openstreetmap.org/node/12782084758"}}},{"type":"Feature","geometry":{"type":"Point","coordinates":[-93.5172926,44.9702085]},"properties":{"id":"alpr-osm-12782087668","layer":"alpr","name":"ALPR camera","county":"Hennepin County","state":"MN","countyFips":"27053","confidence":"probabilistic","sourceDate":null,"attributes":{"operator":null,"operatorType":"Not recorded","manufacturer":"Flock Safety","cameraType":"fixed","direction":null,"zone":"traffic","surveillance":"outdoor","osmId":12782087668,"osmUrl":"https://www.openstreetmap.org/node/12782087668"}}},{"type":"Feature","geometry":{"type":"Point","coordinates":[-93.4393256,45.0625767]},"properties":{"id":"alpr-osm-12782242953","layer":"alpr","name":"ALPR camera","county":"Hennepin County","state":"MN","countyFips":"27053","confidence":"probabilistic","sourceDate":null,"attributes":{"operator":null,"operatorType":"Not recorded","manufacturer":"Flock Safety","cameraType":"fixed","direction":null,"zone":"traffic","surveillance":"outdoor","osmId":12782242953,"osmUrl":"https://www.openstreetmap.org/node/12782242953"}}},{"type":"Feature","geometry":{"type":"Point","coordinates":[-93.3963587,45.0577014]},"properties":{"id":"alpr-osm-12782272362","layer":"alpr","name":"ALPR camera","county":"Hennepin County","state":"MN","countyFips":"27053","confidence":"probabilistic","sourceDate":null,"attributes":{"operator":null,"operatorType":"Not recorded","manufacturer":"Flock Safety","cameraType":"fixed","direction":null,"zone":"traffic","surveillance":"outdoor","osmId":12782272362,"osmUrl":"https://www.openstreetmap.org/node/12782272362"}}},{"type":"Feature","geometry":{"type":"Point","coordinates":[-93.4543895,45.0291916]},"properties":{"id":"alpr-osm-12785052329","layer":"alpr","name":"ALPR camera","county":"Hennepin County","state":"MN","countyFips":"27053","confidence":"probabilistic","sourceDate":null,"attributes":{"operator":null,"operatorType":"Not recorded","manufacturer":"Flock Safety","cameraType":"fixed","direction":null,"zone":"traffic","surveillance":null,"osmId":12785052329,"osmUrl":"https://www.openstreetmap.org/node/12785052329"}}},{"type":"Feature","geometry":{"type":"Point","coordinates":[-93.4816406,45.0191855]},"properties":{"id":"alpr-osm-12785052401","layer":"alpr","name":"ALPR camera","county":"Hennepin County","state":"MN","countyFips":"27053","confidence":"probabilistic","sourceDate":null,"attributes":{"operator":null,"operatorType":"Not recorded","manufacturer":"Flock Safety","cameraType":"fixed","direction":"355","zone":"traffic","surveillance":"public","osmId":12785052401,"osmUrl":"https://www.openstreetmap.org/node/12785052401"}}},{"type":"Feature","geometry":{"type":"Point","coordinates":[-93.5093457,45.2505045]},"properties":{"id":"alpr-osm-12785202257","layer":"alpr","name":"ALPR camera — Flock Safety","county":"Anoka County","state":"MN","countyFips":"27003","confidence":"probabilistic","sourceDate":null,"attributes":{"operator":"Flock Safety","operatorType":"Vendor-operated (Flock)","manufacturer":null,"cameraType":null,"direction":"24","zone":"traffic","surveillance":"public","osmId":12785202257,"osmUrl":"https://www.openstreetmap.org/node/12785202257"}}},{"type":"Feature","geometry":{"type":"Point","coordinates":[-93.4821756,45.0163815]},"properties":{"id":"alpr-osm-12788439758","layer":"alpr","name":"ALPR camera","county":"Hennepin County","state":"MN","countyFips":"27053","confidence":"probabilistic","sourceDate":null,"attributes":{"operator":null,"operatorType":"Not recorded","manufacturer":"Flock Safety","cameraType":"fixed","direction":null,"zone":"traffic","surveillance":"outdoor","osmId":12788439758,"osmUrl":"https://www.openstreetmap.org/node/12788439758"}}},{"type":"Feature","geometry":{"type":"Point","coordinates":[-93.4819223,45.0640242]},"properties":{"id":"alpr-osm-12788631480","layer":"alpr","name":"ALPR camera","county":"Hennepin County","state":"MN","countyFips":"27053","confidence":"probabilistic","sourceDate":null,"attributes":{"operator":null,"operatorType":"Not recorded","manufacturer":"Flock Safety","cameraType":"fixed","direction":"156","zone":"traffic","surveillance":"outdoor","osmId":12788631480,"osmUrl":"https://www.openstreetmap.org/node/12788631480"}}},{"type":"Feature","geometry":{"type":"Point","coordinates":[-93.3189673,44.8870411]},"properties":{"id":"alpr-osm-12796136244","layer":"alpr","name":"ALPR camera — Edina Police Department","county":"Hennepin County","state":"MN","countyFips":"27053","confidence":"probabilistic","sourceDate":null,"attributes":{"operator":"Edina Police Department","operatorType":"Police department","manufacturer":"Flock Safety","cameraType":"fixed","direction":"215","zone":"traffic","surveillance":"public","osmId":12796136244,"osmUrl":"https://www.openstreetmap.org/node/12796136244"}}},{"type":"Feature","geometry":{"type":"Point","coordinates":[-93.4217949,44.9208422]},"properties":{"id":"alpr-osm-12796151047","layer":"alpr","name":"ALPR camera — Hopkins Police Department","county":"Hennepin County","state":"MN","countyFips":"27053","confidence":"probabilistic","sourceDate":null,"attributes":{"operator":"Hopkins Police Department","operatorType":"Police department","manufacturer":"Motorola Solutions","cameraType":"fixed","direction":"270","zone":"traffic","surveillance":"public","osmId":12796151047,"osmUrl":"https://www.openstreetmap.org/node/12796151047"}}},{"type":"Feature","geometry":{"type":"Point","coordinates":[-93.3859635,44.920356]},"properties":{"id":"alpr-osm-12796156082","layer":"alpr","name":"ALPR camera — Edina Police Department","county":"Hennepin County","state":"MN","countyFips":"27053","confidence":"probabilistic","sourceDate":null,"attributes":{"operator":"Edina Police Department","operatorType":"Police department","manufacturer":"Flock Safety","cameraType":"fixed","direction":"0","zone":"traffic","surveillance":"public","osmId":12796156082,"osmUrl":"https://www.openstreetmap.org/node/12796156082"}}},{"type":"Feature","geometry":{"type":"Point","coordinates":[-93.4220762,44.920948]},"properties":{"id":"alpr-osm-12796161907","layer":"alpr","name":"ALPR camera — Hopkins Police Department","county":"Hennepin County","state":"MN","countyFips":"27053","confidence":"probabilistic","sourceDate":null,"attributes":{"operator":"Hopkins Police Department","operatorType":"Police department","manufacturer":"Motorola Solutions","cameraType":"fixed","direction":"90","zone":"traffic","surveillance":"public","osmId":12796161907,"osmUrl":"https://www.openstreetmap.org/node/12796161907"}}},{"type":"Feature","geometry":{"type":"Point","coordinates":[-93.5257351,45.0444623]},"properties":{"id":"alpr-osm-12801343662","layer":"alpr","name":"ALPR camera","county":"Hennepin County","state":"MN","countyFips":"27053","confidence":"probabilistic","sourceDate":null,"attributes":{"operator":null,"operatorType":"Not recorded","manufacturer":null,"cameraType":"fixed","direction":null,"zone":null,"surveillance":"outdoor","osmId":12801343662,"osmUrl":"https://www.openstreetmap.org/node/12801343662"}}},{"type":"Feature","geometry":{"type":"Point","coordinates":[-93.5019789,44.9791103]},"properties":{"id":"alpr-osm-12801353799","layer":"alpr","name":"ALPR camera","county":"Hennepin County","state":"MN","countyFips":"27053","confidence":"probabilistic","sourceDate":null,"attributes":{"operator":null,"operatorType":"Not recorded","manufacturer":null,"cameraType":"fixed","direction":null,"zone":null,"surveillance":"outdoor","osmId":12801353799,"osmUrl":"https://www.openstreetmap.org/node/12801353799"}}},{"type":"Feature","geometry":{"type":"Point","coordinates":[-93.6354072,45.0659383]},"properties":{"id":"alpr-osm-12801399983","layer":"alpr","name":"ALPR camera","county":"Hennepin County","state":"MN","countyFips":"27053","confidence":"probabilistic","sourceDate":null,"attributes":{"operator":null,"operatorType":"Not recorded","manufacturer":null,"cameraType":"fixed","direction":null,"zone":null,"surveillance":"outdoor","osmId":12801399983,"osmUrl":"https://www.openstreetmap.org/node/12801399983"}}},{"type":"Feature","geometry":{"type":"Point","coordinates":[-93.5034991,44.9134663]},"properties":{"id":"alpr-osm-12804186579","layer":"alpr","name":"ALPR camera — Minnetonka Police Department","county":"Hennepin County","state":"MN","countyFips":"27053","confidence":"probabilistic","sourceDate":null,"attributes":{"operator":"Minnetonka Police Department","operatorType":"Police department","manufacturer":"Motorola Solutions","cameraType":"fixed","direction":"50","zone":"traffic","surveillance":"public","osmId":12804186579,"osmUrl":"https://www.openstreetmap.org/node/12804186579"}}},{"type":"Feature","geometry":{"type":"Point","coordinates":[-93.4475884,44.9156025]},"properties":{"id":"alpr-osm-12804187432","layer":"alpr","name":"ALPR camera — Minnetonka Police Department","county":"Hennepin County","state":"MN","countyFips":"27053","confidence":"probabilistic","sourceDate":null,"attributes":{"operator":"Minnetonka Police Department","operatorType":"Police department","manufacturer":"Motorola Solutions","cameraType":"fixed","direction":"0","zone":"traffic","surveillance":"public","osmId":12804187432,"osmUrl":"https://www.openstreetmap.org/node/12804187432"}}},{"type":"Feature","geometry":{"type":"Point","coordinates":[-93.4477389,44.915765]},"properties":{"id":"alpr-osm-12804187433","layer":"alpr","name":"ALPR camera — Minnetonka Police Department","county":"Hennepin County","state":"MN","countyFips":"27053","confidence":"probabilistic","sourceDate":null,"attributes":{"operator":"Minnetonka Police Department","operatorType":"Police department","manufacturer":"Motorola Solutions","cameraType":"fixed","direction":"55","zone":"traffic","surveillance":"public","osmId":12804187433,"osmUrl":"https://www.openstreetmap.org/node/12804187433"}}},{"type":"Feature","geometry":{"type":"Point","coordinates":[-93.4475484,44.9160642]},"properties":{"id":"alpr-osm-12804187434","layer":"alpr","name":"ALPR camera — Minnetonka Police Department","county":"Hennepin County","state":"MN","countyFips":"27053","confidence":"probabilistic","sourceDate":null,"attributes":{"operator":"Minnetonka Police Department","operatorType":"Police department","manufacturer":"Motorola Solutions","cameraType":"fixed","direction":"180","zone":"traffic","surveillance":"public","osmId":12804187434,"osmUrl":"https://www.openstreetmap.org/node/12804187434"}}},{"type":"Feature","geometry":{"type":"Point","coordinates":[-93.4473283,44.915954]},"properties":{"id":"alpr-osm-12804187435","layer":"alpr","name":"ALPR camera — Minnetonka Police Department","county":"Hennepin County","state":"MN","countyFips":"27053","confidence":"probabilistic","sourceDate":null,"attributes":{"operator":"Minnetonka Police Department","operatorType":"Police department","manufacturer":"Motorola Solutions","cameraType":"fixed","direction":"225","zone":"traffic","surveillance":"public","osmId":12804187435,"osmUrl":"https://www.openstreetmap.org/node/12804187435"}}},{"type":"Feature","geometry":{"type":"Point","coordinates":[-93.4477002,44.9155444]},"properties":{"id":"alpr-osm-12804191829","layer":"alpr","name":"ALPR camera — Minnetonka Police Department","county":"Hennepin County","state":"MN","countyFips":"27053","confidence":"probabilistic","sourceDate":null,"attributes":{"operator":"Minnetonka Police Department","operatorType":"Police department","manufacturer":"Motorola Solutions","cameraType":"fixed","direction":"20","zone":"traffic","surveillance":"public","osmId":12804191829,"osmUrl":"https://www.openstreetmap.org/node/12804191829"}}},{"type":"Feature","geometry":{"type":"Point","coordinates":[-93.1058236,44.9559822]},"properties":{"id":"alpr-osm-12817842887","layer":"alpr","name":"ALPR camera","county":"Ramsey County","state":"MN","countyFips":"27123","confidence":"probabilistic","sourceDate":null,"attributes":{"operator":null,"operatorType":"Not recorded","manufacturer":"Flock Safety","cameraType":"fixed","direction":"0","zone":"traffic","surveillance":"public","osmId":12817842887,"osmUrl":"https://www.openstreetmap.org/node/12817842887"}}},{"type":"Feature","geometry":{"type":"Point","coordinates":[-93.1061131,44.9556253]},"properties":{"id":"alpr-osm-12817842888","layer":"alpr","name":"ALPR camera","county":"Ramsey County","state":"MN","countyFips":"27123","confidence":"probabilistic","sourceDate":null,"attributes":{"operator":null,"operatorType":"Not recorded","manufacturer":"Flock Safety","cameraType":"fixed","direction":"180","zone":"traffic","surveillance":"public","osmId":12817842888,"osmUrl":"https://www.openstreetmap.org/node/12817842888"}}},{"type":"Feature","geometry":{"type":"Point","coordinates":[-93.1062125,44.9559475]},"properties":{"id":"alpr-osm-12817842889","layer":"alpr","name":"ALPR camera","county":"Ramsey County","state":"MN","countyFips":"27123","confidence":"probabilistic","sourceDate":null,"attributes":{"operator":null,"operatorType":"Not recorded","manufacturer":"Flock Safety","cameraType":"fixed","direction":"270","zone":"traffic","surveillance":"public","osmId":12817842889,"osmUrl":"https://www.openstreetmap.org/node/12817842889"}}},{"type":"Feature","geometry":{"type":"Point","coordinates":[-93.1058381,44.9557628]},"properties":{"id":"alpr-osm-12817842890","layer":"alpr","name":"ALPR camera","county":"Ramsey County","state":"MN","countyFips":"27123","confidence":"probabilistic","sourceDate":null,"attributes":{"operator":null,"operatorType":"Not recorded","manufacturer":"Flock Safety","cameraType":"fixed","direction":"90","zone":"traffic","surveillance":"public","osmId":12817842890,"osmUrl":"https://www.openstreetmap.org/node/12817842890"}}},{"type":"Feature","geometry":{"type":"Point","coordinates":[-93.1981444,44.9490484]},"properties":{"id":"alpr-osm-12817842891","layer":"alpr","name":"ALPR camera","county":"Ramsey County","state":"MN","countyFips":"27123","confidence":"probabilistic","sourceDate":null,"attributes":{"operator":null,"operatorType":"Not recorded","manufacturer":"Flock Safety","cameraType":"fixed","direction":"270","zone":"traffic","surveillance":"public","osmId":12817842891,"osmUrl":"https://www.openstreetmap.org/node/12817842891"}}},{"type":"Feature","geometry":{"type":"Point","coordinates":[-93.1984494,44.9500515]},"properties":{"id":"alpr-osm-12817842892","layer":"alpr","name":"ALPR camera","county":"Ramsey County","state":"MN","countyFips":"27123","confidence":"probabilistic","sourceDate":null,"attributes":{"operator":null,"operatorType":"Not recorded","manufacturer":"Flock Safety","cameraType":"fixed","direction":"250","zone":"traffic","surveillance":"public","osmId":12817842892,"osmUrl":"https://www.openstreetmap.org/node/12817842892"}}},{"type":"Feature","geometry":{"type":"Point","coordinates":[-93.1986667,44.9506189]},"properties":{"id":"alpr-osm-12817842893","layer":"alpr","name":"ALPR camera","county":"Ramsey County","state":"MN","countyFips":"27123","confidence":"probabilistic","sourceDate":null,"attributes":{"operator":null,"operatorType":"Not recorded","manufacturer":"Flock Safety","cameraType":"fixed","direction":"250","zone":"traffic","surveillance":"public","osmId":12817842893,"osmUrl":"https://www.openstreetmap.org/node/12817842893"}}},{"type":"Feature","geometry":{"type":"Point","coordinates":[-93.0251262,44.9774473]},"properties":{"id":"alpr-osm-12817842894","layer":"alpr","name":"ALPR camera","county":"Ramsey County","state":"MN","countyFips":"27123","confidence":"probabilistic","sourceDate":null,"attributes":{"operator":null,"operatorType":"Not recorded","manufacturer":"Flock Safety","cameraType":"fixed","direction":"90","zone":"traffic","surveillance":"public","osmId":12817842894,"osmUrl":"https://www.openstreetmap.org/node/12817842894"}}},{"type":"Feature","geometry":{"type":"Point","coordinates":[-93.025449,44.9773999]},"properties":{"id":"alpr-osm-12817842895","layer":"alpr","name":"ALPR camera","county":"Ramsey County","state":"MN","countyFips":"27123","confidence":"probabilistic","sourceDate":null,"attributes":{"operator":null,"operatorType":"Not recorded","manufacturer":"Flock Safety","cameraType":"fixed","direction":"180","zone":"traffic","surveillance":"public","osmId":12817842895,"osmUrl":"https://www.openstreetmap.org/node/12817842895"}}},{"type":"Feature","geometry":{"type":"Point","coordinates":[-93.0355859,44.9776042]},"properties":{"id":"alpr-osm-12817842896","layer":"alpr","name":"ALPR camera","county":"Ramsey County","state":"MN","countyFips":"27123","confidence":"probabilistic","sourceDate":null,"attributes":{"operator":null,"operatorType":"Not recorded","manufacturer":"Flock Safety","cameraType":"fixed","direction":"270","zone":"traffic","surveillance":"public","osmId":12817842896,"osmUrl":"https://www.openstreetmap.org/node/12817842896"}}},{"type":"Feature","geometry":{"type":"Point","coordinates":[-93.0353302,44.9774665]},"properties":{"id":"alpr-osm-12817842897","layer":"alpr","name":"ALPR camera","county":"Ramsey County","state":"MN","countyFips":"27123","confidence":"probabilistic","sourceDate":null,"attributes":{"operator":null,"operatorType":"Not recorded","manufacturer":"Flock Safety","cameraType":"fixed","direction":"90","zone":"traffic","surveillance":"public","osmId":12817842897,"osmUrl":"https://www.openstreetmap.org/node/12817842897"}}},{"type":"Feature","geometry":{"type":"Point","coordinates":[-93.0470624,44.9777179]},"properties":{"id":"alpr-osm-12817842898","layer":"alpr","name":"ALPR camera","county":"Ramsey County","state":"MN","countyFips":"27123","confidence":"probabilistic","sourceDate":null,"attributes":{"operator":null,"operatorType":"Not recorded","manufacturer":"Flock Safety","cameraType":"fixed","direction":"0","zone":"traffic","surveillance":"public","osmId":12817842898,"osmUrl":"https://www.openstreetmap.org/node/12817842898"}}},{"type":"Feature","geometry":{"type":"Point","coordinates":[-93.047362,44.9774114]},"properties":{"id":"alpr-osm-12817842899","layer":"alpr","name":"ALPR camera","county":"Ramsey County","state":"MN","countyFips":"27123","confidence":"probabilistic","sourceDate":null,"attributes":{"operator":null,"operatorType":"Not recorded","manufacturer":"Flock Safety","cameraType":"fixed","direction":"180","zone":"traffic","surveillance":"public","osmId":12817842899,"osmUrl":"https://www.openstreetmap.org/node/12817842899"}}},{"type":"Feature","geometry":{"type":"Point","coordinates":[-92.9358288,44.9441144]},"properties":{"id":"alpr-osm-12819090112","layer":"alpr","name":"ALPR camera","county":"Washington County","state":"MN","countyFips":"27163","confidence":"probabilistic","sourceDate":null,"attributes":{"operator":null,"operatorType":"Not recorded","manufacturer":"Flock Safety","cameraType":"fixed","direction":"260","zone":"traffic","surveillance":"public","osmId":12819090112,"osmUrl":"https://www.openstreetmap.org/node/12819090112"}}},{"type":"Feature","geometry":{"type":"Point","coordinates":[-93.1952966,44.9178053]},"properties":{"id":"alpr-osm-12819106846","layer":"alpr","name":"ALPR camera","county":"Ramsey County","state":"MN","countyFips":"27123","confidence":"probabilistic","sourceDate":null,"attributes":{"operator":null,"operatorType":"Not recorded","manufacturer":"Flock Safety","cameraType":"fixed","direction":"90","zone":"traffic","surveillance":"public","osmId":12819106846,"osmUrl":"https://www.openstreetmap.org/node/12819106846"}}},{"type":"Feature","geometry":{"type":"Point","coordinates":[-93.1037739,44.9456292]},"properties":{"id":"alpr-osm-12820364665","layer":"alpr","name":"ALPR camera","county":"Ramsey County","state":"MN","countyFips":"27123","confidence":"probabilistic","sourceDate":null,"attributes":{"operator":null,"operatorType":"Not recorded","manufacturer":"Flock Safety","cameraType":"fixed","direction":"330","zone":"traffic","surveillance":"public","osmId":12820364665,"osmUrl":"https://www.openstreetmap.org/node/12820364665"}}},{"type":"Feature","geometry":{"type":"Point","coordinates":[-93.5005158,45.3281702]},"properties":{"id":"alpr-osm-12827088372","layer":"alpr","name":"ALPR camera — Anoka County Sheriff’s Office","county":"Anoka County","state":"MN","countyFips":"27003","confidence":"probabilistic","sourceDate":null,"attributes":{"operator":"Anoka County Sheriff’s Office","operatorType":"County sheriff","manufacturer":"Flock Safety","cameraType":null,"direction":"60","zone":"traffic","surveillance":"public","osmId":12827088372,"osmUrl":"https://www.openstreetmap.org/node/12827088372"}}},{"type":"Feature","geometry":{"type":"Point","coordinates":[-93.5839145,44.5403061]},"properties":{"id":"alpr-osm-12830508512","layer":"alpr","name":"ALPR camera","county":"Le Sueur County","state":"MN","countyFips":"27079","confidence":"probabilistic","sourceDate":null,"attributes":{"operator":null,"operatorType":"Not recorded","manufacturer":"Flock Safety","cameraType":"fixed","direction":"320","zone":"traffic","surveillance":"public","osmId":12830508512,"osmUrl":"https://www.openstreetmap.org/node/12830508512"}}},{"type":"Feature","geometry":{"type":"Point","coordinates":[-93.4358942,44.8690253]},"properties":{"id":"alpr-osm-12837329325","layer":"alpr","name":"ALPR camera — Unknown","county":"Hennepin County","state":"MN","countyFips":"27053","confidence":"probabilistic","sourceDate":null,"attributes":{"operator":"Unknown","operatorType":"Other or unclassified","manufacturer":"Flock Safety","cameraType":"fixed","direction":"240","zone":"traffic","surveillance":"public","osmId":12837329325,"osmUrl":"https://www.openstreetmap.org/node/12837329325"}}},{"type":"Feature","geometry":{"type":"Point","coordinates":[-93.2384199,45.1807558]},"properties":{"id":"alpr-osm-12844986964","layer":"alpr","name":"ALPR camera — Lowes","county":"Anoka County","state":"MN","countyFips":"27003","confidence":"probabilistic","sourceDate":null,"attributes":{"operator":"Lowes","operatorType":"Other or unclassified","manufacturer":"Flock Safety","cameraType":null,"direction":"54","zone":"traffic","surveillance":"public","osmId":12844986964,"osmUrl":"https://www.openstreetmap.org/node/12844986964"}}},{"type":"Feature","geometry":{"type":"Point","coordinates":[-93.2371681,45.1807302]},"properties":{"id":"alpr-osm-12844986965","layer":"alpr","name":"ALPR camera — Lowes","county":"Anoka County","state":"MN","countyFips":"27003","confidence":"probabilistic","sourceDate":null,"attributes":{"operator":"Lowes","operatorType":"Other or unclassified","manufacturer":"Flock Safety","cameraType":null,"direction":"340","zone":"traffic","surveillance":"public","osmId":12844986965,"osmUrl":"https://www.openstreetmap.org/node/12844986965"}}},{"type":"Feature","geometry":{"type":"Point","coordinates":[-93.5528526,45.19333]},"properties":{"id":"alpr-osm-12847226791","layer":"alpr","name":"ALPR camera","county":"Hennepin County","state":"MN","countyFips":"27053","confidence":"probabilistic","sourceDate":null,"attributes":{"operator":null,"operatorType":"Not recorded","manufacturer":"Flock Safety","cameraType":null,"direction":"157","zone":"traffic","surveillance":"public","osmId":12847226791,"osmUrl":"https://www.openstreetmap.org/node/12847226791"}}},{"type":"Feature","geometry":{"type":"Point","coordinates":[-93.4061485,45.0324139]},"properties":{"id":"alpr-osm-12854943206","layer":"alpr","name":"ALPR camera","county":"Hennepin County","state":"MN","countyFips":"27053","confidence":"probabilistic","sourceDate":null,"attributes":{"operator":null,"operatorType":"Not recorded","manufacturer":"Flock Safety","cameraType":"fixed","direction":null,"zone":null,"surveillance":"outdoor","osmId":12854943206,"osmUrl":"https://www.openstreetmap.org/node/12854943206"}}},{"type":"Feature","geometry":{"type":"Point","coordinates":[-92.8340634,45.0379003]},"properties":{"id":"alpr-osm-12863324547","layer":"alpr","name":"ALPR camera","county":"Washington County","state":"MN","countyFips":"27163","confidence":"probabilistic","sourceDate":null,"attributes":{"operator":null,"operatorType":"Not recorded","manufacturer":"Flock Safety","cameraType":"fixed","direction":"108-153","zone":"traffic","surveillance":"public","osmId":12863324547,"osmUrl":"https://www.openstreetmap.org/node/12863324547"}}},{"type":"Feature","geometry":{"type":"Point","coordinates":[-93.2783087,44.8886147]},"properties":{"id":"alpr-osm-12873115822","layer":"alpr","name":"ALPR camera","county":"Hennepin County","state":"MN","countyFips":"27053","confidence":"probabilistic","sourceDate":null,"attributes":{"operator":null,"operatorType":"Not recorded","manufacturer":null,"cameraType":"fixed","direction":"160","zone":"traffic","surveillance":"traffic","osmId":12873115822,"osmUrl":"https://www.openstreetmap.org/node/12873115822"}}},{"type":"Feature","geometry":{"type":"Point","coordinates":[-93.2883633,44.8894379]},"properties":{"id":"alpr-osm-12873115823","layer":"alpr","name":"ALPR camera","county":"Hennepin County","state":"MN","countyFips":"27053","confidence":"probabilistic","sourceDate":null,"attributes":{"operator":null,"operatorType":"Not recorded","manufacturer":"Flock Safety","cameraType":"fixed","direction":"174","zone":"traffic","surveillance":"public","osmId":12873115823,"osmUrl":"https://www.openstreetmap.org/node/12873115823"}}},{"type":"Feature","geometry":{"type":"Point","coordinates":[-93.3286965,44.882031]},"properties":{"id":"alpr-osm-12873115825","layer":"alpr","name":"ALPR camera — Edina Police Department","county":"Hennepin County","state":"MN","countyFips":"27053","confidence":"probabilistic","sourceDate":null,"attributes":{"operator":"Edina Police Department","operatorType":"Police department","manufacturer":"Flock Safety","cameraType":"fixed","direction":"100","zone":"traffic","surveillance":null,"osmId":12873115825,"osmUrl":"https://www.openstreetmap.org/node/12873115825"}}},{"type":"Feature","geometry":{"type":"Point","coordinates":[-93.3276317,44.8779691]},"properties":{"id":"alpr-osm-12873115827","layer":"alpr","name":"ALPR camera","county":"Hennepin County","state":"MN","countyFips":"27053","confidence":"probabilistic","sourceDate":null,"attributes":{"operator":null,"operatorType":"Not recorded","manufacturer":null,"cameraType":"fixed","direction":"180","zone":"traffic","surveillance":"traffic","osmId":12873115827,"osmUrl":"https://www.openstreetmap.org/node/12873115827"}}},{"type":"Feature","geometry":{"type":"Point","coordinates":[-93.326623,44.8779675]},"properties":{"id":"alpr-osm-12873115828","layer":"alpr","name":"ALPR camera","county":"Hennepin County","state":"MN","countyFips":"27053","confidence":"probabilistic","sourceDate":null,"attributes":{"operator":null,"operatorType":"Not recorded","manufacturer":null,"cameraType":"fixed","direction":"180","zone":"traffic","surveillance":"traffic","osmId":12873115828,"osmUrl":"https://www.openstreetmap.org/node/12873115828"}}},{"type":"Feature","geometry":{"type":"Point","coordinates":[-93.3243837,44.8780105]},"properties":{"id":"alpr-osm-12873115829","layer":"alpr","name":"ALPR camera","county":"Hennepin County","state":"MN","countyFips":"27053","confidence":"probabilistic","sourceDate":null,"attributes":{"operator":null,"operatorType":"Not recorded","manufacturer":null,"cameraType":"fixed","direction":"140","zone":"traffic","surveillance":"traffic","osmId":12873115829,"osmUrl":"https://www.openstreetmap.org/node/12873115829"}}},{"type":"Feature","geometry":{"type":"Point","coordinates":[-93.3232746,44.8779923]},"properties":{"id":"alpr-osm-12873115830","layer":"alpr","name":"ALPR camera","county":"Hennepin County","state":"MN","countyFips":"27053","confidence":"probabilistic","sourceDate":null,"attributes":{"operator":null,"operatorType":"Not recorded","manufacturer":null,"cameraType":"fixed","direction":"140","zone":"traffic","surveillance":"traffic","osmId":12873115830,"osmUrl":"https://www.openstreetmap.org/node/12873115830"}}},{"type":"Feature","geometry":{"type":"Point","coordinates":[-93.3215397,44.8771964]},"properties":{"id":"alpr-osm-12873115832","layer":"alpr","name":"ALPR camera","county":"Hennepin County","state":"MN","countyFips":"27053","confidence":"probabilistic","sourceDate":null,"attributes":{"operator":null,"operatorType":"Not recorded","manufacturer":null,"cameraType":"fixed","direction":"270","zone":"traffic","surveillance":"traffic","osmId":12873115832,"osmUrl":"https://www.openstreetmap.org/node/12873115832"}}},{"type":"Feature","geometry":{"type":"Point","coordinates":[-93.3215584,44.8770475]},"properties":{"id":"alpr-osm-12873115833","layer":"alpr","name":"ALPR camera","county":"Hennepin County","state":"MN","countyFips":"27053","confidence":"probabilistic","sourceDate":null,"attributes":{"operator":null,"operatorType":"Not recorded","manufacturer":null,"cameraType":"fixed","direction":"90","zone":"traffic","surveillance":"traffic","osmId":12873115833,"osmUrl":"https://www.openstreetmap.org/node/12873115833"}}},{"type":"Feature","geometry":{"type":"Point","coordinates":[-93.3229617,44.8764932]},"properties":{"id":"alpr-osm-12873115834","layer":"alpr","name":"ALPR camera","county":"Hennepin County","state":"MN","countyFips":"27053","confidence":"probabilistic","sourceDate":null,"attributes":{"operator":null,"operatorType":"Not recorded","manufacturer":null,"cameraType":"fixed","direction":"300","zone":"traffic","surveillance":"traffic","osmId":12873115834,"osmUrl":"https://www.openstreetmap.org/node/12873115834"}}},{"type":"Feature","geometry":{"type":"Point","coordinates":[-93.3251234,44.8764793]},"properties":{"id":"alpr-osm-12873115835","layer":"alpr","name":"ALPR camera","county":"Hennepin County","state":"MN","countyFips":"27053","confidence":"probabilistic","sourceDate":null,"attributes":{"operator":null,"operatorType":"Not recorded","manufacturer":null,"cameraType":"fixed","direction":"310","zone":"traffic","surveillance":"traffic","osmId":12873115835,"osmUrl":"https://www.openstreetmap.org/node/12873115835"}}},{"type":"Feature","geometry":{"type":"Point","coordinates":[-93.3275593,44.8764849]},"properties":{"id":"alpr-osm-12873115836","layer":"alpr","name":"ALPR camera","county":"Hennepin County","state":"MN","countyFips":"27053","confidence":"probabilistic","sourceDate":null,"attributes":{"operator":null,"operatorType":"Not recorded","manufacturer":null,"cameraType":"fixed","direction":"310","zone":"traffic","surveillance":"traffic","osmId":12873115836,"osmUrl":"https://www.openstreetmap.org/node/12873115836"}}},{"type":"Feature","geometry":{"type":"Point","coordinates":[-93.3215021,44.8816853]},"properties":{"id":"alpr-osm-12873115838","layer":"alpr","name":"ALPR camera — Edina Police Department","county":"Hennepin County","state":"MN","countyFips":"27053","confidence":"probabilistic","sourceDate":null,"attributes":{"operator":"Edina Police Department","operatorType":"Police department","manufacturer":"Flock Safety","cameraType":"fixed","direction":"260","zone":"traffic","surveillance":null,"osmId":12873115838,"osmUrl":"https://www.openstreetmap.org/node/12873115838"}}},{"type":"Feature","geometry":{"type":"Point","coordinates":[-93.4676742,44.9972552]},"properties":{"id":"alpr-osm-12873773346","layer":"alpr","name":"ALPR camera","county":"Hennepin County","state":"MN","countyFips":"27053","confidence":"probabilistic","sourceDate":null,"attributes":{"operator":null,"operatorType":"Not recorded","manufacturer":"Flock Safety","cameraType":"fixed","direction":null,"zone":"traffic","surveillance":"outdoor","osmId":12873773346,"osmUrl":"https://www.openstreetmap.org/node/12873773346"}}},{"type":"Feature","geometry":{"type":"Point","coordinates":[-93.5224306,45.1311846]},"properties":{"id":"alpr-osm-12876335806","layer":"alpr","name":"ALPR camera","county":"Hennepin County","state":"MN","countyFips":"27053","confidence":"probabilistic","sourceDate":null,"attributes":{"operator":null,"operatorType":"Not recorded","manufacturer":"Flock Safety","cameraType":null,"direction":"240","zone":"traffic","surveillance":"public","osmId":12876335806,"osmUrl":"https://www.openstreetmap.org/node/12876335806"}}},{"type":"Feature","geometry":{"type":"Point","coordinates":[-93.2353523,45.1831582]},"properties":{"id":"alpr-osm-12877479253","layer":"alpr","name":"ALPR camera","county":"Anoka County","state":"MN","countyFips":"27003","confidence":"probabilistic","sourceDate":null,"attributes":{"operator":null,"operatorType":"Not recorded","manufacturer":"Flock Safety","cameraType":null,"direction":"235","zone":"traffic","surveillance":"public","osmId":12877479253,"osmUrl":"https://www.openstreetmap.org/node/12877479253"}}},{"type":"Feature","geometry":{"type":"Point","coordinates":[-93.2992333,45.0530424]},"properties":{"id":"alpr-osm-12879216594","layer":"alpr","name":"ALPR camera","county":"Hennepin County","state":"MN","countyFips":"27053","confidence":"probabilistic","sourceDate":null,"attributes":{"operator":null,"operatorType":"Not recorded","manufacturer":"Flock Safety","cameraType":"fixed","direction":"160","zone":null,"surveillance":null,"osmId":12879216594,"osmUrl":"https://www.openstreetmap.org/node/12879216594"}}},{"type":"Feature","geometry":{"type":"Point","coordinates":[-93.3235277,44.8783327]},"properties":{"id":"alpr-osm-12882570609","layer":"alpr","name":"ALPR camera — Edina Police Department","county":"Hennepin County","state":"MN","countyFips":"27053","confidence":"probabilistic","sourceDate":null,"attributes":{"operator":"Edina Police Department","operatorType":"Police department","manufacturer":"Flock Safety","cameraType":"fixed","direction":"330","zone":"traffic","surveillance":null,"osmId":12882570609,"osmUrl":"https://www.openstreetmap.org/node/12882570609"}}},{"type":"Feature","geometry":{"type":"Point","coordinates":[-93.4501515,44.9143676]},"properties":{"id":"alpr-osm-12903369165","layer":"alpr","name":"ALPR camera","county":"Hennepin County","state":"MN","countyFips":"27053","confidence":"probabilistic","sourceDate":null,"attributes":{"operator":null,"operatorType":"Not recorded","manufacturer":"Motorola Solutions","cameraType":"fixed","direction":"25","zone":null,"surveillance":null,"osmId":12903369165,"osmUrl":"https://www.openstreetmap.org/node/12903369165"}}},{"type":"Feature","geometry":{"type":"Point","coordinates":[-93.4018967,44.899157]},"properties":{"id":"alpr-osm-12903390752","layer":"alpr","name":"ALPR camera","county":"Hennepin County","state":"MN","countyFips":"27053","confidence":"probabilistic","sourceDate":null,"attributes":{"operator":null,"operatorType":"Not recorded","manufacturer":"Motorola Solutions","cameraType":"fixed","direction":"145","zone":null,"surveillance":null,"osmId":12903390752,"osmUrl":"https://www.openstreetmap.org/node/12903390752"}}},{"type":"Feature","geometry":{"type":"Point","coordinates":[-93.4594659,44.8647033]},"properties":{"id":"alpr-osm-12903390753","layer":"alpr","name":"ALPR camera","county":"Hennepin County","state":"MN","countyFips":"27053","confidence":"probabilistic","sourceDate":null,"attributes":{"operator":null,"operatorType":"Not recorded","manufacturer":"Motorola Solutions","cameraType":"fixed","direction":"135","zone":null,"surveillance":null,"osmId":12903390753,"osmUrl":"https://www.openstreetmap.org/node/12903390753"}}},{"type":"Feature","geometry":{"type":"Point","coordinates":[-93.459191,44.8646957]},"properties":{"id":"alpr-osm-12903390754","layer":"alpr","name":"ALPR camera","county":"Hennepin County","state":"MN","countyFips":"27053","confidence":"probabilistic","sourceDate":null,"attributes":{"operator":null,"operatorType":"Not recorded","manufacturer":"Motorola Solutions","cameraType":"fixed","direction":"180","zone":null,"surveillance":null,"osmId":12903390754,"osmUrl":"https://www.openstreetmap.org/node/12903390754"}}},{"type":"Feature","geometry":{"type":"Point","coordinates":[-93.4590864,44.8645588]},"properties":{"id":"alpr-osm-12903390755","layer":"alpr","name":"ALPR camera","county":"Hennepin County","state":"MN","countyFips":"27053","confidence":"probabilistic","sourceDate":null,"attributes":{"operator":null,"operatorType":"Not recorded","manufacturer":"Motorola Solutions","cameraType":"fixed","direction":"270","zone":null,"surveillance":null,"osmId":12903390755,"osmUrl":"https://www.openstreetmap.org/node/12903390755"}}},{"type":"Feature","geometry":{"type":"Point","coordinates":[-93.4594163,44.8645902]},"properties":{"id":"alpr-osm-12903390756","layer":"alpr","name":"ALPR camera","county":"Hennepin County","state":"MN","countyFips":"27053","confidence":"probabilistic","sourceDate":null,"attributes":{"operator":null,"operatorType":"Not recorded","manufacturer":"Motorola Solutions","cameraType":"fixed","direction":"90","zone":null,"surveillance":null,"osmId":12903390756,"osmUrl":"https://www.openstreetmap.org/node/12903390756"}}},{"type":"Feature","geometry":{"type":"Point","coordinates":[-93.4593291,44.864479]},"properties":{"id":"alpr-osm-12903390757","layer":"alpr","name":"ALPR camera","county":"Hennepin County","state":"MN","countyFips":"27053","confidence":"probabilistic","sourceDate":null,"attributes":{"operator":null,"operatorType":"Not recorded","manufacturer":"Motorola Solutions","cameraType":"fixed","direction":"10","zone":null,"surveillance":null,"osmId":12903390757,"osmUrl":"https://www.openstreetmap.org/node/12903390757"}}},{"type":"Feature","geometry":{"type":"Point","coordinates":[-93.4676883,44.9033088]},"properties":{"id":"alpr-osm-12903393828","layer":"alpr","name":"ALPR camera","county":"Hennepin County","state":"MN","countyFips":"27053","confidence":"probabilistic","sourceDate":null,"attributes":{"operator":null,"operatorType":"Not recorded","manufacturer":"Motorola Solutions","cameraType":"fixed","direction":"340","zone":null,"surveillance":null,"osmId":12903393828,"osmUrl":"https://www.openstreetmap.org/node/12903393828"}}},{"type":"Feature","geometry":{"type":"Point","coordinates":[-93.4678154,44.9033386]},"properties":{"id":"alpr-osm-12903393829","layer":"alpr","name":"ALPR camera","county":"Hennepin County","state":"MN","countyFips":"27053","confidence":"probabilistic","sourceDate":null,"attributes":{"operator":null,"operatorType":"Not recorded","manufacturer":"Motorola Solutions","cameraType":"fixed","direction":"55","zone":null,"surveillance":null,"osmId":12903393829,"osmUrl":"https://www.openstreetmap.org/node/12903393829"}}},{"type":"Feature","geometry":{"type":"Point","coordinates":[-93.4675485,44.9034433]},"properties":{"id":"alpr-osm-12903393830","layer":"alpr","name":"ALPR camera","county":"Hennepin County","state":"MN","countyFips":"27053","confidence":"probabilistic","sourceDate":null,"attributes":{"operator":null,"operatorType":"Not recorded","manufacturer":"Motorola Solutions","cameraType":"fixed","direction":"240","zone":null,"surveillance":null,"osmId":12903393830,"osmUrl":"https://www.openstreetmap.org/node/12903393830"}}},{"type":"Feature","geometry":{"type":"Point","coordinates":[-93.4677503,44.903498]},"properties":{"id":"alpr-osm-12903393831","layer":"alpr","name":"ALPR camera","county":"Hennepin County","state":"MN","countyFips":"27053","confidence":"probabilistic","sourceDate":null,"attributes":{"operator":null,"operatorType":"Not recorded","manufacturer":"Motorola Solutions","cameraType":"fixed","direction":"155","zone":null,"surveillance":null,"osmId":12903393831,"osmUrl":"https://www.openstreetmap.org/node/12903393831"}}},{"type":"Feature","geometry":{"type":"Point","coordinates":[-93.3043063,45.0532811]},"properties":{"id":"alpr-osm-12906183469","layer":"alpr","name":"ALPR camera","county":"Hennepin County","state":"MN","countyFips":"27053","confidence":"probabilistic","sourceDate":null,"attributes":{"operator":null,"operatorType":"Not recorded","manufacturer":"Flock Safety","cameraType":"fixed","direction":"160","zone":null,"surveillance":null,"osmId":12906183469,"osmUrl":"https://www.openstreetmap.org/node/12906183469"}}},{"type":"Feature","geometry":{"type":"Point","coordinates":[-93.4142696,44.9223694]},"properties":{"id":"alpr-osm-12919778518","layer":"alpr","name":"ALPR camera","county":"Hennepin County","state":"MN","countyFips":"27053","confidence":"probabilistic","sourceDate":null,"attributes":{"operator":null,"operatorType":"Not recorded","manufacturer":"Genetec","cameraType":"fixed","direction":"170","zone":null,"surveillance":null,"osmId":12919778518,"osmUrl":"https://www.openstreetmap.org/node/12919778518"}}},{"type":"Feature","geometry":{"type":"Point","coordinates":[-93.4467874,44.8915266]},"properties":{"id":"alpr-osm-12919780044","layer":"alpr","name":"ALPR camera","county":"Hennepin County","state":"MN","countyFips":"27053","confidence":"probabilistic","sourceDate":null,"attributes":{"operator":null,"operatorType":"Not recorded","manufacturer":"Motorola Solutions","cameraType":"fixed","direction":"270","zone":null,"surveillance":null,"osmId":12919780044,"osmUrl":"https://www.openstreetmap.org/node/12919780044"}}},{"type":"Feature","geometry":{"type":"Point","coordinates":[-93.4471013,44.8916567]},"properties":{"id":"alpr-osm-12919780045","layer":"alpr","name":"ALPR camera","county":"Hennepin County","state":"MN","countyFips":"27053","confidence":"probabilistic","sourceDate":null,"attributes":{"operator":null,"operatorType":"Not recorded","manufacturer":"Motorola Solutions","cameraType":"fixed","direction":"90","zone":null,"surveillance":null,"osmId":12919780045,"osmUrl":"https://www.openstreetmap.org/node/12919780045"}}},{"type":"Feature","geometry":{"type":"Point","coordinates":[-93.4469189,44.8917166]},"properties":{"id":"alpr-osm-12919780046","layer":"alpr","name":"ALPR camera","county":"Hennepin County","state":"MN","countyFips":"27053","confidence":"probabilistic","sourceDate":null,"attributes":{"operator":null,"operatorType":"Not recorded","manufacturer":"Motorola Solutions","cameraType":"fixed","direction":"180","zone":null,"surveillance":null,"osmId":12919780046,"osmUrl":"https://www.openstreetmap.org/node/12919780046"}}},{"type":"Feature","geometry":{"type":"Point","coordinates":[-93.4469578,44.8914914]},"properties":{"id":"alpr-osm-12919780047","layer":"alpr","name":"ALPR camera","county":"Hennepin County","state":"MN","countyFips":"27053","confidence":"probabilistic","sourceDate":null,"attributes":{"operator":null,"operatorType":"Not recorded","manufacturer":"Motorola Solutions","cameraType":"fixed","direction":"0","zone":null,"surveillance":null,"osmId":12919780047,"osmUrl":"https://www.openstreetmap.org/node/12919780047"}}},{"type":"Feature","geometry":{"type":"Point","coordinates":[-93.446825,44.8914496]},"properties":{"id":"alpr-osm-12919780048","layer":"alpr","name":"ALPR camera","county":"Hennepin County","state":"MN","countyFips":"27053","confidence":"probabilistic","sourceDate":null,"attributes":{"operator":null,"operatorType":"Not recorded","manufacturer":"Motorola Solutions","cameraType":"fixed","direction":"330","zone":null,"surveillance":null,"osmId":12919780048,"osmUrl":"https://www.openstreetmap.org/node/12919780048"}}},{"type":"Feature","geometry":{"type":"Point","coordinates":[-93.4292593,44.9302052]},"properties":{"id":"alpr-osm-12919788791","layer":"alpr","name":"ALPR camera","county":"Hennepin County","state":"MN","countyFips":"27053","confidence":"probabilistic","sourceDate":null,"attributes":{"operator":null,"operatorType":"Not recorded","manufacturer":"Motorola Solutions","cameraType":"fixed","direction":"10","zone":null,"surveillance":null,"osmId":12919788791,"osmUrl":"https://www.openstreetmap.org/node/12919788791"}}},{"type":"Feature","geometry":{"type":"Point","coordinates":[-93.4270259,44.9243749]},"properties":{"id":"alpr-osm-12919800624","layer":"alpr","name":"ALPR camera","county":"Hennepin County","state":"MN","countyFips":"27053","confidence":"probabilistic","sourceDate":null,"attributes":{"operator":null,"operatorType":"Not recorded","manufacturer":"Motorola Solutions","cameraType":"fixed","direction":"90","zone":null,"surveillance":null,"osmId":12919800624,"osmUrl":"https://www.openstreetmap.org/node/12919800624"}}},{"type":"Feature","geometry":{"type":"Point","coordinates":[-93.4268047,44.9244598]},"properties":{"id":"alpr-osm-12919800625","layer":"alpr","name":"ALPR camera","county":"Hennepin County","state":"MN","countyFips":"27053","confidence":"probabilistic","sourceDate":null,"attributes":{"operator":null,"operatorType":"Not recorded","manufacturer":"Motorola Solutions","cameraType":"fixed","direction":"180","zone":null,"surveillance":null,"osmId":12919800625,"osmUrl":"https://www.openstreetmap.org/node/12919800625"}}},{"type":"Feature","geometry":{"type":"Point","coordinates":[-93.4269618,44.9242432]},"properties":{"id":"alpr-osm-12919800626","layer":"alpr","name":"ALPR camera","county":"Hennepin County","state":"MN","countyFips":"27053","confidence":"probabilistic","sourceDate":null,"attributes":{"operator":null,"operatorType":"Not recorded","manufacturer":"Motorola Solutions","cameraType":"fixed","direction":"10","zone":null,"surveillance":null,"osmId":12919800626,"osmUrl":"https://www.openstreetmap.org/node/12919800626"}}},{"type":"Feature","geometry":{"type":"Point","coordinates":[-93.426658,44.9242578]},"properties":{"id":"alpr-osm-12919800627","layer":"alpr","name":"ALPR camera","county":"Hennepin County","state":"MN","countyFips":"27053","confidence":"probabilistic","sourceDate":null,"attributes":{"operator":null,"operatorType":"Not recorded","manufacturer":"Motorola Solutions","cameraType":"fixed","direction":"335","zone":null,"surveillance":null,"osmId":12919800627,"osmUrl":"https://www.openstreetmap.org/node/12919800627"}}},{"type":"Feature","geometry":{"type":"Point","coordinates":[-93.4266332,44.9242607]},"properties":{"id":"alpr-osm-12919800628","layer":"alpr","name":"ALPR camera","county":"Hennepin County","state":"MN","countyFips":"27053","confidence":"probabilistic","sourceDate":null,"attributes":{"operator":null,"operatorType":"Not recorded","manufacturer":"Motorola Solutions","cameraType":"fixed","direction":"285","zone":null,"surveillance":null,"osmId":12919800628,"osmUrl":"https://www.openstreetmap.org/node/12919800628"}}},{"type":"Feature","geometry":{"type":"Point","coordinates":[-93.415127,44.9243099]},"properties":{"id":"alpr-osm-12919802842","layer":"alpr","name":"ALPR camera","county":"Hennepin County","state":"MN","countyFips":"27053","confidence":"probabilistic","sourceDate":null,"attributes":{"operator":null,"operatorType":"Not recorded","manufacturer":"Genetec","cameraType":"fixed","direction":"71","zone":"traffic","surveillance":"public","osmId":12919802842,"osmUrl":"https://www.openstreetmap.org/node/12919802842"}}},{"type":"Feature","geometry":{"type":"Point","coordinates":[-93.4153537,44.9244506]},"properties":{"id":"alpr-osm-12919802843","layer":"alpr","name":"ALPR camera","county":"Hennepin County","state":"MN","countyFips":"27053","confidence":"probabilistic","sourceDate":null,"attributes":{"operator":null,"operatorType":"Not recorded","manufacturer":"Motorola Solutions","cameraType":"fixed","direction":"145","zone":null,"surveillance":null,"osmId":12919802843,"osmUrl":"https://www.openstreetmap.org/node/12919802843"}}},{"type":"Feature","geometry":{"type":"Point","coordinates":[-93.4153451,44.924643]},"properties":{"id":"alpr-osm-12919802844","layer":"alpr","name":"ALPR camera","county":"Hennepin County","state":"MN","countyFips":"27053","confidence":"probabilistic","sourceDate":null,"attributes":{"operator":null,"operatorType":"Not recorded","manufacturer":"Genetec","cameraType":"fixed","direction":"155","zone":null,"surveillance":null,"osmId":12919802844,"osmUrl":"https://www.openstreetmap.org/node/12919802844"}}},{"type":"Feature","geometry":{"type":"Point","coordinates":[-93.4273174,44.920709]},"properties":{"id":"alpr-osm-12919816397","layer":"alpr","name":"ALPR camera","county":"Hennepin County","state":"MN","countyFips":"27053","confidence":"probabilistic","sourceDate":null,"attributes":{"operator":null,"operatorType":"Not recorded","manufacturer":"Motorola Solutions","cameraType":"fixed","direction":"45","zone":null,"surveillance":null,"osmId":12919816397,"osmUrl":"https://www.openstreetmap.org/node/12919816397"}}},{"type":"Feature","geometry":{"type":"Point","coordinates":[-93.4272926,44.9208846]},"properties":{"id":"alpr-osm-12919816398","layer":"alpr","name":"ALPR camera","county":"Hennepin County","state":"MN","countyFips":"27053","confidence":"probabilistic","sourceDate":null,"attributes":{"operator":null,"operatorType":"Not recorded","manufacturer":"Motorola Solutions","cameraType":"fixed","direction":"90","zone":null,"surveillance":null,"osmId":12919816398,"osmUrl":"https://www.openstreetmap.org/node/12919816398"}}},{"type":"Feature","geometry":{"type":"Point","coordinates":[-93.4269412,44.9207588]},"properties":{"id":"alpr-osm-12919816399","layer":"alpr","name":"ALPR camera","county":"Hennepin County","state":"MN","countyFips":"27053","confidence":"probabilistic","sourceDate":null,"attributes":{"operator":null,"operatorType":"Not recorded","manufacturer":"Motorola Solutions","cameraType":"fixed","direction":"270","zone":null,"surveillance":null,"osmId":12919816399,"osmUrl":"https://www.openstreetmap.org/node/12919816399"}}},{"type":"Feature","geometry":{"type":"Point","coordinates":[-93.4270218,44.9209666]},"properties":{"id":"alpr-osm-12919816400","layer":"alpr","name":"ALPR camera","county":"Hennepin County","state":"MN","countyFips":"27053","confidence":"probabilistic","sourceDate":null,"attributes":{"operator":null,"operatorType":"Not recorded","manufacturer":"Motorola Solutions","cameraType":"fixed","direction":"180","zone":null,"surveillance":null,"osmId":12919816400,"osmUrl":"https://www.openstreetmap.org/node/12919816400"}}},{"type":"Feature","geometry":{"type":"Point","coordinates":[-93.4273174,44.920709]},"properties":{"id":"alpr-osm-12919823414","layer":"alpr","name":"ALPR camera","county":"Hennepin County","state":"MN","countyFips":"27053","confidence":"probabilistic","sourceDate":null,"attributes":{"operator":null,"operatorType":"Not recorded","manufacturer":"Motorola Solutions","cameraType":"fixed","direction":"45","zone":null,"surveillance":null,"osmId":12919823414,"osmUrl":"https://www.openstreetmap.org/node/12919823414"}}},{"type":"Feature","geometry":{"type":"Point","coordinates":[-93.4272926,44.9208846]},"properties":{"id":"alpr-osm-12919823415","layer":"alpr","name":"ALPR camera","county":"Hennepin County","state":"MN","countyFips":"27053","confidence":"probabilistic","sourceDate":null,"attributes":{"operator":null,"operatorType":"Not recorded","manufacturer":"Motorola Solutions","cameraType":"fixed","direction":"90","zone":null,"surveillance":null,"osmId":12919823415,"osmUrl":"https://www.openstreetmap.org/node/12919823415"}}},{"type":"Feature","geometry":{"type":"Point","coordinates":[-93.4269412,44.9207588]},"properties":{"id":"alpr-osm-12919823416","layer":"alpr","name":"ALPR camera","county":"Hennepin County","state":"MN","countyFips":"27053","confidence":"probabilistic","sourceDate":null,"attributes":{"operator":null,"operatorType":"Not recorded","manufacturer":"Motorola Solutions","cameraType":"fixed","direction":"270","zone":null,"surveillance":null,"osmId":12919823416,"osmUrl":"https://www.openstreetmap.org/node/12919823416"}}},{"type":"Feature","geometry":{"type":"Point","coordinates":[-93.4270218,44.9209666]},"properties":{"id":"alpr-osm-12919823417","layer":"alpr","name":"ALPR camera","county":"Hennepin County","state":"MN","countyFips":"27053","confidence":"probabilistic","sourceDate":null,"attributes":{"operator":null,"operatorType":"Not recorded","manufacturer":"Motorola Solutions","cameraType":"fixed","direction":"180","zone":null,"surveillance":null,"osmId":12919823417,"osmUrl":"https://www.openstreetmap.org/node/12919823417"}}},{"type":"Feature","geometry":{"type":"Point","coordinates":[-93.4271892,44.9206607]},"properties":{"id":"alpr-osm-12919823418","layer":"alpr","name":"ALPR camera","county":"Hennepin County","state":"MN","countyFips":"27053","confidence":"probabilistic","sourceDate":null,"attributes":{"operator":null,"operatorType":"Not recorded","manufacturer":"Motorola Solutions","cameraType":"fixed","direction":"0","zone":null,"surveillance":null,"osmId":12919823418,"osmUrl":"https://www.openstreetmap.org/node/12919823418"}}},{"type":"Feature","geometry":{"type":"Point","coordinates":[-93.4271892,44.9206607]},"properties":{"id":"alpr-osm-12919831201","layer":"alpr","name":"ALPR camera","county":"Hennepin County","state":"MN","countyFips":"27053","confidence":"probabilistic","sourceDate":null,"attributes":{"operator":null,"operatorType":"Not recorded","manufacturer":"Motorola Solutions","cameraType":"fixed","direction":"0","zone":null,"surveillance":null,"osmId":12919831201,"osmUrl":"https://www.openstreetmap.org/node/12919831201"}}},{"type":"Feature","geometry":{"type":"Point","coordinates":[-93.4141223,44.9066417]},"properties":{"id":"alpr-osm-12919849784","layer":"alpr","name":"ALPR camera","county":"Hennepin County","state":"MN","countyFips":"27053","confidence":"probabilistic","sourceDate":null,"attributes":{"operator":null,"operatorType":"Not recorded","manufacturer":"Genetec","cameraType":"fixed","direction":"330","zone":null,"surveillance":null,"osmId":12919849784,"osmUrl":"https://www.openstreetmap.org/node/12919849784"}}},{"type":"Feature","geometry":{"type":"Point","coordinates":[-93.4068331,44.9244934]},"properties":{"id":"alpr-osm-12919925627","layer":"alpr","name":"ALPR camera","county":"Hennepin County","state":"MN","countyFips":"27053","confidence":"probabilistic","sourceDate":null,"attributes":{"operator":null,"operatorType":"Not recorded","manufacturer":"Genetec","cameraType":"fixed","direction":"240","zone":null,"surveillance":null,"osmId":12919925627,"osmUrl":"https://www.openstreetmap.org/node/12919925627"}}},{"type":"Feature","geometry":{"type":"Point","coordinates":[-93.4216992,44.9221705]},"properties":{"id":"alpr-osm-12919938803","layer":"alpr","name":"ALPR camera","county":"Hennepin County","state":"MN","countyFips":"27053","confidence":"probabilistic","sourceDate":null,"attributes":{"operator":null,"operatorType":"Not recorded","manufacturer":"Genetec","cameraType":"fixed","direction":"330","zone":null,"surveillance":null,"osmId":12919938803,"osmUrl":"https://www.openstreetmap.org/node/12919938803"}}},{"type":"Feature","geometry":{"type":"Point","coordinates":[-96.7678819,46.8563944]},"properties":{"id":"alpr-osm-12922407282","layer":"alpr","name":"ALPR camera","county":"Clay County","state":"MN","countyFips":"27027","confidence":"probabilistic","sourceDate":null,"attributes":{"operator":null,"operatorType":"Not recorded","manufacturer":"Flock Safety","cameraType":"fixed","direction":"335","zone":"traffic","surveillance":"camera","osmId":12922407282,"osmUrl":"https://www.openstreetmap.org/node/12922407282"}}},{"type":"Feature","geometry":{"type":"Point","coordinates":[-93.4521343,44.9338214]},"properties":{"id":"alpr-osm-12943489205","layer":"alpr","name":"ALPR camera — Bet Shalom Congregation","county":"Hennepin County","state":"MN","countyFips":"27053","confidence":"probabilistic","sourceDate":null,"attributes":{"operator":"Bet Shalom Congregation","operatorType":"Other or unclassified","manufacturer":"Flock Safety","cameraType":"fixed","direction":"215","zone":null,"surveillance":"camera","osmId":12943489205,"osmUrl":"https://www.openstreetmap.org/node/12943489205"}}},{"type":"Feature","geometry":{"type":"Point","coordinates":[-93.1067959,45.0798804]},"properties":{"id":"alpr-osm-12957892308","layer":"alpr","name":"ALPR camera","county":"Ramsey County","state":"MN","countyFips":"27123","confidence":"probabilistic","sourceDate":null,"attributes":{"operator":null,"operatorType":"Not recorded","manufacturer":"Flock Safety","cameraType":"fixed","direction":"160","zone":null,"surveillance":null,"osmId":12957892308,"osmUrl":"https://www.openstreetmap.org/node/12957892308"}}},{"type":"Feature","geometry":{"type":"Point","coordinates":[-93.1063895,45.0794624]},"properties":{"id":"alpr-osm-12957892309","layer":"alpr","name":"ALPR camera","county":"Ramsey County","state":"MN","countyFips":"27123","confidence":"probabilistic","sourceDate":null,"attributes":{"operator":null,"operatorType":"Not recorded","manufacturer":"Flock Safety","cameraType":"fixed","direction":"350","zone":null,"surveillance":null,"osmId":12957892309,"osmUrl":"https://www.openstreetmap.org/node/12957892309"}}},{"type":"Feature","geometry":{"type":"Point","coordinates":[-93.0578352,45.1189972]},"properties":{"id":"alpr-osm-12957892310","layer":"alpr","name":"ALPR camera","county":"Ramsey County","state":"MN","countyFips":"27123","confidence":"probabilistic","sourceDate":null,"attributes":{"operator":null,"operatorType":"Not recorded","manufacturer":"Flock Safety","cameraType":"fixed","direction":"200","zone":null,"surveillance":null,"osmId":12957892310,"osmUrl":"https://www.openstreetmap.org/node/12957892310"}}},{"type":"Feature","geometry":{"type":"Point","coordinates":[-93.0595494,45.0867263]},"properties":{"id":"alpr-osm-12957892311","layer":"alpr","name":"ALPR camera","county":"Ramsey County","state":"MN","countyFips":"27123","confidence":"probabilistic","sourceDate":null,"attributes":{"operator":null,"operatorType":"Not recorded","manufacturer":"Flock Safety","cameraType":"fixed","direction":null,"zone":"traffic","surveillance":"outdoor","osmId":12957892311,"osmUrl":"https://www.openstreetmap.org/node/12957892311"}}},{"type":"Feature","geometry":{"type":"Point","coordinates":[-93.0595279,45.0867149]},"properties":{"id":"alpr-osm-12957892314","layer":"alpr","name":"ALPR camera","county":"Ramsey County","state":"MN","countyFips":"27123","confidence":"probabilistic","sourceDate":null,"attributes":{"operator":null,"operatorType":"Not recorded","manufacturer":"Flock Safety","cameraType":"fixed","direction":null,"zone":"traffic","surveillance":"outdoor","osmId":12957892314,"osmUrl":"https://www.openstreetmap.org/node/12957892314"}}},{"type":"Feature","geometry":{"type":"Point","coordinates":[-93.4227555,45.2017644]},"properties":{"id":"alpr-osm-12957892315","layer":"alpr","name":"ALPR camera","county":"Hennepin County","state":"MN","countyFips":"27053","confidence":"probabilistic","sourceDate":null,"attributes":{"operator":null,"operatorType":"Not recorded","manufacturer":"Flock Safety","cameraType":"fixed","direction":"280","zone":null,"surveillance":null,"osmId":12957892315,"osmUrl":"https://www.openstreetmap.org/node/12957892315"}}},{"type":"Feature","geometry":{"type":"Point","coordinates":[-93.3901856,44.9900446]},"properties":{"id":"alpr-osm-12960238530","layer":"alpr","name":"ALPR camera","county":"Hennepin County","state":"MN","countyFips":"27053","confidence":"probabilistic","sourceDate":null,"attributes":{"operator":null,"operatorType":"Not recorded","manufacturer":"Flock Safety","cameraType":"fixed","direction":"60","zone":null,"surveillance":null,"osmId":12960238530,"osmUrl":"https://www.openstreetmap.org/node/12960238530"}}},{"type":"Feature","geometry":{"type":"Point","coordinates":[-93.3901848,44.989786]},"properties":{"id":"alpr-osm-12960238531","layer":"alpr","name":"ALPR camera","county":"Hennepin County","state":"MN","countyFips":"27053","confidence":"probabilistic","sourceDate":null,"attributes":{"operator":null,"operatorType":"Not recorded","manufacturer":"Flock Safety","cameraType":"fixed","direction":"65","zone":null,"surveillance":null,"osmId":12960238531,"osmUrl":"https://www.openstreetmap.org/node/12960238531"}}},{"type":"Feature","geometry":{"type":"Point","coordinates":[-93.389845,44.9900782]},"properties":{"id":"alpr-osm-12960238532","layer":"alpr","name":"ALPR camera","county":"Hennepin County","state":"MN","countyFips":"27053","confidence":"probabilistic","sourceDate":null,"attributes":{"operator":null,"operatorType":"Not recorded","manufacturer":"Flock Safety","cameraType":"fixed","direction":"270","zone":null,"surveillance":null,"osmId":12960238532,"osmUrl":"https://www.openstreetmap.org/node/12960238532"}}},{"type":"Feature","geometry":{"type":"Point","coordinates":[-93.3898386,44.9898402]},"properties":{"id":"alpr-osm-12960238533","layer":"alpr","name":"ALPR camera","county":"Hennepin County","state":"MN","countyFips":"27053","confidence":"probabilistic","sourceDate":null,"attributes":{"operator":null,"operatorType":"Not recorded","manufacturer":"Flock Safety","cameraType":"fixed","direction":"270","zone":null,"surveillance":null,"osmId":12960238533,"osmUrl":"https://www.openstreetmap.org/node/12960238533"}}},{"type":"Feature","geometry":{"type":"Point","coordinates":[-93.3873776,44.9894253]},"properties":{"id":"alpr-osm-12960238534","layer":"alpr","name":"ALPR camera","county":"Hennepin County","state":"MN","countyFips":"27053","confidence":"probabilistic","sourceDate":null,"attributes":{"operator":null,"operatorType":"Not recorded","manufacturer":"Flock Safety","cameraType":"fixed","direction":"195","zone":null,"surveillance":null,"osmId":12960238534,"osmUrl":"https://www.openstreetmap.org/node/12960238534"}}},{"type":"Feature","geometry":{"type":"Point","coordinates":[-92.8049832,45.0541795]},"properties":{"id":"alpr-osm-12965123990","layer":"alpr","name":"ALPR camera","county":"Washington County","state":"MN","countyFips":"27163","confidence":"probabilistic","sourceDate":null,"attributes":{"operator":null,"operatorType":"Not recorded","manufacturer":"Motorola Solutions","cameraType":"fixed","direction":"280","zone":null,"surveillance":null,"osmId":12965123990,"osmUrl":"https://www.openstreetmap.org/node/12965123990"}}},{"type":"Feature","geometry":{"type":"Point","coordinates":[-93.7027929,44.8909852]},"properties":{"id":"alpr-osm-12965172670","layer":"alpr","name":"ALPR camera","county":"Carver County","state":"MN","countyFips":"27019","confidence":"probabilistic","sourceDate":null,"attributes":{"operator":null,"operatorType":"Not recorded","manufacturer":"Flock Safety","cameraType":"fixed","direction":"250","zone":null,"surveillance":null,"osmId":12965172670,"osmUrl":"https://www.openstreetmap.org/node/12965172670"}}},{"type":"Feature","geometry":{"type":"Point","coordinates":[-93.7066301,44.8910522]},"properties":{"id":"alpr-osm-12965172671","layer":"alpr","name":"ALPR camera","county":"Hennepin County","state":"MN","countyFips":"27053","confidence":"probabilistic","sourceDate":null,"attributes":{"operator":null,"operatorType":"Not recorded","manufacturer":"Flock Safety","cameraType":"fixed","direction":"70","zone":null,"surveillance":null,"osmId":12965172671,"osmUrl":"https://www.openstreetmap.org/node/12965172671"}}},{"type":"Feature","geometry":{"type":"Point","coordinates":[-93.5365365,44.8580457]},"properties":{"id":"alpr-osm-12965226545","layer":"alpr","name":"ALPR camera","county":"Carver County","state":"MN","countyFips":"27019","confidence":"probabilistic","sourceDate":null,"attributes":{"operator":null,"operatorType":"Not recorded","manufacturer":"Motorola Solutions","cameraType":"fixed","direction":"45","zone":null,"surveillance":null,"osmId":12965226545,"osmUrl":"https://www.openstreetmap.org/node/12965226545"}}},{"type":"Feature","geometry":{"type":"Point","coordinates":[-93.2086962,45.1046874]},"properties":{"id":"alpr-osm-12977994343","layer":"alpr","name":"ALPR camera","county":"Ramsey County","state":"MN","countyFips":"27123","confidence":"probabilistic","sourceDate":null,"attributes":{"operator":null,"operatorType":"Not recorded","manufacturer":"Flock Safety","cameraType":"fixed","direction":"80","zone":null,"surveillance":null,"osmId":12977994343,"osmUrl":"https://www.openstreetmap.org/node/12977994343"}}},{"type":"Feature","geometry":{"type":"Point","coordinates":[-93.3582153,45.2075946]},"properties":{"id":"alpr-osm-12996485494","layer":"alpr","name":"ALPR camera","county":"Anoka County","state":"MN","countyFips":"27003","confidence":"probabilistic","sourceDate":null,"attributes":{"operator":null,"operatorType":"Not recorded","manufacturer":"Flock Safety","cameraType":null,"direction":"247","zone":"traffic","surveillance":"public","osmId":12996485494,"osmUrl":"https://www.openstreetmap.org/node/12996485494"}}},{"type":"Feature","geometry":{"type":"Point","coordinates":[-93.1931371,45.0947218]},"properties":{"id":"alpr-osm-12996563969","layer":"alpr","name":"ALPR camera","county":"Ramsey County","state":"MN","countyFips":"27123","confidence":"probabilistic","sourceDate":null,"attributes":{"operator":null,"operatorType":"Not recorded","manufacturer":"Flock Safety","cameraType":null,"direction":"100","zone":"public","surveillance":"traffic","osmId":12996563969,"osmUrl":"https://www.openstreetmap.org/node/12996563969"}}},{"type":"Feature","geometry":{"type":"Point","coordinates":[-93.2562241,45.1273741]},"properties":{"id":"alpr-osm-13006584562","layer":"alpr","name":"ALPR camera","county":"Anoka County","state":"MN","countyFips":"27003","confidence":"probabilistic","sourceDate":null,"attributes":{"operator":null,"operatorType":"Not recorded","manufacturer":"Flock Safety","cameraType":"fixed","direction":"160","zone":"public","surveillance":null,"osmId":13006584562,"osmUrl":"https://www.openstreetmap.org/node/13006584562"}}},{"type":"Feature","geometry":{"type":"Point","coordinates":[-93.231437,45.3195355]},"properties":{"id":"alpr-osm-13006584563","layer":"alpr","name":"ALPR camera","county":"Anoka County","state":"MN","countyFips":"27003","confidence":"probabilistic","sourceDate":null,"attributes":{"operator":null,"operatorType":"Not recorded","manufacturer":"Flock Safety","cameraType":"fixed","direction":"70","zone":"public","surveillance":null,"osmId":13006584563,"osmUrl":"https://www.openstreetmap.org/node/13006584563"}}},{"type":"Feature","geometry":{"type":"Point","coordinates":[-93.5220645,45.3217551]},"properties":{"id":"alpr-osm-13006584564","layer":"alpr","name":"ALPR camera — Elk River Police Department","county":"Sherburne County","state":"MN","countyFips":"27141","confidence":"probabilistic","sourceDate":null,"attributes":{"operator":"Elk River Police Department","operatorType":"Police department","manufacturer":"Flock Safety","cameraType":"fixed","direction":"190","zone":"public","surveillance":null,"osmId":13006584564,"osmUrl":"https://www.openstreetmap.org/node/13006584564"}}},{"type":"Feature","geometry":{"type":"Point","coordinates":[-93.2150878,45.1244198]},"properties":{"id":"alpr-osm-13006622915","layer":"alpr","name":"ALPR camera","county":"Ramsey County","state":"MN","countyFips":"27123","confidence":"probabilistic","sourceDate":null,"attributes":{"operator":null,"operatorType":"Not recorded","manufacturer":"Flock Safety","cameraType":"fixed","direction":"70","zone":"public","surveillance":null,"osmId":13006622915,"osmUrl":"https://www.openstreetmap.org/node/13006622915"}}},{"type":"Feature","geometry":{"type":"Point","coordinates":[-93.5561585,45.3033014]},"properties":{"id":"alpr-osm-13011048696","layer":"alpr","name":"ALPR camera","county":"Sherburne County","state":"MN","countyFips":"27141","confidence":"probabilistic","sourceDate":null,"attributes":{"operator":null,"operatorType":"Not recorded","manufacturer":"Flock Safety","cameraType":"fixed","direction":"240","zone":"public","surveillance":null,"osmId":13011048696,"osmUrl":"https://www.openstreetmap.org/node/13011048696"}}},{"type":"Feature","geometry":{"type":"Point","coordinates":[-93.1635686,45.158138]},"properties":{"id":"alpr-osm-13011057750","layer":"alpr","name":"ALPR camera","county":"Anoka County","state":"MN","countyFips":"27003","confidence":"probabilistic","sourceDate":null,"attributes":{"operator":null,"operatorType":"Not recorded","manufacturer":"Flock Safety","cameraType":"fixed","direction":"160","zone":"public","surveillance":null,"osmId":13011057750,"osmUrl":"https://www.openstreetmap.org/node/13011057750"}}},{"type":"Feature","geometry":{"type":"Point","coordinates":[-93.265581,45.1294868]},"properties":{"id":"alpr-osm-13011077745","layer":"alpr","name":"ALPR camera","county":"Anoka County","state":"MN","countyFips":"27003","confidence":"probabilistic","sourceDate":null,"attributes":{"operator":null,"operatorType":"Not recorded","manufacturer":"Flock Safety","cameraType":"fixed","direction":"130","zone":"public","surveillance":null,"osmId":13011077745,"osmUrl":"https://www.openstreetmap.org/node/13011077745"}}},{"type":"Feature","geometry":{"type":"Point","coordinates":[-93.5483539,45.2814977]},"properties":{"id":"alpr-osm-13013655663","layer":"alpr","name":"ALPR camera","county":"Sherburne County","state":"MN","countyFips":"27141","confidence":"probabilistic","sourceDate":null,"attributes":{"operator":null,"operatorType":"Not recorded","manufacturer":"Flock Safety","cameraType":"fixed","direction":"90","zone":null,"surveillance":null,"osmId":13013655663,"osmUrl":"https://www.openstreetmap.org/node/13013655663"}}},{"type":"Feature","geometry":{"type":"Point","coordinates":[-93.3335317,45.1960022]},"properties":{"id":"alpr-osm-13014208042","layer":"alpr","name":"ALPR camera","county":"Anoka County","state":"MN","countyFips":"27003","confidence":"probabilistic","sourceDate":null,"attributes":{"operator":null,"operatorType":"Not recorded","manufacturer":"Flock Safety","cameraType":"fixed","direction":"330","zone":"traffic","surveillance":"public","osmId":13014208042,"osmUrl":"https://www.openstreetmap.org/node/13014208042"}}},{"type":"Feature","geometry":{"type":"Point","coordinates":[-93.2039461,44.5437144]},"properties":{"id":"alpr-osm-13020075543","layer":"alpr","name":"ALPR camera — Dakota County Sheriff's Office","county":"Dakota County","state":"MN","countyFips":"27037","confidence":"probabilistic","sourceDate":null,"attributes":{"operator":"Dakota County Sheriff's Office","operatorType":"County sheriff","manufacturer":"Flock Safety","cameraType":"fixed","direction":"33-78","zone":"traffic","surveillance":"public","osmId":13020075543,"osmUrl":"https://www.openstreetmap.org/node/13020075543"}}},{"type":"Feature","geometry":{"type":"Point","coordinates":[-93.143926,44.48263]},"properties":{"id":"alpr-osm-13020082212","layer":"alpr","name":"ALPR camera — Dakota County Sheriff's Office","county":"Dakota County","state":"MN","countyFips":"27037","confidence":"probabilistic","sourceDate":null,"attributes":{"operator":"Dakota County Sheriff's Office","operatorType":"County sheriff","manufacturer":"Flock Safety","cameraType":"fixed","direction":"8-53","zone":"traffic","surveillance":"public","osmId":13020082212,"osmUrl":"https://www.openstreetmap.org/node/13020082212"}}},{"type":"Feature","geometry":{"type":"Point","coordinates":[-93.3962587,44.9344141]},"properties":{"id":"alpr-osm-13025806608","layer":"alpr","name":"ALPR camera","county":"Hennepin County","state":"MN","countyFips":"27053","confidence":"probabilistic","sourceDate":null,"attributes":{"operator":null,"operatorType":"Not recorded","manufacturer":"Motorola Solutions","cameraType":"fixed","direction":"220","zone":null,"surveillance":null,"osmId":13025806608,"osmUrl":"https://www.openstreetmap.org/node/13025806608"}}},{"type":"Feature","geometry":{"type":"Point","coordinates":[-93.2396303,45.3197019]},"properties":{"id":"alpr-osm-13037690036","layer":"alpr","name":"ALPR camera","county":"Anoka County","state":"MN","countyFips":"27003","confidence":"probabilistic","sourceDate":null,"attributes":{"operator":null,"operatorType":"Not recorded","manufacturer":"Flock Safety","cameraType":"fixed","direction":"270","zone":"traffic","surveillance":"public","osmId":13037690036,"osmUrl":"https://www.openstreetmap.org/node/13037690036"}}},{"type":"Feature","geometry":{"type":"Point","coordinates":[-93.4128726,44.778441]},"properties":{"id":"alpr-osm-13046336807","layer":"alpr","name":"ALPR camera","county":"Scott County","state":"MN","countyFips":"27139","confidence":"probabilistic","sourceDate":null,"attributes":{"operator":null,"operatorType":"Not recorded","manufacturer":"Flock Safety","cameraType":"fixed","direction":"145","zone":"traffic","surveillance":"public","osmId":13046336807,"osmUrl":"https://www.openstreetmap.org/node/13046336807"}}},{"type":"Feature","geometry":{"type":"Point","coordinates":[-93.5232479,45.0872222]},"properties":{"id":"alpr-osm-13071136163","layer":"alpr","name":"ALPR camera","county":"Hennepin County","state":"MN","countyFips":"27053","confidence":"probabilistic","sourceDate":null,"attributes":{"operator":null,"operatorType":"Not recorded","manufacturer":"Flock Safety","cameraType":null,"direction":"250","zone":null,"surveillance":null,"osmId":13071136163,"osmUrl":"https://www.openstreetmap.org/node/13071136163"}}},{"type":"Feature","geometry":{"type":"Point","coordinates":[-95.9173397,46.99175]},"properties":{"id":"alpr-osm-13071238159","layer":"alpr","name":"ALPR camera","county":"Becker County","state":"MN","countyFips":"27005","confidence":"probabilistic","sourceDate":null,"attributes":{"operator":null,"operatorType":"Not recorded","manufacturer":"Flock Safety","cameraType":"fixed","direction":"90","zone":null,"surveillance":null,"osmId":13071238159,"osmUrl":"https://www.openstreetmap.org/node/13071238159"}}},{"type":"Feature","geometry":{"type":"Point","coordinates":[-93.2187783,45.1005516]},"properties":{"id":"alpr-osm-13085261362","layer":"alpr","name":"ALPR camera","county":"Ramsey County","state":"MN","countyFips":"27123","confidence":"probabilistic","sourceDate":null,"attributes":{"operator":null,"operatorType":"Not recorded","manufacturer":null,"cameraType":null,"direction":"45","zone":"traffic","surveillance":"traffic","osmId":13085261362,"osmUrl":"https://www.openstreetmap.org/node/13085261362"}}},{"type":"Feature","geometry":{"type":"Point","coordinates":[-93.2188462,45.1077499]},"properties":{"id":"alpr-osm-13085261363","layer":"alpr","name":"ALPR camera","county":"Ramsey County","state":"MN","countyFips":"27123","confidence":"probabilistic","sourceDate":null,"attributes":{"operator":null,"operatorType":"Not recorded","manufacturer":null,"cameraType":null,"direction":"50","zone":"traffic","surveillance":"traffic","osmId":13085261363,"osmUrl":"https://www.openstreetmap.org/node/13085261363"}}},{"type":"Feature","geometry":{"type":"Point","coordinates":[-93.5533223,45.3030519]},"properties":{"id":"alpr-osm-13088584126","layer":"alpr","name":"ALPR camera — Elk River Police Department","county":"Sherburne County","state":"MN","countyFips":"27141","confidence":"probabilistic","sourceDate":null,"attributes":{"operator":"Elk River Police Department","operatorType":"Police department","manufacturer":"Flock Safety","cameraType":"fixed","direction":"60","zone":"public","surveillance":null,"osmId":13088584126,"osmUrl":"https://www.openstreetmap.org/node/13088584126"}}},{"type":"Feature","geometry":{"type":"Point","coordinates":[-93.1551791,44.9541846]},"properties":{"id":"alpr-osm-13101273865","layer":"alpr","name":"ALPR camera","county":"Ramsey County","state":"MN","countyFips":"27123","confidence":"probabilistic","sourceDate":null,"attributes":{"operator":null,"operatorType":"Not recorded","manufacturer":"Unknown","cameraType":"fixed","direction":null,"zone":null,"surveillance":null,"osmId":13101273865,"osmUrl":"https://www.openstreetmap.org/node/13101273865"}}},{"type":"Feature","geometry":{"type":"Point","coordinates":[-93.6026331,45.3088071]},"properties":{"id":"alpr-osm-13104746980","layer":"alpr","name":"ALPR camera — Elk River Police Department","county":"Sherburne County","state":"MN","countyFips":"27141","confidence":"probabilistic","sourceDate":null,"attributes":{"operator":"Elk River Police Department","operatorType":"Police department","manufacturer":"Flock Safety","cameraType":"fixed","direction":"320","zone":null,"surveillance":"traffic","osmId":13104746980,"osmUrl":"https://www.openstreetmap.org/node/13104746980"}}},{"type":"Feature","geometry":{"type":"Point","coordinates":[-93.6089697,45.3062212]},"properties":{"id":"alpr-osm-13104746981","layer":"alpr","name":"ALPR camera — Elk River Police Department","county":"Sherburne County","state":"MN","countyFips":"27141","confidence":"probabilistic","sourceDate":null,"attributes":{"operator":"Elk River Police Department","operatorType":"Police department","manufacturer":"Flock Safety","cameraType":"fixed","direction":"140","zone":null,"surveillance":"traffic","osmId":13104746981,"osmUrl":"https://www.openstreetmap.org/node/13104746981"}}},{"type":"Feature","geometry":{"type":"Point","coordinates":[-93.6023653,45.3074032]},"properties":{"id":"alpr-osm-13104746982","layer":"alpr","name":"ALPR camera — Elk River Police Department","county":"Sherburne County","state":"MN","countyFips":"27141","confidence":"probabilistic","sourceDate":null,"attributes":{"operator":"Elk River Police Department","operatorType":"Police department","manufacturer":"Flock Safety","cameraType":"fixed","direction":"100","zone":"police","surveillance":"traffic","osmId":13104746982,"osmUrl":"https://www.openstreetmap.org/node/13104746982"}}},{"type":"Feature","geometry":{"type":"Point","coordinates":[-93.2124447,45.16768]},"properties":{"id":"alpr-osm-13115329799","layer":"alpr","name":"ALPR camera — Blaine PD","county":"Anoka County","state":"MN","countyFips":"27003","confidence":"probabilistic","sourceDate":null,"attributes":{"operator":"Blaine PD","operatorType":"Police department","manufacturer":"Flock Safety","cameraType":"fixed","direction":"180","zone":null,"surveillance":null,"osmId":13115329799,"osmUrl":"https://www.openstreetmap.org/node/13115329799"}}},{"type":"Feature","geometry":{"type":"Point","coordinates":[-93.1474847,45.1574175]},"properties":{"id":"alpr-osm-13115347970","layer":"alpr","name":"ALPR camera","county":"Anoka County","state":"MN","countyFips":"27003","confidence":"probabilistic","sourceDate":null,"attributes":{"operator":null,"operatorType":"Not recorded","manufacturer":"Flock Safety","cameraType":"fixed","direction":"200","zone":null,"surveillance":null,"osmId":13115347970,"osmUrl":"https://www.openstreetmap.org/node/13115347970"}}},{"type":"Feature","geometry":{"type":"Point","coordinates":[-93.1888073,45.1426948]},"properties":{"id":"alpr-osm-13115364042","layer":"alpr","name":"ALPR camera — Blaine PD","county":"Anoka County","state":"MN","countyFips":"27003","confidence":"probabilistic","sourceDate":null,"attributes":{"operator":"Blaine PD","operatorType":"Police department","manufacturer":"Flock Safety","cameraType":"fixed","direction":"240","zone":"traffic","surveillance":null,"osmId":13115364042,"osmUrl":"https://www.openstreetmap.org/node/13115364042"}}},{"type":"Feature","geometry":{"type":"Point","coordinates":[-93.2349262,45.1404592]},"properties":{"id":"alpr-osm-13115549970","layer":"alpr","name":"ALPR camera — Blaine PD","county":"Anoka County","state":"MN","countyFips":"27003","confidence":"probabilistic","sourceDate":null,"attributes":{"operator":"Blaine PD","operatorType":"Police department","manufacturer":"Flock Safety","cameraType":"fixed","direction":"340","zone":"traffic","surveillance":"traffic","osmId":13115549970,"osmUrl":"https://www.openstreetmap.org/node/13115549970"}}},{"type":"Feature","geometry":{"type":"Point","coordinates":[-95.0223394,45.1191683]},"properties":{"id":"alpr-osm-13116870108","layer":"alpr","name":"ALPR camera — City of Willmar - Police","county":"Kandiyohi County","state":"MN","countyFips":"27067","confidence":"probabilistic","sourceDate":null,"attributes":{"operator":"City of Willmar - Police","operatorType":"Police department","manufacturer":"Flock Safety","cameraType":"fixed","direction":"150","zone":null,"surveillance":null,"osmId":13116870108,"osmUrl":"https://www.openstreetmap.org/node/13116870108"}}},{"type":"Feature","geometry":{"type":"Point","coordinates":[-95.0207837,45.1425074]},"properties":{"id":"alpr-osm-13116870109","layer":"alpr","name":"ALPR camera — City of Willmar - Police","county":"Kandiyohi County","state":"MN","countyFips":"27067","confidence":"probabilistic","sourceDate":null,"attributes":{"operator":"City of Willmar - Police","operatorType":"Police department","manufacturer":"Flock Safety","cameraType":"fixed","direction":"160","zone":null,"surveillance":null,"osmId":13116870109,"osmUrl":"https://www.openstreetmap.org/node/13116870109"}}},{"type":"Feature","geometry":{"type":"Point","coordinates":[-92.9859738,45.2876139]},"properties":{"id":"alpr-osm-13116930562","layer":"alpr","name":"ALPR camera","county":"Washington County","state":"MN","countyFips":"27163","confidence":"probabilistic","sourceDate":null,"attributes":{"operator":null,"operatorType":"Not recorded","manufacturer":"Flock Safety","cameraType":"fixed","direction":"175","zone":null,"surveillance":null,"osmId":13116930562,"osmUrl":"https://www.openstreetmap.org/node/13116930562"}}},{"type":"Feature","geometry":{"type":"Point","coordinates":[-93.5176308,45.3000273]},"properties":{"id":"alpr-osm-13118370357","layer":"alpr","name":"ALPR camera — Elk River Police Department","county":"Sherburne County","state":"MN","countyFips":"27141","confidence":"probabilistic","sourceDate":null,"attributes":{"operator":"Elk River Police Department","operatorType":"Police department","manufacturer":"Flock Safety","cameraType":"fixed","direction":"230","zone":null,"surveillance":null,"osmId":13118370357,"osmUrl":"https://www.openstreetmap.org/node/13118370357"}}},{"type":"Feature","geometry":{"type":"Point","coordinates":[-93.6020756,45.3586359]},"properties":{"id":"alpr-osm-13118370358","layer":"alpr","name":"ALPR camera — Elk River Police Department","county":"Sherburne County","state":"MN","countyFips":"27141","confidence":"probabilistic","sourceDate":null,"attributes":{"operator":"Elk River Police Department","operatorType":"Police department","manufacturer":"Flock Safety","cameraType":"fixed","direction":"5","zone":null,"surveillance":null,"osmId":13118370358,"osmUrl":"https://www.openstreetmap.org/node/13118370358"}}},{"type":"Feature","geometry":{"type":"Point","coordinates":[-95.0436692,45.1221257]},"properties":{"id":"alpr-osm-13119598416","layer":"alpr","name":"ALPR camera — City of Willmar - Police","county":"Kandiyohi County","state":"MN","countyFips":"27067","confidence":"probabilistic","sourceDate":null,"attributes":{"operator":"City of Willmar - Police","operatorType":"Police department","manufacturer":"Flock Safety","cameraType":"fixed","direction":"300","zone":null,"surveillance":null,"osmId":13119598416,"osmUrl":"https://www.openstreetmap.org/node/13119598416"}}},{"type":"Feature","geometry":{"type":"Point","coordinates":[-95.0837504,45.1271332]},"properties":{"id":"alpr-osm-13119598417","layer":"alpr","name":"ALPR camera — City of Willmar - Police","county":"Kandiyohi County","state":"MN","countyFips":"27067","confidence":"probabilistic","sourceDate":null,"attributes":{"operator":"City of Willmar - Police","operatorType":"Police department","manufacturer":"Flock Safety","cameraType":"fixed","direction":"150","zone":null,"surveillance":null,"osmId":13119598417,"osmUrl":"https://www.openstreetmap.org/node/13119598417"}}},{"type":"Feature","geometry":{"type":"Point","coordinates":[-95.0424293,45.0947149]},"properties":{"id":"alpr-osm-13119598418","layer":"alpr","name":"ALPR camera — City of Willmar - Police","county":"Kandiyohi County","state":"MN","countyFips":"27067","confidence":"probabilistic","sourceDate":null,"attributes":{"operator":"City of Willmar - Police","operatorType":"Police department","manufacturer":"Flock Safety","cameraType":"fixed","direction":"330","zone":null,"surveillance":null,"osmId":13119598418,"osmUrl":"https://www.openstreetmap.org/node/13119598418"}}},{"type":"Feature","geometry":{"type":"Point","coordinates":[-95.0429349,45.1104541]},"properties":{"id":"alpr-osm-13119598419","layer":"alpr","name":"ALPR camera — City of Willmar - Police","county":"Kandiyohi County","state":"MN","countyFips":"27067","confidence":"probabilistic","sourceDate":null,"attributes":{"operator":"City of Willmar - Police","operatorType":"Police department","manufacturer":"Flock Safety","cameraType":"dome","direction":null,"zone":null,"surveillance":null,"osmId":13119598419,"osmUrl":"https://www.openstreetmap.org/node/13119598419"}}},{"type":"Feature","geometry":{"type":"Point","coordinates":[-95.0379958,45.1104421]},"properties":{"id":"alpr-osm-13119598420","layer":"alpr","name":"ALPR camera — City of Willmar - Police","county":"Kandiyohi County","state":"MN","countyFips":"27067","confidence":"probabilistic","sourceDate":null,"attributes":{"operator":"City of Willmar - Police","operatorType":"Police department","manufacturer":"Flock Safety","cameraType":"dome","direction":null,"zone":null,"surveillance":null,"osmId":13119598420,"osmUrl":"https://www.openstreetmap.org/node/13119598420"}}},{"type":"Feature","geometry":{"type":"Point","coordinates":[-93.5690353,44.8996497]},"properties":{"id":"alpr-osm-13120048842","layer":"alpr","name":"ALPR camera — South Lake Minnetonka Police Department","county":"Hennepin County","state":"MN","countyFips":"27053","confidence":"probabilistic","sourceDate":null,"attributes":{"operator":"South Lake Minnetonka Police Department","operatorType":"Police department","manufacturer":"Flock Safety","cameraType":"fixed","direction":"180","zone":"traffic","surveillance":null,"osmId":13120048842,"osmUrl":"https://www.openstreetmap.org/node/13120048842"}}},{"type":"Feature","geometry":{"type":"Point","coordinates":[-93.5892128,44.9008049]},"properties":{"id":"alpr-osm-13120128331","layer":"alpr","name":"ALPR camera — South Lake Minnetonka Police Department","county":"Hennepin County","state":"MN","countyFips":"27053","confidence":"probabilistic","sourceDate":null,"attributes":{"operator":"South Lake Minnetonka Police Department","operatorType":"Police department","manufacturer":"Flock Safety","cameraType":"fixed","direction":"190","zone":null,"surveillance":null,"osmId":13120128331,"osmUrl":"https://www.openstreetmap.org/node/13120128331"}}},{"type":"Feature","geometry":{"type":"Point","coordinates":[-93.2988429,44.3194145]},"properties":{"id":"alpr-osm-13125040564","layer":"alpr","name":"ALPR camera — Faribault Police Department","county":"Rice County","state":"MN","countyFips":"27131","confidence":"probabilistic","sourceDate":null,"attributes":{"operator":"Faribault Police Department","operatorType":"Police department","manufacturer":"Flock Safety","cameraType":"fixed","direction":"100","zone":"traffic","surveillance":"public","osmId":13125040564,"osmUrl":"https://www.openstreetmap.org/node/13125040564"}}},{"type":"Feature","geometry":{"type":"Point","coordinates":[-93.5926479,44.9267008]},"properties":{"id":"alpr-osm-13128356739","layer":"alpr","name":"ALPR camera — South Lake Minnetonka PD","county":"Hennepin County","state":"MN","countyFips":"27053","confidence":"probabilistic","sourceDate":null,"attributes":{"operator":"South Lake Minnetonka PD","operatorType":"Police department","manufacturer":"Flock Safety","cameraType":"fixed","direction":"120","zone":null,"surveillance":null,"osmId":13128356739,"osmUrl":"https://www.openstreetmap.org/node/13128356739"}}},{"type":"Feature","geometry":{"type":"Point","coordinates":[-93.5587254,44.9598694]},"properties":{"id":"alpr-osm-13128356740","layer":"alpr","name":"ALPR camera — Orono Police Department","county":"Hennepin County","state":"MN","countyFips":"27053","confidence":"probabilistic","sourceDate":null,"attributes":{"operator":"Orono Police Department","operatorType":"Police department","manufacturer":"Flock Safety","cameraType":"fixed","direction":"180","zone":null,"surveillance":null,"osmId":13128356740,"osmUrl":"https://www.openstreetmap.org/node/13128356740"}}},{"type":"Feature","geometry":{"type":"Point","coordinates":[-93.9563751,44.1747159]},"properties":{"id":"alpr-osm-13137599218","layer":"alpr","name":"ALPR camera","county":"Blue Earth County","state":"MN","countyFips":"27013","confidence":"probabilistic","sourceDate":null,"attributes":{"operator":null,"operatorType":"Not recorded","manufacturer":"Flock Safety","cameraType":"fixed","direction":"218","zone":"traffic","surveillance":"public","osmId":13137599218,"osmUrl":"https://www.openstreetmap.org/node/13137599218"}}},{"type":"Feature","geometry":{"type":"Point","coordinates":[-93.3066535,44.2926571]},"properties":{"id":"alpr-osm-13146060896","layer":"alpr","name":"ALPR camera — Faribault Police Department","county":"Rice County","state":"MN","countyFips":"27131","confidence":"probabilistic","sourceDate":null,"attributes":{"operator":"Faribault Police Department","operatorType":"Police department","manufacturer":"Flock Safety","cameraType":"fixed","direction":"30","zone":null,"surveillance":null,"osmId":13146060896,"osmUrl":"https://www.openstreetmap.org/node/13146060896"}}},{"type":"Feature","geometry":{"type":"Point","coordinates":[-93.2897093,44.2944303]},"properties":{"id":"alpr-osm-13146069851","layer":"alpr","name":"ALPR camera — Faribault Police Department","county":"Rice County","state":"MN","countyFips":"27131","confidence":"probabilistic","sourceDate":null,"attributes":{"operator":"Faribault Police Department","operatorType":"Police department","manufacturer":"Flock Safety","cameraType":"fixed","direction":"60","zone":null,"surveillance":null,"osmId":13146069851,"osmUrl":"https://www.openstreetmap.org/node/13146069851"}}},{"type":"Feature","geometry":{"type":"Point","coordinates":[-93.2958997,44.317731]},"properties":{"id":"alpr-osm-13146069852","layer":"alpr","name":"ALPR camera — Faribault Police Department","county":"Rice County","state":"MN","countyFips":"27131","confidence":"probabilistic","sourceDate":null,"attributes":{"operator":"Faribault Police Department","operatorType":"Police department","manufacturer":"Flock Safety","cameraType":"fixed","direction":"20","zone":null,"surveillance":null,"osmId":13146069852,"osmUrl":"https://www.openstreetmap.org/node/13146069852"}}},{"type":"Feature","geometry":{"type":"Point","coordinates":[-93.3568752,45.201081]},"properties":{"id":"alpr-osm-13146211557","layer":"alpr","name":"ALPR camera","county":"Anoka County","state":"MN","countyFips":"27003","confidence":"probabilistic","sourceDate":null,"attributes":{"operator":null,"operatorType":"Not recorded","manufacturer":null,"cameraType":"fixed","direction":"95","zone":"traffic","surveillance":"public","osmId":13146211557,"osmUrl":"https://www.openstreetmap.org/node/13146211557"}}},{"type":"Feature","geometry":{"type":"Point","coordinates":[-92.8962908,45.322501]},"properties":{"id":"alpr-osm-13146284168","layer":"alpr","name":"ALPR camera","county":"Chisago County","state":"MN","countyFips":"27025","confidence":"probabilistic","sourceDate":null,"attributes":{"operator":null,"operatorType":"Not recorded","manufacturer":"Flock Safety","cameraType":"fixed","direction":"5","zone":null,"surveillance":null,"osmId":13146284168,"osmUrl":"https://www.openstreetmap.org/node/13146284168"}}},{"type":"Feature","geometry":{"type":"Point","coordinates":[-93.2427433,44.2913585]},"properties":{"id":"alpr-osm-13148666942","layer":"alpr","name":"ALPR camera — Faribault Police Department","county":"Rice County","state":"MN","countyFips":"27131","confidence":"probabilistic","sourceDate":null,"attributes":{"operator":"Faribault Police Department","operatorType":"Police department","manufacturer":"Flock Safety","cameraType":"fixed","direction":"255","zone":"traffic","surveillance":"public","osmId":13148666942,"osmUrl":"https://www.openstreetmap.org/node/13148666942"}}},{"type":"Feature","geometry":{"type":"Point","coordinates":[-93.4200715,44.894397]},"properties":{"id":"alpr-osm-13157311460","layer":"alpr","name":"ALPR camera","county":"Hennepin County","state":"MN","countyFips":"27053","confidence":"probabilistic","sourceDate":null,"attributes":{"operator":null,"operatorType":"Not recorded","manufacturer":"Flock Safety","cameraType":"fixed","direction":"95","zone":null,"surveillance":null,"osmId":13157311460,"osmUrl":"https://www.openstreetmap.org/node/13157311460"}}},{"type":"Feature","geometry":{"type":"Point","coordinates":[-92.1084192,46.7968707]},"properties":{"id":"alpr-osm-13161498850","layer":"alpr","name":"ALPR camera","county":"St. Louis County","state":"MN","countyFips":"27137","confidence":"probabilistic","sourceDate":null,"attributes":{"operator":null,"operatorType":"Not recorded","manufacturer":"Flock Safety","cameraType":"fixed","direction":"285","zone":"traffic","surveillance":"public","osmId":13161498850,"osmUrl":"https://www.openstreetmap.org/node/13161498850"}}},{"type":"Feature","geometry":{"type":"Point","coordinates":[-93.4059442,45.0602228]},"properties":{"id":"alpr-osm-13163033529","layer":"alpr","name":"ALPR camera","county":"Hennepin County","state":"MN","countyFips":"27053","confidence":"probabilistic","sourceDate":null,"attributes":{"operator":null,"operatorType":"Not recorded","manufacturer":"Flock Safety","cameraType":"fixed","direction":"345","zone":null,"surveillance":null,"osmId":13163033529,"osmUrl":"https://www.openstreetmap.org/node/13163033529"}}},{"type":"Feature","geometry":{"type":"Point","coordinates":[-93.4072463,45.060563]},"properties":{"id":"alpr-osm-13163033530","layer":"alpr","name":"ALPR camera","county":"Hennepin County","state":"MN","countyFips":"27053","confidence":"probabilistic","sourceDate":null,"attributes":{"operator":null,"operatorType":"Not recorded","manufacturer":"Flock Safety","cameraType":"fixed","direction":"325","zone":null,"surveillance":null,"osmId":13163033530,"osmUrl":"https://www.openstreetmap.org/node/13163033530"}}},{"type":"Feature","geometry":{"type":"Point","coordinates":[-93.0629743,44.9014765]},"properties":{"id":"alpr-osm-13163366303","layer":"alpr","name":"ALPR camera","county":"Dakota County","state":"MN","countyFips":"27037","confidence":"probabilistic","sourceDate":null,"attributes":{"operator":null,"operatorType":"Not recorded","manufacturer":"Flock Safety","cameraType":"fixed","direction":"45","zone":null,"surveillance":null,"osmId":13163366303,"osmUrl":"https://www.openstreetmap.org/node/13163366303"}}},{"type":"Feature","geometry":{"type":"Point","coordinates":[-93.2375329,45.1828344]},"properties":{"id":"alpr-osm-13165248420","layer":"alpr","name":"ALPR camera","county":"Anoka County","state":"MN","countyFips":"27003","confidence":"probabilistic","sourceDate":null,"attributes":{"operator":null,"operatorType":"Not recorded","manufacturer":"Flock Safety","cameraType":"fixed","direction":"155","zone":null,"surveillance":null,"osmId":13165248420,"osmUrl":"https://www.openstreetmap.org/node/13165248420"}}},{"type":"Feature","geometry":{"type":"Point","coordinates":[-93.1268893,45.1032847]},"properties":{"id":"alpr-osm-13165309831","layer":"alpr","name":"ALPR camera","county":"Ramsey County","state":"MN","countyFips":"27123","confidence":"probabilistic","sourceDate":null,"attributes":{"operator":null,"operatorType":"Not recorded","manufacturer":"Flock Safety","cameraType":"fixed","direction":"255","zone":null,"surveillance":null,"osmId":13165309831,"osmUrl":"https://www.openstreetmap.org/node/13165309831"}}},{"type":"Feature","geometry":{"type":"Point","coordinates":[-93.1266681,45.1031711]},"properties":{"id":"alpr-osm-13165311254","layer":"alpr","name":"ALPR camera","county":"Ramsey County","state":"MN","countyFips":"27123","confidence":"probabilistic","sourceDate":null,"attributes":{"operator":null,"operatorType":"Not recorded","manufacturer":"Flock Safety","cameraType":"fixed","direction":"75","zone":null,"surveillance":null,"osmId":13165311254,"osmUrl":"https://www.openstreetmap.org/node/13165311254"}}},{"type":"Feature","geometry":{"type":"Point","coordinates":[-92.8352675,45.3596483]},"properties":{"id":"alpr-osm-13167927981","layer":"alpr","name":"ALPR camera","county":"Chisago County","state":"MN","countyFips":"27025","confidence":"probabilistic","sourceDate":null,"attributes":{"operator":null,"operatorType":"Not recorded","manufacturer":"Flock Safety","cameraType":"fixed","direction":"125","zone":null,"surveillance":null,"osmId":13167927981,"osmUrl":"https://www.openstreetmap.org/node/13167927981"}}},{"type":"Feature","geometry":{"type":"Point","coordinates":[-93.4395737,44.9701227]},"properties":{"id":"alpr-osm-13168541800","layer":"alpr","name":"ALPR camera","county":"Hennepin County","state":"MN","countyFips":"27053","confidence":"probabilistic","sourceDate":null,"attributes":{"operator":null,"operatorType":"Not recorded","manufacturer":"Flock Safety","cameraType":null,"direction":"80","zone":"entrance","surveillance":"traffic","osmId":13168541800,"osmUrl":"https://www.openstreetmap.org/node/13168541800"}}},{"type":"Feature","geometry":{"type":"Point","coordinates":[-93.4022611,45.0221323]},"properties":{"id":"alpr-osm-13168593268","layer":"alpr","name":"ALPR camera","county":"Hennepin County","state":"MN","countyFips":"27053","confidence":"probabilistic","sourceDate":null,"attributes":{"operator":null,"operatorType":"Not recorded","manufacturer":"Flock Safety","cameraType":"fixed","direction":"215","zone":"street","surveillance":"traffic","osmId":13168593268,"osmUrl":"https://www.openstreetmap.org/node/13168593268"}}},{"type":"Feature","geometry":{"type":"Point","coordinates":[-93.371059,45.0219943]},"properties":{"id":"alpr-osm-13168605389","layer":"alpr","name":"ALPR camera","county":"Hennepin County","state":"MN","countyFips":"27053","confidence":"probabilistic","sourceDate":null,"attributes":{"operator":null,"operatorType":"Not recorded","manufacturer":null,"cameraType":null,"direction":"245","zone":"street","surveillance":"license","osmId":13168605389,"osmUrl":"https://www.openstreetmap.org/node/13168605389"}}},{"type":"Feature","geometry":{"type":"Point","coordinates":[-93.5514039,45.2102348]},"properties":{"id":"alpr-osm-13173324187","layer":"alpr","name":"ALPR camera","county":"Hennepin County","state":"MN","countyFips":"27053","confidence":"probabilistic","sourceDate":null,"attributes":{"operator":null,"operatorType":"Not recorded","manufacturer":"Flock Safety","cameraType":"fixed","direction":"90","zone":null,"surveillance":"public","osmId":13173324187,"osmUrl":"https://www.openstreetmap.org/node/13173324187"}}},{"type":"Feature","geometry":{"type":"Point","coordinates":[-93.4898547,44.7273116]},"properties":{"id":"alpr-osm-13175395716","layer":"alpr","name":"ALPR camera","county":"Scott County","state":"MN","countyFips":"27139","confidence":"probabilistic","sourceDate":null,"attributes":{"operator":null,"operatorType":"Not recorded","manufacturer":"Flock Safety","cameraType":"fixed","direction":"50","zone":"traffic","surveillance":"public","osmId":13175395716,"osmUrl":"https://www.openstreetmap.org/node/13175395716"}}},{"type":"Feature","geometry":{"type":"Point","coordinates":[-93.3710048,45.0329613]},"properties":{"id":"alpr-osm-13175924401","layer":"alpr","name":"ALPR camera","county":"Hennepin County","state":"MN","countyFips":"27053","confidence":"probabilistic","sourceDate":null,"attributes":{"operator":null,"operatorType":"Not recorded","manufacturer":"Flock Safety","cameraType":"fixed","direction":"240","zone":null,"surveillance":null,"osmId":13175924401,"osmUrl":"https://www.openstreetmap.org/node/13175924401"}}},{"type":"Feature","geometry":{"type":"Point","coordinates":[-93.4164473,45.0331923]},"properties":{"id":"alpr-osm-13175924402","layer":"alpr","name":"ALPR camera","county":"Hennepin County","state":"MN","countyFips":"27053","confidence":"probabilistic","sourceDate":null,"attributes":{"operator":null,"operatorType":"Not recorded","manufacturer":"Flock Safety","cameraType":"fixed","direction":"230","zone":null,"surveillance":null,"osmId":13175924402,"osmUrl":"https://www.openstreetmap.org/node/13175924402"}}},{"type":"Feature","geometry":{"type":"Point","coordinates":[-93.3359776,45.0301566]},"properties":{"id":"alpr-osm-13175924403","layer":"alpr","name":"ALPR camera","county":"Hennepin County","state":"MN","countyFips":"27053","confidence":"probabilistic","sourceDate":null,"attributes":{"operator":null,"operatorType":"Not recorded","manufacturer":"Flock Safety","cameraType":"fixed","direction":"170","zone":null,"surveillance":null,"osmId":13175924403,"osmUrl":"https://www.openstreetmap.org/node/13175924403"}}},{"type":"Feature","geometry":{"type":"Point","coordinates":[-93.3939441,45.0333079]},"properties":{"id":"alpr-osm-13175924404","layer":"alpr","name":"ALPR camera","county":"Hennepin County","state":"MN","countyFips":"27053","confidence":"probabilistic","sourceDate":null,"attributes":{"operator":null,"operatorType":"Not recorded","manufacturer":"Flock Safety","cameraType":"fixed","direction":"50","zone":null,"surveillance":null,"osmId":13175924404,"osmUrl":"https://www.openstreetmap.org/node/13175924404"}}},{"type":"Feature","geometry":{"type":"Point","coordinates":[-92.9867174,45.2969708]},"properties":{"id":"alpr-osm-13193081753","layer":"alpr","name":"ALPR camera","county":"Chisago County","state":"MN","countyFips":"27025","confidence":"probabilistic","sourceDate":null,"attributes":{"operator":null,"operatorType":"Not recorded","manufacturer":"Flock Safety","cameraType":"fixed","direction":"330","zone":"street","surveillance":null,"osmId":13193081753,"osmUrl":"https://www.openstreetmap.org/node/13193081753"}}},{"type":"Feature","geometry":{"type":"Point","coordinates":[-93.0030823,45.3363462]},"properties":{"id":"alpr-osm-13193081754","layer":"alpr","name":"ALPR camera","county":"Chisago County","state":"MN","countyFips":"27025","confidence":"probabilistic","sourceDate":null,"attributes":{"operator":null,"operatorType":"Not recorded","manufacturer":"Flock Safety","cameraType":"fixed","direction":null,"zone":"street","surveillance":null,"osmId":13193081754,"osmUrl":"https://www.openstreetmap.org/node/13193081754"}}},{"type":"Feature","geometry":{"type":"Point","coordinates":[-93.0065177,45.3365911]},"properties":{"id":"alpr-osm-13193081755","layer":"alpr","name":"ALPR camera","county":"Chisago County","state":"MN","countyFips":"27025","confidence":"probabilistic","sourceDate":null,"attributes":{"operator":null,"operatorType":"Not recorded","manufacturer":"Flock Safety","cameraType":null,"direction":"260","zone":"street","surveillance":null,"osmId":13193081755,"osmUrl":"https://www.openstreetmap.org/node/13193081755"}}},{"type":"Feature","geometry":{"type":"Point","coordinates":[-93.1366289,44.9512398]},"properties":{"id":"alpr-osm-13196928498","layer":"alpr","name":"ALPR camera","county":"Ramsey County","state":"MN","countyFips":"27123","confidence":"probabilistic","sourceDate":null,"attributes":{"operator":null,"operatorType":"Not recorded","manufacturer":"Flock Safety","cameraType":"fixed","direction":"165","zone":null,"surveillance":null,"osmId":13196928498,"osmUrl":"https://www.openstreetmap.org/node/13196928498"}}},{"type":"Feature","geometry":{"type":"Point","coordinates":[-92.9878822,45.6841175]},"properties":{"id":"alpr-osm-13199676035","layer":"alpr","name":"ALPR camera — Chisago County Sheriff's Office","county":"Chisago County","state":"MN","countyFips":"27025","confidence":"probabilistic","sourceDate":null,"attributes":{"operator":"Chisago County Sheriff's Office","operatorType":"County sheriff","manufacturer":"Flock Safety","cameraType":"fixed","direction":"70","zone":null,"surveillance":null,"osmId":13199676035,"osmUrl":"https://www.openstreetmap.org/node/13199676035"}}},{"type":"Feature","geometry":{"type":"Point","coordinates":[-92.9811093,45.6899034]},"properties":{"id":"alpr-osm-13199676036","layer":"alpr","name":"ALPR camera — Chisago County Sheriff's Office","county":"Chisago County","state":"MN","countyFips":"27025","confidence":"probabilistic","sourceDate":null,"attributes":{"operator":"Chisago County Sheriff's Office","operatorType":"County sheriff","manufacturer":"Flock Safety","cameraType":"fixed","direction":"315","zone":null,"surveillance":null,"osmId":13199676036,"osmUrl":"https://www.openstreetmap.org/node/13199676036"}}},{"type":"Feature","geometry":{"type":"Point","coordinates":[-93.2709913,44.298192]},"properties":{"id":"alpr-osm-13201272089","layer":"alpr","name":"ALPR camera — Faribault Police Department","county":"Rice County","state":"MN","countyFips":"27131","confidence":"probabilistic","sourceDate":null,"attributes":{"operator":"Faribault Police Department","operatorType":"Police department","manufacturer":"Flock Safety","cameraType":"fixed","direction":"240","zone":null,"surveillance":null,"osmId":13201272089,"osmUrl":"https://www.openstreetmap.org/node/13201272089"}}},{"type":"Feature","geometry":{"type":"Point","coordinates":[-93.3575692,45.199551]},"properties":{"id":"alpr-osm-13203943250","layer":"alpr","name":"ALPR camera","county":"Anoka County","state":"MN","countyFips":"27003","confidence":"probabilistic","sourceDate":null,"attributes":{"operator":null,"operatorType":"Not recorded","manufacturer":null,"cameraType":null,"direction":"100","zone":"traffic","surveillance":"camera","osmId":13203943250,"osmUrl":"https://www.openstreetmap.org/node/13203943250"}}},{"type":"Feature","geometry":{"type":"Point","coordinates":[-92.8973972,45.2536398]},"properties":{"id":"alpr-osm-13226694231","layer":"alpr","name":"ALPR camera","county":"Washington County","state":"MN","countyFips":"27163","confidence":"probabilistic","sourceDate":null,"attributes":{"operator":null,"operatorType":"Not recorded","manufacturer":"Flock Safety","cameraType":"fixed","direction":"230","zone":null,"surveillance":null,"osmId":13226694231,"osmUrl":"https://www.openstreetmap.org/node/13226694231"}}},{"type":"Feature","geometry":{"type":"Point","coordinates":[-93.0204284,45.3424384]},"properties":{"id":"alpr-osm-13226694232","layer":"alpr","name":"ALPR camera","county":"Anoka County","state":"MN","countyFips":"27003","confidence":"probabilistic","sourceDate":null,"attributes":{"operator":null,"operatorType":"Not recorded","manufacturer":"Flock Safety","cameraType":"fixed","direction":"270","zone":null,"surveillance":null,"osmId":13226694232,"osmUrl":"https://www.openstreetmap.org/node/13226694232"}}},{"type":"Feature","geometry":{"type":"Point","coordinates":[-93.4285077,45.2208707]},"properties":{"id":"alpr-osm-13226899158","layer":"alpr","name":"ALPR camera","county":"Anoka County","state":"MN","countyFips":"27003","confidence":"probabilistic","sourceDate":null,"attributes":{"operator":null,"operatorType":"Not recorded","manufacturer":"Flock Safety","cameraType":"fixed","direction":"306","zone":"traffic","surveillance":"public","osmId":13226899158,"osmUrl":"https://www.openstreetmap.org/node/13226899158"}}},{"type":"Feature","geometry":{"type":"Point","coordinates":[-93.8196357,45.3655229]},"properties":{"id":"alpr-osm-13232009934","layer":"alpr","name":"ALPR camera","county":"Sherburne County","state":"MN","countyFips":"27141","confidence":"probabilistic","sourceDate":null,"attributes":{"operator":null,"operatorType":"Not recorded","manufacturer":"Flock Safety","cameraType":"fixed","direction":"315","zone":null,"surveillance":null,"osmId":13232009934,"osmUrl":"https://www.openstreetmap.org/node/13232009934"}}},{"type":"Feature","geometry":{"type":"Point","coordinates":[-92.9478473,45.6900102]},"properties":{"id":"alpr-osm-13232685359","layer":"alpr","name":"ALPR camera","county":"Chisago County","state":"MN","countyFips":"27025","confidence":"probabilistic","sourceDate":null,"attributes":{"operator":null,"operatorType":"Not recorded","manufacturer":null,"cameraType":"fixed","direction":null,"zone":null,"surveillance":null,"osmId":13232685359,"osmUrl":"https://www.openstreetmap.org/node/13232685359"}}},{"type":"Feature","geometry":{"type":"Point","coordinates":[-93.2679593,44.8894694]},"properties":{"id":"alpr-osm-13248298237","layer":"alpr","name":"ALPR camera","county":"Hennepin County","state":"MN","countyFips":"27053","confidence":"probabilistic","sourceDate":null,"attributes":{"operator":null,"operatorType":"Not recorded","manufacturer":"Flock Safety","cameraType":"fixed","direction":"169","zone":"traffic","surveillance":"public","osmId":13248298237,"osmUrl":"https://www.openstreetmap.org/node/13248298237"}}},{"type":"Feature","geometry":{"type":"Point","coordinates":[-93.2487955,44.8640622]},"properties":{"id":"alpr-osm-13248298462","layer":"alpr","name":"ALPR camera","county":"Hennepin County","state":"MN","countyFips":"27053","confidence":"probabilistic","sourceDate":null,"attributes":{"operator":null,"operatorType":"Not recorded","manufacturer":"Flock Safety","cameraType":"fixed","direction":"225","zone":null,"surveillance":null,"osmId":13248298462,"osmUrl":"https://www.openstreetmap.org/node/13248298462"}}},{"type":"Feature","geometry":{"type":"Point","coordinates":[-93.3087747,44.8893828]},"properties":{"id":"alpr-osm-13248303436","layer":"alpr","name":"ALPR camera","county":"Hennepin County","state":"MN","countyFips":"27053","confidence":"probabilistic","sourceDate":null,"attributes":{"operator":null,"operatorType":"Not recorded","manufacturer":"Flock Safety","cameraType":"fixed","direction":"145","zone":null,"surveillance":null,"osmId":13248303436,"osmUrl":"https://www.openstreetmap.org/node/13248303436"}}},{"type":"Feature","geometry":{"type":"Point","coordinates":[-93.3710302,44.9555669]},"properties":{"id":"alpr-osm-13267133643","layer":"alpr","name":"ALPR camera","county":"Hennepin County","state":"MN","countyFips":"27053","confidence":"probabilistic","sourceDate":null,"attributes":{"operator":null,"operatorType":"Not recorded","manufacturer":"Flock Safety","cameraType":"fixed","direction":"180","zone":"traffic","surveillance":"traffic","osmId":13267133643,"osmUrl":"https://www.openstreetmap.org/node/13267133643"}}},{"type":"Feature","geometry":{"type":"Point","coordinates":[-93.3809509,44.9344949]},"properties":{"id":"alpr-osm-13267147072","layer":"alpr","name":"ALPR camera","county":"Hennepin County","state":"MN","countyFips":"27053","confidence":"probabilistic","sourceDate":null,"attributes":{"operator":null,"operatorType":"Not recorded","manufacturer":"Flock Safety","cameraType":"fixed","direction":"165","zone":"traffic","surveillance":"traffic","osmId":13267147072,"osmUrl":"https://www.openstreetmap.org/node/13267147072"}}},{"type":"Feature","geometry":{"type":"Point","coordinates":[-94.1603653,45.5492799]},"properties":{"id":"alpr-osm-13267164487","layer":"alpr","name":"ALPR camera","county":"Stearns County","state":"MN","countyFips":"27145","confidence":"probabilistic","sourceDate":null,"attributes":{"operator":null,"operatorType":"Not recorded","manufacturer":"Flock Safety","cameraType":"fixed","direction":"160","zone":null,"surveillance":null,"osmId":13267164487,"osmUrl":"https://www.openstreetmap.org/node/13267164487"}}},{"type":"Feature","geometry":{"type":"Point","coordinates":[-94.1600002,45.5492896]},"properties":{"id":"alpr-osm-13267164488","layer":"alpr","name":"ALPR camera","county":"Stearns County","state":"MN","countyFips":"27145","confidence":"probabilistic","sourceDate":null,"attributes":{"operator":null,"operatorType":"Not recorded","manufacturer":"Flock Safety","cameraType":"fixed","direction":"70","zone":null,"surveillance":null,"osmId":13267164488,"osmUrl":"https://www.openstreetmap.org/node/13267164488"}}},{"type":"Feature","geometry":{"type":"Point","coordinates":[-94.1600488,45.5496053]},"properties":{"id":"alpr-osm-13267164489","layer":"alpr","name":"ALPR camera","county":"Stearns County","state":"MN","countyFips":"27145","confidence":"probabilistic","sourceDate":null,"attributes":{"operator":null,"operatorType":"Not recorded","manufacturer":"Flock Safety","cameraType":"fixed","direction":"335","zone":null,"surveillance":null,"osmId":13267164489,"osmUrl":"https://www.openstreetmap.org/node/13267164489"}}},{"type":"Feature","geometry":{"type":"Point","coordinates":[-94.1604086,45.5495348]},"properties":{"id":"alpr-osm-13267164490","layer":"alpr","name":"ALPR camera","county":"Stearns County","state":"MN","countyFips":"27145","confidence":"probabilistic","sourceDate":null,"attributes":{"operator":null,"operatorType":"Not recorded","manufacturer":"Flock Safety","cameraType":"fixed","direction":"250","zone":null,"surveillance":null,"osmId":13267164490,"osmUrl":"https://www.openstreetmap.org/node/13267164490"}}},{"type":"Feature","geometry":{"type":"Point","coordinates":[-93.3807563,44.9371717]},"properties":{"id":"alpr-osm-13267184067","layer":"alpr","name":"ALPR camera","county":"Hennepin County","state":"MN","countyFips":"27053","confidence":"probabilistic","sourceDate":null,"attributes":{"operator":null,"operatorType":"Not recorded","manufacturer":"Flock Safety","cameraType":"fixed","direction":"180","zone":"traffic","surveillance":"traffic","osmId":13267184067,"osmUrl":"https://www.openstreetmap.org/node/13267184067"}}},{"type":"Feature","geometry":{"type":"Point","coordinates":[-93.3537323,44.9187079]},"properties":{"id":"alpr-osm-13267228915","layer":"alpr","name":"ALPR camera","county":"Hennepin County","state":"MN","countyFips":"27053","confidence":"probabilistic","sourceDate":null,"attributes":{"operator":null,"operatorType":"Not recorded","manufacturer":"Flock Safety","cameraType":"fixed","direction":"60","zone":"traffic","surveillance":"traffic","osmId":13267228915,"osmUrl":"https://www.openstreetmap.org/node/13267228915"}}},{"type":"Feature","geometry":{"type":"Point","coordinates":[-93.4620332,45.2323316]},"properties":{"id":"alpr-osm-13274339189","layer":"alpr","name":"ALPR camera","county":"Anoka County","state":"MN","countyFips":"27003","confidence":"probabilistic","sourceDate":null,"attributes":{"operator":null,"operatorType":"Not recorded","manufacturer":"Flock Safety","cameraType":"fixed","direction":"25","zone":null,"surveillance":null,"osmId":13274339189,"osmUrl":"https://www.openstreetmap.org/node/13274339189"}}},{"type":"Feature","geometry":{"type":"Point","coordinates":[-93.4613592,45.2333366]},"properties":{"id":"alpr-osm-13274363510","layer":"alpr","name":"ALPR camera","county":"Anoka County","state":"MN","countyFips":"27003","confidence":"probabilistic","sourceDate":null,"attributes":{"operator":null,"operatorType":"Not recorded","manufacturer":"Flock Safety","cameraType":"fixed","direction":"205","zone":null,"surveillance":null,"osmId":13274363510,"osmUrl":"https://www.openstreetmap.org/node/13274363510"}}},{"type":"Feature","geometry":{"type":"Point","coordinates":[-93.4009666,45.2048861]},"properties":{"id":"alpr-osm-13274373108","layer":"alpr","name":"ALPR camera","county":"Anoka County","state":"MN","countyFips":"27003","confidence":"probabilistic","sourceDate":null,"attributes":{"operator":null,"operatorType":"Not recorded","manufacturer":"Flock Safety","cameraType":"fixed","direction":"105","zone":"traffic","surveillance":"traffic","osmId":13274373108,"osmUrl":"https://www.openstreetmap.org/node/13274373108"}}},{"type":"Feature","geometry":{"type":"Point","coordinates":[-93.4703594,45.2359461]},"properties":{"id":"alpr-osm-13274379107","layer":"alpr","name":"ALPR camera","county":"Anoka County","state":"MN","countyFips":"27003","confidence":"probabilistic","sourceDate":null,"attributes":{"operator":null,"operatorType":"Not recorded","manufacturer":"Flock Safety","cameraType":"fixed","direction":"0","zone":null,"surveillance":null,"osmId":13274379107,"osmUrl":"https://www.openstreetmap.org/node/13274379107"}}},{"type":"Feature","geometry":{"type":"Point","coordinates":[-93.3575306,45.2027175]},"properties":{"id":"alpr-osm-13274379109","layer":"alpr","name":"ALPR camera","county":"Anoka County","state":"MN","countyFips":"27003","confidence":"probabilistic","sourceDate":null,"attributes":{"operator":null,"operatorType":"Not recorded","manufacturer":"Flock Safety","cameraType":"fixed","direction":"135","zone":null,"surveillance":null,"osmId":13274379109,"osmUrl":"https://www.openstreetmap.org/node/13274379109"}}},{"type":"Feature","geometry":{"type":"Point","coordinates":[-93.4495431,45.2327632]},"properties":{"id":"alpr-osm-13274381939","layer":"alpr","name":"ALPR camera","county":"Anoka County","state":"MN","countyFips":"27003","confidence":"probabilistic","sourceDate":null,"attributes":{"operator":null,"operatorType":"Not recorded","manufacturer":"Flock Safety","cameraType":"fixed","direction":"340","zone":null,"surveillance":null,"osmId":13274381939,"osmUrl":"https://www.openstreetmap.org/node/13274381939"}}},{"type":"Feature","geometry":{"type":"Point","coordinates":[-93.3979056,45.2246396]},"properties":{"id":"alpr-osm-13274398018","layer":"alpr","name":"ALPR camera","county":"Anoka County","state":"MN","countyFips":"27003","confidence":"probabilistic","sourceDate":null,"attributes":{"operator":null,"operatorType":"Not recorded","manufacturer":"Flock Safety","cameraType":"fixed","direction":"245","zone":null,"surveillance":null,"osmId":13274398018,"osmUrl":"https://www.openstreetmap.org/node/13274398018"}}},{"type":"Feature","geometry":{"type":"Point","coordinates":[-93.3340298,44.9507845]},"properties":{"id":"alpr-osm-13277706284","layer":"alpr","name":"ALPR camera","county":"Hennepin County","state":"MN","countyFips":"27053","confidence":"probabilistic","sourceDate":null,"attributes":{"operator":null,"operatorType":"Not recorded","manufacturer":"Flock Safety","cameraType":"fixed","direction":"290","zone":null,"surveillance":"private","osmId":13277706284,"osmUrl":"https://www.openstreetmap.org/node/13277706284"}}},{"type":"Feature","geometry":{"type":"Point","coordinates":[-93.340305,44.9458845]},"properties":{"id":"alpr-osm-13277712515","layer":"alpr","name":"ALPR camera","county":"Hennepin County","state":"MN","countyFips":"27053","confidence":"probabilistic","sourceDate":null,"attributes":{"operator":null,"operatorType":"Not recorded","manufacturer":"Flock Safety","cameraType":"fixed","direction":"75","zone":"building","surveillance":"private","osmId":13277712515,"osmUrl":"https://www.openstreetmap.org/node/13277712515"}}},{"type":"Feature","geometry":{"type":"Point","coordinates":[-93.2611629,45.0481311]},"properties":{"id":"alpr-osm-13278472061","layer":"alpr","name":"ALPR camera","county":"Anoka County","state":"MN","countyFips":"27003","confidence":"probabilistic","sourceDate":null,"attributes":{"operator":null,"operatorType":"Not recorded","manufacturer":"Flock Safety","cameraType":"fixed","direction":"85","zone":null,"surveillance":null,"osmId":13278472061,"osmUrl":"https://www.openstreetmap.org/node/13278472061"}}},{"type":"Feature","geometry":{"type":"Point","coordinates":[-93.2642288,45.0482682]},"properties":{"id":"alpr-osm-13278481806","layer":"alpr","name":"ALPR camera","county":"Anoka County","state":"MN","countyFips":"27003","confidence":"probabilistic","sourceDate":null,"attributes":{"operator":null,"operatorType":"Not recorded","manufacturer":"Flock Safety","cameraType":"fixed","direction":"260","zone":null,"surveillance":null,"osmId":13278481806,"osmUrl":"https://www.openstreetmap.org/node/13278481806"}}},{"type":"Feature","geometry":{"type":"Point","coordinates":[-93.1675552,44.8364263]},"properties":{"id":"alpr-osm-13281622455","layer":"alpr","name":"ALPR camera","county":"Dakota County","state":"MN","countyFips":"27037","confidence":"probabilistic","sourceDate":null,"attributes":{"operator":null,"operatorType":"Not recorded","manufacturer":"Flock Safety","cameraType":"fixed","direction":"140","zone":null,"surveillance":null,"osmId":13281622455,"osmUrl":"https://www.openstreetmap.org/node/13281622455"}}},{"type":"Feature","geometry":{"type":"Point","coordinates":[-93.1963494,44.9233558]},"properties":{"id":"alpr-osm-13282314000","layer":"alpr","name":"ALPR camera — Temple of Aaron","county":"Ramsey County","state":"MN","countyFips":"27123","confidence":"probabilistic","sourceDate":null,"attributes":{"operator":"Temple of Aaron","operatorType":"Other or unclassified","manufacturer":"Flock Safety","cameraType":"fixed","direction":"140","zone":"parking","surveillance":null,"osmId":13282314000,"osmUrl":"https://www.openstreetmap.org/node/13282314000"}}},{"type":"Feature","geometry":{"type":"Point","coordinates":[-93.3472553,45.2004833]},"properties":{"id":"alpr-osm-13287747558","layer":"alpr","name":"ALPR camera","county":"Anoka County","state":"MN","countyFips":"27003","confidence":"probabilistic","sourceDate":null,"attributes":{"operator":null,"operatorType":"Not recorded","manufacturer":"Flock Safety","cameraType":"fixed","direction":"150","zone":"traffic","surveillance":null,"osmId":13287747558,"osmUrl":"https://www.openstreetmap.org/node/13287747558"}}},{"type":"Feature","geometry":{"type":"Point","coordinates":[-93.2847325,44.7017467]},"properties":{"id":"alpr-osm-13288012951","layer":"alpr","name":"ALPR camera","county":"Dakota County","state":"MN","countyFips":"27037","confidence":"probabilistic","sourceDate":null,"attributes":{"operator":null,"operatorType":"Not recorded","manufacturer":"Flock Safety","cameraType":"fixed","direction":"108","zone":"traffic","surveillance":"public","osmId":13288012951,"osmUrl":"https://www.openstreetmap.org/node/13288012951"}}},{"type":"Feature","geometry":{"type":"Point","coordinates":[-91.6073616,44.0265584]},"properties":{"id":"alpr-osm-13289027253","layer":"alpr","name":"ALPR camera","county":"Winona County","state":"MN","countyFips":"27169","confidence":"probabilistic","sourceDate":null,"attributes":{"operator":null,"operatorType":"Not recorded","manufacturer":"Flock Safety","cameraType":"fixed","direction":"80","zone":"traffic","surveillance":"traffic","osmId":13289027253,"osmUrl":"https://www.openstreetmap.org/node/13289027253"}}},{"type":"Feature","geometry":{"type":"Point","coordinates":[-91.6071307,44.0268546]},"properties":{"id":"alpr-osm-13289027254","layer":"alpr","name":"ALPR camera","county":"Winona County","state":"MN","countyFips":"27169","confidence":"probabilistic","sourceDate":null,"attributes":{"operator":null,"operatorType":"Not recorded","manufacturer":"Flock Safety","cameraType":"fixed","direction":"260","zone":"traffic","surveillance":"traffic","osmId":13289027254,"osmUrl":"https://www.openstreetmap.org/node/13289027254"}}},{"type":"Feature","geometry":{"type":"Point","coordinates":[-91.69245,44.0555205]},"properties":{"id":"alpr-osm-13289041315","layer":"alpr","name":"ALPR camera","county":"Winona County","state":"MN","countyFips":"27169","confidence":"probabilistic","sourceDate":null,"attributes":{"operator":null,"operatorType":"Not recorded","manufacturer":"Flock Safety","cameraType":"fixed","direction":"110","zone":"traffic","surveillance":"traffic","osmId":13289041315,"osmUrl":"https://www.openstreetmap.org/node/13289041315"}}},{"type":"Feature","geometry":{"type":"Point","coordinates":[-91.6216685,44.0270334]},"properties":{"id":"alpr-osm-13289054977","layer":"alpr","name":"ALPR camera","county":"Winona County","state":"MN","countyFips":"27169","confidence":"probabilistic","sourceDate":null,"attributes":{"operator":null,"operatorType":"Not recorded","manufacturer":"Flock Safety","cameraType":"fixed","direction":"150","zone":"traffic","surveillance":"traffic","osmId":13289054977,"osmUrl":"https://www.openstreetmap.org/node/13289054977"}}},{"type":"Feature","geometry":{"type":"Point","coordinates":[-91.6211583,44.0270135]},"properties":{"id":"alpr-osm-13289071395","layer":"alpr","name":"ALPR camera","county":"Winona County","state":"MN","countyFips":"27169","confidence":"probabilistic","sourceDate":null,"attributes":{"operator":null,"operatorType":"Not recorded","manufacturer":"Flock Safety","cameraType":"fixed","direction":"320","zone":"traffic","surveillance":"traffic","osmId":13289071395,"osmUrl":"https://www.openstreetmap.org/node/13289071395"}}},{"type":"Feature","geometry":{"type":"Point","coordinates":[-91.692073,44.0557406]},"properties":{"id":"alpr-osm-13289074142","layer":"alpr","name":"ALPR camera","county":"Winona County","state":"MN","countyFips":"27169","confidence":"probabilistic","sourceDate":null,"attributes":{"operator":null,"operatorType":"Not recorded","manufacturer":"Flock Safety","cameraType":"fixed","direction":"285","zone":"traffic","surveillance":"traffic","osmId":13289074142,"osmUrl":"https://www.openstreetmap.org/node/13289074142"}}},{"type":"Feature","geometry":{"type":"Point","coordinates":[-93.4593322,44.6949295]},"properties":{"id":"alpr-osm-13290865057","layer":"alpr","name":"ALPR camera","county":"Scott County","state":"MN","countyFips":"27139","confidence":"probabilistic","sourceDate":null,"attributes":{"operator":null,"operatorType":"Not recorded","manufacturer":"Flock Safety","cameraType":"fixed","direction":"30","zone":null,"surveillance":"public","osmId":13290865057,"osmUrl":"https://www.openstreetmap.org/node/13290865057"}}},{"type":"Feature","geometry":{"type":"Point","coordinates":[-93.3800012,44.7458241]},"properties":{"id":"alpr-osm-13290910615","layer":"alpr","name":"ALPR camera","county":"Scott County","state":"MN","countyFips":"27139","confidence":"probabilistic","sourceDate":null,"attributes":{"operator":null,"operatorType":"Not recorded","manufacturer":"Flock Safety","cameraType":"fixed","direction":"145","zone":"traffic","surveillance":"public","osmId":13290910615,"osmUrl":"https://www.openstreetmap.org/node/13290910615"}}},{"type":"Feature","geometry":{"type":"Point","coordinates":[-93.5276818,44.8021189]},"properties":{"id":"alpr-osm-13293466402","layer":"alpr","name":"ALPR camera","county":"Scott County","state":"MN","countyFips":"27139","confidence":"probabilistic","sourceDate":null,"attributes":{"operator":null,"operatorType":"Not recorded","manufacturer":"Flock Safety","cameraType":"fixed","direction":"90","zone":null,"surveillance":"public","osmId":13293466402,"osmUrl":"https://www.openstreetmap.org/node/13293466402"}}},{"type":"Feature","geometry":{"type":"Point","coordinates":[-93.3564482,45.1057703]},"properties":{"id":"alpr-osm-13294889501","layer":"alpr","name":"ALPR camera","county":"Hennepin County","state":"MN","countyFips":"27053","confidence":"probabilistic","sourceDate":null,"attributes":{"operator":null,"operatorType":"Not recorded","manufacturer":"Flock Safety","cameraType":"fixed","direction":"89","zone":"traffic","surveillance":"public","osmId":13294889501,"osmUrl":"https://www.openstreetmap.org/node/13294889501"}}},{"type":"Feature","geometry":{"type":"Point","coordinates":[-93.469326,44.7542018]},"properties":{"id":"alpr-osm-13298780395","layer":"alpr","name":"ALPR camera — Shakopee","county":"Scott County","state":"MN","countyFips":"27139","confidence":"probabilistic","sourceDate":null,"attributes":{"operator":"Shakopee","operatorType":"Other or unclassified","manufacturer":"Flock Safety","cameraType":"fixed","direction":"320","zone":"traffic","surveillance":"public","osmId":13298780395,"osmUrl":"https://www.openstreetmap.org/node/13298780395"}}},{"type":"Feature","geometry":{"type":"Point","coordinates":[-93.4699739,44.7456277]},"properties":{"id":"alpr-osm-13298780396","layer":"alpr","name":"ALPR camera","county":"Scott County","state":"MN","countyFips":"27139","confidence":"probabilistic","sourceDate":null,"attributes":{"operator":null,"operatorType":"Not recorded","manufacturer":"Flock Safety","cameraType":"fixed","direction":"140","zone":"traffic","surveillance":"public","osmId":13298780396,"osmUrl":"https://www.openstreetmap.org/node/13298780396"}}},{"type":"Feature","geometry":{"type":"Point","coordinates":[-93.5049722,44.7736241]},"properties":{"id":"alpr-osm-13298784332","layer":"alpr","name":"ALPR camera — Shakopee","county":"Scott County","state":"MN","countyFips":"27139","confidence":"probabilistic","sourceDate":null,"attributes":{"operator":"Shakopee","operatorType":"Other or unclassified","manufacturer":"Flock Safety","cameraType":"fixed","direction":"60","zone":"traffic","surveillance":"public","osmId":13298784332,"osmUrl":"https://www.openstreetmap.org/node/13298784332"}}},{"type":"Feature","geometry":{"type":"Point","coordinates":[-93.4694149,44.7834238]},"properties":{"id":"alpr-osm-13298792105","layer":"alpr","name":"ALPR camera — Shakopee Police","county":"Scott County","state":"MN","countyFips":"27139","confidence":"probabilistic","sourceDate":null,"attributes":{"operator":"Shakopee Police","operatorType":"Police department","manufacturer":"Flock Safety","cameraType":null,"direction":"310","zone":"traffic","surveillance":"public","osmId":13298792105,"osmUrl":"https://www.openstreetmap.org/node/13298792105"}}},{"type":"Feature","geometry":{"type":"Point","coordinates":[-93.4210086,44.7953735]},"properties":{"id":"alpr-osm-13298797596","layer":"alpr","name":"ALPR camera — Shakopee","county":"Scott County","state":"MN","countyFips":"27139","confidence":"probabilistic","sourceDate":null,"attributes":{"operator":"Shakopee","operatorType":"Other or unclassified","manufacturer":"Flock Safety","cameraType":"fixed","direction":"250","zone":"traffic","surveillance":"public","osmId":13298797596,"osmUrl":"https://www.openstreetmap.org/node/13298797596"}}},{"type":"Feature","geometry":{"type":"Point","coordinates":[-93.5782869,44.5373554]},"properties":{"id":"alpr-osm-13300160910","layer":"alpr","name":"ALPR camera","county":"Le Sueur County","state":"MN","countyFips":"27079","confidence":"probabilistic","sourceDate":null,"attributes":{"operator":null,"operatorType":"Not recorded","manufacturer":"Flock Safety","cameraType":"panning","direction":null,"zone":"park","surveillance":"public","osmId":13300160910,"osmUrl":"https://www.openstreetmap.org/node/13300160910"}}},{"type":"Feature","geometry":{"type":"Point","coordinates":[-93.2980833,45.0239271]},"properties":{"id":"alpr-osm-13301822484","layer":"alpr","name":"ALPR camera","county":"Hennepin County","state":"MN","countyFips":"27053","confidence":"probabilistic","sourceDate":null,"attributes":{"operator":null,"operatorType":"Not recorded","manufacturer":"Genetec","cameraType":"fixed","direction":"45","zone":"traffic","surveillance":"traffic","osmId":13301822484,"osmUrl":"https://www.openstreetmap.org/node/13301822484"}}},{"type":"Feature","geometry":{"type":"Point","coordinates":[-93.5637667,45.3212]},"properties":{"id":"alpr-osm-13301828509","layer":"alpr","name":"ALPR camera","county":"Sherburne County","state":"MN","countyFips":"27141","confidence":"probabilistic","sourceDate":null,"attributes":{"operator":null,"operatorType":"Not recorded","manufacturer":"Flock Safety","cameraType":null,"direction":"180","zone":null,"surveillance":"camera","osmId":13301828509,"osmUrl":"https://www.openstreetmap.org/node/13301828509"}}},{"type":"Feature","geometry":{"type":"Point","coordinates":[-93.2867145,44.6996682]},"properties":{"id":"alpr-osm-13305200302","layer":"alpr","name":"ALPR camera","county":"Dakota County","state":"MN","countyFips":"27037","confidence":"probabilistic","sourceDate":null,"attributes":{"operator":null,"operatorType":"Not recorded","manufacturer":"Flock Safety","cameraType":"fixed","direction":"76","zone":"traffic","surveillance":"public","osmId":13305200302,"osmUrl":"https://www.openstreetmap.org/node/13305200302"}}},{"type":"Feature","geometry":{"type":"Point","coordinates":[-93.2862718,44.7005166]},"properties":{"id":"alpr-osm-13305202301","layer":"alpr","name":"ALPR camera","county":"Dakota County","state":"MN","countyFips":"27037","confidence":"probabilistic","sourceDate":null,"attributes":{"operator":null,"operatorType":"Not recorded","manufacturer":"Flock Safety","cameraType":"fixed","direction":"87","zone":"traffic","surveillance":"public","osmId":13305202301,"osmUrl":"https://www.openstreetmap.org/node/13305202301"}}},{"type":"Feature","geometry":{"type":"Point","coordinates":[-93.501449,44.9803037]},"properties":{"id":"alpr-osm-13305426401","layer":"alpr","name":"ALPR camera","county":"Hennepin County","state":"MN","countyFips":"27053","confidence":"probabilistic","sourceDate":null,"attributes":{"operator":null,"operatorType":"Not recorded","manufacturer":"Flock Safety","cameraType":"fixed","direction":"127","zone":"traffic","surveillance":"public","osmId":13305426401,"osmUrl":"https://www.openstreetmap.org/node/13305426401"}}},{"type":"Feature","geometry":{"type":"Point","coordinates":[-92.9700739,45.030275]},"properties":{"id":"alpr-osm-13306783426","layer":"alpr","name":"ALPR camera","county":"Washington County","state":"MN","countyFips":"27163","confidence":"probabilistic","sourceDate":null,"attributes":{"operator":null,"operatorType":"Not recorded","manufacturer":"Flock Safety","cameraType":"fixed","direction":"40","zone":null,"surveillance":null,"osmId":13306783426,"osmUrl":"https://www.openstreetmap.org/node/13306783426"}}},{"type":"Feature","geometry":{"type":"Point","coordinates":[-93.2471553,44.9586616]},"properties":{"id":"alpr-osm-13309373701","layer":"alpr","name":"ALPR camera — Hennepin County Sheriff's Office","county":"Hennepin County","state":"MN","countyFips":"27053","confidence":"probabilistic","sourceDate":null,"attributes":{"operator":"Hennepin County Sheriff's Office","operatorType":"County sheriff","manufacturer":"Flock Safety","cameraType":"fixed","direction":"345","zone":"traffic","surveillance":"public","osmId":13309373701,"osmUrl":"https://www.openstreetmap.org/node/13309373701"}}},{"type":"Feature","geometry":{"type":"Point","coordinates":[-93.3370951,45.0806275]},"properties":{"id":"alpr-osm-13310112101","layer":"alpr","name":"ALPR camera","county":"Hennepin County","state":"MN","countyFips":"27053","confidence":"probabilistic","sourceDate":null,"attributes":{"operator":null,"operatorType":"Not recorded","manufacturer":"Flock Safety","cameraType":"fixed","direction":"282","zone":"traffic","surveillance":"public","osmId":13310112101,"osmUrl":"https://www.openstreetmap.org/node/13310112101"}}},{"type":"Feature","geometry":{"type":"Point","coordinates":[-93.3365682,45.0795105]},"properties":{"id":"alpr-osm-13310116002","layer":"alpr","name":"ALPR camera","county":"Hennepin County","state":"MN","countyFips":"27053","confidence":"probabilistic","sourceDate":null,"attributes":{"operator":null,"operatorType":"Not recorded","manufacturer":"Flock Safety","cameraType":"fixed","direction":"109","zone":"traffic","surveillance":"public","osmId":13310116002,"osmUrl":"https://www.openstreetmap.org/node/13310116002"}}},{"type":"Feature","geometry":{"type":"Point","coordinates":[-93.3365682,45.0795105]},"properties":{"id":"alpr-osm-13310116101","layer":"alpr","name":"ALPR camera","county":"Hennepin County","state":"MN","countyFips":"27053","confidence":"probabilistic","sourceDate":null,"attributes":{"operator":null,"operatorType":"Not recorded","manufacturer":"Flock Safety","cameraType":"fixed","direction":"109","zone":"traffic","surveillance":"public","osmId":13310116101,"osmUrl":"https://www.openstreetmap.org/node/13310116101"}}},{"type":"Feature","geometry":{"type":"Point","coordinates":[-93.3130371,45.0589582]},"properties":{"id":"alpr-osm-13310118401","layer":"alpr","name":"ALPR camera","county":"Hennepin County","state":"MN","countyFips":"27053","confidence":"probabilistic","sourceDate":null,"attributes":{"operator":null,"operatorType":"Not recorded","manufacturer":"Flock Safety","cameraType":"fixed","direction":"70","zone":"traffic","surveillance":"public","osmId":13310118401,"osmUrl":"https://www.openstreetmap.org/node/13310118401"}}},{"type":"Feature","geometry":{"type":"Point","coordinates":[-93.3509909,45.0692654]},"properties":{"id":"alpr-osm-13310119701","layer":"alpr","name":"ALPR camera","county":"Hennepin County","state":"MN","countyFips":"27053","confidence":"probabilistic","sourceDate":null,"attributes":{"operator":null,"operatorType":"Not recorded","manufacturer":"Flock Safety","cameraType":"fixed","direction":"73","zone":"traffic","surveillance":"public","osmId":13310119701,"osmUrl":"https://www.openstreetmap.org/node/13310119701"}}},{"type":"Feature","geometry":{"type":"Point","coordinates":[-93.3549023,45.070535]},"properties":{"id":"alpr-osm-13310120101","layer":"alpr","name":"ALPR camera","county":"Hennepin County","state":"MN","countyFips":"27053","confidence":"probabilistic","sourceDate":null,"attributes":{"operator":null,"operatorType":"Not recorded","manufacturer":"Flock Safety","cameraType":"fixed","direction":"149","zone":"traffic","surveillance":"public","osmId":13310120101,"osmUrl":"https://www.openstreetmap.org/node/13310120101"}}},{"type":"Feature","geometry":{"type":"Point","coordinates":[-93.3549023,45.070535]},"properties":{"id":"alpr-osm-13310120201","layer":"alpr","name":"ALPR camera","county":"Hennepin County","state":"MN","countyFips":"27053","confidence":"probabilistic","sourceDate":null,"attributes":{"operator":null,"operatorType":"Not recorded","manufacturer":"Flock Safety","cameraType":"fixed","direction":"149","zone":"traffic","surveillance":"public","osmId":13310120201,"osmUrl":"https://www.openstreetmap.org/node/13310120201"}}},{"type":"Feature","geometry":{"type":"Point","coordinates":[-93.3554553,45.0720313]},"properties":{"id":"alpr-osm-13310120901","layer":"alpr","name":"ALPR camera","county":"Hennepin County","state":"MN","countyFips":"27053","confidence":"probabilistic","sourceDate":null,"attributes":{"operator":null,"operatorType":"Not recorded","manufacturer":"Flock Safety","cameraType":"fixed","direction":"293","zone":"traffic","surveillance":"public","osmId":13310120901,"osmUrl":"https://www.openstreetmap.org/node/13310120901"}}},{"type":"Feature","geometry":{"type":"Point","coordinates":[-93.3559236,45.0802606]},"properties":{"id":"alpr-osm-13310121501","layer":"alpr","name":"ALPR camera","county":"Hennepin County","state":"MN","countyFips":"27053","confidence":"probabilistic","sourceDate":null,"attributes":{"operator":null,"operatorType":"Not recorded","manufacturer":"Flock Safety","cameraType":"fixed","direction":"341","zone":"traffic","surveillance":"public","osmId":13310121501,"osmUrl":"https://www.openstreetmap.org/node/13310121501"}}},{"type":"Feature","geometry":{"type":"Point","coordinates":[-93.3560174,45.0872105]},"properties":{"id":"alpr-osm-13310121701","layer":"alpr","name":"ALPR camera","county":"Hennepin County","state":"MN","countyFips":"27053","confidence":"probabilistic","sourceDate":null,"attributes":{"operator":null,"operatorType":"Not recorded","manufacturer":"Flock Safety","cameraType":"fixed","direction":"60","zone":"traffic","surveillance":"public","osmId":13310121701,"osmUrl":"https://www.openstreetmap.org/node/13310121701"}}},{"type":"Feature","geometry":{"type":"Point","coordinates":[-93.3513928,45.0874629]},"properties":{"id":"alpr-osm-13310124601","layer":"alpr","name":"ALPR camera","county":"Hennepin County","state":"MN","countyFips":"27053","confidence":"probabilistic","sourceDate":null,"attributes":{"operator":null,"operatorType":"Not recorded","manufacturer":"Flock Safety","cameraType":"fixed","direction":"226","zone":"traffic","surveillance":"public","osmId":13310124601,"osmUrl":"https://www.openstreetmap.org/node/13310124601"}}},{"type":"Feature","geometry":{"type":"Point","coordinates":[-93.352806,45.095517]},"properties":{"id":"alpr-osm-13310124602","layer":"alpr","name":"ALPR camera","county":"Hennepin County","state":"MN","countyFips":"27053","confidence":"probabilistic","sourceDate":null,"attributes":{"operator":null,"operatorType":"Not recorded","manufacturer":"Flock Safety","cameraType":"fixed","direction":"226","zone":"traffic","surveillance":"public","osmId":13310124602,"osmUrl":"https://www.openstreetmap.org/node/13310124602"}}},{"type":"Feature","geometry":{"type":"Point","coordinates":[-93.3463636,45.098407]},"properties":{"id":"alpr-osm-13310125601","layer":"alpr","name":"ALPR camera","county":"Hennepin County","state":"MN","countyFips":"27053","confidence":"probabilistic","sourceDate":null,"attributes":{"operator":null,"operatorType":"Not recorded","manufacturer":"Flock Safety","cameraType":"fixed","direction":"162","zone":"traffic","surveillance":"public","osmId":13310125601,"osmUrl":"https://www.openstreetmap.org/node/13310125601"}}},{"type":"Feature","geometry":{"type":"Point","coordinates":[-93.3960175,44.9344611]},"properties":{"id":"alpr-osm-13312085285","layer":"alpr","name":"ALPR camera","county":"Hennepin County","state":"MN","countyFips":"27053","confidence":"probabilistic","sourceDate":null,"attributes":{"operator":null,"operatorType":"Not recorded","manufacturer":"Motorola Solutions","cameraType":"fixed","direction":"320","zone":null,"surveillance":null,"osmId":13312085285,"osmUrl":"https://www.openstreetmap.org/node/13312085285"}}},{"type":"Feature","geometry":{"type":"Point","coordinates":[-93.4209055,44.9331434]},"properties":{"id":"alpr-osm-13312145223","layer":"alpr","name":"ALPR camera","county":"Hennepin County","state":"MN","countyFips":"27053","confidence":"probabilistic","sourceDate":null,"attributes":{"operator":null,"operatorType":"Not recorded","manufacturer":"Flock Safety","cameraType":"fixed","direction":"341","zone":"traffic","surveillance":"public","osmId":13312145223,"osmUrl":"https://www.openstreetmap.org/node/13312145223"}}},{"type":"Feature","geometry":{"type":"Point","coordinates":[-93.3872921,44.9364334]},"properties":{"id":"alpr-osm-13312156801","layer":"alpr","name":"ALPR camera","county":"Hennepin County","state":"MN","countyFips":"27053","confidence":"probabilistic","sourceDate":null,"attributes":{"operator":null,"operatorType":"Not recorded","manufacturer":"Motorola Solutions","cameraType":"fixed","direction":"310","zone":null,"surveillance":null,"osmId":13312156801,"osmUrl":"https://www.openstreetmap.org/node/13312156801"}}},{"type":"Feature","geometry":{"type":"Point","coordinates":[-93.3872204,44.9366243]},"properties":{"id":"alpr-osm-13312156802","layer":"alpr","name":"ALPR camera","county":"Hennepin County","state":"MN","countyFips":"27053","confidence":"probabilistic","sourceDate":null,"attributes":{"operator":null,"operatorType":"Not recorded","manufacturer":"Motorola Solutions","cameraType":"fixed","direction":"215","zone":null,"surveillance":null,"osmId":13312156802,"osmUrl":"https://www.openstreetmap.org/node/13312156802"}}},{"type":"Feature","geometry":{"type":"Point","coordinates":[-93.387508,44.9366399]},"properties":{"id":"alpr-osm-13312156803","layer":"alpr","name":"ALPR camera","county":"Hennepin County","state":"MN","countyFips":"27053","confidence":"probabilistic","sourceDate":null,"attributes":{"operator":null,"operatorType":"Not recorded","manufacturer":"Motorola Solutions","cameraType":"fixed","direction":"115","zone":null,"surveillance":null,"osmId":13312156803,"osmUrl":"https://www.openstreetmap.org/node/13312156803"}}},{"type":"Feature","geometry":{"type":"Point","coordinates":[-93.3876569,44.9364282]},"properties":{"id":"alpr-osm-13312156804","layer":"alpr","name":"ALPR camera","county":"Hennepin County","state":"MN","countyFips":"27053","confidence":"probabilistic","sourceDate":null,"attributes":{"operator":null,"operatorType":"Not recorded","manufacturer":"Motorola Solutions","cameraType":"fixed","direction":"50","zone":null,"surveillance":null,"osmId":13312156804,"osmUrl":"https://www.openstreetmap.org/node/13312156804"}}},{"type":"Feature","geometry":{"type":"Point","coordinates":[-93.4209994,44.9451246]},"properties":{"id":"alpr-osm-13312171399","layer":"alpr","name":"ALPR camera","county":"Hennepin County","state":"MN","countyFips":"27053","confidence":"probabilistic","sourceDate":null,"attributes":{"operator":null,"operatorType":"Not recorded","manufacturer":"Motorola Solutions","cameraType":"fixed","direction":"180","zone":null,"surveillance":null,"osmId":13312171399,"osmUrl":"https://www.openstreetmap.org/node/13312171399"}}},{"type":"Feature","geometry":{"type":"Point","coordinates":[-93.4213468,44.9450183]},"properties":{"id":"alpr-osm-13312171400","layer":"alpr","name":"ALPR camera","county":"Hennepin County","state":"MN","countyFips":"27053","confidence":"probabilistic","sourceDate":null,"attributes":{"operator":null,"operatorType":"Not recorded","manufacturer":"Motorola Solutions","cameraType":"fixed","direction":"90","zone":null,"surveillance":null,"osmId":13312171400,"osmUrl":"https://www.openstreetmap.org/node/13312171400"}}},{"type":"Feature","geometry":{"type":"Point","coordinates":[-93.4208741,44.944967]},"properties":{"id":"alpr-osm-13312172201","layer":"alpr","name":"ALPR camera","county":"Hennepin County","state":"MN","countyFips":"27053","confidence":"probabilistic","sourceDate":null,"attributes":{"operator":null,"operatorType":"Not recorded","manufacturer":"Motorola Solutions","cameraType":"fixed","direction":"270","zone":null,"surveillance":null,"osmId":13312172201,"osmUrl":"https://www.openstreetmap.org/node/13312172201"}}},{"type":"Feature","geometry":{"type":"Point","coordinates":[-93.4208814,44.9451194]},"properties":{"id":"alpr-osm-13312172202","layer":"alpr","name":"ALPR camera","county":"Hennepin County","state":"MN","countyFips":"27053","confidence":"probabilistic","sourceDate":null,"attributes":{"operator":null,"operatorType":"Not recorded","manufacturer":"Motorola Solutions","cameraType":"fixed","direction":"220","zone":null,"surveillance":null,"osmId":13312172202,"osmUrl":"https://www.openstreetmap.org/node/13312172202"}}},{"type":"Feature","geometry":{"type":"Point","coordinates":[-93.4211872,44.9448522]},"properties":{"id":"alpr-osm-13312172203","layer":"alpr","name":"ALPR camera","county":"Hennepin County","state":"MN","countyFips":"27053","confidence":"probabilistic","sourceDate":null,"attributes":{"operator":null,"operatorType":"Not recorded","manufacturer":"Motorola Solutions","cameraType":"fixed","direction":"0","zone":null,"surveillance":null,"osmId":13312172203,"osmUrl":"https://www.openstreetmap.org/node/13312172203"}}},{"type":"Feature","geometry":{"type":"Point","coordinates":[-93.502715,44.9275824]},"properties":{"id":"alpr-osm-13312172265","layer":"alpr","name":"ALPR camera","county":"Hennepin County","state":"MN","countyFips":"27053","confidence":"probabilistic","sourceDate":null,"attributes":{"operator":null,"operatorType":"Not recorded","manufacturer":"Motorola Solutions","cameraType":"fixed","direction":"310","zone":null,"surveillance":null,"osmId":13312172265,"osmUrl":"https://www.openstreetmap.org/node/13312172265"}}},{"type":"Feature","geometry":{"type":"Point","coordinates":[-93.5030556,44.9277077]},"properties":{"id":"alpr-osm-13312172266","layer":"alpr","name":"ALPR camera","county":"Hennepin County","state":"MN","countyFips":"27053","confidence":"probabilistic","sourceDate":null,"attributes":{"operator":null,"operatorType":"Not recorded","manufacturer":"Motorola Solutions","cameraType":"fixed","direction":"90","zone":null,"surveillance":null,"osmId":13312172266,"osmUrl":"https://www.openstreetmap.org/node/13312172266"}}},{"type":"Feature","geometry":{"type":"Point","coordinates":[-93.502719,44.9276583]},"properties":{"id":"alpr-osm-13312172267","layer":"alpr","name":"ALPR camera","county":"Hennepin County","state":"MN","countyFips":"27053","confidence":"probabilistic","sourceDate":null,"attributes":{"operator":null,"operatorType":"Not recorded","manufacturer":"Motorola Solutions","cameraType":"fixed","direction":"270","zone":null,"surveillance":null,"osmId":13312172267,"osmUrl":"https://www.openstreetmap.org/node/13312172267"}}},{"type":"Feature","geometry":{"type":"Point","coordinates":[-93.5029443,44.9275805]},"properties":{"id":"alpr-osm-13312172268","layer":"alpr","name":"ALPR camera","county":"Hennepin County","state":"MN","countyFips":"27053","confidence":"probabilistic","sourceDate":null,"attributes":{"operator":null,"operatorType":"Not recorded","manufacturer":"Motorola Solutions","cameraType":"fixed","direction":"0","zone":null,"surveillance":null,"osmId":13312172268,"osmUrl":"https://www.openstreetmap.org/node/13312172268"}}},{"type":"Feature","geometry":{"type":"Point","coordinates":[-93.5028504,44.927833]},"properties":{"id":"alpr-osm-13312172269","layer":"alpr","name":"ALPR camera","county":"Hennepin County","state":"MN","countyFips":"27053","confidence":"probabilistic","sourceDate":null,"attributes":{"operator":null,"operatorType":"Not recorded","manufacturer":"Motorola Solutions","cameraType":"fixed","direction":"180","zone":null,"surveillance":null,"osmId":13312172269,"osmUrl":"https://www.openstreetmap.org/node/13312172269"}}},{"type":"Feature","geometry":{"type":"Point","coordinates":[-93.4671415,44.9380165]},"properties":{"id":"alpr-osm-13312178643","layer":"alpr","name":"ALPR camera","county":"Hennepin County","state":"MN","countyFips":"27053","confidence":"probabilistic","sourceDate":null,"attributes":{"operator":null,"operatorType":"Not recorded","manufacturer":"Motorola Solutions","cameraType":"fixed","direction":"120","zone":null,"surveillance":null,"osmId":13312178643,"osmUrl":"https://www.openstreetmap.org/node/13312178643"}}},{"type":"Feature","geometry":{"type":"Point","coordinates":[-93.4677175,44.9388034]},"properties":{"id":"alpr-osm-13312178644","layer":"alpr","name":"ALPR camera","county":"Hennepin County","state":"MN","countyFips":"27053","confidence":"probabilistic","sourceDate":null,"attributes":{"operator":null,"operatorType":"Not recorded","manufacturer":"Flock Safety","cameraType":"fixed","direction":"10","zone":null,"surveillance":null,"osmId":13312178644,"osmUrl":"https://www.openstreetmap.org/node/13312178644"}}},{"type":"Feature","geometry":{"type":"Point","coordinates":[-93.4682466,44.9220769]},"properties":{"id":"alpr-osm-13312179049","layer":"alpr","name":"ALPR camera","county":"Hennepin County","state":"MN","countyFips":"27053","confidence":"probabilistic","sourceDate":null,"attributes":{"operator":null,"operatorType":"Not recorded","manufacturer":"Motorola Solutions","cameraType":"fixed","direction":"100","zone":null,"surveillance":null,"osmId":13312179049,"osmUrl":"https://www.openstreetmap.org/node/13312179049"}}},{"type":"Feature","geometry":{"type":"Point","coordinates":[-93.3144141,45.0592895]},"properties":{"id":"alpr-osm-13314616901","layer":"alpr","name":"ALPR camera","county":"Hennepin County","state":"MN","countyFips":"27053","confidence":"probabilistic","sourceDate":null,"attributes":{"operator":null,"operatorType":"Not recorded","manufacturer":"Flock Safety","cameraType":"fixed","direction":"243","zone":"traffic","surveillance":"public","osmId":13314616901,"osmUrl":"https://www.openstreetmap.org/node/13314616901"}}},{"type":"Feature","geometry":{"type":"Point","coordinates":[-93.3200505,45.0601218]},"properties":{"id":"alpr-osm-13314635101","layer":"alpr","name":"ALPR camera","county":"Hennepin County","state":"MN","countyFips":"27053","confidence":"probabilistic","sourceDate":null,"attributes":{"operator":null,"operatorType":"Not recorded","manufacturer":"Flock Safety","cameraType":"fixed","direction":"279","zone":"traffic","surveillance":"public","osmId":13314635101,"osmUrl":"https://www.openstreetmap.org/node/13314635101"}}},{"type":"Feature","geometry":{"type":"Point","coordinates":[-93.3203709,45.0602267]},"properties":{"id":"alpr-osm-13314638301","layer":"alpr","name":"ALPR camera","county":"Hennepin County","state":"MN","countyFips":"27053","confidence":"probabilistic","sourceDate":null,"attributes":{"operator":null,"operatorType":"Not recorded","manufacturer":"Flock Safety","cameraType":"fixed","direction":"139","zone":"traffic","surveillance":"public","osmId":13314638301,"osmUrl":"https://www.openstreetmap.org/node/13314638301"}}},{"type":"Feature","geometry":{"type":"Point","coordinates":[-93.2260212,44.0616842]},"properties":{"id":"alpr-osm-13314920301","layer":"alpr","name":"ALPR camera","county":"Steele County","state":"MN","countyFips":"27147","confidence":"probabilistic","sourceDate":null,"attributes":{"operator":null,"operatorType":"Not recorded","manufacturer":"Flock Safety","cameraType":"fixed","direction":"348","zone":"traffic","surveillance":"public","osmId":13314920301,"osmUrl":"https://www.openstreetmap.org/node/13314920301"}}},{"type":"Feature","geometry":{"type":"Point","coordinates":[-93.3100914,44.9028774]},"properties":{"id":"alpr-osm-13315019301","layer":"alpr","name":"ALPR camera","county":"Hennepin County","state":"MN","countyFips":"27053","confidence":"probabilistic","sourceDate":null,"attributes":{"operator":null,"operatorType":"Not recorded","manufacturer":"Flock Safety","cameraType":"fixed","direction":"0","zone":"traffic","surveillance":"public","osmId":13315019301,"osmUrl":"https://www.openstreetmap.org/node/13315019301"}}},{"type":"Feature","geometry":{"type":"Point","coordinates":[-93.7472711,44.9661339]},"properties":{"id":"alpr-osm-13315690053","layer":"alpr","name":"ALPR camera","county":"Hennepin County","state":"MN","countyFips":"27053","confidence":"probabilistic","sourceDate":null,"attributes":{"operator":null,"operatorType":"Not recorded","manufacturer":"Flock Safety","cameraType":null,"direction":"144","zone":"traffic","surveillance":"camera","osmId":13315690053,"osmUrl":"https://www.openstreetmap.org/node/13315690053"}}},{"type":"Feature","geometry":{"type":"Point","coordinates":[-93.3088463,45.0665697]},"properties":{"id":"alpr-osm-13315728001","layer":"alpr","name":"ALPR camera","county":"Hennepin County","state":"MN","countyFips":"27053","confidence":"probabilistic","sourceDate":null,"attributes":{"operator":null,"operatorType":"Not recorded","manufacturer":"Flock Safety","cameraType":"fixed","direction":"343","zone":"traffic","surveillance":"public","osmId":13315728001,"osmUrl":"https://www.openstreetmap.org/node/13315728001"}}},{"type":"Feature","geometry":{"type":"Point","coordinates":[-93.3687467,44.8892927]},"properties":{"id":"alpr-osm-13316074113","layer":"alpr","name":"ALPR camera","county":"Hennepin County","state":"MN","countyFips":"27053","confidence":"probabilistic","sourceDate":null,"attributes":{"operator":null,"operatorType":"Not recorded","manufacturer":"Flock Safety","cameraType":"fixed","direction":"350","zone":"traffic","surveillance":null,"osmId":13316074113,"osmUrl":"https://www.openstreetmap.org/node/13316074113"}}},{"type":"Feature","geometry":{"type":"Point","coordinates":[-93.6570376,46.0732381]},"properties":{"id":"alpr-osm-13316322801","layer":"alpr","name":"ALPR camera","county":"Mille Lacs County","state":"MN","countyFips":"27095","confidence":"probabilistic","sourceDate":null,"attributes":{"operator":null,"operatorType":"Not recorded","manufacturer":"Flock Safety","cameraType":"fixed","direction":"0","zone":"traffic","surveillance":"public","osmId":13316322801,"osmUrl":"https://www.openstreetmap.org/node/13316322801"}}},{"type":"Feature","geometry":{"type":"Point","coordinates":[-93.2348775,44.9813707]},"properties":{"id":"alpr-osm-13317114001","layer":"alpr","name":"ALPR camera — Minneapolis Police Department","county":"Hennepin County","state":"MN","countyFips":"27053","confidence":"probabilistic","sourceDate":null,"attributes":{"operator":"Minneapolis Police Department","operatorType":"Police department","manufacturer":"Insight LPR","cameraType":"fixed","direction":"321;109","zone":"traffic","surveillance":"public","osmId":13317114001,"osmUrl":"https://www.openstreetmap.org/node/13317114001"}}},{"type":"Feature","geometry":{"type":"Point","coordinates":[-93.2433678,44.983577]},"properties":{"id":"alpr-osm-13318027801","layer":"alpr","name":"ALPR camera — Minneapolis Police Department","county":"Hennepin County","state":"MN","countyFips":"27053","confidence":"probabilistic","sourceDate":null,"attributes":{"operator":"Minneapolis Police Department","operatorType":"Police department","manufacturer":"Insight LPR","cameraType":"fixed","direction":"310;275","zone":"traffic","surveillance":"public","osmId":13318027801,"osmUrl":"https://www.openstreetmap.org/node/13318027801"}}},{"type":"Feature","geometry":{"type":"Point","coordinates":[-93.2471353,44.9700364]},"properties":{"id":"alpr-osm-13318058501","layer":"alpr","name":"ALPR camera — Minneapolis Police Department","county":"Hennepin County","state":"MN","countyFips":"27053","confidence":"probabilistic","sourceDate":null,"attributes":{"operator":"Minneapolis Police Department","operatorType":"Police department","manufacturer":"Insight LPR","cameraType":"fixed","direction":"190;337","zone":"traffic","surveillance":"public","osmId":13318058501,"osmUrl":"https://www.openstreetmap.org/node/13318058501"}}},{"type":"Feature","geometry":{"type":"Point","coordinates":[-93.2449979,44.9628743]},"properties":{"id":"alpr-osm-13318073401","layer":"alpr","name":"ALPR camera — Minneapolis Police Department","county":"Hennepin County","state":"MN","countyFips":"27053","confidence":"probabilistic","sourceDate":null,"attributes":{"operator":"Minneapolis Police Department","operatorType":"Police department","manufacturer":"Insight LPR","cameraType":"fixed","direction":"0","zone":"traffic","surveillance":"public","osmId":13318073401,"osmUrl":"https://www.openstreetmap.org/node/13318073401"}}},{"type":"Feature","geometry":{"type":"Point","coordinates":[-93.2453029,44.9624795]},"properties":{"id":"alpr-osm-13318086401","layer":"alpr","name":"ALPR camera — Minneapolis Police Department","county":"Hennepin County","state":"MN","countyFips":"27053","confidence":"probabilistic","sourceDate":null,"attributes":{"operator":"Minneapolis Police Department","operatorType":"Police department","manufacturer":"Insight LPR","cameraType":"fixed","direction":"171","zone":"traffic","surveillance":"public","osmId":13318086401,"osmUrl":"https://www.openstreetmap.org/node/13318086401"}}},{"type":"Feature","geometry":{"type":"Point","coordinates":[-93.2449263,44.9626225]},"properties":{"id":"alpr-osm-13318087201","layer":"alpr","name":"ALPR camera — Minneapolis Police Department","county":"Hennepin County","state":"MN","countyFips":"27053","confidence":"probabilistic","sourceDate":null,"attributes":{"operator":"Minneapolis Police Department","operatorType":"Police department","manufacturer":"Insight LPR","cameraType":"fixed","direction":"89","zone":"traffic","surveillance":"public","osmId":13318087201,"osmUrl":"https://www.openstreetmap.org/node/13318087201"}}},{"type":"Feature","geometry":{"type":"Point","coordinates":[-92.9776113,47.5502313]},"properties":{"id":"alpr-osm-13318140001","layer":"alpr","name":"ALPR camera","county":"St. Louis County","state":"MN","countyFips":"27137","confidence":"probabilistic","sourceDate":null,"attributes":{"operator":null,"operatorType":"Not recorded","manufacturer":"Flock Safety","cameraType":"fixed","direction":"108","zone":"traffic","surveillance":"public","osmId":13318140001,"osmUrl":"https://www.openstreetmap.org/node/13318140001"}}},{"type":"Feature","geometry":{"type":"Point","coordinates":[-92.9530699,47.4010059]},"properties":{"id":"alpr-osm-13318143201","layer":"alpr","name":"ALPR camera — Lowe's","county":"St. Louis County","state":"MN","countyFips":"27137","confidence":"probabilistic","sourceDate":null,"attributes":{"operator":"Lowe's","operatorType":"Other or unclassified","manufacturer":"Flock Safety","cameraType":"fixed","direction":"68","zone":"traffic","surveillance":"public","osmId":13318143201,"osmUrl":"https://www.openstreetmap.org/node/13318143201"}}},{"type":"Feature","geometry":{"type":"Point","coordinates":[-93.5612445,45.3924065]},"properties":{"id":"alpr-osm-13318380399","layer":"alpr","name":"ALPR camera","county":"Sherburne County","state":"MN","countyFips":"27141","confidence":"probabilistic","sourceDate":null,"attributes":{"operator":null,"operatorType":"Not recorded","manufacturer":"Flock Safety","cameraType":"fixed","direction":"330","zone":null,"surveillance":null,"osmId":13318380399,"osmUrl":"https://www.openstreetmap.org/node/13318380399"}}},{"type":"Feature","geometry":{"type":"Point","coordinates":[-93.5984814,45.5722261]},"properties":{"id":"alpr-osm-13318380400","layer":"alpr","name":"ALPR camera","county":"Mille Lacs County","state":"MN","countyFips":"27095","confidence":"probabilistic","sourceDate":null,"attributes":{"operator":null,"operatorType":"Not recorded","manufacturer":"Flock Safety","cameraType":"fixed","direction":"325","zone":null,"surveillance":null,"osmId":13318380400,"osmUrl":"https://www.openstreetmap.org/node/13318380400"}}},{"type":"Feature","geometry":{"type":"Point","coordinates":[-93.6694916,45.745861]},"properties":{"id":"alpr-osm-13318423601","layer":"alpr","name":"ALPR camera","county":"Mille Lacs County","state":"MN","countyFips":"27095","confidence":"probabilistic","sourceDate":null,"attributes":{"operator":null,"operatorType":"Not recorded","manufacturer":"Flock Safety","cameraType":"fixed","direction":"45","zone":null,"surveillance":null,"osmId":13318423601,"osmUrl":"https://www.openstreetmap.org/node/13318423601"}}},{"type":"Feature","geometry":{"type":"Point","coordinates":[-93.7568059,46.1827566]},"properties":{"id":"alpr-osm-13318423602","layer":"alpr","name":"ALPR camera","county":"Mille Lacs County","state":"MN","countyFips":"27095","confidence":"probabilistic","sourceDate":null,"attributes":{"operator":null,"operatorType":"Not recorded","manufacturer":"Flock Safety","cameraType":"fixed","direction":"155","zone":null,"surveillance":null,"osmId":13318423602,"osmUrl":"https://www.openstreetmap.org/node/13318423602"}}},{"type":"Feature","geometry":{"type":"Point","coordinates":[-93.9540514,46.7181083]},"properties":{"id":"alpr-osm-13318423603","layer":"alpr","name":"ALPR camera","county":"Crow Wing County","state":"MN","countyFips":"27035","confidence":"probabilistic","sourceDate":null,"attributes":{"operator":null,"operatorType":"Not recorded","manufacturer":"Flock Safety","cameraType":"fixed","direction":"320","zone":null,"surveillance":null,"osmId":13318423603,"osmUrl":"https://www.openstreetmap.org/node/13318423603"}}},{"type":"Feature","geometry":{"type":"Point","coordinates":[-93.7558032,47.2250651]},"properties":{"id":"alpr-osm-13318423604","layer":"alpr","name":"ALPR camera","county":"Itasca County","state":"MN","countyFips":"27061","confidence":"probabilistic","sourceDate":null,"attributes":{"operator":null,"operatorType":"Not recorded","manufacturer":"Flock Safety","cameraType":"fixed","direction":"320","zone":null,"surveillance":null,"osmId":13318423604,"osmUrl":"https://www.openstreetmap.org/node/13318423604"}}},{"type":"Feature","geometry":{"type":"Point","coordinates":[-93.6557799,47.741748]},"properties":{"id":"alpr-osm-13318423605","layer":"alpr","name":"ALPR camera","county":"Itasca County","state":"MN","countyFips":"27061","confidence":"probabilistic","sourceDate":null,"attributes":{"operator":null,"operatorType":"Not recorded","manufacturer":"Flock Safety","cameraType":"fixed","direction":"185","zone":null,"surveillance":null,"osmId":13318423605,"osmUrl":"https://www.openstreetmap.org/node/13318423605"}}},{"type":"Feature","geometry":{"type":"Point","coordinates":[-93.7949687,47.3334483]},"properties":{"id":"alpr-osm-13318432905","layer":"alpr","name":"ALPR camera","county":"Itasca County","state":"MN","countyFips":"27061","confidence":"probabilistic","sourceDate":null,"attributes":{"operator":null,"operatorType":"Not recorded","manufacturer":"Flock Safety","cameraType":"fixed","direction":"270","zone":null,"surveillance":null,"osmId":13318432905,"osmUrl":"https://www.openstreetmap.org/node/13318432905"}}},{"type":"Feature","geometry":{"type":"Point","coordinates":[-93.2505406,44.8601565]},"properties":{"id":"alpr-osm-13318517501","layer":"alpr","name":"ALPR camera — Great Wolf Lodge","county":"Hennepin County","state":"MN","countyFips":"27053","confidence":"probabilistic","sourceDate":null,"attributes":{"operator":"Great Wolf Lodge","operatorType":"Other or unclassified","manufacturer":"Flock Safety","cameraType":"fixed","direction":"154","zone":"traffic","surveillance":"public","osmId":13318517501,"osmUrl":"https://www.openstreetmap.org/node/13318517501"}}},{"type":"Feature","geometry":{"type":"Point","coordinates":[-93.250415,44.860026]},"properties":{"id":"alpr-osm-13318518101","layer":"alpr","name":"ALPR camera — Great Wolf Lodge","county":"Hennepin County","state":"MN","countyFips":"27053","confidence":"probabilistic","sourceDate":null,"attributes":{"operator":"Great Wolf Lodge","operatorType":"Other or unclassified","manufacturer":"Flock Safety","cameraType":"fixed","direction":"349","zone":"traffic","surveillance":"public","osmId":13318518101,"osmUrl":"https://www.openstreetmap.org/node/13318518101"}}},{"type":"Feature","geometry":{"type":"Point","coordinates":[-93.2621354,45.0409237]},"properties":{"id":"alpr-osm-13318523101","layer":"alpr","name":"ALPR camera","county":"Anoka County","state":"MN","countyFips":"27003","confidence":"probabilistic","sourceDate":null,"attributes":{"operator":null,"operatorType":"Not recorded","manufacturer":"Flock Safety","cameraType":"fixed","direction":"73","zone":"traffic","surveillance":"public","osmId":13318523101,"osmUrl":"https://www.openstreetmap.org/node/13318523101"}}},{"type":"Feature","geometry":{"type":"Point","coordinates":[-93.2454159,44.9627737]},"properties":{"id":"alpr-osm-13319416601","layer":"alpr","name":"ALPR camera — Minneapolis Police Department","county":"Hennepin County","state":"MN","countyFips":"27053","confidence":"probabilistic","sourceDate":null,"attributes":{"operator":"Minneapolis Police Department","operatorType":"Police department","manufacturer":"Insight LPR","cameraType":"fixed","direction":"268","zone":"traffic","surveillance":"public","osmId":13319416601,"osmUrl":"https://www.openstreetmap.org/node/13319416601"}}},{"type":"Feature","geometry":{"type":"Point","coordinates":[-93.4176944,44.8909714]},"properties":{"id":"alpr-osm-13320082801","layer":"alpr","name":"ALPR camera","county":"Hennepin County","state":"MN","countyFips":"27053","confidence":"probabilistic","sourceDate":null,"attributes":{"operator":null,"operatorType":"Not recorded","manufacturer":"Flock Safety","cameraType":"fixed","direction":"191","zone":"traffic","surveillance":"public","osmId":13320082801,"osmUrl":"https://www.openstreetmap.org/node/13320082801"}}},{"type":"Feature","geometry":{"type":"Point","coordinates":[-93.4180487,44.8890568]},"properties":{"id":"alpr-osm-13320083501","layer":"alpr","name":"ALPR camera","county":"Hennepin County","state":"MN","countyFips":"27053","confidence":"probabilistic","sourceDate":null,"attributes":{"operator":null,"operatorType":"Not recorded","manufacturer":"Flock Safety","cameraType":"fixed","direction":"0","zone":"traffic","surveillance":"public","osmId":13320083501,"osmUrl":"https://www.openstreetmap.org/node/13320083501"}}},{"type":"Feature","geometry":{"type":"Point","coordinates":[-93.3882453,44.9351365]},"properties":{"id":"alpr-osm-13320320301","layer":"alpr","name":"ALPR camera","county":"Hennepin County","state":"MN","countyFips":"27053","confidence":"probabilistic","sourceDate":null,"attributes":{"operator":null,"operatorType":"Not recorded","manufacturer":null,"cameraType":"fixed","direction":null,"zone":"traffic","surveillance":"public","osmId":13320320301,"osmUrl":"https://www.openstreetmap.org/node/13320320301"}}},{"type":"Feature","geometry":{"type":"Point","coordinates":[-93.1629969,45.161992]},"properties":{"id":"alpr-osm-13322986560","layer":"alpr","name":"ALPR camera","county":"Anoka County","state":"MN","countyFips":"27003","confidence":"probabilistic","sourceDate":null,"attributes":{"operator":null,"operatorType":"Not recorded","manufacturer":"Flock Safety","cameraType":"fixed","direction":"340","zone":"public","surveillance":null,"osmId":13322986560,"osmUrl":"https://www.openstreetmap.org/node/13322986560"}}},{"type":"Feature","geometry":{"type":"Point","coordinates":[-93.4614102,45.0126306]},"properties":{"id":"alpr-osm-13324626452","layer":"alpr","name":"ALPR camera","county":"Hennepin County","state":"MN","countyFips":"27053","confidence":"probabilistic","sourceDate":null,"attributes":{"operator":null,"operatorType":"Not recorded","manufacturer":"Flock Safety","cameraType":"fixed","direction":"0","zone":"traffic","surveillance":null,"osmId":13324626452,"osmUrl":"https://www.openstreetmap.org/node/13324626452"}}},{"type":"Feature","geometry":{"type":"Point","coordinates":[-93.2227111,44.9696148]},"properties":{"id":"alpr-osm-13325467708","layer":"alpr","name":"ALPR camera","county":"Hennepin County","state":"MN","countyFips":"27053","confidence":"probabilistic","sourceDate":null,"attributes":{"operator":null,"operatorType":"Not recorded","manufacturer":"Flock Safety","cameraType":"fixed","direction":"330","zone":"traffic","surveillance":"public","osmId":13325467708,"osmUrl":"https://www.openstreetmap.org/node/13325467708"}}},{"type":"Feature","geometry":{"type":"Point","coordinates":[-92.4616604,43.9551137]},"properties":{"id":"alpr-osm-13325546601","layer":"alpr","name":"ALPR camera","county":"Olmsted County","state":"MN","countyFips":"27109","confidence":"probabilistic","sourceDate":null,"attributes":{"operator":null,"operatorType":"Not recorded","manufacturer":"Flock Safety","cameraType":"fixed","direction":"46","zone":"traffic","surveillance":"public","osmId":13325546601,"osmUrl":"https://www.openstreetmap.org/node/13325546601"}}},{"type":"Feature","geometry":{"type":"Point","coordinates":[-92.4616679,43.9551058]},"properties":{"id":"alpr-osm-13325546701","layer":"alpr","name":"ALPR camera","county":"Olmsted County","state":"MN","countyFips":"27109","confidence":"probabilistic","sourceDate":null,"attributes":{"operator":null,"operatorType":"Not recorded","manufacturer":"Flock Safety","cameraType":"fixed","direction":"139","zone":"traffic","surveillance":"public","osmId":13325546701,"osmUrl":"https://www.openstreetmap.org/node/13325546701"}}},{"type":"Feature","geometry":{"type":"Point","coordinates":[-92.4601923,43.9551047]},"properties":{"id":"alpr-osm-13325547501","layer":"alpr","name":"ALPR camera","county":"Olmsted County","state":"MN","countyFips":"27109","confidence":"probabilistic","sourceDate":null,"attributes":{"operator":null,"operatorType":"Not recorded","manufacturer":"Flock Safety","cameraType":"fixed","direction":"176","zone":"traffic","surveillance":"public","osmId":13325547501,"osmUrl":"https://www.openstreetmap.org/node/13325547501"}}},{"type":"Feature","geometry":{"type":"Point","coordinates":[-93.2401797,44.9483125]},"properties":{"id":"alpr-osm-13326566301","layer":"alpr","name":"ALPR camera — Minneapolis Police Department","county":"Hennepin County","state":"MN","countyFips":"27053","confidence":"probabilistic","sourceDate":null,"attributes":{"operator":"Minneapolis Police Department","operatorType":"Police department","manufacturer":"Insight LPR","cameraType":"fixed","direction":"100;219","zone":"traffic","surveillance":"public","osmId":13326566301,"osmUrl":"https://www.openstreetmap.org/node/13326566301"}}},{"type":"Feature","geometry":{"type":"Point","coordinates":[-93.2474139,44.9554357]},"properties":{"id":"alpr-osm-13326576501","layer":"alpr","name":"ALPR camera — Minneapolis Police Department","county":"Hennepin County","state":"MN","countyFips":"27053","confidence":"probabilistic","sourceDate":null,"attributes":{"operator":"Minneapolis Police Department","operatorType":"Police department","manufacturer":"Insight LPR","cameraType":"fixed","direction":"15;182;298","zone":"traffic","surveillance":"public","osmId":13326576501,"osmUrl":"https://www.openstreetmap.org/node/13326576501"}}},{"type":"Feature","geometry":{"type":"Point","coordinates":[-93.252623,44.9489355]},"properties":{"id":"alpr-osm-13326596601","layer":"alpr","name":"ALPR camera — Hennepin County Sheriff's Office","county":"Hennepin County","state":"MN","countyFips":"27053","confidence":"probabilistic","sourceDate":null,"attributes":{"operator":"Hennepin County Sheriff's Office","operatorType":"County sheriff","manufacturer":"Flock Safety","cameraType":"fixed","direction":"149","zone":"traffic","surveillance":"public","osmId":13326596601,"osmUrl":"https://www.openstreetmap.org/node/13326596601"}}},{"type":"Feature","geometry":{"type":"Point","coordinates":[-93.2626063,44.948515]},"properties":{"id":"alpr-osm-13326601701","layer":"alpr","name":"ALPR camera — Minneapolis Police Department","county":"Hennepin County","state":"MN","countyFips":"27053","confidence":"probabilistic","sourceDate":null,"attributes":{"operator":"Minneapolis Police Department","operatorType":"Police department","manufacturer":"Insight LPR","cameraType":"fixed","direction":"0;232","zone":"traffic","surveillance":"public","osmId":13326601701,"osmUrl":"https://www.openstreetmap.org/node/13326601701"}}},{"type":"Feature","geometry":{"type":"Point","coordinates":[-93.262767,44.9482326]},"properties":{"id":"alpr-osm-13326604001","layer":"alpr","name":"ALPR camera — Minneapolis Police Department","county":"Hennepin County","state":"MN","countyFips":"27053","confidence":"probabilistic","sourceDate":null,"attributes":{"operator":"Minneapolis Police Department","operatorType":"Police department","manufacturer":"Insight LPR","cameraType":"fixed","direction":"186;40","zone":"traffic","surveillance":"public","osmId":13326604001,"osmUrl":"https://www.openstreetmap.org/node/13326604001"}}},{"type":"Feature","geometry":{"type":"Point","coordinates":[-93.275263,44.9483047]},"properties":{"id":"alpr-osm-13326610301","layer":"alpr","name":"ALPR camera — Minneapolis Police Department","county":"Hennepin County","state":"MN","countyFips":"27053","confidence":"probabilistic","sourceDate":null,"attributes":{"operator":"Minneapolis Police Department","operatorType":"Police department","manufacturer":"Insight LPR","cameraType":"fixed","direction":"67;321","zone":"traffic","surveillance":"public","osmId":13326610301,"osmUrl":"https://www.openstreetmap.org/node/13326610301"}}},{"type":"Feature","geometry":{"type":"Point","coordinates":[-93.2879838,44.9673197]},"properties":{"id":"alpr-osm-13326636101","layer":"alpr","name":"ALPR camera — Minneapolis Police Department","county":"Hennepin County","state":"MN","countyFips":"27053","confidence":"probabilistic","sourceDate":null,"attributes":{"operator":"Minneapolis Police Department","operatorType":"Police department","manufacturer":"Insight LPR","cameraType":"fixed","direction":"16;342","zone":"traffic","surveillance":"public","osmId":13326636101,"osmUrl":"https://www.openstreetmap.org/node/13326636101"}}},{"type":"Feature","geometry":{"type":"Point","coordinates":[-93.2883549,44.9670041]},"properties":{"id":"alpr-osm-13326638301","layer":"alpr","name":"ALPR camera — Minneapolis Police Department","county":"Hennepin County","state":"MN","countyFips":"27053","confidence":"probabilistic","sourceDate":null,"attributes":{"operator":"Minneapolis Police Department","operatorType":"Police department","manufacturer":"Insight LPR","cameraType":"fixed","direction":"205;165;136","zone":"traffic","surveillance":"public","osmId":13326638301,"osmUrl":"https://www.openstreetmap.org/node/13326638301"}}},{"type":"Feature","geometry":{"type":"Point","coordinates":[-93.2405299,44.9484534]},"properties":{"id":"alpr-osm-13326638601","layer":"alpr","name":"ALPR camera — Minneapolis Police Department","county":"Hennepin County","state":"MN","countyFips":"27053","confidence":"probabilistic","sourceDate":null,"attributes":{"operator":"Minneapolis Police Department","operatorType":"Police department","manufacturer":"Insight LPR","cameraType":"fixed","direction":"264","zone":"traffic","surveillance":"public","osmId":13326638601,"osmUrl":"https://www.openstreetmap.org/node/13326638601"}}},{"type":"Feature","geometry":{"type":"Point","coordinates":[-93.2474139,44.9554357]},"properties":{"id":"alpr-osm-13326643701","layer":"alpr","name":"ALPR camera — Minneapolis Police Department","county":"Hennepin County","state":"MN","countyFips":"27053","confidence":"probabilistic","sourceDate":null,"attributes":{"operator":"Minneapolis Police Department","operatorType":"Police department","manufacturer":"Insight LPR","cameraType":"fixed","direction":"15;182;298","zone":"traffic","surveillance":"public","osmId":13326643701,"osmUrl":"https://www.openstreetmap.org/node/13326643701"}}},{"type":"Feature","geometry":{"type":"Point","coordinates":[-93.252623,44.9489355]},"properties":{"id":"alpr-osm-13326645101","layer":"alpr","name":"ALPR camera — Hennepin County Sheriff's Office","county":"Hennepin County","state":"MN","countyFips":"27053","confidence":"probabilistic","sourceDate":null,"attributes":{"operator":"Hennepin County Sheriff's Office","operatorType":"County sheriff","manufacturer":"Flock Safety","cameraType":"fixed","direction":"149","zone":"traffic","surveillance":"public","osmId":13326645101,"osmUrl":"https://www.openstreetmap.org/node/13326645101"}}},{"type":"Feature","geometry":{"type":"Point","coordinates":[-93.262767,44.9482326]},"properties":{"id":"alpr-osm-13326645301","layer":"alpr","name":"ALPR camera — Minneapolis Police Department","county":"Hennepin County","state":"MN","countyFips":"27053","confidence":"probabilistic","sourceDate":null,"attributes":{"operator":"Minneapolis Police Department","operatorType":"Police department","manufacturer":"Insight LPR","cameraType":"fixed","direction":"186;40","zone":"traffic","surveillance":"public","osmId":13326645301,"osmUrl":"https://www.openstreetmap.org/node/13326645301"}}},{"type":"Feature","geometry":{"type":"Point","coordinates":[-93.2880043,44.9520821]},"properties":{"id":"alpr-osm-13326646401","layer":"alpr","name":"ALPR camera — Minneapolis Police Department","county":"Hennepin County","state":"MN","countyFips":"27053","confidence":"probabilistic","sourceDate":null,"attributes":{"operator":"Minneapolis Police Department","operatorType":"Police department","manufacturer":"Insight LPR","cameraType":"fixed","direction":"136;227;155;337","zone":"traffic","surveillance":"public","osmId":13326646401,"osmUrl":"https://www.openstreetmap.org/node/13326646401"}}},{"type":"Feature","geometry":{"type":"Point","coordinates":[-93.2778818,44.9625962]},"properties":{"id":"alpr-osm-13326664301","layer":"alpr","name":"ALPR camera — Minneapolis Police Department","county":"Hennepin County","state":"MN","countyFips":"27053","confidence":"probabilistic","sourceDate":null,"attributes":{"operator":"Minneapolis Police Department","operatorType":"Police department","manufacturer":"Insight LPR","cameraType":"fixed","direction":"308;56","zone":"traffic","surveillance":"public","osmId":13326664301,"osmUrl":"https://www.openstreetmap.org/node/13326664301"}}},{"type":"Feature","geometry":{"type":"Point","coordinates":[-93.2624044,44.9626684]},"properties":{"id":"alpr-osm-13326664302","layer":"alpr","name":"ALPR camera — Minneapolis Police Department","county":"Hennepin County","state":"MN","countyFips":"27053","confidence":"probabilistic","sourceDate":null,"attributes":{"operator":"Minneapolis Police Department","operatorType":"Police department","manufacturer":"Insight LPR","cameraType":"fixed","direction":"88;315","zone":"traffic","surveillance":"public","osmId":13326664302,"osmUrl":"https://www.openstreetmap.org/node/13326664302"}}},{"type":"Feature","geometry":{"type":"Point","coordinates":[-93.2626363,44.9625929]},"properties":{"id":"alpr-osm-13326675001","layer":"alpr","name":"ALPR camera — Minneapolis Police Department","county":"Hennepin County","state":"MN","countyFips":"27053","confidence":"probabilistic","sourceDate":null,"attributes":{"operator":"Minneapolis Police Department","operatorType":"Police department","manufacturer":"Insight LPR","cameraType":"fixed","direction":"29;174","zone":"traffic","surveillance":"public","osmId":13326675001,"osmUrl":"https://www.openstreetmap.org/node/13326675001"}}},{"type":"Feature","geometry":{"type":"Point","coordinates":[-93.2623076,44.9712488]},"properties":{"id":"alpr-osm-13326688801","layer":"alpr","name":"ALPR camera — Minneapolis Police Department","county":"Hennepin County","state":"MN","countyFips":"27053","confidence":"probabilistic","sourceDate":null,"attributes":{"operator":"Minneapolis Police Department","operatorType":"Police department","manufacturer":"Insight LPR","cameraType":"fixed","direction":"329;59","zone":"traffic","surveillance":"public","osmId":13326688801,"osmUrl":"https://www.openstreetmap.org/node/13326688801"}}},{"type":"Feature","geometry":{"type":"Point","coordinates":[-93.2758222,44.978836]},"properties":{"id":"alpr-osm-13326698801","layer":"alpr","name":"ALPR camera — Minneapolis Police Department","county":"Hennepin County","state":"MN","countyFips":"27053","confidence":"probabilistic","sourceDate":null,"attributes":{"operator":"Minneapolis Police Department","operatorType":"Police department","manufacturer":"Insight LPR","cameraType":"fixed","direction":"41","zone":"traffic","surveillance":"public","osmId":13326698801,"osmUrl":"https://www.openstreetmap.org/node/13326698801"}}},{"type":"Feature","geometry":{"type":"Point","coordinates":[-93.2761124,44.9788418]},"properties":{"id":"alpr-osm-13326699501","layer":"alpr","name":"ALPR camera — Minneapolis Police Department","county":"Hennepin County","state":"MN","countyFips":"27053","confidence":"probabilistic","sourceDate":null,"attributes":{"operator":"Minneapolis Police Department","operatorType":"Police department","manufacturer":"Insight LPR","cameraType":"fixed","direction":"203","zone":"traffic","surveillance":"public","osmId":13326699501,"osmUrl":"https://www.openstreetmap.org/node/13326699501"}}},{"type":"Feature","geometry":{"type":"Point","coordinates":[-93.2727034,44.9812]},"properties":{"id":"alpr-osm-13326702502","layer":"alpr","name":"ALPR camera — Minneapolis Police Department","county":"Hennepin County","state":"MN","countyFips":"27053","confidence":"probabilistic","sourceDate":null,"attributes":{"operator":"Minneapolis Police Department","operatorType":"Police department","manufacturer":"Insight LPR","cameraType":"fixed","direction":"69;221","zone":"traffic","surveillance":"public","osmId":13326702502,"osmUrl":"https://www.openstreetmap.org/node/13326702502"}}},{"type":"Feature","geometry":{"type":"Point","coordinates":[-93.2726229,44.9829873]},"properties":{"id":"alpr-osm-13326722801","layer":"alpr","name":"ALPR camera — Minneapolis Police Department","county":"Hennepin County","state":"MN","countyFips":"27053","confidence":"probabilistic","sourceDate":null,"attributes":{"operator":"Minneapolis Police Department","operatorType":"Police department","manufacturer":"Insight LPR","cameraType":"fixed","direction":"265;296;318","zone":"traffic","surveillance":"public","osmId":13326722801,"osmUrl":"https://www.openstreetmap.org/node/13326722801"}}},{"type":"Feature","geometry":{"type":"Point","coordinates":[-93.2723777,44.9829427]},"properties":{"id":"alpr-osm-13326724001","layer":"alpr","name":"ALPR camera — Minneapolis Police Department","county":"Hennepin County","state":"MN","countyFips":"27053","confidence":"probabilistic","sourceDate":null,"attributes":{"operator":"Minneapolis Police Department","operatorType":"Police department","manufacturer":"Insight LPR","cameraType":"fixed","direction":"53;17","zone":"traffic","surveillance":"public","osmId":13326724001,"osmUrl":"https://www.openstreetmap.org/node/13326724001"}}},{"type":"Feature","geometry":{"type":"Point","coordinates":[-93.2714216,44.9838568]},"properties":{"id":"alpr-osm-13326727701","layer":"alpr","name":"ALPR camera — Minneapolis Police Department","county":"Hennepin County","state":"MN","countyFips":"27053","confidence":"probabilistic","sourceDate":null,"attributes":{"operator":"Minneapolis Police Department","operatorType":"Police department","manufacturer":"Insight LPR","cameraType":"fixed","direction":"173;321","zone":"traffic","surveillance":"public","osmId":13326727701,"osmUrl":"https://www.openstreetmap.org/node/13326727701"}}},{"type":"Feature","geometry":{"type":"Point","coordinates":[-93.2851212,44.9992046]},"properties":{"id":"alpr-osm-13326820801","layer":"alpr","name":"ALPR camera — Minneapolis Police Department","county":"Hennepin County","state":"MN","countyFips":"27053","confidence":"probabilistic","sourceDate":null,"attributes":{"operator":"Minneapolis Police Department","operatorType":"Police department","manufacturer":"Insight LPR","cameraType":"fixed","direction":"263;125","zone":"traffic","surveillance":"public","osmId":13326820801,"osmUrl":"https://www.openstreetmap.org/node/13326820801"}}},{"type":"Feature","geometry":{"type":"Point","coordinates":[-93.2879496,44.9992613]},"properties":{"id":"alpr-osm-13326820802","layer":"alpr","name":"ALPR camera — Minneapolis Police Department","county":"Hennepin County","state":"MN","countyFips":"27053","confidence":"probabilistic","sourceDate":null,"attributes":{"operator":"Minneapolis Police Department","operatorType":"Police department","manufacturer":"Insight LPR","cameraType":"fixed","direction":"183;0;258","zone":"traffic","surveillance":"public","osmId":13326820802,"osmUrl":"https://www.openstreetmap.org/node/13326820802"}}},{"type":"Feature","geometry":{"type":"Point","coordinates":[-93.2878173,44.9991012]},"properties":{"id":"alpr-osm-13326823401","layer":"alpr","name":"ALPR camera — Minneapolis Police Department","county":"Hennepin County","state":"MN","countyFips":"27053","confidence":"probabilistic","sourceDate":null,"attributes":{"operator":"Minneapolis Police Department","operatorType":"Police department","manufacturer":"Insight LPR","cameraType":"fixed","direction":"95","zone":"traffic","surveillance":"public","osmId":13326823401,"osmUrl":"https://www.openstreetmap.org/node/13326823401"}}},{"type":"Feature","geometry":{"type":"Point","coordinates":[-93.2957962,44.9992161]},"properties":{"id":"alpr-osm-13326829201","layer":"alpr","name":"ALPR camera — Minneapolis Police Department","county":"Hennepin County","state":"MN","countyFips":"27053","confidence":"probabilistic","sourceDate":null,"attributes":{"operator":"Minneapolis Police Department","operatorType":"Police department","manufacturer":"Insight LPR","cameraType":"fixed","direction":"261;132","zone":"traffic","surveillance":"public","osmId":13326829201,"osmUrl":"https://www.openstreetmap.org/node/13326829201"}}},{"type":"Feature","geometry":{"type":"Point","coordinates":[-93.2939482,44.991938]},"properties":{"id":"alpr-osm-13326846001","layer":"alpr","name":"ALPR camera — Minneapolis Police Department","county":"Hennepin County","state":"MN","countyFips":"27053","confidence":"probabilistic","sourceDate":null,"attributes":{"operator":"Minneapolis Police Department","operatorType":"Police department","manufacturer":"Insight LPR","cameraType":"fixed","direction":"97;298;325","zone":"traffic","surveillance":"public","osmId":13326846001,"osmUrl":"https://www.openstreetmap.org/node/13326846001"}}},{"type":"Feature","geometry":{"type":"Point","coordinates":[-93.3082911,44.9913821]},"properties":{"id":"alpr-osm-13326853901","layer":"alpr","name":"ALPR camera — Minneapolis Police Department","county":"Hennepin County","state":"MN","countyFips":"27053","confidence":"probabilistic","sourceDate":null,"attributes":{"operator":"Minneapolis Police Department","operatorType":"Police department","manufacturer":"Insight LPR","cameraType":"fixed","direction":"29;174","zone":"traffic","surveillance":"public","osmId":13326853901,"osmUrl":"https://www.openstreetmap.org/node/13326853901"}}},{"type":"Feature","geometry":{"type":"Point","coordinates":[-93.308395,44.9915229]},"properties":{"id":"alpr-osm-13326859701","layer":"alpr","name":"ALPR camera — Minneapolis Police Department","county":"Hennepin County","state":"MN","countyFips":"27053","confidence":"probabilistic","sourceDate":null,"attributes":{"operator":"Minneapolis Police Department","operatorType":"Police department","manufacturer":"Insight LPR","cameraType":"fixed","direction":"277;75","zone":"traffic","surveillance":"public","osmId":13326859701,"osmUrl":"https://www.openstreetmap.org/node/13326859701"}}},{"type":"Feature","geometry":{"type":"Point","coordinates":[-93.3083,44.9808575]},"properties":{"id":"alpr-osm-13326867001","layer":"alpr","name":"ALPR camera — Minneapolis Police Department","county":"Hennepin County","state":"MN","countyFips":"27053","confidence":"probabilistic","sourceDate":null,"attributes":{"operator":"Minneapolis Police Department","operatorType":"Police department","manufacturer":"Insight LPR","cameraType":"fixed","direction":"0;181","zone":"traffic","surveillance":"public","osmId":13326867001,"osmUrl":"https://www.openstreetmap.org/node/13326867001"}}},{"type":"Feature","geometry":{"type":"Point","coordinates":[-93.3151361,45.0096182]},"properties":{"id":"alpr-osm-13326884601","layer":"alpr","name":"ALPR camera — Minneapolis Police Department","county":"Hennepin County","state":"MN","countyFips":"27053","confidence":"probabilistic","sourceDate":null,"attributes":{"operator":"Minneapolis Police Department","operatorType":"Police department","manufacturer":"Insight LPR","cameraType":"fixed","direction":"86;149;292;340","zone":"traffic","surveillance":"public","osmId":13326884601,"osmUrl":"https://www.openstreetmap.org/node/13326884601"}}},{"type":"Feature","geometry":{"type":"Point","coordinates":[-93.3085214,45.0355351]},"properties":{"id":"alpr-osm-13326912301","layer":"alpr","name":"ALPR camera — Minneapolis Police Department","county":"Hennepin County","state":"MN","countyFips":"27053","confidence":"probabilistic","sourceDate":null,"attributes":{"operator":"Minneapolis Police Department","operatorType":"Police department","manufacturer":"Insight LPR","cameraType":"fixed","direction":"251;197;123","zone":"traffic","surveillance":"public","osmId":13326912301,"osmUrl":"https://www.openstreetmap.org/node/13326912301"}}},{"type":"Feature","geometry":{"type":"Point","coordinates":[-93.3085054,45.0276136]},"properties":{"id":"alpr-osm-13326917001","layer":"alpr","name":"ALPR camera — Hennepin County Sheriff's Office","county":"Hennepin County","state":"MN","countyFips":"27053","confidence":"probabilistic","sourceDate":null,"attributes":{"operator":"Hennepin County Sheriff's Office","operatorType":"County sheriff","manufacturer":"Flock Safety","cameraType":"fixed","direction":"163","zone":"traffic","surveillance":"public","osmId":13326917001,"osmUrl":"https://www.openstreetmap.org/node/13326917001"}}},{"type":"Feature","geometry":{"type":"Point","coordinates":[-93.2955345,45.0245956]},"properties":{"id":"alpr-osm-13326932401","layer":"alpr","name":"ALPR camera — Hennepin County Sheriff's Office","county":"Hennepin County","state":"MN","countyFips":"27053","confidence":"probabilistic","sourceDate":null,"attributes":{"operator":"Hennepin County Sheriff's Office","operatorType":"County sheriff","manufacturer":"Flock Safety","cameraType":"fixed","direction":"196","zone":"traffic","surveillance":"public","osmId":13326932401,"osmUrl":"https://www.openstreetmap.org/node/13326932401"}}},{"type":"Feature","geometry":{"type":"Point","coordinates":[-93.2957883,45.0132113]},"properties":{"id":"alpr-osm-13326950801","layer":"alpr","name":"ALPR camera — Minneapolis Police Department","county":"Hennepin County","state":"MN","countyFips":"27053","confidence":"probabilistic","sourceDate":null,"attributes":{"operator":"Minneapolis Police Department","operatorType":"Police department","manufacturer":"Insight LPR","cameraType":"fixed","direction":"100;253","zone":"traffic","surveillance":"public","osmId":13326950801,"osmUrl":"https://www.openstreetmap.org/node/13326950801"}}},{"type":"Feature","geometry":{"type":"Point","coordinates":[-93.2956408,45.0130412]},"properties":{"id":"alpr-osm-13326953701","layer":"alpr","name":"ALPR camera — Minneapolis Police Department","county":"Hennepin County","state":"MN","countyFips":"27053","confidence":"probabilistic","sourceDate":null,"attributes":{"operator":"Minneapolis Police Department","operatorType":"Police department","manufacturer":"Insight LPR","cameraType":"fixed","direction":"176","zone":"traffic","surveillance":"public","osmId":13326953701,"osmUrl":"https://www.openstreetmap.org/node/13326953701"}}},{"type":"Feature","geometry":{"type":"Point","coordinates":[-93.2633712,44.9986095]},"properties":{"id":"alpr-osm-13326975601","layer":"alpr","name":"ALPR camera — Minneapolis Police Department","county":"Hennepin County","state":"MN","countyFips":"27053","confidence":"probabilistic","sourceDate":null,"attributes":{"operator":"Minneapolis Police Department","operatorType":"Police department","manufacturer":"Insight LPR","cameraType":"fixed","direction":"197;39","zone":"traffic","surveillance":"public","osmId":13326975601,"osmUrl":"https://www.openstreetmap.org/node/13326975601"}}},{"type":"Feature","geometry":{"type":"Point","coordinates":[-93.2630673,44.9986758]},"properties":{"id":"alpr-osm-13326976601","layer":"alpr","name":"ALPR camera — Minneapolis Police Department","county":"Hennepin County","state":"MN","countyFips":"27053","confidence":"probabilistic","sourceDate":null,"attributes":{"operator":"Minneapolis Police Department","operatorType":"Police department","manufacturer":"Insight LPR","cameraType":"fixed","direction":"97;270","zone":"traffic","surveillance":"public","osmId":13326976601,"osmUrl":"https://www.openstreetmap.org/node/13326976601"}}},{"type":"Feature","geometry":{"type":"Point","coordinates":[-93.2372209,45.0059148]},"properties":{"id":"alpr-osm-13326990601","layer":"alpr","name":"ALPR camera — Minneapolis Police Department","county":"Hennepin County","state":"MN","countyFips":"27053","confidence":"probabilistic","sourceDate":null,"attributes":{"operator":"Minneapolis Police Department","operatorType":"Police department","manufacturer":"Insight LPR","cameraType":"fixed","direction":"18;183","zone":"traffic","surveillance":"public","osmId":13326990601,"osmUrl":"https://www.openstreetmap.org/node/13326990601"}}},{"type":"Feature","geometry":{"type":"Point","coordinates":[-93.2121297,44.9989121]},"properties":{"id":"alpr-osm-13326994804","layer":"alpr","name":"ALPR camera","county":"Hennepin County","state":"MN","countyFips":"27053","confidence":"probabilistic","sourceDate":null,"attributes":{"operator":null,"operatorType":"Not recorded","manufacturer":"Flock Safety","cameraType":"fixed","direction":"98","zone":"traffic","surveillance":"public","osmId":13326994804,"osmUrl":"https://www.openstreetmap.org/node/13326994804"}}},{"type":"Feature","geometry":{"type":"Point","coordinates":[-93.2138229,44.998847]},"properties":{"id":"alpr-osm-13326995206","layer":"alpr","name":"ALPR camera","county":"Hennepin County","state":"MN","countyFips":"27053","confidence":"probabilistic","sourceDate":null,"attributes":{"operator":null,"operatorType":"Not recorded","manufacturer":"Flock Safety","cameraType":"fixed","direction":"110","zone":"traffic","surveillance":"public","osmId":13326995206,"osmUrl":"https://www.openstreetmap.org/node/13326995206"}}},{"type":"Feature","geometry":{"type":"Point","coordinates":[-93.2138229,44.998847]},"properties":{"id":"alpr-osm-13326995305","layer":"alpr","name":"ALPR camera","county":"Hennepin County","state":"MN","countyFips":"27053","confidence":"probabilistic","sourceDate":null,"attributes":{"operator":null,"operatorType":"Not recorded","manufacturer":"Flock Safety","cameraType":"fixed","direction":"110","zone":"traffic","surveillance":"public","osmId":13326995305,"osmUrl":"https://www.openstreetmap.org/node/13326995305"}}},{"type":"Feature","geometry":{"type":"Point","coordinates":[-93.2142088,44.9999404]},"properties":{"id":"alpr-osm-13327008701","layer":"alpr","name":"ALPR camera","county":"Hennepin County","state":"MN","countyFips":"27053","confidence":"probabilistic","sourceDate":null,"attributes":{"operator":null,"operatorType":"Not recorded","manufacturer":"Flock Safety","cameraType":"fixed","direction":"220","zone":"traffic","surveillance":"public","osmId":13327008701,"osmUrl":"https://www.openstreetmap.org/node/13327008701"}}},{"type":"Feature","geometry":{"type":"Point","coordinates":[-92.8576622,44.9101164]},"properties":{"id":"alpr-osm-13329131100","layer":"alpr","name":"ALPR camera","county":"Washington County","state":"MN","countyFips":"27163","confidence":"probabilistic","sourceDate":null,"attributes":{"operator":null,"operatorType":"Not recorded","manufacturer":"Flock Safety","cameraType":"fixed","direction":null,"zone":null,"surveillance":null,"osmId":13329131100,"osmUrl":"https://www.openstreetmap.org/node/13329131100"}}},{"type":"Feature","geometry":{"type":"Point","coordinates":[-92.8591996,44.9160383]},"properties":{"id":"alpr-osm-13329156569","layer":"alpr","name":"ALPR camera","county":"Washington County","state":"MN","countyFips":"27163","confidence":"probabilistic","sourceDate":null,"attributes":{"operator":null,"operatorType":"Not recorded","manufacturer":"Flock Safety","cameraType":"fixed","direction":"180","zone":null,"surveillance":null,"osmId":13329156569,"osmUrl":"https://www.openstreetmap.org/node/13329156569"}}},{"type":"Feature","geometry":{"type":"Point","coordinates":[-92.9696834,45.0315246]},"properties":{"id":"alpr-osm-13329539201","layer":"alpr","name":"ALPR camera","county":"Washington County","state":"MN","countyFips":"27163","confidence":"probabilistic","sourceDate":null,"attributes":{"operator":null,"operatorType":"Not recorded","manufacturer":"Flock Safety","cameraType":"fixed","direction":"128-173","zone":"traffic","surveillance":"public","osmId":13329539201,"osmUrl":"https://www.openstreetmap.org/node/13329539201"}}},{"type":"Feature","geometry":{"type":"Point","coordinates":[-93.5508473,44.9024113]},"properties":{"id":"alpr-osm-13334644063","layer":"alpr","name":"ALPR camera — SLMPD","county":"Hennepin County","state":"MN","countyFips":"27053","confidence":"probabilistic","sourceDate":null,"attributes":{"operator":"SLMPD","operatorType":"Police department","manufacturer":"Flock Safety","cameraType":null,"direction":"310","zone":null,"surveillance":"camera","osmId":13334644063,"osmUrl":"https://www.openstreetmap.org/node/13334644063"}}},{"type":"Feature","geometry":{"type":"Point","coordinates":[-93.2390472,45.1151874]},"properties":{"id":"alpr-osm-13334812602","layer":"alpr","name":"ALPR camera","county":"Anoka County","state":"MN","countyFips":"27003","confidence":"probabilistic","sourceDate":null,"attributes":{"operator":null,"operatorType":"Not recorded","manufacturer":"Flock Safety","cameraType":"fixed","direction":"338-23;155-200","zone":"traffic","surveillance":"public","osmId":13334812602,"osmUrl":"https://www.openstreetmap.org/node/13334812602"}}},{"type":"Feature","geometry":{"type":"Point","coordinates":[-93.2383225,45.1161117]},"properties":{"id":"alpr-osm-13334818703","layer":"alpr","name":"ALPR camera","county":"Anoka County","state":"MN","countyFips":"27003","confidence":"probabilistic","sourceDate":null,"attributes":{"operator":null,"operatorType":"Not recorded","manufacturer":"Flock Safety","cameraType":"fixed","direction":"66-111;250-295","zone":"traffic","surveillance":"public","osmId":13334818703,"osmUrl":"https://www.openstreetmap.org/node/13334818703"}}},{"type":"Feature","geometry":{"type":"Point","coordinates":[-93.2398475,45.1152093]},"properties":{"id":"alpr-osm-13334891302","layer":"alpr","name":"ALPR camera","county":"Anoka County","state":"MN","countyFips":"27003","confidence":"probabilistic","sourceDate":null,"attributes":{"operator":null,"operatorType":"Not recorded","manufacturer":"Flock Safety","cameraType":"fixed","direction":"338-23;162-207","zone":"traffic","surveillance":"public","osmId":13334891302,"osmUrl":"https://www.openstreetmap.org/node/13334891302"}}},{"type":"Feature","geometry":{"type":"Point","coordinates":[-93.7490977,44.8909943]},"properties":{"id":"alpr-osm-13334945361","layer":"alpr","name":"ALPR camera","county":"Hennepin County","state":"MN","countyFips":"27053","confidence":"probabilistic","sourceDate":null,"attributes":{"operator":null,"operatorType":"Not recorded","manufacturer":"Flock Safety","cameraType":null,"direction":"360","zone":null,"surveillance":"camera","osmId":13334945361,"osmUrl":"https://www.openstreetmap.org/node/13334945361"}}},{"type":"Feature","geometry":{"type":"Point","coordinates":[-93.0650997,44.9991608]},"properties":{"id":"alpr-osm-13336960477","layer":"alpr","name":"ALPR camera","county":"Ramsey County","state":"MN","countyFips":"27123","confidence":"probabilistic","sourceDate":null,"attributes":{"operator":null,"operatorType":"Not recorded","manufacturer":"Flock Safety","cameraType":"fixed","direction":"335-45","zone":null,"surveillance":null,"osmId":13336960477,"osmUrl":"https://www.openstreetmap.org/node/13336960477"}}},{"type":"Feature","geometry":{"type":"Point","coordinates":[-93.1636523,45.1567633]},"properties":{"id":"alpr-osm-13339585201","layer":"alpr","name":"ALPR camera","county":"Anoka County","state":"MN","countyFips":"27003","confidence":"probabilistic","sourceDate":null,"attributes":{"operator":null,"operatorType":"Not recorded","manufacturer":"Flock Safety","cameraType":"fixed","direction":"242-287","zone":"traffic","surveillance":"public","osmId":13339585201,"osmUrl":"https://www.openstreetmap.org/node/13339585201"}}},{"type":"Feature","geometry":{"type":"Point","coordinates":[-93.2530043,45.0356388]},"properties":{"id":"alpr-osm-13341724501","layer":"alpr","name":"ALPR camera","county":"Anoka County","state":"MN","countyFips":"27003","confidence":"probabilistic","sourceDate":null,"attributes":{"operator":null,"operatorType":"Not recorded","manufacturer":"Flock Safety","cameraType":"fixed","direction":"77-122;239-284","zone":"traffic","surveillance":"public","osmId":13341724501,"osmUrl":"https://www.openstreetmap.org/node/13341724501"}}},{"type":"Feature","geometry":{"type":"Point","coordinates":[-92.7401721,44.6634468]},"properties":{"id":"alpr-osm-13342754301","layer":"alpr","name":"ALPR camera — Dakota County Sheriff's Office","county":"Dakota County","state":"MN","countyFips":"27037","confidence":"probabilistic","sourceDate":null,"attributes":{"operator":"Dakota County Sheriff's Office","operatorType":"County sheriff","manufacturer":"Flock Safety","cameraType":"fixed","direction":"204-249","zone":"traffic","surveillance":"public","osmId":13342754301,"osmUrl":"https://www.openstreetmap.org/node/13342754301"}}},{"type":"Feature","geometry":{"type":"Point","coordinates":[-93.2436549,44.8565361]},"properties":{"id":"alpr-osm-13342971101","layer":"alpr","name":"ALPR camera","county":"Hennepin County","state":"MN","countyFips":"27053","confidence":"probabilistic","sourceDate":null,"attributes":{"operator":null,"operatorType":"Not recorded","manufacturer":"Flock Safety","cameraType":"fixed","direction":"119","zone":"traffic","surveillance":"public","osmId":13342971101,"osmUrl":"https://www.openstreetmap.org/node/13342971101"}}},{"type":"Feature","geometry":{"type":"Point","coordinates":[-93.2426432,44.8596894]},"properties":{"id":"alpr-osm-13343052301","layer":"alpr","name":"ALPR camera","county":"Hennepin County","state":"MN","countyFips":"27053","confidence":"probabilistic","sourceDate":null,"attributes":{"operator":null,"operatorType":"Not recorded","manufacturer":"Flock Safety","cameraType":"fixed","direction":"136","zone":"traffic","surveillance":"public","osmId":13343052301,"osmUrl":"https://www.openstreetmap.org/node/13343052301"}}},{"type":"Feature","geometry":{"type":"Point","coordinates":[-92.7398194,44.6637355]},"properties":{"id":"alpr-osm-13343141901","layer":"alpr","name":"ALPR camera — Dakota County Sheriff's Office","county":"Dakota County","state":"MN","countyFips":"27037","confidence":"probabilistic","sourceDate":null,"attributes":{"operator":"Dakota County Sheriff's Office","operatorType":"County sheriff","manufacturer":"Flock Safety","cameraType":"fixed","direction":"254-299","zone":"traffic","surveillance":"public","osmId":13343141901,"osmUrl":"https://www.openstreetmap.org/node/13343141901"}}},{"type":"Feature","geometry":{"type":"Point","coordinates":[-93.0549879,44.7159463]},"properties":{"id":"alpr-osm-13343160903","layer":"alpr","name":"ALPR camera — Dakota County Sheriff's Office","county":"Dakota County","state":"MN","countyFips":"27037","confidence":"probabilistic","sourceDate":null,"attributes":{"operator":"Dakota County Sheriff's Office","operatorType":"County sheriff","manufacturer":"Flock Safety","cameraType":"fixed","direction":"260-305","zone":"traffic","surveillance":"public","osmId":13343160903,"osmUrl":"https://www.openstreetmap.org/node/13343160903"}}},{"type":"Feature","geometry":{"type":"Point","coordinates":[-93.0857413,47.3947373]},"properties":{"id":"alpr-osm-13345167201","layer":"alpr","name":"ALPR camera","county":"Itasca County","state":"MN","countyFips":"27061","confidence":"probabilistic","sourceDate":null,"attributes":{"operator":null,"operatorType":"Not recorded","manufacturer":"Flock Safety","cameraType":"fixed","direction":"139-184","zone":"traffic","surveillance":"public","osmId":13345167201,"osmUrl":"https://www.openstreetmap.org/node/13345167201"}}},{"type":"Feature","geometry":{"type":"Point","coordinates":[-93.4398207,44.7463862]},"properties":{"id":"alpr-osm-13346880601","layer":"alpr","name":"ALPR camera","county":"Scott County","state":"MN","countyFips":"27139","confidence":"probabilistic","sourceDate":null,"attributes":{"operator":null,"operatorType":"Not recorded","manufacturer":"Flock Safety","cameraType":"fixed","direction":"147","zone":"traffic","surveillance":"public","osmId":13346880601,"osmUrl":"https://www.openstreetmap.org/node/13346880601"}}},{"type":"Feature","geometry":{"type":"Point","coordinates":[-93.1671013,44.8337282]},"properties":{"id":"alpr-osm-13348680201","layer":"alpr","name":"ALPR camera","county":"Dakota County","state":"MN","countyFips":"27037","confidence":"probabilistic","sourceDate":null,"attributes":{"operator":null,"operatorType":"Not recorded","manufacturer":"Flock Safety","cameraType":"fixed","direction":"332","zone":"traffic","surveillance":"public","osmId":13348680201,"osmUrl":"https://www.openstreetmap.org/node/13348680201"}}},{"type":"Feature","geometry":{"type":"Point","coordinates":[-93.2079408,44.8193769]},"properties":{"id":"alpr-osm-13348693401","layer":"alpr","name":"ALPR camera","county":"Dakota County","state":"MN","countyFips":"27037","confidence":"probabilistic","sourceDate":null,"attributes":{"operator":null,"operatorType":"Not recorded","manufacturer":"Flock Safety","cameraType":"fixed","direction":"295","zone":"traffic","surveillance":"public","osmId":13348693401,"osmUrl":"https://www.openstreetmap.org/node/13348693401"}}},{"type":"Feature","geometry":{"type":"Point","coordinates":[-93.3886649,45.1055035]},"properties":{"id":"alpr-osm-13348942501","layer":"alpr","name":"ALPR camera","county":"Hennepin County","state":"MN","countyFips":"27053","confidence":"probabilistic","sourceDate":null,"attributes":{"operator":null,"operatorType":"Not recorded","manufacturer":"Flock Safety","cameraType":"fixed","direction":"340","zone":"traffic","surveillance":"public","osmId":13348942501,"osmUrl":"https://www.openstreetmap.org/node/13348942501"}}},{"type":"Feature","geometry":{"type":"Point","coordinates":[-93.388757,45.1084341]},"properties":{"id":"alpr-osm-13348950401","layer":"alpr","name":"ALPR camera","county":"Hennepin County","state":"MN","countyFips":"27053","confidence":"probabilistic","sourceDate":null,"attributes":{"operator":null,"operatorType":"Not recorded","manufacturer":"Flock Safety","cameraType":"fixed","direction":"156","zone":"traffic","surveillance":"public","osmId":13348950401,"osmUrl":"https://www.openstreetmap.org/node/13348950401"}}},{"type":"Feature","geometry":{"type":"Point","coordinates":[-93.2391386,44.9804719]},"properties":{"id":"alpr-osm-13350707227","layer":"alpr","name":"ALPR camera","county":"Hennepin County","state":"MN","countyFips":"27053","confidence":"probabilistic","sourceDate":null,"attributes":{"operator":null,"operatorType":"Not recorded","manufacturer":"Flock Safety","cameraType":"fixed","direction":"80","zone":null,"surveillance":null,"osmId":13350707227,"osmUrl":"https://www.openstreetmap.org/node/13350707227"}}},{"type":"Feature","geometry":{"type":"Point","coordinates":[-93.3510213,44.896696]},"properties":{"id":"alpr-osm-13351572609","layer":"alpr","name":"ALPR camera — Edina Police Department","county":"Hennepin County","state":"MN","countyFips":"27053","confidence":"probabilistic","sourceDate":null,"attributes":{"operator":"Edina Police Department","operatorType":"Police department","manufacturer":"Flock Safety","cameraType":"fixed","direction":"240","zone":"traffic","surveillance":null,"osmId":13351572609,"osmUrl":"https://www.openstreetmap.org/node/13351572609"}}},{"type":"Feature","geometry":{"type":"Point","coordinates":[-93.3533437,44.8754909]},"properties":{"id":"alpr-osm-13351572611","layer":"alpr","name":"ALPR camera — Edina Police Department","county":"Hennepin County","state":"MN","countyFips":"27053","confidence":"probabilistic","sourceDate":null,"attributes":{"operator":"Edina Police Department","operatorType":"Police department","manufacturer":"Flock Safety","cameraType":"fixed","direction":"190","zone":"traffic","surveillance":"traffic","osmId":13351572611,"osmUrl":"https://www.openstreetmap.org/node/13351572611"}}},{"type":"Feature","geometry":{"type":"Point","coordinates":[-93.5119273,44.9103901]},"properties":{"id":"alpr-osm-13351582492","layer":"alpr","name":"ALPR camera — Minnetonka High School","county":"Hennepin County","state":"MN","countyFips":"27053","confidence":"probabilistic","sourceDate":null,"attributes":{"operator":"Minnetonka High School","operatorType":"School or campus","manufacturer":"Flock Safety","cameraType":"fixed","direction":"125","zone":null,"surveillance":"camera","osmId":13351582492,"osmUrl":"https://www.openstreetmap.org/node/13351582492"}}},{"type":"Feature","geometry":{"type":"Point","coordinates":[-92.988621,44.621191]},"properties":{"id":"alpr-osm-13352228101","layer":"alpr","name":"ALPR camera — Dakota County Sheriff's Office","county":"Dakota County","state":"MN","countyFips":"27037","confidence":"probabilistic","sourceDate":null,"attributes":{"operator":"Dakota County Sheriff's Office","operatorType":"County sheriff","manufacturer":"Flock Safety","cameraType":"fixed","direction":"338-23","zone":"traffic","surveillance":"public","osmId":13352228101,"osmUrl":"https://www.openstreetmap.org/node/13352228101"}}},{"type":"Feature","geometry":{"type":"Point","coordinates":[-96.7661074,46.8439686]},"properties":{"id":"alpr-osm-13352374201","layer":"alpr","name":"ALPR camera","county":"Clay County","state":"MN","countyFips":"27027","confidence":"probabilistic","sourceDate":null,"attributes":{"operator":null,"operatorType":"Not recorded","manufacturer":"Flock Safety","cameraType":"fixed","direction":"54-99","zone":"traffic","surveillance":"public","osmId":13352374201,"osmUrl":"https://www.openstreetmap.org/node/13352374201"}}},{"type":"Feature","geometry":{"type":"Point","coordinates":[-93.560656,45.3213057]},"properties":{"id":"alpr-osm-13352399439","layer":"alpr","name":"ALPR camera","county":"Sherburne County","state":"MN","countyFips":"27141","confidence":"probabilistic","sourceDate":null,"attributes":{"operator":null,"operatorType":"Not recorded","manufacturer":"Flock Safety","cameraType":"fixed","direction":"55","zone":null,"surveillance":null,"osmId":13352399439,"osmUrl":"https://www.openstreetmap.org/node/13352399439"}}},{"type":"Feature","geometry":{"type":"Point","coordinates":[-95.353356,45.8605766]},"properties":{"id":"alpr-osm-13352518301","layer":"alpr","name":"ALPR camera","county":"Douglas County","state":"MN","countyFips":"27041","confidence":"probabilistic","sourceDate":null,"attributes":{"operator":null,"operatorType":"Not recorded","manufacturer":"Flock Safety","cameraType":"fixed","direction":"263-308","zone":"traffic","surveillance":"public","osmId":13352518301,"osmUrl":"https://www.openstreetmap.org/node/13352518301"}}},{"type":"Feature","geometry":{"type":"Point","coordinates":[-93.4850498,44.8625373]},"properties":{"id":"alpr-osm-13353903514","layer":"alpr","name":"ALPR camera — Eden Prairie PD","county":"Hennepin County","state":"MN","countyFips":"27053","confidence":"probabilistic","sourceDate":null,"attributes":{"operator":"Eden Prairie PD","operatorType":"Police department","manufacturer":"Motorola Solutions","cameraType":"fixed","direction":"325","zone":"traffic","surveillance":"public","osmId":13353903514,"osmUrl":"https://www.openstreetmap.org/node/13353903514"}}},{"type":"Feature","geometry":{"type":"Point","coordinates":[-92.9561332,47.4005982]},"properties":{"id":"alpr-osm-13354582603","layer":"alpr","name":"ALPR camera","county":"St. Louis County","state":"MN","countyFips":"27137","confidence":"probabilistic","sourceDate":null,"attributes":{"operator":null,"operatorType":"Not recorded","manufacturer":"Flock Safety","cameraType":"fixed","direction":"345","zone":"traffic","surveillance":"public","osmId":13354582603,"osmUrl":"https://www.openstreetmap.org/node/13354582603"}}},{"type":"Feature","geometry":{"type":"Point","coordinates":[-93.4260083,44.8619414]},"properties":{"id":"alpr-osm-13356346601","layer":"alpr","name":"ALPR camera","county":"Hennepin County","state":"MN","countyFips":"27053","confidence":"probabilistic","sourceDate":null,"attributes":{"operator":null,"operatorType":"Not recorded","manufacturer":"Motorola Solutions","cameraType":"fixed","direction":"302","zone":"traffic","surveillance":"public","osmId":13356346601,"osmUrl":"https://www.openstreetmap.org/node/13356346601"}}},{"type":"Feature","geometry":{"type":"Point","coordinates":[-93.4411934,44.8612648]},"properties":{"id":"alpr-osm-13356399601","layer":"alpr","name":"ALPR camera","county":"Hennepin County","state":"MN","countyFips":"27053","confidence":"probabilistic","sourceDate":null,"attributes":{"operator":null,"operatorType":"Not recorded","manufacturer":"Motorola Solutions","cameraType":"fixed","direction":"37","zone":"traffic","surveillance":"public","osmId":13356399601,"osmUrl":"https://www.openstreetmap.org/node/13356399601"}}},{"type":"Feature","geometry":{"type":"Point","coordinates":[-92.9236116,44.7565152]},"properties":{"id":"alpr-osm-13358041803","layer":"alpr","name":"ALPR camera","county":"Dakota County","state":"MN","countyFips":"27037","confidence":"probabilistic","sourceDate":null,"attributes":{"operator":null,"operatorType":"Not recorded","manufacturer":"Flock Safety","cameraType":"fixed","direction":"34-79","zone":"traffic","surveillance":"public","osmId":13358041803,"osmUrl":"https://www.openstreetmap.org/node/13358041803"}}},{"type":"Feature","geometry":{"type":"Point","coordinates":[-93.0239105,44.7127286]},"properties":{"id":"alpr-osm-13358045801","layer":"alpr","name":"ALPR camera — Dakota County Sheriff's Office","county":"Dakota County","state":"MN","countyFips":"27037","confidence":"probabilistic","sourceDate":null,"attributes":{"operator":"Dakota County Sheriff's Office","operatorType":"County sheriff","manufacturer":"Flock Safety","cameraType":"fixed","direction":"28-73","zone":"traffic","surveillance":"public","osmId":13358045801,"osmUrl":"https://www.openstreetmap.org/node/13358045801"}}},{"type":"Feature","geometry":{"type":"Point","coordinates":[-93.0675045,44.9016066]},"properties":{"id":"alpr-osm-13358060701","layer":"alpr","name":"ALPR camera","county":"Dakota County","state":"MN","countyFips":"27037","confidence":"probabilistic","sourceDate":null,"attributes":{"operator":null,"operatorType":"Not recorded","manufacturer":"Flock Safety","cameraType":"fixed","direction":"247","zone":"traffic","surveillance":"public","osmId":13358060701,"osmUrl":"https://www.openstreetmap.org/node/13358060701"}}},{"type":"Feature","geometry":{"type":"Point","coordinates":[-93.0702165,44.8837012]},"properties":{"id":"alpr-osm-13358072001","layer":"alpr","name":"ALPR camera","county":"Dakota County","state":"MN","countyFips":"27037","confidence":"probabilistic","sourceDate":null,"attributes":{"operator":null,"operatorType":"Not recorded","manufacturer":"Flock Safety","cameraType":"fixed","direction":"321","zone":"traffic","surveillance":"public","osmId":13358072001,"osmUrl":"https://www.openstreetmap.org/node/13358072001"}}},{"type":"Feature","geometry":{"type":"Point","coordinates":[-95.3894275,45.8507392]},"properties":{"id":"alpr-osm-13358123801","layer":"alpr","name":"ALPR camera","county":"Douglas County","state":"MN","countyFips":"27041","confidence":"probabilistic","sourceDate":null,"attributes":{"operator":null,"operatorType":"Not recorded","manufacturer":"Flock Safety","cameraType":"fixed","direction":"241-286","zone":"traffic","surveillance":"public","osmId":13358123801,"osmUrl":"https://www.openstreetmap.org/node/13358123801"}}},{"type":"Feature","geometry":{"type":"Point","coordinates":[-93.2901425,45.0732806]},"properties":{"id":"alpr-osm-13358132501","layer":"alpr","name":"ALPR camera","county":"Hennepin County","state":"MN","countyFips":"27053","confidence":"probabilistic","sourceDate":null,"attributes":{"operator":null,"operatorType":"Not recorded","manufacturer":"Flock Safety","cameraType":"fixed","direction":"0","zone":"traffic","surveillance":"public","osmId":13358132501,"osmUrl":"https://www.openstreetmap.org/node/13358132501"}}},{"type":"Feature","geometry":{"type":"Point","coordinates":[-93.3189747,45.0605563]},"properties":{"id":"alpr-osm-13358134801","layer":"alpr","name":"ALPR camera","county":"Hennepin County","state":"MN","countyFips":"27053","confidence":"probabilistic","sourceDate":null,"attributes":{"operator":null,"operatorType":"Not recorded","manufacturer":"Flock Safety","cameraType":"fixed","direction":"257","zone":"traffic","surveillance":"public","osmId":13358134801,"osmUrl":"https://www.openstreetmap.org/node/13358134801"}}},{"type":"Feature","geometry":{"type":"Point","coordinates":[-95.382351,45.8506121]},"properties":{"id":"alpr-osm-13358140101","layer":"alpr","name":"ALPR camera","county":"Douglas County","state":"MN","countyFips":"27041","confidence":"probabilistic","sourceDate":null,"attributes":{"operator":null,"operatorType":"Not recorded","manufacturer":"Flock Safety","cameraType":"fixed","direction":"205-250","zone":"traffic","surveillance":"public","osmId":13358140101,"osmUrl":"https://www.openstreetmap.org/node/13358140101"}}},{"type":"Feature","geometry":{"type":"Point","coordinates":[-93.4651373,44.7773973]},"properties":{"id":"alpr-osm-13358163802","layer":"alpr","name":"ALPR camera","county":"Scott County","state":"MN","countyFips":"27139","confidence":"probabilistic","sourceDate":null,"attributes":{"operator":null,"operatorType":"Not recorded","manufacturer":"Flock Safety","cameraType":"fixed","direction":"239","zone":"traffic","surveillance":"public","osmId":13358163802,"osmUrl":"https://www.openstreetmap.org/node/13358163802"}}},{"type":"Feature","geometry":{"type":"Point","coordinates":[-95.3875188,45.8498592]},"properties":{"id":"alpr-osm-13358164901","layer":"alpr","name":"ALPR camera","county":"Douglas County","state":"MN","countyFips":"27041","confidence":"probabilistic","sourceDate":null,"attributes":{"operator":null,"operatorType":"Not recorded","manufacturer":"Flock Safety","cameraType":"fixed","direction":"121-166","zone":"traffic","surveillance":"public","osmId":13358164901,"osmUrl":"https://www.openstreetmap.org/node/13358164901"}}},{"type":"Feature","geometry":{"type":"Point","coordinates":[-93.4656097,44.7786099]},"properties":{"id":"alpr-osm-13358166101","layer":"alpr","name":"ALPR camera","county":"Scott County","state":"MN","countyFips":"27139","confidence":"probabilistic","sourceDate":null,"attributes":{"operator":null,"operatorType":"Not recorded","manufacturer":"Flock Safety","cameraType":"fixed","direction":"277","zone":"traffic","surveillance":"public","osmId":13358166101,"osmUrl":"https://www.openstreetmap.org/node/13358166101"}}},{"type":"Feature","geometry":{"type":"Point","coordinates":[-93.4673643,44.7781729]},"properties":{"id":"alpr-osm-13358167001","layer":"alpr","name":"ALPR camera","county":"Scott County","state":"MN","countyFips":"27139","confidence":"probabilistic","sourceDate":null,"attributes":{"operator":null,"operatorType":"Not recorded","manufacturer":"Flock Safety","cameraType":"fixed","direction":"72","zone":"traffic","surveillance":"public","osmId":13358167001,"osmUrl":"https://www.openstreetmap.org/node/13358167001"}}},{"type":"Feature","geometry":{"type":"Point","coordinates":[-95.3529442,45.8883485]},"properties":{"id":"alpr-osm-13358185501","layer":"alpr","name":"ALPR camera","county":"Douglas County","state":"MN","countyFips":"27041","confidence":"probabilistic","sourceDate":null,"attributes":{"operator":null,"operatorType":"Not recorded","manufacturer":"Flock Safety","cameraType":"fixed","direction":"241-286","zone":"traffic","surveillance":"public","osmId":13358185501,"osmUrl":"https://www.openstreetmap.org/node/13358185501"}}},{"type":"Feature","geometry":{"type":"Point","coordinates":[-93.0583337,44.9183069]},"properties":{"id":"alpr-osm-13358400001","layer":"alpr","name":"ALPR camera","county":"Dakota County","state":"MN","countyFips":"27037","confidence":"probabilistic","sourceDate":null,"attributes":{"operator":null,"operatorType":"Not recorded","manufacturer":"Flock Safety","cameraType":"fixed","direction":"289","zone":"traffic","surveillance":"public","osmId":13358400001,"osmUrl":"https://www.openstreetmap.org/node/13358400001"}}},{"type":"Feature","geometry":{"type":"Point","coordinates":[-92.3084936,44.4852593]},"properties":{"id":"alpr-osm-13358407601","layer":"alpr","name":"ALPR camera","county":"Goodhue County","state":"MN","countyFips":"27049","confidence":"probabilistic","sourceDate":null,"attributes":{"operator":null,"operatorType":"Not recorded","manufacturer":"Flock Safety","cameraType":"fixed","direction":"131","zone":"traffic","surveillance":"public","osmId":13358407601,"osmUrl":"https://www.openstreetmap.org/node/13358407601"}}},{"type":"Feature","geometry":{"type":"Point","coordinates":[-93.0764759,44.9192038]},"properties":{"id":"alpr-osm-13358408101","layer":"alpr","name":"ALPR camera","county":"Dakota County","state":"MN","countyFips":"27037","confidence":"probabilistic","sourceDate":null,"attributes":{"operator":null,"operatorType":"Not recorded","manufacturer":"Flock Safety","cameraType":"fixed","direction":"154","zone":"traffic","surveillance":"public","osmId":13358408101,"osmUrl":"https://www.openstreetmap.org/node/13358408101"}}},{"type":"Feature","geometry":{"type":"Point","coordinates":[-93.0627411,44.9122664]},"properties":{"id":"alpr-osm-13358408201","layer":"alpr","name":"ALPR camera","county":"Dakota County","state":"MN","countyFips":"27037","confidence":"probabilistic","sourceDate":null,"attributes":{"operator":null,"operatorType":"Not recorded","manufacturer":"Flock Safety","cameraType":"fixed","direction":"75","zone":"traffic","surveillance":"public","osmId":13358408201,"osmUrl":"https://www.openstreetmap.org/node/13358408201"}}},{"type":"Feature","geometry":{"type":"Point","coordinates":[-93.0683619,44.8980219]},"properties":{"id":"alpr-osm-13358408203","layer":"alpr","name":"ALPR camera","county":"Dakota County","state":"MN","countyFips":"27037","confidence":"probabilistic","sourceDate":null,"attributes":{"operator":null,"operatorType":"Not recorded","manufacturer":"Flock Safety","cameraType":"fixed","direction":"248","zone":"traffic","surveillance":"public","osmId":13358408203,"osmUrl":"https://www.openstreetmap.org/node/13358408203"}}},{"type":"Feature","geometry":{"type":"Point","coordinates":[-93.0423416,44.8751193]},"properties":{"id":"alpr-osm-13358408204","layer":"alpr","name":"ALPR camera","county":"Dakota County","state":"MN","countyFips":"27037","confidence":"probabilistic","sourceDate":null,"attributes":{"operator":null,"operatorType":"Not recorded","manufacturer":"Flock Safety","cameraType":"fixed","direction":"50","zone":"traffic","surveillance":"public","osmId":13358408204,"osmUrl":"https://www.openstreetmap.org/node/13358408204"}}},{"type":"Feature","geometry":{"type":"Point","coordinates":[-93.0647336,44.897878]},"properties":{"id":"alpr-osm-13358408501","layer":"alpr","name":"ALPR camera","county":"Dakota County","state":"MN","countyFips":"27037","confidence":"probabilistic","sourceDate":null,"attributes":{"operator":null,"operatorType":"Not recorded","manufacturer":"Flock Safety","cameraType":"fixed","direction":"70","zone":"traffic","surveillance":"public","osmId":13358408501,"osmUrl":"https://www.openstreetmap.org/node/13358408501"}}},{"type":"Feature","geometry":{"type":"Point","coordinates":[-93.0607012,44.885783]},"properties":{"id":"alpr-osm-13358409301","layer":"alpr","name":"ALPR camera","county":"Dakota County","state":"MN","countyFips":"27037","confidence":"probabilistic","sourceDate":null,"attributes":{"operator":null,"operatorType":"Not recorded","manufacturer":"Flock Safety","cameraType":"fixed","direction":"39","zone":"traffic","surveillance":"public","osmId":13358409301,"osmUrl":"https://www.openstreetmap.org/node/13358409301"}}},{"type":"Feature","geometry":{"type":"Point","coordinates":[-93.0342772,44.8934243]},"properties":{"id":"alpr-osm-13358409701","layer":"alpr","name":"ALPR camera","county":"Dakota County","state":"MN","countyFips":"27037","confidence":"probabilistic","sourceDate":null,"attributes":{"operator":null,"operatorType":"Not recorded","manufacturer":"Flock Safety","cameraType":"fixed","direction":"297","zone":"traffic","surveillance":"public","osmId":13358409701,"osmUrl":"https://www.openstreetmap.org/node/13358409701"}}},{"type":"Feature","geometry":{"type":"Point","coordinates":[-93.0316182,44.878494]},"properties":{"id":"alpr-osm-13358409702","layer":"alpr","name":"ALPR camera","county":"Dakota County","state":"MN","countyFips":"27037","confidence":"probabilistic","sourceDate":null,"attributes":{"operator":null,"operatorType":"Not recorded","manufacturer":"Flock Safety","cameraType":"fixed","direction":"143","zone":"traffic","surveillance":"public","osmId":13358409702,"osmUrl":"https://www.openstreetmap.org/node/13358409702"}}},{"type":"Feature","geometry":{"type":"Point","coordinates":[-93.0398524,44.8755451]},"properties":{"id":"alpr-osm-13358414401","layer":"alpr","name":"ALPR camera","county":"Dakota County","state":"MN","countyFips":"27037","confidence":"probabilistic","sourceDate":null,"attributes":{"operator":null,"operatorType":"Not recorded","manufacturer":"Flock Safety","cameraType":"fixed","direction":"339","zone":"traffic","surveillance":"public","osmId":13358414401,"osmUrl":"https://www.openstreetmap.org/node/13358414401"}}},{"type":"Feature","geometry":{"type":"Point","coordinates":[-93.0316182,44.878494]},"properties":{"id":"alpr-osm-13358419502","layer":"alpr","name":"ALPR camera","county":"Dakota County","state":"MN","countyFips":"27037","confidence":"probabilistic","sourceDate":null,"attributes":{"operator":null,"operatorType":"Not recorded","manufacturer":"Flock Safety","cameraType":"fixed","direction":"143","zone":"traffic","surveillance":"public","osmId":13358419502,"osmUrl":"https://www.openstreetmap.org/node/13358419502"}}},{"type":"Feature","geometry":{"type":"Point","coordinates":[-93.4848287,45.015636]},"properties":{"id":"alpr-osm-13360069701","layer":"alpr","name":"ALPR camera","county":"Hennepin County","state":"MN","countyFips":"27053","confidence":"probabilistic","sourceDate":null,"attributes":{"operator":null,"operatorType":"Not recorded","manufacturer":"Flock Safety","cameraType":"fixed","direction":"343","zone":"traffic","surveillance":"public","osmId":13360069701,"osmUrl":"https://www.openstreetmap.org/node/13360069701"}}},{"type":"Feature","geometry":{"type":"Point","coordinates":[-93.4242046,45.0902453]},"properties":{"id":"alpr-osm-13360092502","layer":"alpr","name":"ALPR camera","county":"Hennepin County","state":"MN","countyFips":"27053","confidence":"probabilistic","sourceDate":null,"attributes":{"operator":null,"operatorType":"Not recorded","manufacturer":"Flock Safety","cameraType":"fixed","direction":"86","zone":"traffic","surveillance":"public","osmId":13360092502,"osmUrl":"https://www.openstreetmap.org/node/13360092502"}}},{"type":"Feature","geometry":{"type":"Point","coordinates":[-93.4217174,45.0912084]},"properties":{"id":"alpr-osm-13360099201","layer":"alpr","name":"ALPR camera","county":"Hennepin County","state":"MN","countyFips":"27053","confidence":"probabilistic","sourceDate":null,"attributes":{"operator":null,"operatorType":"Not recorded","manufacturer":"Flock Safety","cameraType":"fixed","direction":"269","zone":"traffic","surveillance":"public","osmId":13360099201,"osmUrl":"https://www.openstreetmap.org/node/13360099201"}}},{"type":"Feature","geometry":{"type":"Point","coordinates":[-93.4214926,45.0902937]},"properties":{"id":"alpr-osm-13360099401","layer":"alpr","name":"ALPR camera","county":"Hennepin County","state":"MN","countyFips":"27053","confidence":"probabilistic","sourceDate":null,"attributes":{"operator":null,"operatorType":"Not recorded","manufacturer":"Flock Safety","cameraType":"fixed","direction":"265","zone":"traffic","surveillance":"public","osmId":13360099401,"osmUrl":"https://www.openstreetmap.org/node/13360099401"}}},{"type":"Feature","geometry":{"type":"Point","coordinates":[-93.3911935,45.1063723]},"properties":{"id":"alpr-osm-13360109902","layer":"alpr","name":"ALPR camera","county":"Hennepin County","state":"MN","countyFips":"27053","confidence":"probabilistic","sourceDate":null,"attributes":{"operator":null,"operatorType":"Not recorded","manufacturer":"Flock Safety","cameraType":"fixed","direction":"70","zone":"traffic","surveillance":"public","osmId":13360109902,"osmUrl":"https://www.openstreetmap.org/node/13360109902"}}},{"type":"Feature","geometry":{"type":"Point","coordinates":[-93.3898292,45.1080261]},"properties":{"id":"alpr-osm-13360111501","layer":"alpr","name":"ALPR camera","county":"Hennepin County","state":"MN","countyFips":"27053","confidence":"probabilistic","sourceDate":null,"attributes":{"operator":null,"operatorType":"Not recorded","manufacturer":"Flock Safety","cameraType":"fixed","direction":"132","zone":"traffic","surveillance":"public","osmId":13360111501,"osmUrl":"https://www.openstreetmap.org/node/13360111501"}}},{"type":"Feature","geometry":{"type":"Point","coordinates":[-93.354295,45.1980832]},"properties":{"id":"alpr-osm-13360188001","layer":"alpr","name":"ALPR camera","county":"Anoka County","state":"MN","countyFips":"27003","confidence":"probabilistic","sourceDate":null,"attributes":{"operator":null,"operatorType":"Not recorded","manufacturer":"Flock Safety","cameraType":"fixed","direction":"0","zone":"traffic","surveillance":"public","osmId":13360188001,"osmUrl":"https://www.openstreetmap.org/node/13360188001"}}},{"type":"Feature","geometry":{"type":"Point","coordinates":[-93.3500483,45.1978636]},"properties":{"id":"alpr-osm-13360189601","layer":"alpr","name":"ALPR camera","county":"Anoka County","state":"MN","countyFips":"27003","confidence":"probabilistic","sourceDate":null,"attributes":{"operator":null,"operatorType":"Not recorded","manufacturer":"Flock Safety","cameraType":"fixed","direction":"0","zone":"traffic","surveillance":"public","osmId":13360189601,"osmUrl":"https://www.openstreetmap.org/node/13360189601"}}},{"type":"Feature","geometry":{"type":"Point","coordinates":[-93.3355835,45.1973572]},"properties":{"id":"alpr-osm-13360193201","layer":"alpr","name":"ALPR camera","county":"Anoka County","state":"MN","countyFips":"27003","confidence":"probabilistic","sourceDate":null,"attributes":{"operator":null,"operatorType":"Not recorded","manufacturer":"Flock Safety","cameraType":"fixed","direction":"154","zone":"traffic","surveillance":"public","osmId":13360193201,"osmUrl":"https://www.openstreetmap.org/node/13360193201"}}},{"type":"Feature","geometry":{"type":"Point","coordinates":[-93.2334065,45.1683224]},"properties":{"id":"alpr-osm-13360229101","layer":"alpr","name":"ALPR camera","county":"Anoka County","state":"MN","countyFips":"27003","confidence":"probabilistic","sourceDate":null,"attributes":{"operator":null,"operatorType":"Not recorded","manufacturer":"Flock Safety","cameraType":"fixed","direction":"0","zone":"traffic","surveillance":"public","osmId":13360229101,"osmUrl":"https://www.openstreetmap.org/node/13360229101"}}},{"type":"Feature","geometry":{"type":"Point","coordinates":[-92.8296173,45.0342701]},"properties":{"id":"alpr-osm-13360311901","layer":"alpr","name":"ALPR camera","county":"Washington County","state":"MN","countyFips":"27163","confidence":"probabilistic","sourceDate":null,"attributes":{"operator":null,"operatorType":"Not recorded","manufacturer":"Flock Safety","cameraType":"fixed","direction":"92","zone":"traffic","surveillance":"public","osmId":13360311901,"osmUrl":"https://www.openstreetmap.org/node/13360311901"}}},{"type":"Feature","geometry":{"type":"Point","coordinates":[-92.8270472,45.0342491]},"properties":{"id":"alpr-osm-13360313501","layer":"alpr","name":"ALPR camera","county":"Washington County","state":"MN","countyFips":"27163","confidence":"probabilistic","sourceDate":null,"attributes":{"operator":null,"operatorType":"Not recorded","manufacturer":"Flock Safety","cameraType":"fixed","direction":"270","zone":"traffic","surveillance":"public","osmId":13360313501,"osmUrl":"https://www.openstreetmap.org/node/13360313501"}}},{"type":"Feature","geometry":{"type":"Point","coordinates":[-92.8266949,45.0333946]},"properties":{"id":"alpr-osm-13360313502","layer":"alpr","name":"ALPR camera","county":"Washington County","state":"MN","countyFips":"27163","confidence":"probabilistic","sourceDate":null,"attributes":{"operator":null,"operatorType":"Not recorded","manufacturer":"Flock Safety","cameraType":"fixed","direction":"267","zone":"traffic","surveillance":"public","osmId":13360313502,"osmUrl":"https://www.openstreetmap.org/node/13360313502"}}},{"type":"Feature","geometry":{"type":"Point","coordinates":[-93.2379592,45.1972036]},"properties":{"id":"alpr-osm-13360382401","layer":"alpr","name":"ALPR camera","county":"Anoka County","state":"MN","countyFips":"27003","confidence":"probabilistic","sourceDate":null,"attributes":{"operator":null,"operatorType":"Not recorded","manufacturer":"Flock Safety","cameraType":"fixed","direction":"283","zone":"traffic","surveillance":"public","osmId":13360382401,"osmUrl":"https://www.openstreetmap.org/node/13360382401"}}},{"type":"Feature","geometry":{"type":"Point","coordinates":[-93.006268,45.2684223]},"properties":{"id":"alpr-osm-13360657854","layer":"alpr","name":"ALPR camera","county":"Washington County","state":"MN","countyFips":"27163","confidence":"probabilistic","sourceDate":null,"attributes":{"operator":null,"operatorType":"Not recorded","manufacturer":"Flock Safety","cameraType":"fixed","direction":"75","zone":null,"surveillance":null,"osmId":13360657854,"osmUrl":"https://www.openstreetmap.org/node/13360657854"}}},{"type":"Feature","geometry":{"type":"Point","coordinates":[-92.9864354,45.2547005]},"properties":{"id":"alpr-osm-13360666215","layer":"alpr","name":"ALPR camera","county":"Washington County","state":"MN","countyFips":"27163","confidence":"probabilistic","sourceDate":null,"attributes":{"operator":null,"operatorType":"Not recorded","manufacturer":"Flock Safety","cameraType":"fixed","direction":"220","zone":null,"surveillance":null,"osmId":13360666215,"osmUrl":"https://www.openstreetmap.org/node/13360666215"}}},{"type":"Feature","geometry":{"type":"Point","coordinates":[-93.2872702,44.745654]},"properties":{"id":"alpr-osm-13363507201","layer":"alpr","name":"ALPR camera","county":"Dakota County","state":"MN","countyFips":"27037","confidence":"probabilistic","sourceDate":null,"attributes":{"operator":null,"operatorType":"Not recorded","manufacturer":"Flock Safety","cameraType":"fixed","direction":"255","zone":"traffic","surveillance":"public","osmId":13363507201,"osmUrl":"https://www.openstreetmap.org/node/13363507201"}}},{"type":"Feature","geometry":{"type":"Point","coordinates":[-93.2879446,44.7459126]},"properties":{"id":"alpr-osm-13363508101","layer":"alpr","name":"ALPR camera","county":"Dakota County","state":"MN","countyFips":"27037","confidence":"probabilistic","sourceDate":null,"attributes":{"operator":null,"operatorType":"Not recorded","manufacturer":"Flock Safety","cameraType":"fixed","direction":"236","zone":"traffic","surveillance":"public","osmId":13363508101,"osmUrl":"https://www.openstreetmap.org/node/13363508101"}}},{"type":"Feature","geometry":{"type":"Point","coordinates":[-93.2903145,44.745841]},"properties":{"id":"alpr-osm-13363510101","layer":"alpr","name":"ALPR camera","county":"Dakota County","state":"MN","countyFips":"27037","confidence":"probabilistic","sourceDate":null,"attributes":{"operator":null,"operatorType":"Not recorded","manufacturer":"Flock Safety","cameraType":"fixed","direction":"52","zone":"traffic","surveillance":"public","osmId":13363510101,"osmUrl":"https://www.openstreetmap.org/node/13363510101"}}},{"type":"Feature","geometry":{"type":"Point","coordinates":[-93.3083735,44.8646267]},"properties":{"id":"alpr-osm-13363526301","layer":"alpr","name":"ALPR camera","county":"Hennepin County","state":"MN","countyFips":"27053","confidence":"probabilistic","sourceDate":null,"attributes":{"operator":null,"operatorType":"Not recorded","manufacturer":"Flock Safety","cameraType":"fixed","direction":"335","zone":"traffic","surveillance":"public","osmId":13363526301,"osmUrl":"https://www.openstreetmap.org/node/13363526301"}}},{"type":"Feature","geometry":{"type":"Point","coordinates":[-93.2881645,44.8626897]},"properties":{"id":"alpr-osm-13363603901","layer":"alpr","name":"ALPR camera","county":"Hennepin County","state":"MN","countyFips":"27053","confidence":"probabilistic","sourceDate":null,"attributes":{"operator":null,"operatorType":"Not recorded","manufacturer":"Flock Safety","cameraType":"fixed","direction":"333","zone":"traffic","surveillance":"public","osmId":13363603901,"osmUrl":"https://www.openstreetmap.org/node/13363603901"}}},{"type":"Feature","geometry":{"type":"Point","coordinates":[-93.3287132,44.8772698]},"properties":{"id":"alpr-osm-13363720301","layer":"alpr","name":"ALPR camera","county":"Hennepin County","state":"MN","countyFips":"27053","confidence":"probabilistic","sourceDate":null,"attributes":{"operator":null,"operatorType":"Not recorded","manufacturer":"Flock Safety","cameraType":"fixed","direction":"80","zone":"traffic","surveillance":"public","osmId":13363720301,"osmUrl":"https://www.openstreetmap.org/node/13363720301"}}},{"type":"Feature","geometry":{"type":"Point","coordinates":[-93.3286572,44.879724]},"properties":{"id":"alpr-osm-13363724801","layer":"alpr","name":"ALPR camera","county":"Hennepin County","state":"MN","countyFips":"27053","confidence":"probabilistic","sourceDate":null,"attributes":{"operator":null,"operatorType":"Not recorded","manufacturer":"Flock Safety","cameraType":"fixed","direction":"62","zone":"traffic","surveillance":"public","osmId":13363724801,"osmUrl":"https://www.openstreetmap.org/node/13363724801"}}},{"type":"Feature","geometry":{"type":"Point","coordinates":[-93.3284799,44.8799043]},"properties":{"id":"alpr-osm-13363725001","layer":"alpr","name":"ALPR camera","county":"Hennepin County","state":"MN","countyFips":"27053","confidence":"probabilistic","sourceDate":null,"attributes":{"operator":null,"operatorType":"Not recorded","manufacturer":"Flock Safety","cameraType":"fixed","direction":"5","zone":"traffic","surveillance":"public","osmId":13363725001,"osmUrl":"https://www.openstreetmap.org/node/13363725001"}}},{"type":"Feature","geometry":{"type":"Point","coordinates":[-93.3273389,44.8833922]},"properties":{"id":"alpr-osm-13363726001","layer":"alpr","name":"ALPR camera","county":"Hennepin County","state":"MN","countyFips":"27053","confidence":"probabilistic","sourceDate":null,"attributes":{"operator":null,"operatorType":"Not recorded","manufacturer":"Flock Safety","cameraType":"fixed","direction":"111","zone":"traffic","surveillance":"public","osmId":13363726001,"osmUrl":"https://www.openstreetmap.org/node/13363726001"}}},{"type":"Feature","geometry":{"type":"Point","coordinates":[-93.3217013,44.8817721]},"properties":{"id":"alpr-osm-13363735001","layer":"alpr","name":"ALPR camera","county":"Hennepin County","state":"MN","countyFips":"27053","confidence":"probabilistic","sourceDate":null,"attributes":{"operator":null,"operatorType":"Not recorded","manufacturer":"Flock Safety","cameraType":"fixed","direction":"300","zone":"traffic","surveillance":"public","osmId":13363735001,"osmUrl":"https://www.openstreetmap.org/node/13363735001"}}},{"type":"Feature","geometry":{"type":"Point","coordinates":[-93.3264454,44.8783653]},"properties":{"id":"alpr-osm-13363740601","layer":"alpr","name":"ALPR camera","county":"Hennepin County","state":"MN","countyFips":"27053","confidence":"probabilistic","sourceDate":null,"attributes":{"operator":null,"operatorType":"Not recorded","manufacturer":"Flock Safety","cameraType":"fixed","direction":"339","zone":"traffic","surveillance":"public","osmId":13363740601,"osmUrl":"https://www.openstreetmap.org/node/13363740601"}}},{"type":"Feature","geometry":{"type":"Point","coordinates":[-93.3464441,44.8634308]},"properties":{"id":"alpr-osm-13363743501","layer":"alpr","name":"ALPR camera","county":"Hennepin County","state":"MN","countyFips":"27053","confidence":"probabilistic","sourceDate":null,"attributes":{"operator":null,"operatorType":"Not recorded","manufacturer":"Flock Safety","cameraType":"fixed","direction":"99","zone":"traffic","surveillance":"public","osmId":13363743501,"osmUrl":"https://www.openstreetmap.org/node/13363743501"}}},{"type":"Feature","geometry":{"type":"Point","coordinates":[-93.3479145,44.8763097]},"properties":{"id":"alpr-osm-13363743901","layer":"alpr","name":"ALPR camera","county":"Hennepin County","state":"MN","countyFips":"27053","confidence":"probabilistic","sourceDate":null,"attributes":{"operator":null,"operatorType":"Not recorded","manufacturer":"Flock Safety","cameraType":"fixed","direction":"65","zone":"traffic","surveillance":"public","osmId":13363743901,"osmUrl":"https://www.openstreetmap.org/node/13363743901"}}},{"type":"Feature","geometry":{"type":"Point","coordinates":[-93.3264454,44.8783653]},"properties":{"id":"alpr-osm-13363744401","layer":"alpr","name":"ALPR camera","county":"Hennepin County","state":"MN","countyFips":"27053","confidence":"probabilistic","sourceDate":null,"attributes":{"operator":null,"operatorType":"Not recorded","manufacturer":"Flock Safety","cameraType":"fixed","direction":"339","zone":"traffic","surveillance":"public","osmId":13363744401,"osmUrl":"https://www.openstreetmap.org/node/13363744401"}}},{"type":"Feature","geometry":{"type":"Point","coordinates":[-93.3191744,44.8944923]},"properties":{"id":"alpr-osm-13363774601","layer":"alpr","name":"ALPR camera","county":"Hennepin County","state":"MN","countyFips":"27053","confidence":"probabilistic","sourceDate":null,"attributes":{"operator":null,"operatorType":"Not recorded","manufacturer":"Flock Safety","cameraType":"fixed","direction":"248","zone":"traffic","surveillance":"public","osmId":13363774601,"osmUrl":"https://www.openstreetmap.org/node/13363774601"}}},{"type":"Feature","geometry":{"type":"Point","coordinates":[-93.3390668,44.9053769]},"properties":{"id":"alpr-osm-13363774602","layer":"alpr","name":"ALPR camera","county":"Hennepin County","state":"MN","countyFips":"27053","confidence":"probabilistic","sourceDate":null,"attributes":{"operator":null,"operatorType":"Not recorded","manufacturer":"Flock Safety","cameraType":"fixed","direction":"339","zone":"traffic","surveillance":"public","osmId":13363774602,"osmUrl":"https://www.openstreetmap.org/node/13363774602"}}},{"type":"Feature","geometry":{"type":"Point","coordinates":[-93.3391838,44.9128499]},"properties":{"id":"alpr-osm-13363777201","layer":"alpr","name":"ALPR camera","county":"Hennepin County","state":"MN","countyFips":"27053","confidence":"probabilistic","sourceDate":null,"attributes":{"operator":null,"operatorType":"Not recorded","manufacturer":"Flock Safety","cameraType":"fixed","direction":"344","zone":"traffic","surveillance":"public","osmId":13363777201,"osmUrl":"https://www.openstreetmap.org/node/13363777201"}}},{"type":"Feature","geometry":{"type":"Point","coordinates":[-93.3755175,45.0661128]},"properties":{"id":"alpr-osm-13363779501","layer":"alpr","name":"ALPR camera","county":"Hennepin County","state":"MN","countyFips":"27053","confidence":"probabilistic","sourceDate":null,"attributes":{"operator":null,"operatorType":"Not recorded","manufacturer":"Flock Safety","cameraType":"fixed","direction":"161","zone":"traffic","surveillance":"public","osmId":13363779501,"osmUrl":"https://www.openstreetmap.org/node/13363779501"}}},{"type":"Feature","geometry":{"type":"Point","coordinates":[-93.3673426,44.9135171]},"properties":{"id":"alpr-osm-13363810201","layer":"alpr","name":"ALPR camera","county":"Hennepin County","state":"MN","countyFips":"27053","confidence":"probabilistic","sourceDate":null,"attributes":{"operator":null,"operatorType":"Not recorded","manufacturer":"Flock Safety","cameraType":"fixed","direction":"338","zone":"traffic","surveillance":"public","osmId":13363810201,"osmUrl":"https://www.openstreetmap.org/node/13363810201"}}},{"type":"Feature","geometry":{"type":"Point","coordinates":[-93.3696336,44.9140111]},"properties":{"id":"alpr-osm-13363818401","layer":"alpr","name":"ALPR camera","county":"Hennepin County","state":"MN","countyFips":"27053","confidence":"probabilistic","sourceDate":null,"attributes":{"operator":null,"operatorType":"Not recorded","manufacturer":"Flock Safety","cameraType":"fixed","direction":"343","zone":"traffic","surveillance":"public","osmId":13363818401,"osmUrl":"https://www.openstreetmap.org/node/13363818401"}}},{"type":"Feature","geometry":{"type":"Point","coordinates":[-93.3859531,44.9191836]},"properties":{"id":"alpr-osm-13363823501","layer":"alpr","name":"ALPR camera","county":"Hennepin County","state":"MN","countyFips":"27053","confidence":"probabilistic","sourceDate":null,"attributes":{"operator":null,"operatorType":"Not recorded","manufacturer":"Flock Safety","cameraType":"fixed","direction":"151","zone":"traffic","surveillance":"public","osmId":13363823501,"osmUrl":"https://www.openstreetmap.org/node/13363823501"}}},{"type":"Feature","geometry":{"type":"Point","coordinates":[-93.3317129,44.9125959]},"properties":{"id":"alpr-osm-13363855101","layer":"alpr","name":"ALPR camera","county":"Hennepin County","state":"MN","countyFips":"27053","confidence":"probabilistic","sourceDate":null,"attributes":{"operator":null,"operatorType":"Not recorded","manufacturer":"Flock Safety","cameraType":"fixed","direction":"272","zone":"traffic","surveillance":"public","osmId":13363855101,"osmUrl":"https://www.openstreetmap.org/node/13363855101"}}},{"type":"Feature","geometry":{"type":"Point","coordinates":[-93.3315058,44.9222]},"properties":{"id":"alpr-osm-13363855601","layer":"alpr","name":"ALPR camera","county":"Hennepin County","state":"MN","countyFips":"27053","confidence":"probabilistic","sourceDate":null,"attributes":{"operator":null,"operatorType":"Not recorded","manufacturer":"Flock Safety","cameraType":"fixed","direction":"218","zone":"traffic","surveillance":"public","osmId":13363855601,"osmUrl":"https://www.openstreetmap.org/node/13363855601"}}},{"type":"Feature","geometry":{"type":"Point","coordinates":[-93.3714405,44.9135303]},"properties":{"id":"alpr-osm-13363855701","layer":"alpr","name":"ALPR camera","county":"Hennepin County","state":"MN","countyFips":"27053","confidence":"probabilistic","sourceDate":null,"attributes":{"operator":null,"operatorType":"Not recorded","manufacturer":"Flock Safety","cameraType":"fixed","direction":"313","zone":"traffic","surveillance":"public","osmId":13363855701,"osmUrl":"https://www.openstreetmap.org/node/13363855701"}}},{"type":"Feature","geometry":{"type":"Point","coordinates":[-93.3062705,45.1976213]},"properties":{"id":"alpr-osm-13364304701","layer":"alpr","name":"ALPR camera","county":"Anoka County","state":"MN","countyFips":"27003","confidence":"probabilistic","sourceDate":null,"attributes":{"operator":null,"operatorType":"Not recorded","manufacturer":"Flock Safety","cameraType":"fixed","direction":"339","zone":"traffic","surveillance":"public","osmId":13364304701,"osmUrl":"https://www.openstreetmap.org/node/13364304701"}}},{"type":"Feature","geometry":{"type":"Point","coordinates":[-93.3113414,45.2196038]},"properties":{"id":"alpr-osm-13364313703","layer":"alpr","name":"ALPR camera","county":"Anoka County","state":"MN","countyFips":"27003","confidence":"probabilistic","sourceDate":null,"attributes":{"operator":null,"operatorType":"Not recorded","manufacturer":"Flock Safety","cameraType":"fixed","direction":"335","zone":"traffic","surveillance":"public","osmId":13364313703,"osmUrl":"https://www.openstreetmap.org/node/13364313703"}}},{"type":"Feature","geometry":{"type":"Point","coordinates":[-93.2357167,45.219056]},"properties":{"id":"alpr-osm-13364321701","layer":"alpr","name":"ALPR camera","county":"Anoka County","state":"MN","countyFips":"27003","confidence":"probabilistic","sourceDate":null,"attributes":{"operator":null,"operatorType":"Not recorded","manufacturer":"Flock Safety","cameraType":"fixed","direction":"260","zone":"traffic","surveillance":"public","osmId":13364321701,"osmUrl":"https://www.openstreetmap.org/node/13364321701"}}},{"type":"Feature","geometry":{"type":"Point","coordinates":[-93.3940897,45.1932268]},"properties":{"id":"alpr-osm-13364358701","layer":"alpr","name":"ALPR camera","county":"Anoka County","state":"MN","countyFips":"27003","confidence":"probabilistic","sourceDate":null,"attributes":{"operator":null,"operatorType":"Not recorded","manufacturer":"Flock Safety","cameraType":"fixed","direction":"359","zone":"traffic","surveillance":"public","osmId":13364358701,"osmUrl":"https://www.openstreetmap.org/node/13364358701"}}},{"type":"Feature","geometry":{"type":"Point","coordinates":[-93.3784598,45.203297]},"properties":{"id":"alpr-osm-13364360401","layer":"alpr","name":"ALPR camera","county":"Anoka County","state":"MN","countyFips":"27003","confidence":"probabilistic","sourceDate":null,"attributes":{"operator":null,"operatorType":"Not recorded","manufacturer":"Flock Safety","cameraType":"fixed","direction":"149","zone":"traffic","surveillance":"public","osmId":13364360401,"osmUrl":"https://www.openstreetmap.org/node/13364360401"}}},{"type":"Feature","geometry":{"type":"Point","coordinates":[-93.3878673,45.1986118]},"properties":{"id":"alpr-osm-13364376801","layer":"alpr","name":"ALPR camera","county":"Anoka County","state":"MN","countyFips":"27003","confidence":"probabilistic","sourceDate":null,"attributes":{"operator":null,"operatorType":"Not recorded","manufacturer":"Flock Safety","cameraType":"fixed","direction":"270","zone":"traffic","surveillance":"public","osmId":13364376801,"osmUrl":"https://www.openstreetmap.org/node/13364376801"}}},{"type":"Feature","geometry":{"type":"Point","coordinates":[-93.3687145,45.1976358]},"properties":{"id":"alpr-osm-13364376802","layer":"alpr","name":"ALPR camera","county":"Anoka County","state":"MN","countyFips":"27003","confidence":"probabilistic","sourceDate":null,"attributes":{"operator":null,"operatorType":"Not recorded","manufacturer":"Flock Safety","cameraType":"fixed","direction":"247","zone":"traffic","surveillance":"public","osmId":13364376802,"osmUrl":"https://www.openstreetmap.org/node/13364376802"}}},{"type":"Feature","geometry":{"type":"Point","coordinates":[-94.7267996,46.9976327]},"properties":{"id":"alpr-osm-13364654802","layer":"alpr","name":"ALPR camera","county":"Hubbard County","state":"MN","countyFips":"27057","confidence":"probabilistic","sourceDate":null,"attributes":{"operator":null,"operatorType":"Not recorded","manufacturer":"Flock Safety","cameraType":"fixed","direction":"335","zone":"traffic","surveillance":"public","osmId":13364654802,"osmUrl":"https://www.openstreetmap.org/node/13364654802"}}},{"type":"Feature","geometry":{"type":"Point","coordinates":[-94.3997416,46.7152753]},"properties":{"id":"alpr-osm-13364661101","layer":"alpr","name":"ALPR camera","county":"Cass County","state":"MN","countyFips":"27021","confidence":"probabilistic","sourceDate":null,"attributes":{"operator":null,"operatorType":"Not recorded","manufacturer":"Flock Safety","cameraType":"fixed","direction":"271","zone":"traffic","surveillance":"public","osmId":13364661101,"osmUrl":"https://www.openstreetmap.org/node/13364661101"}}},{"type":"Feature","geometry":{"type":"Point","coordinates":[-93.1841591,45.1297275]},"properties":{"id":"alpr-osm-13365236701","layer":"alpr","name":"ALPR camera","county":"Anoka County","state":"MN","countyFips":"27003","confidence":"probabilistic","sourceDate":null,"attributes":{"operator":null,"operatorType":"Not recorded","manufacturer":"Flock Safety","cameraType":"fixed","direction":"328","zone":"traffic","surveillance":"public","osmId":13365236701,"osmUrl":"https://www.openstreetmap.org/node/13365236701"}}},{"type":"Feature","geometry":{"type":"Point","coordinates":[-93.2345266,45.1572081]},"properties":{"id":"alpr-osm-13365245401","layer":"alpr","name":"ALPR camera","county":"Anoka County","state":"MN","countyFips":"27003","confidence":"probabilistic","sourceDate":null,"attributes":{"operator":null,"operatorType":"Not recorded","manufacturer":"Flock Safety","cameraType":"fixed","direction":"83","zone":"traffic","surveillance":"public","osmId":13365245401,"osmUrl":"https://www.openstreetmap.org/node/13365245401"}}},{"type":"Feature","geometry":{"type":"Point","coordinates":[-93.2337852,45.1606812]},"properties":{"id":"alpr-osm-13365258901","layer":"alpr","name":"ALPR camera","county":"Anoka County","state":"MN","countyFips":"27003","confidence":"probabilistic","sourceDate":null,"attributes":{"operator":null,"operatorType":"Not recorded","manufacturer":"Flock Safety","cameraType":"fixed","direction":"78","zone":"traffic","surveillance":"public","osmId":13365258901,"osmUrl":"https://www.openstreetmap.org/node/13365258901"}}},{"type":"Feature","geometry":{"type":"Point","coordinates":[-93.2184152,45.1319913]},"properties":{"id":"alpr-osm-13365264301","layer":"alpr","name":"ALPR camera","county":"Anoka County","state":"MN","countyFips":"27003","confidence":"probabilistic","sourceDate":null,"attributes":{"operator":null,"operatorType":"Not recorded","manufacturer":"Flock Safety","cameraType":"fixed","direction":"279","zone":"traffic","surveillance":"public","osmId":13365264301,"osmUrl":"https://www.openstreetmap.org/node/13365264301"}}},{"type":"Feature","geometry":{"type":"Point","coordinates":[-93.2669842,45.1406884]},"properties":{"id":"alpr-osm-13365402302","layer":"alpr","name":"ALPR camera","county":"Anoka County","state":"MN","countyFips":"27003","confidence":"probabilistic","sourceDate":null,"attributes":{"operator":null,"operatorType":"Not recorded","manufacturer":"Flock Safety","cameraType":"fixed","direction":"158","zone":"traffic","surveillance":"public","osmId":13365402302,"osmUrl":"https://www.openstreetmap.org/node/13365402302"}}},{"type":"Feature","geometry":{"type":"Point","coordinates":[-93.2357864,45.1318841]},"properties":{"id":"alpr-osm-13365500901","layer":"alpr","name":"ALPR camera","county":"Anoka County","state":"MN","countyFips":"27003","confidence":"probabilistic","sourceDate":null,"attributes":{"operator":null,"operatorType":"Not recorded","manufacturer":"Flock Safety","cameraType":"fixed","direction":"246","zone":"traffic","surveillance":"public","osmId":13365500901,"osmUrl":"https://www.openstreetmap.org/node/13365500901"}}},{"type":"Feature","geometry":{"type":"Point","coordinates":[-93.2357619,45.1684006]},"properties":{"id":"alpr-osm-13365534101","layer":"alpr","name":"ALPR camera","county":"Anoka County","state":"MN","countyFips":"27003","confidence":"probabilistic","sourceDate":null,"attributes":{"operator":null,"operatorType":"Not recorded","manufacturer":"Flock Safety","cameraType":"fixed","direction":"248","zone":"traffic","surveillance":"public","osmId":13365534101,"osmUrl":"https://www.openstreetmap.org/node/13365534101"}}},{"type":"Feature","geometry":{"type":"Point","coordinates":[-93.219608,45.1969524]},"properties":{"id":"alpr-osm-13365628901","layer":"alpr","name":"ALPR camera","county":"Anoka County","state":"MN","countyFips":"27003","confidence":"probabilistic","sourceDate":null,"attributes":{"operator":null,"operatorType":"Not recorded","manufacturer":"Flock Safety","cameraType":"fixed","direction":"149","zone":"traffic","surveillance":"public","osmId":13365628901,"osmUrl":"https://www.openstreetmap.org/node/13365628901"}}},{"type":"Feature","geometry":{"type":"Point","coordinates":[-93.2656608,45.1969114]},"properties":{"id":"alpr-osm-13365628902","layer":"alpr","name":"ALPR camera","county":"Anoka County","state":"MN","countyFips":"27003","confidence":"probabilistic","sourceDate":null,"attributes":{"operator":null,"operatorType":"Not recorded","manufacturer":"Flock Safety","cameraType":"fixed","direction":"63","zone":"traffic","surveillance":"public","osmId":13365628902,"osmUrl":"https://www.openstreetmap.org/node/13365628902"}}},{"type":"Feature","geometry":{"type":"Point","coordinates":[-93.2313845,45.1972391]},"properties":{"id":"alpr-osm-13365798802","layer":"alpr","name":"ALPR camera","county":"Anoka County","state":"MN","countyFips":"27003","confidence":"probabilistic","sourceDate":null,"attributes":{"operator":null,"operatorType":"Not recorded","manufacturer":"Flock Safety","cameraType":"fixed","direction":"103","zone":"traffic","surveillance":"public","osmId":13365798802,"osmUrl":"https://www.openstreetmap.org/node/13365798802"}}},{"type":"Feature","geometry":{"type":"Point","coordinates":[-93.2661451,45.1969094]},"properties":{"id":"alpr-osm-13365799101","layer":"alpr","name":"ALPR camera","county":"Anoka County","state":"MN","countyFips":"27003","confidence":"probabilistic","sourceDate":null,"attributes":{"operator":null,"operatorType":"Not recorded","manufacturer":"Flock Safety","cameraType":"fixed","direction":"164","zone":"traffic","surveillance":"public","osmId":13365799101,"osmUrl":"https://www.openstreetmap.org/node/13365799101"}}},{"type":"Feature","geometry":{"type":"Point","coordinates":[-93.2660815,45.168034]},"properties":{"id":"alpr-osm-13365805201","layer":"alpr","name":"ALPR camera","county":"Anoka County","state":"MN","countyFips":"27003","confidence":"probabilistic","sourceDate":null,"attributes":{"operator":null,"operatorType":"Not recorded","manufacturer":"Flock Safety","cameraType":"fixed","direction":"89","zone":"traffic","surveillance":"public","osmId":13365805201,"osmUrl":"https://www.openstreetmap.org/node/13365805201"}}},{"type":"Feature","geometry":{"type":"Point","coordinates":[-93.266322,45.152589]},"properties":{"id":"alpr-osm-13365811501","layer":"alpr","name":"ALPR camera","county":"Anoka County","state":"MN","countyFips":"27003","confidence":"probabilistic","sourceDate":null,"attributes":{"operator":null,"operatorType":"Not recorded","manufacturer":"Flock Safety","cameraType":"fixed","direction":"85","zone":"traffic","surveillance":"public","osmId":13365811501,"osmUrl":"https://www.openstreetmap.org/node/13365811501"}}},{"type":"Feature","geometry":{"type":"Point","coordinates":[-93.275765,45.0875732]},"properties":{"id":"alpr-osm-13367757590","layer":"alpr","name":"ALPR camera","county":"Anoka County","state":"MN","countyFips":"27003","confidence":"probabilistic","sourceDate":null,"attributes":{"operator":null,"operatorType":"Not recorded","manufacturer":null,"cameraType":"fixed","direction":"240","zone":null,"surveillance":null,"osmId":13367757590,"osmUrl":"https://www.openstreetmap.org/node/13367757590"}}},{"type":"Feature","geometry":{"type":"Point","coordinates":[-93.263804,45.1319807]},"properties":{"id":"alpr-osm-13368295901","layer":"alpr","name":"ALPR camera","county":"Anoka County","state":"MN","countyFips":"27003","confidence":"probabilistic","sourceDate":null,"attributes":{"operator":null,"operatorType":"Not recorded","manufacturer":"Flock Safety","cameraType":"fixed","direction":"289","zone":"traffic","surveillance":"public","osmId":13368295901,"osmUrl":"https://www.openstreetmap.org/node/13368295901"}}},{"type":"Feature","geometry":{"type":"Point","coordinates":[-93.3207904,45.0476997]},"properties":{"id":"alpr-osm-13368296001","layer":"alpr","name":"ALPR camera","county":"Hennepin County","state":"MN","countyFips":"27053","confidence":"probabilistic","sourceDate":null,"attributes":{"operator":null,"operatorType":"Not recorded","manufacturer":"Flock Safety","cameraType":"fixed","direction":"315","zone":"traffic","surveillance":"public","osmId":13368296001,"osmUrl":"https://www.openstreetmap.org/node/13368296001"}}},{"type":"Feature","geometry":{"type":"Point","coordinates":[-93.3210284,45.0475651]},"properties":{"id":"alpr-osm-13368296201","layer":"alpr","name":"ALPR camera","county":"Hennepin County","state":"MN","countyFips":"27053","confidence":"probabilistic","sourceDate":null,"attributes":{"operator":null,"operatorType":"Not recorded","manufacturer":"Flock Safety","cameraType":"fixed","direction":"153","zone":"traffic","surveillance":"public","osmId":13368296201,"osmUrl":"https://www.openstreetmap.org/node/13368296201"}}},{"type":"Feature","geometry":{"type":"Point","coordinates":[-93.3565931,45.0957123]},"properties":{"id":"alpr-osm-13368306001","layer":"alpr","name":"ALPR camera","county":"Hennepin County","state":"MN","countyFips":"27053","confidence":"probabilistic","sourceDate":null,"attributes":{"operator":null,"operatorType":"Not recorded","manufacturer":"Flock Safety","cameraType":"fixed","direction":"156","zone":"traffic","surveillance":"public","osmId":13368306001,"osmUrl":"https://www.openstreetmap.org/node/13368306001"}}},{"type":"Feature","geometry":{"type":"Point","coordinates":[-93.3604669,45.1528124]},"properties":{"id":"alpr-osm-13368337701","layer":"alpr","name":"ALPR camera","county":"Hennepin County","state":"MN","countyFips":"27053","confidence":"probabilistic","sourceDate":null,"attributes":{"operator":null,"operatorType":"Not recorded","manufacturer":"Flock Safety","cameraType":"fixed","direction":"348","zone":"traffic","surveillance":"public","osmId":13368337701,"osmUrl":"https://www.openstreetmap.org/node/13368337701"}}},{"type":"Feature","geometry":{"type":"Point","coordinates":[-93.2717534,45.1406593]},"properties":{"id":"alpr-osm-13368356501","layer":"alpr","name":"ALPR camera","county":"Anoka County","state":"MN","countyFips":"27003","confidence":"probabilistic","sourceDate":null,"attributes":{"operator":null,"operatorType":"Not recorded","manufacturer":"Flock Safety","cameraType":"fixed","direction":"346","zone":"traffic","surveillance":"public","osmId":13368356501,"osmUrl":"https://www.openstreetmap.org/node/13368356501"}}},{"type":"Feature","geometry":{"type":"Point","coordinates":[-93.2718967,45.1406528]},"properties":{"id":"alpr-osm-13368357501","layer":"alpr","name":"ALPR camera","county":"Anoka County","state":"MN","countyFips":"27003","confidence":"probabilistic","sourceDate":null,"attributes":{"operator":null,"operatorType":"Not recorded","manufacturer":"Flock Safety","cameraType":"fixed","direction":"179","zone":"traffic","surveillance":"public","osmId":13368357501,"osmUrl":"https://www.openstreetmap.org/node/13368357501"}}},{"type":"Feature","geometry":{"type":"Point","coordinates":[-93.5426237,45.1524866]},"properties":{"id":"alpr-osm-13368399901","layer":"alpr","name":"ALPR camera","county":"Hennepin County","state":"MN","countyFips":"27053","confidence":"probabilistic","sourceDate":null,"attributes":{"operator":null,"operatorType":"Not recorded","manufacturer":"Flock Safety","cameraType":"fixed","direction":"166","zone":"traffic","surveillance":"public","osmId":13368399901,"osmUrl":"https://www.openstreetmap.org/node/13368399901"}}},{"type":"Feature","geometry":{"type":"Point","coordinates":[-93.5424984,45.0658434]},"properties":{"id":"alpr-osm-13368400701","layer":"alpr","name":"ALPR camera","county":"Hennepin County","state":"MN","countyFips":"27053","confidence":"probabilistic","sourceDate":null,"attributes":{"operator":null,"operatorType":"Not recorded","manufacturer":"Flock Safety","cameraType":"fixed","direction":"339","zone":"traffic","surveillance":"public","osmId":13368400701,"osmUrl":"https://www.openstreetmap.org/node/13368400701"}}},{"type":"Feature","geometry":{"type":"Point","coordinates":[-93.6350782,45.0945091]},"properties":{"id":"alpr-osm-13368403101","layer":"alpr","name":"ALPR camera","county":"Hennepin County","state":"MN","countyFips":"27053","confidence":"probabilistic","sourceDate":null,"attributes":{"operator":null,"operatorType":"Not recorded","manufacturer":"Flock Safety","cameraType":"fixed","direction":"79","zone":"traffic","surveillance":"public","osmId":13368403101,"osmUrl":"https://www.openstreetmap.org/node/13368403101"}}},{"type":"Feature","geometry":{"type":"Point","coordinates":[-93.6350407,45.1234724]},"properties":{"id":"alpr-osm-13368598601","layer":"alpr","name":"ALPR camera","county":"Hennepin County","state":"MN","countyFips":"27053","confidence":"probabilistic","sourceDate":null,"attributes":{"operator":null,"operatorType":"Not recorded","manufacturer":"Flock Safety","cameraType":"fixed","direction":"57","zone":"traffic","surveillance":"public","osmId":13368598601,"osmUrl":"https://www.openstreetmap.org/node/13368598601"}}},{"type":"Feature","geometry":{"type":"Point","coordinates":[-93.6356986,45.1452922]},"properties":{"id":"alpr-osm-13368602101","layer":"alpr","name":"ALPR camera","county":"Hennepin County","state":"MN","countyFips":"27053","confidence":"probabilistic","sourceDate":null,"attributes":{"operator":null,"operatorType":"Not recorded","manufacturer":"Flock Safety","cameraType":"fixed","direction":"156","zone":"traffic","surveillance":"public","osmId":13368602101,"osmUrl":"https://www.openstreetmap.org/node/13368602101"}}},{"type":"Feature","geometry":{"type":"Point","coordinates":[-92.8073992,45.0753623]},"properties":{"id":"alpr-osm-13368630001","layer":"alpr","name":"ALPR camera","county":"Washington County","state":"MN","countyFips":"27163","confidence":"probabilistic","sourceDate":null,"attributes":{"operator":null,"operatorType":"Not recorded","manufacturer":"Flock Safety","cameraType":"fixed","direction":"332;54;160","zone":"traffic","surveillance":"public","osmId":13368630001,"osmUrl":"https://www.openstreetmap.org/node/13368630001"}}},{"type":"Feature","geometry":{"type":"Point","coordinates":[-93.2477044,45.0809359]},"properties":{"id":"alpr-osm-13368665501","layer":"alpr","name":"ALPR camera","county":"Anoka County","state":"MN","countyFips":"27003","confidence":"probabilistic","sourceDate":null,"attributes":{"operator":null,"operatorType":"Not recorded","manufacturer":"Flock Safety","cameraType":"fixed","direction":"232","zone":"traffic","surveillance":"public","osmId":13368665501,"osmUrl":"https://www.openstreetmap.org/node/13368665501"}}},{"type":"Feature","geometry":{"type":"Point","coordinates":[-93.3857423,44.935022]},"properties":{"id":"alpr-osm-13370730906","layer":"alpr","name":"ALPR camera","county":"Hennepin County","state":"MN","countyFips":"27053","confidence":"probabilistic","sourceDate":null,"attributes":{"operator":null,"operatorType":"Not recorded","manufacturer":"Flock Safety","cameraType":"fixed","direction":"194","zone":"traffic","surveillance":"public","osmId":13370730906,"osmUrl":"https://www.openstreetmap.org/node/13370730906"}}},{"type":"Feature","geometry":{"type":"Point","coordinates":[-93.3861321,44.9359025]},"properties":{"id":"alpr-osm-13370732602","layer":"alpr","name":"ALPR camera","county":"Hennepin County","state":"MN","countyFips":"27053","confidence":"probabilistic","sourceDate":null,"attributes":{"operator":null,"operatorType":"Not recorded","manufacturer":"Flock Safety","cameraType":"fixed","direction":"323","zone":"traffic","surveillance":"public","osmId":13370732602,"osmUrl":"https://www.openstreetmap.org/node/13370732602"}}},{"type":"Feature","geometry":{"type":"Point","coordinates":[-93.3856757,44.9272322]},"properties":{"id":"alpr-osm-13370738201","layer":"alpr","name":"ALPR camera","county":"Hennepin County","state":"MN","countyFips":"27053","confidence":"probabilistic","sourceDate":null,"attributes":{"operator":null,"operatorType":"Not recorded","manufacturer":"Flock Safety","cameraType":"fixed","direction":"208","zone":"traffic","surveillance":"public","osmId":13370738201,"osmUrl":"https://www.openstreetmap.org/node/13370738201"}}},{"type":"Feature","geometry":{"type":"Point","coordinates":[-93.3834827,44.9259251]},"properties":{"id":"alpr-osm-13370738502","layer":"alpr","name":"ALPR camera","county":"Hennepin County","state":"MN","countyFips":"27053","confidence":"probabilistic","sourceDate":null,"attributes":{"operator":null,"operatorType":"Not recorded","manufacturer":"Flock Safety","cameraType":"fixed","direction":"254","zone":"traffic","surveillance":"public","osmId":13370738502,"osmUrl":"https://www.openstreetmap.org/node/13370738502"}}},{"type":"Feature","geometry":{"type":"Point","coordinates":[-93.4211594,44.9322947]},"properties":{"id":"alpr-osm-13370742001","layer":"alpr","name":"ALPR camera","county":"Hennepin County","state":"MN","countyFips":"27053","confidence":"probabilistic","sourceDate":null,"attributes":{"operator":null,"operatorType":"Not recorded","manufacturer":"Flock Safety","cameraType":"fixed","direction":"217","zone":"traffic","surveillance":"public","osmId":13370742001,"osmUrl":"https://www.openstreetmap.org/node/13370742001"}}},{"type":"Feature","geometry":{"type":"Point","coordinates":[-93.4059277,44.9329448]},"properties":{"id":"alpr-osm-13370746301","layer":"alpr","name":"ALPR camera","county":"Hennepin County","state":"MN","countyFips":"27053","confidence":"probabilistic","sourceDate":null,"attributes":{"operator":null,"operatorType":"Not recorded","manufacturer":"Flock Safety","cameraType":"fixed","direction":"176","zone":"traffic","surveillance":"public","osmId":13370746301,"osmUrl":"https://www.openstreetmap.org/node/13370746301"}}},{"type":"Feature","geometry":{"type":"Point","coordinates":[-93.5366749,45.1708085]},"properties":{"id":"alpr-osm-13370896696","layer":"alpr","name":"ALPR camera","county":"Hennepin County","state":"MN","countyFips":"27053","confidence":"probabilistic","sourceDate":null,"attributes":{"operator":null,"operatorType":"Not recorded","manufacturer":"Flock Safety","cameraType":"fixed","direction":"255","zone":null,"surveillance":null,"osmId":13370896696,"osmUrl":"https://www.openstreetmap.org/node/13370896696"}}},{"type":"Feature","geometry":{"type":"Point","coordinates":[-93.4075828,44.899291]},"properties":{"id":"alpr-osm-13371081301","layer":"alpr","name":"ALPR camera","county":"Hennepin County","state":"MN","countyFips":"27053","confidence":"probabilistic","sourceDate":null,"attributes":{"operator":null,"operatorType":"Not recorded","manufacturer":"Flock Safety","cameraType":"fixed","direction":"272","zone":"traffic","surveillance":"public","osmId":13371081301,"osmUrl":"https://www.openstreetmap.org/node/13371081301"}}},{"type":"Feature","geometry":{"type":"Point","coordinates":[-93.3450618,44.9558155]},"properties":{"id":"alpr-osm-13371090401","layer":"alpr","name":"ALPR camera","county":"Hennepin County","state":"MN","countyFips":"27053","confidence":"probabilistic","sourceDate":null,"attributes":{"operator":null,"operatorType":"Not recorded","manufacturer":"Flock Safety","cameraType":"fixed","direction":"356","zone":"traffic","surveillance":"public","osmId":13371090401,"osmUrl":"https://www.openstreetmap.org/node/13371090401"}}},{"type":"Feature","geometry":{"type":"Point","coordinates":[-93.4977708,45.0441395]},"properties":{"id":"alpr-osm-13371115901","layer":"alpr","name":"ALPR camera","county":"Hennepin County","state":"MN","countyFips":"27053","confidence":"probabilistic","sourceDate":null,"attributes":{"operator":null,"operatorType":"Not recorded","manufacturer":"Flock Safety","cameraType":"fixed","direction":"299","zone":"traffic","surveillance":"public","osmId":13371115901,"osmUrl":"https://www.openstreetmap.org/node/13371115901"}}},{"type":"Feature","geometry":{"type":"Point","coordinates":[-93.4972267,45.0462203]},"properties":{"id":"alpr-osm-13371116101","layer":"alpr","name":"ALPR camera","county":"Hennepin County","state":"MN","countyFips":"27053","confidence":"probabilistic","sourceDate":null,"attributes":{"operator":null,"operatorType":"Not recorded","manufacturer":"Flock Safety","cameraType":"fixed","direction":"237","zone":"traffic","surveillance":"public","osmId":13371116101,"osmUrl":"https://www.openstreetmap.org/node/13371116101"}}},{"type":"Feature","geometry":{"type":"Point","coordinates":[-93.5206188,45.1957183]},"properties":{"id":"alpr-osm-13371117604","layer":"alpr","name":"ALPR camera","county":"Hennepin County","state":"MN","countyFips":"27053","confidence":"probabilistic","sourceDate":null,"attributes":{"operator":null,"operatorType":"Not recorded","manufacturer":"Flock Safety","cameraType":"fixed","direction":"79","zone":"traffic","surveillance":"public","osmId":13371117604,"osmUrl":"https://www.openstreetmap.org/node/13371117604"}}},{"type":"Feature","geometry":{"type":"Point","coordinates":[-93.2429468,45.1008273]},"properties":{"id":"alpr-osm-13372706896","layer":"alpr","name":"ALPR camera","county":"Anoka County","state":"MN","countyFips":"27003","confidence":"probabilistic","sourceDate":null,"attributes":{"operator":null,"operatorType":"Not recorded","manufacturer":"Flock Safety","cameraType":"fixed","direction":"160","zone":null,"surveillance":null,"osmId":13372706896,"osmUrl":"https://www.openstreetmap.org/node/13372706896"}}},{"type":"Feature","geometry":{"type":"Point","coordinates":[-93.243121,45.1033949]},"properties":{"id":"alpr-osm-13372718531","layer":"alpr","name":"ALPR camera","county":"Anoka County","state":"MN","countyFips":"27003","confidence":"probabilistic","sourceDate":null,"attributes":{"operator":null,"operatorType":"Not recorded","manufacturer":"Flock Safety","cameraType":"fixed","direction":"130","zone":null,"surveillance":null,"osmId":13372718531,"osmUrl":"https://www.openstreetmap.org/node/13372718531"}}},{"type":"Feature","geometry":{"type":"Point","coordinates":[-93.5988128,45.0001645]},"properties":{"id":"alpr-osm-13372859703","layer":"alpr","name":"ALPR camera","county":"Hennepin County","state":"MN","countyFips":"27053","confidence":"probabilistic","sourceDate":null,"attributes":{"operator":null,"operatorType":"Not recorded","manufacturer":"Flock Safety","cameraType":"fixed","direction":"235","zone":"traffic","surveillance":"public","osmId":13372859703,"osmUrl":"https://www.openstreetmap.org/node/13372859703"}}},{"type":"Feature","geometry":{"type":"Point","coordinates":[-93.5943043,45.0075547]},"properties":{"id":"alpr-osm-13372868501","layer":"alpr","name":"ALPR camera","county":"Hennepin County","state":"MN","countyFips":"27053","confidence":"probabilistic","sourceDate":null,"attributes":{"operator":null,"operatorType":"Not recorded","manufacturer":"Flock Safety","cameraType":"fixed","direction":"47","zone":"traffic","surveillance":"public","osmId":13372868501,"osmUrl":"https://www.openstreetmap.org/node/13372868501"}}},{"type":"Feature","geometry":{"type":"Point","coordinates":[-93.4213114,44.899024]},"properties":{"id":"alpr-osm-13372876101","layer":"alpr","name":"ALPR camera","county":"Hennepin County","state":"MN","countyFips":"27053","confidence":"probabilistic","sourceDate":null,"attributes":{"operator":null,"operatorType":"Not recorded","manufacturer":"Flock Safety","cameraType":"fixed","direction":"338","zone":"traffic","surveillance":"public","osmId":13372876101,"osmUrl":"https://www.openstreetmap.org/node/13372876101"}}},{"type":"Feature","geometry":{"type":"Point","coordinates":[-93.4448952,44.9699867]},"properties":{"id":"alpr-osm-13372891803","layer":"alpr","name":"ALPR camera","county":"Hennepin County","state":"MN","countyFips":"27053","confidence":"probabilistic","sourceDate":null,"attributes":{"operator":null,"operatorType":"Not recorded","manufacturer":"Flock Safety","cameraType":"fixed","direction":"331","zone":"traffic","surveillance":"public","osmId":13372891803,"osmUrl":"https://www.openstreetmap.org/node/13372891803"}}},{"type":"Feature","geometry":{"type":"Point","coordinates":[-93.4421417,44.9676787]},"properties":{"id":"alpr-osm-13372903202","layer":"alpr","name":"ALPR camera","county":"Hennepin County","state":"MN","countyFips":"27053","confidence":"probabilistic","sourceDate":null,"attributes":{"operator":null,"operatorType":"Not recorded","manufacturer":"Flock Safety","cameraType":"fixed","direction":"118","zone":"traffic","surveillance":"public","osmId":13372903202,"osmUrl":"https://www.openstreetmap.org/node/13372903202"}}},{"type":"Feature","geometry":{"type":"Point","coordinates":[-93.4333663,44.9690839]},"properties":{"id":"alpr-osm-13372912401","layer":"alpr","name":"ALPR camera","county":"Hennepin County","state":"MN","countyFips":"27053","confidence":"probabilistic","sourceDate":null,"attributes":{"operator":null,"operatorType":"Not recorded","manufacturer":"Flock Safety","cameraType":"fixed","direction":"291","zone":"traffic","surveillance":"public","osmId":13372912401,"osmUrl":"https://www.openstreetmap.org/node/13372912401"}}},{"type":"Feature","geometry":{"type":"Point","coordinates":[-93.4448578,44.970285]},"properties":{"id":"alpr-osm-13372921001","layer":"alpr","name":"ALPR camera","county":"Hennepin County","state":"MN","countyFips":"27053","confidence":"probabilistic","sourceDate":null,"attributes":{"operator":null,"operatorType":"Not recorded","manufacturer":"Flock Safety","cameraType":"fixed","direction":"132","zone":"traffic","surveillance":"public","osmId":13372921001,"osmUrl":"https://www.openstreetmap.org/node/13372921001"}}},{"type":"Feature","geometry":{"type":"Point","coordinates":[-93.5034444,44.9169523]},"properties":{"id":"alpr-osm-13372934001","layer":"alpr","name":"ALPR camera","county":"Hennepin County","state":"MN","countyFips":"27053","confidence":"probabilistic","sourceDate":null,"attributes":{"operator":null,"operatorType":"Not recorded","manufacturer":"Flock Safety","cameraType":"fixed","direction":"277","zone":"traffic","surveillance":"public","osmId":13372934001,"osmUrl":"https://www.openstreetmap.org/node/13372934001"}}},{"type":"Feature","geometry":{"type":"Point","coordinates":[-96.7478239,46.8458809]},"properties":{"id":"alpr-osm-13372938302","layer":"alpr","name":"ALPR camera","county":"Clay County","state":"MN","countyFips":"27027","confidence":"probabilistic","sourceDate":null,"attributes":{"operator":null,"operatorType":"Not recorded","manufacturer":"Flock Safety","cameraType":"fixed","direction":"164","zone":"traffic","surveillance":"public","osmId":13372938302,"osmUrl":"https://www.openstreetmap.org/node/13372938302"}}},{"type":"Feature","geometry":{"type":"Point","coordinates":[-96.7479583,46.8671524]},"properties":{"id":"alpr-osm-13372945001","layer":"alpr","name":"ALPR camera","county":"Clay County","state":"MN","countyFips":"27027","confidence":"probabilistic","sourceDate":null,"attributes":{"operator":null,"operatorType":"Not recorded","manufacturer":"Flock Safety","cameraType":"fixed","direction":"170","zone":"traffic","surveillance":"public","osmId":13372945001,"osmUrl":"https://www.openstreetmap.org/node/13372945001"}}},{"type":"Feature","geometry":{"type":"Point","coordinates":[-96.7214142,46.848991]},"properties":{"id":"alpr-osm-13372945002","layer":"alpr","name":"ALPR camera","county":"Clay County","state":"MN","countyFips":"27027","confidence":"probabilistic","sourceDate":null,"attributes":{"operator":null,"operatorType":"Not recorded","manufacturer":"Flock Safety","cameraType":"fixed","direction":"327","zone":"traffic","surveillance":"public","osmId":13372945002,"osmUrl":"https://www.openstreetmap.org/node/13372945002"}}},{"type":"Feature","geometry":{"type":"Point","coordinates":[-96.7264418,46.8684167]},"properties":{"id":"alpr-osm-13372953901","layer":"alpr","name":"ALPR camera","county":"Clay County","state":"MN","countyFips":"27027","confidence":"probabilistic","sourceDate":null,"attributes":{"operator":null,"operatorType":"Not recorded","manufacturer":"Flock Safety","cameraType":"fixed","direction":"183","zone":"traffic","surveillance":"public","osmId":13372953901,"osmUrl":"https://www.openstreetmap.org/node/13372953901"}}},{"type":"Feature","geometry":{"type":"Point","coordinates":[-96.7729274,46.873721]},"properties":{"id":"alpr-osm-13372959201","layer":"alpr","name":"ALPR camera","county":"Clay County","state":"MN","countyFips":"27027","confidence":"probabilistic","sourceDate":null,"attributes":{"operator":null,"operatorType":"Not recorded","manufacturer":"Flock Safety","cameraType":"fixed","direction":"72","zone":"traffic","surveillance":"public","osmId":13372959201,"osmUrl":"https://www.openstreetmap.org/node/13372959201"}}},{"type":"Feature","geometry":{"type":"Point","coordinates":[-94.0306174,45.4234756]},"properties":{"id":"alpr-osm-13373332602","layer":"alpr","name":"ALPR camera","county":"Sherburne County","state":"MN","countyFips":"27141","confidence":"probabilistic","sourceDate":null,"attributes":{"operator":null,"operatorType":"Not recorded","manufacturer":"Flock Safety","cameraType":"fixed","direction":"27","zone":"traffic","surveillance":"public","osmId":13373332602,"osmUrl":"https://www.openstreetmap.org/node/13373332602"}}},{"type":"Feature","geometry":{"type":"Point","coordinates":[-92.9628505,44.9365883]},"properties":{"id":"alpr-osm-13373851201","layer":"alpr","name":"ALPR camera","county":"Washington County","state":"MN","countyFips":"27163","confidence":"probabilistic","sourceDate":null,"attributes":{"operator":null,"operatorType":"Not recorded","manufacturer":"Flock Safety","cameraType":"fixed","direction":"240","zone":"traffic","surveillance":"public","osmId":13373851201,"osmUrl":"https://www.openstreetmap.org/node/13373851201"}}},{"type":"Feature","geometry":{"type":"Point","coordinates":[-93.2398199,44.9844714]},"properties":{"id":"alpr-osm-13373883151","layer":"alpr","name":"ALPR camera","county":"Hennepin County","state":"MN","countyFips":"27053","confidence":"probabilistic","sourceDate":null,"attributes":{"operator":null,"operatorType":"Not recorded","manufacturer":"Flock Safety","cameraType":"fixed","direction":"0","zone":"traffic","surveillance":"public","osmId":13373883151,"osmUrl":"https://www.openstreetmap.org/node/13373883151"}}},{"type":"Feature","geometry":{"type":"Point","coordinates":[-92.9595513,45.9040637]},"properties":{"id":"alpr-osm-13373896301","layer":"alpr","name":"ALPR camera","county":"Pine County","state":"MN","countyFips":"27115","confidence":"probabilistic","sourceDate":null,"attributes":{"operator":null,"operatorType":"Not recorded","manufacturer":"Flock Safety","cameraType":"fixed","direction":"249","zone":"traffic","surveillance":"public","osmId":13373896301,"osmUrl":"https://www.openstreetmap.org/node/13373896301"}}},{"type":"Feature","geometry":{"type":"Point","coordinates":[-92.9049044,46.0076803]},"properties":{"id":"alpr-osm-13373907401","layer":"alpr","name":"ALPR camera","county":"Pine County","state":"MN","countyFips":"27115","confidence":"probabilistic","sourceDate":null,"attributes":{"operator":null,"operatorType":"Not recorded","manufacturer":"Flock Safety","cameraType":"fixed","direction":"209","zone":"traffic","surveillance":"public","osmId":13373907401,"osmUrl":"https://www.openstreetmap.org/node/13373907401"}}},{"type":"Feature","geometry":{"type":"Point","coordinates":[-92.8941412,46.0099433]},"properties":{"id":"alpr-osm-13373907701","layer":"alpr","name":"ALPR camera","county":"Pine County","state":"MN","countyFips":"27115","confidence":"probabilistic","sourceDate":null,"attributes":{"operator":null,"operatorType":"Not recorded","manufacturer":"Flock Safety","cameraType":"fixed","direction":"347","zone":"traffic","surveillance":"public","osmId":13373907701,"osmUrl":"https://www.openstreetmap.org/node/13373907701"}}},{"type":"Feature","geometry":{"type":"Point","coordinates":[-93.1146173,45.8720171]},"properties":{"id":"alpr-osm-13374062201","layer":"alpr","name":"ALPR camera","county":"Pine County","state":"MN","countyFips":"27115","confidence":"probabilistic","sourceDate":null,"attributes":{"operator":null,"operatorType":"Not recorded","manufacturer":"Flock Safety","cameraType":"fixed","direction":"251","zone":"traffic","surveillance":"public","osmId":13374062201,"osmUrl":"https://www.openstreetmap.org/node/13374062201"}}},{"type":"Feature","geometry":{"type":"Point","coordinates":[-93.5800378,45.5661739]},"properties":{"id":"alpr-osm-13374229401","layer":"alpr","name":"ALPR camera","county":"Mille Lacs County","state":"MN","countyFips":"27095","confidence":"probabilistic","sourceDate":null,"attributes":{"operator":null,"operatorType":"Not recorded","manufacturer":"Flock Safety","cameraType":"fixed","direction":"345","zone":"traffic","surveillance":"public","osmId":13374229401,"osmUrl":"https://www.openstreetmap.org/node/13374229401"}}},{"type":"Feature","geometry":{"type":"Point","coordinates":[-93.2352236,44.7909665]},"properties":{"id":"alpr-osm-13375004102","layer":"alpr","name":"ALPR camera","county":"Dakota County","state":"MN","countyFips":"27037","confidence":"probabilistic","sourceDate":null,"attributes":{"operator":null,"operatorType":"Not recorded","manufacturer":"Flock Safety","cameraType":"fixed","direction":"254","zone":"traffic","surveillance":"public","osmId":13375004102,"osmUrl":"https://www.openstreetmap.org/node/13375004102"}}},{"type":"Feature","geometry":{"type":"Point","coordinates":[-93.3560323,45.0840749]},"properties":{"id":"alpr-osm-13375343601","layer":"alpr","name":"ALPR camera","county":"Hennepin County","state":"MN","countyFips":"27053","confidence":"probabilistic","sourceDate":null,"attributes":{"operator":null,"operatorType":"Not recorded","manufacturer":"Flock Safety","cameraType":"fixed","direction":"78","zone":"traffic","surveillance":"public","osmId":13375343601,"osmUrl":"https://www.openstreetmap.org/node/13375343601"}}},{"type":"Feature","geometry":{"type":"Point","coordinates":[-93.4377154,44.9701943]},"properties":{"id":"alpr-osm-13376149202","layer":"alpr","name":"ALPR camera","county":"Hennepin County","state":"MN","countyFips":"27053","confidence":"probabilistic","sourceDate":null,"attributes":{"operator":null,"operatorType":"Not recorded","manufacturer":"Flock Safety","cameraType":"fixed","direction":"144","zone":"traffic","surveillance":"public","osmId":13376149202,"osmUrl":"https://www.openstreetmap.org/node/13376149202"}}},{"type":"Feature","geometry":{"type":"Point","coordinates":[-93.5328516,45.0040039]},"properties":{"id":"alpr-osm-13376202601","layer":"alpr","name":"ALPR camera","county":"Hennepin County","state":"MN","countyFips":"27053","confidence":"probabilistic","sourceDate":null,"attributes":{"operator":null,"operatorType":"Not recorded","manufacturer":"Flock Safety","cameraType":"fixed","direction":"238","zone":"traffic","surveillance":"public","osmId":13376202601,"osmUrl":"https://www.openstreetmap.org/node/13376202601"}}},{"type":"Feature","geometry":{"type":"Point","coordinates":[-93.3867821,45.1817152]},"properties":{"id":"alpr-osm-13376286501","layer":"alpr","name":"ALPR camera","county":"Hennepin County","state":"MN","countyFips":"27053","confidence":"probabilistic","sourceDate":null,"attributes":{"operator":null,"operatorType":"Not recorded","manufacturer":"Flock Safety","cameraType":"fixed","direction":"129","zone":"traffic","surveillance":"public","osmId":13376286501,"osmUrl":"https://www.openstreetmap.org/node/13376286501"}}},{"type":"Feature","geometry":{"type":"Point","coordinates":[-93.3389238,45.152836]},"properties":{"id":"alpr-osm-13376309502","layer":"alpr","name":"ALPR camera","county":"Hennepin County","state":"MN","countyFips":"27053","confidence":"probabilistic","sourceDate":null,"attributes":{"operator":null,"operatorType":"Not recorded","manufacturer":"Flock Safety","cameraType":"fixed","direction":"295","zone":"traffic","surveillance":"public","osmId":13376309502,"osmUrl":"https://www.openstreetmap.org/node/13376309502"}}},{"type":"Feature","geometry":{"type":"Point","coordinates":[-93.3738703,45.0849468]},"properties":{"id":"alpr-osm-13376344701","layer":"alpr","name":"ALPR camera","county":"Hennepin County","state":"MN","countyFips":"27053","confidence":"probabilistic","sourceDate":null,"attributes":{"operator":null,"operatorType":"Not recorded","manufacturer":"Flock Safety","cameraType":"fixed","direction":"143","zone":"traffic","surveillance":"public","osmId":13376344701,"osmUrl":"https://www.openstreetmap.org/node/13376344701"}}},{"type":"Feature","geometry":{"type":"Point","coordinates":[-93.2997293,45.0735625]},"properties":{"id":"alpr-osm-13376378301","layer":"alpr","name":"ALPR camera","county":"Hennepin County","state":"MN","countyFips":"27053","confidence":"probabilistic","sourceDate":null,"attributes":{"operator":null,"operatorType":"Not recorded","manufacturer":"Flock Safety","cameraType":"fixed","direction":"174","zone":"traffic","surveillance":"public","osmId":13376378301,"osmUrl":"https://www.openstreetmap.org/node/13376378301"}}},{"type":"Feature","geometry":{"type":"Point","coordinates":[-93.4193044,45.1989291]},"properties":{"id":"alpr-osm-13376603701","layer":"alpr","name":"ALPR camera","county":"Hennepin County","state":"MN","countyFips":"27053","confidence":"probabilistic","sourceDate":null,"attributes":{"operator":null,"operatorType":"Not recorded","manufacturer":"Flock Safety","cameraType":"fixed","direction":"117","zone":"traffic","surveillance":"public","osmId":13376603701,"osmUrl":"https://www.openstreetmap.org/node/13376603701"}}},{"type":"Feature","geometry":{"type":"Point","coordinates":[-93.3810147,45.15393]},"properties":{"id":"alpr-osm-13376604901","layer":"alpr","name":"ALPR camera","county":"Hennepin County","state":"MN","countyFips":"27053","confidence":"probabilistic","sourceDate":null,"attributes":{"operator":null,"operatorType":"Not recorded","manufacturer":"Flock Safety","cameraType":"fixed","direction":"345","zone":"traffic","surveillance":"public","osmId":13376604901,"osmUrl":"https://www.openstreetmap.org/node/13376604901"}}},{"type":"Feature","geometry":{"type":"Point","coordinates":[-93.3395284,45.0820886]},"properties":{"id":"alpr-osm-13376604902","layer":"alpr","name":"ALPR camera","county":"Hennepin County","state":"MN","countyFips":"27053","confidence":"probabilistic","sourceDate":null,"attributes":{"operator":null,"operatorType":"Not recorded","manufacturer":"Flock Safety","cameraType":"fixed","direction":"0","zone":"traffic","surveillance":"public","osmId":13376604902,"osmUrl":"https://www.openstreetmap.org/node/13376604902"}}},{"type":"Feature","geometry":{"type":"Point","coordinates":[-93.3755622,45.0849958]},"properties":{"id":"alpr-osm-13376605001","layer":"alpr","name":"ALPR camera","county":"Hennepin County","state":"MN","countyFips":"27053","confidence":"probabilistic","sourceDate":null,"attributes":{"operator":null,"operatorType":"Not recorded","manufacturer":"Flock Safety","cameraType":"fixed","direction":"266","zone":"traffic","surveillance":"public","osmId":13376605001,"osmUrl":"https://www.openstreetmap.org/node/13376605001"}}},{"type":"Feature","geometry":{"type":"Point","coordinates":[-93.4606655,44.8568948]},"properties":{"id":"alpr-osm-13376605002","layer":"alpr","name":"ALPR camera","county":"Hennepin County","state":"MN","countyFips":"27053","confidence":"probabilistic","sourceDate":null,"attributes":{"operator":null,"operatorType":"Not recorded","manufacturer":"Motorola Solutions","cameraType":"fixed","direction":"199","zone":"traffic","surveillance":"public","osmId":13376605002,"osmUrl":"https://www.openstreetmap.org/node/13376605002"}}},{"type":"Feature","geometry":{"type":"Point","coordinates":[-93.9550916,44.1749816]},"properties":{"id":"alpr-osm-13376776101","layer":"alpr","name":"ALPR camera","county":"Blue Earth County","state":"MN","countyFips":"27013","confidence":"probabilistic","sourceDate":null,"attributes":{"operator":null,"operatorType":"Not recorded","manufacturer":"Flock Safety","cameraType":"fixed","direction":"166","zone":"traffic","surveillance":"public","osmId":13376776101,"osmUrl":"https://www.openstreetmap.org/node/13376776101"}}},{"type":"Feature","geometry":{"type":"Point","coordinates":[-93.9515718,44.1803648]},"properties":{"id":"alpr-osm-13376866802","layer":"alpr","name":"ALPR camera","county":"Blue Earth County","state":"MN","countyFips":"27013","confidence":"probabilistic","sourceDate":null,"attributes":{"operator":null,"operatorType":"Not recorded","manufacturer":"Motorola Solutions","cameraType":"fixed","direction":"0","zone":"traffic","surveillance":"public","osmId":13376866802,"osmUrl":"https://www.openstreetmap.org/node/13376866802"}}},{"type":"Feature","geometry":{"type":"Point","coordinates":[-93.9508121,44.1782297]},"properties":{"id":"alpr-osm-13376882301","layer":"alpr","name":"ALPR camera","county":"Blue Earth County","state":"MN","countyFips":"27013","confidence":"probabilistic","sourceDate":null,"attributes":{"operator":null,"operatorType":"Not recorded","manufacturer":"Motorola Solutions","cameraType":"fixed","direction":"66","zone":"traffic","surveillance":"public","osmId":13376882301,"osmUrl":"https://www.openstreetmap.org/node/13376882301"}}},{"type":"Feature","geometry":{"type":"Point","coordinates":[-93.9570677,44.1724718]},"properties":{"id":"alpr-osm-13376895101","layer":"alpr","name":"ALPR camera","county":"Blue Earth County","state":"MN","countyFips":"27013","confidence":"probabilistic","sourceDate":null,"attributes":{"operator":null,"operatorType":"Not recorded","manufacturer":"Flock Safety","cameraType":"fixed","direction":"0","zone":"traffic","surveillance":"public","osmId":13376895101,"osmUrl":"https://www.openstreetmap.org/node/13376895101"}}},{"type":"Feature","geometry":{"type":"Point","coordinates":[-93.4618024,45.1557552]},"properties":{"id":"alpr-osm-13381343001","layer":"alpr","name":"ALPR camera","county":"Hennepin County","state":"MN","countyFips":"27053","confidence":"probabilistic","sourceDate":null,"attributes":{"operator":null,"operatorType":"Not recorded","manufacturer":"Flock Safety","cameraType":"fixed","direction":"316-1","zone":"traffic","surveillance":"public","osmId":13381343001,"osmUrl":"https://www.openstreetmap.org/node/13381343001"}}},{"type":"Feature","geometry":{"type":"Point","coordinates":[-93.3216068,45.0606667]},"properties":{"id":"alpr-osm-13381840703","layer":"alpr","name":"ALPR camera","county":"Hennepin County","state":"MN","countyFips":"27053","confidence":"probabilistic","sourceDate":null,"attributes":{"operator":null,"operatorType":"Not recorded","manufacturer":"Flock Safety","cameraType":"fixed","direction":"300","zone":"traffic","surveillance":"public","osmId":13381840703,"osmUrl":"https://www.openstreetmap.org/node/13381840703"}}},{"type":"Feature","geometry":{"type":"Point","coordinates":[-93.3218919,45.0606963]},"properties":{"id":"alpr-osm-13381840704","layer":"alpr","name":"ALPR camera","county":"Hennepin County","state":"MN","countyFips":"27053","confidence":"probabilistic","sourceDate":null,"attributes":{"operator":null,"operatorType":"Not recorded","manufacturer":"Flock Safety","cameraType":"fixed","direction":"106","zone":"traffic","surveillance":"public","osmId":13381840704,"osmUrl":"https://www.openstreetmap.org/node/13381840704"}}},{"type":"Feature","geometry":{"type":"Point","coordinates":[-92.998786,45.2788972]},"properties":{"id":"alpr-osm-13382261601","layer":"alpr","name":"ALPR camera","county":"Washington County","state":"MN","countyFips":"27163","confidence":"probabilistic","sourceDate":null,"attributes":{"operator":null,"operatorType":"Not recorded","manufacturer":"Flock Safety","cameraType":"fixed","direction":"180","zone":"traffic","surveillance":"public","osmId":13382261601,"osmUrl":"https://www.openstreetmap.org/node/13382261601"}}},{"type":"Feature","geometry":{"type":"Point","coordinates":[-93.4494033,44.7425957]},"properties":{"id":"alpr-osm-13382313502","layer":"alpr","name":"ALPR camera","county":"Scott County","state":"MN","countyFips":"27139","confidence":"probabilistic","sourceDate":null,"attributes":{"operator":null,"operatorType":"Not recorded","manufacturer":"Flock Safety","cameraType":"fixed","direction":"285","zone":"traffic","surveillance":"public","osmId":13382313502,"osmUrl":"https://www.openstreetmap.org/node/13382313502"}}},{"type":"Feature","geometry":{"type":"Point","coordinates":[-93.4504556,44.7465043]},"properties":{"id":"alpr-osm-13382317801","layer":"alpr","name":"ALPR camera","county":"Scott County","state":"MN","countyFips":"27139","confidence":"probabilistic","sourceDate":null,"attributes":{"operator":null,"operatorType":"Not recorded","manufacturer":"Flock Safety","cameraType":"fixed","direction":"164","zone":"traffic","surveillance":"public","osmId":13382317801,"osmUrl":"https://www.openstreetmap.org/node/13382317801"}}},{"type":"Feature","geometry":{"type":"Point","coordinates":[-93.4667588,44.741435]},"properties":{"id":"alpr-osm-13382322801","layer":"alpr","name":"ALPR camera","county":"Scott County","state":"MN","countyFips":"27139","confidence":"probabilistic","sourceDate":null,"attributes":{"operator":null,"operatorType":"Not recorded","manufacturer":"Flock Safety","cameraType":"fixed","direction":"67","zone":"traffic","surveillance":"public","osmId":13382322801,"osmUrl":"https://www.openstreetmap.org/node/13382322801"}}},{"type":"Feature","geometry":{"type":"Point","coordinates":[-93.4588027,44.7251318]},"properties":{"id":"alpr-osm-13382328001","layer":"alpr","name":"ALPR camera","county":"Scott County","state":"MN","countyFips":"27139","confidence":"probabilistic","sourceDate":null,"attributes":{"operator":null,"operatorType":"Not recorded","manufacturer":"Flock Safety","cameraType":"fixed","direction":"333","zone":"traffic","surveillance":"public","osmId":13382328001,"osmUrl":"https://www.openstreetmap.org/node/13382328001"}}},{"type":"Feature","geometry":{"type":"Point","coordinates":[-93.4500781,45.0089089]},"properties":{"id":"alpr-osm-13382408901","layer":"alpr","name":"ALPR camera","county":"Hennepin County","state":"MN","countyFips":"27053","confidence":"probabilistic","sourceDate":null,"attributes":{"operator":null,"operatorType":"Not recorded","manufacturer":"Flock Safety","cameraType":"fixed","direction":"4","zone":"traffic","surveillance":"public","osmId":13382408901,"osmUrl":"https://www.openstreetmap.org/node/13382408901"}}},{"type":"Feature","geometry":{"type":"Point","coordinates":[-93.4550625,44.9965861]},"properties":{"id":"alpr-osm-13382425201","layer":"alpr","name":"ALPR camera","county":"Hennepin County","state":"MN","countyFips":"27053","confidence":"probabilistic","sourceDate":null,"attributes":{"operator":null,"operatorType":"Not recorded","manufacturer":"Flock Safety","cameraType":"fixed","direction":"53","zone":"traffic","surveillance":"public","osmId":13382425201,"osmUrl":"https://www.openstreetmap.org/node/13382425201"}}},{"type":"Feature","geometry":{"type":"Point","coordinates":[-93.6419519,45.3107835]},"properties":{"id":"alpr-osm-13383628701","layer":"alpr","name":"ALPR camera","county":"Sherburne County","state":"MN","countyFips":"27141","confidence":"probabilistic","sourceDate":null,"attributes":{"operator":null,"operatorType":"Not recorded","manufacturer":"Flock Safety","cameraType":"fixed","direction":"277","zone":"traffic","surveillance":"public","osmId":13383628701,"osmUrl":"https://www.openstreetmap.org/node/13383628701"}}},{"type":"Feature","geometry":{"type":"Point","coordinates":[-93.3984667,44.9396498]},"properties":{"id":"alpr-osm-13388764501","layer":"alpr","name":"ALPR camera","county":"Hennepin County","state":"MN","countyFips":"27053","confidence":"probabilistic","sourceDate":null,"attributes":{"operator":null,"operatorType":"Not recorded","manufacturer":"Flock Safety","cameraType":"fixed","direction":"72","zone":"traffic","surveillance":"public","osmId":13388764501,"osmUrl":"https://www.openstreetmap.org/node/13388764501"}}},{"type":"Feature","geometry":{"type":"Point","coordinates":[-93.3863358,44.9361474]},"properties":{"id":"alpr-osm-13388776001","layer":"alpr","name":"ALPR camera","county":"Hennepin County","state":"MN","countyFips":"27053","confidence":"probabilistic","sourceDate":null,"attributes":{"operator":null,"operatorType":"Not recorded","manufacturer":"Flock Safety","cameraType":"fixed","direction":"20","zone":"traffic","surveillance":"public","osmId":13388776001,"osmUrl":"https://www.openstreetmap.org/node/13388776001"}}},{"type":"Feature","geometry":{"type":"Point","coordinates":[-93.4524913,44.9820817]},"properties":{"id":"alpr-osm-13388844101","layer":"alpr","name":"ALPR camera","county":"Hennepin County","state":"MN","countyFips":"27053","confidence":"probabilistic","sourceDate":null,"attributes":{"operator":null,"operatorType":"Not recorded","manufacturer":"Flock Safety","cameraType":"fixed","direction":"356","zone":"traffic","surveillance":"public","osmId":13388844101,"osmUrl":"https://www.openstreetmap.org/node/13388844101"}}},{"type":"Feature","geometry":{"type":"Point","coordinates":[-93.4524913,44.9820817]},"properties":{"id":"alpr-osm-13388844702","layer":"alpr","name":"ALPR camera","county":"Hennepin County","state":"MN","countyFips":"27053","confidence":"probabilistic","sourceDate":null,"attributes":{"operator":null,"operatorType":"Not recorded","manufacturer":"Flock Safety","cameraType":"fixed","direction":"356","zone":"traffic","surveillance":"public","osmId":13388844702,"osmUrl":"https://www.openstreetmap.org/node/13388844702"}}},{"type":"Feature","geometry":{"type":"Point","coordinates":[-93.4075238,44.9840461]},"properties":{"id":"alpr-osm-13388844703","layer":"alpr","name":"ALPR camera","county":"Hennepin County","state":"MN","countyFips":"27053","confidence":"probabilistic","sourceDate":null,"attributes":{"operator":null,"operatorType":"Not recorded","manufacturer":"Flock Safety","cameraType":"fixed","direction":"252","zone":"traffic","surveillance":"public","osmId":13388844703,"osmUrl":"https://www.openstreetmap.org/node/13388844703"}}},{"type":"Feature","geometry":{"type":"Point","coordinates":[-93.4075238,44.9840461]},"properties":{"id":"alpr-osm-13388847301","layer":"alpr","name":"ALPR camera","county":"Hennepin County","state":"MN","countyFips":"27053","confidence":"probabilistic","sourceDate":null,"attributes":{"operator":null,"operatorType":"Not recorded","manufacturer":"Flock Safety","cameraType":"fixed","direction":"252","zone":"traffic","surveillance":"public","osmId":13388847301,"osmUrl":"https://www.openstreetmap.org/node/13388847301"}}},{"type":"Feature","geometry":{"type":"Point","coordinates":[-93.4150444,44.9333938]},"properties":{"id":"alpr-osm-13388865101","layer":"alpr","name":"ALPR camera","county":"Hennepin County","state":"MN","countyFips":"27053","confidence":"probabilistic","sourceDate":null,"attributes":{"operator":null,"operatorType":"Not recorded","manufacturer":"Flock Safety","cameraType":"fixed","direction":"252","zone":"traffic","surveillance":"public","osmId":13388865101,"osmUrl":"https://www.openstreetmap.org/node/13388865101"}}},{"type":"Feature","geometry":{"type":"Point","coordinates":[-93.3998715,45.0438079]},"properties":{"id":"alpr-osm-13388878501","layer":"alpr","name":"ALPR camera","county":"Hennepin County","state":"MN","countyFips":"27053","confidence":"probabilistic","sourceDate":null,"attributes":{"operator":null,"operatorType":"Not recorded","manufacturer":"Flock Safety","cameraType":"fixed","direction":"69","zone":"traffic","surveillance":"public","osmId":13388878501,"osmUrl":"https://www.openstreetmap.org/node/13388878501"}}},{"type":"Feature","geometry":{"type":"Point","coordinates":[-93.4024919,45.0439601]},"properties":{"id":"alpr-osm-13388878801","layer":"alpr","name":"ALPR camera","county":"Hennepin County","state":"MN","countyFips":"27053","confidence":"probabilistic","sourceDate":null,"attributes":{"operator":null,"operatorType":"Not recorded","manufacturer":"Flock Safety","cameraType":"fixed","direction":"251","zone":"traffic","surveillance":"public","osmId":13388878801,"osmUrl":"https://www.openstreetmap.org/node/13388878801"}}},{"type":"Feature","geometry":{"type":"Point","coordinates":[-93.3485711,45.0401596]},"properties":{"id":"alpr-osm-13388914701","layer":"alpr","name":"ALPR camera","county":"Hennepin County","state":"MN","countyFips":"27053","confidence":"probabilistic","sourceDate":null,"attributes":{"operator":null,"operatorType":"Not recorded","manufacturer":"Flock Safety","cameraType":"fixed","direction":"308","zone":"traffic","surveillance":"public","osmId":13388914701,"osmUrl":"https://www.openstreetmap.org/node/13388914701"}}},{"type":"Feature","geometry":{"type":"Point","coordinates":[-93.3261414,45.0513594]},"properties":{"id":"alpr-osm-13388946101","layer":"alpr","name":"ALPR camera","county":"Hennepin County","state":"MN","countyFips":"27053","confidence":"probabilistic","sourceDate":null,"attributes":{"operator":null,"operatorType":"Not recorded","manufacturer":"Flock Safety","cameraType":"fixed","direction":"72","zone":"traffic","surveillance":"public","osmId":13388946101,"osmUrl":"https://www.openstreetmap.org/node/13388946101"}}},{"type":"Feature","geometry":{"type":"Point","coordinates":[-93.32635,45.0512618]},"properties":{"id":"alpr-osm-13388948001","layer":"alpr","name":"ALPR camera","county":"Hennepin County","state":"MN","countyFips":"27053","confidence":"probabilistic","sourceDate":null,"attributes":{"operator":null,"operatorType":"Not recorded","manufacturer":"Flock Safety","cameraType":"fixed","direction":"158","zone":"traffic","surveillance":"public","osmId":13388948001,"osmUrl":"https://www.openstreetmap.org/node/13388948001"}}},{"type":"Feature","geometry":{"type":"Point","coordinates":[-93.261319,45.035629]},"properties":{"id":"alpr-osm-13388992801","layer":"alpr","name":"ALPR camera","county":"Anoka County","state":"MN","countyFips":"27003","confidence":"probabilistic","sourceDate":null,"attributes":{"operator":null,"operatorType":"Not recorded","manufacturer":"Flock Safety","cameraType":"fixed","direction":"106","zone":"traffic","surveillance":"public","osmId":13388992801,"osmUrl":"https://www.openstreetmap.org/node/13388992801"}}},{"type":"Feature","geometry":{"type":"Point","coordinates":[-93.2431321,45.0389736]},"properties":{"id":"alpr-osm-13389002403","layer":"alpr","name":"ALPR camera","county":"Anoka County","state":"MN","countyFips":"27003","confidence":"probabilistic","sourceDate":null,"attributes":{"operator":null,"operatorType":"Not recorded","manufacturer":"Flock Safety","cameraType":"fixed","direction":"32","zone":"traffic","surveillance":"public","osmId":13389002403,"osmUrl":"https://www.openstreetmap.org/node/13389002403"}}},{"type":"Feature","geometry":{"type":"Point","coordinates":[-93.247533,45.046297]},"properties":{"id":"alpr-osm-13389040601","layer":"alpr","name":"ALPR camera","county":"Anoka County","state":"MN","countyFips":"27003","confidence":"probabilistic","sourceDate":null,"attributes":{"operator":null,"operatorType":"Not recorded","manufacturer":"Flock Safety","cameraType":"fixed","direction":"158","zone":"traffic","surveillance":"public","osmId":13389040601,"osmUrl":"https://www.openstreetmap.org/node/13389040601"}}},{"type":"Feature","geometry":{"type":"Point","coordinates":[-93.2473448,45.0599242]},"properties":{"id":"alpr-osm-13389045601","layer":"alpr","name":"ALPR camera","county":"Anoka County","state":"MN","countyFips":"27003","confidence":"probabilistic","sourceDate":null,"attributes":{"operator":null,"operatorType":"Not recorded","manufacturer":"Flock Safety","cameraType":"fixed","direction":"343","zone":"traffic","surveillance":"public","osmId":13389045601,"osmUrl":"https://www.openstreetmap.org/node/13389045601"}}},{"type":"Feature","geometry":{"type":"Point","coordinates":[-93.261319,45.035629]},"properties":{"id":"alpr-osm-13389049701","layer":"alpr","name":"ALPR camera","county":"Anoka County","state":"MN","countyFips":"27003","confidence":"probabilistic","sourceDate":null,"attributes":{"operator":null,"operatorType":"Not recorded","manufacturer":"Flock Safety","cameraType":"fixed","direction":"238","zone":"traffic","surveillance":"public","osmId":13389049701,"osmUrl":"https://www.openstreetmap.org/node/13389049701"}}},{"type":"Feature","geometry":{"type":"Point","coordinates":[-93.2298657,45.0357152]},"properties":{"id":"alpr-osm-13389050101","layer":"alpr","name":"ALPR camera","county":"Anoka County","state":"MN","countyFips":"27003","confidence":"probabilistic","sourceDate":null,"attributes":{"operator":null,"operatorType":"Not recorded","manufacturer":"Flock Safety","cameraType":"fixed","direction":"233","zone":"traffic","surveillance":"public","osmId":13389050101,"osmUrl":"https://www.openstreetmap.org/node/13389050101"}}},{"type":"Feature","geometry":{"type":"Point","coordinates":[-93.2484829,45.0645369]},"properties":{"id":"alpr-osm-13389065101","layer":"alpr","name":"ALPR camera","county":"Anoka County","state":"MN","countyFips":"27003","confidence":"probabilistic","sourceDate":null,"attributes":{"operator":null,"operatorType":"Not recorded","manufacturer":"Flock Safety","cameraType":"fixed","direction":"246","zone":"traffic","surveillance":"public","osmId":13389065101,"osmUrl":"https://www.openstreetmap.org/node/13389065101"}}},{"type":"Feature","geometry":{"type":"Point","coordinates":[-93.242666,45.0745863]},"properties":{"id":"alpr-osm-13389076101","layer":"alpr","name":"ALPR camera","county":"Anoka County","state":"MN","countyFips":"27003","confidence":"probabilistic","sourceDate":null,"attributes":{"operator":null,"operatorType":"Not recorded","manufacturer":"Flock Safety","cameraType":"fixed","direction":"214","zone":"traffic","surveillance":"public","osmId":13389076101,"osmUrl":"https://www.openstreetmap.org/node/13389076101"}}},{"type":"Feature","geometry":{"type":"Point","coordinates":[-93.2278388,45.069621]},"properties":{"id":"alpr-osm-13389078901","layer":"alpr","name":"ALPR camera","county":"Anoka County","state":"MN","countyFips":"27003","confidence":"probabilistic","sourceDate":null,"attributes":{"operator":null,"operatorType":"Not recorded","manufacturer":"Flock Safety","cameraType":"fixed","direction":"312","zone":"traffic","surveillance":"public","osmId":13389078901,"osmUrl":"https://www.openstreetmap.org/node/13389078901"}}},{"type":"Feature","geometry":{"type":"Point","coordinates":[-93.2627056,45.0770981]},"properties":{"id":"alpr-osm-13389093801","layer":"alpr","name":"ALPR camera","county":"Anoka County","state":"MN","countyFips":"27003","confidence":"probabilistic","sourceDate":null,"attributes":{"operator":null,"operatorType":"Not recorded","manufacturer":"Flock Safety","cameraType":"fixed","direction":"3","zone":"traffic","surveillance":"public","osmId":13389093801,"osmUrl":"https://www.openstreetmap.org/node/13389093801"}}},{"type":"Feature","geometry":{"type":"Point","coordinates":[-93.2627056,45.0770981]},"properties":{"id":"alpr-osm-13389094101","layer":"alpr","name":"ALPR camera","county":"Anoka County","state":"MN","countyFips":"27003","confidence":"probabilistic","sourceDate":null,"attributes":{"operator":null,"operatorType":"Not recorded","manufacturer":"Flock Safety","cameraType":"fixed","direction":"180","zone":"traffic","surveillance":"public","osmId":13389094101,"osmUrl":"https://www.openstreetmap.org/node/13389094101"}}},{"type":"Feature","geometry":{"type":"Point","coordinates":[-93.2631684,45.0809583]},"properties":{"id":"alpr-osm-13389094102","layer":"alpr","name":"ALPR camera","county":"Anoka County","state":"MN","countyFips":"27003","confidence":"probabilistic","sourceDate":null,"attributes":{"operator":null,"operatorType":"Not recorded","manufacturer":"Flock Safety","cameraType":"fixed","direction":"64","zone":"traffic","surveillance":"public","osmId":13389094102,"osmUrl":"https://www.openstreetmap.org/node/13389094102"}}},{"type":"Feature","geometry":{"type":"Point","coordinates":[-93.2661618,45.086431]},"properties":{"id":"alpr-osm-13389108501","layer":"alpr","name":"ALPR camera","county":"Anoka County","state":"MN","countyFips":"27003","confidence":"probabilistic","sourceDate":null,"attributes":{"operator":null,"operatorType":"Not recorded","manufacturer":"Flock Safety","cameraType":"fixed","direction":"183","zone":"traffic","surveillance":"public","osmId":13389108501,"osmUrl":"https://www.openstreetmap.org/node/13389108501"}}},{"type":"Feature","geometry":{"type":"Point","coordinates":[-93.2760873,45.0862613]},"properties":{"id":"alpr-osm-13389112101","layer":"alpr","name":"ALPR camera","county":"Anoka County","state":"MN","countyFips":"27003","confidence":"probabilistic","sourceDate":null,"attributes":{"operator":null,"operatorType":"Not recorded","manufacturer":"Flock Safety","cameraType":"fixed","direction":"112","zone":"traffic","surveillance":"public","osmId":13389112101,"osmUrl":"https://www.openstreetmap.org/node/13389112101"}}},{"type":"Feature","geometry":{"type":"Point","coordinates":[-93.2646273,45.071733]},"properties":{"id":"alpr-osm-13389134801","layer":"alpr","name":"ALPR camera","county":"Anoka County","state":"MN","countyFips":"27003","confidence":"probabilistic","sourceDate":null,"attributes":{"operator":null,"operatorType":"Not recorded","manufacturer":"Flock Safety","cameraType":"fixed","direction":"112","zone":"traffic","surveillance":"public","osmId":13389134801,"osmUrl":"https://www.openstreetmap.org/node/13389134801"}}},{"type":"Feature","geometry":{"type":"Point","coordinates":[-93.2646008,45.0714825]},"properties":{"id":"alpr-osm-13389135001","layer":"alpr","name":"ALPR camera","county":"Anoka County","state":"MN","countyFips":"27003","confidence":"probabilistic","sourceDate":null,"attributes":{"operator":null,"operatorType":"Not recorded","manufacturer":"Flock Safety","cameraType":"fixed","direction":"70","zone":"traffic","surveillance":"public","osmId":13389135001,"osmUrl":"https://www.openstreetmap.org/node/13389135001"}}},{"type":"Feature","geometry":{"type":"Point","coordinates":[-93.2679647,45.071501]},"properties":{"id":"alpr-osm-13389140201","layer":"alpr","name":"ALPR camera","county":"Anoka County","state":"MN","countyFips":"27003","confidence":"probabilistic","sourceDate":null,"attributes":{"operator":null,"operatorType":"Not recorded","manufacturer":"Flock Safety","cameraType":"fixed","direction":"64","zone":"traffic","surveillance":"public","osmId":13389140201,"osmUrl":"https://www.openstreetmap.org/node/13389140201"}}},{"type":"Feature","geometry":{"type":"Point","coordinates":[-93.2417342,44.1096394]},"properties":{"id":"alpr-osm-13389154555","layer":"alpr","name":"ALPR camera","county":"Steele County","state":"MN","countyFips":"27147","confidence":"probabilistic","sourceDate":null,"attributes":{"operator":null,"operatorType":"Not recorded","manufacturer":"Flock Safety","cameraType":"fixed","direction":"45","zone":"traffic","surveillance":"webcam","osmId":13389154555,"osmUrl":"https://www.openstreetmap.org/node/13389154555"}}},{"type":"Feature","geometry":{"type":"Point","coordinates":[-93.2684392,45.0701651]},"properties":{"id":"alpr-osm-13389175001","layer":"alpr","name":"ALPR camera","county":"Anoka County","state":"MN","countyFips":"27003","confidence":"probabilistic","sourceDate":null,"attributes":{"operator":null,"operatorType":"Not recorded","manufacturer":"Flock Safety","cameraType":"fixed","direction":"232","zone":"traffic","surveillance":"public","osmId":13389175001,"osmUrl":"https://www.openstreetmap.org/node/13389175001"}}},{"type":"Feature","geometry":{"type":"Point","coordinates":[-93.2684392,45.0701651]},"properties":{"id":"alpr-osm-13389175101","layer":"alpr","name":"ALPR camera","county":"Anoka County","state":"MN","countyFips":"27003","confidence":"probabilistic","sourceDate":null,"attributes":{"operator":null,"operatorType":"Not recorded","manufacturer":"Flock Safety","cameraType":"fixed","direction":"201","zone":"traffic","surveillance":"public","osmId":13389175101,"osmUrl":"https://www.openstreetmap.org/node/13389175101"}}},{"type":"Feature","geometry":{"type":"Point","coordinates":[-93.2684588,45.0716795]},"properties":{"id":"alpr-osm-13389183501","layer":"alpr","name":"ALPR camera","county":"Anoka County","state":"MN","countyFips":"27003","confidence":"probabilistic","sourceDate":null,"attributes":{"operator":null,"operatorType":"Not recorded","manufacturer":"Flock Safety","cameraType":"fixed","direction":"239","zone":"traffic","surveillance":"public","osmId":13389183501,"osmUrl":"https://www.openstreetmap.org/node/13389183501"}}},{"type":"Feature","geometry":{"type":"Point","coordinates":[-93.2667703,45.1188614]},"properties":{"id":"alpr-osm-13389213701","layer":"alpr","name":"ALPR camera","county":"Anoka County","state":"MN","countyFips":"27003","confidence":"probabilistic","sourceDate":null,"attributes":{"operator":null,"operatorType":"Not recorded","manufacturer":"Flock Safety","cameraType":"fixed","direction":"331","zone":"traffic","surveillance":"public","osmId":13389213701,"osmUrl":"https://www.openstreetmap.org/node/13389213701"}}},{"type":"Feature","geometry":{"type":"Point","coordinates":[-93.2696707,45.1247244]},"properties":{"id":"alpr-osm-13389216001","layer":"alpr","name":"ALPR camera","county":"Anoka County","state":"MN","countyFips":"27003","confidence":"probabilistic","sourceDate":null,"attributes":{"operator":null,"operatorType":"Not recorded","manufacturer":"Flock Safety","cameraType":"fixed","direction":"340","zone":"traffic","surveillance":"public","osmId":13389216001,"osmUrl":"https://www.openstreetmap.org/node/13389216001"}}},{"type":"Feature","geometry":{"type":"Point","coordinates":[-93.2849916,45.1199186]},"properties":{"id":"alpr-osm-13389241401","layer":"alpr","name":"ALPR camera","county":"Anoka County","state":"MN","countyFips":"27003","confidence":"probabilistic","sourceDate":null,"attributes":{"operator":null,"operatorType":"Not recorded","manufacturer":"Flock Safety","cameraType":"fixed","direction":"140","zone":"traffic","surveillance":"public","osmId":13389241401,"osmUrl":"https://www.openstreetmap.org/node/13389241401"}}},{"type":"Feature","geometry":{"type":"Point","coordinates":[-93.2675191,45.1332538]},"properties":{"id":"alpr-osm-13389250201","layer":"alpr","name":"ALPR camera","county":"Anoka County","state":"MN","countyFips":"27003","confidence":"probabilistic","sourceDate":null,"attributes":{"operator":null,"operatorType":"Not recorded","manufacturer":"Flock Safety","cameraType":"fixed","direction":"118","zone":"traffic","surveillance":"public","osmId":13389250201,"osmUrl":"https://www.openstreetmap.org/node/13389250201"}}},{"type":"Feature","geometry":{"type":"Point","coordinates":[-93.2659032,45.1824222]},"properties":{"id":"alpr-osm-13389273602","layer":"alpr","name":"ALPR camera","county":"Anoka County","state":"MN","countyFips":"27003","confidence":"probabilistic","sourceDate":null,"attributes":{"operator":null,"operatorType":"Not recorded","manufacturer":"Flock Safety","cameraType":"fixed","direction":"67","zone":"traffic","surveillance":"public","osmId":13389273602,"osmUrl":"https://www.openstreetmap.org/node/13389273602"}}},{"type":"Feature","geometry":{"type":"Point","coordinates":[-93.3204642,45.2197656]},"properties":{"id":"alpr-osm-13389311001","layer":"alpr","name":"ALPR camera","county":"Anoka County","state":"MN","countyFips":"27003","confidence":"probabilistic","sourceDate":null,"attributes":{"operator":null,"operatorType":"Not recorded","manufacturer":"Flock Safety","cameraType":"fixed","direction":"254","zone":"traffic","surveillance":"public","osmId":13389311001,"osmUrl":"https://www.openstreetmap.org/node/13389311001"}}},{"type":"Feature","geometry":{"type":"Point","coordinates":[-93.1572438,45.16585]},"properties":{"id":"alpr-osm-13389345101","layer":"alpr","name":"ALPR camera","county":"Anoka County","state":"MN","countyFips":"27003","confidence":"probabilistic","sourceDate":null,"attributes":{"operator":null,"operatorType":"Not recorded","manufacturer":"Flock Safety","cameraType":"fixed","direction":"53","zone":"traffic","surveillance":"public","osmId":13389345101,"osmUrl":"https://www.openstreetmap.org/node/13389345101"}}},{"type":"Feature","geometry":{"type":"Point","coordinates":[-93.1630728,45.1565002]},"properties":{"id":"alpr-osm-13389353901","layer":"alpr","name":"ALPR camera","county":"Anoka County","state":"MN","countyFips":"27003","confidence":"probabilistic","sourceDate":null,"attributes":{"operator":null,"operatorType":"Not recorded","manufacturer":"Flock Safety","cameraType":"fixed","direction":"70","zone":"traffic","surveillance":"public","osmId":13389353901,"osmUrl":"https://www.openstreetmap.org/node/13389353901"}}},{"type":"Feature","geometry":{"type":"Point","coordinates":[-93.2667803,44.9742913]},"properties":{"id":"alpr-osm-13390948401","layer":"alpr","name":"ALPR camera","county":"Hennepin County","state":"MN","countyFips":"27053","confidence":"probabilistic","sourceDate":null,"attributes":{"operator":null,"operatorType":"Not recorded","manufacturer":"Flock Safety","cameraType":"fixed","direction":"0;288;66;135;214","zone":"traffic","surveillance":"public","osmId":13390948401,"osmUrl":"https://www.openstreetmap.org/node/13390948401"}}},{"type":"Feature","geometry":{"type":"Point","coordinates":[-93.1763468,45.0128921]},"properties":{"id":"alpr-osm-13391236401","layer":"alpr","name":"ALPR camera","county":"Ramsey County","state":"MN","countyFips":"27123","confidence":"probabilistic","sourceDate":null,"attributes":{"operator":null,"operatorType":"Not recorded","manufacturer":"Flock Safety","cameraType":"fixed","direction":"99","zone":"traffic","surveillance":"public","osmId":13391236401,"osmUrl":"https://www.openstreetmap.org/node/13391236401"}}},{"type":"Feature","geometry":{"type":"Point","coordinates":[-93.1753219,45.0143104]},"properties":{"id":"alpr-osm-13391236701","layer":"alpr","name":"ALPR camera","county":"Ramsey County","state":"MN","countyFips":"27123","confidence":"probabilistic","sourceDate":null,"attributes":{"operator":null,"operatorType":"Not recorded","manufacturer":"Flock Safety","cameraType":"fixed","direction":"163","zone":"traffic","surveillance":"public","osmId":13391236701,"osmUrl":"https://www.openstreetmap.org/node/13391236701"}}},{"type":"Feature","geometry":{"type":"Point","coordinates":[-93.1688436,45.0139701]},"properties":{"id":"alpr-osm-13391240601","layer":"alpr","name":"ALPR camera","county":"Ramsey County","state":"MN","countyFips":"27123","confidence":"probabilistic","sourceDate":null,"attributes":{"operator":null,"operatorType":"Not recorded","manufacturer":"Flock Safety","cameraType":"fixed","direction":"245","zone":"traffic","surveillance":"public","osmId":13391240601,"osmUrl":"https://www.openstreetmap.org/node/13391240601"}}},{"type":"Feature","geometry":{"type":"Point","coordinates":[-93.1841754,45.0110833]},"properties":{"id":"alpr-osm-13391252501","layer":"alpr","name":"ALPR camera","county":"Ramsey County","state":"MN","countyFips":"27123","confidence":"probabilistic","sourceDate":null,"attributes":{"operator":null,"operatorType":"Not recorded","manufacturer":"Flock Safety","cameraType":"fixed","direction":"0","zone":"traffic","surveillance":"public","osmId":13391252501,"osmUrl":"https://www.openstreetmap.org/node/13391252501"}}},{"type":"Feature","geometry":{"type":"Point","coordinates":[-94.193047,45.5963996]},"properties":{"id":"alpr-osm-13391330201","layer":"alpr","name":"ALPR camera","county":"Stearns County","state":"MN","countyFips":"27145","confidence":"probabilistic","sourceDate":null,"attributes":{"operator":null,"operatorType":"Not recorded","manufacturer":"Flock Safety","cameraType":"fixed","direction":"137","zone":"traffic","surveillance":"public","osmId":13391330201,"osmUrl":"https://www.openstreetmap.org/node/13391330201"}}},{"type":"Feature","geometry":{"type":"Point","coordinates":[-94.1837678,45.617137]},"properties":{"id":"alpr-osm-13391330902","layer":"alpr","name":"ALPR camera","county":"Benton County","state":"MN","countyFips":"27009","confidence":"probabilistic","sourceDate":null,"attributes":{"operator":null,"operatorType":"Not recorded","manufacturer":"Flock Safety","cameraType":"fixed","direction":"69","zone":"traffic","surveillance":"public","osmId":13391330902,"osmUrl":"https://www.openstreetmap.org/node/13391330902"}}},{"type":"Feature","geometry":{"type":"Point","coordinates":[-94.1931006,45.5969993]},"properties":{"id":"alpr-osm-13391331101","layer":"alpr","name":"ALPR camera","county":"Stearns County","state":"MN","countyFips":"27145","confidence":"probabilistic","sourceDate":null,"attributes":{"operator":null,"operatorType":"Not recorded","manufacturer":"Flock Safety","cameraType":"fixed","direction":"314","zone":"traffic","surveillance":"public","osmId":13391331101,"osmUrl":"https://www.openstreetmap.org/node/13391331101"}}},{"type":"Feature","geometry":{"type":"Point","coordinates":[-93.2486214,45.1240584]},"properties":{"id":"alpr-osm-13391410601","layer":"alpr","name":"ALPR camera","county":"Anoka County","state":"MN","countyFips":"27003","confidence":"probabilistic","sourceDate":null,"attributes":{"operator":null,"operatorType":"Not recorded","manufacturer":"Flock Safety","cameraType":"fixed","direction":"160","zone":"traffic","surveillance":"public","osmId":13391410601,"osmUrl":"https://www.openstreetmap.org/node/13391410601"}}},{"type":"Feature","geometry":{"type":"Point","coordinates":[-92.8206319,45.0368784]},"properties":{"id":"alpr-osm-13391426003","layer":"alpr","name":"ALPR camera","county":"Washington County","state":"MN","countyFips":"27163","confidence":"probabilistic","sourceDate":null,"attributes":{"operator":null,"operatorType":"Not recorded","manufacturer":"Flock Safety","cameraType":"fixed","direction":"331","zone":"traffic","surveillance":"public","osmId":13391426003,"osmUrl":"https://www.openstreetmap.org/node/13391426003"}}},{"type":"Feature","geometry":{"type":"Point","coordinates":[-93.3837852,44.9361645]},"properties":{"id":"alpr-osm-13391483201","layer":"alpr","name":"ALPR camera","county":"Hennepin County","state":"MN","countyFips":"27053","confidence":"probabilistic","sourceDate":null,"attributes":{"operator":null,"operatorType":"Not recorded","manufacturer":"Flock Safety","cameraType":"fixed","direction":"0","zone":"traffic","surveillance":"public","osmId":13391483201,"osmUrl":"https://www.openstreetmap.org/node/13391483201"}}},{"type":"Feature","geometry":{"type":"Point","coordinates":[-93.3708625,44.9696501]},"properties":{"id":"alpr-osm-13391486701","layer":"alpr","name":"ALPR camera","county":"Hennepin County","state":"MN","countyFips":"27053","confidence":"probabilistic","sourceDate":null,"attributes":{"operator":null,"operatorType":"Not recorded","manufacturer":"Flock Safety","cameraType":"fixed","direction":"152","zone":"traffic","surveillance":"public","osmId":13391486701,"osmUrl":"https://www.openstreetmap.org/node/13391486701"}}},{"type":"Feature","geometry":{"type":"Point","coordinates":[-93.3690935,44.9706237]},"properties":{"id":"alpr-osm-13391490601","layer":"alpr","name":"ALPR camera","county":"Hennepin County","state":"MN","countyFips":"27053","confidence":"probabilistic","sourceDate":null,"attributes":{"operator":null,"operatorType":"Not recorded","manufacturer":"Flock Safety","cameraType":"fixed","direction":"39","zone":"traffic","surveillance":"public","osmId":13391490601,"osmUrl":"https://www.openstreetmap.org/node/13391490601"}}},{"type":"Feature","geometry":{"type":"Point","coordinates":[-93.3509778,44.9697404]},"properties":{"id":"alpr-osm-13391496701","layer":"alpr","name":"ALPR camera","county":"Hennepin County","state":"MN","countyFips":"27053","confidence":"probabilistic","sourceDate":null,"attributes":{"operator":null,"operatorType":"Not recorded","manufacturer":"Flock Safety","cameraType":"fixed","direction":"126","zone":"traffic","surveillance":"public","osmId":13391496701,"osmUrl":"https://www.openstreetmap.org/node/13391496701"}}},{"type":"Feature","geometry":{"type":"Point","coordinates":[-93.3492989,44.9637808]},"properties":{"id":"alpr-osm-13391509401","layer":"alpr","name":"ALPR camera","county":"Hennepin County","state":"MN","countyFips":"27053","confidence":"probabilistic","sourceDate":null,"attributes":{"operator":null,"operatorType":"Not recorded","manufacturer":"Flock Safety","cameraType":"fixed","direction":"12","zone":"traffic","surveillance":"public","osmId":13391509401,"osmUrl":"https://www.openstreetmap.org/node/13391509401"}}},{"type":"Feature","geometry":{"type":"Point","coordinates":[-93.3498729,44.9654558]},"properties":{"id":"alpr-osm-13391511401","layer":"alpr","name":"ALPR camera","county":"Hennepin County","state":"MN","countyFips":"27053","confidence":"probabilistic","sourceDate":null,"attributes":{"operator":null,"operatorType":"Not recorded","manufacturer":"Flock Safety","cameraType":"fixed","direction":"278","zone":"traffic","surveillance":"public","osmId":13391511401,"osmUrl":"https://www.openstreetmap.org/node/13391511401"}}},{"type":"Feature","geometry":{"type":"Point","coordinates":[-92.8895253,44.7372409]},"properties":{"id":"alpr-osm-13391512701","layer":"alpr","name":"ALPR camera","county":"Dakota County","state":"MN","countyFips":"27037","confidence":"probabilistic","sourceDate":null,"attributes":{"operator":null,"operatorType":"Not recorded","manufacturer":"Flock Safety","cameraType":"fixed","direction":"96","zone":"traffic","surveillance":"public","osmId":13391512701,"osmUrl":"https://www.openstreetmap.org/node/13391512701"}}},{"type":"Feature","geometry":{"type":"Point","coordinates":[-92.8875247,44.7372984]},"properties":{"id":"alpr-osm-13391512901","layer":"alpr","name":"ALPR camera","county":"Dakota County","state":"MN","countyFips":"27037","confidence":"probabilistic","sourceDate":null,"attributes":{"operator":null,"operatorType":"Not recorded","manufacturer":"Flock Safety","cameraType":"fixed","direction":"242","zone":"traffic","surveillance":"public","osmId":13391512901,"osmUrl":"https://www.openstreetmap.org/node/13391512901"}}},{"type":"Feature","geometry":{"type":"Point","coordinates":[-93.3497725,44.9676584]},"properties":{"id":"alpr-osm-13391514201","layer":"alpr","name":"ALPR camera","county":"Hennepin County","state":"MN","countyFips":"27053","confidence":"probabilistic","sourceDate":null,"attributes":{"operator":null,"operatorType":"Not recorded","manufacturer":"Flock Safety","cameraType":"fixed","direction":"300","zone":"traffic","surveillance":"public","osmId":13391514201,"osmUrl":"https://www.openstreetmap.org/node/13391514201"}}},{"type":"Feature","geometry":{"type":"Point","coordinates":[-93.6468852,44.9931674]},"properties":{"id":"alpr-osm-13391539601","layer":"alpr","name":"ALPR camera","county":"Hennepin County","state":"MN","countyFips":"27053","confidence":"probabilistic","sourceDate":null,"attributes":{"operator":null,"operatorType":"Not recorded","manufacturer":"Flock Safety","cameraType":"fixed","direction":"251","zone":"traffic","surveillance":"public","osmId":13391539601,"osmUrl":"https://www.openstreetmap.org/node/13391539601"}}},{"type":"Feature","geometry":{"type":"Point","coordinates":[-93.7654819,44.9787339]},"properties":{"id":"alpr-osm-13391550502","layer":"alpr","name":"ALPR camera","county":"Hennepin County","state":"MN","countyFips":"27053","confidence":"probabilistic","sourceDate":null,"attributes":{"operator":null,"operatorType":"Not recorded","manufacturer":"Flock Safety","cameraType":"fixed","direction":"24","zone":"traffic","surveillance":"public","osmId":13391550502,"osmUrl":"https://www.openstreetmap.org/node/13391550502"}}},{"type":"Feature","geometry":{"type":"Point","coordinates":[-93.5527114,45.1898364]},"properties":{"id":"alpr-osm-13392146701","layer":"alpr","name":"ALPR camera","county":"Hennepin County","state":"MN","countyFips":"27053","confidence":"probabilistic","sourceDate":null,"attributes":{"operator":null,"operatorType":"Not recorded","manufacturer":"Flock Safety","cameraType":"fixed","direction":"166","zone":"traffic","surveillance":"public","osmId":13392146701,"osmUrl":"https://www.openstreetmap.org/node/13392146701"}}},{"type":"Feature","geometry":{"type":"Point","coordinates":[-95.8791316,46.7968527]},"properties":{"id":"alpr-osm-13392253573","layer":"alpr","name":"ALPR camera","county":"Becker County","state":"MN","countyFips":"27005","confidence":"probabilistic","sourceDate":null,"attributes":{"operator":null,"operatorType":"Not recorded","manufacturer":"Flock Safety","cameraType":"fixed","direction":"250","zone":null,"surveillance":null,"osmId":13392253573,"osmUrl":"https://www.openstreetmap.org/node/13392253573"}}},{"type":"Feature","geometry":{"type":"Point","coordinates":[-93.5654819,45.3029273]},"properties":{"id":"alpr-osm-13393039601","layer":"alpr","name":"ALPR camera","county":"Sherburne County","state":"MN","countyFips":"27141","confidence":"probabilistic","sourceDate":null,"attributes":{"operator":null,"operatorType":"Not recorded","manufacturer":"Flock Safety","cameraType":"fixed","direction":"283","zone":"traffic","surveillance":"public","osmId":13393039601,"osmUrl":"https://www.openstreetmap.org/node/13393039601"}}},{"type":"Feature","geometry":{"type":"Point","coordinates":[-93.5669196,45.3061481]},"properties":{"id":"alpr-osm-13393045001","layer":"alpr","name":"ALPR camera","county":"Sherburne County","state":"MN","countyFips":"27141","confidence":"probabilistic","sourceDate":null,"attributes":{"operator":null,"operatorType":"Not recorded","manufacturer":"Flock Safety","cameraType":"fixed","direction":"346","zone":"traffic","surveillance":"public","osmId":13393045001,"osmUrl":"https://www.openstreetmap.org/node/13393045001"}}},{"type":"Feature","geometry":{"type":"Point","coordinates":[-93.5772525,45.3114431]},"properties":{"id":"alpr-osm-13393050601","layer":"alpr","name":"ALPR camera — Elk River PD","county":"Sherburne County","state":"MN","countyFips":"27141","confidence":"probabilistic","sourceDate":null,"attributes":{"operator":"Elk River PD","operatorType":"Police department","manufacturer":"Flock Safety","cameraType":"fixed","direction":"53","zone":"traffic","surveillance":"public","osmId":13393050601,"osmUrl":"https://www.openstreetmap.org/node/13393050601"}}},{"type":"Feature","geometry":{"type":"Point","coordinates":[-93.5773307,45.3084748]},"properties":{"id":"alpr-osm-13393052601","layer":"alpr","name":"ALPR camera — Elk River PD","county":"Sherburne County","state":"MN","countyFips":"27141","confidence":"probabilistic","sourceDate":null,"attributes":{"operator":"Elk River PD","operatorType":"Police department","manufacturer":"Flock Safety","cameraType":"fixed","direction":"342","zone":"traffic","surveillance":"public","osmId":13393052601,"osmUrl":"https://www.openstreetmap.org/node/13393052601"}}},{"type":"Feature","geometry":{"type":"Point","coordinates":[-93.6008258,45.3369454]},"properties":{"id":"alpr-osm-13393088201","layer":"alpr","name":"ALPR camera","county":"Sherburne County","state":"MN","countyFips":"27141","confidence":"probabilistic","sourceDate":null,"attributes":{"operator":null,"operatorType":"Not recorded","manufacturer":"Flock Safety","cameraType":"fixed","direction":"70","zone":"traffic","surveillance":"public","osmId":13393088201,"osmUrl":"https://www.openstreetmap.org/node/13393088201"}}},{"type":"Feature","geometry":{"type":"Point","coordinates":[-95.8554984,46.8232537]},"properties":{"id":"alpr-osm-13393106901","layer":"alpr","name":"ALPR camera","county":"Becker County","state":"MN","countyFips":"27005","confidence":"probabilistic","sourceDate":null,"attributes":{"operator":null,"operatorType":"Not recorded","manufacturer":"Flock Safety","cameraType":"fixed","direction":"357-42","zone":"traffic","surveillance":"public","osmId":13393106901,"osmUrl":"https://www.openstreetmap.org/node/13393106901"}}},{"type":"Feature","geometry":{"type":"Point","coordinates":[-93.5595452,45.3119072]},"properties":{"id":"alpr-osm-13393109802","layer":"alpr","name":"ALPR camera","county":"Sherburne County","state":"MN","countyFips":"27141","confidence":"probabilistic","sourceDate":null,"attributes":{"operator":null,"operatorType":"Not recorded","manufacturer":"Flock Safety","cameraType":"fixed","direction":"249","zone":"traffic","surveillance":"public","osmId":13393109802,"osmUrl":"https://www.openstreetmap.org/node/13393109802"}}},{"type":"Feature","geometry":{"type":"Point","coordinates":[-95.2577751,46.9204777]},"properties":{"id":"alpr-osm-13393109902","layer":"alpr","name":"ALPR camera","county":"Becker County","state":"MN","countyFips":"27005","confidence":"probabilistic","sourceDate":null,"attributes":{"operator":null,"operatorType":"Not recorded","manufacturer":"Flock Safety","cameraType":"fixed","direction":"231-276","zone":"traffic","surveillance":"public","osmId":13393109902,"osmUrl":"https://www.openstreetmap.org/node/13393109902"}}},{"type":"Feature","geometry":{"type":"Point","coordinates":[-93.5004406,45.298987]},"properties":{"id":"alpr-osm-13393134501","layer":"alpr","name":"ALPR camera","county":"Anoka County","state":"MN","countyFips":"27003","confidence":"probabilistic","sourceDate":null,"attributes":{"operator":null,"operatorType":"Not recorded","manufacturer":"Flock Safety","cameraType":"fixed","direction":"158","zone":"traffic","surveillance":"public","osmId":13393134501,"osmUrl":"https://www.openstreetmap.org/node/13393134501"}}},{"type":"Feature","geometry":{"type":"Point","coordinates":[-93.2611932,45.1250123]},"properties":{"id":"alpr-osm-13395290137","layer":"alpr","name":"ALPR camera","county":"Anoka County","state":"MN","countyFips":"27003","confidence":"probabilistic","sourceDate":null,"attributes":{"operator":null,"operatorType":"Not recorded","manufacturer":"Flock Safety","cameraType":"fixed","direction":"55","zone":null,"surveillance":null,"osmId":13395290137,"osmUrl":"https://www.openstreetmap.org/node/13395290137"}}},{"type":"Feature","geometry":{"type":"Point","coordinates":[-92.186815,44.1649563]},"properties":{"id":"alpr-osm-13395817614","layer":"alpr","name":"ALPR camera — Plainview Police Department","county":"Wabasha County","state":"MN","countyFips":"27157","confidence":"probabilistic","sourceDate":null,"attributes":{"operator":"Plainview Police Department","operatorType":"Police department","manufacturer":"Flock Safety","cameraType":"fixed","direction":"65","zone":"traffic","surveillance":"outdoor","osmId":13395817614,"osmUrl":"https://www.openstreetmap.org/node/13395817614"}}},{"type":"Feature","geometry":{"type":"Point","coordinates":[-92.984304,44.9276877]},"properties":{"id":"alpr-osm-13395976601","layer":"alpr","name":"ALPR camera","county":"Ramsey County","state":"MN","countyFips":"27123","confidence":"probabilistic","sourceDate":null,"attributes":{"operator":null,"operatorType":"Not recorded","manufacturer":"Flock Safety","cameraType":"fixed","direction":"101;201","zone":"traffic","surveillance":"public","osmId":13395976601,"osmUrl":"https://www.openstreetmap.org/node/13395976601"}}},{"type":"Feature","geometry":{"type":"Point","coordinates":[-93.915536,46.4680067]},"properties":{"id":"alpr-osm-13396066901","layer":"alpr","name":"ALPR camera","county":"Crow Wing County","state":"MN","countyFips":"27035","confidence":"probabilistic","sourceDate":null,"attributes":{"operator":null,"operatorType":"Not recorded","manufacturer":"Flock Safety","cameraType":"fixed","direction":"239-284","zone":"traffic","surveillance":"public","osmId":13396066901,"osmUrl":"https://www.openstreetmap.org/node/13396066901"}}},{"type":"Feature","geometry":{"type":"Point","coordinates":[-93.1566525,44.8396645]},"properties":{"id":"alpr-osm-13396370597","layer":"alpr","name":"ALPR camera — The Home Depot","county":"Dakota County","state":"MN","countyFips":"27037","confidence":"probabilistic","sourceDate":null,"attributes":{"operator":"The Home Depot","operatorType":"Other or unclassified","manufacturer":"Flock Safety","cameraType":"fixed","direction":"85","zone":null,"surveillance":null,"osmId":13396370597,"osmUrl":"https://www.openstreetmap.org/node/13396370597"}}},{"type":"Feature","geometry":{"type":"Point","coordinates":[-93.1566844,44.8393666]},"properties":{"id":"alpr-osm-13396370598","layer":"alpr","name":"ALPR camera","county":"Dakota County","state":"MN","countyFips":"27037","confidence":"probabilistic","sourceDate":null,"attributes":{"operator":null,"operatorType":"Not recorded","manufacturer":"Flock Safety","cameraType":"fixed","direction":"120","zone":"traffic","surveillance":"public","osmId":13396370598,"osmUrl":"https://www.openstreetmap.org/node/13396370598"}}},{"type":"Feature","geometry":{"type":"Point","coordinates":[-93.1566788,44.8392744]},"properties":{"id":"alpr-osm-13396370599","layer":"alpr","name":"ALPR camera","county":"Dakota County","state":"MN","countyFips":"27037","confidence":"probabilistic","sourceDate":null,"attributes":{"operator":null,"operatorType":"Not recorded","manufacturer":"Flock Safety","cameraType":"fixed","direction":"39","zone":"traffic","surveillance":"public","osmId":13396370599,"osmUrl":"https://www.openstreetmap.org/node/13396370599"}}},{"type":"Feature","geometry":{"type":"Point","coordinates":[-92.9807014,44.8550775]},"properties":{"id":"alpr-osm-13396656902","layer":"alpr","name":"ALPR camera","county":"Washington County","state":"MN","countyFips":"27163","confidence":"probabilistic","sourceDate":null,"attributes":{"operator":null,"operatorType":"Not recorded","manufacturer":"Flock Safety","cameraType":"fixed","direction":"87","zone":"traffic","surveillance":"public","osmId":13396656902,"osmUrl":"https://www.openstreetmap.org/node/13396656902"}}},{"type":"Feature","geometry":{"type":"Point","coordinates":[-92.9807573,44.8550797]},"properties":{"id":"alpr-osm-13396670401","layer":"alpr","name":"ALPR camera","county":"Washington County","state":"MN","countyFips":"27163","confidence":"probabilistic","sourceDate":null,"attributes":{"operator":null,"operatorType":"Not recorded","manufacturer":"Flock Safety","cameraType":"fixed","direction":"81","zone":"traffic","surveillance":"public","osmId":13396670401,"osmUrl":"https://www.openstreetmap.org/node/13396670401"}}},{"type":"Feature","geometry":{"type":"Point","coordinates":[-92.9724623,44.9251719]},"properties":{"id":"alpr-osm-13396672201","layer":"alpr","name":"ALPR camera","county":"Washington County","state":"MN","countyFips":"27163","confidence":"probabilistic","sourceDate":null,"attributes":{"operator":null,"operatorType":"Not recorded","manufacturer":"Flock Safety","cameraType":"fixed","direction":"136","zone":"traffic","surveillance":"public","osmId":13396672201,"osmUrl":"https://www.openstreetmap.org/node/13396672201"}}},{"type":"Feature","geometry":{"type":"Point","coordinates":[-92.9131855,44.8069021]},"properties":{"id":"alpr-osm-13396684101","layer":"alpr","name":"ALPR camera","county":"Washington County","state":"MN","countyFips":"27163","confidence":"probabilistic","sourceDate":null,"attributes":{"operator":null,"operatorType":"Not recorded","manufacturer":"Flock Safety","cameraType":"fixed","direction":"271","zone":"traffic","surveillance":"public","osmId":13396684101,"osmUrl":"https://www.openstreetmap.org/node/13396684101"}}},{"type":"Feature","geometry":{"type":"Point","coordinates":[-93.5535709,45.1997539]},"properties":{"id":"alpr-osm-13398055901","layer":"alpr","name":"ALPR camera","county":"Hennepin County","state":"MN","countyFips":"27053","confidence":"probabilistic","sourceDate":null,"attributes":{"operator":null,"operatorType":"Not recorded","manufacturer":"Flock Safety","cameraType":"fixed","direction":"229","zone":"traffic","surveillance":"public","osmId":13398055901,"osmUrl":"https://www.openstreetmap.org/node/13398055901"}}},{"type":"Feature","geometry":{"type":"Point","coordinates":[-95.8406646,46.8159086]},"properties":{"id":"alpr-osm-13398783237","layer":"alpr","name":"ALPR camera","county":"Becker County","state":"MN","countyFips":"27005","confidence":"probabilistic","sourceDate":null,"attributes":{"operator":null,"operatorType":"Not recorded","manufacturer":"Flock Safety","cameraType":"fixed","direction":"250","zone":"traffic","surveillance":"public","osmId":13398783237,"osmUrl":"https://www.openstreetmap.org/node/13398783237"}}},{"type":"Feature","geometry":{"type":"Point","coordinates":[-95.8847105,46.8296453]},"properties":{"id":"alpr-osm-13398812483","layer":"alpr","name":"ALPR camera","county":"Becker County","state":"MN","countyFips":"27005","confidence":"probabilistic","sourceDate":null,"attributes":{"operator":null,"operatorType":"Not recorded","manufacturer":"Flock Safety","cameraType":"fixed","direction":null,"zone":"traffic","surveillance":"public","osmId":13398812483,"osmUrl":"https://www.openstreetmap.org/node/13398812483"}}},{"type":"Feature","geometry":{"type":"Point","coordinates":[-95.8742088,46.8275164]},"properties":{"id":"alpr-osm-13398879686","layer":"alpr","name":"ALPR camera","county":"Becker County","state":"MN","countyFips":"27005","confidence":"probabilistic","sourceDate":null,"attributes":{"operator":null,"operatorType":"Not recorded","manufacturer":"Flock Safety","cameraType":"fixed","direction":null,"zone":"traffic","surveillance":"public","osmId":13398879686,"osmUrl":"https://www.openstreetmap.org/node/13398879686"}}},{"type":"Feature","geometry":{"type":"Point","coordinates":[-92.1816657,44.157869]},"properties":{"id":"alpr-osm-13401836032","layer":"alpr","name":"ALPR camera — Plainview Police Department","county":"Wabasha County","state":"MN","countyFips":"27157","confidence":"probabilistic","sourceDate":null,"attributes":{"operator":"Plainview Police Department","operatorType":"Police department","manufacturer":"Flock Safety","cameraType":"fixed","direction":"65","zone":"traffic","surveillance":"outdoor","osmId":13401836032,"osmUrl":"https://www.openstreetmap.org/node/13401836032"}}},{"type":"Feature","geometry":{"type":"Point","coordinates":[-93.513162,44.9103707]},"properties":{"id":"alpr-osm-13403648549","layer":"alpr","name":"ALPR camera — Minnetonka High School","county":"Hennepin County","state":"MN","countyFips":"27053","confidence":"probabilistic","sourceDate":null,"attributes":{"operator":"Minnetonka High School","operatorType":"School or campus","manufacturer":"Flock Safety","cameraType":"fixed","direction":"210","zone":null,"surveillance":"camera","osmId":13403648549,"osmUrl":"https://www.openstreetmap.org/node/13403648549"}}},{"type":"Feature","geometry":{"type":"Point","coordinates":[-93.5106372,44.9011348]},"properties":{"id":"alpr-osm-13403697515","layer":"alpr","name":"ALPR camera — Minnetonka High School","county":"Hennepin County","state":"MN","countyFips":"27053","confidence":"probabilistic","sourceDate":null,"attributes":{"operator":"Minnetonka High School","operatorType":"School or campus","manufacturer":"Flock Safety","cameraType":"fixed","direction":"0","zone":null,"surveillance":null,"osmId":13403697515,"osmUrl":"https://www.openstreetmap.org/node/13403697515"}}},{"type":"Feature","geometry":{"type":"Point","coordinates":[-93.509241,44.9109303]},"properties":{"id":"alpr-osm-13403715532","layer":"alpr","name":"ALPR camera — Minnetonka High School","county":"Hennepin County","state":"MN","countyFips":"27053","confidence":"probabilistic","sourceDate":null,"attributes":{"operator":"Minnetonka High School","operatorType":"School or campus","manufacturer":"Flock Safety","cameraType":"fixed","direction":"180","zone":"parking","surveillance":"camera","osmId":13403715532,"osmUrl":"https://www.openstreetmap.org/node/13403715532"}}},{"type":"Feature","geometry":{"type":"Point","coordinates":[-93.2514106,44.1390302]},"properties":{"id":"alpr-osm-13406404901","layer":"alpr","name":"ALPR camera","county":"Steele County","state":"MN","countyFips":"27147","confidence":"probabilistic","sourceDate":null,"attributes":{"operator":null,"operatorType":"Not recorded","manufacturer":"Flock Safety","cameraType":"fixed","direction":"240","zone":"traffic","surveillance":"public","osmId":13406404901,"osmUrl":"https://www.openstreetmap.org/node/13406404901"}}},{"type":"Feature","geometry":{"type":"Point","coordinates":[-93.2880107,44.744963]},"properties":{"id":"alpr-osm-13409456903","layer":"alpr","name":"ALPR camera","county":"Dakota County","state":"MN","countyFips":"27037","confidence":"probabilistic","sourceDate":null,"attributes":{"operator":null,"operatorType":"Not recorded","manufacturer":"Flock Safety","cameraType":"fixed","direction":"318","zone":"traffic","surveillance":"public","osmId":13409456903,"osmUrl":"https://www.openstreetmap.org/node/13409456903"}}},{"type":"Feature","geometry":{"type":"Point","coordinates":[-95.3867853,45.8456398]},"properties":{"id":"alpr-osm-13409496501","layer":"alpr","name":"ALPR camera","county":"Douglas County","state":"MN","countyFips":"27041","confidence":"probabilistic","sourceDate":null,"attributes":{"operator":null,"operatorType":"Not recorded","manufacturer":"Flock Safety","cameraType":"fixed","direction":"97","zone":"traffic","surveillance":"public","osmId":13409496501,"osmUrl":"https://www.openstreetmap.org/node/13409496501"}}},{"type":"Feature","geometry":{"type":"Point","coordinates":[-93.1630516,45.0211848]},"properties":{"id":"alpr-osm-13410845901","layer":"alpr","name":"ALPR camera","county":"Ramsey County","state":"MN","countyFips":"27123","confidence":"probabilistic","sourceDate":null,"attributes":{"operator":null,"operatorType":"Not recorded","manufacturer":"Flock Safety","cameraType":"fixed","direction":"343","zone":"traffic","surveillance":"public","osmId":13410845901,"osmUrl":"https://www.openstreetmap.org/node/13410845901"}}},{"type":"Feature","geometry":{"type":"Point","coordinates":[-93.1823237,45.0176586]},"properties":{"id":"alpr-osm-13410851901","layer":"alpr","name":"ALPR camera","county":"Ramsey County","state":"MN","countyFips":"27123","confidence":"probabilistic","sourceDate":null,"attributes":{"operator":null,"operatorType":"Not recorded","manufacturer":"Flock Safety","cameraType":"fixed","direction":"139","zone":"traffic","surveillance":"public","osmId":13410851901,"osmUrl":"https://www.openstreetmap.org/node/13410851901"}}},{"type":"Feature","geometry":{"type":"Point","coordinates":[-93.2027913,45.0358694]},"properties":{"id":"alpr-osm-13410869601","layer":"alpr","name":"ALPR camera","county":"Ramsey County","state":"MN","countyFips":"27123","confidence":"probabilistic","sourceDate":null,"attributes":{"operator":null,"operatorType":"Not recorded","manufacturer":"Flock Safety","cameraType":"fixed","direction":"0","zone":"traffic","surveillance":"public","osmId":13410869601,"osmUrl":"https://www.openstreetmap.org/node/13410869601"}}},{"type":"Feature","geometry":{"type":"Point","coordinates":[-93.2014279,45.0359205]},"properties":{"id":"alpr-osm-13410870701","layer":"alpr","name":"ALPR camera","county":"Ramsey County","state":"MN","countyFips":"27123","confidence":"probabilistic","sourceDate":null,"attributes":{"operator":null,"operatorType":"Not recorded","manufacturer":"Flock Safety","cameraType":"fixed","direction":"0","zone":"traffic","surveillance":"public","osmId":13410870701,"osmUrl":"https://www.openstreetmap.org/node/13410870701"}}},{"type":"Feature","geometry":{"type":"Point","coordinates":[-93.1986269,45.0371631]},"properties":{"id":"alpr-osm-13410874301","layer":"alpr","name":"ALPR camera","county":"Ramsey County","state":"MN","countyFips":"27123","confidence":"probabilistic","sourceDate":null,"attributes":{"operator":null,"operatorType":"Not recorded","manufacturer":"Flock Safety","cameraType":"fixed","direction":"317","zone":"traffic","surveillance":"public","osmId":13410874301,"osmUrl":"https://www.openstreetmap.org/node/13410874301"}}},{"type":"Feature","geometry":{"type":"Point","coordinates":[-93.1982496,45.038469]},"properties":{"id":"alpr-osm-13410874501","layer":"alpr","name":"ALPR camera","county":"Ramsey County","state":"MN","countyFips":"27123","confidence":"probabilistic","sourceDate":null,"attributes":{"operator":null,"operatorType":"Not recorded","manufacturer":"Flock Safety","cameraType":"fixed","direction":"248","zone":"traffic","surveillance":"public","osmId":13410874501,"osmUrl":"https://www.openstreetmap.org/node/13410874501"}}},{"type":"Feature","geometry":{"type":"Point","coordinates":[-93.2483487,45.107998]},"properties":{"id":"alpr-osm-13410925101","layer":"alpr","name":"ALPR camera","county":"Anoka County","state":"MN","countyFips":"27003","confidence":"probabilistic","sourceDate":null,"attributes":{"operator":null,"operatorType":"Not recorded","manufacturer":"Flock Safety","cameraType":"fixed","direction":"0","zone":"traffic","surveillance":"public","osmId":13410925101,"osmUrl":"https://www.openstreetmap.org/node/13410925101"}}},{"type":"Feature","geometry":{"type":"Point","coordinates":[-93.0314319,45.2505247]},"properties":{"id":"alpr-osm-13410973501","layer":"alpr","name":"ALPR camera","county":"Anoka County","state":"MN","countyFips":"27003","confidence":"probabilistic","sourceDate":null,"attributes":{"operator":null,"operatorType":"Not recorded","manufacturer":"Flock Safety","cameraType":"fixed","direction":"256","zone":"traffic","surveillance":"public","osmId":13410973501,"osmUrl":"https://www.openstreetmap.org/node/13410973501"}}},{"type":"Feature","geometry":{"type":"Point","coordinates":[-93.0206169,45.2505695]},"properties":{"id":"alpr-osm-13410978501","layer":"alpr","name":"ALPR camera","county":"Anoka County","state":"MN","countyFips":"27003","confidence":"probabilistic","sourceDate":null,"attributes":{"operator":null,"operatorType":"Not recorded","manufacturer":"Flock Safety","cameraType":"fixed","direction":"59","zone":"traffic","surveillance":"public","osmId":13410978501,"osmUrl":"https://www.openstreetmap.org/node/13410978501"}}},{"type":"Feature","geometry":{"type":"Point","coordinates":[-92.9774489,45.2604595]},"properties":{"id":"alpr-osm-13410984001","layer":"alpr","name":"ALPR camera","county":"Washington County","state":"MN","countyFips":"27163","confidence":"probabilistic","sourceDate":null,"attributes":{"operator":null,"operatorType":"Not recorded","manufacturer":"Flock Safety","cameraType":"fixed","direction":"57","zone":"traffic","surveillance":"public","osmId":13410984001,"osmUrl":"https://www.openstreetmap.org/node/13410984001"}}},{"type":"Feature","geometry":{"type":"Point","coordinates":[-93.006755,45.278793]},"properties":{"id":"alpr-osm-13411004801","layer":"alpr","name":"ALPR camera","county":"Washington County","state":"MN","countyFips":"27163","confidence":"probabilistic","sourceDate":null,"attributes":{"operator":null,"operatorType":"Not recorded","manufacturer":"Flock Safety","cameraType":"fixed","direction":"172","zone":"traffic","surveillance":"public","osmId":13411004801,"osmUrl":"https://www.openstreetmap.org/node/13411004801"}}},{"type":"Feature","geometry":{"type":"Point","coordinates":[-92.9526689,45.3328422]},"properties":{"id":"alpr-osm-13411031601","layer":"alpr","name":"ALPR camera","county":"Chisago County","state":"MN","countyFips":"27025","confidence":"probabilistic","sourceDate":null,"attributes":{"operator":null,"operatorType":"Not recorded","manufacturer":"Flock Safety","cameraType":"fixed","direction":"241","zone":"traffic","surveillance":"public","osmId":13411031601,"osmUrl":"https://www.openstreetmap.org/node/13411031601"}}},{"type":"Feature","geometry":{"type":"Point","coordinates":[-93.4245842,44.8512813]},"properties":{"id":"alpr-osm-13411279901","layer":"alpr","name":"ALPR camera","county":"Hennepin County","state":"MN","countyFips":"27053","confidence":"probabilistic","sourceDate":null,"attributes":{"operator":null,"operatorType":"Not recorded","manufacturer":"Flock Safety","cameraType":"fixed","direction":"3","zone":"traffic","surveillance":"public","osmId":13411279901,"osmUrl":"https://www.openstreetmap.org/node/13411279901"}}},{"type":"Feature","geometry":{"type":"Point","coordinates":[-93.4286289,44.8516262]},"properties":{"id":"alpr-osm-13411351401","layer":"alpr","name":"ALPR camera","county":"Hennepin County","state":"MN","countyFips":"27053","confidence":"probabilistic","sourceDate":null,"attributes":{"operator":null,"operatorType":"Not recorded","manufacturer":"Flock Safety","cameraType":"fixed","direction":"60","zone":"traffic","surveillance":"public","osmId":13411351401,"osmUrl":"https://www.openstreetmap.org/node/13411351401"}}},{"type":"Feature","geometry":{"type":"Point","coordinates":[-93.4290778,44.8546591]},"properties":{"id":"alpr-osm-13411353201","layer":"alpr","name":"ALPR camera","county":"Hennepin County","state":"MN","countyFips":"27053","confidence":"probabilistic","sourceDate":null,"attributes":{"operator":null,"operatorType":"Not recorded","manufacturer":"Flock Safety","cameraType":"fixed","direction":"151","zone":"traffic","surveillance":"public","osmId":13411353201,"osmUrl":"https://www.openstreetmap.org/node/13411353201"}}},{"type":"Feature","geometry":{"type":"Point","coordinates":[-93.4249631,44.8597649]},"properties":{"id":"alpr-osm-13411359101","layer":"alpr","name":"ALPR camera","county":"Hennepin County","state":"MN","countyFips":"27053","confidence":"probabilistic","sourceDate":null,"attributes":{"operator":null,"operatorType":"Not recorded","manufacturer":"Motorola Solutions","cameraType":"fixed","direction":"71","zone":"traffic","surveillance":"public","osmId":13411359101,"osmUrl":"https://www.openstreetmap.org/node/13411359101"}}},{"type":"Feature","geometry":{"type":"Point","coordinates":[-93.4267007,44.8565206]},"properties":{"id":"alpr-osm-13411419303","layer":"alpr","name":"ALPR camera","county":"Hennepin County","state":"MN","countyFips":"27053","confidence":"probabilistic","sourceDate":null,"attributes":{"operator":null,"operatorType":"Not recorded","manufacturer":"Motorola Solutions","cameraType":"fixed","direction":"168","zone":"traffic","surveillance":"public","osmId":13411419303,"osmUrl":"https://www.openstreetmap.org/node/13411419303"}}},{"type":"Feature","geometry":{"type":"Point","coordinates":[-93.4231411,44.8577038]},"properties":{"id":"alpr-osm-13411503801","layer":"alpr","name":"ALPR camera","county":"Hennepin County","state":"MN","countyFips":"27053","confidence":"probabilistic","sourceDate":null,"attributes":{"operator":null,"operatorType":"Not recorded","manufacturer":"Motorola Solutions","cameraType":"fixed","direction":"195","zone":"traffic","surveillance":"public","osmId":13411503801,"osmUrl":"https://www.openstreetmap.org/node/13411503801"}}},{"type":"Feature","geometry":{"type":"Point","coordinates":[-93.4207834,44.8562426]},"properties":{"id":"alpr-osm-13411504401","layer":"alpr","name":"ALPR camera","county":"Hennepin County","state":"MN","countyFips":"27053","confidence":"probabilistic","sourceDate":null,"attributes":{"operator":null,"operatorType":"Not recorded","manufacturer":"Motorola Solutions","cameraType":"fixed","direction":"289","zone":"traffic","surveillance":"public","osmId":13411504401,"osmUrl":"https://www.openstreetmap.org/node/13411504401"}}},{"type":"Feature","geometry":{"type":"Point","coordinates":[-92.9618102,44.9642309]},"properties":{"id":"alpr-osm-13414827601","layer":"alpr","name":"ALPR camera","county":"Washington County","state":"MN","countyFips":"27163","confidence":"probabilistic","sourceDate":null,"attributes":{"operator":null,"operatorType":"Not recorded","manufacturer":"Flock Safety","cameraType":"fixed","direction":"91","zone":"traffic","surveillance":"public","osmId":13414827601,"osmUrl":"https://www.openstreetmap.org/node/13414827601"}}},{"type":"Feature","geometry":{"type":"Point","coordinates":[-92.9772733,44.9142719]},"properties":{"id":"alpr-osm-13418219801","layer":"alpr","name":"ALPR camera","county":"Washington County","state":"MN","countyFips":"27163","confidence":"probabilistic","sourceDate":null,"attributes":{"operator":null,"operatorType":"Not recorded","manufacturer":"Flock Safety","cameraType":"fixed","direction":"122","zone":"traffic","surveillance":"public","osmId":13418219801,"osmUrl":"https://www.openstreetmap.org/node/13418219801"}}},{"type":"Feature","geometry":{"type":"Point","coordinates":[-92.954531,44.9335175]},"properties":{"id":"alpr-osm-13418229801","layer":"alpr","name":"ALPR camera","county":"Washington County","state":"MN","countyFips":"27163","confidence":"probabilistic","sourceDate":null,"attributes":{"operator":null,"operatorType":"Not recorded","manufacturer":"Flock Safety","cameraType":"fixed","direction":"162","zone":"traffic","surveillance":"public","osmId":13418229801,"osmUrl":"https://www.openstreetmap.org/node/13418229801"}}},{"type":"Feature","geometry":{"type":"Point","coordinates":[-92.9385616,44.9426539]},"properties":{"id":"alpr-osm-13418238301","layer":"alpr","name":"ALPR camera","county":"Washington County","state":"MN","countyFips":"27163","confidence":"probabilistic","sourceDate":null,"attributes":{"operator":null,"operatorType":"Not recorded","manufacturer":"Flock Safety","cameraType":"fixed","direction":"327","zone":"traffic","surveillance":"public","osmId":13418238301,"osmUrl":"https://www.openstreetmap.org/node/13418238301"}}},{"type":"Feature","geometry":{"type":"Point","coordinates":[-92.9399379,44.9432117]},"properties":{"id":"alpr-osm-13418238601","layer":"alpr","name":"ALPR camera","county":"Washington County","state":"MN","countyFips":"27163","confidence":"probabilistic","sourceDate":null,"attributes":{"operator":null,"operatorType":"Not recorded","manufacturer":"Flock Safety","cameraType":"fixed","direction":"0","zone":"traffic","surveillance":"public","osmId":13418238601,"osmUrl":"https://www.openstreetmap.org/node/13418238601"}}},{"type":"Feature","geometry":{"type":"Point","coordinates":[-92.9384721,44.9434652]},"properties":{"id":"alpr-osm-13418240901","layer":"alpr","name":"ALPR camera","county":"Washington County","state":"MN","countyFips":"27163","confidence":"probabilistic","sourceDate":null,"attributes":{"operator":null,"operatorType":"Not recorded","manufacturer":"Flock Safety","cameraType":"fixed","direction":"36","zone":"traffic","surveillance":"public","osmId":13418240901,"osmUrl":"https://www.openstreetmap.org/node/13418240901"}}},{"type":"Feature","geometry":{"type":"Point","coordinates":[-92.9376163,44.944712]},"properties":{"id":"alpr-osm-13418241801","layer":"alpr","name":"ALPR camera","county":"Washington County","state":"MN","countyFips":"27163","confidence":"probabilistic","sourceDate":null,"attributes":{"operator":null,"operatorType":"Not recorded","manufacturer":"Flock Safety","cameraType":"fixed","direction":"208","zone":"traffic","surveillance":"public","osmId":13418241801,"osmUrl":"https://www.openstreetmap.org/node/13418241801"}}},{"type":"Feature","geometry":{"type":"Point","coordinates":[-92.9585476,44.833372]},"properties":{"id":"alpr-osm-13419310501","layer":"alpr","name":"ALPR camera","county":"Washington County","state":"MN","countyFips":"27163","confidence":"probabilistic","sourceDate":null,"attributes":{"operator":null,"operatorType":"Not recorded","manufacturer":"Flock Safety","cameraType":"fixed","direction":"178","zone":"traffic","surveillance":"public","osmId":13419310501,"osmUrl":"https://www.openstreetmap.org/node/13419310501"}}},{"type":"Feature","geometry":{"type":"Point","coordinates":[-92.9624851,44.8331682]},"properties":{"id":"alpr-osm-13419313002","layer":"alpr","name":"ALPR camera","county":"Washington County","state":"MN","countyFips":"27163","confidence":"probabilistic","sourceDate":null,"attributes":{"operator":null,"operatorType":"Not recorded","manufacturer":"Flock Safety","cameraType":"fixed","direction":"65","zone":"traffic","surveillance":"public","osmId":13419313002,"osmUrl":"https://www.openstreetmap.org/node/13419313002"}}},{"type":"Feature","geometry":{"type":"Point","coordinates":[-95.527971,44.7632046]},"properties":{"id":"alpr-osm-13423358301","layer":"alpr","name":"ALPR camera","county":"Yellow Medicine County","state":"MN","countyFips":"27173","confidence":"probabilistic","sourceDate":null,"attributes":{"operator":null,"operatorType":"Not recorded","manufacturer":"Flock Safety","cameraType":"fixed","direction":"297","zone":"traffic","surveillance":"public","osmId":13423358301,"osmUrl":"https://www.openstreetmap.org/node/13423358301"}}},{"type":"Feature","geometry":{"type":"Point","coordinates":[-93.4862964,45.1500961]},"properties":{"id":"alpr-osm-13424264801","layer":"alpr","name":"ALPR camera","county":"Hennepin County","state":"MN","countyFips":"27053","confidence":"probabilistic","sourceDate":null,"attributes":{"operator":null,"operatorType":"Not recorded","manufacturer":"Flock Safety","cameraType":"fixed","direction":"297","zone":"traffic","surveillance":"public","osmId":13424264801,"osmUrl":"https://www.openstreetmap.org/node/13424264801"}}},{"type":"Feature","geometry":{"type":"Point","coordinates":[-93.1306811,45.6424108]},"properties":{"id":"alpr-osm-13426817801","layer":"alpr","name":"ALPR camera","county":"Chisago County","state":"MN","countyFips":"27025","confidence":"probabilistic","sourceDate":null,"attributes":{"operator":null,"operatorType":"Not recorded","manufacturer":"Flock Safety","cameraType":"fixed","direction":"9","zone":"traffic","surveillance":"public","osmId":13426817801,"osmUrl":"https://www.openstreetmap.org/node/13426817801"}}},{"type":"Feature","geometry":{"type":"Point","coordinates":[-93.1360727,45.5907312]},"properties":{"id":"alpr-osm-13426824102","layer":"alpr","name":"ALPR camera","county":"Chisago County","state":"MN","countyFips":"27025","confidence":"probabilistic","sourceDate":null,"attributes":{"operator":null,"operatorType":"Not recorded","manufacturer":"Flock Safety","cameraType":"fixed","direction":"72","zone":"traffic","surveillance":"public","osmId":13426824102,"osmUrl":"https://www.openstreetmap.org/node/13426824102"}}},{"type":"Feature","geometry":{"type":"Point","coordinates":[-92.9603018,45.6734917]},"properties":{"id":"alpr-osm-13426858402","layer":"alpr","name":"ALPR camera","county":"Chisago County","state":"MN","countyFips":"27025","confidence":"probabilistic","sourceDate":null,"attributes":{"operator":null,"operatorType":"Not recorded","manufacturer":"Flock Safety","cameraType":"fixed","direction":"347","zone":"traffic","surveillance":"public","osmId":13426858402,"osmUrl":"https://www.openstreetmap.org/node/13426858402"}}},{"type":"Feature","geometry":{"type":"Point","coordinates":[-92.9166863,45.5844404]},"properties":{"id":"alpr-osm-13426866801","layer":"alpr","name":"ALPR camera","county":"Chisago County","state":"MN","countyFips":"27025","confidence":"probabilistic","sourceDate":null,"attributes":{"operator":null,"operatorType":"Not recorded","manufacturer":"Flock Safety","cameraType":"fixed","direction":"275","zone":"traffic","surveillance":"public","osmId":13426866801,"osmUrl":"https://www.openstreetmap.org/node/13426866801"}}},{"type":"Feature","geometry":{"type":"Point","coordinates":[-92.9821124,45.6768489]},"properties":{"id":"alpr-osm-13426866901","layer":"alpr","name":"ALPR camera","county":"Chisago County","state":"MN","countyFips":"27025","confidence":"probabilistic","sourceDate":null,"attributes":{"operator":null,"operatorType":"Not recorded","manufacturer":"Flock Safety","cameraType":"fixed","direction":"20","zone":"traffic","surveillance":"public","osmId":13426866901,"osmUrl":"https://www.openstreetmap.org/node/13426866901"}}},{"type":"Feature","geometry":{"type":"Point","coordinates":[-92.9760995,45.6743585]},"properties":{"id":"alpr-osm-13426867001","layer":"alpr","name":"ALPR camera","county":"Chisago County","state":"MN","countyFips":"27025","confidence":"probabilistic","sourceDate":null,"attributes":{"operator":null,"operatorType":"Not recorded","manufacturer":"Flock Safety","cameraType":"fixed","direction":"326","zone":"traffic","surveillance":"public","osmId":13426867001,"osmUrl":"https://www.openstreetmap.org/node/13426867001"}}},{"type":"Feature","geometry":{"type":"Point","coordinates":[-92.9604354,45.7022163]},"properties":{"id":"alpr-osm-13426884201","layer":"alpr","name":"ALPR camera","county":"Chisago County","state":"MN","countyFips":"27025","confidence":"probabilistic","sourceDate":null,"attributes":{"operator":null,"operatorType":"Not recorded","manufacturer":"Flock Safety","cameraType":"fixed","direction":"160","zone":"traffic","surveillance":"public","osmId":13426884201,"osmUrl":"https://www.openstreetmap.org/node/13426884201"}}},{"type":"Feature","geometry":{"type":"Point","coordinates":[-92.9603178,45.7297278]},"properties":{"id":"alpr-osm-13426889001","layer":"alpr","name":"ALPR camera","county":"Chisago County","state":"MN","countyFips":"27025","confidence":"probabilistic","sourceDate":null,"attributes":{"operator":null,"operatorType":"Not recorded","manufacturer":"Flock Safety","cameraType":"fixed","direction":"345","zone":"traffic","surveillance":"public","osmId":13426889001,"osmUrl":"https://www.openstreetmap.org/node/13426889001"}}},{"type":"Feature","geometry":{"type":"Point","coordinates":[-92.8843412,45.4475426]},"properties":{"id":"alpr-osm-13427037601","layer":"alpr","name":"ALPR camera","county":"Chisago County","state":"MN","countyFips":"27025","confidence":"probabilistic","sourceDate":null,"attributes":{"operator":null,"operatorType":"Not recorded","manufacturer":"Flock Safety","cameraType":"fixed","direction":"308","zone":"traffic","surveillance":"public","osmId":13427037601,"osmUrl":"https://www.openstreetmap.org/node/13427037601"}}},{"type":"Feature","geometry":{"type":"Point","coordinates":[-92.8857178,45.4483825]},"properties":{"id":"alpr-osm-13427038301","layer":"alpr","name":"ALPR camera","county":"Chisago County","state":"MN","countyFips":"27025","confidence":"probabilistic","sourceDate":null,"attributes":{"operator":null,"operatorType":"Not recorded","manufacturer":"Flock Safety","cameraType":"fixed","direction":"115","zone":"traffic","surveillance":"public","osmId":13427038301,"osmUrl":"https://www.openstreetmap.org/node/13427038301"}}},{"type":"Feature","geometry":{"type":"Point","coordinates":[-92.7313897,45.3402719]},"properties":{"id":"alpr-osm-13427074501","layer":"alpr","name":"ALPR camera","county":"Chisago County","state":"MN","countyFips":"27025","confidence":"probabilistic","sourceDate":null,"attributes":{"operator":null,"operatorType":"Not recorded","manufacturer":"Flock Safety","cameraType":"fixed","direction":"295","zone":"traffic","surveillance":"public","osmId":13427074501,"osmUrl":"https://www.openstreetmap.org/node/13427074501"}}},{"type":"Feature","geometry":{"type":"Point","coordinates":[-93.0599022,45.1206432]},"properties":{"id":"alpr-osm-13427187901","layer":"alpr","name":"ALPR camera","county":"Ramsey County","state":"MN","countyFips":"27123","confidence":"probabilistic","sourceDate":null,"attributes":{"operator":null,"operatorType":"Not recorded","manufacturer":"Flock Safety","cameraType":"fixed","direction":"224","zone":"traffic","surveillance":"public","osmId":13427187901,"osmUrl":"https://www.openstreetmap.org/node/13427187901"}}},{"type":"Feature","geometry":{"type":"Point","coordinates":[-93.0587339,45.1194382]},"properties":{"id":"alpr-osm-13427188501","layer":"alpr","name":"ALPR camera","county":"Ramsey County","state":"MN","countyFips":"27123","confidence":"probabilistic","sourceDate":null,"attributes":{"operator":null,"operatorType":"Not recorded","manufacturer":"Flock Safety","cameraType":"fixed","direction":"207","zone":"traffic","surveillance":"public","osmId":13427188501,"osmUrl":"https://www.openstreetmap.org/node/13427188501"}}},{"type":"Feature","geometry":{"type":"Point","coordinates":[-93.0566938,45.1046981]},"properties":{"id":"alpr-osm-13427194001","layer":"alpr","name":"ALPR camera","county":"Ramsey County","state":"MN","countyFips":"27123","confidence":"probabilistic","sourceDate":null,"attributes":{"operator":null,"operatorType":"Not recorded","manufacturer":"Flock Safety","cameraType":"fixed","direction":"249","zone":"traffic","surveillance":"public","osmId":13427194001,"osmUrl":"https://www.openstreetmap.org/node/13427194001"}}},{"type":"Feature","geometry":{"type":"Point","coordinates":[-93.0574198,45.1013549]},"properties":{"id":"alpr-osm-13427196301","layer":"alpr","name":"ALPR camera","county":"Ramsey County","state":"MN","countyFips":"27123","confidence":"probabilistic","sourceDate":null,"attributes":{"operator":null,"operatorType":"Not recorded","manufacturer":"Flock Safety","cameraType":"fixed","direction":"308","zone":"traffic","surveillance":"public","osmId":13427196301,"osmUrl":"https://www.openstreetmap.org/node/13427196301"}}},{"type":"Feature","geometry":{"type":"Point","coordinates":[-93.0775357,45.0794916]},"properties":{"id":"alpr-osm-13427206101","layer":"alpr","name":"ALPR camera","county":"Ramsey County","state":"MN","countyFips":"27123","confidence":"probabilistic","sourceDate":null,"attributes":{"operator":null,"operatorType":"Not recorded","manufacturer":"Flock Safety","cameraType":"fixed","direction":"352","zone":"traffic","surveillance":"public","osmId":13427206101,"osmUrl":"https://www.openstreetmap.org/node/13427206101"}}},{"type":"Feature","geometry":{"type":"Point","coordinates":[-93.1270582,45.0967738]},"properties":{"id":"alpr-osm-13427208261","layer":"alpr","name":"ALPR camera","county":"Ramsey County","state":"MN","countyFips":"27123","confidence":"probabilistic","sourceDate":null,"attributes":{"operator":null,"operatorType":"Not recorded","manufacturer":"Flock Safety","cameraType":"fixed","direction":"118","zone":"traffic","surveillance":"public","osmId":13427208261,"osmUrl":"https://www.openstreetmap.org/node/13427208261"}}},{"type":"Feature","geometry":{"type":"Point","coordinates":[-93.1267385,45.0949103]},"properties":{"id":"alpr-osm-13427208884","layer":"alpr","name":"ALPR camera","county":"Ramsey County","state":"MN","countyFips":"27123","confidence":"probabilistic","sourceDate":null,"attributes":{"operator":null,"operatorType":"Not recorded","manufacturer":"Flock Safety","cameraType":"fixed","direction":"125","zone":"traffic","surveillance":"public","osmId":13427208884,"osmUrl":"https://www.openstreetmap.org/node/13427208884"}}},{"type":"Feature","geometry":{"type":"Point","coordinates":[-93.1267385,45.0949103]},"properties":{"id":"alpr-osm-13427212401","layer":"alpr","name":"ALPR camera","county":"Ramsey County","state":"MN","countyFips":"27123","confidence":"probabilistic","sourceDate":null,"attributes":{"operator":null,"operatorType":"Not recorded","manufacturer":"Flock Safety","cameraType":"fixed","direction":"297","zone":"traffic","surveillance":"public","osmId":13427212401,"osmUrl":"https://www.openstreetmap.org/node/13427212401"}}},{"type":"Feature","geometry":{"type":"Point","coordinates":[-93.1270582,45.0967738]},"properties":{"id":"alpr-osm-13427213201","layer":"alpr","name":"ALPR camera","county":"Ramsey County","state":"MN","countyFips":"27123","confidence":"probabilistic","sourceDate":null,"attributes":{"operator":null,"operatorType":"Not recorded","manufacturer":"Flock Safety","cameraType":"fixed","direction":"323","zone":"traffic","surveillance":"public","osmId":13427213201,"osmUrl":"https://www.openstreetmap.org/node/13427213201"}}},{"type":"Feature","geometry":{"type":"Point","coordinates":[-93.2879653,45.0295331]},"properties":{"id":"alpr-osm-13427509102","layer":"alpr","name":"ALPR camera","county":"Hennepin County","state":"MN","countyFips":"27053","confidence":"probabilistic","sourceDate":null,"attributes":{"operator":null,"operatorType":"Not recorded","manufacturer":"Axis Communications","cameraType":"fixed","direction":"185;0;92;271;0","zone":"traffic","surveillance":"public","osmId":13427509102,"osmUrl":"https://www.openstreetmap.org/node/13427509102"}}},{"type":"Feature","geometry":{"type":"Point","coordinates":[-93.4117793,44.7742622]},"properties":{"id":"alpr-osm-13427509501","layer":"alpr","name":"ALPR camera","county":"Scott County","state":"MN","countyFips":"27139","confidence":"probabilistic","sourceDate":null,"attributes":{"operator":null,"operatorType":"Not recorded","manufacturer":"Flock Safety","cameraType":"fixed","direction":"161","zone":"traffic","surveillance":"public","osmId":13427509501,"osmUrl":"https://www.openstreetmap.org/node/13427509501"}}},{"type":"Feature","geometry":{"type":"Point","coordinates":[-92.8384015,46.3344064]},"properties":{"id":"alpr-osm-13428548201","layer":"alpr","name":"ALPR camera","county":"Pine County","state":"MN","countyFips":"27115","confidence":"probabilistic","sourceDate":null,"attributes":{"operator":null,"operatorType":"Not recorded","manufacturer":"Flock Safety","cameraType":"fixed","direction":"0","zone":"traffic","surveillance":"public","osmId":13428548201,"osmUrl":"https://www.openstreetmap.org/node/13428548201"}}},{"type":"Feature","geometry":{"type":"Point","coordinates":[-95.6972162,44.9492573]},"properties":{"id":"alpr-osm-13429057401","layer":"alpr","name":"ALPR camera","county":"Chippewa County","state":"MN","countyFips":"27023","confidence":"probabilistic","sourceDate":null,"attributes":{"operator":null,"operatorType":"Not recorded","manufacturer":"Flock Safety","cameraType":"fixed","direction":"183","zone":"traffic","surveillance":"public","osmId":13429057401,"osmUrl":"https://www.openstreetmap.org/node/13429057401"}}},{"type":"Feature","geometry":{"type":"Point","coordinates":[-93.255159,44.0968343]},"properties":{"id":"alpr-osm-13429167968","layer":"alpr","name":"ALPR camera","county":"Steele County","state":"MN","countyFips":"27147","confidence":"probabilistic","sourceDate":null,"attributes":{"operator":null,"operatorType":"Not recorded","manufacturer":"Flock Safety","cameraType":"fixed","direction":"20","zone":"parking","surveillance":"public","osmId":13429167968,"osmUrl":"https://www.openstreetmap.org/node/13429167968"}}},{"type":"Feature","geometry":{"type":"Point","coordinates":[-93.2542207,44.096601]},"properties":{"id":"alpr-osm-13429170576","layer":"alpr","name":"ALPR camera","county":"Steele County","state":"MN","countyFips":"27147","confidence":"probabilistic","sourceDate":null,"attributes":{"operator":null,"operatorType":"Not recorded","manufacturer":"Flock Safety","cameraType":"fixed","direction":"40","zone":"parking","surveillance":"public","osmId":13429170576,"osmUrl":"https://www.openstreetmap.org/node/13429170576"}}},{"type":"Feature","geometry":{"type":"Point","coordinates":[-93.2445435,44.0842717]},"properties":{"id":"alpr-osm-13429171710","layer":"alpr","name":"ALPR camera","county":"Steele County","state":"MN","countyFips":"27147","confidence":"probabilistic","sourceDate":null,"attributes":{"operator":null,"operatorType":"Not recorded","manufacturer":"Flock Safety","cameraType":"fixed","direction":"90","zone":"traffic","surveillance":"public","osmId":13429171710,"osmUrl":"https://www.openstreetmap.org/node/13429171710"}}},{"type":"Feature","geometry":{"type":"Point","coordinates":[-93.2533368,44.0974636]},"properties":{"id":"alpr-osm-13429183452","layer":"alpr","name":"ALPR camera","county":"Steele County","state":"MN","countyFips":"27147","confidence":"probabilistic","sourceDate":null,"attributes":{"operator":null,"operatorType":"Not recorded","manufacturer":"Flock Safety","cameraType":"fixed","direction":"310","zone":"parking","surveillance":"public","osmId":13429183452,"osmUrl":"https://www.openstreetmap.org/node/13429183452"}}},{"type":"Feature","geometry":{"type":"Point","coordinates":[-93.1951472,44.0661065]},"properties":{"id":"alpr-osm-13429192309","layer":"alpr","name":"ALPR camera","county":"Steele County","state":"MN","countyFips":"27147","confidence":"probabilistic","sourceDate":null,"attributes":{"operator":null,"operatorType":"Not recorded","manufacturer":"Flock Safety","cameraType":"fixed","direction":"330","zone":"traffic","surveillance":"public","osmId":13429192309,"osmUrl":"https://www.openstreetmap.org/node/13429192309"}}},{"type":"Feature","geometry":{"type":"Point","coordinates":[-93.3507216,44.9656321]},"properties":{"id":"alpr-osm-13429780201","layer":"alpr","name":"ALPR camera","county":"Hennepin County","state":"MN","countyFips":"27053","confidence":"probabilistic","sourceDate":null,"attributes":{"operator":null,"operatorType":"Not recorded","manufacturer":"Flock Safety","cameraType":"fixed","direction":"0","zone":"traffic","surveillance":"public","osmId":13429780201,"osmUrl":"https://www.openstreetmap.org/node/13429780201"}}},{"type":"Feature","geometry":{"type":"Point","coordinates":[-93.2675118,45.1331733]},"properties":{"id":"alpr-osm-13430688701","layer":"alpr","name":"ALPR camera","county":"Anoka County","state":"MN","countyFips":"27003","confidence":"probabilistic","sourceDate":null,"attributes":{"operator":null,"operatorType":"Not recorded","manufacturer":"Flock Safety","cameraType":"fixed","direction":"0","zone":"traffic","surveillance":"public","osmId":13430688701,"osmUrl":"https://www.openstreetmap.org/node/13430688701"}}},{"type":"Feature","geometry":{"type":"Point","coordinates":[-93.3543432,45.1957511]},"properties":{"id":"alpr-osm-13431006802","layer":"alpr","name":"ALPR camera — The Home Depot","county":"Anoka County","state":"MN","countyFips":"27003","confidence":"probabilistic","sourceDate":null,"attributes":{"operator":"The Home Depot","operatorType":"Other or unclassified","manufacturer":"Flock Safety","cameraType":"fixed","direction":"251-296","zone":"traffic","surveillance":"public","osmId":13431006802,"osmUrl":"https://www.openstreetmap.org/node/13431006802"}}},{"type":"Feature","geometry":{"type":"Point","coordinates":[-93.3549366,45.1950183]},"properties":{"id":"alpr-osm-13431010701","layer":"alpr","name":"ALPR camera — The Home Depot","county":"Anoka County","state":"MN","countyFips":"27003","confidence":"probabilistic","sourceDate":null,"attributes":{"operator":"The Home Depot","operatorType":"Other or unclassified","manufacturer":"Flock Safety","cameraType":"fixed","direction":"264-309","zone":"traffic","surveillance":"public","osmId":13431010701,"osmUrl":"https://www.openstreetmap.org/node/13431010701"}}},{"type":"Feature","geometry":{"type":"Point","coordinates":[-93.3561891,45.1964105]},"properties":{"id":"alpr-osm-13431011301","layer":"alpr","name":"ALPR camera — The Home Depot","county":"Anoka County","state":"MN","countyFips":"27003","confidence":"probabilistic","sourceDate":null,"attributes":{"operator":"The Home Depot","operatorType":"Other or unclassified","manufacturer":"Flock Safety","cameraType":"fixed","direction":"71-116","zone":"traffic","surveillance":"public","osmId":13431011301,"osmUrl":"https://www.openstreetmap.org/node/13431011301"}}},{"type":"Feature","geometry":{"type":"Point","coordinates":[-93.3563682,45.1959951]},"properties":{"id":"alpr-osm-13431012701","layer":"alpr","name":"ALPR camera — The Home Depot","county":"Anoka County","state":"MN","countyFips":"27003","confidence":"probabilistic","sourceDate":null,"attributes":{"operator":"The Home Depot","operatorType":"Other or unclassified","manufacturer":"Flock Safety","cameraType":"fixed","direction":"149-194","zone":"traffic","surveillance":"public","osmId":13431012701,"osmUrl":"https://www.openstreetmap.org/node/13431012701"}}},{"type":"Feature","geometry":{"type":"Point","coordinates":[-93.2001297,44.7310154]},"properties":{"id":"alpr-osm-13431096301","layer":"alpr","name":"ALPR camera","county":"Dakota County","state":"MN","countyFips":"27037","confidence":"probabilistic","sourceDate":null,"attributes":{"operator":null,"operatorType":"Not recorded","manufacturer":"Flock Safety","cameraType":"fixed","direction":"58","zone":"traffic","surveillance":"public","osmId":13431096301,"osmUrl":"https://www.openstreetmap.org/node/13431096301"}}},{"type":"Feature","geometry":{"type":"Point","coordinates":[-93.2008604,44.7302036]},"properties":{"id":"alpr-osm-13431097001","layer":"alpr","name":"ALPR camera","county":"Dakota County","state":"MN","countyFips":"27037","confidence":"probabilistic","sourceDate":null,"attributes":{"operator":null,"operatorType":"Not recorded","manufacturer":"Flock Safety","cameraType":"fixed","direction":"134","zone":"traffic","surveillance":"public","osmId":13431097001,"osmUrl":"https://www.openstreetmap.org/node/13431097001"}}},{"type":"Feature","geometry":{"type":"Point","coordinates":[-94.896123,47.4978198]},"properties":{"id":"alpr-osm-13431399617","layer":"alpr","name":"ALPR camera","county":"Beltrami County","state":"MN","countyFips":"27007","confidence":"probabilistic","sourceDate":null,"attributes":{"operator":null,"operatorType":"Not recorded","manufacturer":"Flock Safety","cameraType":"fixed","direction":"130","zone":"traffic","surveillance":"public","osmId":13431399617,"osmUrl":"https://www.openstreetmap.org/node/13431399617"}}},{"type":"Feature","geometry":{"type":"Point","coordinates":[-94.8976373,47.471726]},"properties":{"id":"alpr-osm-13431414996","layer":"alpr","name":"ALPR camera — Paul Bunyan Drug Task Force","county":"Beltrami County","state":"MN","countyFips":"27007","confidence":"probabilistic","sourceDate":null,"attributes":{"operator":"Paul Bunyan Drug Task Force","operatorType":"Multi-agency task force","manufacturer":"Flock Safety","cameraType":"fixed","direction":"35","zone":"traffic","surveillance":"public","osmId":13431414996,"osmUrl":"https://www.openstreetmap.org/node/13431414996"}}},{"type":"Feature","geometry":{"type":"Point","coordinates":[-94.8855549,47.4841046]},"properties":{"id":"alpr-osm-13431422681","layer":"alpr","name":"ALPR camera — Paul Bunyan Drug Task Force","county":"Beltrami County","state":"MN","countyFips":"27007","confidence":"probabilistic","sourceDate":null,"attributes":{"operator":"Paul Bunyan Drug Task Force","operatorType":"Multi-agency task force","manufacturer":null,"cameraType":"fixed","direction":"160","zone":"traffic","surveillance":"public","osmId":13431422681,"osmUrl":"https://www.openstreetmap.org/node/13431422681"}}},{"type":"Feature","geometry":{"type":"Point","coordinates":[-94.8501729,47.4607479]},"properties":{"id":"alpr-osm-13431429968","layer":"alpr","name":"ALPR camera — Paul Bunyan Drug Task Force","county":"Beltrami County","state":"MN","countyFips":"27007","confidence":"probabilistic","sourceDate":null,"attributes":{"operator":"Paul Bunyan Drug Task Force","operatorType":"Multi-agency task force","manufacturer":"Flock Safety","cameraType":"fixed","direction":"60","zone":"traffic","surveillance":"public","osmId":13431429968,"osmUrl":"https://www.openstreetmap.org/node/13431429968"}}},{"type":"Feature","geometry":{"type":"Point","coordinates":[-94.8898528,47.483008]},"properties":{"id":"alpr-osm-13431439668","layer":"alpr","name":"ALPR camera — Paul Bunyan Drug Task Force","county":"Beltrami County","state":"MN","countyFips":"27007","confidence":"probabilistic","sourceDate":null,"attributes":{"operator":"Paul Bunyan Drug Task Force","operatorType":"Multi-agency task force","manufacturer":"Flock Safety","cameraType":"fixed","direction":"70","zone":"traffic","surveillance":"public","osmId":13431439668,"osmUrl":"https://www.openstreetmap.org/node/13431439668"}}},{"type":"Feature","geometry":{"type":"Point","coordinates":[-94.8423284,47.4534477]},"properties":{"id":"alpr-osm-13431443044","layer":"alpr","name":"ALPR camera — Paul Bunyan Drug Task Force","county":"Beltrami County","state":"MN","countyFips":"27007","confidence":"probabilistic","sourceDate":null,"attributes":{"operator":"Paul Bunyan Drug Task Force","operatorType":"Multi-agency task force","manufacturer":"Flock Safety","cameraType":"fixed","direction":"295","zone":"traffic","surveillance":"public","osmId":13431443044,"osmUrl":"https://www.openstreetmap.org/node/13431443044"}}},{"type":"Feature","geometry":{"type":"Point","coordinates":[-94.8882217,47.4916286]},"properties":{"id":"alpr-osm-13431450931","layer":"alpr","name":"ALPR camera — Paul Bunyan Drug Task Force","county":"Beltrami County","state":"MN","countyFips":"27007","confidence":"probabilistic","sourceDate":null,"attributes":{"operator":"Paul Bunyan Drug Task Force","operatorType":"Multi-agency task force","manufacturer":null,"cameraType":"fixed","direction":"345","zone":"traffic","surveillance":"public","osmId":13431450931,"osmUrl":"https://www.openstreetmap.org/node/13431450931"}}},{"type":"Feature","geometry":{"type":"Point","coordinates":[-93.4181822,44.8916271]},"properties":{"id":"alpr-osm-13432495510","layer":"alpr","name":"ALPR camera","county":"Hennepin County","state":"MN","countyFips":"27053","confidence":"probabilistic","sourceDate":null,"attributes":{"operator":null,"operatorType":"Not recorded","manufacturer":"Flock Safety","cameraType":"fixed","direction":"132","zone":"traffic","surveillance":"public","osmId":13432495510,"osmUrl":"https://www.openstreetmap.org/node/13432495510"}}},{"type":"Feature","geometry":{"type":"Point","coordinates":[-93.3513273,44.9650533]},"properties":{"id":"alpr-osm-13432530601","layer":"alpr","name":"ALPR camera","county":"Hennepin County","state":"MN","countyFips":"27053","confidence":"probabilistic","sourceDate":null,"attributes":{"operator":null,"operatorType":"Not recorded","manufacturer":"Flock Safety","cameraType":"fixed","direction":"275","zone":"traffic","surveillance":"public","osmId":13432530601,"osmUrl":"https://www.openstreetmap.org/node/13432530601"}}},{"type":"Feature","geometry":{"type":"Point","coordinates":[-93.3515692,44.9662287]},"properties":{"id":"alpr-osm-13432532101","layer":"alpr","name":"ALPR camera","county":"Hennepin County","state":"MN","countyFips":"27053","confidence":"probabilistic","sourceDate":null,"attributes":{"operator":null,"operatorType":"Not recorded","manufacturer":"Flock Safety","cameraType":"fixed","direction":"240","zone":"traffic","surveillance":"public","osmId":13432532101,"osmUrl":"https://www.openstreetmap.org/node/13432532101"}}},{"type":"Feature","geometry":{"type":"Point","coordinates":[-93.3724594,45.0217988]},"properties":{"id":"alpr-osm-13432542601","layer":"alpr","name":"ALPR camera","county":"Hennepin County","state":"MN","countyFips":"27053","confidence":"probabilistic","sourceDate":null,"attributes":{"operator":null,"operatorType":"Not recorded","manufacturer":"Flock Safety","cameraType":"fixed","direction":"60","zone":"traffic","surveillance":"public","osmId":13432542601,"osmUrl":"https://www.openstreetmap.org/node/13432542601"}}},{"type":"Feature","geometry":{"type":"Point","coordinates":[-92.9634443,44.9631075]},"properties":{"id":"alpr-osm-13434523001","layer":"alpr","name":"ALPR camera","county":"Washington County","state":"MN","countyFips":"27163","confidence":"probabilistic","sourceDate":null,"attributes":{"operator":null,"operatorType":"Not recorded","manufacturer":"Flock Safety","cameraType":"fixed","direction":"75","zone":"traffic","surveillance":"public","osmId":13434523001,"osmUrl":"https://www.openstreetmap.org/node/13434523001"}}},{"type":"Feature","geometry":{"type":"Point","coordinates":[-93.0626099,45.0500729]},"properties":{"id":"alpr-osm-13434560801","layer":"alpr","name":"ALPR camera","county":"Ramsey County","state":"MN","countyFips":"27123","confidence":"probabilistic","sourceDate":null,"attributes":{"operator":null,"operatorType":"Not recorded","manufacturer":"Flock Safety","cameraType":"fixed","direction":"146","zone":"traffic","surveillance":"public","osmId":13434560801,"osmUrl":"https://www.openstreetmap.org/node/13434560801"}}},{"type":"Feature","geometry":{"type":"Point","coordinates":[-93.0651481,44.9123969]},"properties":{"id":"alpr-osm-13436975302","layer":"alpr","name":"ALPR camera","county":"Dakota County","state":"MN","countyFips":"27037","confidence":"probabilistic","sourceDate":null,"attributes":{"operator":null,"operatorType":"Not recorded","manufacturer":"Flock Safety","cameraType":"fixed","direction":"219-264","zone":"traffic","surveillance":"public","osmId":13436975302,"osmUrl":"https://www.openstreetmap.org/node/13436975302"}}},{"type":"Feature","geometry":{"type":"Point","coordinates":[-93.1087284,44.9366417]},"properties":{"id":"alpr-osm-13438070801","layer":"alpr","name":"ALPR camera","county":"Ramsey County","state":"MN","countyFips":"27123","confidence":"probabilistic","sourceDate":null,"attributes":{"operator":null,"operatorType":"Not recorded","manufacturer":"Flock Safety","cameraType":"fixed","direction":"316","zone":"traffic","surveillance":"public","osmId":13438070801,"osmUrl":"https://www.openstreetmap.org/node/13438070801"}}},{"type":"Feature","geometry":{"type":"Point","coordinates":[-93.0737465,44.9563452]},"properties":{"id":"alpr-osm-13438083101","layer":"alpr","name":"ALPR camera","county":"Ramsey County","state":"MN","countyFips":"27123","confidence":"probabilistic","sourceDate":null,"attributes":{"operator":null,"operatorType":"Not recorded","manufacturer":"Flock Safety","cameraType":"fixed","direction":"51","zone":"traffic","surveillance":"public","osmId":13438083101,"osmUrl":"https://www.openstreetmap.org/node/13438083101"}}},{"type":"Feature","geometry":{"type":"Point","coordinates":[-93.1638212,45.1533081]},"properties":{"id":"alpr-osm-13438131302","layer":"alpr","name":"ALPR camera","county":"Anoka County","state":"MN","countyFips":"27003","confidence":"probabilistic","sourceDate":null,"attributes":{"operator":null,"operatorType":"Not recorded","manufacturer":"Flock Safety","cameraType":"fixed","direction":"232","zone":"traffic","surveillance":"public","osmId":13438131302,"osmUrl":"https://www.openstreetmap.org/node/13438131302"}}},{"type":"Feature","geometry":{"type":"Point","coordinates":[-93.0206247,45.25056]},"properties":{"id":"alpr-osm-13438632302","layer":"alpr","name":"ALPR camera","county":"Anoka County","state":"MN","countyFips":"27003","confidence":"probabilistic","sourceDate":null,"attributes":{"operator":null,"operatorType":"Not recorded","manufacturer":"Flock Safety","cameraType":"fixed","direction":"57","zone":"traffic","surveillance":"public","osmId":13438632302,"osmUrl":"https://www.openstreetmap.org/node/13438632302"}}},{"type":"Feature","geometry":{"type":"Point","coordinates":[-93.2351801,45.0048449]},"properties":{"id":"alpr-osm-13439950701","layer":"alpr","name":"ALPR camera","county":"Hennepin County","state":"MN","countyFips":"27053","confidence":"probabilistic","sourceDate":null,"attributes":{"operator":null,"operatorType":"Not recorded","manufacturer":"Flock Safety","cameraType":"fixed","direction":"112","zone":"traffic","surveillance":"public","osmId":13439950701,"osmUrl":"https://www.openstreetmap.org/node/13439950701"}}},{"type":"Feature","geometry":{"type":"Point","coordinates":[-93.0808962,44.8917966]},"properties":{"id":"alpr-osm-13440759701","layer":"alpr","name":"ALPR camera","county":"Dakota County","state":"MN","countyFips":"27037","confidence":"probabilistic","sourceDate":null,"attributes":{"operator":null,"operatorType":"Not recorded","manufacturer":"Flock Safety","cameraType":"fixed","direction":"249","zone":"traffic","surveillance":"public","osmId":13440759701,"osmUrl":"https://www.openstreetmap.org/node/13440759701"}}},{"type":"Feature","geometry":{"type":"Point","coordinates":[-93.0817357,44.8909862]},"properties":{"id":"alpr-osm-13440760201","layer":"alpr","name":"ALPR camera","county":"Dakota County","state":"MN","countyFips":"27037","confidence":"probabilistic","sourceDate":null,"attributes":{"operator":null,"operatorType":"Not recorded","manufacturer":"Flock Safety","cameraType":"fixed","direction":"333","zone":"traffic","surveillance":"public","osmId":13440760201,"osmUrl":"https://www.openstreetmap.org/node/13440760201"}}},{"type":"Feature","geometry":{"type":"Point","coordinates":[-93.0776026,44.882722]},"properties":{"id":"alpr-osm-13440766202","layer":"alpr","name":"ALPR camera","county":"Dakota County","state":"MN","countyFips":"27037","confidence":"probabilistic","sourceDate":null,"attributes":{"operator":null,"operatorType":"Not recorded","manufacturer":"Flock Safety","cameraType":"fixed","direction":"64","zone":"traffic","surveillance":"public","osmId":13440766202,"osmUrl":"https://www.openstreetmap.org/node/13440766202"}}},{"type":"Feature","geometry":{"type":"Point","coordinates":[-93.070539,44.8901895]},"properties":{"id":"alpr-osm-13440769301","layer":"alpr","name":"ALPR camera","county":"Dakota County","state":"MN","countyFips":"27037","confidence":"probabilistic","sourceDate":null,"attributes":{"operator":null,"operatorType":"Not recorded","manufacturer":"Flock Safety","cameraType":"fixed","direction":"158","zone":"traffic","surveillance":"public","osmId":13440769301,"osmUrl":"https://www.openstreetmap.org/node/13440769301"}}},{"type":"Feature","geometry":{"type":"Point","coordinates":[-93.0775872,44.8828592]},"properties":{"id":"alpr-osm-13440770201","layer":"alpr","name":"ALPR camera","county":"Dakota County","state":"MN","countyFips":"27037","confidence":"probabilistic","sourceDate":null,"attributes":{"operator":null,"operatorType":"Not recorded","manufacturer":"Flock Safety","cameraType":"fixed","direction":"210","zone":"traffic","surveillance":"public","osmId":13440770201,"osmUrl":"https://www.openstreetmap.org/node/13440770201"}}},{"type":"Feature","geometry":{"type":"Point","coordinates":[-93.0775505,44.882397]},"properties":{"id":"alpr-osm-13440770901","layer":"alpr","name":"ALPR camera","county":"Dakota County","state":"MN","countyFips":"27037","confidence":"probabilistic","sourceDate":null,"attributes":{"operator":null,"operatorType":"Not recorded","manufacturer":"Flock Safety","cameraType":"fixed","direction":"226","zone":"traffic","surveillance":"public","osmId":13440770901,"osmUrl":"https://www.openstreetmap.org/node/13440770901"}}},{"type":"Feature","geometry":{"type":"Point","coordinates":[-93.0774555,44.8822233]},"properties":{"id":"alpr-osm-13440771301","layer":"alpr","name":"ALPR camera","county":"Dakota County","state":"MN","countyFips":"27037","confidence":"probabilistic","sourceDate":null,"attributes":{"operator":null,"operatorType":"Not recorded","manufacturer":"Flock Safety","cameraType":"fixed","direction":"316","zone":"traffic","surveillance":"public","osmId":13440771301,"osmUrl":"https://www.openstreetmap.org/node/13440771301"}}},{"type":"Feature","geometry":{"type":"Point","coordinates":[-93.3784665,45.2022316]},"properties":{"id":"alpr-osm-13441758201","layer":"alpr","name":"ALPR camera","county":"Anoka County","state":"MN","countyFips":"27003","confidence":"probabilistic","sourceDate":null,"attributes":{"operator":null,"operatorType":"Not recorded","manufacturer":"Flock Safety","cameraType":"fixed","direction":"132-177","zone":"traffic","surveillance":"public","osmId":13441758201,"osmUrl":"https://www.openstreetmap.org/node/13441758201"}}},{"type":"Feature","geometry":{"type":"Point","coordinates":[-95.4232088,45.8601021]},"properties":{"id":"alpr-osm-13443726001","layer":"alpr","name":"ALPR camera","county":"Douglas County","state":"MN","countyFips":"27041","confidence":"probabilistic","sourceDate":null,"attributes":{"operator":null,"operatorType":"Not recorded","manufacturer":"Flock Safety","cameraType":"fixed","direction":"48-93","zone":"traffic","surveillance":"public","osmId":13443726001,"osmUrl":"https://www.openstreetmap.org/node/13443726001"}}},{"type":"Feature","geometry":{"type":"Point","coordinates":[-93.2336211,45.0038643]},"properties":{"id":"alpr-osm-13444010901","layer":"alpr","name":"ALPR camera","county":"Hennepin County","state":"MN","countyFips":"27053","confidence":"probabilistic","sourceDate":null,"attributes":{"operator":null,"operatorType":"Not recorded","manufacturer":"Flock Safety","cameraType":"fixed","direction":"268","zone":"traffic","surveillance":"public","osmId":13444010901,"osmUrl":"https://www.openstreetmap.org/node/13444010901"}}},{"type":"Feature","geometry":{"type":"Point","coordinates":[-95.4028657,45.8928293]},"properties":{"id":"alpr-osm-13446793402","layer":"alpr","name":"ALPR camera","county":"Douglas County","state":"MN","countyFips":"27041","confidence":"probabilistic","sourceDate":null,"attributes":{"operator":null,"operatorType":"Not recorded","manufacturer":"Flock Safety","cameraType":"fixed","direction":"55-100","zone":"traffic","surveillance":"public","osmId":13446793402,"osmUrl":"https://www.openstreetmap.org/node/13446793402"}}},{"type":"Feature","geometry":{"type":"Point","coordinates":[-95.3666874,45.8962947]},"properties":{"id":"alpr-osm-13446797401","layer":"alpr","name":"ALPR camera","county":"Douglas County","state":"MN","countyFips":"27041","confidence":"probabilistic","sourceDate":null,"attributes":{"operator":null,"operatorType":"Not recorded","manufacturer":"Flock Safety","cameraType":"fixed","direction":"131-176","zone":"traffic","surveillance":"public","osmId":13446797401,"osmUrl":"https://www.openstreetmap.org/node/13446797401"}}},{"type":"Feature","geometry":{"type":"Point","coordinates":[-93.1843624,45.1402434]},"properties":{"id":"alpr-osm-13446816301","layer":"alpr","name":"ALPR camera","county":"Anoka County","state":"MN","countyFips":"27003","confidence":"probabilistic","sourceDate":null,"attributes":{"operator":null,"operatorType":"Not recorded","manufacturer":"Flock Safety","cameraType":"fixed","direction":"147","zone":"traffic","surveillance":"public","osmId":13446816301,"osmUrl":"https://www.openstreetmap.org/node/13446816301"}}},{"type":"Feature","geometry":{"type":"Point","coordinates":[-93.2531442,44.0981016]},"properties":{"id":"alpr-osm-13447113301","layer":"alpr","name":"ALPR camera","county":"Steele County","state":"MN","countyFips":"27147","confidence":"probabilistic","sourceDate":null,"attributes":{"operator":null,"operatorType":"Not recorded","manufacturer":"Flock Safety","cameraType":"fixed","direction":"304","zone":"traffic","surveillance":"public","osmId":13447113301,"osmUrl":"https://www.openstreetmap.org/node/13447113301"}}},{"type":"Feature","geometry":{"type":"Point","coordinates":[-93.7765901,45.2945216]},"properties":{"id":"alpr-osm-13448700401","layer":"alpr","name":"ALPR camera","county":"Wright County","state":"MN","countyFips":"27171","confidence":"probabilistic","sourceDate":null,"attributes":{"operator":null,"operatorType":"Not recorded","manufacturer":"Flock Safety","cameraType":"fixed","direction":"336;56","zone":"traffic","surveillance":"public","osmId":13448700401,"osmUrl":"https://www.openstreetmap.org/node/13448700401"}}},{"type":"Feature","geometry":{"type":"Point","coordinates":[-93.7760538,45.2950527]},"properties":{"id":"alpr-osm-13448709401","layer":"alpr","name":"ALPR camera","county":"Wright County","state":"MN","countyFips":"27171","confidence":"probabilistic","sourceDate":null,"attributes":{"operator":null,"operatorType":"Not recorded","manufacturer":"Flock Safety","cameraType":"fixed","direction":"325","zone":"traffic","surveillance":"public","osmId":13448709401,"osmUrl":"https://www.openstreetmap.org/node/13448709401"}}},{"type":"Feature","geometry":{"type":"Point","coordinates":[-93.2267412,44.107964]},"properties":{"id":"alpr-osm-13451532027","layer":"alpr","name":"ALPR camera","county":"Steele County","state":"MN","countyFips":"27147","confidence":"probabilistic","sourceDate":null,"attributes":{"operator":null,"operatorType":"Not recorded","manufacturer":"Flock Safety","cameraType":"fixed","direction":"161","zone":"traffic","surveillance":"public","osmId":13451532027,"osmUrl":"https://www.openstreetmap.org/node/13451532027"}}},{"type":"Feature","geometry":{"type":"Point","coordinates":[-93.4485756,45.0282707]},"properties":{"id":"alpr-osm-13451609794","layer":"alpr","name":"ALPR camera","county":"Hennepin County","state":"MN","countyFips":"27053","confidence":"probabilistic","sourceDate":null,"attributes":{"operator":null,"operatorType":"Not recorded","manufacturer":"Flock Safety","cameraType":null,"direction":"340","zone":"traffic","surveillance":"public","osmId":13451609794,"osmUrl":"https://www.openstreetmap.org/node/13451609794"}}},{"type":"Feature","geometry":{"type":"Point","coordinates":[-93.5061111,45.1627863]},"properties":{"id":"alpr-osm-13454334901","layer":"alpr","name":"ALPR camera","county":"Hennepin County","state":"MN","countyFips":"27053","confidence":"probabilistic","sourceDate":null,"attributes":{"operator":null,"operatorType":"Not recorded","manufacturer":"Flock Safety","cameraType":"fixed","direction":"271-316","zone":"traffic","surveillance":"public","osmId":13454334901,"osmUrl":"https://www.openstreetmap.org/node/13454334901"}}},{"type":"Feature","geometry":{"type":"Point","coordinates":[-93.5205664,45.2441161]},"properties":{"id":"alpr-osm-13454369301","layer":"alpr","name":"ALPR camera","county":"Hennepin County","state":"MN","countyFips":"27053","confidence":"probabilistic","sourceDate":null,"attributes":{"operator":null,"operatorType":"Not recorded","manufacturer":"Flock Safety","cameraType":"fixed","direction":"54-99","zone":"traffic","surveillance":"public","osmId":13454369301,"osmUrl":"https://www.openstreetmap.org/node/13454369301"}}},{"type":"Feature","geometry":{"type":"Point","coordinates":[-92.9660021,45.8198113]},"properties":{"id":"alpr-osm-13460987167","layer":"alpr","name":"ALPR camera","county":"Pine County","state":"MN","countyFips":"27115","confidence":"probabilistic","sourceDate":null,"attributes":{"operator":null,"operatorType":"Not recorded","manufacturer":"Flock Safety","cameraType":"fixed","direction":null,"zone":null,"surveillance":null,"osmId":13460987167,"osmUrl":"https://www.openstreetmap.org/node/13460987167"}}},{"type":"Feature","geometry":{"type":"Point","coordinates":[-94.3602067,46.1676887]},"properties":{"id":"alpr-osm-13461439401","layer":"alpr","name":"ALPR camera","county":"Crow Wing County","state":"MN","countyFips":"27035","confidence":"probabilistic","sourceDate":null,"attributes":{"operator":null,"operatorType":"Not recorded","manufacturer":"Flock Safety","cameraType":"fixed","direction":"327","zone":"traffic","surveillance":"public","osmId":13461439401,"osmUrl":"https://www.openstreetmap.org/node/13461439401"}}},{"type":"Feature","geometry":{"type":"Point","coordinates":[-93.3489192,44.9676708]},"properties":{"id":"alpr-osm-13462395801","layer":"alpr","name":"ALPR camera","county":"Hennepin County","state":"MN","countyFips":"27053","confidence":"probabilistic","sourceDate":null,"attributes":{"operator":null,"operatorType":"Not recorded","manufacturer":"Flock Safety","cameraType":"fixed","direction":"70","zone":"traffic","surveillance":"public","osmId":13462395801,"osmUrl":"https://www.openstreetmap.org/node/13462395801"}}},{"type":"Feature","geometry":{"type":"Point","coordinates":[-94.2732438,46.2927513]},"properties":{"id":"alpr-osm-13464451801","layer":"alpr","name":"ALPR camera","county":"Crow Wing County","state":"MN","countyFips":"27035","confidence":"probabilistic","sourceDate":null,"attributes":{"operator":null,"operatorType":"Not recorded","manufacturer":"Flock Safety","cameraType":"fixed","direction":"197","zone":"traffic","surveillance":"public","osmId":13464451801,"osmUrl":"https://www.openstreetmap.org/node/13464451801"}}},{"type":"Feature","geometry":{"type":"Point","coordinates":[-93.4632708,44.7458166]},"properties":{"id":"alpr-osm-13464718601","layer":"alpr","name":"ALPR camera","county":"Scott County","state":"MN","countyFips":"27139","confidence":"probabilistic","sourceDate":null,"attributes":{"operator":null,"operatorType":"Not recorded","manufacturer":"Flock Safety","cameraType":"fixed","direction":"104","zone":"traffic","surveillance":"public","osmId":13464718601,"osmUrl":"https://www.openstreetmap.org/node/13464718601"}}},{"type":"Feature","geometry":{"type":"Point","coordinates":[-93.4671349,44.7433666]},"properties":{"id":"alpr-osm-13464718602","layer":"alpr","name":"ALPR camera","county":"Scott County","state":"MN","countyFips":"27139","confidence":"probabilistic","sourceDate":null,"attributes":{"operator":null,"operatorType":"Not recorded","manufacturer":"Flock Safety","cameraType":"fixed","direction":"75","zone":"traffic","surveillance":"public","osmId":13464718602,"osmUrl":"https://www.openstreetmap.org/node/13464718602"}}},{"type":"Feature","geometry":{"type":"Point","coordinates":[-93.450868,44.725424]},"properties":{"id":"alpr-osm-13464732801","layer":"alpr","name":"ALPR camera","county":"Scott County","state":"MN","countyFips":"27139","confidence":"probabilistic","sourceDate":null,"attributes":{"operator":null,"operatorType":"Not recorded","manufacturer":"Flock Safety","cameraType":"fixed","direction":"38","zone":"traffic","surveillance":"public","osmId":13464732801,"osmUrl":"https://www.openstreetmap.org/node/13464732801"}}},{"type":"Feature","geometry":{"type":"Point","coordinates":[-93.4513057,44.7278194]},"properties":{"id":"alpr-osm-13464734401","layer":"alpr","name":"ALPR camera","county":"Scott County","state":"MN","countyFips":"27139","confidence":"probabilistic","sourceDate":null,"attributes":{"operator":null,"operatorType":"Not recorded","manufacturer":"Flock Safety","cameraType":"fixed","direction":"47","zone":"traffic","surveillance":"public","osmId":13464734401,"osmUrl":"https://www.openstreetmap.org/node/13464734401"}}},{"type":"Feature","geometry":{"type":"Point","coordinates":[-93.4374395,44.8502213]},"properties":{"id":"alpr-osm-13466489101","layer":"alpr","name":"ALPR camera","county":"Hennepin County","state":"MN","countyFips":"27053","confidence":"probabilistic","sourceDate":null,"attributes":{"operator":null,"operatorType":"Not recorded","manufacturer":"Flock Safety","cameraType":"fixed","direction":"0","zone":"traffic","surveillance":"public","osmId":13466489101,"osmUrl":"https://www.openstreetmap.org/node/13466489101"}}},{"type":"Feature","geometry":{"type":"Point","coordinates":[-93.011765,45.2638444]},"properties":{"id":"alpr-osm-13475095351","layer":"alpr","name":"ALPR camera","county":"Washington County","state":"MN","countyFips":"27163","confidence":"probabilistic","sourceDate":null,"attributes":{"operator":null,"operatorType":"Not recorded","manufacturer":"Flock Safety","cameraType":"fixed","direction":"190","zone":null,"surveillance":null,"osmId":13475095351,"osmUrl":"https://www.openstreetmap.org/node/13475095351"}}},{"type":"Feature","geometry":{"type":"Point","coordinates":[-93.6589301,46.0721737]},"properties":{"id":"alpr-osm-13475281301","layer":"alpr","name":"ALPR camera","county":"Mille Lacs County","state":"MN","countyFips":"27095","confidence":"probabilistic","sourceDate":null,"attributes":{"operator":null,"operatorType":"Not recorded","manufacturer":"Flock Safety","cameraType":"fixed","direction":"178","zone":"traffic","surveillance":"public","osmId":13475281301,"osmUrl":"https://www.openstreetmap.org/node/13475281301"}}},{"type":"Feature","geometry":{"type":"Point","coordinates":[-92.9999024,44.8714649]},"properties":{"id":"alpr-osm-13480328501","layer":"alpr","name":"ALPR camera","county":"Washington County","state":"MN","countyFips":"27163","confidence":"probabilistic","sourceDate":null,"attributes":{"operator":null,"operatorType":"Not recorded","manufacturer":"Flock Safety","cameraType":"fixed","direction":"180-180","zone":"traffic","surveillance":"public","osmId":13480328501,"osmUrl":"https://www.openstreetmap.org/node/13480328501"}}},{"type":"Feature","geometry":{"type":"Point","coordinates":[-92.9654817,44.8324964]},"properties":{"id":"alpr-osm-13480329702","layer":"alpr","name":"ALPR camera","county":"Washington County","state":"MN","countyFips":"27163","confidence":"probabilistic","sourceDate":null,"attributes":{"operator":null,"operatorType":"Not recorded","manufacturer":"Flock Safety","cameraType":"fixed","direction":"180-180","zone":"traffic","surveillance":"public","osmId":13480329702,"osmUrl":"https://www.openstreetmap.org/node/13480329702"}}},{"type":"Feature","geometry":{"type":"Point","coordinates":[-93.6012733,44.8308751]},"properties":{"id":"alpr-osm-13481904001","layer":"alpr","name":"ALPR camera","county":"Carver County","state":"MN","countyFips":"27019","confidence":"probabilistic","sourceDate":null,"attributes":{"operator":null,"operatorType":"Not recorded","manufacturer":"Flock Safety","cameraType":"fixed","direction":"338","zone":"traffic","surveillance":"public","osmId":13481904001,"osmUrl":"https://www.openstreetmap.org/node/13481904001"}}},{"type":"Feature","geometry":{"type":"Point","coordinates":[-93.60056,44.8305309]},"properties":{"id":"alpr-osm-13481904501","layer":"alpr","name":"ALPR camera","county":"Carver County","state":"MN","countyFips":"27019","confidence":"probabilistic","sourceDate":null,"attributes":{"operator":null,"operatorType":"Not recorded","manufacturer":"Flock Safety","cameraType":"fixed","direction":"137","zone":"traffic","surveillance":"public","osmId":13481904501,"osmUrl":"https://www.openstreetmap.org/node/13481904501"}}},{"type":"Feature","geometry":{"type":"Point","coordinates":[-93.5987801,44.8310167]},"properties":{"id":"alpr-osm-13481905901","layer":"alpr","name":"ALPR camera","county":"Carver County","state":"MN","countyFips":"27019","confidence":"probabilistic","sourceDate":null,"attributes":{"operator":null,"operatorType":"Not recorded","manufacturer":"Flock Safety","cameraType":"fixed","direction":"258","zone":"traffic","surveillance":"public","osmId":13481905901,"osmUrl":"https://www.openstreetmap.org/node/13481905901"}}},{"type":"Feature","geometry":{"type":"Point","coordinates":[-93.4447005,44.866798]},"properties":{"id":"alpr-osm-13481924102","layer":"alpr","name":"ALPR camera","county":"Hennepin County","state":"MN","countyFips":"27053","confidence":"probabilistic","sourceDate":null,"attributes":{"operator":null,"operatorType":"Not recorded","manufacturer":"Flock Safety","cameraType":"fixed","direction":"341","zone":"traffic","surveillance":"public","osmId":13481924102,"osmUrl":"https://www.openstreetmap.org/node/13481924102"}}},{"type":"Feature","geometry":{"type":"Point","coordinates":[-93.4433521,44.8669307]},"properties":{"id":"alpr-osm-13481925201","layer":"alpr","name":"ALPR camera","county":"Hennepin County","state":"MN","countyFips":"27053","confidence":"probabilistic","sourceDate":null,"attributes":{"operator":null,"operatorType":"Not recorded","manufacturer":"Flock Safety","cameraType":"fixed","direction":"340","zone":"traffic","surveillance":"public","osmId":13481925201,"osmUrl":"https://www.openstreetmap.org/node/13481925201"}}},{"type":"Feature","geometry":{"type":"Point","coordinates":[-93.4416383,44.8672002]},"properties":{"id":"alpr-osm-13481926801","layer":"alpr","name":"ALPR camera","county":"Hennepin County","state":"MN","countyFips":"27053","confidence":"probabilistic","sourceDate":null,"attributes":{"operator":null,"operatorType":"Not recorded","manufacturer":"Flock Safety","cameraType":"fixed","direction":"359","zone":"traffic","surveillance":"public","osmId":13481926801,"osmUrl":"https://www.openstreetmap.org/node/13481926801"}}},{"type":"Feature","geometry":{"type":"Point","coordinates":[-93.4129652,44.7740767]},"properties":{"id":"alpr-osm-13481955701","layer":"alpr","name":"ALPR camera","county":"Scott County","state":"MN","countyFips":"27139","confidence":"probabilistic","sourceDate":null,"attributes":{"operator":null,"operatorType":"Not recorded","manufacturer":"Flock Safety","cameraType":"fixed","direction":"149","zone":"traffic","surveillance":"public","osmId":13481955701,"osmUrl":"https://www.openstreetmap.org/node/13481955701"}}},{"type":"Feature","geometry":{"type":"Point","coordinates":[-93.4105932,44.7727017]},"properties":{"id":"alpr-osm-13481958701","layer":"alpr","name":"ALPR camera","county":"Scott County","state":"MN","countyFips":"27139","confidence":"probabilistic","sourceDate":null,"attributes":{"operator":null,"operatorType":"Not recorded","manufacturer":"Flock Safety","cameraType":"fixed","direction":"235","zone":"traffic","surveillance":"public","osmId":13481958701,"osmUrl":"https://www.openstreetmap.org/node/13481958701"}}},{"type":"Feature","geometry":{"type":"Point","coordinates":[-93.1668297,45.0066979]},"properties":{"id":"alpr-osm-13483009820","layer":"alpr","name":"ALPR camera","county":"Ramsey County","state":"MN","countyFips":"27123","confidence":"probabilistic","sourceDate":null,"attributes":{"operator":null,"operatorType":"Not recorded","manufacturer":"Flock Safety","cameraType":null,"direction":"0","zone":null,"surveillance":null,"osmId":13483009820,"osmUrl":"https://www.openstreetmap.org/node/13483009820"}}},{"type":"Feature","geometry":{"type":"Point","coordinates":[-93.2523047,44.9628046]},"properties":{"id":"alpr-osm-13485382401","layer":"alpr","name":"ALPR camera","county":"Hennepin County","state":"MN","countyFips":"27053","confidence":"probabilistic","sourceDate":null,"attributes":{"operator":null,"operatorType":"Not recorded","manufacturer":"Flock Safety","cameraType":"fixed","direction":"215","zone":"traffic","surveillance":"public","osmId":13485382401,"osmUrl":"https://www.openstreetmap.org/node/13485382401"}}},{"type":"Feature","geometry":{"type":"Point","coordinates":[-93.2522649,44.9626622]},"properties":{"id":"alpr-osm-13485384101","layer":"alpr","name":"ALPR camera","county":"Hennepin County","state":"MN","countyFips":"27053","confidence":"probabilistic","sourceDate":null,"attributes":{"operator":null,"operatorType":"Not recorded","manufacturer":"Flock Safety","cameraType":"fixed","direction":"272","zone":"traffic","surveillance":"public","osmId":13485384101,"osmUrl":"https://www.openstreetmap.org/node/13485384101"}}},{"type":"Feature","geometry":{"type":"Point","coordinates":[-93.2610247,44.9626615]},"properties":{"id":"alpr-osm-13485384102","layer":"alpr","name":"ALPR camera","county":"Hennepin County","state":"MN","countyFips":"27053","confidence":"probabilistic","sourceDate":null,"attributes":{"operator":null,"operatorType":"Not recorded","manufacturer":"Flock Safety","cameraType":"fixed","direction":"238","zone":"traffic","surveillance":"public","osmId":13485384102,"osmUrl":"https://www.openstreetmap.org/node/13485384102"}}},{"type":"Feature","geometry":{"type":"Point","coordinates":[-93.2582751,44.9627757]},"properties":{"id":"alpr-osm-13485384301","layer":"alpr","name":"ALPR camera","county":"Hennepin County","state":"MN","countyFips":"27053","confidence":"probabilistic","sourceDate":null,"attributes":{"operator":null,"operatorType":"Not recorded","manufacturer":"Flock Safety","cameraType":"fixed","direction":"101","zone":"traffic","surveillance":"public","osmId":13485384301,"osmUrl":"https://www.openstreetmap.org/node/13485384301"}}},{"type":"Feature","geometry":{"type":"Point","coordinates":[-93.2626608,44.9591688]},"properties":{"id":"alpr-osm-13485390901","layer":"alpr","name":"ALPR camera","county":"Hennepin County","state":"MN","countyFips":"27053","confidence":"probabilistic","sourceDate":null,"attributes":{"operator":null,"operatorType":"Not recorded","manufacturer":"Flock Safety","cameraType":"fixed","direction":"137","zone":"traffic","surveillance":"public","osmId":13485390901,"osmUrl":"https://www.openstreetmap.org/node/13485390901"}}},{"type":"Feature","geometry":{"type":"Point","coordinates":[-93.2625544,44.9520161]},"properties":{"id":"alpr-osm-13485392701","layer":"alpr","name":"ALPR camera","county":"Hennepin County","state":"MN","countyFips":"27053","confidence":"probabilistic","sourceDate":null,"attributes":{"operator":null,"operatorType":"Not recorded","manufacturer":"Flock Safety","cameraType":"fixed","direction":"130","zone":"traffic","surveillance":"public","osmId":13485392701,"osmUrl":"https://www.openstreetmap.org/node/13485392701"}}},{"type":"Feature","geometry":{"type":"Point","coordinates":[-93.2627834,44.9484338]},"properties":{"id":"alpr-osm-13485394101","layer":"alpr","name":"ALPR camera","county":"Hennepin County","state":"MN","countyFips":"27053","confidence":"probabilistic","sourceDate":null,"attributes":{"operator":null,"operatorType":"Not recorded","manufacturer":"Flock Safety","cameraType":"fixed","direction":"90","zone":"traffic","surveillance":"public","osmId":13485394101,"osmUrl":"https://www.openstreetmap.org/node/13485394101"}}},{"type":"Feature","geometry":{"type":"Point","coordinates":[-93.2625294,44.9447959]},"properties":{"id":"alpr-osm-13485395401","layer":"alpr","name":"ALPR camera","county":"Hennepin County","state":"MN","countyFips":"27053","confidence":"probabilistic","sourceDate":null,"attributes":{"operator":null,"operatorType":"Not recorded","manufacturer":"Flock Safety","cameraType":"fixed","direction":"306","zone":"traffic","surveillance":"public","osmId":13485395401,"osmUrl":"https://www.openstreetmap.org/node/13485395401"}}},{"type":"Feature","geometry":{"type":"Point","coordinates":[-93.2472828,44.9555984]},"properties":{"id":"alpr-osm-13485396902","layer":"alpr","name":"ALPR camera","county":"Hennepin County","state":"MN","countyFips":"27053","confidence":"probabilistic","sourceDate":null,"attributes":{"operator":null,"operatorType":"Not recorded","manufacturer":"Flock Safety","cameraType":"fixed","direction":"228","zone":"traffic","surveillance":"public","osmId":13485396902,"osmUrl":"https://www.openstreetmap.org/node/13485396902"}}},{"type":"Feature","geometry":{"type":"Point","coordinates":[-93.2472532,44.9564219]},"properties":{"id":"alpr-osm-13485398101","layer":"alpr","name":"ALPR camera","county":"Hennepin County","state":"MN","countyFips":"27053","confidence":"probabilistic","sourceDate":null,"attributes":{"operator":null,"operatorType":"Not recorded","manufacturer":"Flock Safety","cameraType":"fixed","direction":"311","zone":"traffic","surveillance":"public","osmId":13485398101,"osmUrl":"https://www.openstreetmap.org/node/13485398101"}}},{"type":"Feature","geometry":{"type":"Point","coordinates":[-93.2486998,44.9626702]},"properties":{"id":"alpr-osm-13485406101","layer":"alpr","name":"ALPR camera","county":"Hennepin County","state":"MN","countyFips":"27053","confidence":"probabilistic","sourceDate":null,"attributes":{"operator":null,"operatorType":"Not recorded","manufacturer":"Flock Safety","cameraType":"fixed","direction":"168","zone":"traffic","surveillance":"public","osmId":13485406101,"osmUrl":"https://www.openstreetmap.org/node/13485406101"}}},{"type":"Feature","geometry":{"type":"Point","coordinates":[-93.2553364,44.9628044]},"properties":{"id":"alpr-osm-13485406501","layer":"alpr","name":"ALPR camera","county":"Hennepin County","state":"MN","countyFips":"27053","confidence":"probabilistic","sourceDate":null,"attributes":{"operator":null,"operatorType":"Not recorded","manufacturer":"Flock Safety","cameraType":"fixed","direction":"231","zone":"traffic","surveillance":"public","osmId":13485406501,"osmUrl":"https://www.openstreetmap.org/node/13485406501"}}},{"type":"Feature","geometry":{"type":"Point","coordinates":[-93.2595587,44.962647]},"properties":{"id":"alpr-osm-13485407101","layer":"alpr","name":"ALPR camera","county":"Hennepin County","state":"MN","countyFips":"27053","confidence":"probabilistic","sourceDate":null,"attributes":{"operator":null,"operatorType":"Not recorded","manufacturer":"Flock Safety","cameraType":"fixed","direction":"307","zone":"traffic","surveillance":"public","osmId":13485407101,"osmUrl":"https://www.openstreetmap.org/node/13485407101"}}},{"type":"Feature","geometry":{"type":"Point","coordinates":[-93.2650116,44.9626339]},"properties":{"id":"alpr-osm-13485407201","layer":"alpr","name":"ALPR camera","county":"Hennepin County","state":"MN","countyFips":"27053","confidence":"probabilistic","sourceDate":null,"attributes":{"operator":null,"operatorType":"Not recorded","manufacturer":"Flock Safety","cameraType":"fixed","direction":"310","zone":"traffic","surveillance":"public","osmId":13485407201,"osmUrl":"https://www.openstreetmap.org/node/13485407201"}}},{"type":"Feature","geometry":{"type":"Point","coordinates":[-93.2726797,44.9626447]},"properties":{"id":"alpr-osm-13485407301","layer":"alpr","name":"ALPR camera","county":"Hennepin County","state":"MN","countyFips":"27053","confidence":"probabilistic","sourceDate":null,"attributes":{"operator":null,"operatorType":"Not recorded","manufacturer":"Flock Safety","cameraType":"fixed","direction":"49","zone":"traffic","surveillance":"public","osmId":13485407301,"osmUrl":"https://www.openstreetmap.org/node/13485407301"}}},{"type":"Feature","geometry":{"type":"Point","coordinates":[-93.2778818,44.9625962]},"properties":{"id":"alpr-osm-13485408301","layer":"alpr","name":"ALPR camera","county":"Hennepin County","state":"MN","countyFips":"27053","confidence":"probabilistic","sourceDate":null,"attributes":{"operator":null,"operatorType":"Not recorded","manufacturer":"Flock Safety","cameraType":"fixed","direction":"149","zone":"traffic","surveillance":"public","osmId":13485408301,"osmUrl":"https://www.openstreetmap.org/node/13485408301"}}},{"type":"Feature","geometry":{"type":"Point","coordinates":[-93.279576,44.9518695]},"properties":{"id":"alpr-osm-13485410101","layer":"alpr","name":"ALPR camera","county":"Hennepin County","state":"MN","countyFips":"27053","confidence":"probabilistic","sourceDate":null,"attributes":{"operator":null,"operatorType":"Not recorded","manufacturer":"Flock Safety","cameraType":"fixed","direction":"54","zone":"traffic","surveillance":"public","osmId":13485410101,"osmUrl":"https://www.openstreetmap.org/node/13485410101"}}},{"type":"Feature","geometry":{"type":"Point","coordinates":[-92.8180658,45.0533719]},"properties":{"id":"alpr-osm-13496102987","layer":"alpr","name":"ALPR camera","county":"Washington County","state":"MN","countyFips":"27163","confidence":"probabilistic","sourceDate":null,"attributes":{"operator":null,"operatorType":"Not recorded","manufacturer":"Flock Safety","cameraType":"fixed","direction":"260","zone":null,"surveillance":null,"osmId":13496102987,"osmUrl":"https://www.openstreetmap.org/node/13496102987"}}},{"type":"Feature","geometry":{"type":"Point","coordinates":[-93.0040837,44.9637956]},"properties":{"id":"alpr-osm-13502707301","layer":"alpr","name":"ALPR camera","county":"Ramsey County","state":"MN","countyFips":"27123","confidence":"probabilistic","sourceDate":null,"attributes":{"operator":null,"operatorType":"Not recorded","manufacturer":"Flock Safety","cameraType":"fixed","direction":"192","zone":"traffic","surveillance":"public","osmId":13502707301,"osmUrl":"https://www.openstreetmap.org/node/13502707301"}}},{"type":"Feature","geometry":{"type":"Point","coordinates":[-92.9811776,45.0371635]},"properties":{"id":"alpr-osm-13505565501","layer":"alpr","name":"ALPR camera","county":"Washington County","state":"MN","countyFips":"27163","confidence":"probabilistic","sourceDate":null,"attributes":{"operator":null,"operatorType":"Not recorded","manufacturer":"Flock Safety","cameraType":"fixed","direction":"224-269","zone":"traffic","surveillance":"public","osmId":13505565501,"osmUrl":"https://www.openstreetmap.org/node/13505565501"}}},{"type":"Feature","geometry":{"type":"Point","coordinates":[-92.9812144,45.0370471]},"properties":{"id":"alpr-osm-13505566601","layer":"alpr","name":"ALPR camera","county":"Washington County","state":"MN","countyFips":"27163","confidence":"probabilistic","sourceDate":null,"attributes":{"operator":null,"operatorType":"Not recorded","manufacturer":"Flock Safety","cameraType":"fixed","direction":"47-92","zone":"traffic","surveillance":"public","osmId":13505566601,"osmUrl":"https://www.openstreetmap.org/node/13505566601"}}},{"type":"Feature","geometry":{"type":"Point","coordinates":[-93.4249772,45.1989762]},"properties":{"id":"alpr-osm-13507829601","layer":"alpr","name":"ALPR camera","county":"Hennepin County","state":"MN","countyFips":"27053","confidence":"probabilistic","sourceDate":null,"attributes":{"operator":null,"operatorType":"Not recorded","manufacturer":"Flock Safety","cameraType":"fixed","direction":"223-268","zone":"traffic","surveillance":"public","osmId":13507829601,"osmUrl":"https://www.openstreetmap.org/node/13507829601"}}},{"type":"Feature","geometry":{"type":"Point","coordinates":[-93.1916901,45.1081471]},"properties":{"id":"alpr-osm-13508172442","layer":"alpr","name":"ALPR camera","county":"Ramsey County","state":"MN","countyFips":"27123","confidence":"probabilistic","sourceDate":null,"attributes":{"operator":null,"operatorType":"Not recorded","manufacturer":"Flock Safety","cameraType":"fixed","direction":"245","zone":null,"surveillance":null,"osmId":13508172442,"osmUrl":"https://www.openstreetmap.org/node/13508172442"}}},{"type":"Feature","geometry":{"type":"Point","coordinates":[-93.2332734,45.004782]},"properties":{"id":"alpr-osm-13510399201","layer":"alpr","name":"ALPR camera — The Home Depot","county":"Hennepin County","state":"MN","countyFips":"27053","confidence":"probabilistic","sourceDate":null,"attributes":{"operator":"The Home Depot","operatorType":"Other or unclassified","manufacturer":"Flock Safety","cameraType":"fixed","direction":"228","zone":"traffic","surveillance":"public","osmId":13510399201,"osmUrl":"https://www.openstreetmap.org/node/13510399201"}}},{"type":"Feature","geometry":{"type":"Point","coordinates":[-92.9643768,44.9365036]},"properties":{"id":"alpr-osm-13511182001","layer":"alpr","name":"ALPR camera","county":"Washington County","state":"MN","countyFips":"27163","confidence":"probabilistic","sourceDate":null,"attributes":{"operator":null,"operatorType":"Not recorded","manufacturer":"Flock Safety","cameraType":"fixed","direction":"0","zone":"traffic","surveillance":"public","osmId":13511182001,"osmUrl":"https://www.openstreetmap.org/node/13511182001"}}},{"type":"Feature","geometry":{"type":"Point","coordinates":[-93.4249772,45.1989762]},"properties":{"id":"alpr-osm-13512145801","layer":"alpr","name":"ALPR camera","county":"Hennepin County","state":"MN","countyFips":"27053","confidence":"probabilistic","sourceDate":null,"attributes":{"operator":null,"operatorType":"Not recorded","manufacturer":"Flock Safety","cameraType":"fixed","direction":"223-268","zone":"traffic","surveillance":"public","osmId":13512145801,"osmUrl":"https://www.openstreetmap.org/node/13512145801"}}},{"type":"Feature","geometry":{"type":"Point","coordinates":[-93.2955314,44.9600073]},"properties":{"id":"alpr-osm-13513440501","layer":"alpr","name":"ALPR camera","county":"Hennepin County","state":"MN","countyFips":"27053","confidence":"probabilistic","sourceDate":null,"attributes":{"operator":null,"operatorType":"Not recorded","manufacturer":"Flock Safety","cameraType":"fixed","direction":"45","zone":"parking","surveillance":"public","osmId":13513440501,"osmUrl":"https://www.openstreetmap.org/node/13513440501"}}},{"type":"Feature","geometry":{"type":"Point","coordinates":[-93.4809871,45.135204]},"properties":{"id":"alpr-osm-13517030601","layer":"alpr","name":"ALPR camera — The Home Depot","county":"Hennepin County","state":"MN","countyFips":"27053","confidence":"probabilistic","sourceDate":null,"attributes":{"operator":"The Home Depot","operatorType":"Other or unclassified","manufacturer":"Flock Safety","cameraType":"fixed","direction":"54","zone":"traffic","surveillance":"public","osmId":13517030601,"osmUrl":"https://www.openstreetmap.org/node/13517030601"}}},{"type":"Feature","geometry":{"type":"Point","coordinates":[-93.1987078,44.7306091]},"properties":{"id":"alpr-osm-13522223603","layer":"alpr","name":"ALPR camera","county":"Dakota County","state":"MN","countyFips":"27037","confidence":"probabilistic","sourceDate":null,"attributes":{"operator":null,"operatorType":"Not recorded","manufacturer":"Flock Safety","cameraType":"fixed","direction":"294","zone":"traffic","surveillance":"public","osmId":13522223603,"osmUrl":"https://www.openstreetmap.org/node/13522223603"}}},{"type":"Feature","geometry":{"type":"Point","coordinates":[-92.9087457,46.0109983]},"properties":{"id":"alpr-osm-13525129858","layer":"alpr","name":"ALPR camera","county":"Pine County","state":"MN","countyFips":"27115","confidence":"probabilistic","sourceDate":null,"attributes":{"operator":null,"operatorType":"Not recorded","manufacturer":"Flock Safety","cameraType":"fixed","direction":"70","zone":null,"surveillance":null,"osmId":13525129858,"osmUrl":"https://www.openstreetmap.org/node/13525129858"}}},{"type":"Feature","geometry":{"type":"Point","coordinates":[-93.6284343,45.1307477]},"properties":{"id":"alpr-osm-13525204103","layer":"alpr","name":"ALPR camera","county":"Hennepin County","state":"MN","countyFips":"27053","confidence":"probabilistic","sourceDate":null,"attributes":{"operator":null,"operatorType":"Not recorded","manufacturer":"Flock Safety","cameraType":"fixed","direction":"45","zone":null,"surveillance":null,"osmId":13525204103,"osmUrl":"https://www.openstreetmap.org/node/13525204103"}}},{"type":"Feature","geometry":{"type":"Point","coordinates":[-93.2425235,44.8567855]},"properties":{"id":"alpr-osm-13527123801","layer":"alpr","name":"ALPR camera","county":"Hennepin County","state":"MN","countyFips":"27053","confidence":"probabilistic","sourceDate":null,"attributes":{"operator":null,"operatorType":"Not recorded","manufacturer":"Flock Safety","cameraType":"fixed","direction":"304","zone":"traffic","surveillance":"public","osmId":13527123801,"osmUrl":"https://www.openstreetmap.org/node/13527123801"}}},{"type":"Feature","geometry":{"type":"Point","coordinates":[-93.3273283,44.8655219]},"properties":{"id":"alpr-osm-13527681822","layer":"alpr","name":"ALPR camera","county":"Hennepin County","state":"MN","countyFips":"27053","confidence":"probabilistic","sourceDate":null,"attributes":{"operator":null,"operatorType":"Not recorded","manufacturer":"Flock Safety","cameraType":"fixed","direction":"20","zone":null,"surveillance":null,"osmId":13527681822,"osmUrl":"https://www.openstreetmap.org/node/13527681822"}}},{"type":"Feature","geometry":{"type":"Point","coordinates":[-93.3285682,44.8669046]},"properties":{"id":"alpr-osm-13527681823","layer":"alpr","name":"ALPR camera","county":"Hennepin County","state":"MN","countyFips":"27053","confidence":"probabilistic","sourceDate":null,"attributes":{"operator":null,"operatorType":"Not recorded","manufacturer":"Flock Safety","cameraType":"fixed","direction":"90","zone":null,"surveillance":null,"osmId":13527681823,"osmUrl":"https://www.openstreetmap.org/node/13527681823"}}},{"type":"Feature","geometry":{"type":"Point","coordinates":[-92.9381588,45.3150003]},"properties":{"id":"alpr-osm-13532690401","layer":"alpr","name":"ALPR camera","county":"Chisago County","state":"MN","countyFips":"27025","confidence":"probabilistic","sourceDate":null,"attributes":{"operator":null,"operatorType":"Not recorded","manufacturer":"Flock Safety","cameraType":"fixed","direction":"201","zone":"traffic","surveillance":"public","osmId":13532690401,"osmUrl":"https://www.openstreetmap.org/node/13532690401"}}},{"type":"Feature","geometry":{"type":"Point","coordinates":[-92.9383675,45.3147257]},"properties":{"id":"alpr-osm-13532690701","layer":"alpr","name":"ALPR camera","county":"Chisago County","state":"MN","countyFips":"27025","confidence":"probabilistic","sourceDate":null,"attributes":{"operator":null,"operatorType":"Not recorded","manufacturer":"Flock Safety","cameraType":"fixed","direction":"26","zone":"traffic","surveillance":"public","osmId":13532690701,"osmUrl":"https://www.openstreetmap.org/node/13532690701"}}},{"type":"Feature","geometry":{"type":"Point","coordinates":[-93.4022997,45.117035]},"properties":{"id":"alpr-osm-13535484401","layer":"alpr","name":"ALPR camera","county":"Hennepin County","state":"MN","countyFips":"27053","confidence":"probabilistic","sourceDate":null,"attributes":{"operator":null,"operatorType":"Not recorded","manufacturer":"Flock Safety","cameraType":"fixed","direction":"165","zone":"traffic","surveillance":"public","osmId":13535484401,"osmUrl":"https://www.openstreetmap.org/node/13535484401"}}},{"type":"Feature","geometry":{"type":"Point","coordinates":[-93.402141,45.1163152]},"properties":{"id":"alpr-osm-13535509004","layer":"alpr","name":"ALPR camera","county":"Hennepin County","state":"MN","countyFips":"27053","confidence":"probabilistic","sourceDate":null,"attributes":{"operator":null,"operatorType":"Not recorded","manufacturer":"Flock Safety","cameraType":"fixed","direction":"347","zone":"traffic","surveillance":"public","osmId":13535509004,"osmUrl":"https://www.openstreetmap.org/node/13535509004"}}},{"type":"Feature","geometry":{"type":"Point","coordinates":[-93.4020009,45.1225858]},"properties":{"id":"alpr-osm-13535509601","layer":"alpr","name":"ALPR camera","county":"Hennepin County","state":"MN","countyFips":"27053","confidence":"probabilistic","sourceDate":null,"attributes":{"operator":null,"operatorType":"Not recorded","manufacturer":"Flock Safety","cameraType":"fixed","direction":"350","zone":"traffic","surveillance":"public","osmId":13535509601,"osmUrl":"https://www.openstreetmap.org/node/13535509601"}}},{"type":"Feature","geometry":{"type":"Point","coordinates":[-93.4021736,45.122966]},"properties":{"id":"alpr-osm-13535509701","layer":"alpr","name":"ALPR camera","county":"Hennepin County","state":"MN","countyFips":"27053","confidence":"probabilistic","sourceDate":null,"attributes":{"operator":null,"operatorType":"Not recorded","manufacturer":"Flock Safety","cameraType":"fixed","direction":"162","zone":"traffic","surveillance":"public","osmId":13535509701,"osmUrl":"https://www.openstreetmap.org/node/13535509701"}}},{"type":"Feature","geometry":{"type":"Point","coordinates":[-93.4368301,44.8679782]},"properties":{"id":"alpr-osm-13535735101","layer":"alpr","name":"ALPR camera","county":"Hennepin County","state":"MN","countyFips":"27053","confidence":"probabilistic","sourceDate":null,"attributes":{"operator":null,"operatorType":"Not recorded","manufacturer":"Flock Safety","cameraType":"fixed","direction":"156","zone":"traffic","surveillance":"public","osmId":13535735101,"osmUrl":"https://www.openstreetmap.org/node/13535735101"}}},{"type":"Feature","geometry":{"type":"Point","coordinates":[-93.0411904,45.1884373]},"properties":{"id":"alpr-osm-13537240301","layer":"alpr","name":"ALPR camera","county":"Anoka County","state":"MN","countyFips":"27003","confidence":"probabilistic","sourceDate":null,"attributes":{"operator":null,"operatorType":"Not recorded","manufacturer":"Flock Safety","cameraType":"fixed","direction":"264","zone":"traffic","surveillance":"public","osmId":13537240301,"osmUrl":"https://www.openstreetmap.org/node/13537240301"}}},{"type":"Feature","geometry":{"type":"Point","coordinates":[-94.8961279,47.4978198]},"properties":{"id":"alpr-osm-13540694793","layer":"alpr","name":"ALPR camera — Paul Bunyan Drug Task Force","county":"Beltrami County","state":"MN","countyFips":"27007","confidence":"probabilistic","sourceDate":null,"attributes":{"operator":"Paul Bunyan Drug Task Force","operatorType":"Multi-agency task force","manufacturer":"Flock Safety","cameraType":"fixed","direction":"230","zone":"traffic","surveillance":"public","osmId":13540694793,"osmUrl":"https://www.openstreetmap.org/node/13540694793"}}},{"type":"Feature","geometry":{"type":"Point","coordinates":[-93.0111851,45.2690521]},"properties":{"id":"alpr-osm-13543373601","layer":"alpr","name":"ALPR camera","county":"Washington County","state":"MN","countyFips":"27163","confidence":"probabilistic","sourceDate":null,"attributes":{"operator":null,"operatorType":"Not recorded","manufacturer":"Flock Safety","cameraType":"fixed","direction":"0","zone":"traffic","surveillance":"public","osmId":13543373601,"osmUrl":"https://www.openstreetmap.org/node/13543373601"}}},{"type":"Feature","geometry":{"type":"Point","coordinates":[-93.2843019,44.8597717]},"properties":{"id":"alpr-osm-13544820413","layer":"alpr","name":"ALPR camera","county":"Hennepin County","state":"MN","countyFips":"27053","confidence":"probabilistic","sourceDate":null,"attributes":{"operator":null,"operatorType":"Not recorded","manufacturer":"Flock Safety","cameraType":"fixed","direction":"53","zone":"traffic","surveillance":"public","osmId":13544820413,"osmUrl":"https://www.openstreetmap.org/node/13544820413"}}},{"type":"Feature","geometry":{"type":"Point","coordinates":[-93.5841023,45.5372793]},"properties":{"id":"alpr-osm-13546632901","layer":"alpr","name":"ALPR camera","county":"Sherburne County","state":"MN","countyFips":"27141","confidence":"probabilistic","sourceDate":null,"attributes":{"operator":null,"operatorType":"Not recorded","manufacturer":"Flock Safety","cameraType":"fixed","direction":"178","zone":"traffic","surveillance":"public","osmId":13546632901,"osmUrl":"https://www.openstreetmap.org/node/13546632901"}}},{"type":"Feature","geometry":{"type":"Point","coordinates":[-93.308499,45.0043936]},"properties":{"id":"alpr-osm-13551085301","layer":"alpr","name":"ALPR camera","county":"Hennepin County","state":"MN","countyFips":"27053","confidence":"probabilistic","sourceDate":null,"attributes":{"operator":null,"operatorType":"Not recorded","manufacturer":"Flock Safety","cameraType":"fixed","direction":"164","zone":"traffic","surveillance":"public","osmId":13551085301,"osmUrl":"https://www.openstreetmap.org/node/13551085301"}}},{"type":"Feature","geometry":{"type":"Point","coordinates":[-91.7006394,44.044377]},"properties":{"id":"alpr-osm-13556635501","layer":"alpr","name":"ALPR camera","county":"Winona County","state":"MN","countyFips":"27169","confidence":"probabilistic","sourceDate":null,"attributes":{"operator":null,"operatorType":"Not recorded","manufacturer":"Flock Safety","cameraType":"fixed","direction":"202","zone":"traffic","surveillance":"public","osmId":13556635501,"osmUrl":"https://www.openstreetmap.org/node/13556635501"}}},{"type":"Feature","geometry":{"type":"Point","coordinates":[-91.6997666,44.0448416]},"properties":{"id":"alpr-osm-13556635901","layer":"alpr","name":"ALPR camera","county":"Winona County","state":"MN","countyFips":"27169","confidence":"probabilistic","sourceDate":null,"attributes":{"operator":null,"operatorType":"Not recorded","manufacturer":"Flock Safety","cameraType":"fixed","direction":"30","zone":"traffic","surveillance":"public","osmId":13556635901,"osmUrl":"https://www.openstreetmap.org/node/13556635901"}}},{"type":"Feature","geometry":{"type":"Point","coordinates":[-92.2408334,44.4238535]},"properties":{"id":"alpr-osm-13556704801","layer":"alpr","name":"ALPR camera — Lake City Police Department","county":"Wabasha County","state":"MN","countyFips":"27157","confidence":"probabilistic","sourceDate":null,"attributes":{"operator":"Lake City Police Department","operatorType":"Police department","manufacturer":"Flock Safety","cameraType":"fixed","direction":"279","zone":"traffic","surveillance":"public","osmId":13556704801,"osmUrl":"https://www.openstreetmap.org/node/13556704801"}}},{"type":"Feature","geometry":{"type":"Point","coordinates":[-92.2853194,44.4340521]},"properties":{"id":"alpr-osm-13556713101","layer":"alpr","name":"ALPR camera — Lake City Police Department","county":"Wabasha County","state":"MN","countyFips":"27157","confidence":"probabilistic","sourceDate":null,"attributes":{"operator":"Lake City Police Department","operatorType":"Police department","manufacturer":"Flock Safety","cameraType":"fixed","direction":"25","zone":"traffic","surveillance":"public","osmId":13556713101,"osmUrl":"https://www.openstreetmap.org/node/13556713101"}}},{"type":"Feature","geometry":{"type":"Point","coordinates":[-93.4415281,44.9656382]},"properties":{"id":"alpr-osm-13563477501","layer":"alpr","name":"ALPR camera","county":"Hennepin County","state":"MN","countyFips":"27053","confidence":"probabilistic","sourceDate":null,"attributes":{"operator":null,"operatorType":"Not recorded","manufacturer":"Flock Safety","cameraType":"fixed","direction":"88","zone":"traffic","surveillance":"public","osmId":13563477501,"osmUrl":"https://www.openstreetmap.org/node/13563477501"}}},{"type":"Feature","geometry":{"type":"Point","coordinates":[-93.4331032,44.9682067]},"properties":{"id":"alpr-osm-13563477701","layer":"alpr","name":"ALPR camera","county":"Hennepin County","state":"MN","countyFips":"27053","confidence":"probabilistic","sourceDate":null,"attributes":{"operator":null,"operatorType":"Not recorded","manufacturer":"Flock Safety","cameraType":"fixed","direction":"23","zone":"traffic","surveillance":"public","osmId":13563477701,"osmUrl":"https://www.openstreetmap.org/node/13563477701"}}},{"type":"Feature","geometry":{"type":"Point","coordinates":[-92.8267979,45.3897016]},"properties":{"id":"alpr-osm-13563479401","layer":"alpr","name":"ALPR camera","county":"Chisago County","state":"MN","countyFips":"27025","confidence":"probabilistic","sourceDate":null,"attributes":{"operator":null,"operatorType":"Not recorded","manufacturer":"Flock Safety","cameraType":"fixed","direction":"250","zone":"traffic","surveillance":"public","osmId":13563479401,"osmUrl":"https://www.openstreetmap.org/node/13563479401"}}},{"type":"Feature","geometry":{"type":"Point","coordinates":[-92.8314131,45.3908129]},"properties":{"id":"alpr-osm-13563480401","layer":"alpr","name":"ALPR camera","county":"Chisago County","state":"MN","countyFips":"27025","confidence":"probabilistic","sourceDate":null,"attributes":{"operator":null,"operatorType":"Not recorded","manufacturer":"Flock Safety","cameraType":"fixed","direction":"71","zone":"traffic","surveillance":"public","osmId":13563480401,"osmUrl":"https://www.openstreetmap.org/node/13563480401"}}},{"type":"Feature","geometry":{"type":"Point","coordinates":[-93.0442996,44.9992085]},"properties":{"id":"alpr-osm-13564647001","layer":"alpr","name":"ALPR camera","county":"Ramsey County","state":"MN","countyFips":"27123","confidence":"probabilistic","sourceDate":null,"attributes":{"operator":null,"operatorType":"Not recorded","manufacturer":"Flock Safety","cameraType":"fixed","direction":"77","zone":"traffic","surveillance":"public","osmId":13564647001,"osmUrl":"https://www.openstreetmap.org/node/13564647001"}}},{"type":"Feature","geometry":{"type":"Point","coordinates":[-93.5048852,44.9137978]},"properties":{"id":"alpr-osm-13565630001","layer":"alpr","name":"ALPR camera","county":"Hennepin County","state":"MN","countyFips":"27053","confidence":"probabilistic","sourceDate":null,"attributes":{"operator":null,"operatorType":"Not recorded","manufacturer":"Flock Safety","cameraType":"fixed","direction":"340","zone":"traffic","surveillance":"public","osmId":13565630001,"osmUrl":"https://www.openstreetmap.org/node/13565630001"}}},{"type":"Feature","geometry":{"type":"Point","coordinates":[-93.0879695,44.9195577]},"properties":{"id":"alpr-osm-13568182301","layer":"alpr","name":"ALPR camera","county":"Dakota County","state":"MN","countyFips":"27037","confidence":"probabilistic","sourceDate":null,"attributes":{"operator":null,"operatorType":"Not recorded","manufacturer":"Flock Safety","cameraType":"fixed","direction":"182","zone":"traffic","surveillance":"public","osmId":13568182301,"osmUrl":"https://www.openstreetmap.org/node/13568182301"}}},{"type":"Feature","geometry":{"type":"Point","coordinates":[-92.9986867,45.2687029]},"properties":{"id":"alpr-osm-13569892301","layer":"alpr","name":"ALPR camera","county":"Washington County","state":"MN","countyFips":"27163","confidence":"probabilistic","sourceDate":null,"attributes":{"operator":null,"operatorType":"Not recorded","manufacturer":"Flock Safety","cameraType":"fixed","direction":"317-27","zone":"traffic","surveillance":"public","osmId":13569892301,"osmUrl":"https://www.openstreetmap.org/node/13569892301"}}},{"type":"Feature","geometry":{"type":"Point","coordinates":[-93.4797943,45.1360373]},"properties":{"id":"alpr-osm-13571050301","layer":"alpr","name":"ALPR camera — The Home Depot","county":"Hennepin County","state":"MN","countyFips":"27053","confidence":"probabilistic","sourceDate":null,"attributes":{"operator":"The Home Depot","operatorType":"Other or unclassified","manufacturer":"Flock Safety","cameraType":"fixed","direction":"39","zone":"traffic","surveillance":"public","osmId":13571050301,"osmUrl":"https://www.openstreetmap.org/node/13571050301"}}},{"type":"Feature","geometry":{"type":"Point","coordinates":[-94.2428779,45.6087392]},"properties":{"id":"alpr-osm-13572730065","layer":"alpr","name":"ALPR camera","county":"Stearns County","state":"MN","countyFips":"27145","confidence":"probabilistic","sourceDate":null,"attributes":{"operator":null,"operatorType":"Not recorded","manufacturer":"Flock Safety","cameraType":"fixed","direction":"215","zone":"traffic","surveillance":null,"osmId":13572730065,"osmUrl":"https://www.openstreetmap.org/node/13572730065"}}},{"type":"Feature","geometry":{"type":"Point","coordinates":[-94.221589,45.5873495]},"properties":{"id":"alpr-osm-13572730067","layer":"alpr","name":"ALPR camera","county":"Stearns County","state":"MN","countyFips":"27145","confidence":"probabilistic","sourceDate":null,"attributes":{"operator":null,"operatorType":"Not recorded","manufacturer":"Flock Safety","cameraType":"fixed","direction":"155","zone":null,"surveillance":null,"osmId":13572730067,"osmUrl":"https://www.openstreetmap.org/node/13572730067"}}},{"type":"Feature","geometry":{"type":"Point","coordinates":[-92.9383496,44.9421194]},"properties":{"id":"alpr-osm-13574275201","layer":"alpr","name":"ALPR camera","county":"Washington County","state":"MN","countyFips":"27163","confidence":"probabilistic","sourceDate":null,"attributes":{"operator":null,"operatorType":"Not recorded","manufacturer":"Flock Safety","cameraType":"fixed","direction":"205","zone":"traffic","surveillance":"public","osmId":13574275201,"osmUrl":"https://www.openstreetmap.org/node/13574275201"}}},{"type":"Feature","geometry":{"type":"Point","coordinates":[-93.3530426,44.9658983]},"properties":{"id":"alpr-osm-13574280201","layer":"alpr","name":"ALPR camera","county":"Hennepin County","state":"MN","countyFips":"27053","confidence":"probabilistic","sourceDate":null,"attributes":{"operator":null,"operatorType":"Not recorded","manufacturer":"Flock Safety","cameraType":"fixed","direction":"144","zone":"traffic","surveillance":"public","osmId":13574280201,"osmUrl":"https://www.openstreetmap.org/node/13574280201"}}},{"type":"Feature","geometry":{"type":"Point","coordinates":[-93.4679087,45.2363539]},"properties":{"id":"alpr-osm-13574354801","layer":"alpr","name":"ALPR camera","county":"Anoka County","state":"MN","countyFips":"27003","confidence":"probabilistic","sourceDate":null,"attributes":{"operator":null,"operatorType":"Not recorded","manufacturer":"Flock Safety","cameraType":"fixed","direction":"73","zone":"traffic","surveillance":"public","osmId":13574354801,"osmUrl":"https://www.openstreetmap.org/node/13574354801"}}},{"type":"Feature","geometry":{"type":"Point","coordinates":[-93.4667019,45.2353645]},"properties":{"id":"alpr-osm-13574354802","layer":"alpr","name":"ALPR camera","county":"Anoka County","state":"MN","countyFips":"27003","confidence":"probabilistic","sourceDate":null,"attributes":{"operator":null,"operatorType":"Not recorded","manufacturer":"Flock Safety","cameraType":"fixed","direction":"0;89;180;273","zone":"traffic","surveillance":"public","osmId":13574354802,"osmUrl":"https://www.openstreetmap.org/node/13574354802"}}},{"type":"Feature","geometry":{"type":"Point","coordinates":[-92.9440923,45.0885272]},"properties":{"id":"alpr-osm-13579093927","layer":"alpr","name":"ALPR camera","county":"Washington County","state":"MN","countyFips":"27163","confidence":"probabilistic","sourceDate":null,"attributes":{"operator":null,"operatorType":"Not recorded","manufacturer":"Flock Safety","cameraType":"fixed","direction":"90","zone":"traffic","surveillance":"public","osmId":13579093927,"osmUrl":"https://www.openstreetmap.org/node/13579093927"}}},{"type":"Feature","geometry":{"type":"Point","coordinates":[-92.8177723,45.0547664]},"properties":{"id":"alpr-osm-13582990695","layer":"alpr","name":"ALPR camera","county":"Washington County","state":"MN","countyFips":"27163","confidence":"probabilistic","sourceDate":null,"attributes":{"operator":null,"operatorType":"Not recorded","manufacturer":"Flock Safety","cameraType":"fixed","direction":"75","zone":"traffic","surveillance":"public","osmId":13582990695,"osmUrl":"https://www.openstreetmap.org/node/13582990695"}}},{"type":"Feature","geometry":{"type":"Point","coordinates":[-92.8943995,46.1253072]},"properties":{"id":"alpr-osm-13583892801","layer":"alpr","name":"ALPR camera","county":"Pine County","state":"MN","countyFips":"27115","confidence":"probabilistic","sourceDate":null,"attributes":{"operator":null,"operatorType":"Not recorded","manufacturer":"Flock Safety","cameraType":"fixed","direction":"256","zone":"traffic","surveillance":"public","osmId":13583892801,"osmUrl":"https://www.openstreetmap.org/node/13583892801"}}},{"type":"Feature","geometry":{"type":"Point","coordinates":[-93.5542385,45.2104968]},"properties":{"id":"alpr-osm-13585729801","layer":"alpr","name":"ALPR camera","county":"Hennepin County","state":"MN","countyFips":"27053","confidence":"probabilistic","sourceDate":null,"attributes":{"operator":null,"operatorType":"Not recorded","manufacturer":"Flock Safety","cameraType":"fixed","direction":"244","zone":"traffic","surveillance":"public","osmId":13585729801,"osmUrl":"https://www.openstreetmap.org/node/13585729801"}}},{"type":"Feature","geometry":{"type":"Point","coordinates":[-93.5398896,45.2994029]},"properties":{"id":"alpr-osm-13588040201","layer":"alpr","name":"ALPR camera","county":"Sherburne County","state":"MN","countyFips":"27141","confidence":"probabilistic","sourceDate":null,"attributes":{"operator":null,"operatorType":"Not recorded","manufacturer":"Flock Safety","cameraType":"fixed","direction":"180","zone":"traffic","surveillance":"public","osmId":13588040201,"osmUrl":"https://www.openstreetmap.org/node/13588040201"}}},{"type":"Feature","geometry":{"type":"Point","coordinates":[-93.1733037,44.9040788]},"properties":{"id":"alpr-osm-13601117702","layer":"alpr","name":"ALPR camera","county":"Ramsey County","state":"MN","countyFips":"27123","confidence":"probabilistic","sourceDate":null,"attributes":{"operator":null,"operatorType":"Not recorded","manufacturer":"Flock Safety","cameraType":"fixed","direction":"158","zone":"traffic","surveillance":"public","osmId":13601117702,"osmUrl":"https://www.openstreetmap.org/node/13601117702"}}},{"type":"Feature","geometry":{"type":"Point","coordinates":[-93.1722678,44.903525]},"properties":{"id":"alpr-osm-13601118001","layer":"alpr","name":"ALPR camera","county":"Ramsey County","state":"MN","countyFips":"27123","confidence":"probabilistic","sourceDate":null,"attributes":{"operator":null,"operatorType":"Not recorded","manufacturer":"Flock Safety","cameraType":"fixed","direction":"282","zone":"traffic","surveillance":"public","osmId":13601118001,"osmUrl":"https://www.openstreetmap.org/node/13601118001"}}},{"type":"Feature","geometry":{"type":"Point","coordinates":[-93.442038,44.8632481]},"properties":{"id":"alpr-osm-13603623501","layer":"alpr","name":"ALPR camera","county":"Hennepin County","state":"MN","countyFips":"27053","confidence":"probabilistic","sourceDate":null,"attributes":{"operator":null,"operatorType":"Not recorded","manufacturer":"Flock Safety","cameraType":"fixed","direction":"80","zone":"traffic","surveillance":"public","osmId":13603623501,"osmUrl":"https://www.openstreetmap.org/node/13603623501"}}},{"type":"Feature","geometry":{"type":"Point","coordinates":[-93.4409754,44.8614908]},"properties":{"id":"alpr-osm-13603624501","layer":"alpr","name":"ALPR camera","county":"Hennepin County","state":"MN","countyFips":"27053","confidence":"probabilistic","sourceDate":null,"attributes":{"operator":null,"operatorType":"Not recorded","manufacturer":"Flock Safety","cameraType":"fixed","direction":"52","zone":"traffic","surveillance":"public","osmId":13603624501,"osmUrl":"https://www.openstreetmap.org/node/13603624501"}}},{"type":"Feature","geometry":{"type":"Point","coordinates":[-93.3574597,45.2075918]},"properties":{"id":"alpr-osm-13606155801","layer":"alpr","name":"ALPR camera","county":"Anoka County","state":"MN","countyFips":"27003","confidence":"probabilistic","sourceDate":null,"attributes":{"operator":null,"operatorType":"Not recorded","manufacturer":"Flock Safety","cameraType":"fixed","direction":"349","zone":"traffic","surveillance":"public","osmId":13606155801,"osmUrl":"https://www.openstreetmap.org/node/13606155801"}}},{"type":"Feature","geometry":{"type":"Point","coordinates":[-93.1544826,44.838596]},"properties":{"id":"alpr-osm-13609820601","layer":"alpr","name":"ALPR camera","county":"Dakota County","state":"MN","countyFips":"27037","confidence":"probabilistic","sourceDate":null,"attributes":{"operator":null,"operatorType":"Not recorded","manufacturer":"Flock Safety","cameraType":"fixed","direction":"0","zone":"traffic","surveillance":"public","osmId":13609820601,"osmUrl":"https://www.openstreetmap.org/node/13609820601"}}},{"type":"Feature","geometry":{"type":"Point","coordinates":[-93.319102,45.043822]},"properties":{"id":"alpr-osm-13610631683","layer":"alpr","name":"ALPR camera","county":"Hennepin County","state":"MN","countyFips":"27053","confidence":"probabilistic","sourceDate":null,"attributes":{"operator":null,"operatorType":"Not recorded","manufacturer":"Flock Safety","cameraType":"dome","direction":null,"zone":"area","surveillance":"public","osmId":13610631683,"osmUrl":"https://www.openstreetmap.org/node/13610631683"}}},{"type":"Feature","geometry":{"type":"Point","coordinates":[-92.9854692,44.8489215]},"properties":{"id":"alpr-osm-13616130901","layer":"alpr","name":"ALPR camera","county":"Washington County","state":"MN","countyFips":"27163","confidence":"probabilistic","sourceDate":null,"attributes":{"operator":null,"operatorType":"Not recorded","manufacturer":"Flock Safety","cameraType":"fixed","direction":"103","zone":"traffic","surveillance":"public","osmId":13616130901,"osmUrl":"https://www.openstreetmap.org/node/13616130901"}}},{"type":"Feature","geometry":{"type":"Point","coordinates":[-93.5945853,46.9874492]},"properties":{"id":"alpr-osm-13621369402","layer":"alpr","name":"ALPR camera","county":"Aitkin County","state":"MN","countyFips":"27001","confidence":"probabilistic","sourceDate":null,"attributes":{"operator":null,"operatorType":"Not recorded","manufacturer":"Flock Safety","cameraType":"fixed","direction":"231","zone":"traffic","surveillance":"public","osmId":13621369402,"osmUrl":"https://www.openstreetmap.org/node/13621369402"}}},{"type":"Feature","geometry":{"type":"Point","coordinates":[-93.3130684,47.0253291]},"properties":{"id":"alpr-osm-13621454901","layer":"alpr","name":"ALPR camera","county":"Aitkin County","state":"MN","countyFips":"27001","confidence":"probabilistic","sourceDate":null,"attributes":{"operator":null,"operatorType":"Not recorded","manufacturer":"Flock Safety","cameraType":"fixed","direction":"277","zone":"traffic","surveillance":"public","osmId":13621454901,"osmUrl":"https://www.openstreetmap.org/node/13621454901"}}},{"type":"Feature","geometry":{"type":"Point","coordinates":[-93.5464794,47.2359599]},"properties":{"id":"alpr-osm-13621529301","layer":"alpr","name":"ALPR camera","county":"Itasca County","state":"MN","countyFips":"27061","confidence":"probabilistic","sourceDate":null,"attributes":{"operator":null,"operatorType":"Not recorded","manufacturer":"Flock Safety","cameraType":"fixed","direction":"74","zone":"traffic","surveillance":"public","osmId":13621529301,"osmUrl":"https://www.openstreetmap.org/node/13621529301"}}},{"type":"Feature","geometry":{"type":"Point","coordinates":[-93.5495745,47.2360443]},"properties":{"id":"alpr-osm-13621533201","layer":"alpr","name":"ALPR camera","county":"Itasca County","state":"MN","countyFips":"27061","confidence":"probabilistic","sourceDate":null,"attributes":{"operator":null,"operatorType":"Not recorded","manufacturer":"Flock Safety","cameraType":"fixed","direction":"243","zone":"traffic","surveillance":"public","osmId":13621533201,"osmUrl":"https://www.openstreetmap.org/node/13621533201"}}},{"type":"Feature","geometry":{"type":"Point","coordinates":[-93.5328865,47.2470385]},"properties":{"id":"alpr-osm-13621613401","layer":"alpr","name":"ALPR camera","county":"Itasca County","state":"MN","countyFips":"27061","confidence":"probabilistic","sourceDate":null,"attributes":{"operator":null,"operatorType":"Not recorded","manufacturer":"Flock Safety","cameraType":"fixed","direction":"351","zone":"traffic","surveillance":"public","osmId":13621613401,"osmUrl":"https://www.openstreetmap.org/node/13621613401"}}},{"type":"Feature","geometry":{"type":"Point","coordinates":[-93.5338623,47.2805682]},"properties":{"id":"alpr-osm-13621620901","layer":"alpr","name":"ALPR camera — The Home Depot","county":"Itasca County","state":"MN","countyFips":"27061","confidence":"probabilistic","sourceDate":null,"attributes":{"operator":"The Home Depot","operatorType":"Other or unclassified","manufacturer":"Flock Safety","cameraType":"fixed","direction":"343","zone":"traffic","surveillance":"public","osmId":13621620901,"osmUrl":"https://www.openstreetmap.org/node/13621620901"}}},{"type":"Feature","geometry":{"type":"Point","coordinates":[-93.5293713,47.2038378]},"properties":{"id":"alpr-osm-13621663801","layer":"alpr","name":"ALPR camera","county":"Itasca County","state":"MN","countyFips":"27061","confidence":"probabilistic","sourceDate":null,"attributes":{"operator":null,"operatorType":"Not recorded","manufacturer":"Flock Safety","cameraType":"fixed","direction":"0","zone":"traffic","surveillance":"public","osmId":13621663801,"osmUrl":"https://www.openstreetmap.org/node/13621663801"}}},{"type":"Feature","geometry":{"type":"Point","coordinates":[-93.5531163,47.1636518]},"properties":{"id":"alpr-osm-13621675301","layer":"alpr","name":"ALPR camera","county":"Itasca County","state":"MN","countyFips":"27061","confidence":"probabilistic","sourceDate":null,"attributes":{"operator":null,"operatorType":"Not recorded","manufacturer":"Flock Safety","cameraType":"fixed","direction":"12","zone":"traffic","surveillance":"public","osmId":13621675301,"osmUrl":"https://www.openstreetmap.org/node/13621675301"}}},{"type":"Feature","geometry":{"type":"Point","coordinates":[-92.8927494,44.7965289]},"properties":{"id":"alpr-osm-13623426909","layer":"alpr","name":"ALPR camera","county":"Washington County","state":"MN","countyFips":"27163","confidence":"probabilistic","sourceDate":null,"attributes":{"operator":null,"operatorType":"Not recorded","manufacturer":"Flock Safety","cameraType":"fixed","direction":"334","zone":"traffic","surveillance":"public","osmId":13623426909,"osmUrl":"https://www.openstreetmap.org/node/13623426909"}}},{"type":"Feature","geometry":{"type":"Point","coordinates":[-92.9942331,44.8883743]},"properties":{"id":"alpr-osm-13623427122","layer":"alpr","name":"ALPR camera","county":"Washington County","state":"MN","countyFips":"27163","confidence":"probabilistic","sourceDate":null,"attributes":{"operator":null,"operatorType":"Not recorded","manufacturer":"Motorola Solutions","cameraType":"fixed","direction":"82","zone":"traffic","surveillance":"public","osmId":13623427122,"osmUrl":"https://www.openstreetmap.org/node/13623427122"}}},{"type":"Feature","geometry":{"type":"Point","coordinates":[-92.9132979,44.8046277]},"properties":{"id":"alpr-osm-13623430301","layer":"alpr","name":"ALPR camera","county":"Washington County","state":"MN","countyFips":"27163","confidence":"probabilistic","sourceDate":null,"attributes":{"operator":null,"operatorType":"Not recorded","manufacturer":"Flock Safety","cameraType":"fixed","direction":"187","zone":"traffic","surveillance":"public","osmId":13623430301,"osmUrl":"https://www.openstreetmap.org/node/13623430301"}}},{"type":"Feature","geometry":{"type":"Point","coordinates":[-92.908868,44.8095722]},"properties":{"id":"alpr-osm-13623431301","layer":"alpr","name":"ALPR camera","county":"Washington County","state":"MN","countyFips":"27163","confidence":"probabilistic","sourceDate":null,"attributes":{"operator":null,"operatorType":"Not recorded","manufacturer":"Flock Safety","cameraType":"fixed","direction":"24","zone":"traffic","surveillance":"public","osmId":13623431301,"osmUrl":"https://www.openstreetmap.org/node/13623431301"}}},{"type":"Feature","geometry":{"type":"Point","coordinates":[-92.9580879,44.83377]},"properties":{"id":"alpr-osm-13623435501","layer":"alpr","name":"ALPR camera","county":"Washington County","state":"MN","countyFips":"27163","confidence":"probabilistic","sourceDate":null,"attributes":{"operator":null,"operatorType":"Not recorded","manufacturer":"Flock Safety","cameraType":"fixed","direction":"329","zone":"traffic","surveillance":"public","osmId":13623435501,"osmUrl":"https://www.openstreetmap.org/node/13623435501"}}},{"type":"Feature","geometry":{"type":"Point","coordinates":[-92.8657311,44.8481132]},"properties":{"id":"alpr-osm-13623436501","layer":"alpr","name":"ALPR camera","county":"Washington County","state":"MN","countyFips":"27163","confidence":"probabilistic","sourceDate":null,"attributes":{"operator":null,"operatorType":"Not recorded","manufacturer":"Flock Safety","cameraType":"fixed","direction":"249","zone":"traffic","surveillance":"public","osmId":13623436501,"osmUrl":"https://www.openstreetmap.org/node/13623436501"}}},{"type":"Feature","geometry":{"type":"Point","coordinates":[-92.9728168,44.8366417]},"properties":{"id":"alpr-osm-13623440701","layer":"alpr","name":"ALPR camera","county":"Washington County","state":"MN","countyFips":"27163","confidence":"probabilistic","sourceDate":null,"attributes":{"operator":null,"operatorType":"Not recorded","manufacturer":"Flock Safety","cameraType":"fixed","direction":"112","zone":"traffic","surveillance":"public","osmId":13623440701,"osmUrl":"https://www.openstreetmap.org/node/13623440701"}}},{"type":"Feature","geometry":{"type":"Point","coordinates":[-92.8664338,44.79649]},"properties":{"id":"alpr-osm-13623441501","layer":"alpr","name":"ALPR camera","county":"Washington County","state":"MN","countyFips":"27163","confidence":"probabilistic","sourceDate":null,"attributes":{"operator":null,"operatorType":"Not recorded","manufacturer":"Flock Safety","cameraType":"fixed","direction":"311","zone":"traffic","surveillance":"public","osmId":13623441501,"osmUrl":"https://www.openstreetmap.org/node/13623441501"}}},{"type":"Feature","geometry":{"type":"Point","coordinates":[-92.9494235,44.861838]},"properties":{"id":"alpr-osm-13623617601","layer":"alpr","name":"ALPR camera","county":"Washington County","state":"MN","countyFips":"27163","confidence":"probabilistic","sourceDate":null,"attributes":{"operator":null,"operatorType":"Not recorded","manufacturer":"Flock Safety","cameraType":"fixed","direction":"149","zone":"traffic","surveillance":"public","osmId":13623617601,"osmUrl":"https://www.openstreetmap.org/node/13623617601"}}},{"type":"Feature","geometry":{"type":"Point","coordinates":[-93.0808682,44.9186501]},"properties":{"id":"alpr-osm-13623718701","layer":"alpr","name":"ALPR camera","county":"Dakota County","state":"MN","countyFips":"27037","confidence":"probabilistic","sourceDate":null,"attributes":{"operator":null,"operatorType":"Not recorded","manufacturer":"Flock Safety","cameraType":"fixed","direction":"163","zone":"traffic","surveillance":"public","osmId":13623718701,"osmUrl":"https://www.openstreetmap.org/node/13623718701"}}},{"type":"Feature","geometry":{"type":"Point","coordinates":[-93.2666317,45.1454403]},"properties":{"id":"alpr-osm-13624548961","layer":"alpr","name":"ALPR camera","county":"Anoka County","state":"MN","countyFips":"27003","confidence":"probabilistic","sourceDate":null,"attributes":{"operator":null,"operatorType":"Not recorded","manufacturer":"Flock Safety","cameraType":"fixed","direction":"350","zone":"traffic","surveillance":null,"osmId":13624548961,"osmUrl":"https://www.openstreetmap.org/node/13624548961"}}},{"type":"Feature","geometry":{"type":"Point","coordinates":[-93.3742397,45.1862985]},"properties":{"id":"alpr-osm-13625514601","layer":"alpr","name":"ALPR camera","county":"Anoka County","state":"MN","countyFips":"27003","confidence":"probabilistic","sourceDate":null,"attributes":{"operator":null,"operatorType":"Not recorded","manufacturer":"Flock Safety","cameraType":"fixed","direction":"224-269","zone":"traffic","surveillance":"public","osmId":13625514601,"osmUrl":"https://www.openstreetmap.org/node/13625514601"}}},{"type":"Feature","geometry":{"type":"Point","coordinates":[-93.3742397,45.1862985]},"properties":{"id":"alpr-osm-13625516201","layer":"alpr","name":"ALPR camera","county":"Anoka County","state":"MN","countyFips":"27003","confidence":"probabilistic","sourceDate":null,"attributes":{"operator":null,"operatorType":"Not recorded","manufacturer":"Flock Safety","cameraType":"fixed","direction":"218-263","zone":"traffic","surveillance":"public","osmId":13625516201,"osmUrl":"https://www.openstreetmap.org/node/13625516201"}}},{"type":"Feature","geometry":{"type":"Point","coordinates":[-92.971262,44.8009485]},"properties":{"id":"alpr-osm-13625677101","layer":"alpr","name":"ALPR camera","county":"Washington County","state":"MN","countyFips":"27163","confidence":"probabilistic","sourceDate":null,"attributes":{"operator":null,"operatorType":"Not recorded","manufacturer":"Flock Safety","cameraType":"fixed","direction":"70","zone":"traffic","surveillance":"public","osmId":13625677101,"osmUrl":"https://www.openstreetmap.org/node/13625677101"}}},{"type":"Feature","geometry":{"type":"Point","coordinates":[-93.3928041,45.1855616]},"properties":{"id":"alpr-osm-13626079301","layer":"alpr","name":"ALPR camera","county":"Hennepin County","state":"MN","countyFips":"27053","confidence":"probabilistic","sourceDate":null,"attributes":{"operator":null,"operatorType":"Not recorded","manufacturer":"Flock Safety","cameraType":"fixed","direction":"115-185","zone":"traffic","surveillance":"public","osmId":13626079301,"osmUrl":"https://www.openstreetmap.org/node/13626079301"}}},{"type":"Feature","geometry":{"type":"Point","coordinates":[-92.9248674,44.8619299]},"properties":{"id":"alpr-osm-13627091001","layer":"alpr","name":"ALPR camera","county":"Washington County","state":"MN","countyFips":"27163","confidence":"probabilistic","sourceDate":null,"attributes":{"operator":null,"operatorType":"Not recorded","manufacturer":"Flock Safety","cameraType":"fixed","direction":"108","zone":"traffic","surveillance":"public","osmId":13627091001,"osmUrl":"https://www.openstreetmap.org/node/13627091001"}}},{"type":"Feature","geometry":{"type":"Point","coordinates":[-93.598649,46.9973183]},"properties":{"id":"alpr-osm-13630660001","layer":"alpr","name":"ALPR camera","county":"Aitkin County","state":"MN","countyFips":"27001","confidence":"probabilistic","sourceDate":null,"attributes":{"operator":null,"operatorType":"Not recorded","manufacturer":"Flock Safety","cameraType":"fixed","direction":"132","zone":"traffic","surveillance":"public","osmId":13630660001,"osmUrl":"https://www.openstreetmap.org/node/13630660001"}}},{"type":"Feature","geometry":{"type":"Point","coordinates":[-93.5177593,47.2277957]},"properties":{"id":"alpr-osm-13631074801","layer":"alpr","name":"ALPR camera","county":"Itasca County","state":"MN","countyFips":"27061","confidence":"probabilistic","sourceDate":null,"attributes":{"operator":null,"operatorType":"Not recorded","manufacturer":"Flock Safety","cameraType":"fixed","direction":"348","zone":"traffic","surveillance":"public","osmId":13631074801,"osmUrl":"https://www.openstreetmap.org/node/13631074801"}}},{"type":"Feature","geometry":{"type":"Point","coordinates":[-92.9725504,44.926631]},"properties":{"id":"alpr-osm-13631538501","layer":"alpr","name":"ALPR camera","county":"Washington County","state":"MN","countyFips":"27163","confidence":"probabilistic","sourceDate":null,"attributes":{"operator":null,"operatorType":"Not recorded","manufacturer":"Flock Safety","cameraType":"fixed","direction":"0","zone":"traffic","surveillance":"public","osmId":13631538501,"osmUrl":"https://www.openstreetmap.org/node/13631538501"}}},{"type":"Feature","geometry":{"type":"Point","coordinates":[-93.8681856,45.1614569]},"properties":{"id":"alpr-osm-13632910001","layer":"alpr","name":"ALPR camera","county":"Wright County","state":"MN","countyFips":"27171","confidence":"probabilistic","sourceDate":null,"attributes":{"operator":null,"operatorType":"Not recorded","manufacturer":"Flock Safety","cameraType":"fixed","direction":"22","zone":"traffic","surveillance":"public","osmId":13632910001,"osmUrl":"https://www.openstreetmap.org/node/13632910001"}}},{"type":"Feature","geometry":{"type":"Point","coordinates":[-93.2725897,45.1384073]},"properties":{"id":"alpr-osm-13634052301","layer":"alpr","name":"ALPR camera","county":"Anoka County","state":"MN","countyFips":"27003","confidence":"probabilistic","sourceDate":null,"attributes":{"operator":null,"operatorType":"Not recorded","manufacturer":"Flock Safety","cameraType":"fixed","direction":"23-68","zone":"traffic","surveillance":"public","osmId":13634052301,"osmUrl":"https://www.openstreetmap.org/node/13634052301"}}},{"type":"Feature","geometry":{"type":"Point","coordinates":[-92.8009291,45.0502347]},"properties":{"id":"alpr-osm-13634266401","layer":"alpr","name":"ALPR camera","county":"Washington County","state":"MN","countyFips":"27163","confidence":"probabilistic","sourceDate":null,"attributes":{"operator":null,"operatorType":"Not recorded","manufacturer":"Flock Safety","cameraType":"fixed","direction":"303;162","zone":"traffic","surveillance":"public","osmId":13634266401,"osmUrl":"https://www.openstreetmap.org/node/13634266401"}}},{"type":"Feature","geometry":{"type":"Point","coordinates":[-93.4541457,44.9974558]},"properties":{"id":"alpr-osm-13634475702","layer":"alpr","name":"ALPR camera","county":"Hennepin County","state":"MN","countyFips":"27053","confidence":"probabilistic","sourceDate":null,"attributes":{"operator":null,"operatorType":"Not recorded","manufacturer":"Flock Safety","cameraType":"fixed","direction":"214","zone":"traffic","surveillance":"public","osmId":13634475702,"osmUrl":"https://www.openstreetmap.org/node/13634475702"}}},{"type":"Feature","geometry":{"type":"Point","coordinates":[-93.4541457,44.9974558]},"properties":{"id":"alpr-osm-13634477501","layer":"alpr","name":"ALPR camera","county":"Hennepin County","state":"MN","countyFips":"27053","confidence":"probabilistic","sourceDate":null,"attributes":{"operator":null,"operatorType":"Not recorded","manufacturer":"Flock Safety","cameraType":"fixed","direction":"321","zone":"traffic","surveillance":"public","osmId":13634477501,"osmUrl":"https://www.openstreetmap.org/node/13634477501"}}},{"type":"Feature","geometry":{"type":"Point","coordinates":[-93.4540444,44.9981872]},"properties":{"id":"alpr-osm-13634478401","layer":"alpr","name":"ALPR camera","county":"Hennepin County","state":"MN","countyFips":"27053","confidence":"probabilistic","sourceDate":null,"attributes":{"operator":null,"operatorType":"Not recorded","manufacturer":"Flock Safety","cameraType":"fixed","direction":"246","zone":"traffic","surveillance":"public","osmId":13634478401,"osmUrl":"https://www.openstreetmap.org/node/13634478401"}}},{"type":"Feature","geometry":{"type":"Point","coordinates":[-93.4569146,44.998203]},"properties":{"id":"alpr-osm-13634479201","layer":"alpr","name":"ALPR camera","county":"Hennepin County","state":"MN","countyFips":"27053","confidence":"probabilistic","sourceDate":null,"attributes":{"operator":null,"operatorType":"Not recorded","manufacturer":"Flock Safety","cameraType":"fixed","direction":"124","zone":"traffic","surveillance":"public","osmId":13634479201,"osmUrl":"https://www.openstreetmap.org/node/13634479201"}}},{"type":"Feature","geometry":{"type":"Point","coordinates":[-93.2879678,45.0238498]},"properties":{"id":"alpr-osm-13634771520","layer":"alpr","name":"ALPR camera","county":"Hennepin County","state":"MN","countyFips":"27053","confidence":"probabilistic","sourceDate":null,"attributes":{"operator":null,"operatorType":"Not recorded","manufacturer":"Flock Safety","cameraType":null,"direction":null,"zone":null,"surveillance":"public","osmId":13634771520,"osmUrl":"https://www.openstreetmap.org/node/13634771520"}}},{"type":"Feature","geometry":{"type":"Point","coordinates":[-93.5320537,47.1989992]},"properties":{"id":"alpr-osm-13635062501","layer":"alpr","name":"ALPR camera","county":"Itasca County","state":"MN","countyFips":"27061","confidence":"probabilistic","sourceDate":null,"attributes":{"operator":null,"operatorType":"Not recorded","manufacturer":"Flock Safety","cameraType":"fixed","direction":"194","zone":"traffic","surveillance":"public","osmId":13635062501,"osmUrl":"https://www.openstreetmap.org/node/13635062501"}}},{"type":"Feature","geometry":{"type":"Point","coordinates":[-93.8136867,47.3394682]},"properties":{"id":"alpr-osm-13639267501","layer":"alpr","name":"ALPR camera","county":"Itasca County","state":"MN","countyFips":"27061","confidence":"probabilistic","sourceDate":null,"attributes":{"operator":null,"operatorType":"Not recorded","manufacturer":"Flock Safety","cameraType":"fixed","direction":"55","zone":"traffic","surveillance":"public","osmId":13639267501,"osmUrl":"https://www.openstreetmap.org/node/13639267501"}}},{"type":"Feature","geometry":{"type":"Point","coordinates":[-93.4018189,47.2923331]},"properties":{"id":"alpr-osm-13639490201","layer":"alpr","name":"ALPR camera","county":"Itasca County","state":"MN","countyFips":"27061","confidence":"probabilistic","sourceDate":null,"attributes":{"operator":null,"operatorType":"Not recorded","manufacturer":"Flock Safety","cameraType":"fixed","direction":"243","zone":"traffic","surveillance":"public","osmId":13639490201,"osmUrl":"https://www.openstreetmap.org/node/13639490201"}}},{"type":"Feature","geometry":{"type":"Point","coordinates":[-93.766687,45.0394648]},"properties":{"id":"alpr-osm-13644538901","layer":"alpr","name":"ALPR camera","county":"Hennepin County","state":"MN","countyFips":"27053","confidence":"probabilistic","sourceDate":null,"attributes":{"operator":null,"operatorType":"Not recorded","manufacturer":"Flock Safety","cameraType":"fixed","direction":"302","zone":"traffic","surveillance":"public","osmId":13644538901,"osmUrl":"https://www.openstreetmap.org/node/13644538901"}}},{"type":"Feature","geometry":{"type":"Point","coordinates":[-93.7666091,45.035328]},"properties":{"id":"alpr-osm-13644540601","layer":"alpr","name":"ALPR camera","county":"Hennepin County","state":"MN","countyFips":"27053","confidence":"probabilistic","sourceDate":null,"attributes":{"operator":null,"operatorType":"Not recorded","manufacturer":"Flock Safety","cameraType":"fixed","direction":"321","zone":"traffic","surveillance":"public","osmId":13644540601,"osmUrl":"https://www.openstreetmap.org/node/13644540601"}}},{"type":"Feature","geometry":{"type":"Point","coordinates":[-93.7670538,45.035729]},"properties":{"id":"alpr-osm-13644540801","layer":"alpr","name":"ALPR camera","county":"Wright County","state":"MN","countyFips":"27171","confidence":"probabilistic","sourceDate":null,"attributes":{"operator":null,"operatorType":"Not recorded","manufacturer":"Flock Safety","cameraType":"fixed","direction":"121","zone":"traffic","surveillance":"public","osmId":13644540801,"osmUrl":"https://www.openstreetmap.org/node/13644540801"}}},{"type":"Feature","geometry":{"type":"Point","coordinates":[-94.8755853,47.4390187]},"properties":{"id":"alpr-osm-13653755034","layer":"alpr","name":"ALPR camera — Minnesota State Patrol","county":"Beltrami County","state":"MN","countyFips":"27007","confidence":"probabilistic","sourceDate":null,"attributes":{"operator":"Minnesota State Patrol","operatorType":"State agency","manufacturer":"Flock Safety","cameraType":"fixed","direction":"290","zone":"traffic","surveillance":"public","osmId":13653755034,"osmUrl":"https://www.openstreetmap.org/node/13653755034"}}},{"type":"Feature","geometry":{"type":"Point","coordinates":[-95.0134024,47.5347618]},"properties":{"id":"alpr-osm-13653807186","layer":"alpr","name":"ALPR camera — Minnesota State Patrol","county":"Beltrami County","state":"MN","countyFips":"27007","confidence":"probabilistic","sourceDate":null,"attributes":{"operator":"Minnesota State Patrol","operatorType":"State agency","manufacturer":"Flock Safety","cameraType":"pole","direction":"180;0","zone":"traffic","surveillance":"public","osmId":13653807186,"osmUrl":"https://www.openstreetmap.org/node/13653807186"}}},{"type":"Feature","geometry":{"type":"Point","coordinates":[-93.7896137,45.3095154]},"properties":{"id":"alpr-osm-13656342902","layer":"alpr","name":"ALPR camera","county":"Sherburne County","state":"MN","countyFips":"27141","confidence":"probabilistic","sourceDate":null,"attributes":{"operator":null,"operatorType":"Not recorded","manufacturer":"Flock Safety","cameraType":"fixed","direction":"12","zone":"traffic","surveillance":"public","osmId":13656342902,"osmUrl":"https://www.openstreetmap.org/node/13656342902"}}},{"type":"Feature","geometry":{"type":"Point","coordinates":[-93.2491828,44.8882587]},"properties":{"id":"alpr-osm-13658460901","layer":"alpr","name":"ALPR camera","county":"Hennepin County","state":"MN","countyFips":"27053","confidence":"probabilistic","sourceDate":null,"attributes":{"operator":null,"operatorType":"Not recorded","manufacturer":"Flock Safety","cameraType":"fixed","direction":"54","zone":"traffic","surveillance":"public","osmId":13658460901,"osmUrl":"https://www.openstreetmap.org/node/13658460901"}}},{"type":"Feature","geometry":{"type":"Point","coordinates":[-93.2488191,44.887264]},"properties":{"id":"alpr-osm-13658465401","layer":"alpr","name":"ALPR camera","county":"Hennepin County","state":"MN","countyFips":"27053","confidence":"probabilistic","sourceDate":null,"attributes":{"operator":null,"operatorType":"Not recorded","manufacturer":"Flock Safety","cameraType":"fixed","direction":"22","zone":"traffic","surveillance":"public","osmId":13658465401,"osmUrl":"https://www.openstreetmap.org/node/13658465401"}}},{"type":"Feature","geometry":{"type":"Point","coordinates":[-93.3463631,44.9484418]},"properties":{"id":"alpr-osm-13659026252","layer":"alpr","name":"ALPR camera","county":"Hennepin County","state":"MN","countyFips":"27053","confidence":"probabilistic","sourceDate":null,"attributes":{"operator":null,"operatorType":"Not recorded","manufacturer":"Flock Safety","cameraType":"fixed","direction":null,"zone":"traffic","surveillance":"public","osmId":13659026252,"osmUrl":"https://www.openstreetmap.org/node/13659026252"}}},{"type":"Feature","geometry":{"type":"Point","coordinates":[-93.2094037,45.1056101]},"properties":{"id":"alpr-osm-13659262401","layer":"alpr","name":"ALPR camera","county":"Ramsey County","state":"MN","countyFips":"27123","confidence":"probabilistic","sourceDate":null,"attributes":{"operator":null,"operatorType":"Not recorded","manufacturer":"Flock Safety","cameraType":"fixed","direction":"293","zone":"traffic","surveillance":"public","osmId":13659262401,"osmUrl":"https://www.openstreetmap.org/node/13659262401"}}},{"type":"Feature","geometry":{"type":"Point","coordinates":[-93.4062581,44.9224295]},"properties":{"id":"alpr-osm-13667107101","layer":"alpr","name":"ALPR camera","county":"Hennepin County","state":"MN","countyFips":"27053","confidence":"probabilistic","sourceDate":null,"attributes":{"operator":null,"operatorType":"Not recorded","manufacturer":"Genetec","cameraType":"fixed","direction":"353","zone":"traffic","surveillance":"public","osmId":13667107101,"osmUrl":"https://www.openstreetmap.org/node/13667107101"}}},{"type":"Feature","geometry":{"type":"Point","coordinates":[-93.414089,44.9213825]},"properties":{"id":"alpr-osm-13667324201","layer":"alpr","name":"ALPR camera","county":"Hennepin County","state":"MN","countyFips":"27053","confidence":"probabilistic","sourceDate":null,"attributes":{"operator":null,"operatorType":"Not recorded","manufacturer":"Genetec","cameraType":"fixed","direction":"349","zone":"traffic","surveillance":"public","osmId":13667324201,"osmUrl":"https://www.openstreetmap.org/node/13667324201"}}},{"type":"Feature","geometry":{"type":"Point","coordinates":[-93.4141897,44.9204334]},"properties":{"id":"alpr-osm-13667324202","layer":"alpr","name":"ALPR camera","county":"Hennepin County","state":"MN","countyFips":"27053","confidence":"probabilistic","sourceDate":null,"attributes":{"operator":null,"operatorType":"Not recorded","manufacturer":"Genetec","cameraType":"fixed","direction":"182","zone":"traffic","surveillance":"public","osmId":13667324202,"osmUrl":"https://www.openstreetmap.org/node/13667324202"}}},{"type":"Feature","geometry":{"type":"Point","coordinates":[-93.3317952,44.9482653]},"properties":{"id":"alpr-osm-13667801201","layer":"alpr","name":"ALPR camera","county":"Hennepin County","state":"MN","countyFips":"27053","confidence":"probabilistic","sourceDate":null,"attributes":{"operator":null,"operatorType":"Not recorded","manufacturer":"Flock Safety","cameraType":"fixed","direction":"285","zone":"traffic","surveillance":"public","osmId":13667801201,"osmUrl":"https://www.openstreetmap.org/node/13667801201"}}},{"type":"Feature","geometry":{"type":"Point","coordinates":[-93.2803038,44.7504824]},"properties":{"id":"alpr-osm-13676529901","layer":"alpr","name":"ALPR camera","county":"Dakota County","state":"MN","countyFips":"27037","confidence":"probabilistic","sourceDate":null,"attributes":{"operator":null,"operatorType":"Not recorded","manufacturer":"Flock Safety","cameraType":"fixed","direction":"225;143","zone":"traffic","surveillance":"public","osmId":13676529901,"osmUrl":"https://www.openstreetmap.org/node/13676529901"}}},{"type":"Feature","geometry":{"type":"Point","coordinates":[-93.2826816,44.7489684]},"properties":{"id":"alpr-osm-13676530102","layer":"alpr","name":"ALPR camera","county":"Dakota County","state":"MN","countyFips":"27037","confidence":"probabilistic","sourceDate":null,"attributes":{"operator":null,"operatorType":"Not recorded","manufacturer":"Flock Safety","cameraType":"fixed","direction":"111","zone":"traffic","surveillance":"public","osmId":13676530102,"osmUrl":"https://www.openstreetmap.org/node/13676530102"}}},{"type":"Feature","geometry":{"type":"Point","coordinates":[-93.2799828,44.7499802]},"properties":{"id":"alpr-osm-13676530501","layer":"alpr","name":"ALPR camera","county":"Dakota County","state":"MN","countyFips":"27037","confidence":"probabilistic","sourceDate":null,"attributes":{"operator":null,"operatorType":"Not recorded","manufacturer":"Flock Safety","cameraType":"fixed","direction":"359;268;180","zone":"traffic","surveillance":"public","osmId":13676530501,"osmUrl":"https://www.openstreetmap.org/node/13676530501"}}},{"type":"Feature","geometry":{"type":"Point","coordinates":[-92.5334965,47.4755568]},"properties":{"id":"alpr-osm-13679615801","layer":"alpr","name":"ALPR camera","county":"St. Louis County","state":"MN","countyFips":"27137","confidence":"probabilistic","sourceDate":null,"attributes":{"operator":null,"operatorType":"Not recorded","manufacturer":"Flock Safety","cameraType":"dome","direction":"0-360","zone":null,"surveillance":"public","osmId":13679615801,"osmUrl":"https://www.openstreetmap.org/node/13679615801"}}},{"type":"Feature","geometry":{"type":"Point","coordinates":[-92.6002217,47.4595502]},"properties":{"id":"alpr-osm-13679684101","layer":"alpr","name":"ALPR camera","county":"St. Louis County","state":"MN","countyFips":"27137","confidence":"probabilistic","sourceDate":null,"attributes":{"operator":null,"operatorType":"Not recorded","manufacturer":"Flock Safety","cameraType":"fixed","direction":"5","zone":"traffic","surveillance":"public","osmId":13679684101,"osmUrl":"https://www.openstreetmap.org/node/13679684101"}}},{"type":"Feature","geometry":{"type":"Point","coordinates":[-93.0190883,45.0137734]},"properties":{"id":"alpr-osm-13682716801","layer":"alpr","name":"ALPR camera","county":"Ramsey County","state":"MN","countyFips":"27123","confidence":"probabilistic","sourceDate":null,"attributes":{"operator":null,"operatorType":"Not recorded","manufacturer":"Flock Safety","cameraType":"fixed","direction":"180","zone":"traffic","surveillance":"public","osmId":13682716801,"osmUrl":"https://www.openstreetmap.org/node/13682716801"}}},{"type":"Feature","geometry":{"type":"Point","coordinates":[-93.3465925,45.1977053]},"properties":{"id":"alpr-osm-13683542601","layer":"alpr","name":"ALPR camera","county":"Anoka County","state":"MN","countyFips":"27003","confidence":"probabilistic","sourceDate":null,"attributes":{"operator":null,"operatorType":"Not recorded","manufacturer":"Flock Safety","cameraType":"fixed","direction":"335","zone":"traffic","surveillance":"public","osmId":13683542601,"osmUrl":"https://www.openstreetmap.org/node/13683542601"}}},{"type":"Feature","geometry":{"type":"Point","coordinates":[-94.8765363,47.4389815]},"properties":{"id":"alpr-osm-13683855577","layer":"alpr","name":"ALPR camera — Minnesota State Patrol","county":"Beltrami County","state":"MN","countyFips":"27007","confidence":"probabilistic","sourceDate":null,"attributes":{"operator":"Minnesota State Patrol","operatorType":"State agency","manufacturer":"Flock Safety","cameraType":"fixed","direction":"110","zone":"traffic","surveillance":"public","osmId":13683855577,"osmUrl":"https://www.openstreetmap.org/node/13683855577"}}},{"type":"Feature","geometry":{"type":"Point","coordinates":[-94.9403092,47.5030924]},"properties":{"id":"alpr-osm-13683855578","layer":"alpr","name":"ALPR camera — Minnesota State Patrol","county":"Beltrami County","state":"MN","countyFips":"27007","confidence":"probabilistic","sourceDate":null,"attributes":{"operator":"Minnesota State Patrol","operatorType":"State agency","manufacturer":"Flock Safety","cameraType":"fixed","direction":"110","zone":"traffic","surveillance":"public","osmId":13683855578,"osmUrl":"https://www.openstreetmap.org/node/13683855578"}}},{"type":"Feature","geometry":{"type":"Point","coordinates":[-94.8801036,47.4909478]},"properties":{"id":"alpr-osm-13683855579","layer":"alpr","name":"ALPR camera — Minnesota State Patrol / Paul Bunyan Task Force","county":"Beltrami County","state":"MN","countyFips":"27007","confidence":"probabilistic","sourceDate":null,"attributes":{"operator":"Minnesota State Patrol / Paul Bunyan Task Force","operatorType":"State agency","manufacturer":"Flock Safety","cameraType":"fixed","direction":"270","zone":"traffic","surveillance":"public","osmId":13683855579,"osmUrl":"https://www.openstreetmap.org/node/13683855579"}}},{"type":"Feature","geometry":{"type":"Point","coordinates":[-92.9873555,45.2793254]},"properties":{"id":"alpr-osm-13686483001","layer":"alpr","name":"ALPR camera","county":"Washington County","state":"MN","countyFips":"27163","confidence":"probabilistic","sourceDate":null,"attributes":{"operator":null,"operatorType":"Not recorded","manufacturer":"Flock Safety","cameraType":"fixed","direction":"253","zone":"traffic","surveillance":"public","osmId":13686483001,"osmUrl":"https://www.openstreetmap.org/node/13686483001"}}},{"type":"Feature","geometry":{"type":"Point","coordinates":[-93.3786833,44.9136754]},"properties":{"id":"alpr-osm-13686750401","layer":"alpr","name":"ALPR camera","county":"Hennepin County","state":"MN","countyFips":"27053","confidence":"probabilistic","sourceDate":null,"attributes":{"operator":null,"operatorType":"Not recorded","manufacturer":"Flock Safety","cameraType":"fixed","direction":"336","zone":"traffic","surveillance":"public","osmId":13686750401,"osmUrl":"https://www.openstreetmap.org/node/13686750401"}}},{"type":"Feature","geometry":{"type":"Point","coordinates":[-93.103615,44.9559344]},"properties":{"id":"alpr-osm-13687013501","layer":"alpr","name":"ALPR camera","county":"Ramsey County","state":"MN","countyFips":"27123","confidence":"probabilistic","sourceDate":null,"attributes":{"operator":null,"operatorType":"Not recorded","manufacturer":"Flock Safety","cameraType":"fixed","direction":"179","zone":"traffic","surveillance":"public","osmId":13687013501,"osmUrl":"https://www.openstreetmap.org/node/13687013501"}}},{"type":"Feature","geometry":{"type":"Point","coordinates":[-93.1038903,44.9559247]},"properties":{"id":"alpr-osm-13687013701","layer":"alpr","name":"ALPR camera","county":"Ramsey County","state":"MN","countyFips":"27123","confidence":"probabilistic","sourceDate":null,"attributes":{"operator":null,"operatorType":"Not recorded","manufacturer":"Flock Safety","cameraType":"fixed","direction":"93","zone":"traffic","surveillance":"public","osmId":13687013701,"osmUrl":"https://www.openstreetmap.org/node/13687013701"}}},{"type":"Feature","geometry":{"type":"Point","coordinates":[-93.3540651,44.8641728]},"properties":{"id":"alpr-osm-13687165801","layer":"alpr","name":"ALPR camera","county":"Hennepin County","state":"MN","countyFips":"27053","confidence":"probabilistic","sourceDate":null,"attributes":{"operator":null,"operatorType":"Not recorded","manufacturer":"Flock Safety","cameraType":"fixed","direction":"148","zone":"traffic","surveillance":"public","osmId":13687165801,"osmUrl":"https://www.openstreetmap.org/node/13687165801"}}},{"type":"Feature","geometry":{"type":"Point","coordinates":[-94.2220969,45.6626395]},"properties":{"id":"alpr-osm-13689598101","layer":"alpr","name":"ALPR camera","county":"Stearns County","state":"MN","countyFips":"27145","confidence":"probabilistic","sourceDate":null,"attributes":{"operator":null,"operatorType":"Not recorded","manufacturer":null,"cameraType":"fixed","direction":"220","zone":"traffic","surveillance":"public","osmId":13689598101,"osmUrl":"https://www.openstreetmap.org/node/13689598101"}}},{"type":"Feature","geometry":{"type":"Point","coordinates":[-93.4421561,44.9676915]},"properties":{"id":"alpr-osm-13695366402","layer":"alpr","name":"ALPR camera","county":"Hennepin County","state":"MN","countyFips":"27053","confidence":"probabilistic","sourceDate":null,"attributes":{"operator":null,"operatorType":"Not recorded","manufacturer":"Flock Safety","cameraType":"fixed","direction":"118","zone":"traffic","surveillance":"public","osmId":13695366402,"osmUrl":"https://www.openstreetmap.org/node/13695366402"}}},{"type":"Feature","geometry":{"type":"Point","coordinates":[-93.4330293,44.9675027]},"properties":{"id":"alpr-osm-13695375302","layer":"alpr","name":"ALPR camera","county":"Hennepin County","state":"MN","countyFips":"27053","confidence":"probabilistic","sourceDate":null,"attributes":{"operator":null,"operatorType":"Not recorded","manufacturer":"Flock Safety","cameraType":"fixed","direction":"156","zone":"traffic","surveillance":"public","osmId":13695375302,"osmUrl":"https://www.openstreetmap.org/node/13695375302"}}},{"type":"Feature","geometry":{"type":"Point","coordinates":[-93.3855403,45.1081074]},"properties":{"id":"alpr-osm-13695375312","layer":"alpr","name":"ALPR camera","county":"Hennepin County","state":"MN","countyFips":"27053","confidence":"probabilistic","sourceDate":null,"attributes":{"operator":null,"operatorType":"Not recorded","manufacturer":"Flock Safety","cameraType":"fixed","direction":"329","zone":"traffic","surveillance":"public","osmId":13695375312,"osmUrl":"https://www.openstreetmap.org/node/13695375312"}}},{"type":"Feature","geometry":{"type":"Point","coordinates":[-93.385949,45.1080926]},"properties":{"id":"alpr-osm-13695379601","layer":"alpr","name":"ALPR camera","county":"Hennepin County","state":"MN","countyFips":"27053","confidence":"probabilistic","sourceDate":null,"attributes":{"operator":null,"operatorType":"Not recorded","manufacturer":"Flock Safety","cameraType":"fixed","direction":"324","zone":"traffic","surveillance":"public","osmId":13695379601,"osmUrl":"https://www.openstreetmap.org/node/13695379601"}}},{"type":"Feature","geometry":{"type":"Point","coordinates":[-93.3866241,45.1081781]},"properties":{"id":"alpr-osm-13695380203","layer":"alpr","name":"ALPR camera","county":"Hennepin County","state":"MN","countyFips":"27053","confidence":"probabilistic","sourceDate":null,"attributes":{"operator":null,"operatorType":"Not recorded","manufacturer":"Flock Safety","cameraType":"fixed","direction":"347","zone":"traffic","surveillance":"public","osmId":13695380203,"osmUrl":"https://www.openstreetmap.org/node/13695380203"}}},{"type":"Feature","geometry":{"type":"Point","coordinates":[-93.3708178,45.0547759]},"properties":{"id":"alpr-osm-13695463901","layer":"alpr","name":"ALPR camera","county":"Hennepin County","state":"MN","countyFips":"27053","confidence":"probabilistic","sourceDate":null,"attributes":{"operator":null,"operatorType":"Not recorded","manufacturer":"Flock Safety","cameraType":"fixed","direction":"242","zone":"traffic","surveillance":"public","osmId":13695463901,"osmUrl":"https://www.openstreetmap.org/node/13695463901"}}},{"type":"Feature","geometry":{"type":"Point","coordinates":[-92.4893474,44.0653631]},"properties":{"id":"alpr-osm-13695897206","layer":"alpr","name":"ALPR camera","county":"Olmsted County","state":"MN","countyFips":"27109","confidence":"probabilistic","sourceDate":null,"attributes":{"operator":null,"operatorType":"Not recorded","manufacturer":"Axon Enterprise","cameraType":"fixed","direction":"239","zone":"traffic","surveillance":"public","osmId":13695897206,"osmUrl":"https://www.openstreetmap.org/node/13695897206"}}},{"type":"Feature","geometry":{"type":"Point","coordinates":[-93.4184628,48.599475]},"properties":{"id":"alpr-osm-13700180401","layer":"alpr","name":"ALPR camera","county":"Koochiching County","state":"MN","countyFips":"27071","confidence":"probabilistic","sourceDate":null,"attributes":{"operator":null,"operatorType":"Not recorded","manufacturer":"Flock Safety","cameraType":"fixed","direction":"0","zone":"traffic","surveillance":"public","osmId":13700180401,"osmUrl":"https://www.openstreetmap.org/node/13700180401"}}},{"type":"Feature","geometry":{"type":"Point","coordinates":[-93.3469544,45.1974117]},"properties":{"id":"alpr-osm-13701860901","layer":"alpr","name":"ALPR camera","county":"Anoka County","state":"MN","countyFips":"27003","confidence":"probabilistic","sourceDate":null,"attributes":{"operator":null,"operatorType":"Not recorded","manufacturer":"Flock Safety","cameraType":"fixed","direction":"162","zone":"traffic","surveillance":"public","osmId":13701860901,"osmUrl":"https://www.openstreetmap.org/node/13701860901"}}},{"type":"Feature","geometry":{"type":"Point","coordinates":[-93.2414045,44.8530647]},"properties":{"id":"alpr-osm-13703978783","layer":"alpr","name":"ALPR camera","county":"Hennepin County","state":"MN","countyFips":"27053","confidence":"probabilistic","sourceDate":null,"attributes":{"operator":null,"operatorType":"Not recorded","manufacturer":null,"cameraType":"fixed","direction":null,"zone":"entrance;parking","surveillance":"indoor","osmId":13703978783,"osmUrl":"https://www.openstreetmap.org/node/13703978783"}}},{"type":"Feature","geometry":{"type":"Point","coordinates":[-95.128818,44.2129874]},"properties":{"id":"alpr-osm-13705370401","layer":"alpr","name":"ALPR camera","county":"Redwood County","state":"MN","countyFips":"27127","confidence":"probabilistic","sourceDate":null,"attributes":{"operator":null,"operatorType":"Not recorded","manufacturer":"Flock Safety","cameraType":"fixed","direction":"359","zone":"traffic","surveillance":"public","osmId":13705370401,"osmUrl":"https://www.openstreetmap.org/node/13705370401"}}},{"type":"Feature","geometry":{"type":"Point","coordinates":[-94.1275171,45.5564002]},"properties":{"id":"alpr-osm-13705505701","layer":"alpr","name":"ALPR camera","county":"Sherburne County","state":"MN","countyFips":"27141","confidence":"probabilistic","sourceDate":null,"attributes":{"operator":null,"operatorType":"Not recorded","manufacturer":"Flock Safety","cameraType":"fixed","direction":"124","zone":"traffic","surveillance":"public","osmId":13705505701,"osmUrl":"https://www.openstreetmap.org/node/13705505701"}}},{"type":"Feature","geometry":{"type":"Point","coordinates":[-92.9642264,44.8619644]},"properties":{"id":"alpr-osm-13706929101","layer":"alpr","name":"ALPR camera","county":"Washington County","state":"MN","countyFips":"27163","confidence":"probabilistic","sourceDate":null,"attributes":{"operator":null,"operatorType":"Not recorded","manufacturer":"Flock Safety","cameraType":"fixed","direction":"156","zone":"traffic","surveillance":"public","osmId":13706929101,"osmUrl":"https://www.openstreetmap.org/node/13706929101"}}},{"type":"Feature","geometry":{"type":"Point","coordinates":[-92.8527112,44.7493654]},"properties":{"id":"alpr-osm-13706930901","layer":"alpr","name":"ALPR camera","county":"Washington County","state":"MN","countyFips":"27163","confidence":"probabilistic","sourceDate":null,"attributes":{"operator":null,"operatorType":"Not recorded","manufacturer":"Motorola Solutions","cameraType":"fixed","direction":"341","zone":"traffic","surveillance":"public","osmId":13706930901,"osmUrl":"https://www.openstreetmap.org/node/13706930901"}}},{"type":"Feature","geometry":{"type":"Point","coordinates":[-92.9906596,44.850522]},"properties":{"id":"alpr-osm-13706931301","layer":"alpr","name":"ALPR camera","county":"Washington County","state":"MN","countyFips":"27163","confidence":"probabilistic","sourceDate":null,"attributes":{"operator":null,"operatorType":"Not recorded","manufacturer":"Motorola Solutions","cameraType":"fixed","direction":"202","zone":"traffic","surveillance":"public","osmId":13706931301,"osmUrl":"https://www.openstreetmap.org/node/13706931301"}}},{"type":"Feature","geometry":{"type":"Point","coordinates":[-93.9667625,44.2863732]},"properties":{"id":"alpr-osm-13706997701","layer":"alpr","name":"ALPR camera","county":"Le Sueur County","state":"MN","countyFips":"27079","confidence":"probabilistic","sourceDate":null,"attributes":{"operator":null,"operatorType":"Not recorded","manufacturer":"Axis Communications","cameraType":"fixed","direction":"307","zone":"traffic","surveillance":"public","osmId":13706997701,"osmUrl":"https://www.openstreetmap.org/node/13706997701"}}},{"type":"Feature","geometry":{"type":"Point","coordinates":[-93.9662686,44.2912657]},"properties":{"id":"alpr-osm-13706999601","layer":"alpr","name":"ALPR camera","county":"Le Sueur County","state":"MN","countyFips":"27079","confidence":"probabilistic","sourceDate":null,"attributes":{"operator":null,"operatorType":"Not recorded","manufacturer":"Flock Safety","cameraType":"fixed","direction":"359","zone":"traffic","surveillance":"public","osmId":13706999601,"osmUrl":"https://www.openstreetmap.org/node/13706999601"}}},{"type":"Feature","geometry":{"type":"Point","coordinates":[-92.0982381,46.7867818]},"properties":{"id":"alpr-osm-13716261089","layer":"alpr","name":"ALPR camera — Duluth Police Department","county":"St. Louis County","state":"MN","countyFips":"27137","confidence":"probabilistic","sourceDate":null,"attributes":{"operator":"Duluth Police Department","operatorType":"Police department","manufacturer":"Flock Safety","cameraType":"fixed","direction":"110","zone":"traffic","surveillance":"public","osmId":13716261089,"osmUrl":"https://www.openstreetmap.org/node/13716261089"}}},{"type":"Feature","geometry":{"type":"Point","coordinates":[-93.1957054,44.9180129]},"properties":{"id":"alpr-osm-13716408301","layer":"alpr","name":"ALPR camera","county":"Ramsey County","state":"MN","countyFips":"27123","confidence":"probabilistic","sourceDate":null,"attributes":{"operator":null,"operatorType":"Not recorded","manufacturer":"Flock Safety","cameraType":"fixed","direction":"246","zone":"traffic","surveillance":"public","osmId":13716408301,"osmUrl":"https://www.openstreetmap.org/node/13716408301"}}},{"type":"Feature","geometry":{"type":"Point","coordinates":[-92.9329647,44.8164279]},"properties":{"id":"alpr-osm-13717072401","layer":"alpr","name":"ALPR camera","county":"Washington County","state":"MN","countyFips":"27163","confidence":"probabilistic","sourceDate":null,"attributes":{"operator":null,"operatorType":"Not recorded","manufacturer":"Flock Safety","cameraType":"fixed","direction":"26","zone":"traffic","surveillance":"public","osmId":13717072401,"osmUrl":"https://www.openstreetmap.org/node/13717072401"}}},{"type":"Feature","geometry":{"type":"Point","coordinates":[-92.9318105,44.8174362]},"properties":{"id":"alpr-osm-13717073001","layer":"alpr","name":"ALPR camera","county":"Washington County","state":"MN","countyFips":"27163","confidence":"probabilistic","sourceDate":null,"attributes":{"operator":null,"operatorType":"Not recorded","manufacturer":"Flock Safety","cameraType":"fixed","direction":"116","zone":"traffic","surveillance":"public","osmId":13717073001,"osmUrl":"https://www.openstreetmap.org/node/13717073001"}}},{"type":"Feature","geometry":{"type":"Point","coordinates":[-93.5505223,45.2981098]},"properties":{"id":"alpr-osm-13717391395","layer":"alpr","name":"ALPR camera","county":"Sherburne County","state":"MN","countyFips":"27141","confidence":"probabilistic","sourceDate":null,"attributes":{"operator":null,"operatorType":"Not recorded","manufacturer":"Flock Safety","cameraType":"fixed","direction":"213;75","zone":"parking","surveillance":"public","osmId":13717391395,"osmUrl":"https://www.openstreetmap.org/node/13717391395"}}},{"type":"Feature","geometry":{"type":"Point","coordinates":[-93.5494583,45.2982165]},"properties":{"id":"alpr-osm-13717391396","layer":"alpr","name":"ALPR camera","county":"Sherburne County","state":"MN","countyFips":"27141","confidence":"probabilistic","sourceDate":null,"attributes":{"operator":null,"operatorType":"Not recorded","manufacturer":"Flock Safety","cameraType":"fixed","direction":"160","zone":"parking","surveillance":"public","osmId":13717391396,"osmUrl":"https://www.openstreetmap.org/node/13717391396"}}},{"type":"Feature","geometry":{"type":"Point","coordinates":[-93.549162,45.296749]},"properties":{"id":"alpr-osm-13717391397","layer":"alpr","name":"ALPR camera","county":"Sherburne County","state":"MN","countyFips":"27141","confidence":"probabilistic","sourceDate":null,"attributes":{"operator":null,"operatorType":"Not recorded","manufacturer":"Flock Safety","cameraType":"fixed","direction":"280;355","zone":"traffic","surveillance":"public","osmId":13717391397,"osmUrl":"https://www.openstreetmap.org/node/13717391397"}}},{"type":"Feature","geometry":{"type":"Point","coordinates":[-93.1569445,45.1650827]},"properties":{"id":"alpr-osm-13717414201","layer":"alpr","name":"ALPR camera","county":"Anoka County","state":"MN","countyFips":"27003","confidence":"probabilistic","sourceDate":null,"attributes":{"operator":null,"operatorType":"Not recorded","manufacturer":"Flock Safety","cameraType":"fixed","direction":"0;127","zone":"traffic","surveillance":"public","osmId":13717414201,"osmUrl":"https://www.openstreetmap.org/node/13717414201"}}},{"type":"Feature","geometry":{"type":"Point","coordinates":[-93.2874094,44.6968987]},"properties":{"id":"alpr-osm-13719550399","layer":"alpr","name":"ALPR camera","county":"Dakota County","state":"MN","countyFips":"27037","confidence":"probabilistic","sourceDate":null,"attributes":{"operator":null,"operatorType":"Not recorded","manufacturer":"Flock Safety","cameraType":"fixed","direction":"100","zone":"traffic","surveillance":"public","osmId":13719550399,"osmUrl":"https://www.openstreetmap.org/node/13719550399"}}},{"type":"Feature","geometry":{"type":"Point","coordinates":[-93.286008,44.7149362]},"properties":{"id":"alpr-osm-13719832002","layer":"alpr","name":"ALPR camera","county":"Dakota County","state":"MN","countyFips":"27037","confidence":"probabilistic","sourceDate":null,"attributes":{"operator":null,"operatorType":"Not recorded","manufacturer":"Flock Safety","cameraType":"fixed","direction":"255","zone":"traffic","surveillance":"public","osmId":13719832002,"osmUrl":"https://www.openstreetmap.org/node/13719832002"}}},{"type":"Feature","geometry":{"type":"Point","coordinates":[-93.4122807,44.9619668]},"properties":{"id":"alpr-osm-13719892001","layer":"alpr","name":"ALPR camera","county":"Hennepin County","state":"MN","countyFips":"27053","confidence":"probabilistic","sourceDate":null,"attributes":{"operator":null,"operatorType":"Not recorded","manufacturer":"Flock Safety","cameraType":"fixed","direction":"21","zone":"traffic","surveillance":"public","osmId":13719892001,"osmUrl":"https://www.openstreetmap.org/node/13719892001"}}},{"type":"Feature","geometry":{"type":"Point","coordinates":[-93.5359418,44.9226222]},"properties":{"id":"alpr-osm-13720720702","layer":"alpr","name":"ALPR camera","county":"Hennepin County","state":"MN","countyFips":"27053","confidence":"probabilistic","sourceDate":null,"attributes":{"operator":null,"operatorType":"Not recorded","manufacturer":"Flock Safety","cameraType":"fixed","direction":"34","zone":"traffic","surveillance":"public","osmId":13720720702,"osmUrl":"https://www.openstreetmap.org/node/13720720702"}}},{"type":"Feature","geometry":{"type":"Point","coordinates":[-93.5126098,44.9420658]},"properties":{"id":"alpr-osm-13720742501","layer":"alpr","name":"ALPR camera","county":"Hennepin County","state":"MN","countyFips":"27053","confidence":"probabilistic","sourceDate":null,"attributes":{"operator":null,"operatorType":"Not recorded","manufacturer":"Flock Safety","cameraType":"fixed","direction":"153","zone":"traffic","surveillance":"public","osmId":13720742501,"osmUrl":"https://www.openstreetmap.org/node/13720742501"}}},{"type":"Feature","geometry":{"type":"Point","coordinates":[-93.5077609,44.9422133]},"properties":{"id":"alpr-osm-13720744301","layer":"alpr","name":"ALPR camera","county":"Hennepin County","state":"MN","countyFips":"27053","confidence":"probabilistic","sourceDate":null,"attributes":{"operator":null,"operatorType":"Not recorded","manufacturer":"Flock Safety","cameraType":"fixed","direction":"248","zone":"traffic","surveillance":"public","osmId":13720744301,"osmUrl":"https://www.openstreetmap.org/node/13720744301"}}},{"type":"Feature","geometry":{"type":"Point","coordinates":[-93.6875951,45.0167633]},"properties":{"id":"alpr-osm-13720806101","layer":"alpr","name":"ALPR camera","county":"Hennepin County","state":"MN","countyFips":"27053","confidence":"probabilistic","sourceDate":null,"attributes":{"operator":null,"operatorType":"Not recorded","manufacturer":"Flock Safety","cameraType":"fixed","direction":"258","zone":"traffic","surveillance":"public","osmId":13720806101,"osmUrl":"https://www.openstreetmap.org/node/13720806101"}}},{"type":"Feature","geometry":{"type":"Point","coordinates":[-93.6339552,45.0654087]},"properties":{"id":"alpr-osm-13720821301","layer":"alpr","name":"ALPR camera","county":"Hennepin County","state":"MN","countyFips":"27053","confidence":"probabilistic","sourceDate":null,"attributes":{"operator":null,"operatorType":"Not recorded","manufacturer":"Flock Safety","cameraType":"fixed","direction":"70","zone":"traffic","surveillance":"public","osmId":13720821301,"osmUrl":"https://www.openstreetmap.org/node/13720821301"}}},{"type":"Feature","geometry":{"type":"Point","coordinates":[-93.798262,45.2995849]},"properties":{"id":"alpr-osm-13722027801","layer":"alpr","name":"ALPR camera","county":"Wright County","state":"MN","countyFips":"27171","confidence":"probabilistic","sourceDate":null,"attributes":{"operator":null,"operatorType":"Not recorded","manufacturer":"Flock Safety","cameraType":"fixed","direction":"359","zone":"traffic","surveillance":"public","osmId":13722027801,"osmUrl":"https://www.openstreetmap.org/node/13722027801"}}},{"type":"Feature","geometry":{"type":"Point","coordinates":[-92.9403743,44.9415169]},"properties":{"id":"alpr-osm-13726361301","layer":"alpr","name":"ALPR camera","county":"Washington County","state":"MN","countyFips":"27163","confidence":"probabilistic","sourceDate":null,"attributes":{"operator":null,"operatorType":"Not recorded","manufacturer":"Flock Safety","cameraType":"fixed","direction":"346","zone":"traffic","surveillance":"public","osmId":13726361301,"osmUrl":"https://www.openstreetmap.org/node/13726361301"}}},{"type":"Feature","geometry":{"type":"Point","coordinates":[-92.9391432,44.9415198]},"properties":{"id":"alpr-osm-13726415001","layer":"alpr","name":"ALPR camera","county":"Washington County","state":"MN","countyFips":"27163","confidence":"probabilistic","sourceDate":null,"attributes":{"operator":null,"operatorType":"Not recorded","manufacturer":"Flock Safety","cameraType":"fixed","direction":"342","zone":"traffic","surveillance":"public","osmId":13726415001,"osmUrl":"https://www.openstreetmap.org/node/13726415001"}}},{"type":"Feature","geometry":{"type":"Point","coordinates":[-95.7267415,44.9369921]},"properties":{"id":"alpr-osm-13727861101","layer":"alpr","name":"ALPR camera","county":"Chippewa County","state":"MN","countyFips":"27023","confidence":"probabilistic","sourceDate":null,"attributes":{"operator":null,"operatorType":"Not recorded","manufacturer":"Flock Safety","cameraType":"fixed","direction":"293","zone":"traffic","surveillance":"public","osmId":13727861101,"osmUrl":"https://www.openstreetmap.org/node/13727861101"}}},{"type":"Feature","geometry":{"type":"Point","coordinates":[-93.5177181,44.9702414]},"properties":{"id":"alpr-osm-13728339501","layer":"alpr","name":"ALPR camera","county":"Hennepin County","state":"MN","countyFips":"27053","confidence":"probabilistic","sourceDate":null,"attributes":{"operator":null,"operatorType":"Not recorded","manufacturer":"Flock Safety","cameraType":"fixed","direction":"69","zone":"traffic","surveillance":"public","osmId":13728339501,"osmUrl":"https://www.openstreetmap.org/node/13728339501"}}},{"type":"Feature","geometry":{"type":"Point","coordinates":[-92.8053161,45.0548437]},"properties":{"id":"alpr-osm-13730348301","layer":"alpr","name":"ALPR camera","county":"Washington County","state":"MN","countyFips":"27163","confidence":"probabilistic","sourceDate":null,"attributes":{"operator":null,"operatorType":"Not recorded","manufacturer":"Flock Safety","cameraType":"fixed","direction":"164","zone":"traffic","surveillance":"public","osmId":13730348301,"osmUrl":"https://www.openstreetmap.org/node/13730348301"}}},{"type":"Feature","geometry":{"type":"Point","coordinates":[-92.805664,45.0557293]},"properties":{"id":"alpr-osm-13730400001","layer":"alpr","name":"ALPR camera","county":"Washington County","state":"MN","countyFips":"27163","confidence":"probabilistic","sourceDate":null,"attributes":{"operator":null,"operatorType":"Not recorded","manufacturer":"Flock Safety","cameraType":"fixed","direction":"313","zone":"traffic","surveillance":"public","osmId":13730400001,"osmUrl":"https://www.openstreetmap.org/node/13730400001"}}},{"type":"Feature","geometry":{"type":"Point","coordinates":[-92.8062337,45.0564742]},"properties":{"id":"alpr-osm-13730401201","layer":"alpr","name":"ALPR camera","county":"Washington County","state":"MN","countyFips":"27163","confidence":"probabilistic","sourceDate":null,"attributes":{"operator":null,"operatorType":"Not recorded","manufacturer":"Flock Safety","cameraType":"fixed","direction":"26","zone":"traffic","surveillance":"public","osmId":13730401201,"osmUrl":"https://www.openstreetmap.org/node/13730401201"}}},{"type":"Feature","geometry":{"type":"Point","coordinates":[-92.8067507,45.0565711]},"properties":{"id":"alpr-osm-13730402401","layer":"alpr","name":"ALPR camera","county":"Washington County","state":"MN","countyFips":"27163","confidence":"probabilistic","sourceDate":null,"attributes":{"operator":null,"operatorType":"Not recorded","manufacturer":"Flock Safety","cameraType":"fixed","direction":"237;153;77","zone":"traffic","surveillance":"public","osmId":13730402401,"osmUrl":"https://www.openstreetmap.org/node/13730402401"}}},{"type":"Feature","geometry":{"type":"Point","coordinates":[-92.8058112,45.0588031]},"properties":{"id":"alpr-osm-13730402402","layer":"alpr","name":"ALPR camera","county":"Washington County","state":"MN","countyFips":"27163","confidence":"probabilistic","sourceDate":null,"attributes":{"operator":null,"operatorType":"Not recorded","manufacturer":"Flock Safety","cameraType":"fixed","direction":"111;172;237;41","zone":"traffic","surveillance":"public","osmId":13730402402,"osmUrl":"https://www.openstreetmap.org/node/13730402402"}}},{"type":"Feature","geometry":{"type":"Point","coordinates":[-92.8067507,45.0565711]},"properties":{"id":"alpr-osm-13730404301","layer":"alpr","name":"ALPR camera","county":"Washington County","state":"MN","countyFips":"27163","confidence":"probabilistic","sourceDate":null,"attributes":{"operator":null,"operatorType":"Not recorded","manufacturer":"Flock Safety","cameraType":"fixed","direction":"237;153;77","zone":"traffic","surveillance":"public","osmId":13730404301,"osmUrl":"https://www.openstreetmap.org/node/13730404301"}}},{"type":"Feature","geometry":{"type":"Point","coordinates":[-92.8070586,45.0570805]},"properties":{"id":"alpr-osm-13730409301","layer":"alpr","name":"ALPR camera","county":"Washington County","state":"MN","countyFips":"27163","confidence":"probabilistic","sourceDate":null,"attributes":{"operator":null,"operatorType":"Not recorded","manufacturer":"Flock Safety","cameraType":"fixed","direction":"51;0;286","zone":"traffic","surveillance":"public","osmId":13730409301,"osmUrl":"https://www.openstreetmap.org/node/13730409301"}}},{"type":"Feature","geometry":{"type":"Point","coordinates":[-92.8052038,45.0568151]},"properties":{"id":"alpr-osm-13730412901","layer":"alpr","name":"ALPR camera","county":"Washington County","state":"MN","countyFips":"27163","confidence":"probabilistic","sourceDate":null,"attributes":{"operator":null,"operatorType":"Not recorded","manufacturer":"Flock Safety","cameraType":"fixed","direction":"359;51;114;158;0","zone":"traffic","surveillance":"public","osmId":13730412901,"osmUrl":"https://www.openstreetmap.org/node/13730412901"}}},{"type":"Feature","geometry":{"type":"Point","coordinates":[-92.8048862,45.0562801]},"properties":{"id":"alpr-osm-13730413701","layer":"alpr","name":"ALPR camera","county":"Washington County","state":"MN","countyFips":"27163","confidence":"probabilistic","sourceDate":null,"attributes":{"operator":null,"operatorType":"Not recorded","manufacturer":"Flock Safety","cameraType":"fixed","direction":"166;103;34","zone":"traffic","surveillance":"public","osmId":13730413701,"osmUrl":"https://www.openstreetmap.org/node/13730413701"}}},{"type":"Feature","geometry":{"type":"Point","coordinates":[-92.8042023,45.0545171]},"properties":{"id":"alpr-osm-13730414101","layer":"alpr","name":"ALPR camera","county":"Washington County","state":"MN","countyFips":"27163","confidence":"probabilistic","sourceDate":null,"attributes":{"operator":null,"operatorType":"Not recorded","manufacturer":"Flock Safety","cameraType":"fixed","direction":"252;318;25;96;0","zone":"traffic","surveillance":"public","osmId":13730414101,"osmUrl":"https://www.openstreetmap.org/node/13730414101"}}},{"type":"Feature","geometry":{"type":"Point","coordinates":[-92.8034629,45.0563448]},"properties":{"id":"alpr-osm-13730415202","layer":"alpr","name":"ALPR camera","county":"Washington County","state":"MN","countyFips":"27163","confidence":"probabilistic","sourceDate":null,"attributes":{"operator":null,"operatorType":"Not recorded","manufacturer":"Flock Safety","cameraType":"fixed","direction":"64","zone":"traffic","surveillance":"public","osmId":13730415202,"osmUrl":"https://www.openstreetmap.org/node/13730415202"}}},{"type":"Feature","geometry":{"type":"Point","coordinates":[-92.8028318,45.0565792]},"properties":{"id":"alpr-osm-13730415802","layer":"alpr","name":"ALPR camera","county":"Washington County","state":"MN","countyFips":"27163","confidence":"probabilistic","sourceDate":null,"attributes":{"operator":null,"operatorType":"Not recorded","manufacturer":"Flock Safety","cameraType":"fixed","direction":"238","zone":"traffic","surveillance":"public","osmId":13730415802,"osmUrl":"https://www.openstreetmap.org/node/13730415802"}}},{"type":"Feature","geometry":{"type":"Point","coordinates":[-92.8088061,45.0561505]},"properties":{"id":"alpr-osm-13730436502","layer":"alpr","name":"ALPR camera","county":"Washington County","state":"MN","countyFips":"27163","confidence":"probabilistic","sourceDate":null,"attributes":{"operator":null,"operatorType":"Not recorded","manufacturer":"Flock Safety","cameraType":"fixed","direction":"103;172;238","zone":"traffic","surveillance":"public","osmId":13730436502,"osmUrl":"https://www.openstreetmap.org/node/13730436502"}}},{"type":"Feature","geometry":{"type":"Point","coordinates":[-92.8024408,45.0566905]},"properties":{"id":"alpr-osm-13730441401","layer":"alpr","name":"ALPR camera","county":"Washington County","state":"MN","countyFips":"27163","confidence":"probabilistic","sourceDate":null,"attributes":{"operator":null,"operatorType":"Not recorded","manufacturer":"Flock Safety","cameraType":"fixed","direction":"242","zone":"traffic","surveillance":"public","osmId":13730441401,"osmUrl":"https://www.openstreetmap.org/node/13730441401"}}},{"type":"Feature","geometry":{"type":"Point","coordinates":[-92.808438,45.0553724]},"properties":{"id":"alpr-osm-13730444501","layer":"alpr","name":"ALPR camera","county":"Washington County","state":"MN","countyFips":"27163","confidence":"probabilistic","sourceDate":null,"attributes":{"operator":null,"operatorType":"Not recorded","manufacturer":"Flock Safety","cameraType":"fixed","direction":"108;168;236","zone":"traffic","surveillance":"public","osmId":13730444501,"osmUrl":"https://www.openstreetmap.org/node/13730444501"}}},{"type":"Feature","geometry":{"type":"Point","coordinates":[-92.8083367,45.0541862]},"properties":{"id":"alpr-osm-13730444801","layer":"alpr","name":"ALPR camera","county":"Washington County","state":"MN","countyFips":"27163","confidence":"probabilistic","sourceDate":null,"attributes":{"operator":null,"operatorType":"Not recorded","manufacturer":"Flock Safety","cameraType":"fixed","direction":"298;10;77;136","zone":"traffic","surveillance":"public","osmId":13730444801,"osmUrl":"https://www.openstreetmap.org/node/13730444801"}}},{"type":"Feature","geometry":{"type":"Point","coordinates":[-92.8502485,45.032753]},"properties":{"id":"alpr-osm-13730476801","layer":"alpr","name":"ALPR camera","county":"Washington County","state":"MN","countyFips":"27163","confidence":"probabilistic","sourceDate":null,"attributes":{"operator":null,"operatorType":"Not recorded","manufacturer":"Flock Safety","cameraType":"fixed","direction":"34;101;166;230","zone":"traffic","surveillance":"public","osmId":13730476801,"osmUrl":"https://www.openstreetmap.org/node/13730476801"}}},{"type":"Feature","geometry":{"type":"Point","coordinates":[-92.8477461,45.035155]},"properties":{"id":"alpr-osm-13730477101","layer":"alpr","name":"ALPR camera","county":"Washington County","state":"MN","countyFips":"27163","confidence":"probabilistic","sourceDate":null,"attributes":{"operator":null,"operatorType":"Not recorded","manufacturer":"Flock Safety","cameraType":"fixed","direction":"318;22;80;136;197","zone":"traffic","surveillance":"public","osmId":13730477101,"osmUrl":"https://www.openstreetmap.org/node/13730477101"}}},{"type":"Feature","geometry":{"type":"Point","coordinates":[-92.8628361,44.9923324]},"properties":{"id":"alpr-osm-13730506401","layer":"alpr","name":"ALPR camera","county":"Washington County","state":"MN","countyFips":"27163","confidence":"probabilistic","sourceDate":null,"attributes":{"operator":null,"operatorType":"Not recorded","manufacturer":"Flock Safety","cameraType":"fixed","direction":"0","zone":"traffic","surveillance":"public","osmId":13730506401,"osmUrl":"https://www.openstreetmap.org/node/13730506401"}}},{"type":"Feature","geometry":{"type":"Point","coordinates":[-92.8628157,44.9927312]},"properties":{"id":"alpr-osm-13730506402","layer":"alpr","name":"ALPR camera","county":"Washington County","state":"MN","countyFips":"27163","confidence":"probabilistic","sourceDate":null,"attributes":{"operator":null,"operatorType":"Not recorded","manufacturer":"Flock Safety","cameraType":"fixed","direction":"179","zone":"traffic","surveillance":"public","osmId":13730506402,"osmUrl":"https://www.openstreetmap.org/node/13730506402"}}},{"type":"Feature","geometry":{"type":"Point","coordinates":[-92.8625007,44.9925595]},"properties":{"id":"alpr-osm-13730512301","layer":"alpr","name":"ALPR camera","county":"Washington County","state":"MN","countyFips":"27163","confidence":"probabilistic","sourceDate":null,"attributes":{"operator":null,"operatorType":"Not recorded","manufacturer":"Flock Safety","cameraType":"fixed","direction":"266","zone":"traffic","surveillance":"public","osmId":13730512301,"osmUrl":"https://www.openstreetmap.org/node/13730512301"}}},{"type":"Feature","geometry":{"type":"Point","coordinates":[-92.8631435,44.99256]},"properties":{"id":"alpr-osm-13730513101","layer":"alpr","name":"ALPR camera","county":"Washington County","state":"MN","countyFips":"27163","confidence":"probabilistic","sourceDate":null,"attributes":{"operator":null,"operatorType":"Not recorded","manufacturer":"Flock Safety","cameraType":"fixed","direction":"98","zone":"traffic","surveillance":"public","osmId":13730513101,"osmUrl":"https://www.openstreetmap.org/node/13730513101"}}},{"type":"Feature","geometry":{"type":"Point","coordinates":[-92.8626139,44.9927072]},"properties":{"id":"alpr-osm-13730542801","layer":"alpr","name":"ALPR camera","county":"Washington County","state":"MN","countyFips":"27163","confidence":"probabilistic","sourceDate":null,"attributes":{"operator":null,"operatorType":"Not recorded","manufacturer":"Flock Safety","cameraType":"fixed","direction":"0;69;126;184;245;302","zone":"traffic","surveillance":"public","osmId":13730542801,"osmUrl":"https://www.openstreetmap.org/node/13730542801"}}},{"type":"Feature","geometry":{"type":"Point","coordinates":[-92.9321128,44.9381299]},"properties":{"id":"alpr-osm-13730547503","layer":"alpr","name":"ALPR camera","county":"Washington County","state":"MN","countyFips":"27163","confidence":"probabilistic","sourceDate":null,"attributes":{"operator":null,"operatorType":"Not recorded","manufacturer":"Flock Safety","cameraType":"fixed","direction":"0","zone":"traffic","surveillance":"public","osmId":13730547503,"osmUrl":"https://www.openstreetmap.org/node/13730547503"}}},{"type":"Feature","geometry":{"type":"Point","coordinates":[-95.0428625,45.1105187]},"properties":{"id":"alpr-osm-13730647303","layer":"alpr","name":"ALPR camera","county":"Kandiyohi County","state":"MN","countyFips":"27067","confidence":"probabilistic","sourceDate":null,"attributes":{"operator":null,"operatorType":"Not recorded","manufacturer":"Flock Safety","cameraType":"fixed","direction":"57","zone":"traffic","surveillance":"public","osmId":13730647303,"osmUrl":"https://www.openstreetmap.org/node/13730647303"}}},{"type":"Feature","geometry":{"type":"Point","coordinates":[-95.0380632,45.1105162]},"properties":{"id":"alpr-osm-13730652401","layer":"alpr","name":"ALPR camera","county":"Kandiyohi County","state":"MN","countyFips":"27067","confidence":"probabilistic","sourceDate":null,"attributes":{"operator":null,"operatorType":"Not recorded","manufacturer":"Flock Safety","cameraType":"fixed","direction":"294","zone":"traffic","surveillance":"public","osmId":13730652401,"osmUrl":"https://www.openstreetmap.org/node/13730652401"}}},{"type":"Feature","geometry":{"type":"Point","coordinates":[-93.4214666,44.8538116]},"properties":{"id":"alpr-osm-13730691803","layer":"alpr","name":"ALPR camera","county":"Hennepin County","state":"MN","countyFips":"27053","confidence":"probabilistic","sourceDate":null,"attributes":{"operator":null,"operatorType":"Not recorded","manufacturer":"Flock Safety","cameraType":"fixed","direction":"193","zone":"traffic","surveillance":"public","osmId":13730691803,"osmUrl":"https://www.openstreetmap.org/node/13730691803"}}},{"type":"Feature","geometry":{"type":"Point","coordinates":[-93.389816,45.2158644]},"properties":{"id":"alpr-osm-13733340202","layer":"alpr","name":"ALPR camera","county":"Anoka County","state":"MN","countyFips":"27003","confidence":"probabilistic","sourceDate":null,"attributes":{"operator":null,"operatorType":"Not recorded","manufacturer":"Flock Safety","cameraType":"fixed","direction":"203","zone":"traffic","surveillance":"public","osmId":13733340202,"osmUrl":"https://www.openstreetmap.org/node/13733340202"}}},{"type":"Feature","geometry":{"type":"Point","coordinates":[-92.4633742,47.4905785]},"properties":{"id":"alpr-osm-13735448901","layer":"alpr","name":"ALPR camera","county":"St. Louis County","state":"MN","countyFips":"27137","confidence":"probabilistic","sourceDate":null,"attributes":{"operator":null,"operatorType":"Not recorded","manufacturer":"Flock Safety","cameraType":"dome","direction":"0-360","zone":null,"surveillance":"public","osmId":13735448901,"osmUrl":"https://www.openstreetmap.org/node/13735448901"}}},{"type":"Feature","geometry":{"type":"Point","coordinates":[-92.5336285,47.4752865]},"properties":{"id":"alpr-osm-13736045201","layer":"alpr","name":"ALPR camera","county":"St. Louis County","state":"MN","countyFips":"27137","confidence":"probabilistic","sourceDate":null,"attributes":{"operator":null,"operatorType":"Not recorded","manufacturer":"Flock Safety","cameraType":"dome","direction":"0-360","zone":null,"surveillance":"public","osmId":13736045201,"osmUrl":"https://www.openstreetmap.org/node/13736045201"}}},{"type":"Feature","geometry":{"type":"Point","coordinates":[-92.4713997,47.4821632]},"properties":{"id":"alpr-osm-13736052301","layer":"alpr","name":"ALPR camera","county":"St. Louis County","state":"MN","countyFips":"27137","confidence":"probabilistic","sourceDate":null,"attributes":{"operator":null,"operatorType":"Not recorded","manufacturer":"Flock Safety","cameraType":"dome","direction":"0-360","zone":null,"surveillance":"public","osmId":13736052301,"osmUrl":"https://www.openstreetmap.org/node/13736052301"}}},{"type":"Feature","geometry":{"type":"Point","coordinates":[-93.0065916,45.2795791]},"properties":{"id":"alpr-osm-13738441501","layer":"alpr","name":"ALPR camera","county":"Washington County","state":"MN","countyFips":"27163","confidence":"probabilistic","sourceDate":null,"attributes":{"operator":null,"operatorType":"Not recorded","manufacturer":"Flock Safety","cameraType":"fixed","direction":"326","zone":"traffic","surveillance":"public","osmId":13738441501,"osmUrl":"https://www.openstreetmap.org/node/13738441501"}}},{"type":"Feature","geometry":{"type":"Point","coordinates":[-93.0091203,45.2811217]},"properties":{"id":"alpr-osm-13738475101","layer":"alpr","name":"ALPR camera — The Home Depot","county":"Washington County","state":"MN","countyFips":"27163","confidence":"probabilistic","sourceDate":null,"attributes":{"operator":"The Home Depot","operatorType":"Other or unclassified","manufacturer":"Flock Safety","cameraType":"fixed","direction":"108","zone":"traffic","surveillance":"public","osmId":13738475101,"osmUrl":"https://www.openstreetmap.org/node/13738475101"}}},{"type":"Feature","geometry":{"type":"Point","coordinates":[-93.0091203,45.2811217]},"properties":{"id":"alpr-osm-13738532401","layer":"alpr","name":"ALPR camera — The Home Depot","county":"Washington County","state":"MN","countyFips":"27163","confidence":"probabilistic","sourceDate":null,"attributes":{"operator":"The Home Depot","operatorType":"Other or unclassified","manufacturer":"Flock Safety","cameraType":"fixed","direction":"108","zone":"traffic","surveillance":"public","osmId":13738532401,"osmUrl":"https://www.openstreetmap.org/node/13738532401"}}},{"type":"Feature","geometry":{"type":"Point","coordinates":[-95.0940564,46.3248781]},"properties":{"id":"alpr-osm-13739901407","layer":"alpr","name":"ALPR camera","county":"Todd County","state":"MN","countyFips":"27153","confidence":"probabilistic","sourceDate":null,"attributes":{"operator":null,"operatorType":"Not recorded","manufacturer":"Flock Safety","cameraType":"fixed","direction":"333","zone":"traffic","surveillance":"public","osmId":13739901407,"osmUrl":"https://www.openstreetmap.org/node/13739901407"}}},{"type":"Feature","geometry":{"type":"Point","coordinates":[-93.3396679,45.0598019]},"properties":{"id":"alpr-osm-13740136442","layer":"alpr","name":"ALPR camera","county":"Hennepin County","state":"MN","countyFips":"27053","confidence":"probabilistic","sourceDate":null,"attributes":{"operator":null,"operatorType":"Not recorded","manufacturer":"Flock Safety","cameraType":"fixed","direction":"200","zone":"traffic","surveillance":"public","osmId":13740136442,"osmUrl":"https://www.openstreetmap.org/node/13740136442"}}},{"type":"Feature","geometry":{"type":"Point","coordinates":[-92.4984934,44.0652328]},"properties":{"id":"alpr-osm-13740919435","layer":"alpr","name":"ALPR camera","county":"Olmsted County","state":"MN","countyFips":"27109","confidence":"probabilistic","sourceDate":null,"attributes":{"operator":null,"operatorType":"Not recorded","manufacturer":"Axon Enterprise","cameraType":"fixed","direction":"70","zone":"traffic","surveillance":"public","osmId":13740919435,"osmUrl":"https://www.openstreetmap.org/node/13740919435"}}},{"type":"Feature","geometry":{"type":"Point","coordinates":[-93.2172473,44.6436158]},"properties":{"id":"alpr-osm-13743189201","layer":"alpr","name":"ALPR camera","county":"Dakota County","state":"MN","countyFips":"27037","confidence":"probabilistic","sourceDate":null,"attributes":{"operator":null,"operatorType":"Not recorded","manufacturer":"Flock Safety","cameraType":"fixed","direction":"342","zone":"traffic","surveillance":"public","osmId":13743189201,"osmUrl":"https://www.openstreetmap.org/node/13743189201"}}},{"type":"Feature","geometry":{"type":"Point","coordinates":[-93.279887,44.7498943]},"properties":{"id":"alpr-osm-13746936001","layer":"alpr","name":"ALPR camera","county":"Dakota County","state":"MN","countyFips":"27037","confidence":"probabilistic","sourceDate":null,"attributes":{"operator":null,"operatorType":"Not recorded","manufacturer":"Flock Safety","cameraType":"fixed","direction":"334","zone":"traffic","surveillance":"public","osmId":13746936001,"osmUrl":"https://www.openstreetmap.org/node/13746936001"}}},{"type":"Feature","geometry":{"type":"Point","coordinates":[-93.2799041,44.7500773]},"properties":{"id":"alpr-osm-13746936002","layer":"alpr","name":"ALPR camera","county":"Dakota County","state":"MN","countyFips":"27037","confidence":"probabilistic","sourceDate":null,"attributes":{"operator":null,"operatorType":"Not recorded","manufacturer":"Flock Safety","cameraType":"fixed","direction":"195;263","zone":"traffic","surveillance":"public","osmId":13746936002,"osmUrl":"https://www.openstreetmap.org/node/13746936002"}}},{"type":"Feature","geometry":{"type":"Point","coordinates":[-93.2794727,44.7135919]},"properties":{"id":"alpr-osm-13751189982","layer":"alpr","name":"ALPR camera","county":"Dakota County","state":"MN","countyFips":"27037","confidence":"probabilistic","sourceDate":null,"attributes":{"operator":null,"operatorType":"Not recorded","manufacturer":"Flock Safety","cameraType":"fixed","direction":"150","zone":"traffic","surveillance":"public","osmId":13751189982,"osmUrl":"https://www.openstreetmap.org/node/13751189982"}}},{"type":"Feature","geometry":{"type":"Point","coordinates":[-93.2932588,44.6450878]},"properties":{"id":"alpr-osm-13751428401","layer":"alpr","name":"ALPR camera","county":"Dakota County","state":"MN","countyFips":"27037","confidence":"probabilistic","sourceDate":null,"attributes":{"operator":null,"operatorType":"Not recorded","manufacturer":"Flock Safety","cameraType":"fixed","direction":"90","zone":"traffic","surveillance":"public","osmId":13751428401,"osmUrl":"https://www.openstreetmap.org/node/13751428401"}}},{"type":"Feature","geometry":{"type":"Point","coordinates":[-93.2177269,44.7132053]},"properties":{"id":"alpr-osm-13755566201","layer":"alpr","name":"ALPR camera","county":"Dakota County","state":"MN","countyFips":"27037","confidence":"probabilistic","sourceDate":null,"attributes":{"operator":null,"operatorType":"Not recorded","manufacturer":"Flock Safety","cameraType":"fixed","direction":"176","zone":"traffic","surveillance":"public","osmId":13755566201,"osmUrl":"https://www.openstreetmap.org/node/13755566201"}}},{"type":"Feature","geometry":{"type":"Point","coordinates":[-93.2888964,44.699469]},"properties":{"id":"alpr-osm-13762151301","layer":"alpr","name":"ALPR camera","county":"Dakota County","state":"MN","countyFips":"27037","confidence":"probabilistic","sourceDate":null,"attributes":{"operator":null,"operatorType":"Not recorded","manufacturer":"Flock Safety","cameraType":"fixed","direction":"330","zone":"traffic","surveillance":"public","osmId":13762151301,"osmUrl":"https://www.openstreetmap.org/node/13762151301"}}},{"type":"Feature","geometry":{"type":"Point","coordinates":[-94.2099597,45.5577684]},"properties":{"id":"alpr-osm-13764528801","layer":"alpr","name":"ALPR camera","county":"Stearns County","state":"MN","countyFips":"27145","confidence":"probabilistic","sourceDate":null,"attributes":{"operator":null,"operatorType":"Not recorded","manufacturer":"Flock Safety","cameraType":"fixed","direction":"93;249","zone":"traffic","surveillance":"public","osmId":13764528801,"osmUrl":"https://www.openstreetmap.org/node/13764528801"}}},{"type":"Feature","geometry":{"type":"Point","coordinates":[-93.2969712,44.7143613]},"properties":{"id":"alpr-osm-13764917401","layer":"alpr","name":"ALPR camera","county":"Dakota County","state":"MN","countyFips":"27037","confidence":"probabilistic","sourceDate":null,"attributes":{"operator":null,"operatorType":"Not recorded","manufacturer":"Flock Safety","cameraType":"fixed","direction":"133","zone":"traffic","surveillance":"public","osmId":13764917401,"osmUrl":"https://www.openstreetmap.org/node/13764917401"}}},{"type":"Feature","geometry":{"type":"Point","coordinates":[-93.3006788,44.652302]},"properties":{"id":"alpr-osm-13767095501","layer":"alpr","name":"ALPR camera","county":"Dakota County","state":"MN","countyFips":"27037","confidence":"probabilistic","sourceDate":null,"attributes":{"operator":null,"operatorType":"Not recorded","manufacturer":"Flock Safety","cameraType":"fixed","direction":"63","zone":"traffic","surveillance":"public","osmId":13767095501,"osmUrl":"https://www.openstreetmap.org/node/13767095501"}}},{"type":"Feature","geometry":{"type":"Point","coordinates":[-94.0588676,45.4107012]},"properties":{"id":"alpr-osm-13767831202","layer":"alpr","name":"ALPR camera","county":"Wright County","state":"MN","countyFips":"27171","confidence":"probabilistic","sourceDate":null,"attributes":{"operator":null,"operatorType":"Not recorded","manufacturer":"Flock Safety","cameraType":"fixed","direction":"164","zone":"traffic","surveillance":"public","osmId":13767831202,"osmUrl":"https://www.openstreetmap.org/node/13767831202"}}},{"type":"Feature","geometry":{"type":"Point","coordinates":[-93.4254595,44.8579535]},"properties":{"id":"alpr-osm-13772879601","layer":"alpr","name":"ALPR camera","county":"Hennepin County","state":"MN","countyFips":"27053","confidence":"probabilistic","sourceDate":null,"attributes":{"operator":null,"operatorType":"Not recorded","manufacturer":"Flock Safety","cameraType":"fixed","direction":"88","zone":"traffic","surveillance":"public","osmId":13772879601,"osmUrl":"https://www.openstreetmap.org/node/13772879601"}}},{"type":"Feature","geometry":{"type":"Point","coordinates":[-93.3998001,45.0219414]},"properties":{"id":"alpr-osm-13775321184","layer":"alpr","name":"ALPR camera","county":"Hennepin County","state":"MN","countyFips":"27053","confidence":"probabilistic","sourceDate":null,"attributes":{"operator":null,"operatorType":"Not recorded","manufacturer":"Flock Safety","cameraType":"fixed","direction":"55","zone":"street","surveillance":"traffic","osmId":13775321184,"osmUrl":"https://www.openstreetmap.org/node/13775321184"}}},{"type":"Feature","geometry":{"type":"Point","coordinates":[-93.8143599,46.2489162]},"properties":{"id":"alpr-osm-13775856601","layer":"alpr","name":"ALPR camera","county":"Crow Wing County","state":"MN","countyFips":"27035","confidence":"probabilistic","sourceDate":null,"attributes":{"operator":null,"operatorType":"Not recorded","manufacturer":"Flock Safety","cameraType":"fixed","direction":"290","zone":"traffic","surveillance":"public","osmId":13775856601,"osmUrl":"https://www.openstreetmap.org/node/13775856601"}}},{"type":"Feature","geometry":{"type":"Point","coordinates":[-93.3927682,45.0781544]},"properties":{"id":"alpr-osm-13775865901","layer":"alpr","name":"ALPR camera — The Home Depot","county":"Hennepin County","state":"MN","countyFips":"27053","confidence":"probabilistic","sourceDate":null,"attributes":{"operator":"The Home Depot","operatorType":"Other or unclassified","manufacturer":"Flock Safety","cameraType":"fixed","direction":"226","zone":"traffic","surveillance":"public","osmId":13775865901,"osmUrl":"https://www.openstreetmap.org/node/13775865901"}}},{"type":"Feature","geometry":{"type":"Point","coordinates":[-93.0761859,44.9692812]},"properties":{"id":"alpr-osm-13777576971","layer":"alpr","name":"ALPR camera","county":"Ramsey County","state":"MN","countyFips":"27123","confidence":"probabilistic","sourceDate":null,"attributes":{"operator":null,"operatorType":"Not recorded","manufacturer":null,"cameraType":"fixed","direction":"145","zone":"traffic","surveillance":"camera","osmId":13777576971,"osmUrl":"https://www.openstreetmap.org/node/13777576971"}}},{"type":"Feature","geometry":{"type":"Point","coordinates":[-93.1770708,44.7166834]},"properties":{"id":"alpr-osm-13778539401","layer":"alpr","name":"ALPR camera","county":"Dakota County","state":"MN","countyFips":"27037","confidence":"probabilistic","sourceDate":null,"attributes":{"operator":null,"operatorType":"Not recorded","manufacturer":"Flock Safety","cameraType":"fixed","direction":"163","zone":"traffic","surveillance":"public","osmId":13778539401,"osmUrl":"https://www.openstreetmap.org/node/13778539401"}}},{"type":"Feature","geometry":{"type":"Point","coordinates":[-93.0399815,45.0401764]},"properties":{"id":"alpr-osm-13784824501","layer":"alpr","name":"ALPR camera","county":"Ramsey County","state":"MN","countyFips":"27123","confidence":"probabilistic","sourceDate":null,"attributes":{"operator":null,"operatorType":"Not recorded","manufacturer":"Flock Safety","cameraType":"fixed","direction":"0","zone":"traffic","surveillance":"public","osmId":13784824501,"osmUrl":"https://www.openstreetmap.org/node/13784824501"}}},{"type":"Feature","geometry":{"type":"Point","coordinates":[-92.9583478,45.0006072]},"properties":{"id":"alpr-osm-13785503301","layer":"alpr","name":"ALPR camera","county":"Washington County","state":"MN","countyFips":"27163","confidence":"probabilistic","sourceDate":null,"attributes":{"operator":null,"operatorType":"Not recorded","manufacturer":"Neology, Inc.","cameraType":"fixed","direction":"335","zone":"traffic","surveillance":"public","osmId":13785503301,"osmUrl":"https://www.openstreetmap.org/node/13785503301"}}},{"type":"Feature","geometry":{"type":"Point","coordinates":[-93.0640063,45.0373696]},"properties":{"id":"alpr-osm-13785506101","layer":"alpr","name":"ALPR camera","county":"Ramsey County","state":"MN","countyFips":"27123","confidence":"probabilistic","sourceDate":null,"attributes":{"operator":null,"operatorType":"Not recorded","manufacturer":"Neology, Inc.","cameraType":"fixed","direction":"42","zone":"traffic","surveillance":"public","osmId":13785506101,"osmUrl":"https://www.openstreetmap.org/node/13785506101"}}},{"type":"Feature","geometry":{"type":"Point","coordinates":[-93.1655855,45.0663101]},"properties":{"id":"alpr-osm-13785520201","layer":"alpr","name":"ALPR camera","county":"Ramsey County","state":"MN","countyFips":"27123","confidence":"probabilistic","sourceDate":null,"attributes":{"operator":null,"operatorType":"Not recorded","manufacturer":"Neology, Inc.","cameraType":"fixed","direction":"170","zone":"traffic","surveillance":"public","osmId":13785520201,"osmUrl":"https://www.openstreetmap.org/node/13785520201"}}},{"type":"Feature","geometry":{"type":"Point","coordinates":[-93.1930701,45.0669914]},"properties":{"id":"alpr-osm-13785523201","layer":"alpr","name":"ALPR camera","county":"Ramsey County","state":"MN","countyFips":"27123","confidence":"probabilistic","sourceDate":null,"attributes":{"operator":null,"operatorType":"Not recorded","manufacturer":"Neology, Inc.","cameraType":"fixed","direction":"120","zone":"traffic","surveillance":"public","osmId":13785523201,"osmUrl":"https://www.openstreetmap.org/node/13785523201"}}},{"type":"Feature","geometry":{"type":"Point","coordinates":[-93.2183913,45.0652803]},"properties":{"id":"alpr-osm-13785524501","layer":"alpr","name":"ALPR camera","county":"Ramsey County","state":"MN","countyFips":"27123","confidence":"probabilistic","sourceDate":null,"attributes":{"operator":null,"operatorType":"Not recorded","manufacturer":"Neology, Inc.","cameraType":"fixed","direction":"133","zone":"traffic","surveillance":"public","osmId":13785524501,"osmUrl":"https://www.openstreetmap.org/node/13785524501"}}},{"type":"Feature","geometry":{"type":"Point","coordinates":[-93.23649,45.0664389]},"properties":{"id":"alpr-osm-13785530901","layer":"alpr","name":"ALPR camera","county":"Anoka County","state":"MN","countyFips":"27003","confidence":"probabilistic","sourceDate":null,"attributes":{"operator":null,"operatorType":"Not recorded","manufacturer":"Neology, Inc.","cameraType":"fixed","direction":"131","zone":"traffic","surveillance":"public","osmId":13785530901,"osmUrl":"https://www.openstreetmap.org/node/13785530901"}}},{"type":"Feature","geometry":{"type":"Point","coordinates":[-92.9320224,44.8178711]},"properties":{"id":"alpr-osm-13785969301","layer":"alpr","name":"ALPR camera","county":"Washington County","state":"MN","countyFips":"27163","confidence":"probabilistic","sourceDate":null,"attributes":{"operator":null,"operatorType":"Not recorded","manufacturer":"Flock Safety","cameraType":"fixed","direction":"286","zone":"traffic","surveillance":"public","osmId":13785969301,"osmUrl":"https://www.openstreetmap.org/node/13785969301"}}},{"type":"Feature","geometry":{"type":"Point","coordinates":[-92.883342,44.8604292]},"properties":{"id":"alpr-osm-13785969901","layer":"alpr","name":"ALPR camera","county":"Washington County","state":"MN","countyFips":"27163","confidence":"probabilistic","sourceDate":null,"attributes":{"operator":null,"operatorType":"Not recorded","manufacturer":"Flock Safety","cameraType":"fixed","direction":"159","zone":"traffic","surveillance":"public","osmId":13785969901,"osmUrl":"https://www.openstreetmap.org/node/13785969901"}}},{"type":"Feature","geometry":{"type":"Point","coordinates":[-92.9436951,44.8737168]},"properties":{"id":"alpr-osm-13785971401","layer":"alpr","name":"ALPR camera","county":"Washington County","state":"MN","countyFips":"27163","confidence":"probabilistic","sourceDate":null,"attributes":{"operator":null,"operatorType":"Not recorded","manufacturer":"Flock Safety","cameraType":"fixed","direction":"336","zone":"traffic","surveillance":"public","osmId":13785971401,"osmUrl":"https://www.openstreetmap.org/node/13785971401"}}},{"type":"Feature","geometry":{"type":"Point","coordinates":[-92.9311782,44.8169596]},"properties":{"id":"alpr-osm-13785971402","layer":"alpr","name":"ALPR camera","county":"Washington County","state":"MN","countyFips":"27163","confidence":"probabilistic","sourceDate":null,"attributes":{"operator":null,"operatorType":"Not recorded","manufacturer":"Flock Safety","cameraType":"fixed","direction":"177","zone":"traffic","surveillance":"public","osmId":13785971402,"osmUrl":"https://www.openstreetmap.org/node/13785971402"}}},{"type":"Feature","geometry":{"type":"Point","coordinates":[-92.9219939,44.8470396]},"properties":{"id":"alpr-osm-13785972601","layer":"alpr","name":"ALPR camera","county":"Washington County","state":"MN","countyFips":"27163","confidence":"probabilistic","sourceDate":null,"attributes":{"operator":null,"operatorType":"Not recorded","manufacturer":"Flock Safety","cameraType":"fixed","direction":"164","zone":"traffic","surveillance":"public","osmId":13785972601,"osmUrl":"https://www.openstreetmap.org/node/13785972601"}}},{"type":"Feature","geometry":{"type":"Point","coordinates":[-92.9492407,44.8468986]},"properties":{"id":"alpr-osm-13785972602","layer":"alpr","name":"ALPR camera","county":"Washington County","state":"MN","countyFips":"27163","confidence":"probabilistic","sourceDate":null,"attributes":{"operator":null,"operatorType":"Not recorded","manufacturer":"Flock Safety","cameraType":"fixed","direction":"166","zone":"traffic","surveillance":"public","osmId":13785972602,"osmUrl":"https://www.openstreetmap.org/node/13785972602"}}},{"type":"Feature","geometry":{"type":"Point","coordinates":[-92.9589762,44.8321015]},"properties":{"id":"alpr-osm-13785973401","layer":"alpr","name":"ALPR camera","county":"Washington County","state":"MN","countyFips":"27163","confidence":"probabilistic","sourceDate":null,"attributes":{"operator":null,"operatorType":"Not recorded","manufacturer":"Flock Safety","cameraType":"fixed","direction":"111","zone":"traffic","surveillance":"public","osmId":13785973401,"osmUrl":"https://www.openstreetmap.org/node/13785973401"}}},{"type":"Feature","geometry":{"type":"Point","coordinates":[-92.9593166,44.8304619]},"properties":{"id":"alpr-osm-13785974101","layer":"alpr","name":"ALPR camera","county":"Washington County","state":"MN","countyFips":"27163","confidence":"probabilistic","sourceDate":null,"attributes":{"operator":null,"operatorType":"Not recorded","manufacturer":"Flock Safety","cameraType":"fixed","direction":"30","zone":"traffic","surveillance":"public","osmId":13785974101,"osmUrl":"https://www.openstreetmap.org/node/13785974101"}}},{"type":"Feature","geometry":{"type":"Point","coordinates":[-92.9291451,44.8146111]},"properties":{"id":"alpr-osm-13785974102","layer":"alpr","name":"ALPR camera","county":"Washington County","state":"MN","countyFips":"27163","confidence":"probabilistic","sourceDate":null,"attributes":{"operator":null,"operatorType":"Not recorded","manufacturer":"Flock Safety","cameraType":"fixed","direction":"241","zone":"traffic","surveillance":"public","osmId":13785974102,"osmUrl":"https://www.openstreetmap.org/node/13785974102"}}},{"type":"Feature","geometry":{"type":"Point","coordinates":[-92.8527489,44.7353678]},"properties":{"id":"alpr-osm-13785974103","layer":"alpr","name":"ALPR camera","county":"Dakota County","state":"MN","countyFips":"27037","confidence":"probabilistic","sourceDate":null,"attributes":{"operator":null,"operatorType":"Not recorded","manufacturer":"Motorola Solutions","cameraType":"fixed","direction":"254","zone":"traffic","surveillance":"public","osmId":13785974103,"osmUrl":"https://www.openstreetmap.org/node/13785974103"}}},{"type":"Feature","geometry":{"type":"Point","coordinates":[-92.9300313,44.8166707]},"properties":{"id":"alpr-osm-13785974401","layer":"alpr","name":"ALPR camera","county":"Washington County","state":"MN","countyFips":"27163","confidence":"probabilistic","sourceDate":null,"attributes":{"operator":null,"operatorType":"Not recorded","manufacturer":"Flock Safety","cameraType":"fixed","direction":"148","zone":"traffic","surveillance":"public","osmId":13785974401,"osmUrl":"https://www.openstreetmap.org/node/13785974401"}}},{"type":"Feature","geometry":{"type":"Point","coordinates":[-92.9163927,44.8084475]},"properties":{"id":"alpr-osm-13785975001","layer":"alpr","name":"ALPR camera","county":"Washington County","state":"MN","countyFips":"27163","confidence":"probabilistic","sourceDate":null,"attributes":{"operator":null,"operatorType":"Not recorded","manufacturer":"Flock Safety","cameraType":"fixed","direction":"280","zone":"traffic","surveillance":"public","osmId":13785975001,"osmUrl":"https://www.openstreetmap.org/node/13785975001"}}},{"type":"Feature","geometry":{"type":"Point","coordinates":[-92.9201103,44.8095287]},"properties":{"id":"alpr-osm-13785975002","layer":"alpr","name":"ALPR camera","county":"Washington County","state":"MN","countyFips":"27163","confidence":"probabilistic","sourceDate":null,"attributes":{"operator":null,"operatorType":"Not recorded","manufacturer":"Flock Safety","cameraType":"fixed","direction":"344","zone":"traffic","surveillance":"public","osmId":13785975002,"osmUrl":"https://www.openstreetmap.org/node/13785975002"}}},{"type":"Feature","geometry":{"type":"Point","coordinates":[-92.8528658,44.7443995]},"properties":{"id":"alpr-osm-13785975101","layer":"alpr","name":"ALPR camera","county":"Dakota County","state":"MN","countyFips":"27037","confidence":"probabilistic","sourceDate":null,"attributes":{"operator":null,"operatorType":"Not recorded","manufacturer":"Motorola Solutions","cameraType":"fixed","direction":"150","zone":"traffic","surveillance":"public","osmId":13785975101,"osmUrl":"https://www.openstreetmap.org/node/13785975101"}}},{"type":"Feature","geometry":{"type":"Point","coordinates":[-92.9342557,44.979697]},"properties":{"id":"alpr-osm-13791128503","layer":"alpr","name":"ALPR camera","county":"Washington County","state":"MN","countyFips":"27163","confidence":"probabilistic","sourceDate":null,"attributes":{"operator":null,"operatorType":"Not recorded","manufacturer":"Flock Safety","cameraType":"fixed","direction":"287","zone":"traffic","surveillance":"public","osmId":13791128503,"osmUrl":"https://www.openstreetmap.org/node/13791128503"}}},{"type":"Feature","geometry":{"type":"Point","coordinates":[-94.8635251,47.4525216]},"properties":{"id":"alpr-osm-13792891823","layer":"alpr","name":"ALPR camera — Minnesota State Patrol / Paul Bunyan Task Force","county":"Beltrami County","state":"MN","countyFips":"27007","confidence":"probabilistic","sourceDate":null,"attributes":{"operator":"Minnesota State Patrol / Paul Bunyan Task Force","operatorType":"State agency","manufacturer":"Flock Safety","cameraType":"fixed","direction":"330","zone":"traffic","surveillance":"public","osmId":13792891823,"osmUrl":"https://www.openstreetmap.org/node/13792891823"}}},{"type":"Feature","geometry":{"type":"Point","coordinates":[-94.8638732,47.4531702]},"properties":{"id":"alpr-osm-13792891824","layer":"alpr","name":"ALPR camera — Minnesota State Patrol / Paul Bunyan Task Force","county":"Beltrami County","state":"MN","countyFips":"27007","confidence":"probabilistic","sourceDate":null,"attributes":{"operator":"Minnesota State Patrol / Paul Bunyan Task Force","operatorType":"State agency","manufacturer":"Flock Safety","cameraType":"fixed","direction":"165","zone":"traffic","surveillance":"public","osmId":13792891824,"osmUrl":"https://www.openstreetmap.org/node/13792891824"}}},{"type":"Feature","geometry":{"type":"Point","coordinates":[-94.8753393,47.4831673]},"properties":{"id":"alpr-osm-13792891825","layer":"alpr","name":"ALPR camera — BSU Department of Public Safety","county":"Beltrami County","state":"MN","countyFips":"27007","confidence":"probabilistic","sourceDate":null,"attributes":{"operator":"BSU Department of Public Safety","operatorType":"Police department","manufacturer":"Flock Safety","cameraType":"fixed","direction":"350","zone":"traffic","surveillance":"public","osmId":13792891825,"osmUrl":"https://www.openstreetmap.org/node/13792891825"}}},{"type":"Feature","geometry":{"type":"Point","coordinates":[-94.9021608,47.493421]},"properties":{"id":"alpr-osm-13792891826","layer":"alpr","name":"ALPR camera — Minnesota State Patrol / Paul Bunyan Task Force","county":"Beltrami County","state":"MN","countyFips":"27007","confidence":"probabilistic","sourceDate":null,"attributes":{"operator":"Minnesota State Patrol / Paul Bunyan Task Force","operatorType":"State agency","manufacturer":"Flock Safety","cameraType":"fixed","direction":"250","zone":"traffic","surveillance":"public","osmId":13792891826,"osmUrl":"https://www.openstreetmap.org/node/13792891826"}}},{"type":"Feature","geometry":{"type":"Point","coordinates":[-94.9019818,47.4931028]},"properties":{"id":"alpr-osm-13792891827","layer":"alpr","name":"ALPR camera — Minnesota State Patrol / Paul Bunyan Task Force","county":"Beltrami County","state":"MN","countyFips":"27007","confidence":"probabilistic","sourceDate":null,"attributes":{"operator":"Minnesota State Patrol / Paul Bunyan Task Force","operatorType":"State agency","manufacturer":"Flock Safety","cameraType":"fixed","direction":"80","zone":"traffic","surveillance":"public","osmId":13792891827,"osmUrl":"https://www.openstreetmap.org/node/13792891827"}}},{"type":"Feature","geometry":{"type":"Point","coordinates":[-93.1684674,47.3791369]},"properties":{"id":"alpr-osm-13811521001","layer":"alpr","name":"ALPR camera","county":"Itasca County","state":"MN","countyFips":"27061","confidence":"probabilistic","sourceDate":null,"attributes":{"operator":null,"operatorType":"Not recorded","manufacturer":"Flock Safety","cameraType":"fixed","direction":"197","zone":"traffic","surveillance":"public","osmId":13811521001,"osmUrl":"https://www.openstreetmap.org/node/13811521001"}}},{"type":"Feature","geometry":{"type":"Point","coordinates":[-92.8547879,44.407582]},"properties":{"id":"alpr-osm-13812250901","layer":"alpr","name":"ALPR camera","county":"Goodhue County","state":"MN","countyFips":"27049","confidence":"probabilistic","sourceDate":null,"attributes":{"operator":null,"operatorType":"Not recorded","manufacturer":"Flock Safety","cameraType":"fixed","direction":"160","zone":"traffic","surveillance":"public","osmId":13812250901,"osmUrl":"https://www.openstreetmap.org/node/13812250901"}}},{"type":"Feature","geometry":{"type":"Point","coordinates":[-93.3374534,45.2105618]},"properties":{"id":"alpr-osm-13826036001","layer":"alpr","name":"ALPR camera","county":"Anoka County","state":"MN","countyFips":"27003","confidence":"probabilistic","sourceDate":null,"attributes":{"operator":null,"operatorType":"Not recorded","manufacturer":"Flock Safety","cameraType":"fixed","direction":"250","zone":"traffic","surveillance":"public","osmId":13826036001,"osmUrl":"https://www.openstreetmap.org/node/13826036001"}}},{"type":"Feature","geometry":{"type":"Point","coordinates":[-93.3392377,45.2095858]},"properties":{"id":"alpr-osm-13826036901","layer":"alpr","name":"ALPR camera","county":"Anoka County","state":"MN","countyFips":"27003","confidence":"probabilistic","sourceDate":null,"attributes":{"operator":null,"operatorType":"Not recorded","manufacturer":"Flock Safety","cameraType":"fixed","direction":"226","zone":"traffic","surveillance":"public","osmId":13826036901,"osmUrl":"https://www.openstreetmap.org/node/13826036901"}}},{"type":"Feature","geometry":{"type":"Point","coordinates":[-94.1052783,45.9838777]},"properties":{"id":"alpr-osm-13829815101","layer":"alpr","name":"ALPR camera","county":"Morrison County","state":"MN","countyFips":"27097","confidence":"probabilistic","sourceDate":null,"attributes":{"operator":null,"operatorType":"Not recorded","manufacturer":"Motorola Solutions","cameraType":"fixed","direction":"150;168","zone":"traffic","surveillance":"public","osmId":13829815101,"osmUrl":"https://www.openstreetmap.org/node/13829815101"}}},{"type":"Feature","geometry":{"type":"Point","coordinates":[-93.2899785,44.6812056]},"properties":{"id":"alpr-osm-13829892201","layer":"alpr","name":"ALPR camera","county":"Dakota County","state":"MN","countyFips":"27037","confidence":"probabilistic","sourceDate":null,"attributes":{"operator":null,"operatorType":"Not recorded","manufacturer":"Flock Safety","cameraType":"fixed","direction":"56","zone":"traffic","surveillance":"public","osmId":13829892201,"osmUrl":"https://www.openstreetmap.org/node/13829892201"}}},{"type":"Feature","geometry":{"type":"Point","coordinates":[-93.2803999,44.7504713]},"properties":{"id":"alpr-osm-13831320301","layer":"alpr","name":"ALPR camera","county":"Dakota County","state":"MN","countyFips":"27037","confidence":"probabilistic","sourceDate":null,"attributes":{"operator":null,"operatorType":"Not recorded","manufacturer":"Flock Safety","cameraType":"fixed","direction":"123","zone":"traffic","surveillance":"public","osmId":13831320301,"osmUrl":"https://www.openstreetmap.org/node/13831320301"}}},{"type":"Feature","geometry":{"type":"Point","coordinates":[-93.2803999,44.7504713]},"properties":{"id":"alpr-osm-13831320401","layer":"alpr","name":"ALPR camera","county":"Dakota County","state":"MN","countyFips":"27037","confidence":"probabilistic","sourceDate":null,"attributes":{"operator":null,"operatorType":"Not recorded","manufacturer":"Flock Safety","cameraType":"fixed","direction":"226","zone":"traffic","surveillance":"public","osmId":13831320401,"osmUrl":"https://www.openstreetmap.org/node/13831320401"}}},{"type":"Feature","geometry":{"type":"Point","coordinates":[-93.2956693,44.6814778]},"properties":{"id":"alpr-osm-13831341601","layer":"alpr","name":"ALPR camera","county":"Dakota County","state":"MN","countyFips":"27037","confidence":"probabilistic","sourceDate":null,"attributes":{"operator":null,"operatorType":"Not recorded","manufacturer":"Flock Safety","cameraType":"fixed","direction":"201","zone":"traffic","surveillance":"public","osmId":13831341601,"osmUrl":"https://www.openstreetmap.org/node/13831341601"}}},{"type":"Feature","geometry":{"type":"Point","coordinates":[-93.2994283,44.6454698]},"properties":{"id":"alpr-osm-13831351401","layer":"alpr","name":"ALPR camera","county":"Dakota County","state":"MN","countyFips":"27037","confidence":"probabilistic","sourceDate":null,"attributes":{"operator":null,"operatorType":"Not recorded","manufacturer":"Flock Safety","cameraType":"fixed","direction":"262","zone":"traffic","surveillance":"public","osmId":13831351401,"osmUrl":"https://www.openstreetmap.org/node/13831351401"}}},{"type":"Feature","geometry":{"type":"Point","coordinates":[-93.0958713,44.9195886]},"properties":{"id":"alpr-osm-13831369002","layer":"alpr","name":"ALPR camera","county":"Dakota County","state":"MN","countyFips":"27037","confidence":"probabilistic","sourceDate":null,"attributes":{"operator":null,"operatorType":"Not recorded","manufacturer":"Flock Safety","cameraType":"fixed","direction":"58","zone":"traffic","surveillance":"public","osmId":13831369002,"osmUrl":"https://www.openstreetmap.org/node/13831369002"}}},{"type":"Feature","geometry":{"type":"Point","coordinates":[-93.2165782,44.6914296]},"properties":{"id":"alpr-osm-13831375901","layer":"alpr","name":"ALPR camera","county":"Dakota County","state":"MN","countyFips":"27037","confidence":"probabilistic","sourceDate":null,"attributes":{"operator":null,"operatorType":"Not recorded","manufacturer":"Flock Safety","cameraType":"fixed","direction":"85","zone":"traffic","surveillance":"public","osmId":13831375901,"osmUrl":"https://www.openstreetmap.org/node/13831375901"}}},{"type":"Feature","geometry":{"type":"Point","coordinates":[-93.2192168,44.6916799]},"properties":{"id":"alpr-osm-13831376001","layer":"alpr","name":"ALPR camera","county":"Dakota County","state":"MN","countyFips":"27037","confidence":"probabilistic","sourceDate":null,"attributes":{"operator":null,"operatorType":"Not recorded","manufacturer":"Flock Safety","cameraType":"fixed","direction":"252","zone":"traffic","surveillance":"public","osmId":13831376001,"osmUrl":"https://www.openstreetmap.org/node/13831376001"}}},{"type":"Feature","geometry":{"type":"Point","coordinates":[-93.3114201,44.6811849]},"properties":{"id":"alpr-osm-13831376405","layer":"alpr","name":"ALPR camera","county":"Dakota County","state":"MN","countyFips":"27037","confidence":"probabilistic","sourceDate":null,"attributes":{"operator":null,"operatorType":"Not recorded","manufacturer":"Flock Safety","cameraType":"fixed","direction":"76","zone":"traffic","surveillance":"public","osmId":13831376405,"osmUrl":"https://www.openstreetmap.org/node/13831376405"}}},{"type":"Feature","geometry":{"type":"Point","coordinates":[-93.5508975,44.7597745]},"properties":{"id":"alpr-osm-13831533801","layer":"alpr","name":"ALPR camera","county":"Scott County","state":"MN","countyFips":"27139","confidence":"probabilistic","sourceDate":null,"attributes":{"operator":null,"operatorType":"Not recorded","manufacturer":"Flock Safety","cameraType":"fixed","direction":"73","zone":"traffic","surveillance":"public","osmId":13831533801,"osmUrl":"https://www.openstreetmap.org/node/13831533801"}}},{"type":"Feature","geometry":{"type":"Point","coordinates":[-95.7267152,44.9370135]},"properties":{"id":"alpr-osm-13832239201","layer":"alpr","name":"ALPR camera","county":"Chippewa County","state":"MN","countyFips":"27023","confidence":"probabilistic","sourceDate":null,"attributes":{"operator":null,"operatorType":"Not recorded","manufacturer":"Flock Safety","cameraType":"fixed","direction":"17","zone":"traffic","surveillance":"public","osmId":13832239201,"osmUrl":"https://www.openstreetmap.org/node/13832239201"}}},{"type":"Feature","geometry":{"type":"Point","coordinates":[-93.3807554,44.9366764]},"properties":{"id":"alpr-osm-13836822601","layer":"alpr","name":"ALPR camera","county":"Hennepin County","state":"MN","countyFips":"27053","confidence":"probabilistic","sourceDate":null,"attributes":{"operator":null,"operatorType":"Not recorded","manufacturer":"Flock Safety","cameraType":"fixed","direction":"325","zone":"traffic","surveillance":"public","osmId":13836822601,"osmUrl":"https://www.openstreetmap.org/node/13836822601"}}},{"type":"Feature","geometry":{"type":"Point","coordinates":[-93.0268785,45.5200693]},"properties":{"id":"alpr-osm-13840533601","layer":"alpr","name":"ALPR camera","county":"Isanti County","state":"MN","countyFips":"27059","confidence":"probabilistic","sourceDate":null,"attributes":{"operator":null,"operatorType":"Not recorded","manufacturer":"Flock Safety","cameraType":"fixed","direction":"283","zone":"traffic","surveillance":"public","osmId":13840533601,"osmUrl":"https://www.openstreetmap.org/node/13840533601"}}},{"type":"Feature","geometry":{"type":"Point","coordinates":[-95.1285648,44.2092394]},"properties":{"id":"alpr-osm-13843899101","layer":"alpr","name":"ALPR camera","county":"Redwood County","state":"MN","countyFips":"27127","confidence":"probabilistic","sourceDate":null,"attributes":{"operator":null,"operatorType":"Not recorded","manufacturer":"Flock Safety","cameraType":"fixed","direction":"0","zone":"traffic","surveillance":"public","osmId":13843899101,"osmUrl":"https://www.openstreetmap.org/node/13843899101"}}},{"type":"Feature","geometry":{"type":"Point","coordinates":[-95.1005617,44.5415522]},"properties":{"id":"alpr-osm-13843923702","layer":"alpr","name":"ALPR camera","county":"Redwood County","state":"MN","countyFips":"27127","confidence":"probabilistic","sourceDate":null,"attributes":{"operator":null,"operatorType":"Not recorded","manufacturer":"Flock Safety","cameraType":"fixed","direction":"183","zone":"traffic","surveillance":"public","osmId":13843923702,"osmUrl":"https://www.openstreetmap.org/node/13843923702"}}},{"type":"Feature","geometry":{"type":"Point","coordinates":[-95.0960539,44.5412549]},"properties":{"id":"alpr-osm-13843923703","layer":"alpr","name":"ALPR camera","county":"Redwood County","state":"MN","countyFips":"27127","confidence":"probabilistic","sourceDate":null,"attributes":{"operator":null,"operatorType":"Not recorded","manufacturer":"Flock Safety","cameraType":"fixed","direction":"0","zone":"traffic","surveillance":"public","osmId":13843923703,"osmUrl":"https://www.openstreetmap.org/node/13843923703"}}},{"type":"Feature","geometry":{"type":"Point","coordinates":[-95.1007524,44.5412802]},"properties":{"id":"alpr-osm-13843924501","layer":"alpr","name":"ALPR camera","county":"Redwood County","state":"MN","countyFips":"27127","confidence":"probabilistic","sourceDate":null,"attributes":{"operator":null,"operatorType":"Not recorded","manufacturer":"Flock Safety","cameraType":"fixed","direction":"0","zone":"traffic","surveillance":"public","osmId":13843924501,"osmUrl":"https://www.openstreetmap.org/node/13843924501"}}},{"type":"Feature","geometry":{"type":"Point","coordinates":[-95.1004588,44.5413429]},"properties":{"id":"alpr-osm-13843924502","layer":"alpr","name":"ALPR camera","county":"Redwood County","state":"MN","countyFips":"27127","confidence":"probabilistic","sourceDate":null,"attributes":{"operator":null,"operatorType":"Not recorded","manufacturer":"Flock Safety","cameraType":"fixed","direction":"271","zone":"traffic","surveillance":"public","osmId":13843924502,"osmUrl":"https://www.openstreetmap.org/node/13843924502"}}},{"type":"Feature","geometry":{"type":"Point","coordinates":[-95.1008553,44.5414332]},"properties":{"id":"alpr-osm-13843926101","layer":"alpr","name":"ALPR camera","county":"Redwood County","state":"MN","countyFips":"27127","confidence":"probabilistic","sourceDate":null,"attributes":{"operator":null,"operatorType":"Not recorded","manufacturer":"Flock Safety","cameraType":"fixed","direction":"101","zone":"traffic","surveillance":"public","osmId":13843926101,"osmUrl":"https://www.openstreetmap.org/node/13843926101"}}},{"type":"Feature","geometry":{"type":"Point","coordinates":[-95.1096294,44.541367]},"properties":{"id":"alpr-osm-13843926102","layer":"alpr","name":"ALPR camera","county":"Redwood County","state":"MN","countyFips":"27127","confidence":"probabilistic","sourceDate":null,"attributes":{"operator":null,"operatorType":"Not recorded","manufacturer":"Flock Safety","cameraType":"fixed","direction":"259","zone":"traffic","surveillance":"public","osmId":13843926102,"osmUrl":"https://www.openstreetmap.org/node/13843926102"}}},{"type":"Feature","geometry":{"type":"Point","coordinates":[-95.095878,44.5415439]},"properties":{"id":"alpr-osm-13843927401","layer":"alpr","name":"ALPR camera","county":"Redwood County","state":"MN","countyFips":"27127","confidence":"probabilistic","sourceDate":null,"attributes":{"operator":null,"operatorType":"Not recorded","manufacturer":"Flock Safety","cameraType":"fixed","direction":"187","zone":"traffic","surveillance":"public","osmId":13843927401,"osmUrl":"https://www.openstreetmap.org/node/13843927401"}}},{"type":"Feature","geometry":{"type":"Point","coordinates":[-95.0957364,44.5413611]},"properties":{"id":"alpr-osm-13843927402","layer":"alpr","name":"ALPR camera","county":"Redwood County","state":"MN","countyFips":"27127","confidence":"probabilistic","sourceDate":null,"attributes":{"operator":null,"operatorType":"Not recorded","manufacturer":"Flock Safety","cameraType":"fixed","direction":"266","zone":"traffic","surveillance":"public","osmId":13843927402,"osmUrl":"https://www.openstreetmap.org/node/13843927402"}}},{"type":"Feature","geometry":{"type":"Point","coordinates":[-95.0961761,44.5414302]},"properties":{"id":"alpr-osm-13843928301","layer":"alpr","name":"ALPR camera","county":"Redwood County","state":"MN","countyFips":"27127","confidence":"probabilistic","sourceDate":null,"attributes":{"operator":null,"operatorType":"Not recorded","manufacturer":"Flock Safety","cameraType":"fixed","direction":"91","zone":"traffic","surveillance":"public","osmId":13843928301,"osmUrl":"https://www.openstreetmap.org/node/13843928301"}}},{"type":"Feature","geometry":{"type":"Point","coordinates":[-95.1099692,44.5414293]},"properties":{"id":"alpr-osm-13843931001","layer":"alpr","name":"ALPR camera","county":"Redwood County","state":"MN","countyFips":"27127","confidence":"probabilistic","sourceDate":null,"attributes":{"operator":null,"operatorType":"Not recorded","manufacturer":"Flock Safety","cameraType":"fixed","direction":"87","zone":"traffic","surveillance":"public","osmId":13843931001,"osmUrl":"https://www.openstreetmap.org/node/13843931001"}}},{"type":"Feature","geometry":{"type":"Point","coordinates":[-95.1098769,44.5412932]},"properties":{"id":"alpr-osm-13843931002","layer":"alpr","name":"ALPR camera","county":"Redwood County","state":"MN","countyFips":"27127","confidence":"probabilistic","sourceDate":null,"attributes":{"operator":null,"operatorType":"Not recorded","manufacturer":"Flock Safety","cameraType":"fixed","direction":"0","zone":"traffic","surveillance":"public","osmId":13843931002,"osmUrl":"https://www.openstreetmap.org/node/13843931002"}}},{"type":"Feature","geometry":{"type":"Point","coordinates":[-95.1097572,44.541544]},"properties":{"id":"alpr-osm-13843932401","layer":"alpr","name":"ALPR camera","county":"Redwood County","state":"MN","countyFips":"27127","confidence":"probabilistic","sourceDate":null,"attributes":{"operator":null,"operatorType":"Not recorded","manufacturer":"Flock Safety","cameraType":"fixed","direction":"184","zone":"traffic","surveillance":"public","osmId":13843932401,"osmUrl":"https://www.openstreetmap.org/node/13843932401"}}},{"type":"Feature","geometry":{"type":"Point","coordinates":[-93.2251611,45.7292253]},"properties":{"id":"alpr-osm-13854463601","layer":"alpr","name":"ALPR camera","county":"Isanti County","state":"MN","countyFips":"27059","confidence":"probabilistic","sourceDate":null,"attributes":{"operator":null,"operatorType":"Not recorded","manufacturer":"Flock Safety","cameraType":"fixed","direction":"123","zone":"traffic","surveillance":"public","osmId":13854463601,"osmUrl":"https://www.openstreetmap.org/node/13854463601"}}},{"type":"Feature","geometry":{"type":"Point","coordinates":[-93.2331688,45.7354763]},"properties":{"id":"alpr-osm-13859062602","layer":"alpr","name":"ALPR camera","county":"Kanabec County","state":"MN","countyFips":"27065","confidence":"probabilistic","sourceDate":null,"attributes":{"operator":null,"operatorType":"Not recorded","manufacturer":"Flock Safety","cameraType":"fixed","direction":"325","zone":"traffic","surveillance":"public","osmId":13859062602,"osmUrl":"https://www.openstreetmap.org/node/13859062602"}}},{"type":"Feature","geometry":{"type":"Point","coordinates":[-93.3362536,44.9467239]},"properties":{"id":"alpr-osm-13863529482","layer":"alpr","name":"ALPR camera","county":"Hennepin County","state":"MN","countyFips":"27053","confidence":"probabilistic","sourceDate":null,"attributes":{"operator":null,"operatorType":"Not recorded","manufacturer":"Flock Safety","cameraType":"fixed","direction":"220","zone":"traffic","surveillance":"public","osmId":13863529482,"osmUrl":"https://www.openstreetmap.org/node/13863529482"}}},{"type":"Feature","geometry":{"type":"Point","coordinates":[-92.8238452,44.6008474]},"properties":{"id":"alpr-osm-13864024801","layer":"alpr","name":"ALPR camera","county":"Dakota County","state":"MN","countyFips":"27037","confidence":"probabilistic","sourceDate":null,"attributes":{"operator":null,"operatorType":"Not recorded","manufacturer":"Flock Safety","cameraType":"fixed","direction":"221","zone":"traffic","surveillance":"public","osmId":13864024801,"osmUrl":"https://www.openstreetmap.org/node/13864024801"}}},{"type":"Feature","geometry":{"type":"Point","coordinates":[-93.3505626,45.1973487]},"properties":{"id":"alpr-osm-13867897001","layer":"alpr","name":"ALPR camera","county":"Anoka County","state":"MN","countyFips":"27003","confidence":"probabilistic","sourceDate":null,"attributes":{"operator":null,"operatorType":"Not recorded","manufacturer":"Flock Safety","cameraType":"fixed","direction":"166","zone":"traffic","surveillance":"public","osmId":13867897001,"osmUrl":"https://www.openstreetmap.org/node/13867897001"}}},{"type":"Feature","geometry":{"type":"Point","coordinates":[-93.2501883,44.8871348]},"properties":{"id":"alpr-osm-13874030701","layer":"alpr","name":"ALPR camera","county":"Hennepin County","state":"MN","countyFips":"27053","confidence":"probabilistic","sourceDate":null,"attributes":{"operator":null,"operatorType":"Not recorded","manufacturer":"Flock Safety","cameraType":"fixed","direction":"41;326","zone":"traffic","surveillance":"public","osmId":13874030701,"osmUrl":"https://www.openstreetmap.org/node/13874030701"}}},{"type":"Feature","geometry":{"type":"Point","coordinates":[-93.0831934,44.8916603]},"properties":{"id":"alpr-osm-13874616401","layer":"alpr","name":"ALPR camera","county":"Dakota County","state":"MN","countyFips":"27037","confidence":"probabilistic","sourceDate":null,"attributes":{"operator":null,"operatorType":"Not recorded","manufacturer":"Flock Safety","cameraType":"fixed","direction":"74","zone":"traffic","surveillance":"public","osmId":13874616401,"osmUrl":"https://www.openstreetmap.org/node/13874616401"}}},{"type":"Feature","geometry":{"type":"Point","coordinates":[-94.1064277,45.9698182]},"properties":{"id":"alpr-osm-13876997203","layer":"alpr","name":"ALPR camera","county":"Morrison County","state":"MN","countyFips":"27097","confidence":"probabilistic","sourceDate":null,"attributes":{"operator":null,"operatorType":"Not recorded","manufacturer":"Flock Safety","cameraType":"fixed","direction":"353","zone":"traffic","surveillance":"public","osmId":13876997203,"osmUrl":"https://www.openstreetmap.org/node/13876997203"}}},{"type":"Feature","geometry":{"type":"Point","coordinates":[-94.1064433,45.9698166]},"properties":{"id":"alpr-osm-13876997204","layer":"alpr","name":"ALPR camera","county":"Morrison County","state":"MN","countyFips":"27097","confidence":"probabilistic","sourceDate":null,"attributes":{"operator":null,"operatorType":"Not recorded","manufacturer":"Flock Safety","cameraType":"fixed","direction":"285","zone":"traffic","surveillance":"public","osmId":13876997204,"osmUrl":"https://www.openstreetmap.org/node/13876997204"}}},{"type":"Feature","geometry":{"type":"Point","coordinates":[-93.6004035,44.8304486]},"properties":{"id":"alpr-osm-13879012702","layer":"alpr","name":"ALPR camera","county":"Carver County","state":"MN","countyFips":"27019","confidence":"probabilistic","sourceDate":null,"attributes":{"operator":null,"operatorType":"Not recorded","manufacturer":"Flock Safety","cameraType":"fixed","direction":"288","zone":"traffic","surveillance":"public","osmId":13879012702,"osmUrl":"https://www.openstreetmap.org/node/13879012702"}}},{"type":"Feature","geometry":{"type":"Point","coordinates":[-93.0440606,44.9768292]},"properties":{"id":"alpr-osm-13879037601","layer":"alpr","name":"ALPR camera","county":"Ramsey County","state":"MN","countyFips":"27123","confidence":"probabilistic","sourceDate":null,"attributes":{"operator":null,"operatorType":"Not recorded","manufacturer":"Flock Safety","cameraType":"fixed","direction":"0","zone":"traffic","surveillance":"public","osmId":13879037601,"osmUrl":"https://www.openstreetmap.org/node/13879037601"}}},{"type":"Feature","geometry":{"type":"Point","coordinates":[-93.2526196,44.8924424]},"properties":{"id":"alpr-osm-13882609729","layer":"alpr","name":"ALPR camera","county":"Hennepin County","state":"MN","countyFips":"27053","confidence":"probabilistic","sourceDate":null,"attributes":{"operator":null,"operatorType":"Not recorded","manufacturer":"Flock Safety","cameraType":"fixed","direction":"170","zone":"traffic","surveillance":"public","osmId":13882609729,"osmUrl":"https://www.openstreetmap.org/node/13882609729"}}},{"type":"Feature","geometry":{"type":"Point","coordinates":[-93.5099053,45.4433874]},"properties":{"id":"alpr-osm-13887050801","layer":"alpr","name":"ALPR camera","county":"Isanti County","state":"MN","countyFips":"27059","confidence":"probabilistic","sourceDate":null,"attributes":{"operator":null,"operatorType":"Not recorded","manufacturer":"Flock Safety","cameraType":"fixed","direction":"89","zone":"traffic","surveillance":"public","osmId":13887050801,"osmUrl":"https://www.openstreetmap.org/node/13887050801"}}},{"type":"Feature","geometry":{"type":"Point","coordinates":[-95.8366098,46.847374]},"properties":{"id":"alpr-osm-13889098301","layer":"alpr","name":"ALPR camera","county":"Becker County","state":"MN","countyFips":"27005","confidence":"probabilistic","sourceDate":null,"attributes":{"operator":null,"operatorType":"Not recorded","manufacturer":"Flock Safety","cameraType":"fixed","direction":"0","zone":"traffic","surveillance":"public","osmId":13889098301,"osmUrl":"https://www.openstreetmap.org/node/13889098301"}}},{"type":"Feature","geometry":{"type":"Point","coordinates":[-92.9660768,44.8306855]},"properties":{"id":"alpr-osm-13889671045","layer":"alpr","name":"ALPR camera","county":"Washington County","state":"MN","countyFips":"27163","confidence":"probabilistic","sourceDate":null,"attributes":{"operator":null,"operatorType":"Not recorded","manufacturer":"Flock Safety","cameraType":"fixed","direction":"120","zone":"traffic","surveillance":"public","osmId":13889671045,"osmUrl":"https://www.openstreetmap.org/node/13889671045"}}},{"type":"Feature","geometry":{"type":"Point","coordinates":[-93.3297871,44.9401607]},"properties":{"id":"alpr-osm-13889702601","layer":"alpr","name":"ALPR camera","county":"Hennepin County","state":"MN","countyFips":"27053","confidence":"probabilistic","sourceDate":null,"attributes":{"operator":null,"operatorType":"Not recorded","manufacturer":"Flock Safety","cameraType":"fixed","direction":"199","zone":"traffic","surveillance":"public","osmId":13889702601,"osmUrl":"https://www.openstreetmap.org/node/13889702601"}}},{"type":"Feature","geometry":{"type":"Point","coordinates":[-93.3716578,45.060619]},"properties":{"id":"alpr-osm-13889974002","layer":"alpr","name":"ALPR camera","county":"Hennepin County","state":"MN","countyFips":"27053","confidence":"probabilistic","sourceDate":null,"attributes":{"operator":null,"operatorType":"Not recorded","manufacturer":"Flock Safety","cameraType":"fixed","direction":"125","zone":"traffic","surveillance":"public","osmId":13889974002,"osmUrl":"https://www.openstreetmap.org/node/13889974002"}}},{"type":"Feature","geometry":{"type":"Point","coordinates":[-93.0231241,45.4514486]},"properties":{"id":"alpr-osm-13892142202","layer":"alpr","name":"ALPR camera","county":"Isanti County","state":"MN","countyFips":"27059","confidence":"probabilistic","sourceDate":null,"attributes":{"operator":null,"operatorType":"Not recorded","manufacturer":"Flock Safety","cameraType":"fixed","direction":"244","zone":"traffic","surveillance":"public","osmId":13892142202,"osmUrl":"https://www.openstreetmap.org/node/13892142202"}}},{"type":"Feature","geometry":{"type":"Point","coordinates":[-92.9897289,43.6651494]},"properties":{"id":"alpr-osm-13902538501","layer":"alpr","name":"ALPR camera","county":"Mower County","state":"MN","countyFips":"27099","confidence":"probabilistic","sourceDate":null,"attributes":{"operator":null,"operatorType":"Not recorded","manufacturer":"Flock Safety","cameraType":"fixed","direction":"285","zone":"traffic","surveillance":"public","osmId":13902538501,"osmUrl":"https://www.openstreetmap.org/node/13902538501"}}},{"type":"Feature","geometry":{"type":"Point","coordinates":[-93.2900819,44.6816955]},"properties":{"id":"alpr-osm-13902751702","layer":"alpr","name":"ALPR camera","county":"Dakota County","state":"MN","countyFips":"27037","confidence":"probabilistic","sourceDate":null,"attributes":{"operator":null,"operatorType":"Not recorded","manufacturer":"Flock Safety","cameraType":"fixed","direction":"326","zone":"traffic","surveillance":"public","osmId":13902751702,"osmUrl":"https://www.openstreetmap.org/node/13902751702"}}},{"type":"Feature","geometry":{"type":"Point","coordinates":[-93.28273,44.7490092]},"properties":{"id":"alpr-osm-13905342501","layer":"alpr","name":"ALPR camera","county":"Dakota County","state":"MN","countyFips":"27037","confidence":"probabilistic","sourceDate":null,"attributes":{"operator":null,"operatorType":"Not recorded","manufacturer":"Flock Safety","cameraType":"fixed","direction":"116","zone":"traffic","surveillance":"public","osmId":13905342501,"osmUrl":"https://www.openstreetmap.org/node/13905342501"}}},{"type":"Feature","geometry":{"type":"Point","coordinates":[-92.6535513,45.4177055]},"properties":{"id":"alpr-osm-13905455301","layer":"alpr","name":"ALPR camera","county":"Chisago County","state":"MN","countyFips":"27025","confidence":"probabilistic","sourceDate":null,"attributes":{"operator":null,"operatorType":"Not recorded","manufacturer":"Motorola Solutions","cameraType":"fixed","direction":"192","zone":"traffic","surveillance":"public","osmId":13905455301,"osmUrl":"https://www.openstreetmap.org/node/13905455301"}}},{"type":"Feature","geometry":{"type":"Point","coordinates":[-93.8002296,45.2964425]},"properties":{"id":"alpr-osm-13909737701","layer":"alpr","name":"ALPR camera","county":"Wright County","state":"MN","countyFips":"27171","confidence":"probabilistic","sourceDate":null,"attributes":{"operator":null,"operatorType":"Not recorded","manufacturer":"Flock Safety","cameraType":"fixed","direction":"92","zone":"traffic","surveillance":"public","osmId":13909737701,"osmUrl":"https://www.openstreetmap.org/node/13909737701"}}},{"type":"Feature","geometry":{"type":"Point","coordinates":[-93.8010003,45.2963393]},"properties":{"id":"alpr-osm-13909740701","layer":"alpr","name":"ALPR camera","county":"Wright County","state":"MN","countyFips":"27171","confidence":"probabilistic","sourceDate":null,"attributes":{"operator":null,"operatorType":"Not recorded","manufacturer":"Flock Safety","cameraType":"fixed","direction":"175","zone":"traffic","surveillance":"public","osmId":13909740701,"osmUrl":"https://www.openstreetmap.org/node/13909740701"}}},{"type":"Feature","geometry":{"type":"Point","coordinates":[-93.6014373,46.710224]},"properties":{"id":"alpr-osm-13910785101","layer":"alpr","name":"ALPR camera","county":"Aitkin County","state":"MN","countyFips":"27001","confidence":"probabilistic","sourceDate":null,"attributes":{"operator":null,"operatorType":"Not recorded","manufacturer":"Flock Safety","cameraType":"fixed","direction":"179","zone":"traffic","surveillance":"public","osmId":13910785101,"osmUrl":"https://www.openstreetmap.org/node/13910785101"}}},{"type":"Feature","geometry":{"type":"Point","coordinates":[-93.5255732,44.9112734]},"properties":{"id":"alpr-osm-13910969724","layer":"alpr","name":"ALPR camera","county":"Hennepin County","state":"MN","countyFips":"27053","confidence":"probabilistic","sourceDate":null,"attributes":{"operator":null,"operatorType":"Not recorded","manufacturer":"Flock Safety","cameraType":"fixed","direction":"310","zone":"traffic","surveillance":"public","osmId":13910969724,"osmUrl":"https://www.openstreetmap.org/node/13910969724"}}},{"type":"Feature","geometry":{"type":"Point","coordinates":[-94.2120814,45.2923172]},"properties":{"id":"alpr-osm-13912248101","layer":"alpr","name":"ALPR camera — Wright County Sheriff","county":"Wright County","state":"MN","countyFips":"27171","confidence":"probabilistic","sourceDate":null,"attributes":{"operator":"Wright County Sheriff","operatorType":"County sheriff","manufacturer":"Flock Safety","cameraType":"fixed","direction":"74","zone":"traffic","surveillance":"public","osmId":13912248101,"osmUrl":"https://www.openstreetmap.org/node/13912248101"}}},{"type":"Feature","geometry":{"type":"Point","coordinates":[-93.9519693,44.1812242]},"properties":{"id":"alpr-osm-13912616002","layer":"alpr","name":"ALPR camera","county":"Blue Earth County","state":"MN","countyFips":"27013","confidence":"probabilistic","sourceDate":null,"attributes":{"operator":null,"operatorType":"Not recorded","manufacturer":"Flock Safety","cameraType":"fixed","direction":"0","zone":"traffic","surveillance":"public","osmId":13912616002,"osmUrl":"https://www.openstreetmap.org/node/13912616002"}}},{"type":"Feature","geometry":{"type":"Point","coordinates":[-93.951852,44.1816195]},"properties":{"id":"alpr-osm-13912616102","layer":"alpr","name":"ALPR camera","county":"Blue Earth County","state":"MN","countyFips":"27013","confidence":"probabilistic","sourceDate":null,"attributes":{"operator":null,"operatorType":"Not recorded","manufacturer":"Flock Safety","cameraType":"fixed","direction":"178","zone":"traffic","surveillance":"public","osmId":13912616102,"osmUrl":"https://www.openstreetmap.org/node/13912616102"}}},{"type":"Feature","geometry":{"type":"Point","coordinates":[-93.9520742,44.1814424]},"properties":{"id":"alpr-osm-13912616103","layer":"alpr","name":"ALPR camera","county":"Blue Earth County","state":"MN","countyFips":"27013","confidence":"probabilistic","sourceDate":null,"attributes":{"operator":null,"operatorType":"Not recorded","manufacturer":"Flock Safety","cameraType":"fixed","direction":"100","zone":"traffic","surveillance":"public","osmId":13912616103,"osmUrl":"https://www.openstreetmap.org/node/13912616103"}}},{"type":"Feature","geometry":{"type":"Point","coordinates":[-93.9516841,44.1813179]},"properties":{"id":"alpr-osm-13912616803","layer":"alpr","name":"ALPR camera","county":"Blue Earth County","state":"MN","countyFips":"27013","confidence":"probabilistic","sourceDate":null,"attributes":{"operator":null,"operatorType":"Not recorded","manufacturer":"Flock Safety","cameraType":"fixed","direction":"258","zone":"traffic","surveillance":"public","osmId":13912616803,"osmUrl":"https://www.openstreetmap.org/node/13912616803"}}},{"type":"Feature","geometry":{"type":"Point","coordinates":[-94.4354983,44.9010383]},"properties":{"id":"alpr-osm-13913043701","layer":"alpr","name":"ALPR camera","county":"McLeod County","state":"MN","countyFips":"27085","confidence":"probabilistic","sourceDate":null,"attributes":{"operator":null,"operatorType":"Not recorded","manufacturer":null,"cameraType":"fixed","direction":"106","zone":"Traffic","surveillance":"Public","osmId":13913043701,"osmUrl":"https://www.openstreetmap.org/node/13913043701"}}},{"type":"Feature","geometry":{"type":"Point","coordinates":[-93.5127673,45.8011902]},"properties":{"id":"alpr-osm-13913652801","layer":"alpr","name":"ALPR camera","county":"Kanabec County","state":"MN","countyFips":"27065","confidence":"probabilistic","sourceDate":null,"attributes":{"operator":null,"operatorType":"Not recorded","manufacturer":"Flock Safety","cameraType":"fixed","direction":"30","zone":"traffic","surveillance":"public","osmId":13913652801,"osmUrl":"https://www.openstreetmap.org/node/13913652801"}}},{"type":"Feature","geometry":{"type":"Point","coordinates":[-93.1945557,47.0868124]},"properties":{"id":"alpr-osm-13915392501","layer":"alpr","name":"ALPR camera","county":"Itasca County","state":"MN","countyFips":"27061","confidence":"probabilistic","sourceDate":null,"attributes":{"operator":null,"operatorType":"Not recorded","manufacturer":"Flock Safety","cameraType":"fixed","direction":"251","zone":"traffic","surveillance":"public","osmId":13915392501,"osmUrl":"https://www.openstreetmap.org/node/13915392501"}}},{"type":"Feature","geometry":{"type":"Point","coordinates":[-95.1778957,45.1476038]},"properties":{"id":"alpr-osm-13915578401","layer":"alpr","name":"ALPR camera","county":"Kandiyohi County","state":"MN","countyFips":"27067","confidence":"probabilistic","sourceDate":null,"attributes":{"operator":null,"operatorType":"Not recorded","manufacturer":"Flock Safety","cameraType":"fixed","direction":"71","zone":"traffic","surveillance":"public","osmId":13915578401,"osmUrl":"https://www.openstreetmap.org/node/13915578401"}}},{"type":"Feature","geometry":{"type":"Point","coordinates":[-93.9718019,44.159776]},"properties":{"id":"alpr-osm-13917974198","layer":"alpr","name":"ALPR camera","county":"Blue Earth County","state":"MN","countyFips":"27013","confidence":"probabilistic","sourceDate":null,"attributes":{"operator":null,"operatorType":"Not recorded","manufacturer":null,"cameraType":null,"direction":null,"zone":null,"surveillance":null,"osmId":13917974198,"osmUrl":"https://www.openstreetmap.org/node/13917974198"}}},{"type":"Feature","geometry":{"type":"Point","coordinates":[-93.2351306,45.4226104]},"properties":{"id":"alpr-osm-13919226101","layer":"alpr","name":"ALPR camera","county":"Isanti County","state":"MN","countyFips":"27059","confidence":"probabilistic","sourceDate":null,"attributes":{"operator":null,"operatorType":"Not recorded","manufacturer":"Flock Safety","cameraType":"fixed","direction":"0","zone":"traffic","surveillance":"public","osmId":13919226101,"osmUrl":"https://www.openstreetmap.org/node/13919226101"}}},{"type":"Feature","geometry":{"type":"Point","coordinates":[-93.21679,44.9716913]},"properties":{"id":"alpr-osm-13923122060","layer":"alpr","name":"ALPR camera","county":"Hennepin County","state":"MN","countyFips":"27053","confidence":"probabilistic","sourceDate":null,"attributes":{"operator":null,"operatorType":"Not recorded","manufacturer":"Flock Safety","cameraType":"fixed","direction":"300","zone":"traffic","surveillance":"public","osmId":13923122060,"osmUrl":"https://www.openstreetmap.org/node/13923122060"}}},{"type":"Feature","geometry":{"type":"Point","coordinates":[-94.1489882,45.5491889]},"properties":{"id":"alpr-osm-13929637838","layer":"alpr","name":"ALPR camera","county":"Stearns County","state":"MN","countyFips":"27145","confidence":"probabilistic","sourceDate":null,"attributes":{"operator":null,"operatorType":"Not recorded","manufacturer":null,"cameraType":null,"direction":"88","zone":"traffic","surveillance":"outdoor","osmId":13929637838,"osmUrl":"https://www.openstreetmap.org/node/13929637838"}}},{"type":"Feature","geometry":{"type":"Point","coordinates":[-94.1447755,45.5488706]},"properties":{"id":"alpr-osm-13929647985","layer":"alpr","name":"ALPR camera","county":"Sherburne County","state":"MN","countyFips":"27141","confidence":"probabilistic","sourceDate":null,"attributes":{"operator":null,"operatorType":"Not recorded","manufacturer":null,"cameraType":null,"direction":"256","zone":"traffic","surveillance":"traffic","osmId":13929647985,"osmUrl":"https://www.openstreetmap.org/node/13929647985"}}},{"type":"Feature","geometry":{"type":"Point","coordinates":[-93.3677796,45.4138692]},"properties":{"id":"alpr-osm-13932052701","layer":"alpr","name":"ALPR camera","county":"Anoka County","state":"MN","countyFips":"27003","confidence":"probabilistic","sourceDate":null,"attributes":{"operator":null,"operatorType":"Not recorded","manufacturer":"Flock Safety","cameraType":"fixed","direction":"18","zone":"traffic","surveillance":"public","osmId":13932052701,"osmUrl":"https://www.openstreetmap.org/node/13932052701"}}},{"type":"Feature","geometry":{"type":"Point","coordinates":[-93.6068188,44.8931006]},"properties":{"id":"alpr-osm-13932087802","layer":"alpr","name":"ALPR camera","county":"Hennepin County","state":"MN","countyFips":"27053","confidence":"probabilistic","sourceDate":null,"attributes":{"operator":null,"operatorType":"Not recorded","manufacturer":"Axis Communications","cameraType":"fixed","direction":"172","zone":"traffic","surveillance":"public","osmId":13932087802,"osmUrl":"https://www.openstreetmap.org/node/13932087802"}}},{"type":"Feature","geometry":{"type":"Point","coordinates":[-93.415344,45.73045]},"properties":{"id":"alpr-osm-13932098601","layer":"alpr","name":"ALPR camera","county":"Isanti County","state":"MN","countyFips":"27059","confidence":"probabilistic","sourceDate":null,"attributes":{"operator":null,"operatorType":"Not recorded","manufacturer":"Flock Safety","cameraType":"fixed","direction":"137","zone":"traffic","surveillance":"public","osmId":13932098601,"osmUrl":"https://www.openstreetmap.org/node/13932098601"}}},{"type":"Feature","geometry":{"type":"Point","coordinates":[-93.409711,45.760804]},"properties":{"id":"alpr-osm-13932100601","layer":"alpr","name":"ALPR camera","county":"Kanabec County","state":"MN","countyFips":"27065","confidence":"probabilistic","sourceDate":null,"attributes":{"operator":null,"operatorType":"Not recorded","manufacturer":"Flock Safety","cameraType":"fixed","direction":"335","zone":"traffic","surveillance":"public","osmId":13932100601,"osmUrl":"https://www.openstreetmap.org/node/13932100601"}}},{"type":"Feature","geometry":{"type":"Point","coordinates":[-93.232548,45.734575]},"properties":{"id":"alpr-osm-13937128601","layer":"alpr","name":"ALPR camera","county":"Kanabec County","state":"MN","countyFips":"27065","confidence":"probabilistic","sourceDate":null,"attributes":{"operator":null,"operatorType":"Not recorded","manufacturer":"Flock Safety","cameraType":"fixed","direction":"0","zone":"traffic","surveillance":"public","osmId":13937128601,"osmUrl":"https://www.openstreetmap.org/node/13937128601"}}},{"type":"Feature","geometry":{"type":"Point","coordinates":[-92.4197676,44.2892682]},"properties":{"id":"alpr-osm-13939516501","layer":"alpr","name":"ALPR camera","county":"Wabasha County","state":"MN","countyFips":"27157","confidence":"probabilistic","sourceDate":null,"attributes":{"operator":null,"operatorType":"Not recorded","manufacturer":"Flock Safety","cameraType":"fixed","direction":"359","zone":"traffic","surveillance":"public","osmId":13939516501,"osmUrl":"https://www.openstreetmap.org/node/13939516501"}}},{"type":"Feature","geometry":{"type":"Point","coordinates":[-93.0051767,45.0095837]},"properties":{"id":"alpr-osm-13941081601","layer":"alpr","name":"ALPR camera","county":"Ramsey County","state":"MN","countyFips":"27123","confidence":"probabilistic","sourceDate":null,"attributes":{"operator":null,"operatorType":"Not recorded","manufacturer":"Flock Safety","cameraType":"fixed","direction":"148","zone":"traffic","surveillance":"public","osmId":13941081601,"osmUrl":"https://www.openstreetmap.org/node/13941081601"}}},{"type":"Feature","geometry":{"type":"Point","coordinates":[-94.1810146,45.0792926]},"properties":{"id":"alpr-osm-13943588402","layer":"alpr","name":"ALPR camera","county":"Wright County","state":"MN","countyFips":"27171","confidence":"probabilistic","sourceDate":null,"attributes":{"operator":null,"operatorType":"Not recorded","manufacturer":"Flock Safety","cameraType":"fixed","direction":"73","zone":"traffic","surveillance":"public","osmId":13943588402,"osmUrl":"https://www.openstreetmap.org/node/13943588402"}}},{"type":"Feature","geometry":{"type":"Point","coordinates":[-94.1429744,45.5637451]},"properties":{"id":"alpr-osm-13943958000","layer":"alpr","name":"ALPR camera","county":"Benton County","state":"MN","countyFips":"27009","confidence":"probabilistic","sourceDate":null,"attributes":{"operator":null,"operatorType":"Not recorded","manufacturer":null,"cameraType":"fixed","direction":"130;0","zone":null,"surveillance":"traffic","osmId":13943958000,"osmUrl":"https://www.openstreetmap.org/node/13943958000"}}},{"type":"Feature","geometry":{"type":"Point","coordinates":[-93.3652395,47.4727675]},"properties":{"id":"alpr-osm-13944019601","layer":"alpr","name":"ALPR camera","county":"Itasca County","state":"MN","countyFips":"27061","confidence":"probabilistic","sourceDate":null,"attributes":{"operator":null,"operatorType":"Not recorded","manufacturer":"Flock Safety","cameraType":"fixed","direction":"331","zone":"traffic","surveillance":"public","osmId":13944019601,"osmUrl":"https://www.openstreetmap.org/node/13944019601"}}},{"type":"Feature","geometry":{"type":"Point","coordinates":[-94.3678666,44.911213]},"properties":{"id":"alpr-osm-13944484101","layer":"alpr","name":"ALPR camera","county":"McLeod County","state":"MN","countyFips":"27085","confidence":"probabilistic","sourceDate":null,"attributes":{"operator":null,"operatorType":"Not recorded","manufacturer":"Flock Safety","cameraType":"fixed","direction":"160","zone":"traffic","surveillance":"public","osmId":13944484101,"osmUrl":"https://www.openstreetmap.org/node/13944484101"}}},{"type":"Feature","geometry":{"type":"Point","coordinates":[-94.4364162,44.9017931]},"properties":{"id":"alpr-osm-13944484102","layer":"alpr","name":"ALPR camera","county":"McLeod County","state":"MN","countyFips":"27085","confidence":"probabilistic","sourceDate":null,"attributes":{"operator":null,"operatorType":"Not recorded","manufacturer":"Flock Safety","cameraType":"fixed","direction":"119","zone":"traffic","surveillance":"public","osmId":13944484102,"osmUrl":"https://www.openstreetmap.org/node/13944484102"}}},{"type":"Feature","geometry":{"type":"Point","coordinates":[-94.3333096,44.8962956]},"properties":{"id":"alpr-osm-13944485501","layer":"alpr","name":"ALPR camera","county":"McLeod County","state":"MN","countyFips":"27085","confidence":"probabilistic","sourceDate":null,"attributes":{"operator":null,"operatorType":"Not recorded","manufacturer":"Flock Safety","cameraType":"fixed","direction":"248","zone":"traffic","surveillance":"public","osmId":13944485501,"osmUrl":"https://www.openstreetmap.org/node/13944485501"}}},{"type":"Feature","geometry":{"type":"Point","coordinates":[-93.2183003,44.6433912]},"properties":{"id":"alpr-osm-13946550001","layer":"alpr","name":"ALPR camera","county":"Dakota County","state":"MN","countyFips":"27037","confidence":"probabilistic","sourceDate":null,"attributes":{"operator":null,"operatorType":"Not recorded","manufacturer":"Flock Safety","cameraType":"fixed","direction":"258","zone":"traffic","surveillance":"public","osmId":13946550001,"osmUrl":"https://www.openstreetmap.org/node/13946550001"}}},{"type":"Feature","geometry":{"type":"Point","coordinates":[-93.2678444,44.8942731]},"properties":{"id":"alpr-osm-13946692201","layer":"alpr","name":"ALPR camera","county":"Hennepin County","state":"MN","countyFips":"27053","confidence":"probabilistic","sourceDate":null,"attributes":{"operator":null,"operatorType":"Not recorded","manufacturer":"Flock Safety","cameraType":"fixed","direction":"88","zone":"traffic","surveillance":"public","osmId":13946692201,"osmUrl":"https://www.openstreetmap.org/node/13946692201"}}},{"type":"Feature","geometry":{"type":"Point","coordinates":[-94.296311,46.6027573]},"properties":{"id":"alpr-osm-13948084801","layer":"alpr","name":"ALPR camera","county":"Crow Wing County","state":"MN","countyFips":"27035","confidence":"probabilistic","sourceDate":null,"attributes":{"operator":null,"operatorType":"Not recorded","manufacturer":"Flock Safety","cameraType":"fixed","direction":"53","zone":"traffic","surveillance":"public","osmId":13948084801,"osmUrl":"https://www.openstreetmap.org/node/13948084801"}}},{"type":"Feature","geometry":{"type":"Point","coordinates":[-93.2780533,44.9197045]},"properties":{"id":"alpr-osm-13950989901","layer":"alpr","name":"ALPR camera","county":"Hennepin County","state":"MN","countyFips":"27053","confidence":"probabilistic","sourceDate":null,"attributes":{"operator":null,"operatorType":"Not recorded","manufacturer":"Flock Safety","cameraType":"fixed","direction":"177","zone":"traffic","surveillance":"public","osmId":13950989901,"osmUrl":"https://www.openstreetmap.org/node/13950989901"}}},{"type":"Feature","geometry":{"type":"Point","coordinates":[-92.8395257,46.325403]},"properties":{"id":"alpr-osm-13950998401","layer":"alpr","name":"ALPR camera","county":"Pine County","state":"MN","countyFips":"27115","confidence":"probabilistic","sourceDate":null,"attributes":{"operator":null,"operatorType":"Not recorded","manufacturer":"Flock Safety","cameraType":"fixed","direction":"188","zone":"traffic","surveillance":"public","osmId":13950998401,"osmUrl":"https://www.openstreetmap.org/node/13950998401"}}},{"type":"Feature","geometry":{"type":"Point","coordinates":[-93.1971822,44.9232204]},"properties":{"id":"alpr-osm-13951021581","layer":"alpr","name":"ALPR camera — Temple of Aaron","county":"Ramsey County","state":"MN","countyFips":"27123","confidence":"probabilistic","sourceDate":null,"attributes":{"operator":"Temple of Aaron","operatorType":"Other or unclassified","manufacturer":"Flock Safety","cameraType":"fixed","direction":"60","zone":"traffic","surveillance":"public","osmId":13951021581,"osmUrl":"https://www.openstreetmap.org/node/13951021581"}}},{"type":"Feature","geometry":{"type":"Point","coordinates":[-95.1287957,44.2097598]},"properties":{"id":"alpr-osm-13952709801","layer":"alpr","name":"ALPR camera","county":"Redwood County","state":"MN","countyFips":"27127","confidence":"probabilistic","sourceDate":null,"attributes":{"operator":null,"operatorType":"Not recorded","manufacturer":"Flock Safety","cameraType":"fixed","direction":"118","zone":"traffic","surveillance":"public","osmId":13952709801,"osmUrl":"https://www.openstreetmap.org/node/13952709801"}}},{"type":"Feature","geometry":{"type":"Point","coordinates":[-93.2837028,46.1155974]},"properties":{"id":"alpr-osm-13952723701","layer":"alpr","name":"ALPR camera","county":"Kanabec County","state":"MN","countyFips":"27065","confidence":"probabilistic","sourceDate":null,"attributes":{"operator":null,"operatorType":"Not recorded","manufacturer":"Flock Safety","cameraType":"fixed","direction":"148","zone":"traffic","surveillance":"public","osmId":13952723701,"osmUrl":"https://www.openstreetmap.org/node/13952723701"}}},{"type":"Feature","geometry":{"type":"Point","coordinates":[-93.2773655,46.2186412]},"properties":{"id":"alpr-osm-13952730401","layer":"alpr","name":"ALPR camera","county":"Aitkin County","state":"MN","countyFips":"27001","confidence":"probabilistic","sourceDate":null,"attributes":{"operator":null,"operatorType":"Not recorded","manufacturer":"Flock Safety","cameraType":"fixed","direction":"324","zone":"traffic","surveillance":"public","osmId":13952730401,"osmUrl":"https://www.openstreetmap.org/node/13952730401"}}},{"type":"Feature","geometry":{"type":"Point","coordinates":[-93.1948619,47.0864525]},"properties":{"id":"alpr-osm-13952879801","layer":"alpr","name":"ALPR camera","county":"Itasca County","state":"MN","countyFips":"27061","confidence":"probabilistic","sourceDate":null,"attributes":{"operator":null,"operatorType":"Not recorded","manufacturer":"Flock Safety","cameraType":"fixed","direction":"332","zone":"traffic","surveillance":"public","osmId":13952879801,"osmUrl":"https://www.openstreetmap.org/node/13952879801"}}},{"type":"Feature","geometry":{"type":"Point","coordinates":[-96.0639095,46.7292793]},"properties":{"id":"alpr-osm-13953158001","layer":"alpr","name":"ALPR camera","county":"Becker County","state":"MN","countyFips":"27005","confidence":"probabilistic","sourceDate":null,"attributes":{"operator":null,"operatorType":"Not recorded","manufacturer":"Flock Safety","cameraType":"fixed","direction":"325","zone":"traffic","surveillance":"public","osmId":13953158001,"osmUrl":"https://www.openstreetmap.org/node/13953158001"}}},{"type":"Feature","geometry":{"type":"Point","coordinates":[-94.2133628,45.5560965]},"properties":{"id":"alpr-osm-13953203001","layer":"alpr","name":"ALPR camera","county":"Stearns County","state":"MN","countyFips":"27145","confidence":"probabilistic","sourceDate":null,"attributes":{"operator":null,"operatorType":"Not recorded","manufacturer":"Flock Safety","cameraType":"fixed","direction":"63","zone":"traffic","surveillance":"public","osmId":13953203001,"osmUrl":"https://www.openstreetmap.org/node/13953203001"}}},{"type":"Feature","geometry":{"type":"Point","coordinates":[-93.277596,44.9954475]},"properties":{"id":"alpr-osm-13954450102","layer":"alpr","name":"ALPR camera","county":"Hennepin County","state":"MN","countyFips":"27053","confidence":"probabilistic","sourceDate":null,"attributes":{"operator":null,"operatorType":"Not recorded","manufacturer":"Flock Safety","cameraType":"fixed","direction":"0","zone":"traffic","surveillance":"public","osmId":13954450102,"osmUrl":"https://www.openstreetmap.org/node/13954450102"}}},{"type":"Feature","geometry":{"type":"Point","coordinates":[-93.2985901,44.9981835]},"properties":{"id":"alpr-osm-13954566501","layer":"alpr","name":"ALPR camera","county":"Hennepin County","state":"MN","countyFips":"27053","confidence":"probabilistic","sourceDate":null,"attributes":{"operator":null,"operatorType":"Not recorded","manufacturer":"Genetec","cameraType":"fixed","direction":"0","zone":"traffic","surveillance":"public","osmId":13954566501,"osmUrl":"https://www.openstreetmap.org/node/13954566501"}}},{"type":"Feature","geometry":{"type":"Point","coordinates":[-93.2026994,47.3385602]},"properties":{"id":"alpr-osm-13955939201","layer":"alpr","name":"ALPR camera","county":"Itasca County","state":"MN","countyFips":"27061","confidence":"probabilistic","sourceDate":null,"attributes":{"operator":null,"operatorType":"Not recorded","manufacturer":"Flock Safety","cameraType":"fixed","direction":"260","zone":"traffic","surveillance":"public","osmId":13955939201,"osmUrl":"https://www.openstreetmap.org/node/13955939201"}}},{"type":"Feature","geometry":{"type":"Point","coordinates":[-93.3171638,46.680477]},"properties":{"id":"alpr-osm-13956000401","layer":"alpr","name":"ALPR camera","county":"Aitkin County","state":"MN","countyFips":"27001","confidence":"probabilistic","sourceDate":null,"attributes":{"operator":null,"operatorType":"Not recorded","manufacturer":"Flock Safety","cameraType":"fixed","direction":"136","zone":"traffic","surveillance":"public","osmId":13956000401,"osmUrl":"https://www.openstreetmap.org/node/13956000401"}}},{"type":"Feature","geometry":{"type":"Point","coordinates":[-94.2132414,45.5544067]},"properties":{"id":"alpr-osm-13956082601","layer":"alpr","name":"ALPR camera","county":"Stearns County","state":"MN","countyFips":"27145","confidence":"probabilistic","sourceDate":null,"attributes":{"operator":null,"operatorType":"Not recorded","manufacturer":"Flock Safety","cameraType":"fixed","direction":"13","zone":"traffic","surveillance":"public","osmId":13956082601,"osmUrl":"https://www.openstreetmap.org/node/13956082601"}}},{"type":"Feature","geometry":{"type":"Point","coordinates":[-94.1572908,45.5600841]},"properties":{"id":"alpr-osm-13956101001","layer":"alpr","name":"ALPR camera","county":"Stearns County","state":"MN","countyFips":"27145","confidence":"probabilistic","sourceDate":null,"attributes":{"operator":null,"operatorType":"Not recorded","manufacturer":"Flock Safety","cameraType":"fixed","direction":"121","zone":"traffic","surveillance":"public","osmId":13956101001,"osmUrl":"https://www.openstreetmap.org/node/13956101001"}}},{"type":"Feature","geometry":{"type":"Point","coordinates":[-94.1509956,45.5617856]},"properties":{"id":"alpr-osm-13956101101","layer":"alpr","name":"ALPR camera","county":"Benton County","state":"MN","countyFips":"27009","confidence":"probabilistic","sourceDate":null,"attributes":{"operator":null,"operatorType":"Not recorded","manufacturer":"Flock Safety","cameraType":"fixed","direction":"209","zone":"traffic","surveillance":"public","osmId":13956101101,"osmUrl":"https://www.openstreetmap.org/node/13956101101"}}},{"type":"Feature","geometry":{"type":"Point","coordinates":[-94.1531302,45.5606007]},"properties":{"id":"alpr-osm-13956102001","layer":"alpr","name":"ALPR camera","county":null,"state":"MN","countyFips":null,"confidence":"probabilistic","sourceDate":null,"attributes":{"operator":null,"operatorType":"Not recorded","manufacturer":"Flock Safety","cameraType":"fixed","direction":"48","zone":"traffic","surveillance":"public","osmId":13956102001,"osmUrl":"https://www.openstreetmap.org/node/13956102001"}}},{"type":"Feature","geometry":{"type":"Point","coordinates":[-92.9036405,44.8476552]},"properties":{"id":"alpr-osm-13956128301","layer":"alpr","name":"ALPR camera","county":"Washington County","state":"MN","countyFips":"27163","confidence":"probabilistic","sourceDate":null,"attributes":{"operator":null,"operatorType":"Not recorded","manufacturer":"Flock Safety","cameraType":"fixed","direction":"156","zone":"traffic","surveillance":"public","osmId":13956128301,"osmUrl":"https://www.openstreetmap.org/node/13956128301"}}},{"type":"Feature","geometry":{"type":"Point","coordinates":[-93.288357,44.9670056]},"properties":{"id":"alpr-osm-13956318201","layer":"alpr","name":"ALPR camera — The Home Depot","county":"Hennepin County","state":"MN","countyFips":"27053","confidence":"probabilistic","sourceDate":null,"attributes":{"operator":"The Home Depot","operatorType":"Other or unclassified","manufacturer":"Flock Safety","cameraType":"fixed","direction":"201","zone":"traffic","surveillance":"public","osmId":13956318201,"osmUrl":"https://www.openstreetmap.org/node/13956318201"}}},{"type":"Feature","geometry":{"type":"Point","coordinates":[-93.2883573,44.9670045]},"properties":{"id":"alpr-osm-13956324001","layer":"alpr","name":"ALPR camera","county":"Hennepin County","state":"MN","countyFips":"27053","confidence":"probabilistic","sourceDate":null,"attributes":{"operator":null,"operatorType":"Not recorded","manufacturer":"Flock Safety","cameraType":"fixed","direction":"152","zone":"traffic","surveillance":"public","osmId":13956324001,"osmUrl":"https://www.openstreetmap.org/node/13956324001"}}},{"type":"Feature","geometry":{"type":"Point","coordinates":[-93.2374086,44.9810634]},"properties":{"id":"alpr-osm-13956749401","layer":"alpr","name":"ALPR camera","county":"Hennepin County","state":"MN","countyFips":"27053","confidence":"probabilistic","sourceDate":null,"attributes":{"operator":null,"operatorType":"Not recorded","manufacturer":"Flock Safety","cameraType":"fixed","direction":"329","zone":"traffic","surveillance":"public","osmId":13956749401,"osmUrl":"https://www.openstreetmap.org/node/13956749401"}}},{"type":"Feature","geometry":{"type":"Point","coordinates":[-93.0174861,45.0385988]},"properties":{"id":"alpr-osm-13958028401","layer":"alpr","name":"ALPR camera","county":"Ramsey County","state":"MN","countyFips":"27123","confidence":"probabilistic","sourceDate":null,"attributes":{"operator":null,"operatorType":"Not recorded","manufacturer":"Flock Safety","cameraType":"fixed","direction":"0","zone":"traffic","surveillance":"public","osmId":13958028401,"osmUrl":"https://www.openstreetmap.org/node/13958028401"}}},{"type":"Feature","geometry":{"type":"Point","coordinates":[-93.5115732,44.8571959]},"properties":{"id":"alpr-osm-13959917401","layer":"alpr","name":"ALPR camera","county":"Hennepin County","state":"MN","countyFips":"27053","confidence":"probabilistic","sourceDate":null,"attributes":{"operator":null,"operatorType":"Not recorded","manufacturer":"Motorola Solutions","cameraType":"fixed","direction":"163","zone":"traffic","surveillance":"public","osmId":13959917401,"osmUrl":"https://www.openstreetmap.org/node/13959917401"}}},{"type":"Feature","geometry":{"type":"Point","coordinates":[-96.0728514,46.2824459]},"properties":{"id":"alpr-osm-13960966501","layer":"alpr","name":"ALPR camera","county":"Otter Tail County","state":"MN","countyFips":"27111","confidence":"probabilistic","sourceDate":null,"attributes":{"operator":null,"operatorType":"Not recorded","manufacturer":"Flock Safety","cameraType":"fixed","direction":"188;117;255","zone":"traffic","surveillance":"public","osmId":13960966501,"osmUrl":"https://www.openstreetmap.org/node/13960966501"}}},{"type":"Feature","geometry":{"type":"Point","coordinates":[-96.0762364,46.2865609]},"properties":{"id":"alpr-osm-13960967301","layer":"alpr","name":"ALPR camera","county":"Otter Tail County","state":"MN","countyFips":"27111","confidence":"probabilistic","sourceDate":null,"attributes":{"operator":null,"operatorType":"Not recorded","manufacturer":"Motorola Solutions","cameraType":"fixed","direction":"163","zone":"traffic","surveillance":"public","osmId":13960967301,"osmUrl":"https://www.openstreetmap.org/node/13960967301"}}},{"type":"Feature","geometry":{"type":"Point","coordinates":[-96.0742652,46.2852466]},"properties":{"id":"alpr-osm-13960969701","layer":"alpr","name":"ALPR camera","county":"Otter Tail County","state":"MN","countyFips":"27111","confidence":"probabilistic","sourceDate":null,"attributes":{"operator":null,"operatorType":"Not recorded","manufacturer":"Motorola Solutions","cameraType":"fixed","direction":"134","zone":"traffic","surveillance":"public","osmId":13960969701,"osmUrl":"https://www.openstreetmap.org/node/13960969701"}}},{"type":"Feature","geometry":{"type":"Point","coordinates":[-96.0725078,46.2846751]},"properties":{"id":"alpr-osm-13960970701","layer":"alpr","name":"ALPR camera","county":"Otter Tail County","state":"MN","countyFips":"27111","confidence":"probabilistic","sourceDate":null,"attributes":{"operator":null,"operatorType":"Not recorded","manufacturer":"Motorola Solutions","cameraType":"fixed","direction":"137","zone":"traffic","surveillance":"public","osmId":13960970701,"osmUrl":"https://www.openstreetmap.org/node/13960970701"}}},{"type":"Feature","geometry":{"type":"Point","coordinates":[-93.96862,44.3236717]},"properties":{"id":"alpr-osm-13961350526","layer":"alpr","name":"ALPR camera — Gustavus Adolphus College Campus Safety","county":"Nicollet County","state":"MN","countyFips":"27103","confidence":"probabilistic","sourceDate":null,"attributes":{"operator":"Gustavus Adolphus College Campus Safety","operatorType":"School or campus","manufacturer":"Flock Safety","cameraType":"fixed","direction":"200","zone":"traffic","surveillance":"public","osmId":13961350526,"osmUrl":"https://www.openstreetmap.org/node/13961350526"}}},{"type":"Feature","geometry":{"type":"Point","coordinates":[-94.940196,45.2309349]},"properties":{"id":"alpr-osm-13962153802","layer":"alpr","name":"ALPR camera","county":"Kandiyohi County","state":"MN","countyFips":"27067","confidence":"probabilistic","sourceDate":null,"attributes":{"operator":null,"operatorType":"Not recorded","manufacturer":"Flock Safety","cameraType":"fixed","direction":"154;49","zone":"traffic","surveillance":"public","osmId":13962153802,"osmUrl":"https://www.openstreetmap.org/node/13962153802"}}},{"type":"Feature","geometry":{"type":"Point","coordinates":[-94.9395429,45.2319475]},"properties":{"id":"alpr-osm-13962159402","layer":"alpr","name":"ALPR camera","county":"Kandiyohi County","state":"MN","countyFips":"27067","confidence":"probabilistic","sourceDate":null,"attributes":{"operator":null,"operatorType":"Not recorded","manufacturer":"Flock Safety","cameraType":"fixed","direction":"221","zone":"traffic","surveillance":"public","osmId":13962159402,"osmUrl":"https://www.openstreetmap.org/node/13962159402"}}},{"type":"Feature","geometry":{"type":"Point","coordinates":[-92.3723737,47.8051769]},"properties":{"id":"alpr-osm-13962808701","layer":"alpr","name":"ALPR camera","county":"St. Louis County","state":"MN","countyFips":"27137","confidence":"probabilistic","sourceDate":null,"attributes":{"operator":null,"operatorType":"Not recorded","manufacturer":"Flock Safety","cameraType":"fixed","direction":"337","zone":"traffic","surveillance":"public","osmId":13962808701,"osmUrl":"https://www.openstreetmap.org/node/13962808701"}}},{"type":"Feature","geometry":{"type":"Point","coordinates":[-92.1465761,47.5192344]},"properties":{"id":"alpr-osm-13962818702","layer":"alpr","name":"ALPR camera","county":"St. Louis County","state":"MN","countyFips":"27137","confidence":"probabilistic","sourceDate":null,"attributes":{"operator":null,"operatorType":"Not recorded","manufacturer":"Flock Safety","cameraType":"fixed","direction":"284","zone":"traffic","surveillance":"public","osmId":13962818702,"osmUrl":"https://www.openstreetmap.org/node/13962818702"}}},{"type":"Feature","geometry":{"type":"Point","coordinates":[-93.075467,47.3989718]},"properties":{"id":"alpr-osm-13963110801","layer":"alpr","name":"ALPR camera","county":"Itasca County","state":"MN","countyFips":"27061","confidence":"probabilistic","sourceDate":null,"attributes":{"operator":null,"operatorType":"Not recorded","manufacturer":"Flock Safety","cameraType":"fixed","direction":"340","zone":"traffic","surveillance":"public","osmId":13963110801,"osmUrl":"https://www.openstreetmap.org/node/13963110801"}}},{"type":"Feature","geometry":{"type":"Point","coordinates":[-94.9398512,45.2341336]},"properties":{"id":"alpr-osm-13965724717","layer":"alpr","name":"ALPR camera — City of Willmar - Police","county":"Kandiyohi County","state":"MN","countyFips":"27067","confidence":"probabilistic","sourceDate":null,"attributes":{"operator":"City of Willmar - Police","operatorType":"Police department","manufacturer":"Flock Safety","cameraType":"fixed","direction":"140;30","zone":null,"surveillance":null,"osmId":13965724717,"osmUrl":"https://www.openstreetmap.org/node/13965724717"}}},{"type":"Feature","geometry":{"type":"Point","coordinates":[-94.1335384,45.5266818]},"properties":{"id":"alpr-osm-13965757101","layer":"alpr","name":"ALPR camera","county":"Sherburne County","state":"MN","countyFips":"27141","confidence":"probabilistic","sourceDate":null,"attributes":{"operator":null,"operatorType":"Not recorded","manufacturer":"Flock Safety","cameraType":"fixed","direction":"137","zone":"traffic","surveillance":"public","osmId":13965757101,"osmUrl":"https://www.openstreetmap.org/node/13965757101"}}},{"type":"Feature","geometry":{"type":"Point","coordinates":[-93.0964081,44.9671497]},"properties":{"id":"alpr-osm-13968448602","layer":"alpr","name":"ALPR camera","county":"Ramsey County","state":"MN","countyFips":"27123","confidence":"probabilistic","sourceDate":null,"attributes":{"operator":null,"operatorType":"Not recorded","manufacturer":"Flock Safety","cameraType":"fixed","direction":"180","zone":"traffic","surveillance":"public","osmId":13968448602,"osmUrl":"https://www.openstreetmap.org/node/13968448602"}}},{"type":"Feature","geometry":{"type":"Point","coordinates":[-93.2547957,45.1754493]},"properties":{"id":"alpr-osm-13968789043","layer":"alpr","name":"ALPR camera","county":"Anoka County","state":"MN","countyFips":"27003","confidence":"probabilistic","sourceDate":null,"attributes":{"operator":null,"operatorType":"Not recorded","manufacturer":null,"cameraType":"panorama","direction":null,"zone":"traffic","surveillance":"public","osmId":13968789043,"osmUrl":"https://www.openstreetmap.org/node/13968789043"}}},{"type":"Feature","geometry":{"type":"Point","coordinates":[-93.239193,44.9855559]},"properties":{"id":"alpr-osm-13969110701","layer":"alpr","name":"ALPR camera","county":"Hennepin County","state":"MN","countyFips":"27053","confidence":"probabilistic","sourceDate":null,"attributes":{"operator":null,"operatorType":"Not recorded","manufacturer":"Flock Safety","cameraType":"fixed","direction":"165","zone":"traffic","surveillance":"public","osmId":13969110701,"osmUrl":"https://www.openstreetmap.org/node/13969110701"}}},{"type":"Feature","geometry":{"type":"Point","coordinates":[-96.1034773,46.2845023]},"properties":{"id":"alpr-osm-13969349101","layer":"alpr","name":"ALPR camera","county":"Otter Tail County","state":"MN","countyFips":"27111","confidence":"probabilistic","sourceDate":null,"attributes":{"operator":null,"operatorType":"Not recorded","manufacturer":"Motorola Solutions","cameraType":"fixed","direction":"282","zone":"traffic","surveillance":"public","osmId":13969349101,"osmUrl":"https://www.openstreetmap.org/node/13969349101"}}},{"type":"Feature","geometry":{"type":"Point","coordinates":[-93.2888395,44.7455002]},"properties":{"id":"alpr-osm-13970647001","layer":"alpr","name":"ALPR camera","county":"Dakota County","state":"MN","countyFips":"27037","confidence":"probabilistic","sourceDate":null,"attributes":{"operator":null,"operatorType":"Not recorded","manufacturer":"Flock Safety","cameraType":"fixed","direction":"266","zone":"traffic","surveillance":"public","osmId":13970647001,"osmUrl":"https://www.openstreetmap.org/node/13970647001"}}},{"type":"Feature","geometry":{"type":"Point","coordinates":[-93.2717191,44.7121299]},"properties":{"id":"alpr-osm-13970908302","layer":"alpr","name":"ALPR camera","county":"Dakota County","state":"MN","countyFips":"27037","confidence":"probabilistic","sourceDate":null,"attributes":{"operator":null,"operatorType":"Not recorded","manufacturer":"Flock Safety","cameraType":"fixed","direction":"27","zone":"traffic","surveillance":"public","osmId":13970908302,"osmUrl":"https://www.openstreetmap.org/node/13970908302"}}},{"type":"Feature","geometry":{"type":"Point","coordinates":[-93.2713906,44.7121027]},"properties":{"id":"alpr-osm-13970909201","layer":"alpr","name":"ALPR camera","county":"Dakota County","state":"MN","countyFips":"27037","confidence":"probabilistic","sourceDate":null,"attributes":{"operator":null,"operatorType":"Not recorded","manufacturer":"Flock Safety","cameraType":"fixed","direction":"341","zone":"traffic","surveillance":"public","osmId":13970909201,"osmUrl":"https://www.openstreetmap.org/node/13970909201"}}},{"type":"Feature","geometry":{"type":"Point","coordinates":[-93.2717246,44.7120327]},"properties":{"id":"alpr-osm-13970912001","layer":"alpr","name":"ALPR camera","county":"Dakota County","state":"MN","countyFips":"27037","confidence":"probabilistic","sourceDate":null,"attributes":{"operator":null,"operatorType":"Not recorded","manufacturer":"Motorola Solutions","cameraType":"fixed","direction":"151","zone":"traffic","surveillance":"public","osmId":13970912001,"osmUrl":"https://www.openstreetmap.org/node/13970912001"}}},{"type":"Feature","geometry":{"type":"Point","coordinates":[-93.2714617,44.7120365]},"properties":{"id":"alpr-osm-13970912002","layer":"alpr","name":"ALPR camera","county":"Dakota County","state":"MN","countyFips":"27037","confidence":"probabilistic","sourceDate":null,"attributes":{"operator":null,"operatorType":"Not recorded","manufacturer":"Axis Communications","cameraType":"fixed","direction":"188","zone":"traffic","surveillance":"public","osmId":13970912002,"osmUrl":"https://www.openstreetmap.org/node/13970912002"}}},{"type":"Feature","geometry":{"type":"Point","coordinates":[-94.9361941,45.8303408]},"properties":{"id":"alpr-osm-13971341302","layer":"alpr","name":"ALPR camera","county":"Todd County","state":"MN","countyFips":"27153","confidence":"probabilistic","sourceDate":null,"attributes":{"operator":null,"operatorType":"Not recorded","manufacturer":"Flock Safety","cameraType":"fixed","direction":"359","zone":"traffic","surveillance":"public","osmId":13971341302,"osmUrl":"https://www.openstreetmap.org/node/13971341302"}}},{"type":"Feature","geometry":{"type":"Point","coordinates":[-92.8961968,44.9438017]},"properties":{"id":"alpr-osm-13971867101","layer":"alpr","name":"ALPR camera","county":"Washington County","state":"MN","countyFips":"27163","confidence":"probabilistic","sourceDate":null,"attributes":{"operator":null,"operatorType":"Not recorded","manufacturer":"Flock Safety","cameraType":"fixed","direction":"73","zone":"traffic","surveillance":"public","osmId":13971867101,"osmUrl":"https://www.openstreetmap.org/node/13971867101"}}},{"type":"Feature","geometry":{"type":"Point","coordinates":[-92.9357631,44.8136321]},"properties":{"id":"alpr-osm-13972956002","layer":"alpr","name":"ALPR camera","county":"Washington County","state":"MN","countyFips":"27163","confidence":"probabilistic","sourceDate":null,"attributes":{"operator":null,"operatorType":"Not recorded","manufacturer":"Flock Safety","cameraType":"fixed","direction":"170","zone":"traffic","surveillance":"public","osmId":13972956002,"osmUrl":"https://www.openstreetmap.org/node/13972956002"}}},{"type":"Feature","geometry":{"type":"Point","coordinates":[-92.9834863,45.0969734]},"properties":{"id":"alpr-osm-13973765401","layer":"alpr","name":"ALPR camera","county":"Washington County","state":"MN","countyFips":"27163","confidence":"probabilistic","sourceDate":null,"attributes":{"operator":null,"operatorType":"Not recorded","manufacturer":"Motorola Solutions","cameraType":"fixed","direction":"113","zone":"traffic","surveillance":"public","osmId":13973765401,"osmUrl":"https://www.openstreetmap.org/node/13973765401"}}},{"type":"Feature","geometry":{"type":"Point","coordinates":[-93.0176731,45.0137945]},"properties":{"id":"alpr-osm-13973765402","layer":"alpr","name":"ALPR camera — The Home Depot","county":"Ramsey County","state":"MN","countyFips":"27123","confidence":"probabilistic","sourceDate":null,"attributes":{"operator":"The Home Depot","operatorType":"Other or unclassified","manufacturer":"Flock Safety","cameraType":"fixed","direction":"166","zone":"traffic","surveillance":"public","osmId":13973765402,"osmUrl":"https://www.openstreetmap.org/node/13973765402"}}},{"type":"Feature","geometry":{"type":"Point","coordinates":[-94.7827202,45.3554612]},"properties":{"id":"alpr-osm-13974964528","layer":"alpr","name":"ALPR camera","county":"Kandiyohi County","state":"MN","countyFips":"27067","confidence":"probabilistic","sourceDate":null,"attributes":{"operator":null,"operatorType":"Not recorded","manufacturer":"Flock Safety","cameraType":"fixed","direction":"250","zone":"traffic","surveillance":"public","osmId":13974964528,"osmUrl":"https://www.openstreetmap.org/node/13974964528"}}},{"type":"Feature","geometry":{"type":"Point","coordinates":[-93.3472177,44.9635091]},"properties":{"id":"alpr-osm-13976487201","layer":"alpr","name":"ALPR camera","county":"Hennepin County","state":"MN","countyFips":"27053","confidence":"probabilistic","sourceDate":null,"attributes":{"operator":null,"operatorType":"Not recorded","manufacturer":"Flock Safety","cameraType":"fixed","direction":"256","zone":"traffic","surveillance":"public","osmId":13976487201,"osmUrl":"https://www.openstreetmap.org/node/13976487201"}}},{"type":"Feature","geometry":{"type":"Point","coordinates":[-93.3510703,44.9631274]},"properties":{"id":"alpr-osm-13977870601","layer":"alpr","name":"ALPR camera","county":"Hennepin County","state":"MN","countyFips":"27053","confidence":"probabilistic","sourceDate":null,"attributes":{"operator":null,"operatorType":"Not recorded","manufacturer":"Flock Safety","cameraType":"fixed","direction":"288","zone":"traffic","surveillance":"public","osmId":13977870601,"osmUrl":"https://www.openstreetmap.org/node/13977870601"}}},{"type":"Feature","geometry":{"type":"Point","coordinates":[-93.194276,47.6122942]},"properties":{"id":"alpr-osm-13979233601","layer":"alpr","name":"ALPR camera","county":"Itasca County","state":"MN","countyFips":"27061","confidence":"probabilistic","sourceDate":null,"attributes":{"operator":null,"operatorType":"Not recorded","manufacturer":"Flock Safety","cameraType":"dome","direction":"0-360","zone":"traffic","surveillance":"public","osmId":13979233601,"osmUrl":"https://www.openstreetmap.org/node/13979233601"}}},{"type":"Feature","geometry":{"type":"Point","coordinates":[-92.839201,45.0580593]},"properties":{"id":"alpr-osm-13979236706","layer":"alpr","name":"ALPR camera","county":"Washington County","state":"MN","countyFips":"27163","confidence":"probabilistic","sourceDate":null,"attributes":{"operator":null,"operatorType":"Not recorded","manufacturer":"Flock Safety","cameraType":"fixed","direction":"240","zone":"traffic","surveillance":"public","osmId":13979236706,"osmUrl":"https://www.openstreetmap.org/node/13979236706"}}},{"type":"Feature","geometry":{"type":"Point","coordinates":[-93.1093305,44.9554398]},"properties":{"id":"alpr-osm-13979415601","layer":"alpr","name":"ALPR camera","county":"Ramsey County","state":"MN","countyFips":"27123","confidence":"probabilistic","sourceDate":null,"attributes":{"operator":null,"operatorType":"Not recorded","manufacturer":"Flock Safety","cameraType":"fixed","direction":"175","zone":"traffic","surveillance":"public","osmId":13979415601,"osmUrl":"https://www.openstreetmap.org/node/13979415601"}}},{"type":"Feature","geometry":{"type":"Point","coordinates":[-93.2211619,44.9650064]},"properties":{"id":"alpr-osm-13982985701","layer":"alpr","name":"ALPR camera","county":"Hennepin County","state":"MN","countyFips":"27053","confidence":"probabilistic","sourceDate":null,"attributes":{"operator":null,"operatorType":"Not recorded","manufacturer":"Flock Safety","cameraType":"fixed","direction":"303","zone":"traffic","surveillance":"public","osmId":13982985701,"osmUrl":"https://www.openstreetmap.org/node/13982985701"}}},{"type":"Feature","geometry":{"type":"Point","coordinates":[-92.7297904,46.4531189]},"properties":{"id":"alpr-osm-13983623202","layer":"alpr","name":"ALPR camera","county":"Carlton County","state":"MN","countyFips":"27017","confidence":"probabilistic","sourceDate":null,"attributes":{"operator":null,"operatorType":"Not recorded","manufacturer":"Flock Safety","cameraType":"fixed","direction":"0;180;90;270","zone":"traffic","surveillance":"public","osmId":13983623202,"osmUrl":"https://www.openstreetmap.org/node/13983623202"}}},{"type":"Feature","geometry":{"type":"Point","coordinates":[-93.3347871,44.9644689]},"properties":{"id":"alpr-osm-13983632001","layer":"alpr","name":"ALPR camera","county":"Hennepin County","state":"MN","countyFips":"27053","confidence":"probabilistic","sourceDate":null,"attributes":{"operator":null,"operatorType":"Not recorded","manufacturer":"Flock Safety","cameraType":"fixed","direction":"63","zone":"traffic","surveillance":"public","osmId":13983632001,"osmUrl":"https://www.openstreetmap.org/node/13983632001"}}},{"type":"Feature","geometry":{"type":"Point","coordinates":[-93.3435881,44.9561286]},"properties":{"id":"alpr-osm-13983841001","layer":"alpr","name":"ALPR camera","county":"Hennepin County","state":"MN","countyFips":"27053","confidence":"probabilistic","sourceDate":null,"attributes":{"operator":null,"operatorType":"Not recorded","manufacturer":"Flock Safety","cameraType":"fixed","direction":"237","zone":"traffic","surveillance":"public","osmId":13983841001,"osmUrl":"https://www.openstreetmap.org/node/13983841001"}}},{"type":"Feature","geometry":{"type":"Point","coordinates":[-93.3435479,44.9562697]},"properties":{"id":"alpr-osm-13983842301","layer":"alpr","name":"ALPR camera","county":"Hennepin County","state":"MN","countyFips":"27053","confidence":"probabilistic","sourceDate":null,"attributes":{"operator":null,"operatorType":"Not recorded","manufacturer":"Flock Safety","cameraType":"fixed","direction":"257","zone":"traffic","surveillance":"public","osmId":13983842301,"osmUrl":"https://www.openstreetmap.org/node/13983842301"}}},{"type":"Feature","geometry":{"type":"Point","coordinates":[-92.9856717,44.9472458]},"properties":{"id":"alpr-osm-13987072701","layer":"alpr","name":"ALPR camera","county":"Ramsey County","state":"MN","countyFips":"27123","confidence":"probabilistic","sourceDate":null,"attributes":{"operator":null,"operatorType":"Not recorded","manufacturer":"Flock Safety","cameraType":"fixed","direction":"125","zone":"traffic","surveillance":"public","osmId":13987072701,"osmUrl":"https://www.openstreetmap.org/node/13987072701"}}},{"type":"Feature","geometry":{"type":"Point","coordinates":[-94.176924,46.3987634]},"properties":{"id":"alpr-osm-13987310201","layer":"alpr","name":"ALPR camera","county":"Crow Wing County","state":"MN","countyFips":"27035","confidence":"probabilistic","sourceDate":null,"attributes":{"operator":null,"operatorType":"Not recorded","manufacturer":"Flock Safety","cameraType":"fixed","direction":"352","zone":"traffic","surveillance":"public","osmId":13987310201,"osmUrl":"https://www.openstreetmap.org/node/13987310201"}}},{"type":"Feature","geometry":{"type":"Point","coordinates":[-93.3787897,45.1878144]},"properties":{"id":"alpr-osm-13988044501","layer":"alpr","name":"ALPR camera","county":"Anoka County","state":"MN","countyFips":"27003","confidence":"probabilistic","sourceDate":null,"attributes":{"operator":null,"operatorType":"Not recorded","manufacturer":"Flock Safety","cameraType":"fixed","direction":"96","zone":"traffic","surveillance":"public","osmId":13988044501,"osmUrl":"https://www.openstreetmap.org/node/13988044501"}}},{"type":"Feature","geometry":{"type":"Point","coordinates":[-93.0150448,45.0153869]},"properties":{"id":"alpr-osm-13988656701","layer":"alpr","name":"ALPR camera","county":"Ramsey County","state":"MN","countyFips":"27123","confidence":"probabilistic","sourceDate":null,"attributes":{"operator":null,"operatorType":"Not recorded","manufacturer":"Flock Safety","cameraType":"fixed","direction":"227","zone":"traffic","surveillance":"public","osmId":13988656701,"osmUrl":"https://www.openstreetmap.org/node/13988656701"}}},{"type":"Feature","geometry":{"type":"Point","coordinates":[-95.9651598,47.3150298]},"properties":{"id":"alpr-osm-13989135001","layer":"alpr","name":"ALPR camera","county":"Mahnomen County","state":"MN","countyFips":"27087","confidence":"probabilistic","sourceDate":null,"attributes":{"operator":null,"operatorType":"Not recorded","manufacturer":"Flock Safety","cameraType":"fixed","direction":"344","zone":"traffic","surveillance":"public","osmId":13989135001,"osmUrl":"https://www.openstreetmap.org/node/13989135001"}}},{"type":"Feature","geometry":{"type":"Point","coordinates":[-93.3590168,44.9841575]},"properties":{"id":"alpr-osm-13990921161","layer":"alpr","name":"ALPR camera","county":"Hennepin County","state":"MN","countyFips":"27053","confidence":"probabilistic","sourceDate":null,"attributes":{"operator":null,"operatorType":"Not recorded","manufacturer":"Flock Safety","cameraType":"fixed","direction":"25","zone":"traffic","surveillance":"public","osmId":13990921161,"osmUrl":"https://www.openstreetmap.org/node/13990921161"}}},{"type":"Feature","geometry":{"type":"Point","coordinates":[-94.7630843,44.93593]},"properties":{"id":"alpr-osm-13991464401","layer":"alpr","name":"ALPR camera","county":"Kandiyohi County","state":"MN","countyFips":"27067","confidence":"probabilistic","sourceDate":null,"attributes":{"operator":null,"operatorType":"Not recorded","manufacturer":"Flock Safety","cameraType":"fixed","direction":"220","zone":"traffic","surveillance":"public","osmId":13991464401,"osmUrl":"https://www.openstreetmap.org/node/13991464401"}}},{"type":"Feature","geometry":{"type":"Point","coordinates":[-93.4740256,44.9972067]},"properties":{"id":"alpr-osm-13993270802","layer":"alpr","name":"ALPR camera","county":"Hennepin County","state":"MN","countyFips":"27053","confidence":"probabilistic","sourceDate":null,"attributes":{"operator":null,"operatorType":"Not recorded","manufacturer":"Flock Safety","cameraType":"fixed","direction":"132","zone":"traffic","surveillance":"public","osmId":13993270802,"osmUrl":"https://www.openstreetmap.org/node/13993270802"}}},{"type":"Feature","geometry":{"type":"Point","coordinates":[-93.4774846,44.9966555]},"properties":{"id":"alpr-osm-13993273701","layer":"alpr","name":"ALPR camera","county":"Hennepin County","state":"MN","countyFips":"27053","confidence":"probabilistic","sourceDate":null,"attributes":{"operator":null,"operatorType":"Not recorded","manufacturer":"Flock Safety","cameraType":"fixed","direction":"47;310;160","zone":"traffic","surveillance":"public","osmId":13993273701,"osmUrl":"https://www.openstreetmap.org/node/13993273701"}}},{"type":"Feature","geometry":{"type":"Point","coordinates":[-93.5022866,44.9421788]},"properties":{"id":"alpr-osm-13995938474","layer":"alpr","name":"ALPR camera","county":"Hennepin County","state":"MN","countyFips":"27053","confidence":"probabilistic","sourceDate":null,"attributes":{"operator":null,"operatorType":"Not recorded","manufacturer":"Motorola Solutions","cameraType":"fixed","direction":"180","zone":null,"surveillance":null,"osmId":13995938474,"osmUrl":"https://www.openstreetmap.org/node/13995938474"}}},{"type":"Feature","geometry":{"type":"Point","coordinates":[-93.5025124,44.9420472]},"properties":{"id":"alpr-osm-13995938475","layer":"alpr","name":"ALPR camera","county":"Hennepin County","state":"MN","countyFips":"27053","confidence":"probabilistic","sourceDate":null,"attributes":{"operator":null,"operatorType":"Not recorded","manufacturer":"Motorola Solutions","cameraType":"fixed","direction":"90","zone":null,"surveillance":null,"osmId":13995938475,"osmUrl":"https://www.openstreetmap.org/node/13995938475"}}},{"type":"Feature","geometry":{"type":"Point","coordinates":[-93.5023005,44.941867]},"properties":{"id":"alpr-osm-13995938476","layer":"alpr","name":"ALPR camera","county":"Hennepin County","state":"MN","countyFips":"27053","confidence":"probabilistic","sourceDate":null,"attributes":{"operator":null,"operatorType":"Not recorded","manufacturer":"Motorola Solutions","cameraType":"fixed","direction":"0","zone":null,"surveillance":null,"osmId":13995938476,"osmUrl":"https://www.openstreetmap.org/node/13995938476"}}},{"type":"Feature","geometry":{"type":"Point","coordinates":[-93.5020765,44.9420243]},"properties":{"id":"alpr-osm-13995938477","layer":"alpr","name":"ALPR camera","county":"Hennepin County","state":"MN","countyFips":"27053","confidence":"probabilistic","sourceDate":null,"attributes":{"operator":null,"operatorType":"Not recorded","manufacturer":"Motorola Solutions","cameraType":"fixed","direction":"270","zone":null,"surveillance":null,"osmId":13995938477,"osmUrl":"https://www.openstreetmap.org/node/13995938477"}}},{"type":"Feature","geometry":{"type":"Point","coordinates":[-93.4669043,44.9380621]},"properties":{"id":"alpr-osm-13995938478","layer":"alpr","name":"ALPR camera","county":"Hennepin County","state":"MN","countyFips":"27053","confidence":"probabilistic","sourceDate":null,"attributes":{"operator":null,"operatorType":"Not recorded","manufacturer":"Motorola Solutions","cameraType":"fixed","direction":"180","zone":null,"surveillance":null,"osmId":13995938478,"osmUrl":"https://www.openstreetmap.org/node/13995938478"}}},{"type":"Feature","geometry":{"type":"Point","coordinates":[-93.4670429,44.9379338]},"properties":{"id":"alpr-osm-13995938479","layer":"alpr","name":"ALPR camera","county":"Hennepin County","state":"MN","countyFips":"27053","confidence":"probabilistic","sourceDate":null,"attributes":{"operator":null,"operatorType":"Not recorded","manufacturer":"Motorola Solutions","cameraType":"fixed","direction":"80","zone":null,"surveillance":null,"osmId":13995938479,"osmUrl":"https://www.openstreetmap.org/node/13995938479"}}},{"type":"Feature","geometry":{"type":"Point","coordinates":[-93.4668961,44.9378097]},"properties":{"id":"alpr-osm-13995938480","layer":"alpr","name":"ALPR camera","county":"Hennepin County","state":"MN","countyFips":"27053","confidence":"probabilistic","sourceDate":null,"attributes":{"operator":null,"operatorType":"Not recorded","manufacturer":"Motorola Solutions","cameraType":"fixed","direction":"0","zone":null,"surveillance":null,"osmId":13995938480,"osmUrl":"https://www.openstreetmap.org/node/13995938480"}}},{"type":"Feature","geometry":{"type":"Point","coordinates":[-93.4667493,44.9379536]},"properties":{"id":"alpr-osm-13995938481","layer":"alpr","name":"ALPR camera","county":"Hennepin County","state":"MN","countyFips":"27053","confidence":"probabilistic","sourceDate":null,"attributes":{"operator":null,"operatorType":"Not recorded","manufacturer":"Motorola Solutions","cameraType":"fixed","direction":"270","zone":null,"surveillance":null,"osmId":13995938481,"osmUrl":"https://www.openstreetmap.org/node/13995938481"}}},{"type":"Feature","geometry":{"type":"Point","coordinates":[-92.7917089,46.3750195]},"properties":{"id":"alpr-osm-13995993201","layer":"alpr","name":"ALPR camera","county":"Pine County","state":"MN","countyFips":"27115","confidence":"probabilistic","sourceDate":null,"attributes":{"operator":null,"operatorType":"Not recorded","manufacturer":"Flock Safety","cameraType":"fixed","direction":"231","zone":"traffic","surveillance":"public","osmId":13995993201,"osmUrl":"https://www.openstreetmap.org/node/13995993201"}}},{"type":"Feature","geometry":{"type":"Point","coordinates":[-93.541467,45.282247]},"properties":{"id":"alpr-osm-13996490001","layer":"alpr","name":"ALPR camera","county":"Sherburne County","state":"MN","countyFips":"27141","confidence":"probabilistic","sourceDate":null,"attributes":{"operator":null,"operatorType":"Not recorded","manufacturer":"Genetec","cameraType":"fixed","direction":"311","zone":"traffic","surveillance":"public","osmId":13996490001,"osmUrl":"https://www.openstreetmap.org/node/13996490001"}}},{"type":"Feature","geometry":{"type":"Point","coordinates":[-94.5123394,44.7238634]},"properties":{"id":"alpr-osm-13996540601","layer":"alpr","name":"ALPR camera","county":"Renville County","state":"MN","countyFips":"27129","confidence":"probabilistic","sourceDate":null,"attributes":{"operator":null,"operatorType":"Not recorded","manufacturer":"Flock Safety","cameraType":"fixed","direction":"117;233","zone":"traffic","surveillance":"public","osmId":13996540601,"osmUrl":"https://www.openstreetmap.org/node/13996540601"}}},{"type":"Feature","geometry":{"type":"Point","coordinates":[-95.0512601,44.7852511]},"properties":{"id":"alpr-osm-13996544301","layer":"alpr","name":"ALPR camera","county":"Renville County","state":"MN","countyFips":"27129","confidence":"probabilistic","sourceDate":null,"attributes":{"operator":null,"operatorType":"Not recorded","manufacturer":"Flock Safety","cameraType":"fixed","direction":"268","zone":"traffic","surveillance":"public","osmId":13996544301,"osmUrl":"https://www.openstreetmap.org/node/13996544301"}}},{"type":"Feature","geometry":{"type":"Point","coordinates":[-94.3366659,46.6483269]},"properties":{"id":"alpr-osm-14000380401","layer":"alpr","name":"ALPR camera","county":"Crow Wing County","state":"MN","countyFips":"27035","confidence":"probabilistic","sourceDate":null,"attributes":{"operator":null,"operatorType":"Not recorded","manufacturer":"Flock Safety","cameraType":"fixed","direction":"138","zone":"traffic","surveillance":"public","osmId":14000380401,"osmUrl":"https://www.openstreetmap.org/node/14000380401"}}},{"type":"Feature","geometry":{"type":"Point","coordinates":[-95.0586445,46.9056552]},"properties":{"id":"alpr-osm-14001094001","layer":"alpr","name":"ALPR camera","county":"Hubbard County","state":"MN","countyFips":"27057","confidence":"probabilistic","sourceDate":null,"attributes":{"operator":null,"operatorType":"Not recorded","manufacturer":"Flock Safety","cameraType":"fixed","direction":"348","zone":"traffic","surveillance":"public","osmId":14001094001,"osmUrl":"https://www.openstreetmap.org/node/14001094001"}}},{"type":"Feature","geometry":{"type":"Point","coordinates":[-93.4118601,44.8115413]},"properties":{"id":"alpr-osm-14001679601","layer":"alpr","name":"ALPR camera","county":"Hennepin County","state":"MN","countyFips":"27053","confidence":"probabilistic","sourceDate":null,"attributes":{"operator":null,"operatorType":"Not recorded","manufacturer":"Flock Safety","cameraType":"fixed","direction":"152","zone":"traffic","surveillance":"public","osmId":14001679601,"osmUrl":"https://www.openstreetmap.org/node/14001679601"}}},{"type":"Feature","geometry":{"type":"Point","coordinates":[-94.2079697,45.6554804]},"properties":{"id":"alpr-osm-14002125501","layer":"alpr","name":"ALPR camera","county":"Stearns County","state":"MN","countyFips":"27145","confidence":"probabilistic","sourceDate":null,"attributes":{"operator":null,"operatorType":"Not recorded","manufacturer":"Flock Safety","cameraType":"fixed","direction":"0","zone":"traffic","surveillance":"public","osmId":14002125501,"osmUrl":"https://www.openstreetmap.org/node/14002125501"}}},{"type":"Feature","geometry":{"type":"Point","coordinates":[-93.5035973,44.8478067]},"properties":{"id":"alpr-osm-14002332201","layer":"alpr","name":"ALPR camera","county":"Hennepin County","state":"MN","countyFips":"27053","confidence":"probabilistic","sourceDate":null,"attributes":{"operator":null,"operatorType":"Not recorded","manufacturer":"Motorola Solutions","cameraType":"fixed","direction":"141","zone":"traffic","surveillance":"public","osmId":14002332201,"osmUrl":"https://www.openstreetmap.org/node/14002332201"}}},{"type":"Feature","geometry":{"type":"Point","coordinates":[-93.4116099,44.8110825]},"properties":{"id":"alpr-osm-14002738303","layer":"alpr","name":"ALPR camera","county":"Hennepin County","state":"MN","countyFips":"27053","confidence":"probabilistic","sourceDate":null,"attributes":{"operator":null,"operatorType":"Not recorded","manufacturer":"Flock Safety","cameraType":"fixed","direction":"0","zone":"traffic","surveillance":"public","osmId":14002738303,"osmUrl":"https://www.openstreetmap.org/node/14002738303"}}},{"type":"Feature","geometry":{"type":"Point","coordinates":[-93.7358991,45.0871029]},"properties":{"id":"alpr-osm-14003028901","layer":"alpr","name":"ALPR camera","county":"Wright County","state":"MN","countyFips":"27171","confidence":"probabilistic","sourceDate":null,"attributes":{"operator":null,"operatorType":"Not recorded","manufacturer":"Flock Safety","cameraType":"fixed","direction":"199","zone":"traffic","surveillance":"public","osmId":14003028901,"osmUrl":"https://www.openstreetmap.org/node/14003028901"}}},{"type":"Feature","geometry":{"type":"Point","coordinates":[-93.143342,44.8034187]},"properties":{"id":"alpr-osm-14003609801","layer":"alpr","name":"ALPR camera","county":"Dakota County","state":"MN","countyFips":"27037","confidence":"probabilistic","sourceDate":null,"attributes":{"operator":null,"operatorType":"Not recorded","manufacturer":"Flock Safety","cameraType":"fixed","direction":"323","zone":"traffic","surveillance":"public","osmId":14003609801,"osmUrl":"https://www.openstreetmap.org/node/14003609801"}}},{"type":"Feature","geometry":{"type":"Point","coordinates":[-93.2915314,45.1403516]},"properties":{"id":"alpr-osm-14004133428","layer":"alpr","name":"ALPR camera","county":"Anoka County","state":"MN","countyFips":"27003","confidence":"probabilistic","sourceDate":null,"attributes":{"operator":null,"operatorType":"Not recorded","manufacturer":"Flock Safety","cameraType":"fixed","direction":"310","zone":"traffic","surveillance":"public","osmId":14004133428,"osmUrl":"https://www.openstreetmap.org/node/14004133428"}}},{"type":"Feature","geometry":{"type":"Point","coordinates":[-93.2779467,45.141505]},"properties":{"id":"alpr-osm-14004493476","layer":"alpr","name":"ALPR camera","county":"Anoka County","state":"MN","countyFips":"27003","confidence":"probabilistic","sourceDate":null,"attributes":{"operator":null,"operatorType":"Not recorded","manufacturer":"Flock Safety","cameraType":"fixed","direction":"202","zone":"traffic","surveillance":"public","osmId":14004493476,"osmUrl":"https://www.openstreetmap.org/node/14004493476"}}},{"type":"Feature","geometry":{"type":"Point","coordinates":[-93.217677,44.9710663]},"properties":{"id":"alpr-osm-14004515201","layer":"alpr","name":"ALPR camera","county":"Hennepin County","state":"MN","countyFips":"27053","confidence":"probabilistic","sourceDate":null,"attributes":{"operator":null,"operatorType":"Not recorded","manufacturer":"Flock Safety","cameraType":"fixed","direction":"0","zone":"traffic","surveillance":"public","osmId":14004515201,"osmUrl":"https://www.openstreetmap.org/node/14004515201"}}},{"type":"Feature","geometry":{"type":"Point","coordinates":[-92.9683231,45.8463006]},"properties":{"id":"alpr-osm-14004717902","layer":"alpr","name":"ALPR camera","county":"Pine County","state":"MN","countyFips":"27115","confidence":"probabilistic","sourceDate":null,"attributes":{"operator":null,"operatorType":"Not recorded","manufacturer":"Flock Safety","cameraType":"fixed","direction":"278","zone":"traffic","surveillance":"public","osmId":14004717902,"osmUrl":"https://www.openstreetmap.org/node/14004717902"}}},{"type":"Feature","geometry":{"type":"Point","coordinates":[-95.043222,46.9107869]},"properties":{"id":"alpr-osm-14007318001","layer":"alpr","name":"ALPR camera","county":"Hubbard County","state":"MN","countyFips":"27057","confidence":"probabilistic","sourceDate":null,"attributes":{"operator":null,"operatorType":"Not recorded","manufacturer":"Flock Safety","cameraType":"fixed","direction":"261","zone":"traffic","surveillance":"public","osmId":14007318001,"osmUrl":"https://www.openstreetmap.org/node/14007318001"}}},{"type":"Feature","geometry":{"type":"Point","coordinates":[-92.6006646,47.4586056]},"properties":{"id":"alpr-osm-14011193701","layer":"alpr","name":"ALPR camera","county":"St. Louis County","state":"MN","countyFips":"27137","confidence":"probabilistic","sourceDate":null,"attributes":{"operator":null,"operatorType":"Not recorded","manufacturer":"Flock Safety","cameraType":"fixed","direction":"223","zone":"traffic","surveillance":"public","osmId":14011193701,"osmUrl":"https://www.openstreetmap.org/node/14011193701"}}},{"type":"Feature","geometry":{"type":"Point","coordinates":[-94.7772503,45.1391195]},"properties":{"id":"alpr-osm-14012171001","layer":"alpr","name":"ALPR camera","county":"Kandiyohi County","state":"MN","countyFips":"27067","confidence":"probabilistic","sourceDate":null,"attributes":{"operator":null,"operatorType":"Not recorded","manufacturer":"Flock Safety","cameraType":"fixed","direction":"241","zone":"traffic","surveillance":"public","osmId":14012171001,"osmUrl":"https://www.openstreetmap.org/node/14012171001"}}},{"type":"Feature","geometry":{"type":"Point","coordinates":[-94.0559828,45.4129915]},"properties":{"id":"alpr-osm-14013629186","layer":"alpr","name":"ALPR camera","county":"Wright County","state":"MN","countyFips":"27171","confidence":"probabilistic","sourceDate":null,"attributes":{"operator":null,"operatorType":"Not recorded","manufacturer":"Flock Safety","cameraType":"fixed","direction":"22","zone":"traffic","surveillance":"public","osmId":14013629186,"osmUrl":"https://www.openstreetmap.org/node/14013629186"}}},{"type":"Feature","geometry":{"type":"Point","coordinates":[-93.5037947,44.9085065]},"properties":{"id":"alpr-osm-14014972277","layer":"alpr","name":"ALPR camera","county":"Hennepin County","state":"MN","countyFips":"27053","confidence":"probabilistic","sourceDate":null,"attributes":{"operator":null,"operatorType":"Not recorded","manufacturer":"Motorola Solutions","cameraType":"fixed","direction":"300","zone":null,"surveillance":null,"osmId":14014972277,"osmUrl":"https://www.openstreetmap.org/node/14014972277"}}},{"type":"Feature","geometry":{"type":"Point","coordinates":[-93.5040748,44.9088558]},"properties":{"id":"alpr-osm-14014972278","layer":"alpr","name":"ALPR camera","county":"Hennepin County","state":"MN","countyFips":"27053","confidence":"probabilistic","sourceDate":null,"attributes":{"operator":null,"operatorType":"Not recorded","manufacturer":"Motorola Solutions","cameraType":"fixed","direction":"130","zone":null,"surveillance":null,"osmId":14014972278,"osmUrl":"https://www.openstreetmap.org/node/14014972278"}}},{"type":"Feature","geometry":{"type":"Point","coordinates":[-93.5037543,44.9087786]},"properties":{"id":"alpr-osm-14014972279","layer":"alpr","name":"ALPR camera","county":"Hennepin County","state":"MN","countyFips":"27053","confidence":"probabilistic","sourceDate":null,"attributes":{"operator":null,"operatorType":"Not recorded","manufacturer":"Motorola Solutions","cameraType":"fixed","direction":"210","zone":null,"surveillance":null,"osmId":14014972279,"osmUrl":"https://www.openstreetmap.org/node/14014972279"}}},{"type":"Feature","geometry":{"type":"Point","coordinates":[-93.5041501,44.908579]},"properties":{"id":"alpr-osm-14014972280","layer":"alpr","name":"ALPR camera","county":"Hennepin County","state":"MN","countyFips":"27053","confidence":"probabilistic","sourceDate":null,"attributes":{"operator":null,"operatorType":"Not recorded","manufacturer":"Motorola Solutions","cameraType":"fixed","direction":"30","zone":null,"surveillance":null,"osmId":14014972280,"osmUrl":"https://www.openstreetmap.org/node/14014972280"}}},{"type":"Feature","geometry":{"type":"Point","coordinates":[-94.7735548,44.9359051]},"properties":{"id":"alpr-osm-14015092001","layer":"alpr","name":"ALPR camera","county":"Kandiyohi County","state":"MN","countyFips":"27067","confidence":"probabilistic","sourceDate":null,"attributes":{"operator":null,"operatorType":"Not recorded","manufacturer":"Flock Safety","cameraType":"fixed","direction":"240","zone":"traffic","surveillance":"public","osmId":14015092001,"osmUrl":"https://www.openstreetmap.org/node/14015092001"}}},{"type":"Feature","geometry":{"type":"Point","coordinates":[-94.3203684,46.3406477]},"properties":{"id":"alpr-osm-14016499401","layer":"alpr","name":"ALPR camera","county":"Crow Wing County","state":"MN","countyFips":"27035","confidence":"probabilistic","sourceDate":null,"attributes":{"operator":null,"operatorType":"Not recorded","manufacturer":"Flock Safety","cameraType":"fixed","direction":"81","zone":"traffic","surveillance":"public","osmId":14016499401,"osmUrl":"https://www.openstreetmap.org/node/14016499401"}}},{"type":"Feature","geometry":{"type":"Point","coordinates":[-93.0199396,45.01547]},"properties":{"id":"alpr-osm-14017705001","layer":"alpr","name":"ALPR camera","county":"Ramsey County","state":"MN","countyFips":"27123","confidence":"probabilistic","sourceDate":null,"attributes":{"operator":null,"operatorType":"Not recorded","manufacturer":"Flock Safety","cameraType":"fixed","direction":"26","zone":"traffic","surveillance":"public","osmId":14017705001,"osmUrl":"https://www.openstreetmap.org/node/14017705001"}}},{"type":"Feature","geometry":{"type":"Point","coordinates":[-93.0174319,45.0156243]},"properties":{"id":"alpr-osm-14017707701","layer":"alpr","name":"ALPR camera","county":"Ramsey County","state":"MN","countyFips":"27123","confidence":"probabilistic","sourceDate":null,"attributes":{"operator":null,"operatorType":"Not recorded","manufacturer":"Flock Safety","cameraType":"fixed","direction":"250","zone":"traffic","surveillance":"public","osmId":14017707701,"osmUrl":"https://www.openstreetmap.org/node/14017707701"}}},{"type":"Feature","geometry":{"type":"Point","coordinates":[-95.2399501,45.3511067]},"properties":{"id":"alpr-osm-14017780901","layer":"alpr","name":"ALPR camera","county":"Kandiyohi County","state":"MN","countyFips":"27067","confidence":"probabilistic","sourceDate":null,"attributes":{"operator":null,"operatorType":"Not recorded","manufacturer":"Flock Safety","cameraType":"fixed","direction":"85","zone":"traffic","surveillance":"public","osmId":14017780901,"osmUrl":"https://www.openstreetmap.org/node/14017780901"}}},{"type":"Feature","geometry":{"type":"Point","coordinates":[-95.0262291,44.7783946]},"properties":{"id":"alpr-osm-14018627901","layer":"alpr","name":"ALPR camera","county":"Renville County","state":"MN","countyFips":"27129","confidence":"probabilistic","sourceDate":null,"attributes":{"operator":null,"operatorType":"Not recorded","manufacturer":"Flock Safety","cameraType":"fixed","direction":"258;134","zone":"traffic","surveillance":"public","osmId":14018627901,"osmUrl":"https://www.openstreetmap.org/node/14018627901"}}},{"type":"Feature","geometry":{"type":"Point","coordinates":[-93.5234069,45.0520108]},"properties":{"id":"alpr-osm-14018869798","layer":"alpr","name":"ALPR camera","county":"Hennepin County","state":"MN","countyFips":"27053","confidence":"probabilistic","sourceDate":null,"attributes":{"operator":null,"operatorType":"Not recorded","manufacturer":null,"cameraType":"fixed","direction":"100","zone":"outdoor","surveillance":"private","osmId":14018869798,"osmUrl":"https://www.openstreetmap.org/node/14018869798"}}},{"type":"Feature","geometry":{"type":"Point","coordinates":[-93.2763997,45.0710909]},"properties":{"id":"alpr-osm-14020142501","layer":"alpr","name":"ALPR camera","county":"Anoka County","state":"MN","countyFips":"27003","confidence":"probabilistic","sourceDate":null,"attributes":{"operator":null,"operatorType":"Not recorded","manufacturer":"Flock Safety","cameraType":"fixed","direction":"0","zone":"traffic","surveillance":"public","osmId":14020142501,"osmUrl":"https://www.openstreetmap.org/node/14020142501"}}},{"type":"Feature","geometry":{"type":"Point","coordinates":[-93.2861604,45.0744898]},"properties":{"id":"alpr-osm-14020148401","layer":"alpr","name":"ALPR camera","county":"Hennepin County","state":"MN","countyFips":"27053","confidence":"probabilistic","sourceDate":null,"attributes":{"operator":null,"operatorType":"Not recorded","manufacturer":"Flock Safety","cameraType":"fixed","direction":"52","zone":"traffic","surveillance":"public","osmId":14020148401,"osmUrl":"https://www.openstreetmap.org/node/14020148401"}}},{"type":"Feature","geometry":{"type":"Point","coordinates":[-94.7751027,46.3521341]},"properties":{"id":"alpr-osm-14020955301","layer":"alpr","name":"ALPR camera","county":"Todd County","state":"MN","countyFips":"27153","confidence":"probabilistic","sourceDate":null,"attributes":{"operator":null,"operatorType":"Not recorded","manufacturer":"Motorola Solutions","cameraType":"fixed","direction":"318","zone":"traffic","surveillance":"public","osmId":14020955301,"osmUrl":"https://www.openstreetmap.org/node/14020955301"}}},{"type":"Feature","geometry":{"type":"Point","coordinates":[-93.093244,44.9570431]},"properties":{"id":"alpr-osm-14022088901","layer":"alpr","name":"ALPR camera","county":"Ramsey County","state":"MN","countyFips":"27123","confidence":"probabilistic","sourceDate":null,"attributes":{"operator":null,"operatorType":"Not recorded","manufacturer":"Genetec","cameraType":"fixed","direction":"298","zone":"traffic","surveillance":"public","osmId":14022088901,"osmUrl":"https://www.openstreetmap.org/node/14022088901"}}},{"type":"Feature","geometry":{"type":"Point","coordinates":[-93.093061,44.9558736]},"properties":{"id":"alpr-osm-14022090101","layer":"alpr","name":"ALPR camera","county":"Ramsey County","state":"MN","countyFips":"27123","confidence":"probabilistic","sourceDate":null,"attributes":{"operator":null,"operatorType":"Not recorded","manufacturer":"Genetec","cameraType":"fixed","direction":"117","zone":"traffic","surveillance":"public","osmId":14022090101,"osmUrl":"https://www.openstreetmap.org/node/14022090101"}}},{"type":"Feature","geometry":{"type":"Point","coordinates":[-93.0956547,44.9556568]},"properties":{"id":"alpr-osm-14022090102","layer":"alpr","name":"ALPR camera","county":"Ramsey County","state":"MN","countyFips":"27123","confidence":"probabilistic","sourceDate":null,"attributes":{"operator":null,"operatorType":"Not recorded","manufacturer":"Genetec","cameraType":"fixed","direction":"244","zone":"traffic","surveillance":"public","osmId":14022090102,"osmUrl":"https://www.openstreetmap.org/node/14022090102"}}},{"type":"Feature","geometry":{"type":"Point","coordinates":[-93.0943288,44.9544899]},"properties":{"id":"alpr-osm-14022092501","layer":"alpr","name":"ALPR camera","county":"Ramsey County","state":"MN","countyFips":"27123","confidence":"probabilistic","sourceDate":null,"attributes":{"operator":null,"operatorType":"Not recorded","manufacturer":"Genetec","cameraType":"fixed","direction":"137","zone":"traffic","surveillance":"public","osmId":14022092501,"osmUrl":"https://www.openstreetmap.org/node/14022092501"}}},{"type":"Feature","geometry":{"type":"Point","coordinates":[-93.0927476,44.9567064]},"properties":{"id":"alpr-osm-14022096701","layer":"alpr","name":"ALPR camera","county":"Ramsey County","state":"MN","countyFips":"27123","confidence":"probabilistic","sourceDate":null,"attributes":{"operator":null,"operatorType":"Not recorded","manufacturer":"Genetec","cameraType":"fixed","direction":"146","zone":"traffic","surveillance":"public","osmId":14022096701,"osmUrl":"https://www.openstreetmap.org/node/14022096701"}}},{"type":"Feature","geometry":{"type":"Point","coordinates":[-93.0192226,45.2863429]},"properties":{"id":"alpr-osm-14022998501","layer":"alpr","name":"ALPR camera","county":"Washington County","state":"MN","countyFips":"27163","confidence":"probabilistic","sourceDate":null,"attributes":{"operator":null,"operatorType":"Not recorded","manufacturer":"Flock Safety","cameraType":"fixed","direction":"0","zone":"traffic","surveillance":"public","osmId":14022998501,"osmUrl":"https://www.openstreetmap.org/node/14022998501"}}},{"type":"Feature","geometry":{"type":"Point","coordinates":[-93.2737244,44.9927399]},"properties":{"id":"alpr-osm-14023336001","layer":"alpr","name":"ALPR camera","county":"Hennepin County","state":"MN","countyFips":"27053","confidence":"probabilistic","sourceDate":null,"attributes":{"operator":null,"operatorType":"Not recorded","manufacturer":"Genetec","cameraType":"fixed","direction":"66","zone":"traffic","surveillance":"public","osmId":14023336001,"osmUrl":"https://www.openstreetmap.org/node/14023336001"}}},{"type":"Feature","geometry":{"type":"Point","coordinates":[-93.2740025,44.9928619]},"properties":{"id":"alpr-osm-14023336201","layer":"alpr","name":"ALPR camera","county":"Hennepin County","state":"MN","countyFips":"27053","confidence":"probabilistic","sourceDate":null,"attributes":{"operator":null,"operatorType":"Not recorded","manufacturer":"Genetec","cameraType":"fixed","direction":"246","zone":"traffic","surveillance":"public","osmId":14023336201,"osmUrl":"https://www.openstreetmap.org/node/14023336201"}}},{"type":"Feature","geometry":{"type":"Point","coordinates":[-93.3202803,45.0140025]},"properties":{"id":"alpr-osm-14023710598","layer":"alpr","name":"ALPR camera","county":"Hennepin County","state":"MN","countyFips":"27053","confidence":"probabilistic","sourceDate":null,"attributes":{"operator":null,"operatorType":"Not recorded","manufacturer":"Flock Safety","cameraType":"fixed","direction":"265","zone":"traffic","surveillance":"public","osmId":14023710598,"osmUrl":"https://www.openstreetmap.org/node/14023710598"}}},{"type":"Feature","geometry":{"type":"Point","coordinates":[-94.1687845,45.6122555]},"properties":{"id":"alpr-osm-14023840301","layer":"alpr","name":"ALPR camera","county":"Benton County","state":"MN","countyFips":"27009","confidence":"probabilistic","sourceDate":null,"attributes":{"operator":null,"operatorType":"Not recorded","manufacturer":"Motorola Solutions","cameraType":"fixed","direction":"359","zone":"traffic","surveillance":"public","osmId":14023840301,"osmUrl":"https://www.openstreetmap.org/node/14023840301"}}},{"type":"Feature","geometry":{"type":"Point","coordinates":[-95.0439733,44.9336299]},"properties":{"id":"alpr-osm-14024070101","layer":"alpr","name":"ALPR camera","county":"Kandiyohi County","state":"MN","countyFips":"27067","confidence":"probabilistic","sourceDate":null,"attributes":{"operator":null,"operatorType":"Not recorded","manufacturer":"Flock Safety","cameraType":"fixed","direction":"332","zone":"traffic","surveillance":"public","osmId":14024070101,"osmUrl":"https://www.openstreetmap.org/node/14024070101"}}},{"type":"Feature","geometry":{"type":"Point","coordinates":[-94.4369759,44.8953835]},"properties":{"id":"alpr-osm-14024076301","layer":"alpr","name":"ALPR camera","county":"McLeod County","state":"MN","countyFips":"27085","confidence":"probabilistic","sourceDate":null,"attributes":{"operator":null,"operatorType":"Not recorded","manufacturer":"Flock Safety","cameraType":"fixed","direction":"159","zone":"traffic","surveillance":"public","osmId":14024076301,"osmUrl":"https://www.openstreetmap.org/node/14024076301"}}},{"type":"Feature","geometry":{"type":"Point","coordinates":[-92.8075279,45.0394317]},"properties":{"id":"alpr-osm-14024434403","layer":"alpr","name":"ALPR camera","county":"Washington County","state":"MN","countyFips":"27163","confidence":"probabilistic","sourceDate":null,"attributes":{"operator":null,"operatorType":"Not recorded","manufacturer":"Flock Safety","cameraType":"fixed","direction":"343","zone":"traffic","surveillance":"public","osmId":14024434403,"osmUrl":"https://www.openstreetmap.org/node/14024434403"}}},{"type":"Feature","geometry":{"type":"Point","coordinates":[-92.8076981,45.0393878]},"properties":{"id":"alpr-osm-14024436402","layer":"alpr","name":"ALPR camera","county":"Washington County","state":"MN","countyFips":"27163","confidence":"probabilistic","sourceDate":null,"attributes":{"operator":null,"operatorType":"Not recorded","manufacturer":"Flock Safety","cameraType":"fixed","direction":"162","zone":"traffic","surveillance":"public","osmId":14024436402,"osmUrl":"https://www.openstreetmap.org/node/14024436402"}}},{"type":"Feature","geometry":{"type":"Point","coordinates":[-93.3003296,45.0874339]},"properties":{"id":"alpr-osm-14024786201","layer":"alpr","name":"ALPR camera","county":"Hennepin County","state":"MN","countyFips":"27053","confidence":"probabilistic","sourceDate":null,"attributes":{"operator":null,"operatorType":"Not recorded","manufacturer":"Flock Safety","cameraType":"fixed","direction":"211;324","zone":"traffic","surveillance":"public","osmId":14024786201,"osmUrl":"https://www.openstreetmap.org/node/14024786201"}}},{"type":"Feature","geometry":{"type":"Point","coordinates":[-93.3801716,45.0076275]},"properties":{"id":"alpr-osm-14024788802","layer":"alpr","name":"ALPR camera","county":"Hennepin County","state":"MN","countyFips":"27053","confidence":"probabilistic","sourceDate":null,"attributes":{"operator":null,"operatorType":"Not recorded","manufacturer":"Flock Safety","cameraType":"fixed","direction":"329;202","zone":"traffic","surveillance":"public","osmId":14024788802,"osmUrl":"https://www.openstreetmap.org/node/14024788802"}}},{"type":"Feature","geometry":{"type":"Point","coordinates":[-93.200492,44.730881]},"properties":{"id":"alpr-osm-14024967601","layer":"alpr","name":"ALPR camera — The Home Depot","county":"Dakota County","state":"MN","countyFips":"27037","confidence":"probabilistic","sourceDate":null,"attributes":{"operator":"The Home Depot","operatorType":"Other or unclassified","manufacturer":"Flock Safety","cameraType":"fixed","direction":"18","zone":"traffic","surveillance":"public","osmId":14024967601,"osmUrl":"https://www.openstreetmap.org/node/14024967601"}}},{"type":"Feature","geometry":{"type":"Point","coordinates":[-93.1985516,44.7310503]},"properties":{"id":"alpr-osm-14024972201","layer":"alpr","name":"ALPR camera — The Home Depot","county":"Dakota County","state":"MN","countyFips":"27037","confidence":"probabilistic","sourceDate":null,"attributes":{"operator":"The Home Depot","operatorType":"Other or unclassified","manufacturer":"Flock Safety","cameraType":"fixed","direction":"318","zone":"traffic","surveillance":"public","osmId":14024972201,"osmUrl":"https://www.openstreetmap.org/node/14024972201"}}},{"type":"Feature","geometry":{"type":"Point","coordinates":[-93.1664273,44.9990588]},"properties":{"id":"alpr-osm-14025053401","layer":"alpr","name":"ALPR camera","county":"Ramsey County","state":"MN","countyFips":"27123","confidence":"probabilistic","sourceDate":null,"attributes":{"operator":null,"operatorType":"Not recorded","manufacturer":"Motorola Solutions","cameraType":"fixed","direction":"226","zone":"traffic","surveillance":"public","osmId":14025053401,"osmUrl":"https://www.openstreetmap.org/node/14025053401"}}},{"type":"Feature","geometry":{"type":"Point","coordinates":[-93.1665838,44.9989515]},"properties":{"id":"alpr-osm-14025053801","layer":"alpr","name":"ALPR camera","county":"Ramsey County","state":"MN","countyFips":"27123","confidence":"probabilistic","sourceDate":null,"attributes":{"operator":null,"operatorType":"Not recorded","manufacturer":"Motorola Solutions","cameraType":"fixed","direction":"0","zone":"traffic","surveillance":"public","osmId":14025053801,"osmUrl":"https://www.openstreetmap.org/node/14025053801"}}},{"type":"Feature","geometry":{"type":"Point","coordinates":[-93.1654245,45.0035477]},"properties":{"id":"alpr-osm-14025057301","layer":"alpr","name":"ALPR camera","county":"Ramsey County","state":"MN","countyFips":"27123","confidence":"probabilistic","sourceDate":null,"attributes":{"operator":null,"operatorType":"Not recorded","manufacturer":"Motorola Solutions","cameraType":"fixed","direction":"0;73;147;218;289","zone":"traffic","surveillance":"public","osmId":14025057301,"osmUrl":"https://www.openstreetmap.org/node/14025057301"}}},{"type":"Feature","geometry":{"type":"Point","coordinates":[-93.4798232,45.1354312]},"properties":{"id":"alpr-osm-14025129101","layer":"alpr","name":"ALPR camera — The Home Depot","county":"Hennepin County","state":"MN","countyFips":"27053","confidence":"probabilistic","sourceDate":null,"attributes":{"operator":"The Home Depot","operatorType":"Other or unclassified","manufacturer":"Flock Safety","cameraType":"fixed","direction":"28","zone":"traffic","surveillance":"public","osmId":14025129101,"osmUrl":"https://www.openstreetmap.org/node/14025129101"}}},{"type":"Feature","geometry":{"type":"Point","coordinates":[-93.2952119,44.9608467]},"properties":{"id":"alpr-osm-14025273178","layer":"alpr","name":"ALPR camera","county":"Hennepin County","state":"MN","countyFips":"27053","confidence":"probabilistic","sourceDate":null,"attributes":{"operator":null,"operatorType":"Not recorded","manufacturer":"Flock Safety","cameraType":"fixed","direction":"250","zone":"parking","surveillance":"public","osmId":14025273178,"osmUrl":"https://www.openstreetmap.org/node/14025273178"}}},{"type":"Feature","geometry":{"type":"Point","coordinates":[-93.2953791,44.9608497]},"properties":{"id":"alpr-osm-14025273180","layer":"alpr","name":"ALPR camera","county":"Hennepin County","state":"MN","countyFips":"27053","confidence":"probabilistic","sourceDate":null,"attributes":{"operator":null,"operatorType":"Not recorded","manufacturer":"Flock Safety","cameraType":"fixed","direction":"180","zone":"parking","surveillance":"public","osmId":14025273180,"osmUrl":"https://www.openstreetmap.org/node/14025273180"}}},{"type":"Feature","geometry":{"type":"Point","coordinates":[-92.9586967,44.7417756]},"properties":{"id":"alpr-osm-14026482002","layer":"alpr","name":"ALPR camera","county":"Dakota County","state":"MN","countyFips":"27037","confidence":"probabilistic","sourceDate":null,"attributes":{"operator":null,"operatorType":"Not recorded","manufacturer":"Flock Safety","cameraType":"fixed","direction":"73","zone":"traffic","surveillance":"public","osmId":14026482002,"osmUrl":"https://www.openstreetmap.org/node/14026482002"}}},{"type":"Feature","geometry":{"type":"Point","coordinates":[-93.2335114,45.1680207]},"properties":{"id":"alpr-osm-14028915676","layer":"alpr","name":"ALPR camera","county":"Anoka County","state":"MN","countyFips":"27003","confidence":"probabilistic","sourceDate":null,"attributes":{"operator":null,"operatorType":"Not recorded","manufacturer":"Flock Safety","cameraType":"fixed","direction":"70","zone":"traffic","surveillance":"public","osmId":14028915676,"osmUrl":"https://www.openstreetmap.org/node/14028915676"}}},{"type":"Feature","geometry":{"type":"Point","coordinates":[-93.2184885,44.6434032]},"properties":{"id":"alpr-osm-14029882101","layer":"alpr","name":"ALPR camera","county":"Dakota County","state":"MN","countyFips":"27037","confidence":"probabilistic","sourceDate":null,"attributes":{"operator":null,"operatorType":"Not recorded","manufacturer":"Flock Safety","cameraType":"fixed","direction":"248","zone":"traffic","surveillance":"public","osmId":14029882101,"osmUrl":"https://www.openstreetmap.org/node/14029882101"}}},{"type":"Feature","geometry":{"type":"Point","coordinates":[-93.2358922,45.004525]},"properties":{"id":"alpr-osm-14029918929","layer":"alpr","name":"ALPR camera — Minneapolis Police Department","county":"Hennepin County","state":"MN","countyFips":"27053","confidence":"probabilistic","sourceDate":null,"attributes":{"operator":"Minneapolis Police Department","operatorType":"Police department","manufacturer":"Insight LPR","cameraType":"fixed","direction":"80","zone":"traffic","surveillance":"public","osmId":14029918929,"osmUrl":"https://www.openstreetmap.org/node/14029918929"}}},{"type":"Feature","geometry":{"type":"Point","coordinates":[-93.2879824,44.8832292]},"properties":{"id":"alpr-osm-14029956201","layer":"alpr","name":"ALPR camera","county":"Hennepin County","state":"MN","countyFips":"27053","confidence":"probabilistic","sourceDate":null,"attributes":{"operator":null,"operatorType":"Not recorded","manufacturer":"Flock Safety","cameraType":"fixed","direction":"276","zone":"traffic","surveillance":"public","osmId":14029956201,"osmUrl":"https://www.openstreetmap.org/node/14029956201"}}},{"type":"Feature","geometry":{"type":"Point","coordinates":[-92.9649012,45.7641199]},"properties":{"id":"alpr-osm-14031124601","layer":"alpr","name":"ALPR camera","county":"Pine County","state":"MN","countyFips":"27115","confidence":"probabilistic","sourceDate":null,"attributes":{"operator":null,"operatorType":"Not recorded","manufacturer":"Flock Safety","cameraType":"fixed","direction":"120","zone":"traffic","surveillance":"public","osmId":14031124601,"osmUrl":"https://www.openstreetmap.org/node/14031124601"}}},{"type":"Feature","geometry":{"type":"Point","coordinates":[-94.2431163,46.3693866]},"properties":{"id":"alpr-osm-14031234901","layer":"alpr","name":"ALPR camera","county":"Crow Wing County","state":"MN","countyFips":"27035","confidence":"probabilistic","sourceDate":null,"attributes":{"operator":null,"operatorType":"Not recorded","manufacturer":"Flock Safety","cameraType":"fixed","direction":"79","zone":"traffic","surveillance":"public","osmId":14031234901,"osmUrl":"https://www.openstreetmap.org/node/14031234901"}}},{"type":"Feature","geometry":{"type":"Point","coordinates":[-95.807505,46.7992437]},"properties":{"id":"alpr-osm-14031363101","layer":"alpr","name":"ALPR camera","county":"Becker County","state":"MN","countyFips":"27005","confidence":"probabilistic","sourceDate":null,"attributes":{"operator":null,"operatorType":"Not recorded","manufacturer":"Flock Safety","cameraType":"fixed","direction":"315","zone":"traffic","surveillance":"public","osmId":14031363101,"osmUrl":"https://www.openstreetmap.org/node/14031363101"}}},{"type":"Feature","geometry":{"type":"Point","coordinates":[-92.95494,44.834133]},"properties":{"id":"alpr-osm-14031724501","layer":"alpr","name":"ALPR camera","county":"Washington County","state":"MN","countyFips":"27163","confidence":"probabilistic","sourceDate":null,"attributes":{"operator":null,"operatorType":"Not recorded","manufacturer":"Flock Safety","cameraType":"fixed","direction":"256","zone":"traffic","surveillance":"public","osmId":14031724501,"osmUrl":"https://www.openstreetmap.org/node/14031724501"}}},{"type":"Feature","geometry":{"type":"Point","coordinates":[-93.287981,44.8832312]},"properties":{"id":"alpr-osm-14031980401","layer":"alpr","name":"ALPR camera","county":"Hennepin County","state":"MN","countyFips":"27053","confidence":"probabilistic","sourceDate":null,"attributes":{"operator":null,"operatorType":"Not recorded","manufacturer":"Flock Safety","cameraType":"fixed","direction":"90","zone":"traffic","surveillance":"public","osmId":14031980401,"osmUrl":"https://www.openstreetmap.org/node/14031980401"}}},{"type":"Feature","geometry":{"type":"Point","coordinates":[-93.6635193,45.2441961]},"properties":{"id":"alpr-osm-14031984401","layer":"alpr","name":"ALPR camera","county":"Wright County","state":"MN","countyFips":"27171","confidence":"probabilistic","sourceDate":null,"attributes":{"operator":null,"operatorType":"Not recorded","manufacturer":"Flock Safety","cameraType":"fixed","direction":"284","zone":"traffic","surveillance":"public","osmId":14031984401,"osmUrl":"https://www.openstreetmap.org/node/14031984401"}}},{"type":"Feature","geometry":{"type":"Point","coordinates":[-93.1212466,44.9520508]},"properties":{"id":"alpr-osm-14040359401","layer":"alpr","name":"ALPR camera","county":"Ramsey County","state":"MN","countyFips":"27123","confidence":"probabilistic","sourceDate":null,"attributes":{"operator":null,"operatorType":"Not recorded","manufacturer":"Genetec","cameraType":"fixed","direction":"233","zone":"traffic","surveillance":"public","osmId":14040359401,"osmUrl":"https://www.openstreetmap.org/node/14040359401"}}},{"type":"Feature","geometry":{"type":"Point","coordinates":[-93.2643418,44.8515197]},"properties":{"id":"alpr-osm-14040620701","layer":"alpr","name":"ALPR camera","county":"Hennepin County","state":"MN","countyFips":"27053","confidence":"probabilistic","sourceDate":null,"attributes":{"operator":null,"operatorType":"Not recorded","manufacturer":"Flock Safety","cameraType":"fixed","direction":"278","zone":"traffic","surveillance":"public","osmId":14040620701,"osmUrl":"https://www.openstreetmap.org/node/14040620701"}}},{"type":"Feature","geometry":{"type":"Point","coordinates":[-93.2643935,44.8515069]},"properties":{"id":"alpr-osm-14040620702","layer":"alpr","name":"ALPR camera","county":"Hennepin County","state":"MN","countyFips":"27053","confidence":"probabilistic","sourceDate":null,"attributes":{"operator":null,"operatorType":"Not recorded","manufacturer":"Flock Safety","cameraType":"fixed","direction":"84","zone":"traffic","surveillance":"public","osmId":14040620702,"osmUrl":"https://www.openstreetmap.org/node/14040620702"}}},{"type":"Feature","geometry":{"type":"Point","coordinates":[-93.2239955,44.8762903]},"properties":{"id":"alpr-osm-14040880337","layer":"alpr","name":"ALPR camera — Metropolitan Airports Commission","county":"Hennepin County","state":"MN","countyFips":"27053","confidence":"probabilistic","sourceDate":null,"attributes":{"operator":"Metropolitan Airports Commission","operatorType":"Other or unclassified","manufacturer":null,"cameraType":"fixed","direction":"285","zone":"traffic","surveillance":"public","osmId":14040880337,"osmUrl":"https://www.openstreetmap.org/node/14040880337"}}},{"type":"Feature","geometry":{"type":"Point","coordinates":[-93.1987774,44.8792848]},"properties":{"id":"alpr-osm-14040902028","layer":"alpr","name":"ALPR camera — Metropolitan Airports Commission","county":"Hennepin County","state":"MN","countyFips":"27053","confidence":"probabilistic","sourceDate":null,"attributes":{"operator":"Metropolitan Airports Commission","operatorType":"Other or unclassified","manufacturer":null,"cameraType":"fixed","direction":"300","zone":"traffic","surveillance":"public","osmId":14040902028,"osmUrl":"https://www.openstreetmap.org/node/14040902028"}}},{"type":"Feature","geometry":{"type":"Point","coordinates":[-93.1985023,44.8788996]},"properties":{"id":"alpr-osm-14040904997","layer":"alpr","name":"ALPR camera — Metropolitan Airports Commission","county":"Hennepin County","state":"MN","countyFips":"27053","confidence":"probabilistic","sourceDate":null,"attributes":{"operator":"Metropolitan Airports Commission","operatorType":"Other or unclassified","manufacturer":null,"cameraType":"fixed","direction":"110","zone":"traffic","surveillance":"public","osmId":14040904997,"osmUrl":"https://www.openstreetmap.org/node/14040904997"}}},{"type":"Feature","geometry":{"type":"Point","coordinates":[-93.1600774,44.7464911]},"properties":{"id":"alpr-osm-14041888101","layer":"alpr","name":"ALPR camera","county":"Dakota County","state":"MN","countyFips":"27037","confidence":"probabilistic","sourceDate":null,"attributes":{"operator":null,"operatorType":"Not recorded","manufacturer":"Flock Safety","cameraType":"fixed","direction":"226","zone":"traffic","surveillance":"public","osmId":14041888101,"osmUrl":"https://www.openstreetmap.org/node/14041888101"}}},{"type":"Feature","geometry":{"type":"Point","coordinates":[-93.6128656,47.2602206]},"properties":{"id":"alpr-osm-14044893601","layer":"alpr","name":"ALPR camera","county":"Itasca County","state":"MN","countyFips":"27061","confidence":"probabilistic","sourceDate":null,"attributes":{"operator":null,"operatorType":"Not recorded","manufacturer":"Flock Safety","cameraType":"fixed","direction":"97","zone":"traffic","surveillance":"public","osmId":14044893601,"osmUrl":"https://www.openstreetmap.org/node/14044893601"}}},{"type":"Feature","geometry":{"type":"Point","coordinates":[-92.9801506,45.4704968]},"properties":{"id":"alpr-osm-14045008702","layer":"alpr","name":"ALPR camera","county":"Chisago County","state":"MN","countyFips":"27025","confidence":"probabilistic","sourceDate":null,"attributes":{"operator":null,"operatorType":"Not recorded","manufacturer":"Flock Safety","cameraType":"fixed","direction":"333","zone":"traffic","surveillance":"public","osmId":14045008702,"osmUrl":"https://www.openstreetmap.org/node/14045008702"}}},{"type":"Feature","geometry":{"type":"Point","coordinates":[-93.265611,44.8516282]},"properties":{"id":"alpr-osm-14045960401","layer":"alpr","name":"ALPR camera","county":"Hennepin County","state":"MN","countyFips":"27053","confidence":"probabilistic","sourceDate":null,"attributes":{"operator":null,"operatorType":"Not recorded","manufacturer":"Flock Safety","cameraType":"fixed","direction":"184","zone":"traffic","surveillance":"public","osmId":14045960401,"osmUrl":"https://www.openstreetmap.org/node/14045960401"}}},{"type":"Feature","geometry":{"type":"Point","coordinates":[-93.5111523,45.5879415]},"properties":{"id":"alpr-osm-14047581002","layer":"alpr","name":"ALPR camera","county":"Isanti County","state":"MN","countyFips":"27059","confidence":"probabilistic","sourceDate":null,"attributes":{"operator":null,"operatorType":"Not recorded","manufacturer":"Flock Safety","cameraType":"fixed","direction":"79","zone":"traffic","surveillance":"public","osmId":14047581002,"osmUrl":"https://www.openstreetmap.org/node/14047581002"}}},{"type":"Feature","geometry":{"type":"Point","coordinates":[-93.4141172,47.2903534]},"properties":{"id":"alpr-osm-14049514701","layer":"alpr","name":"ALPR camera","county":"Itasca County","state":"MN","countyFips":"27061","confidence":"probabilistic","sourceDate":null,"attributes":{"operator":null,"operatorType":"Not recorded","manufacturer":"Flock Safety","cameraType":"fixed","direction":"232","zone":"traffic","surveillance":"public","osmId":14049514701,"osmUrl":"https://www.openstreetmap.org/node/14049514701"}}},{"type":"Feature","geometry":{"type":"Point","coordinates":[-93.379742,47.3026258]},"properties":{"id":"alpr-osm-14049521902","layer":"alpr","name":"ALPR camera","county":"Itasca County","state":"MN","countyFips":"27061","confidence":"probabilistic","sourceDate":null,"attributes":{"operator":null,"operatorType":"Not recorded","manufacturer":"Flock Safety","cameraType":"fixed","direction":"5","zone":"traffic","surveillance":"public","osmId":14049521902,"osmUrl":"https://www.openstreetmap.org/node/14049521902"}}},{"type":"Feature","geometry":{"type":"Point","coordinates":[-92.9184443,45.4702298]},"properties":{"id":"alpr-osm-14049607101","layer":"alpr","name":"ALPR camera","county":"Chisago County","state":"MN","countyFips":"27025","confidence":"probabilistic","sourceDate":null,"attributes":{"operator":null,"operatorType":"Not recorded","manufacturer":"Flock Safety","cameraType":"fixed","direction":"338","zone":"traffic","surveillance":"public","osmId":14049607101,"osmUrl":"https://www.openstreetmap.org/node/14049607101"}}},{"type":"Feature","geometry":{"type":"Point","coordinates":[-92.9024163,45.5098226]},"properties":{"id":"alpr-osm-14049636802","layer":"alpr","name":"ALPR camera","county":"Chisago County","state":"MN","countyFips":"27025","confidence":"probabilistic","sourceDate":null,"attributes":{"operator":null,"operatorType":"Not recorded","manufacturer":"Flock Safety","cameraType":"fixed","direction":"228","zone":"traffic","surveillance":"public","osmId":14049636802,"osmUrl":"https://www.openstreetmap.org/node/14049636802"}}},{"type":"Feature","geometry":{"type":"Point","coordinates":[-92.1665617,46.7408638]},"properties":{"id":"alpr-osm-14049727701","layer":"alpr","name":"ALPR camera","county":"St. Louis County","state":"MN","countyFips":"27137","confidence":"probabilistic","sourceDate":null,"attributes":{"operator":null,"operatorType":"Not recorded","manufacturer":"Flock Safety","cameraType":"fixed","direction":"178","zone":"traffic","surveillance":"public","osmId":14049727701,"osmUrl":"https://www.openstreetmap.org/node/14049727701"}}},{"type":"Feature","geometry":{"type":"Point","coordinates":[-93.1258751,44.9920866]},"properties":{"id":"alpr-osm-14049808705","layer":"alpr","name":"ALPR camera","county":"Ramsey County","state":"MN","countyFips":"27123","confidence":"probabilistic","sourceDate":null,"attributes":{"operator":null,"operatorType":"Not recorded","manufacturer":"Flock Safety","cameraType":"fixed","direction":"342","zone":"traffic","surveillance":"public","osmId":14049808705,"osmUrl":"https://www.openstreetmap.org/node/14049808705"}}},{"type":"Feature","geometry":{"type":"Point","coordinates":[-93.330911,44.9268398]},"properties":{"id":"alpr-osm-14049952001","layer":"alpr","name":"ALPR camera","county":"Hennepin County","state":"MN","countyFips":"27053","confidence":"probabilistic","sourceDate":null,"attributes":{"operator":null,"operatorType":"Not recorded","manufacturer":"Flock Safety","cameraType":"fixed","direction":"300","zone":"traffic","surveillance":"public","osmId":14049952001,"osmUrl":"https://www.openstreetmap.org/node/14049952001"}}},{"type":"Feature","geometry":{"type":"Point","coordinates":[-93.5161288,44.9501204]},"properties":{"id":"alpr-osm-14051992202","layer":"alpr","name":"ALPR camera","county":"Hennepin County","state":"MN","countyFips":"27053","confidence":"probabilistic","sourceDate":null,"attributes":{"operator":null,"operatorType":"Not recorded","manufacturer":"Flock Safety","cameraType":"fixed","direction":"313","zone":"traffic","surveillance":"public","osmId":14051992202,"osmUrl":"https://www.openstreetmap.org/node/14051992202"}}},{"type":"Feature","geometry":{"type":"Point","coordinates":[-94.6489745,45.9769772]},"properties":{"id":"alpr-osm-14052054401","layer":"alpr","name":"ALPR camera","county":"Todd County","state":"MN","countyFips":"27153","confidence":"probabilistic","sourceDate":null,"attributes":{"operator":null,"operatorType":"Not recorded","manufacturer":"Flock Safety","cameraType":"fixed","direction":"264","zone":"traffic","surveillance":"public","osmId":14052054401,"osmUrl":"https://www.openstreetmap.org/node/14052054401"}}},{"type":"Feature","geometry":{"type":"Point","coordinates":[-93.2620448,45.1293833]},"properties":{"id":"alpr-osm-14053871501","layer":"alpr","name":"ALPR camera","county":"Anoka County","state":"MN","countyFips":"27003","confidence":"probabilistic","sourceDate":null,"attributes":{"operator":null,"operatorType":"Not recorded","manufacturer":"Flock Safety","cameraType":"fixed","direction":"196","zone":"traffic","surveillance":"public","osmId":14053871501,"osmUrl":"https://www.openstreetmap.org/node/14053871501"}}},{"type":"Feature","geometry":{"type":"Point","coordinates":[-93.2279428,45.0045107]},"properties":{"id":"alpr-osm-14053928076","layer":"alpr","name":"ALPR camera — Minneapolis Police Department","county":"Hennepin County","state":"MN","countyFips":"27053","confidence":"probabilistic","sourceDate":null,"attributes":{"operator":"Minneapolis Police Department","operatorType":"Police department","manufacturer":"Insight LPR","cameraType":"fixed","direction":"55","zone":"traffic","surveillance":"public","osmId":14053928076,"osmUrl":"https://www.openstreetmap.org/node/14053928076"}}},{"type":"Feature","geometry":{"type":"Point","coordinates":[-93.0158628,45.0791572]},"properties":{"id":"alpr-osm-14054136702","layer":"alpr","name":"ALPR camera","county":"Ramsey County","state":"MN","countyFips":"27123","confidence":"probabilistic","sourceDate":null,"attributes":{"operator":null,"operatorType":"Not recorded","manufacturer":"Motorola Solutions","cameraType":"fixed","direction":"50","zone":"traffic","surveillance":"public","osmId":14054136702,"osmUrl":"https://www.openstreetmap.org/node/14054136702"}}},{"type":"Feature","geometry":{"type":"Point","coordinates":[-93.0199637,45.0735954]},"properties":{"id":"alpr-osm-14054138901","layer":"alpr","name":"ALPR camera","county":"Ramsey County","state":"MN","countyFips":"27123","confidence":"probabilistic","sourceDate":null,"attributes":{"operator":null,"operatorType":"Not recorded","manufacturer":"Motorola Solutions","cameraType":"fixed","direction":"182","zone":"traffic","surveillance":"public","osmId":14054138901,"osmUrl":"https://www.openstreetmap.org/node/14054138901"}}},{"type":"Feature","geometry":{"type":"Point","coordinates":[-96.7438123,46.9771517]},"properties":{"id":"alpr-osm-14054392801","layer":"alpr","name":"ALPR camera","county":"Clay County","state":"MN","countyFips":"27027","confidence":"probabilistic","sourceDate":null,"attributes":{"operator":null,"operatorType":"Not recorded","manufacturer":"Flock Safety","cameraType":"fixed","direction":"234","zone":"traffic","surveillance":"public","osmId":14054392801,"osmUrl":"https://www.openstreetmap.org/node/14054392801"}}},{"type":"Feature","geometry":{"type":"Point","coordinates":[-96.7468298,46.9785997]},"properties":{"id":"alpr-osm-14054577002","layer":"alpr","name":"ALPR camera","county":"Clay County","state":"MN","countyFips":"27027","confidence":"probabilistic","sourceDate":null,"attributes":{"operator":null,"operatorType":"Not recorded","manufacturer":"Flock Safety","cameraType":"fixed","direction":"207","zone":"traffic","surveillance":"public","osmId":14054577002,"osmUrl":"https://www.openstreetmap.org/node/14054577002"}}},{"type":"Feature","geometry":{"type":"Point","coordinates":[-96.7284444,46.8523442]},"properties":{"id":"alpr-osm-14054580101","layer":"alpr","name":"ALPR camera","county":"Clay County","state":"MN","countyFips":"27027","confidence":"probabilistic","sourceDate":null,"attributes":{"operator":null,"operatorType":"Not recorded","manufacturer":"Flock Safety","cameraType":"fixed","direction":"319","zone":"traffic","surveillance":"public","osmId":14054580101,"osmUrl":"https://www.openstreetmap.org/node/14054580101"}}},{"type":"Feature","geometry":{"type":"Point","coordinates":[-93.4336202,45.0779372]},"properties":{"id":"alpr-osm-14054965801","layer":"alpr","name":"ALPR camera","county":"Hennepin County","state":"MN","countyFips":"27053","confidence":"probabilistic","sourceDate":null,"attributes":{"operator":null,"operatorType":"Not recorded","manufacturer":"Flock Safety","cameraType":"fixed","direction":"131;195;262;324","zone":"traffic","surveillance":"public","osmId":14054965801,"osmUrl":"https://www.openstreetmap.org/node/14054965801"}}},{"type":"Feature","geometry":{"type":"Point","coordinates":[-93.2731456,45.013193]},"properties":{"id":"alpr-osm-14055242577","layer":"alpr","name":"ALPR camera — Minneapolis Police Department","county":"Hennepin County","state":"MN","countyFips":"27053","confidence":"probabilistic","sourceDate":null,"attributes":{"operator":"Minneapolis Police Department","operatorType":"Police department","manufacturer":"Insight LPR","cameraType":"fixed","direction":"100","zone":"traffic","surveillance":"public","osmId":14055242577,"osmUrl":"https://www.openstreetmap.org/node/14055242577"}}},{"type":"Feature","geometry":{"type":"Point","coordinates":[-93.2747782,45.0129981]},"properties":{"id":"alpr-osm-14055245020","layer":"alpr","name":"ALPR camera — Minneapolis Police Department","county":"Hennepin County","state":"MN","countyFips":"27053","confidence":"probabilistic","sourceDate":null,"attributes":{"operator":"Minneapolis Police Department","operatorType":"Police department","manufacturer":"Insight LPR","cameraType":"fixed","direction":"280","zone":"traffic","surveillance":"public","osmId":14055245020,"osmUrl":"https://www.openstreetmap.org/node/14055245020"}}},{"type":"Feature","geometry":{"type":"Point","coordinates":[-96.5053669,46.877117]},"properties":{"id":"alpr-osm-14057077401","layer":"alpr","name":"ALPR camera","county":"Clay County","state":"MN","countyFips":"27027","confidence":"probabilistic","sourceDate":null,"attributes":{"operator":null,"operatorType":"Not recorded","manufacturer":"Flock Safety","cameraType":"fixed","direction":"275","zone":"traffic","surveillance":"public","osmId":14057077401,"osmUrl":"https://www.openstreetmap.org/node/14057077401"}}},{"type":"Feature","geometry":{"type":"Point","coordinates":[-92.6170407,44.5689907]},"properties":{"id":"alpr-osm-14057255602","layer":"alpr","name":"ALPR camera","county":"Goodhue County","state":"MN","countyFips":"27049","confidence":"probabilistic","sourceDate":null,"attributes":{"operator":null,"operatorType":"Not recorded","manufacturer":"Flock Safety","cameraType":"fixed","direction":"18","zone":"traffic","surveillance":"public","osmId":14057255602,"osmUrl":"https://www.openstreetmap.org/node/14057255602"}}},{"type":"Feature","geometry":{"type":"Point","coordinates":[-96.7762183,46.8769682]},"properties":{"id":"alpr-osm-14057544202","layer":"alpr","name":"ALPR camera","county":"Clay County","state":"MN","countyFips":"27027","confidence":"probabilistic","sourceDate":null,"attributes":{"operator":null,"operatorType":"Not recorded","manufacturer":"Flock Safety","cameraType":"fixed","direction":"272","zone":"traffic","surveillance":"public","osmId":14057544202,"osmUrl":"https://www.openstreetmap.org/node/14057544202"}}},{"type":"Feature","geometry":{"type":"Point","coordinates":[-96.7763761,46.8771009]},"properties":{"id":"alpr-osm-14057544703","layer":"alpr","name":"ALPR camera","county":"Clay County","state":"MN","countyFips":"27027","confidence":"probabilistic","sourceDate":null,"attributes":{"operator":null,"operatorType":"Not recorded","manufacturer":"Flock Safety","cameraType":"fixed","direction":"85","zone":"traffic","surveillance":"public","osmId":14057544703,"osmUrl":"https://www.openstreetmap.org/node/14057544703"}}},{"type":"Feature","geometry":{"type":"Point","coordinates":[-96.776229,46.8771183]},"properties":{"id":"alpr-osm-14057545601","layer":"alpr","name":"ALPR camera","county":"Clay County","state":"MN","countyFips":"27027","confidence":"probabilistic","sourceDate":null,"attributes":{"operator":null,"operatorType":"Not recorded","manufacturer":"Flock Safety","cameraType":"fixed","direction":"191","zone":"traffic","surveillance":"public","osmId":14057545601,"osmUrl":"https://www.openstreetmap.org/node/14057545601"}}},{"type":"Feature","geometry":{"type":"Point","coordinates":[-96.7762481,46.8769181]},"properties":{"id":"alpr-osm-14057546501","layer":"alpr","name":"ALPR camera","county":"Clay County","state":"MN","countyFips":"27027","confidence":"probabilistic","sourceDate":null,"attributes":{"operator":null,"operatorType":"Not recorded","manufacturer":"Flock Safety","cameraType":"fixed","direction":"359","zone":"traffic","surveillance":"public","osmId":14057546501,"osmUrl":"https://www.openstreetmap.org/node/14057546501"}}},{"type":"Feature","geometry":{"type":"Point","coordinates":[-92.1098808,46.7974435]},"properties":{"id":"alpr-osm-14057685169","layer":"alpr","name":"ALPR camera","county":"St. Louis County","state":"MN","countyFips":"27137","confidence":"probabilistic","sourceDate":null,"attributes":{"operator":null,"operatorType":"Not recorded","manufacturer":null,"cameraType":"fixed","direction":null,"zone":"traffic","surveillance":"public","osmId":14057685169,"osmUrl":"https://www.openstreetmap.org/node/14057685169"}}},{"type":"Feature","geometry":{"type":"Point","coordinates":[-92.5321715,44.5684202]},"properties":{"id":"alpr-osm-14057723901","layer":"alpr","name":"ALPR camera","county":"Goodhue County","state":"MN","countyFips":"27049","confidence":"probabilistic","sourceDate":null,"attributes":{"operator":null,"operatorType":"Not recorded","manufacturer":"Flock Safety","cameraType":"fixed","direction":"101","zone":"traffic","surveillance":"public","osmId":14057723901,"osmUrl":"https://www.openstreetmap.org/node/14057723901"}}},{"type":"Feature","geometry":{"type":"Point","coordinates":[-92.5290236,44.5633035]},"properties":{"id":"alpr-osm-14057726701","layer":"alpr","name":"ALPR camera","county":"Goodhue County","state":"MN","countyFips":"27049","confidence":"probabilistic","sourceDate":null,"attributes":{"operator":null,"operatorType":"Not recorded","manufacturer":"Flock Safety","cameraType":"fixed","direction":"110","zone":"traffic","surveillance":"public","osmId":14057726701,"osmUrl":"https://www.openstreetmap.org/node/14057726701"}}},{"type":"Feature","geometry":{"type":"Point","coordinates":[-93.024514,45.0648686]},"properties":{"id":"alpr-osm-14058680501","layer":"alpr","name":"ALPR camera","county":"Ramsey County","state":"MN","countyFips":"27123","confidence":"probabilistic","sourceDate":null,"attributes":{"operator":null,"operatorType":"Not recorded","manufacturer":"Motorola Solutions","cameraType":"fixed","direction":"228","zone":"traffic","surveillance":"public","osmId":14058680501,"osmUrl":"https://www.openstreetmap.org/node/14058680501"}}},{"type":"Feature","geometry":{"type":"Point","coordinates":[-92.5678773,44.5514303]},"properties":{"id":"alpr-osm-14059129801","layer":"alpr","name":"ALPR camera","county":"Goodhue County","state":"MN","countyFips":"27049","confidence":"probabilistic","sourceDate":null,"attributes":{"operator":null,"operatorType":"Not recorded","manufacturer":"Flock Safety","cameraType":"fixed","direction":"357","zone":"traffic","surveillance":"public","osmId":14059129801,"osmUrl":"https://www.openstreetmap.org/node/14059129801"}}},{"type":"Feature","geometry":{"type":"Point","coordinates":[-92.58528,44.5656849]},"properties":{"id":"alpr-osm-14059847603","layer":"alpr","name":"ALPR camera","county":"Goodhue County","state":"MN","countyFips":"27049","confidence":"probabilistic","sourceDate":null,"attributes":{"operator":null,"operatorType":"Not recorded","manufacturer":"Flock Safety","cameraType":"fixed","direction":"349","zone":"traffic","surveillance":"public","osmId":14059847603,"osmUrl":"https://www.openstreetmap.org/node/14059847603"}}},{"type":"Feature","geometry":{"type":"Point","coordinates":[-93.065688,44.9989008]},"properties":{"id":"alpr-osm-14060123001","layer":"alpr","name":"ALPR camera","county":"Ramsey County","state":"MN","countyFips":"27123","confidence":"probabilistic","sourceDate":null,"attributes":{"operator":null,"operatorType":"Not recorded","manufacturer":"Flock Safety","cameraType":"fixed","direction":"191","zone":"traffic","surveillance":"public","osmId":14060123001,"osmUrl":"https://www.openstreetmap.org/node/14060123001"}}},{"type":"Feature","geometry":{"type":"Point","coordinates":[-93.0872615,44.9918843]},"properties":{"id":"alpr-osm-14060180101","layer":"alpr","name":"ALPR camera","county":"Ramsey County","state":"MN","countyFips":"27123","confidence":"probabilistic","sourceDate":null,"attributes":{"operator":null,"operatorType":"Not recorded","manufacturer":"Flock Safety","cameraType":"fixed","direction":"250","zone":"traffic","surveillance":"public","osmId":14060180101,"osmUrl":"https://www.openstreetmap.org/node/14060180101"}}},{"type":"Feature","geometry":{"type":"Point","coordinates":[-92.5665199,44.564139]},"properties":{"id":"alpr-osm-14060312001","layer":"alpr","name":"ALPR camera","county":"Goodhue County","state":"MN","countyFips":"27049","confidence":"probabilistic","sourceDate":null,"attributes":{"operator":null,"operatorType":"Not recorded","manufacturer":"Axis Communications","cameraType":"fixed","direction":"120","zone":"traffic","surveillance":"public","osmId":14060312001,"osmUrl":"https://www.openstreetmap.org/node/14060312001"}}},{"type":"Feature","geometry":{"type":"Point","coordinates":[-92.5663544,44.5641767]},"properties":{"id":"alpr-osm-14060315001","layer":"alpr","name":"ALPR camera","county":"Goodhue County","state":"MN","countyFips":"27049","confidence":"probabilistic","sourceDate":null,"attributes":{"operator":null,"operatorType":"Not recorded","manufacturer":"Axis Communications","cameraType":"fixed","direction":"204","zone":"traffic","surveillance":"public","osmId":14060315001,"osmUrl":"https://www.openstreetmap.org/node/14060315001"}}},{"type":"Feature","geometry":{"type":"Point","coordinates":[-92.5853795,44.5677437]},"properties":{"id":"alpr-osm-14060315003","layer":"alpr","name":"ALPR camera","county":"Goodhue County","state":"MN","countyFips":"27049","confidence":"probabilistic","sourceDate":null,"attributes":{"operator":null,"operatorType":"Not recorded","manufacturer":"Axis Communications","cameraType":"fixed","direction":"101","zone":"traffic","surveillance":"public","osmId":14060315003,"osmUrl":"https://www.openstreetmap.org/node/14060315003"}}},{"type":"Feature","geometry":{"type":"Point","coordinates":[-92.5850302,44.5679503]},"properties":{"id":"alpr-osm-14060320101","layer":"alpr","name":"ALPR camera","county":"Goodhue County","state":"MN","countyFips":"27049","confidence":"probabilistic","sourceDate":null,"attributes":{"operator":null,"operatorType":"Not recorded","manufacturer":"Axis Communications","cameraType":"fixed","direction":"187","zone":"traffic","surveillance":"public","osmId":14060320101,"osmUrl":"https://www.openstreetmap.org/node/14060320101"}}},{"type":"Feature","geometry":{"type":"Point","coordinates":[-93.2629391,45.1297925]},"properties":{"id":"alpr-osm-14061982201","layer":"alpr","name":"ALPR camera — The Home Depot","county":"Anoka County","state":"MN","countyFips":"27003","confidence":"probabilistic","sourceDate":null,"attributes":{"operator":"The Home Depot","operatorType":"Other or unclassified","manufacturer":"Flock Safety","cameraType":"fixed","direction":"178","zone":"traffic","surveillance":"public","osmId":14061982201,"osmUrl":"https://www.openstreetmap.org/node/14061982201"}}},{"type":"Feature","geometry":{"type":"Point","coordinates":[-93.2642356,45.1280786]},"properties":{"id":"alpr-osm-14061983002","layer":"alpr","name":"ALPR camera — The Home Depot","county":"Anoka County","state":"MN","countyFips":"27003","confidence":"probabilistic","sourceDate":null,"attributes":{"operator":"The Home Depot","operatorType":"Other or unclassified","manufacturer":"Flock Safety","cameraType":"fixed","direction":"29","zone":"traffic","surveillance":"public","osmId":14061983002,"osmUrl":"https://www.openstreetmap.org/node/14061983002"}}},{"type":"Feature","geometry":{"type":"Point","coordinates":[-93.2635212,45.1277708]},"properties":{"id":"alpr-osm-14061994302","layer":"alpr","name":"ALPR camera — The Home Depot","county":"Anoka County","state":"MN","countyFips":"27003","confidence":"probabilistic","sourceDate":null,"attributes":{"operator":"The Home Depot","operatorType":"Other or unclassified","manufacturer":"Flock Safety","cameraType":"fixed","direction":"1","zone":"traffic","surveillance":"public","osmId":14061994302,"osmUrl":"https://www.openstreetmap.org/node/14061994302"}}},{"type":"Feature","geometry":{"type":"Point","coordinates":[-92.1311068,46.7609786]},"properties":{"id":"alpr-osm-14062109105","layer":"alpr","name":"ALPR camera","county":"St. Louis County","state":"MN","countyFips":"27137","confidence":"probabilistic","sourceDate":null,"attributes":{"operator":null,"operatorType":"Not recorded","manufacturer":"Flock Safety","cameraType":"fixed","direction":"290","zone":"traffic","surveillance":"public","osmId":14062109105,"osmUrl":"https://www.openstreetmap.org/node/14062109105"}}},{"type":"Feature","geometry":{"type":"Point","coordinates":[-92.1311044,46.7606987]},"properties":{"id":"alpr-osm-14062116003","layer":"alpr","name":"ALPR camera","county":"St. Louis County","state":"MN","countyFips":"27137","confidence":"probabilistic","sourceDate":null,"attributes":{"operator":null,"operatorType":"Not recorded","manufacturer":"Flock Safety","cameraType":"fixed","direction":"113","zone":"traffic","surveillance":"public","osmId":14062116003,"osmUrl":"https://www.openstreetmap.org/node/14062116003"}}},{"type":"Feature","geometry":{"type":"Point","coordinates":[-93.3750706,45.1662276]},"properties":{"id":"alpr-osm-14062132049","layer":"alpr","name":"ALPR camera","county":"Hennepin County","state":"MN","countyFips":"27053","confidence":"probabilistic","sourceDate":null,"attributes":{"operator":null,"operatorType":"Not recorded","manufacturer":null,"cameraType":null,"direction":"355","zone":"traffic","surveillance":"public","osmId":14062132049,"osmUrl":"https://www.openstreetmap.org/node/14062132049"}}},{"type":"Feature","geometry":{"type":"Point","coordinates":[-93.4206487,44.966733]},"properties":{"id":"alpr-osm-14062791502","layer":"alpr","name":"ALPR camera","county":"Hennepin County","state":"MN","countyFips":"27053","confidence":"probabilistic","sourceDate":null,"attributes":{"operator":null,"operatorType":"Not recorded","manufacturer":"Flock Safety","cameraType":"fixed","direction":"249","zone":"traffic","surveillance":"public","osmId":14062791502,"osmUrl":"https://www.openstreetmap.org/node/14062791502"}}},{"type":"Feature","geometry":{"type":"Point","coordinates":[-93.2514158,44.8603211]},"properties":{"id":"alpr-osm-14062853903","layer":"alpr","name":"ALPR camera","county":"Hennepin County","state":"MN","countyFips":"27053","confidence":"probabilistic","sourceDate":null,"attributes":{"operator":null,"operatorType":"Not recorded","manufacturer":"Flock Safety","cameraType":"fixed","direction":"234","zone":"traffic","surveillance":"public","osmId":14062853903,"osmUrl":"https://www.openstreetmap.org/node/14062853903"}}},{"type":"Feature","geometry":{"type":"Point","coordinates":[-93.2516916,44.8602229]},"properties":{"id":"alpr-osm-14062857401","layer":"alpr","name":"ALPR camera","county":"Hennepin County","state":"MN","countyFips":"27053","confidence":"probabilistic","sourceDate":null,"attributes":{"operator":null,"operatorType":"Not recorded","manufacturer":"Flock Safety","cameraType":"fixed","direction":"55","zone":"traffic","surveillance":"public","osmId":14062857401,"osmUrl":"https://www.openstreetmap.org/node/14062857401"}}},{"type":"Feature","geometry":{"type":"Point","coordinates":[-94.1941126,45.5979559]},"properties":{"id":"alpr-osm-14062982702","layer":"alpr","name":"ALPR camera","county":"Stearns County","state":"MN","countyFips":"27145","confidence":"probabilistic","sourceDate":null,"attributes":{"operator":null,"operatorType":"Not recorded","manufacturer":"Flock Safety","cameraType":"fixed","direction":"115","zone":"traffic","surveillance":"public","osmId":14062982702,"osmUrl":"https://www.openstreetmap.org/node/14062982702"}}},{"type":"Feature","geometry":{"type":"Point","coordinates":[-93.9737798,45.3668209]},"properties":{"id":"alpr-osm-14063033208","layer":"alpr","name":"ALPR camera","county":"Wright County","state":"MN","countyFips":"27171","confidence":"probabilistic","sourceDate":null,"attributes":{"operator":null,"operatorType":"Not recorded","manufacturer":"Flock Safety","cameraType":"fixed","direction":"153","zone":"traffic","surveillance":"public","osmId":14063033208,"osmUrl":"https://www.openstreetmap.org/node/14063033208"}}},{"type":"Feature","geometry":{"type":"Point","coordinates":[-93.1684694,47.3815297]},"properties":{"id":"alpr-osm-14063096229","layer":"alpr","name":"ALPR camera","county":"Itasca County","state":"MN","countyFips":"27061","confidence":"probabilistic","sourceDate":null,"attributes":{"operator":null,"operatorType":"Not recorded","manufacturer":"Flock Safety","cameraType":"fixed","direction":"345","zone":"traffic","surveillance":"public","osmId":14063096229,"osmUrl":"https://www.openstreetmap.org/node/14063096229"}}}]}