{"type":"FeatureCollection","metadata":{"layer":"alpr_corridor","schema":"https://github.com/NgabantuDev/get-flocked/blob/main/src/layers/types.ts","featureCount":952,"knownGaps":["Derived, not surveyed. Every limit of the crowd-sourced camera layer applies here and compounds: a corridor is only as complete as the readers someone happened to map along it.","This file does not decide what a corridor is; the map does, from the linking radius its reader sets. What is shipped here is the raw material: a road becomes a run when at least 4 reader locations sit on it no more than 5 miles apart across at least 0.25 of a mile, and every other reader is shipped on its own. Those thresholds decide only what the map has available to draw, and 5 miles is the widest the control can reach.","770 stretches held fewer than 4 reader locations and 1 spanned under 0.25 of a mile, so no run was shipped for them. Their readers are not lost: each is shipped on its own, and the map draws it wherever it belongs to a cluster large enough to qualify.","A camera standing in an intersection is assigned to whichever road its centre line is nearer, and at a crossroads that margin can be a couple of metres. Along East Franklin Avenue in Minneapolis, several readers on the Franklin line are filed under the avenue they cross rather than under Franklin. The recorded direction does not resolve it — it disagrees with the assignment about as often as it confirms it — so no corridor here should be read as a complete count of the readers a trip along it passes.","142 of 1430 cameras stand on no road that OpenStreetMap names or numbers, and appear in no corridor.","Distances are measured in straight lines between consecutive reader locations, not along the curve of the road, so a winding corridor is slightly longer to drive than the figure given.","The line drawn is OpenStreetMap road geometry clipped to the run of readers. Gaps in it are roads we hold no geometry for, not stretches known to be unwatched.","A reader location is one or more cameras within 75 m. Which direction each faces is on the camera layer; this layer does not claim that a single trip is read by every camera it passes.","Operator is recorded for only 190 of the 1246 readers in these corridors, so the agencies named on a corridor are a floor and never the full list. A corridor showing one operator may well be shared by several.","Naming an operator says who is recorded as running a reader. It says nothing about who can search what it collects, which is a separate question this layer holds no data on.","Alongside the 25 runs, 927 single reader locations are shipped, each as a short stub of the street it stands beside. A stub is not a corridor and is not evidence of one. They are here because most mapped cameras in this state are on no run at all, and leaving them out made a run look like the whole network when it was only its longest root.","A branch stub is 160 m of road either side of the reader, the same everywhere. That length is a drawing convention, not a measurement: nothing in the source says how far along that street the surveillance extends.","36 further reader locations are not drawn at all: each snapped to an OpenStreetMap way fragment shorter than 20 m — a connector at a junction rather than a street — leaving nothing to draw a stub along. They remain on the camera layer."],"source":"Derived from the ALPR layer and OpenStreetMap road geometry (Overpass API)","sourceUrl":"https://deflock.me","license":"ODbL 1.0","licenseUrl":"https://opendatacommons.org/licenses/odbl/1-0/","attribution":"© OpenStreetMap contributors, ODbL — mapped by DeFlock volunteers","sourceDate":null,"refresh":"frequent","lastUpdated":"2026-07-31T16:36:10.916Z"},"features":[{"type":"Feature","geometry":{"type":"MultiLineString","coordinates":[[[-93.2779575,44.9483707],[-93.2778238,44.9483704],[-93.2767651,44.9483682],[-93.2767256,44.9483681],[-93.2766622,44.9483676]],[[-93.4296621,44.920846],[-93.4296891,44.920846],[-93.4308218,44.9208394],[-93.4320661,44.9208274]],[[-93.453064,44.911953],[-93.453982,44.911319],[-93.4547673,44.9107539],[-93.4548681,44.9106834],[-93.454991,44.9105964],[-93.4550821,44.9105352],[-93.4551923,44.9104614],[-93.4552916,44.9103903],[-93.4554866,44.910252],[-93.4557604,44.9100612],[-93.4559237,44.9099487],[-93.456595,44.909515],[-93.456697,44.909446],[-93.4570584,44.9091917],[-93.4571441,44.9091251],[-93.457226,44.9090627],[-93.457361,44.9089729],[-93.4575688,44.908841],[-93.4577484,44.9087234],[-93.45794,44.9086011],[-93.4581465,44.908472],[-93.4582815,44.9083841],[-93.4583962,44.9083076],[-93.4585069,44.9082321],[-93.4586108,44.9081595],[-93.4587457,44.9080629],[-93.4588483,44.9079903],[-93.4589657,44.9079061],[-93.4592733,44.9076768],[-93.4594866,44.9075291],[-93.4595537,44.9074829],[-93.4596258,44.9074259],[-93.4598067,44.9072876],[-93.4600949,44.9070736],[-93.46036,44.9068919],[-93.4610087,44.9065048],[-93.4612312,44.9064068],[-93.4613263,44.9063649],[-93.4614486,44.906311],[-93.4626319,44.9059602]],[[-93.4503737,44.9138359],[-93.4508346,44.9134996],[-93.4509629,44.9134093]],[[-93.4491795,44.9146759],[-93.4496337,44.9143611]],[[-93.2906516,44.9483762],[-93.2905944,44.9483761],[-93.2905592,44.9483761]],[[-93.4320661,44.9208274],[-93.432314,44.920822],[-93.4325804,44.9208089],[-93.4327778,44.9207968],[-93.432966,44.9207803],[-93.4331774,44.9207621],[-93.4334129,44.920736],[-93.4336137,44.9207083],[-93.4338558,44.9206708],[-93.4341145,44.920628],[-93.4347076,44.9205223],[-93.4356332,44.9203681],[-93.4367005,44.9201969],[-93.4400026,44.9196673],[-93.4410779,44.9194969],[-93.4414032,44.9194431],[-93.4419724,44.9193482],[-93.4422248,44.9192962],[-93.4424151,44.9192472],[-93.4425967,44.9191946],[-93.4427606,44.9191387],[-93.4430439,44.9190436],[-93.4433094,44.9189301],[-93.4436744,44.9187598],[-93.4440071,44.9185822],[-93.4442504,44.9184319],[-93.4444879,44.9182696],[-93.444734,44.9180769]],[[-93.3675822,44.9274133],[-93.3681636,44.9274781],[-93.3683692,44.9275012],[-93.3686732,44.9275348],[-93.3688992,44.9275597],[-93.369175,44.9275863],[-93.3692792,44.9275931],[-93.3693734,44.9275992],[-93.3695236,44.927603],[-93.3696663,44.9276038],[-93.3698165,44.9275977],[-93.3699315,44.9275884],[-93.3700292,44.9275806],[-93.3701479,44.9275699],[-93.370172,44.9275667],[-93.3703118,44.9275481],[-93.3704396,44.9275269],[-93.3705628,44.9275021],[-93.3706922,44.927474],[-93.3707998,44.9274469],[-93.3708799,44.927424],[-93.3709639,44.9274009],[-93.3710845,44.9273665],[-93.3713266,44.9272972],[-93.3717865,44.9271662],[-93.3727674,44.9268877],[-93.3734679,44.9266862],[-93.3735628,44.9266552],[-93.3740747,44.9265203],[-93.3743534,44.9264511],[-93.3745082,44.9264219],[-93.3746613,44.9263964],[-93.3748104,44.9263753],[-93.375032,44.9263514],[-93.3753046,44.9263292],[-93.3756024,44.9263121],[-93.3757364,44.9263121],[-93.3758484,44.9263036],[-93.3764065,44.9262637],[-93.3766832,44.926238],[-93.3769531,44.9262098],[-93.3773866,44.9261338]],[[-93.4296621,44.920846],[-93.4295639,44.9208105],[-93.4291197,44.9207978],[-93.4287039,44.9207729]],[[-93.421958,44.9208026],[-93.4217867,44.9208021],[-93.4206379,44.9207989],[-93.4179023,44.9208045],[-93.4172279,44.9207983],[-93.4164636,44.9207826],[-93.4150995,44.9207774]],[[-93.4287956,44.9208862],[-93.4295587,44.9208664],[-93.4296621,44.920846]],[[-93.2932119,44.9483587],[-93.2931179,44.9483517],[-93.2930616,44.9483475],[-93.2928532,44.9483509],[-93.2927336,44.9483624]],[[-93.2852863,44.948374],[-93.2849224,44.9483737],[-93.2845011,44.9483726],[-93.2843908,44.9483723],[-93.2843002,44.9483721]],[[-93.2420844,44.948388],[-93.2416164,44.9483265],[-93.2408228,44.9483183]],[[-93.2367597,44.9484361],[-93.2371726,44.9484366]],[[-93.3826962,44.9258518],[-93.3811353,44.9259361],[-93.3809126,44.9259481],[-93.3807258,44.9259582],[-93.3791461,44.9260315],[-93.3784538,44.9260714],[-93.378207,44.9260854],[-93.3773866,44.9261338]],[[-93.3773866,44.9261338],[-93.3769673,44.9261392],[-93.3765605,44.9261444],[-93.3758253,44.9261809],[-93.3757035,44.9261866],[-93.375589,44.9261928],[-93.3755042,44.9261971],[-93.3753747,44.9262049],[-93.3751968,44.9262151],[-93.3749547,44.9262411],[-93.3748444,44.9262542],[-93.3747116,44.9262734],[-93.3744997,44.9263092],[-93.3742761,44.9263572],[-93.3741378,44.9263913],[-93.3736717,44.9265174],[-93.3733353,44.9266138],[-93.3729912,44.9267106],[-93.3726387,44.9268099],[-93.3723891,44.9268818],[-93.3719015,44.9270203],[-93.3714746,44.9271402],[-93.3710611,44.927256],[-93.3707181,44.9273489],[-93.3706167,44.9273758],[-93.3704752,44.9274059],[-93.3703331,44.9274328],[-93.3702114,44.9274526],[-93.3701431,44.9274607],[-93.3700153,44.9274759],[-93.3697803,44.927493],[-93.3696162,44.927497],[-93.3694562,44.9274937],[-93.3693027,44.9274873],[-93.3691349,44.9274773],[-93.3689588,44.9274577],[-93.3688635,44.9274481],[-93.3687668,44.9274374],[-93.3684753,44.927405]],[[-93.3858556,44.9257911],[-93.3860194,44.9257714],[-93.3861076,44.9257597],[-93.3863091,44.9257223],[-93.3865383,44.9256696],[-93.3867234,44.9256374],[-93.386871,44.925613],[-93.38701,44.9255805],[-93.3872008,44.9255424],[-93.3877855,44.9254209],[-93.3882839,44.9253226],[-93.3887496,44.9252291],[-93.389093,44.9251601],[-93.3893314,44.9251122],[-93.3895419,44.9250702],[-93.3902677,44.9249253],[-93.3904205,44.9248979],[-93.3908515,44.9248207],[-93.3914732,44.9247431],[-93.3920859,44.9246862],[-93.3923054,44.9246755],[-93.3924222,44.9246736],[-93.3926546,44.92467],[-93.3933376,44.9246654],[-93.3939188,44.9246695],[-93.3942473,44.9246718],[-93.3946001,44.9246743],[-93.3947146,44.9246751],[-93.3955354,44.9246812],[-93.3958623,44.9246811],[-93.3960387,44.924681]],[[-93.3271167,44.9421015],[-93.3273501,44.9419701],[-93.3278205,44.9415995],[-93.3280622,44.9414144],[-93.3290751,44.9406212]],[[-93.2420844,44.948388],[-93.2422275,44.9483886],[-93.242337,44.948389],[-93.242441,44.9483859],[-93.24303,44.9483832],[-93.2436275,44.9483817],[-93.2442708,44.9483884],[-93.2445721,44.9483832]],[[-93.2677753,44.9483569],[-93.2676104,44.9483567],[-93.2673508,44.9483571],[-93.2671829,44.9483572],[-93.2671024,44.9483572],[-93.2665892,44.9483574],[-93.2664876,44.9483574]],[[-93.2525016,44.9483742],[-93.2523616,44.9483747],[-93.2519531,44.948376]],[[-93.2403432,44.9484403],[-93.2404729,44.9484407],[-93.2408533,44.9484417],[-93.2409693,44.9484377],[-93.2411563,44.9484231],[-93.2412242,44.9484218],[-93.2412929,44.9484205],[-93.2416314,44.9484165],[-93.2420844,44.948388]],[[-93.2747968,44.9483664],[-93.274251,44.9483641],[-93.2741517,44.9483672]],[[-93.2719149,44.9483603],[-93.2722244,44.9483618],[-93.2727512,44.9483598],[-93.2728515,44.9483594]],[[-93.2734973,44.9483591],[-93.2736461,44.9483604],[-93.2738876,44.9483624]],[[-93.2703243,44.9483614],[-93.2703935,44.9483612],[-93.2711079,44.9483597],[-93.2712684,44.9483587]],[[-93.2728515,44.9483594],[-93.2729496,44.9483588],[-93.273363,44.9483592],[-93.2734461,44.9483591]],[[-93.2892979,44.9483772],[-93.288974,44.9483772],[-93.2887781,44.9483761],[-93.2882858,44.9483741]],[[-93.2614445,44.9483577],[-93.2612963,44.9483606],[-93.2602385,44.9483596],[-93.260117,44.9483598],[-93.2600328,44.94836],[-93.2589671,44.9483609],[-93.2588673,44.9483621],[-93.2587437,44.948362],[-93.2581446,44.9483614],[-93.257689,44.9483641],[-93.2575947,44.9483646],[-93.2574864,44.948364],[-93.2569644,44.948361],[-93.2564172,44.9483613],[-93.256317,44.9483613],[-93.2562144,44.948361],[-93.2557089,44.9483597],[-93.25524,44.9483612],[-93.255058,44.9483618],[-93.2548315,44.9483619],[-93.2545004,44.948362],[-93.2544217,44.948362],[-93.253784,44.9483668],[-93.2531627,44.9483701],[-93.2526627,44.9483714],[-93.2525016,44.9483742]],[[-93.4142563,44.9209338],[-93.4143641,44.9209338],[-93.4152685,44.9209339],[-93.4164636,44.92093],[-93.4178959,44.920927],[-93.4205921,44.9209329],[-93.4217913,44.9209273],[-93.4219463,44.9209266],[-93.422087,44.920923],[-93.4239675,44.9209177],[-93.424568,44.9209108],[-93.4253429,44.9209059],[-93.4258004,44.9209048]],[[-93.414263,44.9207742],[-93.4140883,44.9207727],[-93.4139569,44.9207738],[-93.4131285,44.9207803],[-93.4122322,44.9207782],[-93.4120132,44.9207797],[-93.4118366,44.9207865],[-93.4116472,44.9207959],[-93.4114647,44.9208137],[-93.4112897,44.920839],[-93.4111381,44.9208632],[-93.4109997,44.9208934],[-93.4108574,44.9209252],[-93.4103492,44.9210412],[-93.4102804,44.9210563],[-93.4101659,44.9210835]],[[-93.4287039,44.9207729],[-93.4279097,44.92077],[-93.427331,44.9207712],[-93.4272222,44.9207714]],[[-93.4258004,44.9209048],[-93.4265207,44.9209022],[-93.4269121,44.9209008],[-93.4270482,44.9209003]],[[-93.4064434,44.9220831],[-93.40653,44.922063],[-93.4067432,44.9220118],[-93.4090965,44.9214617],[-93.4100666,44.921227],[-93.4101985,44.9211932],[-93.4103204,44.9211663],[-93.4103985,44.9211479],[-93.4109072,44.9210373],[-93.4110402,44.9210093],[-93.4111504,44.9209879]],[[-93.3991044,44.9240712],[-93.3988665,44.9241379],[-93.3985638,44.9242243],[-93.3982035,44.9243075],[-93.3978394,44.9243759],[-93.397623,44.9244108],[-93.3974058,44.9244383],[-93.3971972,44.9244613],[-93.3969744,44.924475],[-93.3966777,44.9244904],[-93.3963394,44.924493],[-93.3961093,44.9244998],[-93.3960616,44.9244997],[-93.39591,44.9244995],[-93.3953946,44.9244987],[-93.3951277,44.9244978],[-93.3947159,44.9244965],[-93.3946138,44.9244962],[-93.3937514,44.9244963],[-93.3933507,44.9244963],[-93.3930601,44.9245008],[-93.3927101,44.9245106],[-93.3924928,44.9245188],[-93.3922867,44.924534],[-93.3920925,44.924543],[-93.3914573,44.9246042],[-93.3908547,44.9246818],[-93.3903697,44.924775],[-93.3900927,44.9248282],[-93.3894903,44.9249551]],[[-93.2626731,44.9483581],[-93.2625299,44.9483581],[-93.2619763,44.9483579],[-93.2615586,44.9483589],[-93.2614445,44.9483577]],[[-93.2386859,44.9484371],[-93.2388195,44.9484364],[-93.2390627,44.9484394]],[[-93.2677753,44.9483569],[-93.2679167,44.9483568],[-93.2684478,44.9483566],[-93.2686444,44.9483579],[-93.2689667,44.9483598],[-93.2690371,44.9483608],[-93.2691082,44.9483608],[-93.2702187,44.9483614],[-93.2702462,44.9483614],[-93.2703243,44.9483614]],[[-93.4272222,44.9207714],[-93.4270524,44.9207751]],[[-93.427705,44.9208959],[-93.4278796,44.9208947],[-93.4287956,44.9208862]],[[-93.4029456,44.9227732],[-93.4023277,44.9229293],[-93.4018062,44.923064],[-93.4015617,44.9231336],[-93.4012971,44.9232165],[-93.4010467,44.923303],[-93.4008198,44.9233873],[-93.4007371,44.9234201],[-93.4005409,44.9234979],[-93.4003749,44.9235685],[-93.4001072,44.9236908],[-93.3998867,44.9237886],[-93.3996795,44.9238713],[-93.3994198,44.9239655],[-93.3992553,44.9240185],[-93.3991044,44.9240712]],[[-93.4039243,44.9227081],[-93.4043214,44.9226031]],[[-93.4661822,44.9040412],[-93.4665785,44.9038424],[-93.466774,44.903751],[-93.4676825,44.9033767],[-93.469048,44.902786],[-93.469147,44.902744],[-93.470085,44.902344],[-93.4704081,44.9022097],[-93.470831,44.9020338]],[[-93.4483868,44.9152498],[-93.4482593,44.9153054],[-93.4476976,44.9156963],[-93.447625,44.9157468],[-93.4474929,44.9158195],[-93.4472494,44.9159827],[-93.4466507,44.9164461],[-93.4463703,44.9166816],[-93.4463493,44.9167881]],[[-93.4101659,44.9210835],[-93.4100155,44.9211167],[-93.4087818,44.9214073],[-93.4082206,44.9215394],[-93.4078832,44.9216189],[-93.406524,44.9219396],[-93.4064444,44.9219582]],[[-93.2766622,44.9483676],[-93.2765612,44.9483691],[-93.2761533,44.9483729],[-93.2758112,44.9483703],[-93.2755493,44.9483703],[-93.2754262,44.94837]],[[-93.4270482,44.9209003],[-93.4272155,44.9209014]],[[-93.4272155,44.9209014],[-93.4273263,44.9209002],[-93.427705,44.9208959]],[[-93.3290751,44.9406212],[-93.329243,44.9404838],[-93.3300676,44.9398327],[-93.3303265,44.9395834],[-93.3307936,44.9392129],[-93.3308325,44.9391821],[-93.3318121,44.938405],[-93.3320649,44.9382044],[-93.3321244,44.9381573],[-93.3321756,44.938119],[-93.3328867,44.9375906],[-93.3331227,44.9374151],[-93.3333955,44.9372095],[-93.333534,44.9371041],[-93.3338571,44.9368583],[-93.3339973,44.9367516]],[[-93.3290223,44.9404835],[-93.3288615,44.9406192],[-93.3281023,44.9412238],[-93.3277546,44.9415132],[-93.3272733,44.9419213],[-93.3271167,44.9421015]],[[-93.2487209,44.9483793],[-93.2485892,44.9483778],[-93.2481321,44.9483726],[-93.2480848,44.9483726],[-93.2475809,44.9483774],[-93.2474346,44.9483791]],[[-93.2651999,44.9483579],[-93.2650671,44.948358],[-93.2645489,44.9483582],[-93.2640577,44.9483607],[-93.263951,44.9483612],[-93.2638488,44.9483607],[-93.2633409,44.9483583],[-93.2628293,44.9483581],[-93.2626731,44.9483581]],[[-93.2734461,44.9483591],[-93.2734973,44.9483591]],[[-93.2738876,44.9483624],[-93.2740236,44.9483653],[-93.2741517,44.9483672]],[[-93.4509629,44.9134093],[-93.451347,44.913139]],[[-93.451347,44.913139],[-93.4513871,44.9131113]],[[-93.4513871,44.9131113],[-93.4522776,44.9124962],[-93.453064,44.911953]],[[-93.2927336,44.9483624],[-93.2925716,44.9483779]],[[-93.4463493,44.9167881],[-93.4465026,44.9167207],[-93.4468218,44.9164339],[-93.4470785,44.9162315],[-93.4475004,44.9159327],[-93.4476337,44.9158582],[-93.4477375,44.9157978],[-93.4480631,44.9155569],[-93.4483371,44.9153543],[-93.4483868,44.9152498]],[[-93.4483868,44.9152498],[-93.448703,44.915018],[-93.4491795,44.9146759]],[[-93.4452978,44.9176214],[-93.4463493,44.9167881]],[[-93.4270524,44.9207751],[-93.4269121,44.9207761],[-93.4260866,44.9207819],[-93.4257989,44.9207825],[-93.4253456,44.9207854],[-93.4245682,44.9207882],[-93.4239781,44.9207915],[-93.4227311,44.9207983],[-93.4221217,44.9208016],[-93.421958,44.9208026]],[[-93.3344884,44.9361416],[-93.3342419,44.9363344],[-93.3341642,44.9363995],[-93.3338324,44.9366807],[-93.3334054,44.9370231],[-93.333307,44.9371019],[-93.3322672,44.9378827],[-93.332059,44.9380487],[-93.3320075,44.9380898],[-93.3319554,44.9381313],[-93.3307293,44.9391089],[-93.3306847,44.9391457],[-93.329946,44.9397559],[-93.3298202,44.939859],[-93.3297366,44.9399268],[-93.3291884,44.9403567],[-93.3290223,44.9404835]],[[-93.2499769,44.9483768],[-93.2498488,44.9483773],[-93.2493943,44.9483791],[-93.2493193,44.948379],[-93.2490218,44.948379],[-93.2487993,44.9483792],[-93.2487209,44.9483793]],[[-93.2408228,44.9483183],[-93.2404356,44.9483143],[-93.2403377,44.9483133]],[[-93.2403377,44.9483133],[-93.2402347,44.9483122],[-93.2395156,44.9483143]],[[-93.2395156,44.9483143],[-93.2387435,44.9483165]],[[-93.2387435,44.9483165],[-93.2385937,44.9483157]],[[-93.237683,44.9483104],[-93.2374953,44.9483084],[-93.2373668,44.9483093],[-93.237238,44.9483103],[-93.2369803,44.9483101],[-93.2367843,44.94831]],[[-93.2664876,44.9483574],[-93.2664019,44.9483579],[-93.2659075,44.9483614],[-93.265777,44.9483608],[-93.2653751,44.9483588],[-93.2651999,44.9483579]],[[-93.4064444,44.9219582],[-93.4063212,44.9219856]],[[-93.4140788,44.9209332],[-93.4142563,44.9209338]],[[-93.4150995,44.9207774],[-93.4143721,44.9207746],[-93.414263,44.9207742]],[[-93.4063212,44.9219856],[-93.4062312,44.9220078],[-93.4059307,44.922082],[-93.4042064,44.9224776],[-93.4040581,44.9225124]],[[-93.3991298,44.9242293],[-93.3992651,44.9241849],[-93.399393,44.9241448],[-93.3995419,44.9240925],[-93.3997809,44.924001],[-93.3999792,44.9239214],[-93.400263,44.9237987],[-93.4009431,44.9235201],[-93.4011521,44.9234421],[-93.4013763,44.9233649],[-93.4016206,44.9232844],[-93.4023584,44.9230787],[-93.4029515,44.9229382]],[[-93.2519531,44.948376],[-93.251334,44.9483765],[-93.2512398,44.9483766],[-93.2511263,44.9483767],[-93.2504782,44.9483773],[-93.250103,44.9483769],[-93.2499769,44.9483768]],[[-93.3963232,44.9246804],[-93.3966009,44.9246804],[-93.3968049,44.9246727],[-93.3970841,44.9246558],[-93.3973766,44.9246312],[-93.3978339,44.9245587],[-93.3980856,44.9245126],[-93.3983244,44.924461],[-93.3985037,44.9244165],[-93.3987519,44.9243432],[-93.3989523,44.9242823],[-93.3991298,44.9242293]],[[-93.4029515,44.9229382],[-93.4030923,44.9229056],[-93.4039243,44.9227081]],[[-93.2390627,44.9484394],[-93.2396156,44.9484437]],[[-93.2396156,44.9484437],[-93.239815,44.9484405],[-93.23992,44.9484409]],[[-93.23992,44.9484409],[-93.2402606,44.9484411],[-93.2403432,44.9484403]],[[-93.2933214,44.9483604],[-93.2932119,44.9483587]],[[-93.4043214,44.9226031],[-93.4047012,44.9225085],[-93.405267,44.9223674],[-93.4062353,44.9221314],[-93.4063231,44.9221089],[-93.4064434,44.9220831]],[[-93.4040581,44.9225124],[-93.4029456,44.9227732]],[[-93.3962469,44.9246798],[-93.3963232,44.9246804]],[[-93.3960387,44.924681],[-93.3962469,44.9246798]],[[-93.3826962,44.9258518],[-93.3831053,44.9258705],[-93.3832682,44.9258683],[-93.3833306,44.9258675],[-93.3837388,44.9258584],[-93.3841379,44.9258552],[-93.3844182,44.9258553]],[[-93.3856655,44.9258048],[-93.3858556,44.9257911]],[[-93.384716,44.9258485],[-93.3850567,44.9258375],[-93.3854658,44.9258123],[-93.3856655,44.9258048]],[[-93.3844182,44.9258553],[-93.3846636,44.9258502],[-93.384716,44.9258485]],[[-93.2371726,44.9484366],[-93.2373193,44.9484368],[-93.237458,44.9484362]],[[-93.237458,44.9484362],[-93.2375712,44.9484373],[-93.2375995,44.9484376],[-93.2376316,44.9484376],[-93.2377587,44.9484385]],[[-93.2365853,44.9484359],[-93.2367597,44.9484361]],[[-93.4627491,44.9059177],[-93.4628246,44.9058862],[-93.4631491,44.9057715],[-93.4633535,44.9056751]],[[-93.4626319,44.9059602],[-93.4627491,44.9059177]],[[-93.2795903,44.9483668],[-93.2780634,44.9483707],[-93.2779575,44.9483707]],[[-93.2881173,44.9483739],[-93.2879469,44.9483734],[-93.2874285,44.9483744],[-93.2870867,44.948375],[-93.2869522,44.9483753]],[[-93.2797699,44.9483652],[-93.2796699,44.9483655],[-93.2795903,44.9483668]],[[-93.3342903,44.9364765],[-93.3344748,44.9363356],[-93.3346388,44.9361967]],[[-93.3339973,44.9367516],[-93.3342903,44.9364765]],[[-93.2385937,44.9483157],[-93.2384443,44.9483149],[-93.2381038,44.948313],[-93.2378289,44.9483113],[-93.237683,44.9483104]],[[-93.2377587,44.9484385],[-93.2379121,44.9484386],[-93.238239,44.9484387],[-93.2383906,44.9484378],[-93.2385334,44.9484375],[-93.2386859,44.9484371]],[[-93.282623,44.9483717],[-93.2824858,44.9483712],[-93.2823614,44.9483707],[-93.2822095,44.9483701],[-93.2820508,44.9483693],[-93.2814776,44.9483664],[-93.281357,44.9483658],[-93.2812542,44.9483658],[-93.280509,44.9483659],[-93.280425,44.9483659],[-93.28041,44.9483659],[-93.2798145,44.9483661],[-93.2797699,44.9483652]],[[-93.2830368,44.9483733],[-93.2829152,44.9483728],[-93.282702,44.948372],[-93.282623,44.9483717]],[[-93.2869522,44.9483753],[-93.286933,44.9483753],[-93.2868422,44.9483755],[-93.2867288,44.9483759],[-93.2862042,44.9483775],[-93.2858612,44.9483769]],[[-93.2855732,44.9483742],[-93.2854732,44.9483741],[-93.2852863,44.948374]],[[-93.2858612,44.9483769],[-93.2856607,44.9483747],[-93.2855732,44.9483742]],[[-93.2925716,44.9483779],[-93.2923196,44.9483791],[-93.2920374,44.9483804],[-93.2919411,44.9483809]],[[-93.2919411,44.9483809],[-93.2918248,44.9483804],[-93.2916038,44.9483794]],[[-93.2839788,44.9483713],[-93.2836811,44.9483705],[-93.2836125,44.9483705],[-93.2833221,44.9483716],[-93.2831459,44.9483726],[-93.2830368,44.9483733]],[[-93.2843002,44.9483721],[-93.2842282,44.9483724],[-93.2842028,44.9483719],[-93.2839788,44.9483713]],[[-93.2916038,44.9483794],[-93.2912899,44.9483781],[-93.2909477,44.9483771]],[[-93.290014,44.9483768],[-93.2898702,44.9483769],[-93.2894921,44.9483771]],[[-93.289389,44.9483772],[-93.2892979,44.9483772]],[[-93.2882858,44.9483741],[-93.2881173,44.9483739]],[[-93.2894921,44.9483771],[-93.289389,44.9483772]],[[-93.2905592,44.9483761],[-93.2902815,44.9483766],[-93.290014,44.9483768]],[[-93.4500858,44.914046],[-93.4503737,44.9138359]],[[-93.4499329,44.9141538],[-93.4500858,44.914046]],[[-93.4496337,44.9143611],[-93.4499329,44.9141538]],[[-93.2712684,44.9483587],[-93.2714809,44.9483589],[-93.271593,44.9483587]],[[-93.3684753,44.927405],[-93.3681578,44.9273697],[-93.3680066,44.9273531],[-93.3677024,44.9273197],[-93.3675998,44.9273079]],[[-93.3883175,44.9251918],[-93.3880507,44.9252349],[-93.3877383,44.9252885],[-93.3875209,44.925325],[-93.3873296,44.9253563],[-93.387174,44.9253848],[-93.3870287,44.9254115],[-93.3868115,44.9254551],[-93.3864172,44.925533],[-93.3861869,44.9255766],[-93.3860235,44.9256042],[-93.3858776,44.9256245],[-93.3856837,44.9256492],[-93.385474,44.9256687],[-93.385178,44.9256792],[-93.3851155,44.9256828],[-93.3849182,44.9256943],[-93.3846604,44.9257077],[-93.3845477,44.9257136],[-93.3842956,44.9257267],[-93.3840143,44.9257399],[-93.3837729,44.9257551],[-93.3835906,44.9257665],[-93.3830982,44.9257934],[-93.3827295,44.925847],[-93.3826962,44.9258518]],[[-93.3894903,44.9249551],[-93.3892938,44.9249965],[-93.3885897,44.9251372],[-93.3883175,44.9251918]],[[-93.271593,44.9483587],[-93.2716666,44.9483591],[-93.2719149,44.9483603]],[[-93.4633535,44.9056751],[-93.4635249,44.9055943],[-93.4638402,44.905401],[-93.4642274,44.9051636],[-93.4647068,44.9048409],[-93.4650737,44.9046211],[-93.4651589,44.9045701]],[[-93.4651589,44.9045701],[-93.4652744,44.904511],[-93.4655293,44.9043837],[-93.4656573,44.9043198],[-93.4659148,44.9041775],[-93.4661822,44.9040412]],[[-93.444734,44.9180769],[-93.4450864,44.9177922]],[[-93.4450864,44.9177922],[-93.4452978,44.9176214]],[[-93.2909477,44.9483771],[-93.2907727,44.9483766],[-93.2906516,44.9483762]],[[-93.2461215,44.9483771],[-93.2467559,44.9483801],[-93.2472854,44.9483793],[-93.2474346,44.9483791]],[[-93.2458549,44.9483753],[-93.2461215,44.9483771]],[[-93.2448734,44.9483779],[-93.2454802,44.9483762],[-93.2458549,44.9483753]],[[-93.2445721,44.9483832],[-93.2448734,44.9483779]],[[-93.2754262,44.94837],[-93.2753149,44.9483674],[-93.2747968,44.9483664]],[[-93.4116545,44.9209343],[-93.4118891,44.9209357],[-93.4123102,44.9209356],[-93.413951,44.9209334],[-93.4140788,44.9209332]],[[-93.4111504,44.9209879],[-93.4113415,44.9209603],[-93.411488,44.9209472],[-93.4116545,44.9209343]]]},"properties":{"id":"alpr-corridor-cr-3-8","layer":"alpr_corridor","name":"CR 3 — Excelsior Boulevard","county":"Hennepin County","state":"MN","countyFips":"27053","confidence":"probabilistic","sourceDate":null,"attributes":{"kind":"corridor","road":"CR 3","roadName":"Excelsior Boulevard","roadClass":"secondary","readerCount":19,"siteCount":9,"corridorMiles":11.8,"averageGapMiles":1.47,"medianGapMiles":1.31,"longestGapMiles":2.8,"countiesSpanned":1,"operatorCount":3,"operators":"Hopkins Police Department; Minneapolis Police Department; Minnetonka Police Department","unattributedReaders":12,"siteOffsets":"0.00;1.31;2.36;2.62;4.53;7.34;10.06;10.67;11.77","siteReaders":"3;2;6;2;1;1;1;1;2","siteLngs":"-93.467684;-93.447534;-93.427184;-93.421936;-93.383483;-93.329787;-93.275263;-93.262783;-93.240355","siteLats":"44.903364;44.915859;44.920784;44.920895;44.925925;44.940161;44.948305;44.948434;44.948383","pieceSpans":"9.93,9.99;2.13,2.25;0.3,0.93;1.07,1.11;1.16,1.19;9.32,9.33;1.49,2.13;4.81,5.29;2.25,2.29;2.61,2.94;2.25,2.29;9.2,9.22;9.58,9.63;11.68,11.75;11.77,11.77;4.56,4.81;4.81,5.25;3.91,4.41;7.37,7.49;11.56,11.68;10.43,10.49;11.17,11.2;11.68,11.77;10.08,10.12;10.18,10.22;10.13,10.15;10.26,10.3;10.15,10.18;9.39,9.44;10.74,11.17;2.43,2.99;2.98,3.19;2.29,2.36;2.37,2.43;3.14,3.38;3.75,4.23;10.68,10.74;11.77,11.77;10.3,10.43;2.36,2.37;2.29,2.34;3.55,3.75;3.49,3.51;0,0.09;1.25,1.38;3.19,3.38;9.99,10.05;2.36,2.37;2.34,2.36;7.06,7.37;7.38,7.49;11.36,11.42;10.55,10.68;10.15,10.15;10.12,10.13;1.04,1.07;1.04,1.04;0.93,1.04;9.22,9.23;1.25,1.38;1.19,1.25;1.38,1.45;2.37,2.61;7.02,7.38;11.3,11.36;11.75,11.77;11.77,11.77;11.77,11.77;11.77,11.77;11.77,11.77;10.49,10.55;3.38,3.38;2.99,2.99;2.94,2.98;3.38,3.5;3.56,3.76;11.2,11.3;3.76,3.9;3.51,3.56;11.77,11.77;11.77,11.77;11.77,11.77;9.2,9.2;3.38,3.49;3.5,3.55;3.9,3.9;3.9,3.91;4.48,4.56;4.41,4.42;4.42,4.47;4.47,4.48;11.77,11.77;11.77,11.77;11.77,11.77;0.26,0.3;0.3,0.3;9.85,9.93;9.45,9.5;9.85,9.85;7.02,7.04;7.04,7.06;11.77,11.77;11.77,11.77;9.71,9.85;9.69,9.71;9.5,9.55;9.57,9.58;9.55,9.57;9.23,9.26;9.26,9.28;9.64,9.69;9.63,9.64;9.28,9.31;9.36,9.38;9.39,9.39;9.44,9.45;9.38,9.39;9.33,9.36;1.11,1.13;1.13,1.14;1.14,1.16;10.24,10.26;5.25,5.29;4.29,4.56;4.23,4.29;10.22,10.24;0.15,0.26;0.09,0.15;1.46,1.49;1.45,1.46;9.31,9.32;11.42,11.49;11.49,11.5;11.5,11.55;11.55,11.56;10.05,10.08;2.99,3.11;3.11,3.14"}}},{"type":"Feature","geometry":{"type":"MultiLineString","coordinates":[[[-93.3605968,44.9496164],[-93.360712,44.9496184],[-93.3607797,44.949618],[-93.3610428,44.9496165],[-93.3618733,44.9496118],[-93.3631528,44.9495993],[-93.3644276,44.9495885],[-93.3655975,44.9495811],[-93.3657062,44.9495793],[-93.3658179,44.9495776],[-93.3659896,44.9495773],[-93.3665724,44.9495705],[-93.366979,44.9495665],[-93.368256,44.9495571],[-93.3695426,44.9495465],[-93.3703456,44.9495397],[-93.370405,44.94954],[-93.3706905,44.9495394],[-93.3708518,44.9495384]],[[-93.3462476,44.9484959],[-93.3455433,44.9484895],[-93.345207,44.9484876],[-93.3449038,44.948487],[-93.3446512,44.9484865],[-93.3442573,44.9484857],[-93.344233,44.9484857],[-93.3438741,44.948485],[-93.3437925,44.9484848],[-93.3429439,44.9484832],[-93.34285,44.9484829],[-93.341768,44.9484814],[-93.3416595,44.9484807],[-93.3410494,44.9484796],[-93.340484,44.9484785],[-93.3403819,44.9484783],[-93.3402858,44.9484781],[-93.3401071,44.9484777],[-93.3394151,44.9484764],[-93.3391792,44.948476],[-93.3390973,44.9484758],[-93.3390191,44.9484757],[-93.337891,44.9484735],[-93.337809,44.9484733],[-93.3372336,44.9484722],[-93.3371365,44.948472],[-93.3367724,44.9484713],[-93.3366846,44.9484712],[-93.3361868,44.9484702],[-93.336126,44.9484701]],[[-93.3326759,44.9483884],[-93.3325125,44.9483818],[-93.3323585,44.9483498],[-93.3322633,44.9483149],[-93.3321632,44.9482726],[-93.3320731,44.9482289],[-93.3320136,44.9481851],[-93.3319184,44.9481047]],[[-93.3315566,44.9479097],[-93.3316093,44.9479939],[-93.3316364,44.9480204],[-93.331672,44.9480723],[-93.3318065,44.9482176],[-93.3319558,44.9483384]],[[-93.2439897,44.9627375],[-93.2441,44.9627636]],[[-93.2534789,44.9627416],[-93.2533902,44.9627191],[-93.2533072,44.9627086],[-93.2532105,44.9627038],[-93.2524241,44.9627059],[-93.2523302,44.9627045]],[[-93.2582001,44.9627255],[-93.2580797,44.9627259],[-93.2574599,44.962728],[-93.2568127,44.9627302],[-93.256315,44.9627319],[-93.256169,44.9627324],[-93.2561095,44.9627326],[-93.2560495,44.9627328],[-93.2554421,44.9627349],[-93.2548263,44.962737],[-93.2543334,44.9627387]],[[-93.4047281,44.945042],[-93.405045,44.9449739]],[[-93.4014972,44.9456765],[-93.4012905,44.9457278],[-93.4010421,44.9457962],[-93.4007547,44.9458888],[-93.4003696,44.9460573],[-93.4000285,44.9462565],[-93.3997126,44.9464519],[-93.3996085,44.9465078]],[[-93.4051022,44.9449621],[-93.4054495,44.9448902],[-93.4057441,44.944822]],[[-93.4220057,44.9449238],[-93.423096,44.944836],[-93.4235777,44.9447869],[-93.423798,44.944759],[-93.4243736,44.9446896],[-93.424896,44.944614],[-93.4256232,44.9444915],[-93.4262229,44.9444108],[-93.4273738,44.9441896],[-93.4279721,44.9440643],[-93.4282874,44.9439884],[-93.4285281,44.9439267],[-93.4294189,44.9436907],[-93.4298032,44.9435938],[-93.430095,44.9435246],[-93.4306897,44.9434021],[-93.4310266,44.9433353]],[[-93.3913809,44.9490373],[-93.391521,44.9489905],[-93.3917327,44.9489373],[-93.3919419,44.9489031],[-93.3922286,44.9488614],[-93.3933024,44.9487486],[-93.3938359,44.9486932],[-93.3947586,44.9485897],[-93.3951,44.9485549],[-93.3958476,44.9484738],[-93.3958815,44.9484699],[-93.3970894,44.9483486],[-93.3973579,44.9483141],[-93.3974892,44.9482868],[-93.3976299,44.9482483],[-93.3977588,44.9482082],[-93.3979194,44.9481478],[-93.3981087,44.9480494],[-93.3982518,44.9479522],[-93.3983999,44.947835],[-93.3985691,44.9476856],[-93.3986334,44.9476162],[-93.3987159,44.9475165]],[[-93.2425053,44.962746],[-93.2426305,44.9627458],[-93.243321,44.9627447],[-93.2434298,44.9627437],[-93.2437362,44.962741]],[[-93.241383,44.9627504],[-93.2416756,44.9627493],[-93.2418521,44.9627486],[-93.2421806,44.9627473],[-93.2424121,44.9627464],[-93.2425053,44.962746]],[[-93.2473506,44.9624292],[-93.2467034,44.9624642]],[[-93.2473624,44.9625956],[-93.247557,44.9625921],[-93.2477799,44.9625886],[-93.2480439,44.962594],[-93.2482048,44.9625963],[-93.2484834,44.962612],[-93.248707,44.96262]],[[-93.2484993,44.9624393],[-93.2483489,44.9624295],[-93.2480818,44.9624265],[-93.2477958,44.9624217],[-93.247557,44.9624252],[-93.2473506,44.9624292]],[[-93.2461462,44.9625144],[-93.2453896,44.9625825],[-93.245272,44.9625983]],[[-93.4066813,44.944635],[-93.4069332,44.9445857],[-93.4070462,44.9445694],[-93.4072348,44.9445422],[-93.4073237,44.9445342],[-93.4075074,44.9445178],[-93.4077286,44.9445118],[-93.4082969,44.9445395],[-93.4096095,44.9446169],[-93.4109282,44.9446948],[-93.411785,44.9447384],[-93.4120467,44.9447535],[-93.4123354,44.9447692],[-93.4128482,44.944797],[-93.4145295,44.9448884],[-93.4157625,44.9449523],[-93.4167776,44.9449939],[-93.4185303,44.9450321],[-93.418809,44.9450342],[-93.4192451,44.945031],[-93.4192918,44.9450307]],[[-93.4212183,44.9449418],[-93.421054,44.9449524],[-93.4209173,44.9449589],[-93.4206139,44.9449733],[-93.4202836,44.944989],[-93.4197899,44.9450005],[-93.4192918,44.9450307]],[[-93.4192918,44.9450307],[-93.4197964,44.945058],[-93.4200215,44.9450607],[-93.4202848,44.9450547],[-93.4209215,44.9450256],[-93.4210552,44.9450218]],[[-93.2510827,44.9628417],[-93.2512318,44.9628468],[-93.2513782,44.9628484],[-93.2515208,44.9628421],[-93.2519336,44.962794]],[[-93.2510888,44.9627108],[-93.2509825,44.962715],[-93.2508682,44.9627057],[-93.2507162,44.9626859],[-93.2502451,44.962613],[-93.2497672,44.9625439],[-93.2489504,44.9624672],[-93.2484993,44.9624393]],[[-93.4370064,44.9428821],[-93.4371995,44.9428531],[-93.438591,44.9426442],[-93.4388837,44.9425979],[-93.4390426,44.9425689],[-93.4392448,44.9425293],[-93.4394962,44.9424763]],[[-93.4822825,44.939739],[-93.4824157,44.9398132],[-93.4831474,44.9402211],[-93.4834707,44.940397],[-93.4839549,44.94067],[-93.4840436,44.9407207],[-93.4841143,44.9407613],[-93.484346,44.9408941],[-93.4855326,44.941556],[-93.4856673,44.9416215],[-93.4858518,44.9416816],[-93.4860011,44.9417199],[-93.4861541,44.9417469],[-93.4863675,44.9417633],[-93.4871667,44.9417861],[-93.4872205,44.9417864],[-93.4880728,44.9418058],[-93.4883894,44.9418128],[-93.488429,44.9418136],[-93.4896954,44.9418374],[-93.4898386,44.9418403],[-93.4906744,44.9418527],[-93.491089,44.9418556],[-93.4912547,44.9418579],[-93.4916068,44.9418619],[-93.4924736,44.9418736],[-93.4926548,44.9418762],[-93.4926856,44.9418767],[-93.4933592,44.941884],[-93.4934531,44.9418849],[-93.494049,44.941891],[-93.494984,44.941907],[-93.495412,44.941914],[-93.496262,44.941929],[-93.4965732,44.9419342],[-93.497154,44.941944],[-93.497246,44.941944],[-93.4974377,44.9419473],[-93.498762,44.94197],[-93.4990114,44.9419739],[-93.4990834,44.9419751],[-93.4995955,44.9419831],[-93.4997141,44.9419877],[-93.5002183,44.9419894],[-93.5003829,44.9419908],[-93.5010084,44.941995],[-93.5010602,44.9419954],[-93.5012689,44.9419968],[-93.5015871,44.9419989],[-93.5020593,44.9420021],[-93.5020856,44.9420023],[-93.5022153,44.9420031]],[[-93.4394962,44.9424763],[-93.4399713,44.9423742],[-93.4406581,44.9422284],[-93.4410276,44.9421524],[-93.4413885,44.9420763],[-93.4419621,44.9419537]],[[-93.4310266,44.9433353],[-93.4312535,44.9432927],[-93.4314489,44.9432633],[-93.4317485,44.9432244],[-93.431887,44.9432165],[-93.4321768,44.9431999],[-93.4327312,44.9431806],[-93.4328336,44.9431786],[-93.433232,44.9431709],[-93.4335189,44.9431687],[-93.4342488,44.9431631],[-93.4348082,44.9431407],[-93.4349185,44.9431318],[-93.4351484,44.9431133],[-93.435768,44.94305],[-93.436394,44.942974],[-93.4367063,44.9429271],[-93.4370064,44.9428821]],[[-93.2443714,44.9627073],[-93.2441043,44.9627215]],[[-93.2450266,44.9627757],[-93.2452776,44.9627583]],[[-93.3809206,44.9494368],[-93.3810514,44.9494374],[-93.3812829,44.949438],[-93.3819528,44.949441],[-93.3820652,44.9494406],[-93.3821462,44.9494415],[-93.3823763,44.9494418],[-93.3834531,44.9494492],[-93.3836645,44.9494478]],[[-93.2523294,44.962759],[-93.2524353,44.9627607],[-93.2525813,44.9627823],[-93.252636,44.9627857],[-93.2529558,44.9627842],[-93.2530041,44.9627803],[-93.2534789,44.9627416]],[[-93.2523302,44.9627045],[-93.2522119,44.9627052],[-93.2510888,44.9627108]],[[-93.2625606,44.962708],[-93.2624229,44.9627089],[-93.2618182,44.9627095],[-93.2616067,44.9627099]],[[-93.2452776,44.9627583],[-93.2453805,44.9627524],[-93.246171,44.9626914],[-93.2467414,44.9626292]],[[-93.5022153,44.9420031],[-93.5023443,44.9420071]],[[-93.3996085,44.9465078],[-93.3995042,44.9465618],[-93.3992904,44.9467329],[-93.3990563,44.9469728],[-93.3987435,44.9474304],[-93.3987159,44.9475165]],[[-93.4029495,44.9454206],[-93.4032893,44.945347],[-93.4036474,44.9452694],[-93.4036676,44.945265],[-93.404222,44.9451487]],[[-93.3484019,44.9484259],[-93.3483278,44.9484223],[-93.3480169,44.9484073],[-93.3477797,44.9483976],[-93.3476312,44.9483954],[-93.347435,44.948398]],[[-93.3477731,44.9485627],[-93.3483355,44.9485886],[-93.3483993,44.9485915]],[[-93.3494052,44.9484673],[-93.3492182,44.9484554],[-93.3491832,44.9484549],[-93.3487358,44.9484381],[-93.348686,44.9484362],[-93.3485282,44.9484318]],[[-93.3472058,44.9484128],[-93.347076,44.9484206],[-93.3466659,44.9484541],[-93.3463933,44.9484604],[-93.3462476,44.9484959]],[[-93.2449167,44.9627813],[-93.2450266,44.9627757]],[[-93.3327106,44.9484943],[-93.3328106,44.9484966],[-93.3332707,44.9485019],[-93.3334563,44.9485025],[-93.3336625,44.9485031],[-93.3337895,44.9485035],[-93.3338398,44.9484632]],[[-93.3338398,44.9484632],[-93.3337879,44.9484228],[-93.333517,44.9484214],[-93.333273,44.9484204],[-93.3330632,44.9484172],[-93.3329546,44.9483981]],[[-93.3987159,44.9475165],[-93.3988267,44.9474467],[-93.3990501,44.9471735],[-93.3991511,44.9470629]],[[-93.4486247,44.9405727],[-93.4487385,44.9405503],[-93.4488658,44.9405289],[-93.4489904,44.9405101],[-93.449127,44.9404906],[-93.4492673,44.9404736],[-93.4493871,44.940461],[-93.4495561,44.9404483],[-93.44972,44.9404387],[-93.4499094,44.9404317],[-93.4501025,44.9404295],[-93.4503167,44.9404349],[-93.4505516,44.9404453],[-93.4507517,44.9404621],[-93.4510171,44.9404907],[-93.4521618,44.9406301],[-93.454155,44.940868],[-93.4544786,44.9409052],[-93.4545775,44.9409094],[-93.4547309,44.9409158],[-93.4548764,44.9409215],[-93.455113,44.9409233],[-93.4553302,44.9409163],[-93.455742,44.940872],[-93.456131,44.940819],[-93.456285,44.940796],[-93.4570036,44.9406885],[-93.4571375,44.9406685],[-93.45797,44.9405549],[-93.4581194,44.9405337],[-93.460106,44.94022],[-93.460533,44.940151],[-93.460953,44.94006],[-93.461357,44.939949],[-93.461754,44.939819],[-93.462242,44.939629],[-93.462987,44.939325],[-93.4636524,44.9390681],[-93.463924,44.9389605]],[[-93.4669091,44.9378688],[-93.4667816,44.9378957],[-93.4667305,44.9379042],[-93.4665804,44.9379358],[-93.466441,44.9379651],[-93.4662913,44.9380063],[-93.4661382,44.9380522],[-93.4660197,44.9380886],[-93.4658677,44.9381376],[-93.4657257,44.9381843],[-93.4655905,44.9382326],[-93.4653245,44.9383354],[-93.4650574,44.9384438],[-93.4646516,44.9386036],[-93.4643912,44.9387152],[-93.4641174,44.9388228],[-93.4640537,44.9388528],[-93.4640067,44.9388884],[-93.463924,44.9389605]],[[-93.4675856,44.9378778],[-93.4676988,44.9378588],[-93.468185,44.9377713],[-93.4684685,44.9377251],[-93.4685838,44.9376975],[-93.4688736,44.9376303]],[[-93.3991511,44.9470629],[-93.3992528,44.9469336],[-93.39952,44.946701],[-93.3996712,44.9465771]],[[-93.3708518,44.9495384],[-93.3710203,44.9495373],[-93.3712125,44.9495372],[-93.3716442,44.9495265],[-93.3718615,44.9495227],[-93.3720766,44.9495229],[-93.373339,44.9495133],[-93.3745954,44.9494965],[-93.3758591,44.9494865],[-93.3771209,44.949474],[-93.377247,44.9494725],[-93.3783848,44.949461],[-93.3784735,44.9494601],[-93.3796428,44.9494499],[-93.3807666,44.949436],[-93.3808593,44.9494366],[-93.3809206,44.9494368]],[[-93.4220057,44.9449238],[-93.4218786,44.9449008],[-93.4213485,44.9449337],[-93.4212183,44.9449418]],[[-93.4210552,44.9450218],[-93.4212233,44.9450186],[-93.421354,44.9450101],[-93.4218983,44.9449716],[-93.4220057,44.9449238]],[[-93.3485282,44.9484318],[-93.3484019,44.9484259]],[[-93.3483993,44.9485915],[-93.3484954,44.9485991]],[[-93.4023054,44.9455519],[-93.4020844,44.9455617],[-93.4015876,44.9456526],[-93.4014972,44.9456765]],[[-93.4015419,44.9457791],[-93.4016268,44.9457582],[-93.4020229,44.9456604],[-93.4023054,44.9455519]],[[-93.3321734,44.9484082],[-93.332394,44.9484533]],[[-93.347435,44.948398],[-93.347389,44.9484007],[-93.3472058,44.9484128]],[[-93.3471959,44.9485402],[-93.3474325,44.948547]],[[-93.3462476,44.9484959],[-93.3463868,44.9485281],[-93.3468116,44.9485335]],[[-93.3468116,44.9485335],[-93.346861,44.948534],[-93.3470448,44.9485363],[-93.347067,44.9485362],[-93.3471959,44.9485402]],[[-93.3484954,44.9485991],[-93.3486409,44.9486015],[-93.3488647,44.9486118],[-93.3490656,44.9486208]],[[-93.3490656,44.9486208],[-93.3494096,44.9486361],[-93.3496392,44.9486529],[-93.3497928,44.9486721],[-93.3499155,44.9486909]],[[-93.3499155,44.9486909],[-93.35011,44.9487376],[-93.3501991,44.9487692],[-93.3504804,44.9488856]],[[-93.3504804,44.9488856],[-93.3505586,44.9489197],[-93.3507786,44.949018],[-93.3510279,44.9491048]],[[-93.3510279,44.9491048],[-93.350861,44.9489758]],[[-93.350861,44.9489758],[-93.3505845,44.9488147],[-93.3504997,44.948769],[-93.3504159,44.9487304]],[[-93.3504159,44.9487304],[-93.3502202,44.948636],[-93.3500449,44.9485747]],[[-93.3500449,44.9485747],[-93.349897,44.9485389],[-93.3497422,44.9485102],[-93.3495683,44.9484843],[-93.349424,44.9484685],[-93.3494052,44.9484673]],[[-93.332394,44.9484533],[-93.332617,44.9484922],[-93.3327106,44.9484943]],[[-93.2450271,44.9626209],[-93.2449334,44.9626313],[-93.2445228,44.9626903],[-93.2444811,44.962695],[-93.2443714,44.9627073]],[[-93.3518981,44.9493492],[-93.3521174,44.9493646],[-93.3524923,44.9493794],[-93.3529454,44.9493923],[-93.353268,44.9494031],[-93.3538023,44.949418],[-93.3544255,44.9494358],[-93.3545185,44.9494391],[-93.3556195,44.9494716],[-93.355705,44.949473],[-93.3568071,44.949507],[-93.3569814,44.9495117],[-93.3575144,44.9495281]],[[-93.245272,44.9625983],[-93.2450271,44.9626209]],[[-93.3474325,44.948547],[-93.3477731,44.9485627]],[[-93.2467034,44.9624642],[-93.2461462,44.9625144]],[[-93.248707,44.96262],[-93.2489966,44.9626315]],[[-93.2489966,44.9626315],[-93.2498143,44.962725]],[[-93.2498143,44.962725],[-93.2506339,44.9628205]],[[-93.2506339,44.9628205],[-93.2509271,44.9628354],[-93.2509708,44.9628387],[-93.2510827,44.9628417]],[[-93.2519336,44.962794],[-93.252178,44.962768],[-93.2523294,44.962759]],[[-93.3329546,44.9483981],[-93.332796,44.9483962],[-93.3326759,44.9483884]],[[-93.3510279,44.9491048],[-93.3511272,44.9491483],[-93.351246,44.9491953],[-93.3513561,44.9492345],[-93.351488,44.9492726],[-93.3515964,44.9492992],[-93.3517475,44.9493268],[-93.3518981,44.9493492]],[[-93.4688736,44.9376303],[-93.4686451,44.9376344],[-93.4685445,44.9376431],[-93.4682819,44.9376756],[-93.4679555,44.9377167],[-93.4676526,44.9377531],[-93.4674751,44.9377775]],[[-93.4674751,44.9377775],[-93.4673542,44.9377942],[-93.4671988,44.9378148],[-93.4670859,44.9378338],[-93.4670588,44.9378392],[-93.4669091,44.9378688]],[[-93.463924,44.9389605],[-93.4639979,44.938959],[-93.4640649,44.9389472],[-93.4641528,44.9389174],[-93.4644003,44.9388168],[-93.4648241,44.9386564],[-93.4652187,44.938503],[-93.4655035,44.9383948],[-93.4657744,44.9382985],[-93.465912,44.9382493],[-93.4660593,44.9382031]],[[-93.4660593,44.9382031],[-93.466201,44.9381617],[-93.466344,44.938129],[-93.4664928,44.9380949],[-93.4666317,44.9380604],[-93.4667853,44.9380292],[-93.4668982,44.9380041]],[[-93.4668982,44.9380041],[-93.4670602,44.9379699],[-93.4670833,44.937965],[-93.4672458,44.9379395],[-93.4674,44.937909],[-93.4675856,44.9378778]],[[-93.3319558,44.9483384],[-93.3321734,44.9484082]],[[-93.3314967,44.9477783],[-93.3315566,44.9479097]],[[-93.3575144,44.9495281],[-93.3582071,44.9495504],[-93.3583015,44.9495524],[-93.3593049,44.9495821],[-93.3593877,44.9495846],[-93.3594834,44.9495878],[-93.3598268,44.9495992],[-93.3599495,44.9496031],[-93.3601206,44.949607]],[[-93.4688736,44.9376303],[-93.4690556,44.9376024],[-93.469574,44.937523],[-93.4701381,44.9374713],[-93.470264,44.9374658],[-93.470535,44.937454],[-93.471016,44.937458],[-93.471248,44.937473],[-93.4715757,44.9375026],[-93.4715936,44.9375042],[-93.4720988,44.9375686],[-93.472435,44.93763],[-93.4725838,44.9376599],[-93.4729141,44.9377263],[-93.4738658,44.9379176],[-93.4742397,44.9379928],[-93.475166,44.938179],[-93.475378,44.938222],[-93.4760419,44.9383564],[-93.477127,44.938576],[-93.477219,44.938591],[-93.478455,44.938839],[-93.4799947,44.9391476],[-93.4805749,44.939265],[-93.481082,44.939368],[-93.4818616,44.9395731],[-93.4822825,44.939739]],[[-93.2591999,44.9627204],[-93.2590641,44.9627208],[-93.2583196,44.9627231],[-93.2582001,44.9627255]],[[-93.259661,44.9627181],[-93.2595752,44.9627193],[-93.2591999,44.9627204]],[[-93.2601798,44.9627162],[-93.2597667,44.9627175],[-93.259661,44.9627181]],[[-93.25396,44.96274],[-93.253827,44.9627404],[-93.2534789,44.9627416]],[[-93.2543334,44.9627387],[-93.2540936,44.9627395],[-93.25396,44.96274]],[[-93.2610733,44.9627108],[-93.2609856,44.9627114],[-93.2604979,44.9627145]],[[-93.2616067,44.9627099],[-93.2611704,44.9627106],[-93.2610733,44.9627108]],[[-93.3601206,44.949607],[-93.3602267,44.9496098],[-93.3604942,44.9496145],[-93.3605968,44.9496164]],[[-93.4023054,44.9455519],[-93.4029495,44.9454206]],[[-93.405045,44.9449739],[-93.4051022,44.9449621]],[[-93.404222,44.9451487],[-93.4046065,44.9450676]],[[-93.4046065,44.9450676],[-93.4047281,44.945042]],[[-93.4057441,44.944822],[-93.4063278,44.9447026]],[[-93.4063278,44.9447026],[-93.4063705,44.9446939],[-93.406452,44.9446782],[-93.4066813,44.944635]],[[-93.4460787,44.9411138],[-93.4463959,44.9410451],[-93.4468308,44.9409525]],[[-93.4468308,44.9409525],[-93.4478043,44.9407457]],[[-93.4478043,44.9407457],[-93.4486247,44.9405727]],[[-93.2441043,44.9627215],[-93.2439897,44.9627375]],[[-93.2441,44.9627636],[-93.2441869,44.9627677],[-93.2444355,44.9627795],[-93.2445984,44.9627866],[-93.2449167,44.9627813]],[[-93.2604979,44.9627145],[-93.2603822,44.962715],[-93.2602668,44.9627157],[-93.2601798,44.9627162]],[[-93.3330632,44.9484172],[-93.3329563,44.9484612],[-93.3328047,44.9484601],[-93.3327788,44.9484599],[-93.332753,44.9484619],[-93.3327244,44.9484719],[-93.3327106,44.9484943]],[[-93.3325125,44.9483818],[-93.3324007,44.9483997],[-93.3322943,44.9483899],[-93.3321807,44.9483668],[-93.3320894,44.9483244],[-93.3320213,44.948314],[-93.3319558,44.9483384]],[[-93.3319184,44.9481047],[-93.3318093,44.9479517],[-93.3317536,44.9478616]],[[-93.336126,44.9484701],[-93.3360499,44.9484699],[-93.3358118,44.9484691],[-93.3355098,44.9484682],[-93.3352695,44.9484674],[-93.3340216,44.9484638],[-93.3339262,44.9484636],[-93.3338446,44.9484632],[-93.3338398,44.9484632]],[[-93.2467414,44.9626292],[-93.2471735,44.9626008],[-93.2473624,44.9625956]],[[-93.2437362,44.962741],[-93.2439897,44.9627375]],[[-93.3317536,44.9478616],[-93.3316905,44.947731]],[[-93.4419621,44.9419537],[-93.4420999,44.9419257],[-93.4427095,44.9417983],[-93.4431205,44.9417125],[-93.4433825,44.9416566],[-93.4438704,44.9415554],[-93.4441703,44.9414934],[-93.4447102,44.9413803],[-93.4453589,44.9412559]],[[-93.4453589,44.9412559],[-93.4456506,44.9411999],[-93.4459458,44.9411416],[-93.4459598,44.9411387],[-93.4460787,44.9411138]]]},"properties":{"id":"alpr-corridor-cr-5-16","layer":"alpr_corridor","name":"CR 5 — Minnetonka Boulevard","county":"Hennepin County","state":"MN","countyFips":"27053","confidence":"probabilistic","sourceDate":null,"attributes":{"kind":"corridor","road":"CR 5","roadName":"Minnetonka Boulevard","roadClass":"secondary","readerCount":17,"siteCount":11,"corridorMiles":12.8,"averageGapMiles":1.28,"medianGapMiles":0.71,"longestGapMiles":3.66,"countiesSpanned":1,"operatorCount":1,"operators":"Minneapolis Police Department","unattributedReaders":14,"siteOffsets":"0.00;1.74;4.04;7.70;8.41;11.95;12.15;12.29;12.44;12.62;12.79","siteReaders":"1;3;3;1;1;1;1;1;2;1;2","siteLngs":"-93.502077;-93.466978;-93.421034;-93.346363;-93.331795;-93.262404;-93.258275;-93.255336;-93.252285;-93.248700;-93.245171","siteLats":"44.942024;44.937968;44.945035;44.948442;44.948265;44.962668;44.962776;44.962804;44.962733;44.962670;44.962698","pieceSpans":"6.51,7.01;7.7,8.2;8.37,8.4;8.4,8.41;12.79,12.79;12.38,12.44;12.15,12.34;4.82,4.83;4.99,5.09;4.78,4.82;3.54,3.99;5.14,5.5;12.79,12.79;12.79,12.79;12.68,12.71;12.62,12.68;12.63,12.68;12.74,12.78;4.12,4.74;4.03,4.12;4.04,4.12;12.46,12.5;12.5,12.63;3.12,3.24;0,0.98;2.99,3.12;3.24,3.54;12.79,12.79;12.78,12.79;5.88,6.02;12.38,12.44;12.44,12.5;11.94,11.98;12.71,12.78;0,0;5.09,5.14;4.86,4.92;7.6,7.65;7.6,7.63;7.55,7.59;7.66,7.7;12.79,12.79;8.31,8.37;8.31,8.35;5.12,5.14;1.9,2.65;1.74,1.9;1.65,1.71;5.09,5.12;6.02,6.51;3.99,4.03;3.99,4.04;7.59,7.6;7.59,7.6;4.95,4.99;4.95,4.99;8.38,8.39;7.65,7.66;7.65,7.66;7.68,7.7;7.66,7.68;7.57,7.59;7.53,7.57;7.5,7.53;7.47,7.5;7.47,7.48;7.48,7.5;7.5,7.52;7.52,7.55;8.37,8.38;12.79,12.79;7.16,7.43;12.78,12.79;7.63,7.65;12.71,12.74;12.6,12.62;12.56,12.6;12.52,12.56;12.5,12.52;12.44,12.46;8.35,8.37;7.43,7.47;1.65,1.72;1.72,1.74;1.79,1.9;1.74,1.79;1.71,1.74;8.39,8.4;8.41,8.42;7.03,7.16;0.98,1.65;12.1,12.15;12.08,12.1;12.05,12.08;12.36,12.38;12.34,12.36;12.01,12.04;11.98,12.01;7.01,7.03;4.92,4.95;4.82,4.82;4.84,4.86;4.83,4.84;4.75,4.78;4.74,4.75;2.75,2.78;2.7,2.75;2.65,2.7;12.79,12.79;12.79,12.79;12.04,12.05;8.35,8.37;8.38,8.4;8.4,8.41;8.2,8.31;12.68,12.71;12.79,12.79;8.41,8.41;2.82,2.99;2.78,2.82"}}},{"type":"Feature","geometry":{"type":"MultiLineString","coordinates":[[[-93.4524022,44.9838748],[-93.452477,44.983265],[-93.4526839,44.9818907],[-93.452696,44.9818106],[-93.4526984,44.9817135],[-93.4527033,44.9815187],[-93.4526914,44.9812269],[-93.4526765,44.9810898],[-93.4526633,44.9809857],[-93.4526443,44.9809034],[-93.4526005,44.9807564],[-93.4525603,44.980612],[-93.4525253,44.9805129],[-93.4524936,44.9804481],[-93.4523938,44.9802513],[-93.4523348,44.9801479],[-93.4522761,44.9800498],[-93.4522136,44.9799516],[-93.4521496,44.9798613],[-93.4520932,44.9797874],[-93.4520267,44.979702],[-93.4519482,44.9796152],[-93.4518698,44.9795283],[-93.4518014,44.979458],[-93.4517368,44.9793936],[-93.45163,44.979298],[-93.4514164,44.979118],[-93.4513,44.9790297],[-93.4511952,44.9789524],[-93.4511037,44.9788901],[-93.4510006,44.9788238],[-93.4508978,44.9787649],[-93.450768,44.978691],[-93.450401,44.978508],[-93.4501432,44.9783935],[-93.4494493,44.9780853],[-93.4489761,44.9778752],[-93.4487978,44.9777911],[-93.4486329,44.9777111],[-93.4485017,44.977642],[-93.4483993,44.9775852],[-93.4482522,44.9774987],[-93.4481269,44.9774152],[-93.4480228,44.9773385],[-93.4479184,44.9772639],[-93.4477289,44.9771121],[-93.4476722,44.9770643]],[[-93.4434809,45.0255174],[-93.443704,45.026136],[-93.4437707,45.0263267],[-93.4440144,45.0269944]],[[-93.4492985,45.0106615],[-93.4493363,45.0105346],[-93.4493993,45.0103663],[-93.4494328,45.0102767]],[[-93.435562,44.936657],[-93.435196,44.936569],[-93.434822,44.936501],[-93.434593,44.93647],[-93.434441,44.936455],[-93.4341415,44.9364245],[-93.433212,44.936314],[-93.43295,44.9362362],[-93.432747,44.936012],[-93.43261,44.935768],[-93.4324541,44.9355356],[-93.432449,44.935528],[-93.432266,44.935295],[-93.43206,44.935074],[-93.431986,44.9349995],[-93.431908,44.934921],[-93.43177,44.934799],[-93.431618,44.934689],[-93.431427,44.934559],[-93.431244,44.934437],[-93.431145,44.934368],[-93.431,44.934235],[-93.43087,44.93409],[-93.430763,44.933975],[-93.430634,44.933868],[-93.429993,44.93335],[-93.4299004,44.9332689],[-93.42984,44.933216],[-93.429718,44.933071],[-93.429626,44.932911],[-93.4295838,44.9327452],[-93.4295773,44.9325529]],[[-93.446278,45.0362676],[-93.4462733,45.0368486],[-93.446269,45.0373829],[-93.4462655,45.0379194],[-93.446263,45.03875],[-93.4462592,45.0393608],[-93.4462551,45.0398982],[-93.4462472,45.0404601],[-93.4462501,45.0409959],[-93.4462433,45.0414426]],[[-93.4247248,44.8627485],[-93.4244893,44.8630084],[-93.4243785,44.863124]],[[-93.4250541,44.8622993],[-93.4249744,44.8624207],[-93.4248902,44.8625417],[-93.4247944,44.8626654],[-93.4247248,44.8627485]],[[-93.4249242,44.862722],[-93.4250178,44.8626043],[-93.4251106,44.8624716],[-93.4251961,44.8623552]],[[-93.4254112,44.8616006],[-93.4253177,44.8617968],[-93.4252257,44.8620079],[-93.425136,44.8621851],[-93.4250541,44.8622993]],[[-93.4256307,44.8616077],[-93.4257061,44.861493],[-93.4257547,44.8613145],[-93.4258139,44.8611237],[-93.4258536,44.8609639],[-93.4258841,44.8607808],[-93.4258969,44.8605815],[-93.4258945,44.8604635]],[[-93.426661,44.856819],[-93.4265597,44.8569161],[-93.4264402,44.8570509],[-93.426377,44.8571335],[-93.4262641,44.857283],[-93.4261845,44.8574029],[-93.4260554,44.8575997],[-93.4259731,44.8577742],[-93.4258814,44.8579893],[-93.4258068,44.8581931],[-93.4257725,44.8583012],[-93.4257137,44.8585493],[-93.4256892,44.8586621],[-93.4256687,44.8588181],[-93.4256762,44.85967],[-93.4256765,44.8596997],[-93.4256783,44.8598217]],[[-93.4291675,44.8547858],[-93.4290934,44.8548462],[-93.4288046,44.8550715],[-93.4285948,44.8552313],[-93.4282628,44.8554973],[-93.4279389,44.8557532],[-93.4277693,44.8558863],[-93.4276574,44.855974]],[[-93.4309223,44.853038],[-93.4306777,44.8532871],[-93.4303921,44.8535915],[-93.4301849,44.8538062],[-93.430007,44.8540006],[-93.4296814,44.8543202],[-93.4293665,44.8546141],[-93.4293394,44.8546394],[-93.4292712,44.8546986],[-93.4291675,44.8547858]],[[-93.4230044,44.8643487],[-93.4232827,44.8641841],[-93.4235371,44.8640238],[-93.423707,44.8639026],[-93.4238478,44.8637984],[-93.4239796,44.8636971],[-93.4240972,44.8635939],[-93.4242362,44.8634703],[-93.42435,44.8633645],[-93.424437,44.8632739],[-93.4244709,44.8632385],[-93.4245147,44.8631929],[-93.4245853,44.8631172]],[[-93.4430399,44.9676261],[-93.443014,44.9675578],[-93.4428673,44.9672586],[-93.4427643,44.9669732],[-93.4427152,44.9668045],[-93.4427042,44.9667668],[-93.4426674,44.9666208],[-93.4426613,44.9665967],[-93.4426223,44.9663814]],[[-93.4462928,44.9742423],[-93.4463596,44.974045],[-93.446383,44.9737105]],[[-93.4423884,44.9656018],[-93.4424044,44.9657048],[-93.4424124,44.9659712],[-93.4424262,44.9661368],[-93.4424382,44.9662809],[-93.4424517,44.9664014]],[[-93.4453828,44.9713562],[-93.4451633,44.9710288],[-93.4448798,44.970578]],[[-93.4456789,44.9721443],[-93.4457347,44.9722309],[-93.4458371,44.9723898],[-93.445983,44.9726327],[-93.4460259,44.9727237],[-93.4460602,44.9727966],[-93.4460789,44.9728489]],[[-93.4446626,44.9705799],[-93.444949,44.9710295],[-93.4451548,44.9713551]],[[-93.4419192,44.9600234],[-93.441681,44.959465],[-93.441589,44.959229],[-93.441498,44.958881],[-93.44146,44.95858],[-93.44146,44.958282],[-93.441465,44.95813],[-93.4414725,44.9578566],[-93.4414779,44.9576591],[-93.441479,44.957618],[-93.44149,44.957104],[-93.441513,44.95639],[-93.44149,44.955883],[-93.4414888,44.9558506],[-93.4414258,44.9541794],[-93.4413937,44.9533265],[-93.441376,44.952858],[-93.441353,44.952419],[-93.44131,44.9513535],[-93.441299,44.95108]],[[-93.4253112,44.9013511],[-93.4255162,44.9015398],[-93.4257549,44.9017596],[-93.4261306,44.9021364],[-93.4261977,44.9022164]],[[-93.4283375,44.9102124],[-93.4284519,44.9098331],[-93.4284883,44.9096684]],[[-93.4446619,45.0469092],[-93.4445919,45.047031],[-93.4445357,45.0471474],[-93.4445098,45.0472122],[-93.4444699,45.0473174],[-93.4444475,45.0474005],[-93.4444297,45.0474793],[-93.4444151,45.0475753]],[[-93.4476722,44.9770643],[-93.4476143,44.9770158],[-93.4473166,44.9766886],[-93.4471262,44.9764487],[-93.4469652,44.9762096],[-93.4467287,44.9758087],[-93.4465607,44.9755267],[-93.4464682,44.9753633],[-93.4464259,44.975265],[-93.4463606,44.9750962],[-93.4463293,44.9750185],[-93.4463073,44.9748935],[-93.4462901,44.9747982],[-93.446283,44.9746839],[-93.4462928,44.9742423]],[[-93.4510529,45.0082211],[-93.4511167,45.0081309],[-93.4513087,45.0078594],[-93.4513533,45.0077963],[-93.4515,45.007504],[-93.451487,45.0069695],[-93.4514837,45.006832]],[[-93.4385663,45.0627958],[-93.4386581,45.0627518],[-93.4390278,45.062572],[-93.4394807,45.0623469],[-93.4407109,45.0617519],[-93.4412005,45.0615208],[-93.4417555,45.0612501]],[[-93.4382619,45.0627925],[-93.4381538,45.0628493],[-93.4377089,45.063068],[-93.4372691,45.0632845],[-93.4369036,45.0634674],[-93.4365854,45.0636259],[-93.436225,45.0638075]],[[-93.4444151,45.0475753],[-93.4444075,45.0477224],[-93.444412,45.0478669],[-93.4444268,45.0480157],[-93.4444675,45.04818],[-93.4445368,45.0483628],[-93.4445936,45.0484835],[-93.4447074,45.0486626],[-93.4448386,45.0488341],[-93.4450486,45.0490667],[-93.4452702,45.049321],[-93.4454105,45.0494786],[-93.4455447,45.0496459],[-93.4456353,45.049769]],[[-93.4514606,45.0065523],[-93.4513855,45.006704],[-93.4513819,45.0067425],[-93.4513104,45.0075157],[-93.4512353,45.0077281],[-93.4511651,45.0078143],[-93.4510314,45.0079784],[-93.4509599,45.0080616],[-93.4508794,45.0081552]],[[-93.448533,45.0125133],[-93.4482849,45.0129163],[-93.4480274,45.0132651],[-93.447684,45.0135989],[-93.4472656,45.0139326],[-93.4472355,45.0139503],[-93.446697,45.0142663],[-93.4464395,45.0143877],[-93.446358,45.014503]],[[-93.4283067,44.9096541],[-93.428232,44.9099722],[-93.4281668,44.9101875],[-93.4281136,44.9103324]],[[-93.4284986,44.9087276],[-93.4283067,44.9096541]],[[-93.4284883,44.9096684],[-93.4286735,44.9087409]],[[-93.4286735,44.9087409],[-93.4287713,44.9083368],[-93.4288166,44.9079174],[-93.428825,44.9078071],[-93.4288139,44.9075665],[-93.4287781,44.9072887],[-93.4287427,44.9070986],[-93.428642,44.9067259],[-93.4284895,44.9064062],[-93.4282851,44.9060424],[-93.4281754,44.905852],[-93.4281144,44.9057583],[-93.4280553,44.9056554],[-93.4278667,44.9053449],[-93.4277284,44.9050587],[-93.4276293,44.9048496],[-93.4275268,44.9045933],[-93.4274026,44.9042466],[-93.4272258,44.9036942],[-93.4270194,44.903179],[-93.4269771,44.9030834]],[[-93.4269599,44.9164842],[-93.4269267,44.9160077]],[[-93.4267821,44.9160133],[-93.4268112,44.9164892]],[[-93.4267899,44.9243289],[-93.4267774,44.9244404],[-93.4267734,44.9245555],[-93.4267801,44.9246629],[-93.4268158,44.9248745],[-93.426885,44.9251827],[-93.4269708,44.9255538],[-93.4270352,44.9258042],[-93.427087,44.9259577],[-93.4271464,44.9260997],[-93.4272713,44.9263431],[-93.4274337,44.9265973],[-93.4276005,44.9268393],[-93.427858,44.9272124],[-93.4282726,44.9278173],[-93.428351,44.9279317],[-93.4284519,44.928079],[-93.4286396,44.9283529],[-93.4287148,44.928493],[-93.4287712,44.9286177],[-93.4288059,44.9287409],[-93.4288365,44.9288709],[-93.4288502,44.9290085],[-93.4288492,44.9290929],[-93.4288364,44.9292122],[-93.4288132,44.929343],[-93.4287857,44.9294982],[-93.4287688,44.9296128],[-93.4287669,44.9297197],[-93.4287769,44.9298127],[-93.4287942,44.9299056],[-93.4288202,44.92999],[-93.4288625,44.9300837],[-93.4289421,44.9302135],[-93.4290118,44.9303116],[-93.4290875,44.930418]],[[-93.4269267,44.9160077],[-93.4269378,44.9157846],[-93.4269927,44.915498],[-93.4270864,44.9152829],[-93.4272254,44.9150584],[-93.4273228,44.9149312],[-93.4274506,44.9147302],[-93.4276077,44.9145002],[-93.4278227,44.9141423],[-93.4278455,44.9140802],[-93.427934,44.9138386],[-93.4279641,44.9136454],[-93.4279853,44.9133028],[-93.4279858,44.9131438],[-93.4279668,44.9128725]],[[-93.4279745,44.9058129],[-93.4280235,44.9059128],[-93.428339,44.9064666],[-93.4285437,44.907008],[-93.4286184,44.9073626],[-93.4286385,44.9076472],[-93.4286086,44.9081943],[-93.4284986,44.9087276]],[[-93.4277883,44.9128762],[-93.4277994,44.913312],[-93.4277909,44.9136663],[-93.427712,44.9139736],[-93.4275696,44.9142814],[-93.4274237,44.9144963],[-93.427157,44.9148742],[-93.4269618,44.9151771],[-93.4268511,44.9154411],[-93.4267826,44.9157518],[-93.4267821,44.9160133]],[[-93.451378,45.002403],[-93.451412,45.003763],[-93.4514145,45.0038513],[-93.451416,45.003902],[-93.4514199,45.0044791],[-93.4514217,45.0047365],[-93.4514612,45.0051588]],[[-93.4295773,44.9325529],[-93.4296068,44.9324159],[-93.4296199,44.9321516],[-93.4296348,44.9317877],[-93.4296169,44.9314799],[-93.4296145,44.9312621]],[[-93.4272155,44.9209014],[-93.4272222,44.9207714]],[[-93.4279668,44.9128725],[-93.4279658,44.9127272],[-93.427965,44.9126023],[-93.4279517,44.912206],[-93.427948,44.9116555],[-93.4280024,44.9112471],[-93.4281224,44.9108607],[-93.4283375,44.9102124]],[[-93.4281136,44.9103324],[-93.4279476,44.9108131],[-93.4278738,44.9110472],[-93.427803,44.9113511],[-93.4277723,44.9115929],[-93.4277606,44.9117227],[-93.4277696,44.9119875],[-93.427782,44.9123779],[-93.427795,44.912733],[-93.4277883,44.9128762]],[[-93.4269568,44.9243431],[-93.4269742,44.9242593],[-93.4269829,44.9242174],[-93.4270131,44.9240809],[-93.427064,44.9238232],[-93.4271019,44.9235962]],[[-93.4272222,44.9207714],[-93.427223,44.920687],[-93.4272259,44.9203781],[-93.4272128,44.9197748],[-93.4272124,44.9197672],[-93.4271992,44.9195203],[-93.4271916,44.9193654],[-93.4271768,44.9190791],[-93.4271589,44.9188695],[-93.4271491,44.9187551],[-93.4271306,44.9185033],[-93.4270867,44.9179723],[-93.4270428,44.9174346],[-93.4269599,44.9164842]],[[-93.4268112,44.9164892],[-93.4268485,44.9167916],[-93.4269358,44.9179796],[-93.4269844,44.9185251],[-93.4269957,44.9186801],[-93.4270548,44.9194522],[-93.4270567,44.9195204],[-93.4270646,44.9197672],[-93.4270581,44.9199459],[-93.427053,44.9206822],[-93.4270524,44.9207751]],[[-93.4456285,44.9720641],[-93.4456789,44.9721443]],[[-93.4460789,44.9728489],[-93.4461117,44.9729423],[-93.4461461,44.9730516],[-93.4461718,44.9731609],[-93.4462298,44.9733917],[-93.446248,44.9735651]],[[-93.4462845,44.972788],[-93.4462491,44.9727116],[-93.4461718,44.9725719],[-93.4460946,44.9724323],[-93.4459572,44.9722198],[-93.4458523,44.9720455]],[[-93.4441573,44.9693708],[-93.4440574,44.9691974],[-93.4438441,44.9688734],[-93.44366,44.9686085]],[[-93.4431895,44.9682324],[-93.4432879,44.9683942],[-93.4436324,44.9689305]],[[-93.4451548,44.9713551],[-93.445571,44.9719769],[-93.4456285,44.9720641]],[[-93.4458523,44.9720455],[-93.4456568,44.9717644],[-93.4455195,44.97157],[-93.4453828,44.9713562]],[[-93.4421233,44.9639114],[-93.4420777,44.9637789],[-93.4420605,44.9636575],[-93.4420519,44.9633478],[-93.4420599,44.9631584],[-93.4421846,44.9624376]],[[-93.4421846,44.9624376],[-93.4420416,44.9628473],[-93.4419232,44.9631959],[-93.4419068,44.9632578],[-93.4418717,44.9633903],[-93.4418631,44.9635033],[-93.4418631,44.9636393],[-93.4418803,44.9637607],[-93.4419146,44.9638882],[-93.4419286,44.963931],[-93.4419661,44.9640461],[-93.4420777,44.9643619],[-93.4422408,44.9648781],[-93.442318,44.9652243]],[[-93.4444331,44.9698338],[-93.4442937,44.9696016],[-93.4442293,44.9694927]],[[-93.4270524,44.9207751],[-93.4270482,44.9209003]],[[-93.4272136,44.9212283],[-93.4272151,44.9209727],[-93.4272155,44.9209014]],[[-93.4487462,45.0125749],[-93.4488642,45.0123474],[-93.4490359,45.0119833],[-93.4491973,45.0111099],[-93.4492504,45.0108228],[-93.4492985,45.0106615]],[[-93.446358,45.014503],[-93.4461948,45.0145869],[-93.445452,45.014968]],[[-93.4512435,44.9966461],[-93.45121,44.9953]],[[-93.4508794,45.0081552],[-93.4507016,45.0083575]],[[-93.4503938,45.0089627],[-93.4508178,45.0085188],[-93.450892,45.0084411]],[[-93.446358,45.014503],[-93.4465682,45.0144483],[-93.4471476,45.0141601],[-93.4473135,45.0140429],[-93.447448,45.0139478],[-93.4477699,45.0137126],[-93.4480381,45.0134851],[-93.4483492,45.0131817]],[[-93.45121,44.9953],[-93.451187,44.994205],[-93.4511822,44.9937646],[-93.4511753,44.9931393],[-93.4511641,44.9924508],[-93.451164,44.992317],[-93.451164,44.991486],[-93.4511637,44.9914072],[-93.4511593,44.9901575],[-93.451157,44.989491],[-93.451157,44.9886889],[-93.451157,44.988583],[-93.4511526,44.9878219]],[[-93.4512463,44.9967598],[-93.4512435,44.9966461]],[[-93.451378,45.002403],[-93.4513711,45.0020782],[-93.451354,45.0012769],[-93.451347,45.00095],[-93.4513425,45.0007559],[-93.451332,45.000301],[-93.4513301,45.0002126],[-93.451309,44.999229],[-93.4512818,44.9981597],[-93.4512761,44.9979338],[-93.4512707,44.9977191],[-93.4512463,44.9967598]],[[-93.4271466,44.9231522],[-93.4271725,44.9228156]],[[-93.4271725,44.9228156],[-93.4271819,44.9226451],[-93.4271814,44.9223183]],[[-93.4271814,44.9223183],[-93.4271855,44.9219848],[-93.427199,44.9217706],[-93.4272072,44.9213948],[-93.4272136,44.9212283]],[[-93.4271019,44.9235962],[-93.42712,44.9234168],[-93.4271466,44.9231522]],[[-93.4270421,44.9228122],[-93.4270135,44.923142],[-93.4269894,44.9233506],[-93.4269454,44.9235892]],[[-93.4268939,44.9238321],[-93.4268592,44.9239954],[-93.4268247,44.9241756],[-93.426809,44.9242449],[-93.4267899,44.9243289]],[[-93.4270544,44.9223166],[-93.4270546,44.9224847],[-93.4270508,44.9226334],[-93.4270421,44.9228122]],[[-93.4293329,44.9304515],[-93.4292436,44.9303415]],[[-93.4292436,44.9303415],[-93.4291747,44.9302515],[-93.4291326,44.9301965],[-93.4290702,44.9300971],[-93.4290251,44.9300054],[-93.428997,44.9299351],[-93.4289691,44.9298329],[-93.4289554,44.9296989],[-93.4289609,44.929561],[-93.428982,44.9294217],[-93.4290074,44.9292826],[-93.4290224,44.9291555],[-93.4290213,44.9290142],[-93.4290063,44.9288801],[-93.4289736,44.928724],[-93.4289238,44.9285697],[-93.4288232,44.9283594],[-93.4286609,44.9281073],[-93.4286314,44.9280647],[-93.428549,44.9279457],[-93.4284383,44.927786],[-93.4281225,44.92733],[-93.427925,44.9270392],[-93.4275275,44.9264676],[-93.4273815,44.9262235],[-93.4272774,44.9260017],[-93.427197,44.9257805],[-93.4271513,44.9256145],[-93.4271248,44.9255099],[-93.4270739,44.925262],[-93.4270159,44.9250203],[-93.4269531,44.924717],[-93.4269448,44.9246193],[-93.426938,44.9245081],[-93.4269437,44.9244526],[-93.4269568,44.9243431]],[[-93.4270482,44.9209003],[-93.427045,44.9209755],[-93.427033,44.9212568]],[[-93.427033,44.9212568],[-93.4270266,44.9215635],[-93.4270393,44.9219932],[-93.4270544,44.9223166]],[[-93.4524022,44.9838748],[-93.4523303,44.9839938],[-93.4522759,44.9842632],[-93.4522359,44.9843793],[-93.4521616,44.9845878],[-93.4520964,44.984758],[-93.451976,44.9849779],[-93.4519111,44.985096],[-93.4518456,44.9852004]],[[-93.4515401,44.9860356],[-93.4515884,44.985929],[-93.4517689,44.9856187],[-93.4519625,44.9853243],[-93.4520195,44.9852281],[-93.4521252,44.9850342],[-93.4522337,44.9848081],[-93.4523287,44.9845409],[-93.4523798,44.9843663],[-93.452395,44.9842582],[-93.4524349,44.9839897],[-93.4524022,44.9838748]],[[-93.4513564,44.9860316],[-93.4513011,44.9861476],[-93.4511933,44.9864855],[-93.4511063,44.9869681],[-93.4510967,44.9873052],[-93.4511715,44.9874529]],[[-93.4511526,44.9878219],[-93.4511513,44.9875961]],[[-93.4514612,45.0051588],[-93.4513681,45.0052364],[-93.451372,45.0055132],[-93.4513729,45.0055812],[-93.451373,45.0057055],[-93.4513735,45.0061315],[-93.4514489,45.006206]],[[-93.4514489,45.006206],[-93.4514606,45.0065523]],[[-93.4514489,45.006206],[-93.4515685,45.0061127],[-93.4515617,45.0057089],[-93.4515598,45.0055927],[-93.4515587,45.0055132],[-93.4515551,45.0052385],[-93.4514612,45.0051588]],[[-93.4440026,44.9695471],[-93.4442631,44.9699482],[-93.4446626,44.9705799]],[[-93.4511715,44.9874529],[-93.4512522,44.9873054],[-93.4512753,44.9869758],[-93.4513622,44.9864932],[-93.4514744,44.9861916],[-93.451495,44.9861427],[-93.4515401,44.9860356]],[[-93.4511513,44.9875961],[-93.4511715,44.9874529]],[[-93.4361678,45.0639841],[-93.4367585,45.0636897],[-93.4370523,45.0635436]],[[-93.4370523,45.0635436],[-93.4371295,45.0635043],[-93.4371834,45.0634768]],[[-93.4371834,45.0634768],[-93.4377264,45.0632105],[-93.4383083,45.0629246],[-93.4384203,45.0628683],[-93.4385663,45.0627958]],[[-93.4426263,45.0605968],[-93.4424946,45.0606749],[-93.4422625,45.0608189],[-93.4419998,45.0609667],[-93.4416472,45.0611573],[-93.4413259,45.0613152],[-93.4409777,45.0614831],[-93.440556,45.0616795],[-93.4398654,45.062003],[-93.4396053,45.0621275],[-93.4393815,45.0622383]],[[-93.44277,45.0606609],[-93.4429337,45.0605541],[-93.4430406,45.0604844],[-93.443322,45.060285],[-93.4436248,45.0600444]],[[-93.4393815,45.0622383],[-93.4384922,45.062674],[-93.438415,45.0627167],[-93.4382619,45.0627925]],[[-93.4436387,45.0598461],[-93.4435372,45.0599303]],[[-93.4417555,45.0612501],[-93.4420172,45.0611146],[-93.4423827,45.0609074],[-93.4426195,45.0607591],[-93.44277,45.0606609]],[[-93.4435372,45.0599303],[-93.4432726,45.0601411],[-93.442983,45.0603558],[-93.4428082,45.0604799],[-93.4426263,45.0605968]],[[-93.4454063,45.0461409],[-93.4452718,45.0462666],[-93.4451251,45.0464011],[-93.4449881,45.0465269],[-93.4448823,45.0466336],[-93.4447732,45.0467611],[-93.4446619,45.0469092]],[[-93.4461061,45.0454598],[-93.4461663,45.045346],[-93.4462109,45.0452372],[-93.4462507,45.0451219],[-93.44628,45.0449972],[-93.4463016,45.0448606],[-93.4463132,45.044721],[-93.4463127,45.0445285],[-93.4463135,45.0438496],[-93.4463131,45.0437892],[-93.4463126,45.0436627]],[[-93.4463126,45.0436627],[-93.4463131,45.0435773],[-93.446316,45.0431256],[-93.44632,45.0427254]],[[-93.4463089,45.0337822],[-93.4463049,45.0340914],[-93.4463029,45.034244],[-93.4462951,45.0348554],[-93.4462846,45.0355484],[-93.4462836,45.0356135],[-93.446278,45.0362676]],[[-93.4463879,45.0333003],[-93.446402,45.0329655]],[[-93.446402,45.0329655],[-93.4463942,45.0325647]],[[-93.4463942,45.0325647],[-93.4463843,45.0324644],[-93.4463633,45.032294],[-93.4463272,45.0320095],[-93.4462768,45.0317512]],[[-93.4462768,45.0317512],[-93.4462343,45.0315586],[-93.4462171,45.0314845],[-93.4461664,45.0313066],[-93.4461006,45.0310852],[-93.4460001,45.0308137],[-93.4458929,45.0305545],[-93.4457718,45.0302897]],[[-93.4457718,45.0302897],[-93.4455575,45.0298988],[-93.4452306,45.0293392],[-93.4450765,45.0290661],[-93.4450324,45.0289904],[-93.4449721,45.0288797]],[[-93.4449721,45.0288797],[-93.4449229,45.0288012],[-93.4448028,45.0285884],[-93.4446592,45.0283362],[-93.4445721,45.0281736],[-93.4444952,45.0280217]],[[-93.4251961,44.8623552],[-93.4253032,44.8622062],[-93.4253804,44.8620746],[-93.425473,44.8618825],[-93.4255665,44.8617194]],[[-93.4507016,45.0083575],[-93.4506305,45.0084376],[-93.4504285,45.0086654],[-93.4502911,45.0088204],[-93.4499264,45.0092224],[-93.4497162,45.0094715]],[[-93.4494328,45.0102767],[-93.4494769,45.0101533],[-93.4495401,45.0100112],[-93.4496413,45.0098642],[-93.4497332,45.0097306],[-93.4499478,45.0094727],[-93.4501676,45.0092216]],[[-93.4501676,45.0092216],[-93.4503205,45.0090466]],[[-93.4503205,45.0090466],[-93.4503938,45.0089627]],[[-93.4243785,44.863124],[-93.4242921,44.863207],[-93.4242687,44.8632295],[-93.4241509,44.8633457],[-93.4239004,44.8635645],[-93.4236914,44.8637494],[-93.4235163,44.8638697]],[[-93.4245853,44.8631172],[-93.4246985,44.8629923],[-93.4248569,44.8628018]],[[-93.4290875,44.930418],[-93.4291778,44.9305337],[-93.4293659,44.930791],[-93.4294162,44.9308841],[-93.429446,44.9309663],[-93.4294722,44.9310767],[-93.4294808,44.9311712],[-93.4295073,44.9317896],[-93.4295111,44.9319837],[-93.429541,44.9324159],[-93.4295773,44.9325529]],[[-93.4431195,44.9677385],[-93.4430399,44.9676261]],[[-93.443692,44.9690269],[-93.4438323,44.9692747],[-93.4439254,44.9694217]],[[-93.442836,44.9676248],[-93.4429,44.9677315],[-93.4429961,44.9679145],[-93.4430833,44.9680734]],[[-93.4436324,44.9689305],[-93.4436741,44.9689954],[-93.443692,44.9690269]],[[-93.4248569,44.8628018],[-93.4249242,44.862722]],[[-93.4444952,45.0280217],[-93.444381,45.0277644],[-93.444283,45.0275242],[-93.4441345,45.0271621],[-93.4440904,45.0270707],[-93.4440144,45.0269944]],[[-93.4463089,45.0337822],[-93.4463748,45.033574],[-93.4463879,45.0333003]],[[-93.4454063,45.0461409],[-93.4455294,45.0461022],[-93.4456656,45.0459853],[-93.4457882,45.0458728],[-93.4458571,45.0457995],[-93.4459501,45.0456897],[-93.4460241,45.0455954],[-93.4460596,45.0455413],[-93.4461061,45.0454598]],[[-93.44632,45.0427254],[-93.4463173,45.0421793],[-93.446305,45.0416284],[-93.4462433,45.0414426]],[[-93.4462433,45.0414426],[-93.4461724,45.0416313],[-93.4461553,45.0421063],[-93.4461423,45.0427353],[-93.4461385,45.0435548],[-93.4461384,45.043573],[-93.4461377,45.0436633],[-93.4461369,45.0437887],[-93.4461364,45.0438524],[-93.4461357,45.0439623],[-93.4461333,45.044565],[-93.4461283,45.0447721],[-93.4461101,45.0449508],[-93.4460712,45.0451104],[-93.4460194,45.0452518],[-93.4459687,45.0453672],[-93.445947,45.0454143],[-93.445902,45.0454935],[-93.4458146,45.0456281],[-93.4457207,45.0457493],[-93.4456254,45.0458568],[-93.4455055,45.0459728],[-93.4454318,45.0460457],[-93.4454063,45.0461409]],[[-93.4439254,44.9694217],[-93.4440026,44.9695471]],[[-93.4497162,45.0094715],[-93.4495616,45.0096547],[-93.4493256,45.0100188],[-93.4492885,45.0100915],[-93.4492281,45.0102098]],[[-93.450892,45.0084411],[-93.4510529,45.0082211]],[[-93.446383,44.9737105],[-93.4463799,44.9732619],[-93.4463686,44.9731245],[-93.4463416,44.972978],[-93.4463091,44.9728695],[-93.4462845,44.972788]],[[-93.4462589,44.9737202],[-93.4462498,44.9739176],[-93.446251,44.974083],[-93.4462928,44.9742423]],[[-93.446248,44.9735651],[-93.4462587,44.9736323],[-93.4462589,44.9737202]],[[-93.4255665,44.8617194],[-93.4256307,44.8616077]],[[-93.4258945,44.8604635],[-93.4258894,44.8602965],[-93.4258649,44.8599694],[-93.4258616,44.8599251],[-93.425858,44.8598327]],[[-93.425858,44.8598327],[-93.4258605,44.8596905],[-93.4258519,44.8589946],[-93.4258644,44.858793],[-93.4258686,44.8587639]],[[-93.4258686,44.8587639],[-93.4258932,44.8585914],[-93.4259355,44.8584007],[-93.4259912,44.858219]],[[-93.4259912,44.858219],[-93.4260808,44.8579894],[-93.4261821,44.857763],[-93.4262985,44.8575299],[-93.4263589,44.8574383]],[[-93.4263589,44.8574383],[-93.4264269,44.8573351],[-93.4265717,44.857146],[-93.4267096,44.8569782],[-93.4268555,44.8568283],[-93.4268766,44.8568066],[-93.4269311,44.8567512]],[[-93.4269311,44.8567512],[-93.4270377,44.8566593]],[[-93.4270377,44.8566593],[-93.4271121,44.8565951],[-93.4274637,44.856308],[-93.4277312,44.8561044],[-93.4281328,44.8557927],[-93.4282274,44.8557185]],[[-93.4282274,44.8557185],[-93.4288507,44.8552298]],[[-93.4288507,44.8552298],[-93.4291812,44.8549579],[-93.4292227,44.8549238],[-93.4293572,44.8548244]],[[-93.4293572,44.8548244],[-93.429472,44.8547149],[-93.4300239,44.8542074]],[[-93.4300239,44.8542074],[-93.4301216,44.8541175],[-93.430124,44.8541152],[-93.4303199,44.8539264],[-93.4305499,44.8537056]],[[-93.4305499,44.8537056],[-93.43072,44.8535178],[-93.4309563,44.8532787]],[[-93.4309563,44.8532787],[-93.4311564,44.8530763],[-93.4312013,44.8530299]],[[-93.4256783,44.8598217],[-93.4256824,44.8599271],[-93.4256664,44.860345],[-93.425636,44.8607046],[-93.4256202,44.8608974],[-93.4255739,44.8610854]],[[-93.4255739,44.8610854],[-93.4255278,44.8612729],[-93.4254706,44.861458],[-93.4254587,44.8614886],[-93.4254112,44.8616006]],[[-93.4235163,44.8638697],[-93.423429,44.8639297],[-93.4231512,44.8641049]],[[-93.4268208,44.9031127],[-93.4270239,44.9035453],[-93.4271392,44.9039445],[-93.4274425,44.9048773],[-93.4274822,44.9049531]],[[-93.4274822,44.9049531],[-93.4278154,44.9055898],[-93.4279013,44.905713],[-93.4279745,44.9058129]],[[-93.4448798,44.970578],[-93.444524,44.9699853]],[[-93.444524,44.9699853],[-93.4444331,44.9698338]],[[-93.4442293,44.9694927],[-93.4441573,44.9693708]],[[-93.4269771,44.9030834],[-93.4268575,44.902894],[-93.4267985,44.9027972],[-93.4266364,44.9025634]],[[-93.4266364,44.9025634],[-93.4265804,44.9024826],[-93.426329,44.9021601]],[[-93.426329,44.9021601],[-93.4261244,44.9019406],[-93.4259122,44.9017336],[-93.4256406,44.9014681],[-93.4248824,44.9007532],[-93.4246782,44.9005581]],[[-93.4246782,44.9005581],[-93.4243932,44.9002976],[-93.4237714,44.8997261]],[[-93.4237714,44.8997261],[-93.4232858,44.8992792]],[[-93.4276574,44.855974],[-93.4274926,44.8561032],[-93.4272016,44.856333],[-93.4270068,44.8564923],[-93.4269824,44.8565123],[-93.4269089,44.8565829]],[[-93.4268135,44.8566708],[-93.42675,44.8567289],[-93.426661,44.856819]],[[-93.4269089,44.8565829],[-93.4268135,44.8566708]],[[-93.4269454,44.9235892],[-93.4268939,44.9238321]],[[-93.4426223,44.9663814],[-93.4426184,44.9663599],[-93.4426121,44.9660705],[-93.4425775,44.9657462],[-93.4425732,44.9657055]],[[-93.4492281,45.0102098],[-93.4491954,45.0103024],[-93.4490304,45.0107694]],[[-93.4490304,45.0107694],[-93.448956,45.0111092]],[[-93.448956,45.0111092],[-93.448836,45.0116986],[-93.4488062,45.0118414]],[[-93.4488062,45.0118414],[-93.4487247,45.0121729],[-93.448533,45.0125133]],[[-93.4514837,45.006832],[-93.4514813,45.0067341],[-93.4514606,45.0065523]],[[-93.4483492,45.0131817],[-93.4485745,45.0128556],[-93.4487462,45.0125749]],[[-93.4518456,44.9852004],[-93.4513951,44.9859397],[-93.4513564,44.9860316]],[[-93.4425732,44.9657055],[-93.4425628,44.9656021]],[[-93.4425628,44.9656021],[-93.4425512,44.9654725],[-93.4425315,44.9653416],[-93.4424983,44.9652182],[-93.4424725,44.9651028],[-93.4424397,44.9649603],[-93.4424124,44.9648417],[-93.4423094,44.9645138],[-93.4422725,44.9644045]],[[-93.4422725,44.9644045],[-93.4421833,44.9641069],[-93.4421233,44.9639114]],[[-93.4236312,44.899801],[-93.4251187,44.901174],[-93.4253112,44.9013511]],[[-93.4264812,44.902588],[-93.4265301,44.9026507],[-93.426638,44.9028099],[-93.4268208,44.9031127]],[[-93.4261977,44.9022164],[-93.4263069,44.9023617],[-93.42639,44.9024712],[-93.4264812,44.902588]],[[-93.4296116,44.9312034],[-93.4296035,44.9310403],[-93.4295805,44.9309243],[-93.4295439,44.9308076],[-93.4294932,44.9307003],[-93.4294085,44.9305608],[-93.4293329,44.9304515]],[[-93.4296145,44.9312621],[-93.4296116,44.9312034]],[[-93.4430833,44.9680734],[-93.4431895,44.9682324]],[[-93.4424517,44.9664014],[-93.4424808,44.9665745],[-93.4425079,44.9667023]],[[-93.4425079,44.9667023],[-93.442652,44.9671508],[-93.4427162,44.9673331],[-93.442805,44.9675554],[-93.4428118,44.9675724],[-93.442836,44.9676248]],[[-93.44366,44.9686085],[-93.4431852,44.9678447],[-93.4431195,44.9677385]],[[-93.442318,44.9652243],[-93.4423689,44.96546],[-93.4423694,44.9654809],[-93.4423884,44.9656018]],[[-93.4423129,44.961964],[-93.4423266,44.9618841],[-93.442361,44.9617319],[-93.442375,44.961597],[-93.4423825,44.9613728],[-93.442383,44.961357],[-93.442352,44.961117],[-93.442276,44.960884],[-93.4421192,44.9605099]],[[-93.4421192,44.9605099],[-93.4419192,44.9600234]],[[-93.4421846,44.9624376],[-93.4423129,44.961964]]]},"properties":{"id":"alpr-corridor-cr-61-6","layer":"alpr_corridor","name":"CR 61 — Shady Oak Road","county":"Hennepin County","state":"MN","countyFips":"27053","confidence":"probabilistic","sourceDate":null,"attributes":{"kind":"corridor","road":"CR 61","roadName":"Shady Oak Road","roadClass":"secondary","readerCount":14,"siteCount":8,"corridorMiles":14.7,"averageGapMiles":2.09,"medianGapMiles":1.86,"longestGapMiles":4.44,"countiesSpanned":1,"operatorCount":0,"operators":null,"unattributedReaders":14,"siteOffsets":"0.00;3.75;5.60;6.50;9.79;10.04;14.48;14.65","siteReaders":"1;1;2;1;3;4;1;1","siteLngs":"-93.439326;-93.450078;-93.452491;-93.444858;-93.426931;-93.427105;-93.426701;-93.429078","siteLats":"45.062577;45.008909;44.982082;44.970285;44.924359;44.920814;44.856521;44.854659","pieceSpans":"5.48,6.02;2.47,2.56;3.62,3.65;8.86,9.21;1.49,1.85;14.02,14.05;14.05,14.08;14.05,14.08;14.08,14.13;14.13,14.21;14.25,14.46;14.54,14.65;14.65,14.65;13.94,14.02;6.7,6.79;6.22,6.25;6.79,6.84;6.42,6.48;6.31,6.37;6.43,6.48;7.22,7.82;11.32,11.38;10.77,10.81;1.06,1.11;6.02,6.22;3.8,3.89;0,0.11;0,0;0.92,1.06;3.8,3.91;3.34,3.49;10.76,10.81;10.81,10.87;10.81,10.87;10.87,11.26;10.34,10.37;10.34,10.37;9.36,9.79;10.37,10.59;10.87,11.07;10.37,10.58;4.01,4.2;9.21,9.3;10.03,10.04;10.59,10.77;10.58,10.76;9.79,9.84;10.04,10.34;10.04,10.34;6.37,6.37;6.26,6.31;6.31,6.37;6.57,6.63;6.61,6.66;6.37,6.43;6.37,6.42;6.96,7.06;6.87,7.06;6.53,6.56;10.03,10.04;10.01,10.03;3.48,3.62;3.3,3.34;4.59,4.69;3.78,3.8;3.74,3.78;3.34,3.44;4.69,5.2;4.59,4.59;4.2,4.59;9.88,9.9;9.9,9.93;9.93,10.01;9.84,9.88;9.84,9.9;9.79,9.83;9.9,9.93;9.35,9.36;9.36,9.79;10.01,10.03;9.93,10.01;5.38,5.48;5.33,5.48;5.23,5.33;5.2,5.22;3.94,4.01;3.91,3.94;3.94,4.01;6.48,6.56;5.23,5.33;5.22,5.23;0,0;0,0;0,0;0.02,0.16;0.15,0.2;0,0.02;0.21,0.22;0.11,0.15;0.16,0.21;1.11,1.17;1.22,1.34;1.34,1.41;1.85,2.02;2.05,2.07;2.07,2.1;2.1,2.16;2.16,2.25;2.25,2.34;2.34,2.4;14.08,14.12;3.7,3.78;3.65,3.72;3.72,3.74;3.74,3.74;13.97,14.02;14.02,14.04;9.21,9.36;6.69,6.7;6.57,6.6;6.67,6.7;6.6,6.61;14.04,14.05;2.4,2.47;2.02,2.05;1.17,1.22;1.41,1.49;1.17,1.49;6.56,6.57;3.65,3.7;3.78,3.8;6.25,6.31;6.22,6.25;6.25,6.26;14.12,14.13;14.21,14.25;14.25,14.32;14.32,14.36;14.36,14.41;14.41,14.46;14.46,14.47;14.47,14.57;14.57,14.62;14.62,14.65;14.65,14.65;14.65,14.65;14.65,14.65;14.65,14.65;14.16,14.25;14.13,14.16;13.95,13.97;11.13,11.26;11.07,11.13;6.48,6.52;6.52,6.53;6.56,6.57;11.26,11.3;11.3,11.33;11.33,11.44;11.44,11.49;11.49,11.53;14.47,14.54;14.46,14.47;14.47,14.47;9.83,9.84;6.79,6.83;3.61,3.65;3.59,3.61;3.54,3.59;3.49,3.54;3.89,3.91;3.44,3.48;5.33,5.38;6.83,6.84;6.84,6.92;6.92,6.96;11.38,11.49;11.26,11.3;11.3,11.32;9.3,9.35;9.3,9.3;6.66,6.67;6.77,6.79;6.7,6.77;6.63,6.69;6.84,6.87;7.09,7.19;7.19,7.22;7.06,7.09"}}},{"type":"Feature","geometry":{"type":"MultiLineString","coordinates":[[[-93.5227834,45.0520451],[-93.522867,45.0519554],[-93.5230422,45.0517923],[-93.5239534,45.05096],[-93.5241187,45.0507719],[-93.5242693,45.0506006],[-93.5244839,45.0502216],[-93.5246775,45.0497305],[-93.524844,45.0492016]],[[-93.5021321,44.9812521],[-93.5022206,44.9820031],[-93.5022402,44.982404],[-93.5022415,44.9824556],[-93.5023024,44.984374],[-93.5023237,44.9851756],[-93.502327,44.98563],[-93.5023275,44.9858004],[-93.5022793,44.9866711],[-93.5022714,44.9869405],[-93.5022471,44.9873872],[-93.5022097,44.9880393],[-93.5021794,44.9886105],[-93.5021564,44.9890611],[-93.5021264,44.98973],[-93.502106,44.9900575]],[[-93.5254729,45.043566],[-93.5255093,45.0436527],[-93.5256353,45.0439525],[-93.5257355,45.0441614],[-93.5258399,45.0444671],[-93.5258801,45.0446509]],[[-93.502092,44.9752097],[-93.5020955,44.9756694]],[[-93.5021373,44.9767719],[-93.5021343,44.9768922],[-93.502129,44.977669]],[[-93.5030957,44.9183403],[-93.5031057,44.9185464],[-93.5031614,44.9197864]],[[-93.5023443,44.9420071],[-93.5023484,44.9418614],[-93.5023586,44.9415648],[-93.5023579,44.94152]],[[-93.5033726,44.9109461],[-93.5033724,44.9108889],[-93.5033703,44.9101937],[-93.5033714,44.9100952],[-93.5033748,44.9097874],[-93.5034126,44.909533]],[[-93.5241149,45.0432414],[-93.5244359,45.0433808],[-93.5249821,45.0435281],[-93.5250917,45.0435598],[-93.5252323,45.0436126],[-93.5253688,45.0437031],[-93.5254999,45.0438064],[-93.5256353,45.0439525]],[[-93.525643,45.046924],[-93.525778,45.0467847],[-93.5259281,45.0463055],[-93.525957,45.0462178],[-93.5260235,45.0460952]],[[-93.5022678,44.9439381],[-93.5022587,44.9443305],[-93.5022392,44.9445472],[-93.5022213,44.9454299],[-93.5022212,44.9455018],[-93.5022211,44.945599],[-93.5022221,44.9456833],[-93.5022224,44.9457117],[-93.5022088,44.9460927],[-93.5022021,44.9464561],[-93.5022112,44.9471425],[-93.5022038,44.9474926],[-93.5021879,44.9482901]],[[-93.4977074,44.9711553],[-93.4970534,44.9711617],[-93.4968335,44.9711639],[-93.496488,44.9711673]],[[-93.4955289,44.971194],[-93.4953066,44.9711529],[-93.4948682,44.9711595]],[[-93.5038245,44.9086392],[-93.503814,44.9086494]],[[-93.5032004,44.9168915],[-93.5032048,44.9167963],[-93.503207,44.9167356],[-93.5032512,44.9155181],[-93.5032638,44.9152657]],[[-93.5050928,44.9071882],[-93.504832,44.9075505],[-93.5048075,44.9075846],[-93.5047184,44.9077083],[-93.5045598,44.9079287],[-93.5044411,44.9080518],[-93.5044103,44.9080853],[-93.5043406,44.9081613],[-93.5041753,44.9083164],[-93.5041689,44.9083225],[-93.5040006,44.9084828],[-93.5038859,44.9085847]],[[-93.5031458,44.9138721],[-93.5031418,44.9140032],[-93.5031325,44.9143085],[-93.5031239,44.9145888],[-93.5031226,44.9146112],[-93.5030708,44.9155202],[-93.5030606,44.9158132]],[[-93.5039505,44.9087282],[-93.5040183,44.908663]],[[-93.5022678,44.9439381],[-93.5023099,44.9435401],[-93.5023513,44.9429548],[-93.5023554,44.9428471],[-93.5023356,44.9424404]],[[-93.5022153,44.9420031],[-93.5022158,44.9421756],[-93.5022167,44.9425223],[-93.5022175,44.9428661],[-93.5022186,44.9430495],[-93.5022262,44.9433269]],[[-93.503334,44.9136211],[-93.5033378,44.9135334],[-93.5033527,44.9131943],[-93.5033615,44.9127614],[-93.5033615,44.9126443],[-93.5033615,44.9123598],[-93.5033615,44.9118831]],[[-93.5031654,44.9126637],[-93.5031651,44.9127671],[-93.5031633,44.9132607]],[[-93.5031633,44.9132607],[-93.5031541,44.9135949],[-93.5031516,44.9136875]],[[-93.4985442,44.9508672],[-93.4980982,44.9503324]],[[-93.500471,44.9491863],[-93.500581,44.9492041],[-93.5006639,44.9492143],[-93.5009887,44.949216],[-93.5011019,44.9492169],[-93.5012035,44.9492123],[-93.5012704,44.9492041],[-93.5013216,44.9491948],[-93.5013553,44.9491886],[-93.5014672,44.9491641],[-93.5015572,44.9491368],[-93.5016678,44.9490967],[-93.5017446,44.9490316]],[[-93.5017446,44.9490316],[-93.5016225,44.9490503],[-93.5014572,44.9490965],[-93.5013489,44.9491268],[-93.5013027,44.9491359],[-93.5012038,44.9491485],[-93.5011245,44.9491589],[-93.5010241,44.9491623],[-93.5006155,44.9491588],[-93.500471,44.9491863]],[[-93.5021879,44.9482901],[-93.5021714,44.9483391],[-93.5021562,44.9483949],[-93.5021368,44.9484522],[-93.5021292,44.9485012],[-93.5021195,44.9485532],[-93.5021022,44.9485968],[-93.5020658,44.9486746],[-93.5020438,44.9487273],[-93.5020382,44.9487707]],[[-93.5020382,44.9487707],[-93.5020838,44.9487398],[-93.5021211,44.9487023],[-93.5021249,44.9486985],[-93.5021789,44.9486213],[-93.5021996,44.9485758],[-93.5022124,44.9485119],[-93.5022211,44.9484614],[-93.5022222,44.9484453],[-93.5022232,44.9484316],[-93.5022134,44.9483915],[-93.5022103,44.9483788],[-93.5021879,44.9482901]],[[-93.5020382,44.9487707],[-93.5020168,44.9488013],[-93.5019627,44.9488649],[-93.5018946,44.9489278],[-93.5017446,44.9490316]],[[-93.5022954,44.9412818],[-93.5022976,44.9412332]],[[-93.5023579,44.94152],[-93.5023399,44.9414175],[-93.5023206,44.9413724],[-93.5022954,44.9412818]],[[-93.5022371,44.9414968],[-93.5022215,44.9418585],[-93.5022153,44.9420031]],[[-93.5031653,44.9198587],[-93.5031952,44.9199611],[-93.5032088,44.9200441]],[[-93.5032749,44.9200419],[-93.5032869,44.9199803],[-93.5033197,44.9198192]],[[-93.5033197,44.9198192],[-93.5032867,44.9186047],[-93.5032744,44.9184265],[-93.5032301,44.9176966],[-93.5032039,44.9169854],[-93.5032004,44.9168915]],[[-93.4948933,44.9712899],[-93.4950519,44.9712835],[-93.4953037,44.9712611],[-93.4954163,44.9712275]],[[-93.4943732,44.9711647],[-93.4942361,44.9711401],[-93.4941644,44.9711237],[-93.4941122,44.97111],[-93.4940706,44.9710949],[-93.4940397,44.9710773],[-93.4940162,44.9710567],[-93.4940032,44.9710417],[-93.4939909,44.9710095],[-93.4939868,44.970993],[-93.4939868,44.9709669],[-93.4939944,44.9709185]],[[-93.4934627,44.9712629],[-93.4935898,44.9712719],[-93.4936413,44.9712744]],[[-93.4969872,44.9615514],[-93.4969802,44.96125]],[[-93.4969802,44.96125],[-93.4970096,44.9612008],[-93.4970203,44.9611756],[-93.4970241,44.9611331],[-93.4970122,44.9608308],[-93.4969982,44.9607821],[-93.496981,44.9607412]],[[-93.496981,44.9607412],[-93.496978,44.9600841],[-93.496983,44.9599267],[-93.4970058,44.9597203],[-93.4970571,44.9595263],[-93.4971239,44.9593463],[-93.497298,44.9588671],[-93.4974242,44.9585353],[-93.4974609,44.9584573],[-93.497521,44.9583271],[-93.4975612,44.9582622],[-93.4976526,44.9581224],[-93.4977762,44.9579737],[-93.4978375,44.9579112],[-93.4978997,44.9578478],[-93.4982531,44.9575296],[-93.4984324,44.957369],[-93.498505,44.957304],[-93.498725,44.957061],[-93.4989538,44.9567968],[-93.4991561,44.9565607]],[[-93.4969872,44.9615514],[-93.4970091,44.9619549],[-93.4970072,44.962387],[-93.4969985,44.9628535],[-93.4969881,44.9629838],[-93.4969559,44.9631219],[-93.4968902,44.96333],[-93.496838,44.9634433],[-93.4967561,44.9636171],[-93.4967329,44.9636713],[-93.4966557,44.9638521],[-93.4965103,44.9641497],[-93.4964443,44.96428]],[[-93.4960129,44.9653391],[-93.4960367,44.9652052],[-93.4960689,44.9650915],[-93.4960702,44.9650868],[-93.4960882,44.9650221],[-93.4961364,44.9649288]],[[-93.4964443,44.96428],[-93.4963881,44.9643952],[-93.4963364,44.9644794],[-93.4962915,44.964584],[-93.4962612,44.9646504]],[[-93.4960129,44.9653391],[-93.4960107,44.9654021],[-93.4960273,44.965538],[-93.4960404,44.9655986],[-93.4960818,44.9657896],[-93.4961207,44.9659845]],[[-93.4962612,44.9646504],[-93.4961364,44.9649288]],[[-93.4985442,44.9508672],[-93.498586,44.950924],[-93.4986486,44.9510091],[-93.4987158,44.9511103],[-93.498765,44.9512167],[-93.4988014,44.9512997],[-93.4988408,44.9514346],[-93.4988575,44.9515392],[-93.4988675,44.9516251],[-93.4989353,44.9521306],[-93.4989726,44.9523107],[-93.4990048,44.9524372],[-93.4990331,44.9525479],[-93.4990821,44.9526926],[-93.4991696,44.9529058],[-93.4992556,44.9530936],[-93.4993327,44.9532489],[-93.4993905,44.9533528],[-93.4994587,44.9534745],[-93.4995803,44.9536634],[-93.4996529,44.9537599],[-93.4997212,44.953846],[-93.4997864,44.9539467],[-93.4998675,44.9540661],[-93.4999256,44.9541678],[-93.4999908,44.9542935],[-93.5000495,44.9544352],[-93.5001085,44.9546145],[-93.5001411,44.9547481],[-93.5001704,44.954889],[-93.5001892,44.9550145],[-93.5001927,44.9551849],[-93.5001759,44.955305],[-93.5001512,44.9554231],[-93.5001052,44.955549],[-93.5000226,44.9556972],[-93.4999213,44.9558376],[-93.4997523,44.9560076],[-93.4995757,44.9561482],[-93.4993403,44.9563575],[-93.4992412,44.9564662],[-93.4991561,44.9565607]],[[-93.4979719,44.9497085],[-93.4979544,44.9497496],[-93.497945,44.9498499],[-93.4979463,44.9499923],[-93.4979706,44.9501045],[-93.4980086,44.9502012],[-93.4980982,44.9503324]],[[-93.5121012,44.8998151],[-93.5118349,44.9000324],[-93.5117574,44.9001232],[-93.5117183,44.9001691],[-93.511702,44.900196],[-93.511647,44.9002867],[-93.5115825,44.9003991],[-93.5114938,44.9005537],[-93.5114662,44.9006018],[-93.5112598,44.900919],[-93.5112373,44.9009536],[-93.5112219,44.9009775],[-93.5111586,44.9010758],[-93.5111535,44.9010838],[-93.5111438,44.9010988],[-93.5111218,44.9011329],[-93.5110838,44.9011918],[-93.5110355,44.9012668],[-93.5109953,44.9013134],[-93.5108648,44.9014647],[-93.5108024,44.9015349],[-93.5107659,44.901576],[-93.5106748,44.9016625],[-93.510652,44.9016821],[-93.5104847,44.901826],[-93.5104625,44.9018421],[-93.5103353,44.9019346],[-93.5102946,44.901962],[-93.5101319,44.9020714],[-93.5101025,44.9020912],[-93.5099454,44.9022107],[-93.5097832,44.9023362],[-93.5097359,44.9023729],[-93.5095672,44.9025061],[-93.5093499,44.9026476],[-93.5093174,44.9026682],[-93.5092052,44.9027392],[-93.5090318,44.9028647],[-93.508896,44.9029705],[-93.5088931,44.9029734],[-93.508817,44.9030503],[-93.5087718,44.9031241]],[[-93.5088524,44.9030937],[-93.5089184,44.9030517],[-93.5089641,44.9030198],[-93.5090974,44.9029268],[-93.5091549,44.9028908],[-93.5092253,44.9028467],[-93.5094565,44.9026716],[-93.5096469,44.9025434],[-93.5096831,44.902519],[-93.5099145,44.9023585],[-93.5100444,44.9022698],[-93.5101367,44.9022072],[-93.5102663,44.9021194],[-93.5104517,44.9019824],[-93.5105542,44.9019018],[-93.5105633,44.9018946],[-93.5106514,44.9018253],[-93.5106722,44.9018043],[-93.5107877,44.9016872],[-93.5108858,44.9015787],[-93.5109287,44.9015312],[-93.5110299,44.9014397]],[[-93.5121012,44.8998151],[-93.5121444,44.8997695],[-93.5122559,44.8996682],[-93.5122697,44.8996543],[-93.5123136,44.89961],[-93.512477,44.8994452],[-93.5125549,44.8993666],[-93.5125855,44.8993358],[-93.5126213,44.8992926]],[[-93.5087718,44.9031241],[-93.5088524,44.9030937]],[[-93.5074775,44.9041544],[-93.5074244,44.9041849],[-93.5073707,44.9042158],[-93.5072576,44.9042755],[-93.5072239,44.9043007],[-93.5071477,44.9043575],[-93.5071312,44.9043699],[-93.5069429,44.9045559],[-93.5069255,44.9045731],[-93.5067709,44.9047324],[-93.5066976,44.9047924],[-93.5066645,44.9048195],[-93.5066131,44.904861],[-93.5066086,44.9048708],[-93.5065984,44.9048935],[-93.5065887,44.9049378]],[[-93.5072736,44.9043932],[-93.5073524,44.9043309],[-93.5074001,44.9042919],[-93.5074087,44.9042863],[-93.507424,44.9042763],[-93.5074405,44.9042425],[-93.5074589,44.9041957],[-93.5074775,44.9041544]],[[-93.507811,44.9038846],[-93.5078902,44.9038208],[-93.5081061,44.9036468],[-93.5083196,44.9034747]],[[-93.5065887,44.9049378],[-93.5066461,44.9049325],[-93.5066828,44.9049156],[-93.5066965,44.9049042],[-93.506725,44.9048805],[-93.506761,44.9048482],[-93.5068518,44.9047669],[-93.5068846,44.9047376],[-93.507013,44.9046167],[-93.5070287,44.9046029],[-93.5071285,44.9045157],[-93.507169,44.9044803],[-93.5072736,44.9043932]],[[-93.5061234,44.9054622],[-93.506086,44.9054845],[-93.5060593,44.9055003],[-93.506005,44.9055566],[-93.5059882,44.9055823],[-93.5059381,44.9056587],[-93.505922,44.9056814],[-93.5058127,44.9058364],[-93.5057472,44.9059342],[-93.5057061,44.9060372],[-93.5056873,44.90615]],[[-93.5060375,44.9056975],[-93.5060726,44.9056515],[-93.5061103,44.9056022],[-93.506122,44.9055625],[-93.5061249,44.9055456],[-93.5061304,44.9055136],[-93.5061234,44.9054622]],[[-93.5062499,44.9053024],[-93.5063286,44.9052186],[-93.5063976,44.9051452],[-93.506424,44.9051171],[-93.5064606,44.9050772],[-93.5065706,44.9049574],[-93.5065887,44.9049378]],[[-93.5056873,44.90615],[-93.5053961,44.9065706],[-93.5053571,44.9066457],[-93.5053249,44.9067077],[-93.5053137,44.9067292],[-93.505221,44.9069116],[-93.5052086,44.9069384],[-93.5051407,44.9070849],[-93.5050928,44.9071882]],[[-93.5112879,44.9010954],[-93.5113169,44.9010575],[-93.5113767,44.9009949],[-93.5113962,44.9009745],[-93.5114833,44.9008555],[-93.5115657,44.9007141],[-93.5116288,44.9006116],[-93.5117321,44.9004435],[-93.5118129,44.900283],[-93.5119001,44.900127],[-93.5119509,44.9000484],[-93.5119698,44.9000192],[-93.511994,44.8999847],[-93.5120278,44.8999397],[-93.5120626,44.8998835],[-93.5121012,44.8998151]],[[-93.5038859,44.9085847],[-93.5038245,44.9086392]],[[-93.503814,44.9086494],[-93.5037514,44.9087102],[-93.5037214,44.9087394],[-93.5035667,44.9088897],[-93.5033878,44.9091189],[-93.5032351,44.9094071],[-93.5031915,44.9095779],[-93.5031703,44.909784],[-93.5031892,44.910194],[-93.5031823,44.9108802],[-93.5031816,44.9109461]],[[-93.5040183,44.908663],[-93.5041295,44.9085574],[-93.5042147,44.9084757],[-93.5043104,44.9083839],[-93.5043301,44.9083642],[-93.5043454,44.9083489],[-93.5044605,44.9082339]],[[-93.5021231,44.9764485],[-93.5021373,44.9767719]],[[-93.5020955,44.9756694],[-93.5021231,44.9764485]],[[-93.5259624,45.0453587],[-93.5259543,45.0456424]],[[-93.502129,44.977669],[-93.5021089,44.9781282],[-93.5020868,44.9784648]],[[-93.5022976,44.9412332],[-93.5023109,44.9409739],[-93.5023141,44.9409105]],[[-93.502544,44.9325132],[-93.5025539,44.9323197],[-93.5026125,44.9314237],[-93.5026249,44.931204],[-93.5026331,44.9311414],[-93.5026498,44.9309143],[-93.50266,44.9305452],[-93.5026631,44.9304313],[-93.5026996,44.929972],[-93.5027004,44.9299616],[-93.5027244,44.9297172],[-93.5027484,44.9294729],[-93.5027577,44.929384],[-93.5028043,44.9289371],[-93.5028459,44.9283889],[-93.502847,44.9283749],[-93.5028683,44.9278278],[-93.5028803,44.927675],[-93.502887,44.9275843],[-93.5029189,44.9271561],[-93.50292,44.9271393],[-93.5029589,44.9265411],[-93.5029924,44.9261007],[-93.5030015,44.9259675],[-93.5030277,44.9255039]],[[-93.5022954,44.9412818],[-93.5022814,44.94134]],[[-93.5022814,44.94134],[-93.5022762,44.9413614],[-93.502253,44.9414189],[-93.5022371,44.9414968]],[[-93.4936413,44.9712744],[-93.4937321,44.9712789],[-93.4938257,44.971284],[-93.493912,44.9712887]],[[-93.5023356,44.9424404],[-93.5023408,44.9421805],[-93.5023443,44.9420071]],[[-93.5022262,44.9433269],[-93.5022323,44.9435392],[-93.5022678,44.9439381]],[[-93.5258148,45.0462839],[-93.5257284,45.0465375],[-93.5256477,45.0467629],[-93.525643,45.046924]],[[-93.5261359,45.0452658],[-93.5261441,45.045183],[-93.5261189,45.0448724],[-93.5259968,45.0444325]],[[-93.5031816,44.9109461],[-93.5031814,44.9110177]],[[-93.5031814,44.9110177],[-93.503169,44.9116029]],[[-93.503169,44.9116029],[-93.5031663,44.9123933]],[[-93.5031663,44.9123933],[-93.5031654,44.9126637]],[[-93.493912,44.9712887],[-93.4941065,44.9713009],[-93.4944872,44.9713004]],[[-93.4944872,44.9713004],[-93.4945214,44.9713004],[-93.4948738,44.9712907],[-93.4948933,44.9712899]],[[-93.4948682,44.9711595],[-93.4943732,44.9711647]],[[-93.5033615,44.9118831],[-93.5033656,44.9115357],[-93.5033716,44.9110285],[-93.5033726,44.9109461]],[[-93.503333,44.9138082],[-93.503334,44.9136211]],[[-93.503045,44.9162603],[-93.5030284,44.9167364],[-93.5030265,44.9167922]],[[-93.5030606,44.9158132],[-93.5030465,44.916218],[-93.503045,44.9162603]],[[-93.5030265,44.9167922],[-93.5030311,44.9168911]],[[-93.5031516,44.9136875],[-93.5031458,44.9138721]],[[-93.5035212,44.9092531],[-93.5035866,44.9091341],[-93.5037323,44.9089434],[-93.5038623,44.9088152],[-93.5038923,44.9087856],[-93.5039505,44.9087282]],[[-93.5034126,44.909533],[-93.5034741,44.9093389],[-93.5035212,44.9092531]],[[-93.5046837,44.9079637],[-93.5047308,44.9078966],[-93.5047716,44.9078385],[-93.5048089,44.9077689],[-93.5048896,44.9076179],[-93.5049062,44.9075869],[-93.504978,44.9074334],[-93.5050461,44.9072879]],[[-93.5044605,44.9082339],[-93.5045673,44.9081154],[-93.5045774,44.9081042],[-93.5046837,44.9079637]],[[-93.5050461,44.9072879],[-93.5050928,44.9071882]],[[-93.5259543,45.0456424],[-93.5259497,45.0457836],[-93.5259269,45.0459309],[-93.5259116,45.0459795]],[[-93.5259116,45.0459795],[-93.5258254,45.0462529],[-93.5258148,45.0462839]],[[-93.5253854,45.0433377],[-93.5254729,45.043566]],[[-93.5258801,45.0446509],[-93.5259259,45.044865],[-93.5259619,45.045185],[-93.5259624,45.0453587]],[[-93.5110299,44.9014397],[-93.511084,44.9013909],[-93.5111506,44.9012944],[-93.5111887,44.9012347],[-93.5112266,44.9011754],[-93.5112713,44.9011171],[-93.5112879,44.9010954]],[[-93.5030311,44.9168911],[-93.5030332,44.9170026],[-93.5030462,44.9176908],[-93.503062,44.9179681]],[[-93.503062,44.9179681],[-93.5030957,44.9183403]],[[-93.5031614,44.9197864],[-93.5031653,44.9198587]],[[-93.5032088,44.9200441],[-93.5032459,44.9201895]],[[-93.4961207,44.9659845],[-93.4961601,44.966182],[-93.4961814,44.9663464],[-93.4961885,44.9665091],[-93.4961814,44.9666701],[-93.4961672,44.9668495],[-93.4961387,44.9670525],[-93.4960913,44.9672269],[-93.4960229,44.9674141],[-93.4960178,44.9674281],[-93.4958943,44.9677119],[-93.4958756,44.9677636],[-93.4956733,44.9682986],[-93.4956338,44.9684439],[-93.4955947,44.9685991],[-93.4955032,44.9688125],[-93.4954191,44.9689196],[-93.4953436,44.9690167],[-93.4952957,44.969079],[-93.4952163,44.9691823],[-93.4950072,44.9694473],[-93.4949446,44.96953],[-93.4947789,44.9697488]],[[-93.496981,44.9607412],[-93.4969606,44.9607854],[-93.4969481,44.960833],[-93.4969356,44.9609038],[-93.4969309,44.9610554],[-93.4969316,44.9611436],[-93.4969343,44.961167],[-93.4969446,44.9612002],[-93.4969802,44.96125]],[[-93.5020694,44.9788629],[-93.5020815,44.980044]],[[-93.5020883,44.9804569],[-93.5020907,44.9805211],[-93.502108,44.9809144],[-93.5021321,44.9812521]],[[-93.5020815,44.980044],[-93.5020871,44.9803822],[-93.5020883,44.9804569]],[[-93.5020868,44.9784648],[-93.5020758,44.9786875],[-93.5020694,44.9788629]],[[-93.5056873,44.90615],[-93.5057721,44.9060766],[-93.5058621,44.9059551],[-93.5059001,44.9059],[-93.5059682,44.9057913],[-93.5060375,44.9056975]],[[-93.5032879,44.9147845],[-93.5032975,44.914593],[-93.5033273,44.913934],[-93.503333,44.9138082]],[[-93.5032638,44.9152657],[-93.5032769,44.9150046]],[[-93.5032769,44.9150046],[-93.5032879,44.9147845]],[[-93.4954163,44.9712275],[-93.4955289,44.971194]],[[-93.496488,44.9711673],[-93.495982,44.9711723],[-93.4958867,44.9711747],[-93.4957732,44.9711775],[-93.4955289,44.971194]],[[-93.502092,44.9752097],[-93.502082,44.974722]],[[-93.500471,44.9491863],[-93.4999466,44.9491824],[-93.4992434,44.9491652],[-93.4990086,44.9491561],[-93.4988364,44.9491565],[-93.4986619,44.9491812]],[[-93.4986619,44.9491812],[-93.4985633,44.94921],[-93.4984353,44.9492556],[-93.4983178,44.9493185],[-93.498227,44.949367]],[[-93.498227,44.949367],[-93.4981523,44.94944],[-93.4980522,44.9495537],[-93.4980019,44.9496383],[-93.4979719,44.9497085]],[[-93.5260235,45.0460952],[-93.5260937,45.0458381],[-93.526113,45.0456495]],[[-93.5256466,45.0435984],[-93.5255487,45.0433663]],[[-93.5258909,45.0441388],[-93.5256949,45.0437016],[-93.525689,45.043689],[-93.5256466,45.0435984]],[[-93.526113,45.0456495],[-93.5261359,45.0452658]],[[-93.5259968,45.0444325],[-93.5258909,45.0441388]],[[-93.5030584,44.9250303],[-93.5030655,44.9249204],[-93.5031081,44.9243544],[-93.5031233,44.92417],[-93.5031313,44.924074],[-93.5031607,44.9237148],[-93.5031842,44.9234107],[-93.5031884,44.9233553],[-93.5032113,44.9228009]],[[-93.5030277,44.9255039],[-93.5030584,44.9250303]],[[-93.5023594,44.9399181],[-93.5023647,44.9397181],[-93.5023658,44.9395741],[-93.5023673,44.9393805],[-93.5023764,44.9389491],[-93.5023708,44.938762]],[[-93.5023598,44.9383993],[-93.5023565,44.9381377]],[[-93.5023708,44.938762],[-93.5023598,44.9383993]],[[-93.5253138,45.0478196],[-93.525643,45.046924]],[[-93.524844,45.0492016],[-93.5251122,45.0483682]],[[-93.5023565,44.9381377],[-93.5023547,44.9378621],[-93.5023541,44.9378181],[-93.502354,44.9378092],[-93.5023673,44.9370603],[-93.5023711,44.9368035],[-93.502375,44.9365355],[-93.502378,44.936336],[-93.502394,44.9358323],[-93.5023952,44.9357095],[-93.5023964,44.9355933],[-93.5023993,44.9353098],[-93.5024179,44.9348118],[-93.5024177,44.9347504]],[[-93.5024177,44.9347504],[-93.5024597,44.9343037]],[[-93.5023141,44.9409105],[-93.5023273,44.9406424],[-93.5023331,44.9405288],[-93.5023397,44.9403993]],[[-93.5023397,44.9403993],[-93.5023498,44.9402004],[-93.502354,44.940118],[-93.5023594,44.9399181]],[[-93.5024597,44.9343037],[-93.5024693,44.9337733]],[[-93.5024693,44.9337733],[-93.5024826,44.9335443]],[[-93.5251122,45.0483682],[-93.5253138,45.0478196]],[[-93.5227834,45.0520451],[-93.5226684,45.0521752],[-93.5225585,45.0523173],[-93.5224297,45.0525181],[-93.5223063,45.0527527],[-93.5222163,45.0529719],[-93.5221222,45.0532864],[-93.5220919,45.0535297]],[[-93.5220919,45.0535297],[-93.5220802,45.0536238],[-93.5220836,45.0540423],[-93.5220828,45.0543099]],[[-93.5032433,44.9208185],[-93.5032457,44.9206718],[-93.5032491,44.9204572],[-93.5032459,44.9201895]],[[-93.5032459,44.9201895],[-93.5032599,44.9201194],[-93.5032749,44.9200419]],[[-93.50324,44.9218927],[-93.5032491,44.9214574]],[[-93.5032113,44.9228009],[-93.5032207,44.9224339]],[[-93.5032207,44.9224339],[-93.5032236,44.9223277],[-93.5032251,44.9222586]],[[-93.5032491,44.9214574],[-93.503239,44.9210905],[-93.5032433,44.9208185]],[[-93.5032251,44.9222586],[-93.5032258,44.9222275],[-93.50324,44.9218927]],[[-93.5126213,44.8992926],[-93.5127095,44.8991796],[-93.5127631,44.8991121],[-93.5128546,44.8989968]],[[-93.5061234,44.9054622],[-93.5061508,44.9054266],[-93.5062045,44.905357],[-93.5062316,44.9053219],[-93.5062499,44.9053024]],[[-93.5074775,44.9041544],[-93.5075346,44.9041073],[-93.5076716,44.9039969],[-93.507746,44.903937],[-93.507811,44.9038846]],[[-93.5083196,44.9034747],[-93.5085915,44.9032552],[-93.508639,44.9032169],[-93.5087718,44.9031241]],[[-93.5024826,44.9335443],[-93.5024921,44.9333806],[-93.5025213,44.9328923]],[[-93.5025213,44.9328923],[-93.502544,44.9325132]]]},"properties":{"id":"alpr-corridor-cr-101-5","layer":"alpr_corridor","name":"CR 101 — County Road 101","county":"Hennepin County","state":"MN","countyFips":"27053","confidence":"probabilistic","sourceDate":null,"attributes":{"kind":"corridor","road":"CR 101","roadName":"County Road 101","roadClass":"primary","readerCount":13,"siteCount":10,"corridorMiles":10.8,"averageGapMiles":1.21,"medianGapMiles":0.66,"longestGapMiles":4.66,"countiesSpanned":1,"operatorCount":1,"operators":"Minnetonka High School","unattributedReaders":12,"siteOffsets":"0.00;0.53;5.20;5.86;6.50;7.93;8.92;9.66;10.23;10.85","siteReaders":"1;1;1;1;1;2;2;1;2;1","siteLngs":"-93.523407;-93.525735;-93.501979;-93.493932;-93.496938;-93.502294;-93.502897;-93.503444;-93.503952;-93.510637","siteLats":"45.052011;45.044462;44.979110;44.971353;44.962341;44.942023;44.927707;44.916952;44.908679;44.901135","pieceSpans":"0,0.2;4.46,5.05;0.52,0.6;5.38,5.41;5.27,5.32;9.47,9.56;7.93,7.96;10.08,10.17;0.57,0.64;0.37,0.43;7.5,7.8;5.76,5.8;5.82,5.89;10.23,10.23;9.66,9.78;10.24,10.35;9.74,9.87;10.23,10.24;7.8,7.9;7.84,7.93;9.89,10.01;9.92,9.96;9.89,9.92;7.29,7.33;7.43,7.45;7.43,7.45;7.47,7.5;7.47,7.5;7.45,7.47;7.98,7.98;7.96,7.98;7.93,7.97;9.45,9.46;9.45,9.46;9.46,9.66;5.83,5.84;5.88,5.89;5.86,5.86;6.56,6.58;6.58,6.61;6.61,6.91;6.37,6.56;6.29,6.32;6.34,6.37;6.25,6.29;6.32,6.34;6.91,7.29;7.33,7.37;10.68,10.85;10.69,10.84;10.85,10.85;10.68,10.69;10.52,10.59;10.57,10.59;10.61,10.65;10.52,10.57;10.43,10.48;10.46,10.48;10.49,10.52;10.35,10.43;10.85,10.85;10.23,10.24;10.07,10.23;10.24,10.27;5.32,5.34;5.34,5.38;0.46,0.48;5.23,5.27;7.98,8.01;8.59,9.07;7.98,7.98;7.97,7.98;5.86,5.87;7.9,7.93;7.8,7.84;0.37,0.41;0.48,0.53;10.07,10.07;10.03,10.07;9.98,10.03;9.96,9.98;5.85,5.87;5.84,5.85;5.88,5.89;10.01,10.08;9.88,9.89;9.67,9.71;9.71,9.74;9.66,9.67;9.87,9.89;10.19,10.23;10.17,10.19;10.29,10.34;10.27,10.29;10.34,10.35;0.43,0.46;0.41,0.43;0.6,0.61;0.48,0.52;10.84,10.85;9.59,9.66;9.56,9.59;9.46,9.47;9.44,9.45;5.98,6.25;6.58,6.61;5.13,5.21;5.05,5.1;5.1,5.13;5.21,5.23;10.43,10.46;9.81,9.88;9.78,9.8;9.8,9.81;5.82,5.83;5.8,5.82;5.41,5.44;7.41,7.43;7.39,7.41;7.37,7.39;0.43,0.46;0.59,0.61;0.55,0.59;0.46,0.48;0.53,0.55;9.1,9.26;9.07,9.1;8.07,8.15;8.18,8.2;8.15,8.18;0.3,0.37;0.2,0.26;8.2,8.43;8.43,8.46;8.01,8.04;8.04,8.07;8.46,8.5;8.5,8.51;0.26,0.3;0,0;0,0;9.39,9.44;9.44,9.45;9.32,9.35;9.26,9.28;9.28,9.29;9.35,9.39;9.29,9.32;10.85,10.85;10.48,10.49;10.59,10.61;10.65,10.68;8.51,8.56;8.56,8.59"}}},{"type":"Feature","geometry":{"type":"MultiLineString","coordinates":[[[-93.2982324,45.0354486],[-93.2983486,45.0354498]],[[-93.247371,44.955546],[-93.2473684,44.9555976],[-93.2473668,44.95563],[-93.2473664,44.9560249],[-93.2473608,44.9564107],[-93.2473612,44.956468],[-93.24736,44.9565685],[-93.247347,44.9572359],[-93.2473443,44.9572871],[-93.2473398,44.957811],[-93.2473356,44.9587482],[-93.2473248,44.9589332],[-93.2473104,44.9590684],[-93.2472961,44.9591606]],[[-93.288109,45.0323657],[-93.2882716,45.0323648],[-93.288651,45.0323674],[-93.2887236,45.0323721],[-93.28889,45.0324004],[-93.2891062,45.0324674],[-93.2891716,45.0324887],[-93.2892348,45.032512],[-93.2901253,45.0327963],[-93.2901818,45.0328147],[-93.2902725,45.0328442],[-93.2903581,45.0328724],[-93.291153,45.033134],[-93.2913071,45.0331944],[-93.2914449,45.0332665],[-93.2915313,45.0333194],[-93.2916536,45.0333894],[-93.2918581,45.0335052],[-93.2919666,45.0335639],[-93.2920606,45.0336214]],[[-93.2865892,45.0293797],[-93.2867308,45.029389],[-93.2873858,45.029396]],[[-93.2472279,44.9649679],[-93.2471541,44.9649146],[-93.2459451,44.9641849],[-93.2457314,44.9640454]],[[-93.2818566,45.0131119],[-93.2818574,45.0132062],[-93.2818707,45.0136206],[-93.2819016,45.0149173],[-93.2819221,45.0166859],[-93.2819719,45.0184942]],[[-93.2713344,44.983713],[-93.2713117,44.9836137],[-93.2703947,44.9829567],[-93.2703722,44.9829509],[-93.2702158,44.9829104]],[[-93.2472817,44.9672841],[-93.2472713,44.9667172],[-93.2472696,44.9666252]],[[-93.2735598,44.9852632],[-93.2739955,44.9855585]],[[-93.27475,44.986103],[-93.2748482,44.9861722],[-93.2749021,44.9862103],[-93.27512,44.9863685],[-93.2753766,44.9865549],[-93.2757887,44.9868541],[-93.2758191,44.9868762],[-93.2758603,44.9869061],[-93.2759637,44.986979],[-93.276371,44.9872663],[-93.2765385,44.9873844],[-93.2766274,44.9874471]],[[-93.3112482,45.03685],[-93.3113817,45.0369405],[-93.311501,45.037022],[-93.311608,45.0370925],[-93.3118458,45.0372497],[-93.311958,45.0373238],[-93.3121423,45.0374395],[-93.3122198,45.0374912],[-93.3124403,45.0376381],[-93.312807,45.0378992],[-93.31295,45.038002],[-93.3133675,45.0383027],[-93.3134963,45.0383907],[-93.3135424,45.0384235],[-93.3136154,45.0384745],[-93.3137139,45.0385398],[-93.3140245,45.0387456],[-93.3141229,45.0388108],[-93.3142202,45.0388753],[-93.3142575,45.0389],[-93.3143607,45.0389715],[-93.3147819,45.0392634],[-93.3148841,45.0393342],[-93.3149584,45.0393865],[-93.3150359,45.0394412]],[[-93.2450266,44.9627757],[-93.2450377,44.9628508],[-93.2450386,44.9632289],[-93.2450499,44.963385],[-93.2450801,44.9634722],[-93.2452146,44.9635314]],[[-93.2452645,44.9631601],[-93.2452754,44.9628432],[-93.2452776,44.9627583]],[[-93.2654958,44.9805417],[-93.2653615,44.9804809],[-93.2648839,44.9802771],[-93.264672,44.9801867]],[[-93.2820419,45.0215494],[-93.282057,45.0210897],[-93.282037,45.0202773],[-93.2820012,45.0200747]],[[-93.3197612,45.044867],[-93.3201311,45.0457171],[-93.320171,45.0458005],[-93.3202312,45.0459465],[-93.3205151,45.0466318],[-93.3205428,45.0466968],[-93.3206459,45.0469514],[-93.3208287,45.0473686]],[[-93.3172811,45.0413436],[-93.3174471,45.0415094],[-93.3174696,45.0415318],[-93.3180876,45.0421565],[-93.3184888,45.042598]],[[-93.3184888,45.042598],[-93.3187869,45.042947],[-93.3190177,45.0432647],[-93.3193147,45.0438547],[-93.3193678,45.043953]],[[-93.3223601,45.0511432],[-93.3220873,45.0504927]],[[-93.3247853,45.0607285],[-93.3250217,45.0613936]],[[-93.3220873,45.0504927],[-93.3218438,45.0499376]],[[-93.3219555,45.0506058],[-93.3220388,45.0508057]],[[-93.3209463,45.0476336],[-93.3209451,45.047816],[-93.3212527,45.0487044],[-93.3214163,45.0492682]],[[-93.2729602,44.98484],[-93.2730844,44.9849269],[-93.2732829,44.985067],[-93.2735598,44.9852632]],[[-93.3315748,45.0745995],[-93.331155,45.0740994],[-93.3309619,45.0738456],[-93.3307581,45.073569],[-93.3305623,45.0732671]],[[-93.2469579,44.959692],[-93.2466968,44.9599853],[-93.2464645,44.9602165]],[[-93.2818234,45.0025768],[-93.2819134,45.0024561]],[[-93.2818234,45.0025768],[-93.281819,45.0027759],[-93.2818076,45.0032891],[-93.281807,45.0036789]],[[-93.2880853,45.0309428],[-93.2880774,45.0303721],[-93.2880778,45.0302071],[-93.2880784,45.0300372],[-93.2880787,45.0299176]],[[-93.3280891,45.0692935],[-93.3280044,45.0691607],[-93.3275659,45.0684615],[-93.3269577,45.067472],[-93.3268329,45.0672618],[-93.3263738,45.0664815],[-93.3262916,45.0663283],[-93.3261822,45.066118],[-93.326069,45.0658457],[-93.3259978,45.0657151],[-93.3259043,45.0654506],[-93.3258316,45.0652359],[-93.3257254,45.0648248],[-93.3256382,45.0643351],[-93.3256008,45.0639807],[-93.325579,45.063857],[-93.3254843,45.0629962],[-93.3254329,45.0625782],[-93.3253661,45.0620284]],[[-93.2880839,45.0315231],[-93.288078,45.0316048],[-93.2880892,45.0318695],[-93.2881041,45.0322476],[-93.288109,45.0323657]],[[-93.2599219,44.9783632],[-93.2600426,44.9784121],[-93.2605014,44.9785966],[-93.2609018,44.978734],[-93.2612026,44.9788381],[-93.2613213,44.9788792]],[[-93.2817413,45.0203037],[-93.2820419,45.0215494]],[[-93.2863114,45.0293301],[-93.2864353,45.0293615],[-93.2865892,45.0293797]],[[-93.2820012,45.0200747],[-93.2819342,45.0201932],[-93.2818657,45.0202587],[-93.2817413,45.0203037]],[[-93.2820419,45.0215494],[-93.282086,45.0217363],[-93.2823589,45.0227942]],[[-93.247263,44.9662836],[-93.2472652,44.9662006],[-93.2472798,44.9652238]],[[-93.2472798,44.9652238],[-93.2472665,44.9650856],[-93.2472459,44.9650229],[-93.2472279,44.9649679]],[[-93.2470756,44.9598083],[-93.2471496,44.9597245],[-93.2472318,44.9595865],[-93.2472977,44.9594549],[-93.2473532,44.9592776],[-93.2473479,44.9592279],[-93.2472961,44.9591606]],[[-93.2457359,44.9611287],[-93.246093,44.9607745],[-93.2461513,44.9607226],[-93.2462483,44.9606363]],[[-93.2472713,44.9682051],[-93.2472717,44.9681568]],[[-93.2990401,45.035451],[-93.2991298,45.0354514],[-93.2995572,45.0354493],[-93.2996245,45.035446],[-93.2997447,45.0354495],[-93.3002009,45.0354532],[-93.3003075,45.0354536],[-93.30039,45.0354536],[-93.3008036,45.0354536],[-93.300932,45.0354536],[-93.3014756,45.0354561],[-93.3015719,45.0354565],[-93.3016375,45.035456],[-93.3017255,45.0354554],[-93.3020908,45.0354571],[-93.302202,45.0354576],[-93.3022739,45.0354562],[-93.3027281,45.0354476],[-93.302811,45.035446],[-93.302913,45.0354467],[-93.3033763,45.0354497],[-93.3034736,45.0354482],[-93.3035566,45.0354494],[-93.3039757,45.0354466],[-93.30407,45.035446],[-93.304164,45.0354466],[-93.3046464,45.0354496],[-93.30471,45.03545],[-93.3048497,45.03545],[-93.3049375,45.03545]],[[-93.3163371,45.0404233],[-93.3165979,45.0406614],[-93.3172811,45.0413436]],[[-93.2828188,45.024199],[-93.2832892,45.0249887],[-93.2833413,45.0250779]],[[-93.2819719,45.0184942],[-93.2819771,45.0187509],[-93.2819897,45.0194146],[-93.2820012,45.0200747]],[[-93.2818401,45.0059109],[-93.2818494,45.0059621],[-93.2818534,45.0059863],[-93.2818653,45.0060864],[-93.2818623,45.0071583],[-93.2818545,45.0076991],[-93.2818591,45.0084024],[-93.2818507,45.0088649],[-93.2818593,45.0094905],[-93.2818692,45.0107338],[-93.2818518,45.011983],[-93.2818544,45.0121593],[-93.2818551,45.0128687],[-93.2818551,45.0130174],[-93.2818566,45.0131119]],[[-93.281807,45.0036789],[-93.2818071,45.0038776],[-93.2818277,45.0058375],[-93.2818401,45.0059109]],[[-93.2817635,45.0016423],[-93.2817552,45.0019816],[-93.2817586,45.0024611],[-93.2818234,45.0025768]],[[-93.2690209,44.9821348],[-93.2689334,44.9820368],[-93.2686695,44.9819213],[-93.2682869,44.981757],[-93.2681886,44.9817146]],[[-93.2681886,44.9817146],[-93.2680958,44.9816741],[-93.268087,44.9816703],[-93.2673809,44.9813624]],[[-93.2655429,44.980667],[-93.2658858,44.9808199],[-93.2662187,44.9809649]],[[-93.3374458,45.08079],[-93.3382844,45.0815656],[-93.3384168,45.081682]],[[-93.3223934,45.0517264],[-93.3224436,45.0518352],[-93.3229284,45.052961],[-93.3231446,45.0535523]],[[-93.3235528,45.0542441],[-93.3235194,45.0541243],[-93.3231253,45.0530105],[-93.3227102,45.0519897]],[[-93.245267,44.9613975],[-93.245241,44.9614348],[-93.2451583,44.961568],[-93.2451046,44.9617104],[-93.2450854,44.9618453]],[[-93.2450548,44.9622034],[-93.245038,44.9625411],[-93.2450271,44.9626209]],[[-93.2615245,44.9788563],[-93.2613879,44.9787992]],[[-93.2622049,44.9792486],[-93.2625765,44.9794079],[-93.2626935,44.9794558]],[[-93.2640633,44.9800412],[-93.2642436,44.9801133],[-93.2644693,44.9802102],[-93.2648602,44.9803762]],[[-93.2668371,44.9811237],[-93.2667167,44.981071],[-93.2661444,44.980824],[-93.2656071,44.9805921],[-93.2654958,44.9805417]],[[-93.2641326,44.9799589],[-93.2639847,44.979895],[-93.2635545,44.9797147],[-93.2631812,44.9795566]],[[-93.2633504,44.9797329],[-93.2639193,44.9799799],[-93.2640633,44.9800412]],[[-93.2681181,44.9817887],[-93.26821,44.9818288],[-93.268506,44.981955],[-93.2685731,44.9819839]],[[-93.2473885,44.9536921],[-93.2473873,44.9537563]],[[-93.2462821,44.9605955],[-93.2463785,44.9605029],[-93.2466111,44.9602794],[-93.2467313,44.9601628]],[[-93.2464645,44.9602165],[-93.2462553,44.9604192],[-93.2461753,44.9604967]],[[-93.2671302,44.9813586],[-93.2672118,44.9813948],[-93.2675087,44.981524]],[[-93.2613213,44.9788792],[-93.261452,44.9789288]],[[-93.2627544,44.9793726],[-93.2626452,44.9793275],[-93.2623173,44.9791911],[-93.2619079,44.9790173]],[[-93.2720462,44.9842055],[-93.272381,44.9844328],[-93.2724833,44.9845045]],[[-93.2690209,44.9821348],[-93.2691702,44.9822069],[-93.269324,44.9823146],[-93.2696307,44.9825192],[-93.2697863,44.982623]],[[-93.3243438,45.0581433],[-93.3245034,45.0594571]],[[-93.3248177,45.0601656],[-93.3247934,45.0600117],[-93.3246847,45.0593224],[-93.3245437,45.0583257],[-93.3244321,45.0576091],[-93.3243366,45.0571152],[-93.324057,45.0560087],[-93.3237328,45.0548151]],[[-93.3220388,45.0508057],[-93.3222222,45.0512711]],[[-93.3225664,45.0516315],[-93.3223601,45.0511432]],[[-93.2880777,45.0298461],[-93.2880759,45.0297055],[-93.2880729,45.0294847],[-93.2880756,45.0293928]],[[-93.3279014,45.0692934],[-93.3280012,45.0694549],[-93.3284204,45.0701415],[-93.3288933,45.0709096],[-93.3298477,45.0724344],[-93.3299184,45.0725586]],[[-93.3300817,45.0725132],[-93.3300085,45.0723836],[-93.32952,45.0715993],[-93.329054,45.0708568],[-93.3289292,45.0706534]],[[-93.3299184,45.0725586],[-93.329996,45.0726697],[-93.3303651,45.0732556],[-93.3304796,45.0734472],[-93.3307621,45.0738892],[-93.3310835,45.0743721]],[[-93.2473873,44.9537563],[-93.2473867,44.9538163],[-93.2473721,44.9554476],[-93.247371,44.955546]],[[-93.3214216,45.0486857],[-93.3212957,45.0483277]],[[-93.3218438,45.0499376],[-93.3217864,45.0498132]],[[-93.3216253,45.0498442],[-93.3216767,45.0499689]],[[-93.3216767,45.0499689],[-93.3218374,45.0503278]],[[-93.3253661,45.0620284],[-93.3253494,45.0619195],[-93.3253145,45.0617179],[-93.3252786,45.0615591],[-93.3252003,45.0613085]],[[-93.3251721,45.0620302],[-93.3252924,45.0629828],[-93.3253135,45.0631242],[-93.3254022,45.0638714],[-93.3254106,45.0640033],[-93.3254811,45.0644565],[-93.3255442,45.0648057],[-93.3256017,45.0650381],[-93.3256986,45.0653707],[-93.32583,45.0657184]],[[-93.2460901,44.9605752],[-93.2460031,44.9606566],[-93.2457596,44.9608841],[-93.2455941,44.9610356],[-93.245267,44.9613975]],[[-93.2461753,44.9604967],[-93.2460901,44.9605752]],[[-93.2833413,45.0250779],[-93.2835172,45.0253636],[-93.2835785,45.0254659],[-93.2836398,45.0255658],[-93.2837461,45.0257455],[-93.2840317,45.0262094],[-93.28424,45.0265528],[-93.2848088,45.0275125],[-93.2848987,45.0276434],[-93.2849658,45.027758],[-93.2850094,45.027833],[-93.2850583,45.0279173],[-93.2853225,45.0283533],[-93.2855061,45.0286581],[-93.2855194,45.0286803],[-93.2856836,45.0288783]],[[-93.2702158,44.9829104],[-93.2702885,44.983011],[-93.2703025,44.9830305],[-93.2703853,44.9830928],[-93.2707544,44.9833706],[-93.2709947,44.9835514],[-93.2711874,44.9836965],[-93.2713344,44.983713]],[[-93.2713344,44.983713],[-93.2714371,44.9837841],[-93.2719292,44.9841245],[-93.2720462,44.9842055]],[[-93.2983486,45.0354498],[-93.2983866,45.0354503],[-93.2989332,45.0354517],[-93.2990401,45.035451]],[[-93.3352206,45.0783222],[-93.3347975,45.0778535],[-93.3345067,45.0775566],[-93.3339157,45.0769396]],[[-93.3377323,45.0808026],[-93.3373584,45.0804566]],[[-93.3370294,45.0801398],[-93.3369288,45.0800523]],[[-93.3369288,45.0800523],[-93.3368566,45.0799783],[-93.3362457,45.0793501],[-93.3356972,45.0788051],[-93.3356372,45.0787444]],[[-93.3356372,45.0787444],[-93.3352206,45.0783222]],[[-93.3347123,45.078046],[-93.3350551,45.0783958]],[[-93.3350551,45.0783958],[-93.3360252,45.0793962]],[[-93.3360252,45.0793962],[-93.3366053,45.0799887],[-93.3366888,45.0800625],[-93.3367855,45.0801559]],[[-93.3227102,45.0519897],[-93.3226093,45.0517397],[-93.3225664,45.0516315]],[[-93.3237328,45.0548151],[-93.3235904,45.0543649],[-93.3235528,45.0542441]],[[-93.2673809,44.9813624],[-93.2669678,44.9811823],[-93.2668371,44.9811237]],[[-93.2472961,44.9591606],[-93.2472003,44.9592333],[-93.2471609,44.9593241]],[[-93.2471609,44.9593241],[-93.2470878,44.9594871],[-93.2470055,44.9596226],[-93.2469579,44.959692]],[[-93.3310835,45.0743721],[-93.3313345,45.074691]],[[-93.3318527,45.0752414],[-93.3331709,45.0765141]],[[-93.3222222,45.0512711],[-93.3223934,45.0517264]],[[-93.3385969,45.0815903],[-93.3384624,45.0814676],[-93.3378545,45.0809134],[-93.3377323,45.0808026]],[[-93.3393297,45.082416],[-93.3393404,45.082287]],[[-93.3391245,45.0820904],[-93.3385969,45.0815903]],[[-93.3231446,45.0535523],[-93.3232734,45.053913]],[[-93.3232734,45.053913],[-93.3233549,45.0541522],[-93.3233873,45.0542696]],[[-93.3233873,45.0542696],[-93.3234356,45.054406],[-93.323776,45.0556084],[-93.3241,45.0568739]],[[-93.3241,45.0568739],[-93.3241594,45.0571353],[-93.3241765,45.0572144]],[[-93.3241765,45.0572144],[-93.3242157,45.0574031],[-93.3242915,45.0578069]],[[-93.3242915,45.0578069],[-93.3243438,45.0581433]],[[-93.3245034,45.0594571],[-93.3245839,45.0600352],[-93.3246102,45.0601707]],[[-93.3246393,45.0602797],[-93.3246816,45.0604141],[-93.3247853,45.0607285]],[[-93.3246102,45.0601707],[-93.3246393,45.0602797]],[[-93.2880839,45.0315231],[-93.2880907,45.0314343],[-93.2880853,45.0309428]],[[-93.2467313,44.9601628],[-93.2469955,44.9599065],[-93.2470756,44.9598083]],[[-93.2462483,44.9606363],[-93.2462821,44.9605955]],[[-93.2649803,44.9804272],[-93.2652971,44.9805618],[-93.2654276,44.9806192]],[[-93.2648602,44.9803762],[-93.2649803,44.9804272]],[[-93.2631812,44.9795566],[-93.2628944,44.9794352],[-93.2627544,44.9793726]],[[-93.2619079,44.9790173],[-93.2618693,44.9790009],[-93.2618307,44.9789845],[-93.2615245,44.9788563]],[[-93.2613879,44.9787992],[-93.2612641,44.9787531]],[[-93.2612641,44.9787531],[-93.2611074,44.9786985],[-93.2609382,44.9786387],[-93.2606342,44.9785164]],[[-93.2606342,44.9785164],[-93.2601367,44.978306],[-93.260013,44.9782569]],[[-93.260013,44.9782569],[-93.2599026,44.9782103],[-93.259746,44.9781463],[-93.2591282,44.9778848]],[[-93.2591282,44.9778848],[-93.2587547,44.9777272]],[[-93.3334601,45.0764711],[-93.3321421,45.0752028]],[[-93.3313345,45.074691],[-93.3314755,45.0748557],[-93.3317777,45.07517],[-93.3318527,45.0752414]],[[-93.3214163,45.0492682],[-93.3215851,45.0497389],[-93.3216253,45.0498442]],[[-93.3250217,45.0613936],[-93.3250648,45.061545],[-93.3251206,45.061769],[-93.3251721,45.0620302]],[[-93.2685731,44.9819839],[-93.2688433,44.9821004],[-93.2690209,44.9821348]],[[-93.3331709,45.0765141],[-93.3339326,45.0772557]],[[-93.3339326,45.0772557],[-93.3342741,45.0775946]],[[-93.3342741,45.0775946],[-93.3343974,45.0777201]],[[-93.3343974,45.0777201],[-93.3347123,45.078046]],[[-93.2654276,44.9806192],[-93.2655429,44.980667]],[[-93.2662187,44.9809649],[-93.2666535,44.9811543],[-93.2667734,44.9812052]],[[-93.2675087,44.981524],[-93.2676662,44.9815926],[-93.2680466,44.9817584],[-93.2681181,44.9817887]],[[-93.2667734,44.9812052],[-93.2669036,44.9812582],[-93.2671302,44.9813586]],[[-93.3321421,45.0752028],[-93.3318068,45.0748712],[-93.3315748,45.0745995]],[[-93.3305623,45.0732671],[-93.3301466,45.0726139],[-93.3300817,45.0725132]],[[-93.3248419,45.0602771],[-93.3248177,45.0601656]],[[-93.3250415,45.0608268],[-93.3248879,45.0604038],[-93.3248419,45.0602771]],[[-93.3252003,45.0613085],[-93.3251367,45.061112],[-93.3250415,45.0608268]],[[-93.3217864,45.0498132],[-93.3217497,45.0497033],[-93.3216905,45.0495466]],[[-93.3216905,45.0495466],[-93.3215784,45.0492397],[-93.3215012,45.0490154],[-93.3214216,45.0486857]],[[-93.321198,45.048129],[-93.3210636,45.0478109],[-93.3209463,45.0476336]],[[-93.2626935,44.9794558],[-93.2628299,44.9795151],[-93.2633504,44.9797329]],[[-93.261452,44.9789288],[-93.2618766,44.9791078]],[[-93.2618766,44.9791078],[-93.2622049,44.9792486]],[[-93.2450271,44.9626209],[-93.2450257,44.9626672],[-93.2450266,44.9627757]],[[-93.3218374,45.0503278],[-93.3219555,45.0506058]],[[-93.264672,44.9801867],[-93.2644181,44.9800783],[-93.2642876,44.9800232],[-93.2641326,44.9799589]],[[-93.2592241,44.9780657],[-93.259424,44.9781515]],[[-93.259424,44.9781515],[-93.2598133,44.9783184],[-93.2599219,44.9783632]],[[-93.2450854,44.9618453],[-93.2450779,44.961898],[-93.2450629,44.9620485],[-93.2450548,44.9622034]],[[-93.3339157,45.0769396],[-93.3334601,45.0764711]],[[-93.3373584,45.0804566],[-93.3371082,45.0802167],[-93.3370294,45.0801398]],[[-93.2452776,44.9627583],[-93.245272,44.9625983]],[[-93.245272,44.9625983],[-93.2452658,44.9625164],[-93.2452548,44.962199],[-93.2452517,44.9620223],[-93.2452596,44.9619451]],[[-93.2452596,44.9619451],[-93.2452674,44.9618678],[-93.2452872,44.9617627],[-93.2453407,44.9616293],[-93.2453677,44.9615806]],[[-93.2453677,44.9615806],[-93.2455828,44.9612805],[-93.2457359,44.9611287]],[[-93.3212957,45.0483277],[-93.321198,45.048129]],[[-93.2452146,44.9635314],[-93.2452755,44.9634174],[-93.2452625,44.9633411],[-93.2452645,44.9631601]],[[-93.3367855,45.0801559],[-93.3368581,45.0802305],[-93.3372454,45.0806029]],[[-93.3372454,45.0806029],[-93.3374458,45.08079]],[[-93.2873858,45.029396],[-93.2879721,45.0293972]],[[-93.2879721,45.0293972],[-93.2880756,45.0293928]],[[-93.2856836,45.0288783],[-93.2857859,45.028992],[-93.285871,45.029084],[-93.2859594,45.0291544],[-93.2860758,45.0292233],[-93.286197,45.0292889],[-93.2863114,45.0293301]],[[-93.2739955,44.9855585],[-93.2743255,44.9857966],[-93.2746584,44.9860369],[-93.27475,44.986103]],[[-93.3289292,45.0706534],[-93.3281839,45.0694465],[-93.3280891,45.0692935]],[[-93.3267794,45.067494],[-93.327274,45.0682956],[-93.3278135,45.0691552],[-93.3279014,45.0692934]],[[-93.2826942,45.0238624],[-93.2827461,45.0239893],[-93.2828188,45.024199]],[[-93.2824354,45.0230875],[-93.2826373,45.0237314],[-93.2826942,45.0238624]],[[-93.3157153,45.0399082],[-93.3155261,45.0397384],[-93.3154933,45.0397142],[-93.3153383,45.0396136],[-93.3151768,45.0394962],[-93.3150359,45.0394412]],[[-93.3153999,45.0397396],[-93.3154631,45.0397687],[-93.3157153,45.0399082]],[[-93.3150359,45.0394412],[-93.3151127,45.0395175],[-93.3152885,45.0396476],[-93.3153999,45.0397396]],[[-93.3208287,45.0473686],[-93.3208967,45.0475182]],[[-93.3208967,45.0475182],[-93.3209463,45.0476336]],[[-93.3157153,45.0399082],[-93.3157984,45.0399765],[-93.3159714,45.0401156],[-93.3162014,45.0402994],[-93.3163371,45.0404233]],[[-93.2697863,44.982623],[-93.2701311,44.9828531],[-93.2702158,44.9829104]],[[-93.306587,45.03545],[-93.3066912,45.03545],[-93.3071629,45.03545],[-93.3072212,45.03545],[-93.307274,45.03545],[-93.3073837,45.0354508],[-93.307838,45.035454],[-93.3079601,45.0354533],[-93.3083828,45.035451]],[[-93.3083828,45.035451],[-93.308467,45.0354505],[-93.3085898,45.0354547]],[[-93.2472696,44.9666252],[-93.2472681,44.9664087],[-93.247263,44.9662836]],[[-93.3384168,45.081682],[-93.3391424,45.0823411],[-93.3393297,45.082416]],[[-93.3393404,45.082287],[-93.3391245,45.0820904]],[[-93.2724833,44.9845045],[-93.2725743,44.9845685],[-93.2729602,44.98484]],[[-93.3193678,45.043953],[-93.3194151,45.0440665],[-93.3194486,45.0441453],[-93.3195171,45.0443062],[-93.3197612,45.044867]],[[-93.2472717,44.9681568],[-93.2472705,44.9678837],[-93.2472703,44.9678378],[-93.2472699,44.9677557]],[[-93.2472699,44.9677557],[-93.2472805,44.9676639],[-93.2472838,44.9673994]],[[-93.2472838,44.9673994],[-93.2472817,44.9672841]],[[-93.2823968,45.0229413],[-93.2824354,45.0230875]],[[-93.2823589,45.0227942],[-93.2823968,45.0229413]],[[-93.2880787,45.0299176],[-93.2880777,45.0298461]],[[-93.3049375,45.03545],[-93.3052505,45.03545],[-93.305328,45.03545],[-93.3054306,45.03545],[-93.3059228,45.03545],[-93.306,45.03545]],[[-93.306,45.03545],[-93.3061029,45.03545],[-93.3065062,45.0354501],[-93.306587,45.03545]],[[-93.2456623,44.9639906],[-93.2452829,44.963621],[-93.2452146,44.9635314]],[[-93.2457314,44.9640454],[-93.2456623,44.9639906]]]},"properties":{"id":"alpr-corridor-cr-152-19","layer":"alpr_corridor","name":"CR 152 — Cedar Avenue South","county":"Hennepin County","state":"MN","countyFips":"27053","confidence":"probabilistic","sourceDate":null,"attributes":{"kind":"corridor","road":"CR 152","roadName":"Cedar Avenue South","roadClass":"secondary","readerCount":12,"siteCount":9,"corridorMiles":10.3,"averageGapMiles":1.28,"medianGapMiles":1.09,"longestGapMiles":3.26,"countiesSpanned":1,"operatorCount":2,"operators":"Hennepin County Sheriff's Office; Minneapolis Police Department","unattributedReaders":5,"siteOffsets":"0.00;0.08;2.42;3.45;4.53;7.79;9.74;10.03;10.25","siteReaders":"1;2;1;1;1;1;2;1;2","siteLngs":"-93.337095;-93.336568;-93.321028;-93.308521;-93.287965;-93.271422;-93.245150;-93.247155;-93.247414","siteLats":"45.080627;45.079510;45.047565;45.035535;45.029533;44.983857;44.962677;44.958662;44.955436","pieceSpans":"3.91,3.91;10,10.25;4.24,4.46;4.55,4.56;9.55,9.65;5.35,5.71;7.8,7.88;9.43,9.47;7.64,7.67;7.49,7.6;3.04,3.29;9.69,9.74;9.71,9.73;8.15,8.2;5.14,5.24;2.43,2.6;2.76,2.87;2.66,2.76;2.16,2.21;1.45,1.49;2.21,2.25;2.19,2.2;2.3,2.41;7.67,7.7;0.48,0.58;9.92,9.96;6.41,6.42;6.34,6.41;4.49,4.52;0.88,1.4;4.46,4.48;8.37,8.45;5.14,5.23;4.56,4.57;5.23,5.24;5.05,5.14;9.48,9.54;9.54,9.55;9.96,10;9.85,9.89;9.38,9.39;3.61,3.88;2.87,2.95;4.89,4.96;5.24,5.35;5.71,6.19;6.19,6.34;6.41,6.47;7.96,8.01;8.01,8.05;8.11,8.15;0,0;1.99,2.12;1.94,2.1;9.79,9.82;9.74,9.77;8.37,8.38;8.3,8.33;8.18,8.23;8.08,8.15;8.23,8.28;8.23,8.26;7.98,8;10.25,10.25;9.89,9.93;9.9,9.92;8.04,8.06;8.37,8.37;8.3,8.35;7.73,7.76;7.91,7.96;1.58,1.67;1.53,1.9;2.15,2.19;2.12,2.16;4.52,4.54;0.64,0.89;0.64,0.78;0.5,0.64;10.25,10.25;2.33,2.36;2.25,2.25;2.25,2.26;2.22,2.25;1.4,1.45;1.15,1.4;9.82,9.89;9.89,9.9;4.61,4.89;7.8,7.88;7.76,7.8;3.88,3.91;0.18,0.29;0,0.01;0.03,0.04;0.04,0.15;0.15,0.18;0.18,0.21;0.1,0.18;0.04,0.1;2.1,2.12;1.9,1.94;8.05,8.08;9.99,10;9.96,9.99;0.48,0.5;0.33,0.44;2.12,2.15;0,0;0,0;0,0;1.96,1.99;1.94,1.96;1.76,1.94;1.73,1.76;1.69,1.73;1.67,1.69;1.53,1.58;1.49,1.53;1.53,1.53;4.48,4.49;9.93,9.96;9.89,9.89;8.15,8.18;8.18,8.18;8.28,8.3;8.35,8.37;8.38,8.38;8.38,8.42;8.42,8.45;8.45,8.5;8.5,8.52;0.33,0.43;0.44,0.48;2.26,2.3;1.4,1.45;7.96,7.98;0.27,0.33;0.24,0.27;0.23,0.24;0.21,0.23;8.15,8.15;8.08,8.11;8,8.04;8.06,8.08;0.43,0.48;0.58,0.64;1.52,1.53;1.48,1.52;1.45,1.48;2.25,2.27;2.27,2.33;2.37,2.41;8.26,8.3;8.34,8.37;8.33,8.34;9.74,9.74;2.2,2.22;8.2,8.23;8.47,8.49;8.45,8.47;9.77,9.79;0.29,0.33;0.01,0.03;9.73,9.75;9.75,9.79;9.79,9.81;9.81,9.85;2.36,2.37;9.69,9.71;0,0.04;0,0;4.54,4.55;4.54,4.54;4.57,4.61;7.6,7.64;0.78,0.88;0.89,1.02;4.96,4.98;4.98,5.03;2.99,3.04;2.99,3.01;3.01,3.04;2.42,2.43;2.41,2.42;2.95,2.99;7.88,7.91;3.45,3.54;3.45,3.45;9.47,9.48;0,0;0,0;7.7,7.73;2.6,2.66;9.39,9.41;9.41,9.42;9.42,9.43;5.03,5.04;5.04,5.05;4.52,4.52;3.56,3.61;3.54,3.56;9.65,9.69;9.65,9.65"}}},{"type":"Feature","geometry":{"type":"MultiLineString","coordinates":[[[-93.361799,45.1975788],[-93.3628597,45.1975808]],[[-93.3665408,45.1974443],[-93.3663964,45.1974447],[-93.3648911,45.1974485],[-93.3642586,45.1974485],[-93.3626492,45.1974543]],[[-93.2657929,45.197017],[-93.2656553,45.197018],[-93.2620368,45.1970483],[-93.2606644,45.1970651],[-93.2580579,45.1970486],[-93.257821,45.1970471]],[[-93.253591,45.1970398],[-93.2526346,45.1970423],[-93.2509165,45.1970735]],[[-93.2621101,45.1972077],[-93.2656589,45.1971548],[-93.2657955,45.1971557],[-93.2659743,45.1971723]],[[-93.270313,45.196992],[-93.2661534,45.1970111],[-93.2659779,45.1970116],[-93.2657929,45.197017]],[[-93.2659743,45.1971723],[-93.266159,45.1971694],[-93.2668465,45.1971556],[-93.2679425,45.1971405],[-93.269226,45.197103]],[[-93.354249,45.1974535],[-93.3540725,45.1974535],[-93.3518064,45.1974529]],[[-93.3563325,45.0941032],[-93.3563337,45.0942229]],[[-93.3246684,45.1976442],[-93.3271766,45.1976849],[-93.3281,45.1976846],[-93.3291822,45.1976844]],[[-93.3665407,45.1975756],[-93.3666859,45.1975745],[-93.3680517,45.1975644],[-93.3682639,45.1975594],[-93.3693206,45.1975347]],[[-93.3693206,45.1975347],[-93.3699559,45.1975511],[-93.3707043,45.1975578]],[[-93.3626492,45.1974543],[-93.3615959,45.197462]],[[-93.338795,45.197473],[-93.3385859,45.197473],[-93.3371362,45.1974731]],[[-93.341212,45.197449],[-93.3398293,45.1974556]],[[-93.3404344,45.1976522],[-93.3413571,45.1976551]],[[-93.346885,45.197653],[-93.3470306,45.1976524],[-93.3489741,45.1976442]],[[-93.3568913,45.1333576],[-93.3569362,45.1334745],[-93.3574802,45.1348987],[-93.3578211,45.1358345],[-93.3579434,45.1361064],[-93.3581292,45.136567]],[[-93.3601126,45.1412333],[-93.359985,45.1409154],[-93.3597941,45.1404183],[-93.3596985,45.1401585],[-93.359574,45.1398918],[-93.3594882,45.1396678],[-93.3593934,45.1393815],[-93.3589331,45.1381616]],[[-93.3564077,45.1132047],[-93.3563482,45.1159201],[-93.3563455,45.1159929],[-93.3563493,45.1160929]],[[-93.3564691,45.119652],[-93.3564978,45.1181294]],[[-93.3564021,45.1279179],[-93.3564027,45.1276175]],[[-93.3561829,45.1275727],[-93.3561789,45.1281759]],[[-93.3607299,45.1545496],[-93.3607353,45.1543901],[-93.3607372,45.1542457],[-93.3607318,45.1540403]],[[-93.3605406,45.1518692],[-93.3605345,45.151998],[-93.3605335,45.1521131],[-93.3605313,45.1525009],[-93.360529,45.1529001],[-93.3605219,45.1531011],[-93.360524,45.1533437],[-93.3605338,45.15363],[-93.36054,45.1537659],[-93.3605439,45.1539085],[-93.3605486,45.1542381],[-93.3605636,45.1545497],[-93.3605855,45.1546817],[-93.3606385,45.1550324]],[[-93.2304474,45.1973079],[-93.2314926,45.197324],[-93.2316615,45.1973251]],[[-93.2411054,45.1971023],[-93.2395,45.1971041],[-93.2378132,45.1971085],[-93.2376397,45.197108]],[[-93.3565668,45.1068566],[-93.3565177,45.1070634],[-93.3565015,45.1079148],[-93.3565039,45.1081484]],[[-93.3606648,45.1593591],[-93.3606709,45.1600317],[-93.3606525,45.1612616],[-93.3606507,45.161381],[-93.3606488,45.1614928],[-93.3606448,45.1635173],[-93.3606442,45.1640176],[-93.3606456,45.16442],[-93.3606477,45.1658761]],[[-93.2454219,45.1972394],[-93.2456473,45.197231],[-93.2465657,45.1972213],[-93.2474363,45.1972117],[-93.2497769,45.197186],[-93.2526269,45.197169]],[[-93.2346969,45.1971323],[-93.2345041,45.1971344]],[[-93.2349637,45.1971291],[-93.2349084,45.1971297]],[[-93.2345041,45.1971344],[-93.2342783,45.1971372]],[[-93.2306816,45.1971586],[-93.2305018,45.1971627],[-93.2294639,45.197173],[-93.2286553,45.1971799],[-93.2280618,45.1971894]],[[-93.2324464,45.1973143],[-93.2327965,45.1973113]],[[-93.3107405,45.1975477],[-93.3126445,45.1975622]],[[-93.3325438,45.1976785],[-93.332683,45.197685],[-93.3328347,45.1976836],[-93.3337696,45.19768],[-93.334783,45.197691],[-93.335577,45.197687],[-93.337102,45.1976776],[-93.3371727,45.1976779]],[[-93.3291822,45.1975075],[-93.3267646,45.1975277],[-93.3246736,45.1975218],[-93.3200726,45.197493]],[[-93.3297244,45.1975029],[-93.3291822,45.1975075]],[[-93.3126445,45.1975622],[-93.3146407,45.197576]],[[-93.3291822,45.1976844],[-93.3294089,45.1976843],[-93.3297401,45.1976842]],[[-93.3179332,45.1976016],[-93.3181311,45.1976033],[-93.3202153,45.1976212],[-93.3213376,45.197627],[-93.3246684,45.1976442]],[[-93.3146476,45.1974494],[-93.3126403,45.1974305]],[[-93.3064556,45.1973477],[-93.3062942,45.1973432],[-93.3052188,45.197314],[-93.3038391,45.1972738]],[[-93.356476,45.099857],[-93.3564919,45.1010811],[-93.3564939,45.1012341],[-93.3564995,45.1016726],[-93.3565111,45.1025646],[-93.3565134,45.1027398],[-93.3565163,45.1029678],[-93.3565272,45.1038069],[-93.3565334,45.1042829],[-93.3565342,45.1043455],[-93.3565358,45.1044731],[-93.3565416,45.1049186],[-93.3565444,45.1051313],[-93.3565465,45.105294],[-93.3565531,45.1058056],[-93.3565668,45.1068566]],[[-93.3565108,45.0969412],[-93.3565319,45.0963334],[-93.3565165,45.0958722],[-93.3565145,45.0958175]],[[-93.3563607,45.0965473],[-93.3563999,45.0974427],[-93.3564529,45.0975921]],[[-93.3564984,45.0942598],[-93.3564986,45.0941459]],[[-93.3606537,45.1666796],[-93.3606635,45.1672085],[-93.3606939,45.1691164],[-93.3607303,45.169452],[-93.360743,45.1695692],[-93.3607539,45.1696705],[-93.3607438,45.1697668],[-93.3607074,45.1698823],[-93.3606658,45.1699534],[-93.3606319,45.1699965],[-93.3605554,45.1700816]],[[-93.3606477,45.1658761],[-93.3606047,45.1659335],[-93.3605975,45.1660094],[-93.3605953,45.1660504],[-93.3605588,45.166124]],[[-93.3605748,45.1664187],[-93.3606086,45.166529],[-93.3606101,45.1666039],[-93.3606537,45.1666796]],[[-93.360737,45.1661193],[-93.3606959,45.1660583],[-93.3606821,45.1660121],[-93.3606859,45.1659463],[-93.3606477,45.1658761]],[[-93.3606537,45.1666796],[-93.3606926,45.1666081],[-93.3606871,45.1665311],[-93.3606931,45.1665043],[-93.3607515,45.1664142]],[[-93.2948791,45.1971207],[-93.2976407,45.197241],[-93.2977359,45.1972381]],[[-93.2942111,45.1971039],[-93.2948791,45.1971207]],[[-93.2948656,45.1970337],[-93.2942085,45.197018]],[[-93.3029447,45.1972478],[-93.2991251,45.1971556],[-93.2987736,45.1971495],[-93.2978104,45.1971164]],[[-93.269226,45.197103],[-93.2724337,45.1970532],[-93.2736334,45.1970449],[-93.2743432,45.19704],[-93.2761251,45.1970335],[-93.2778774,45.1970142],[-93.2800154,45.1969747]],[[-93.2823606,45.1968295],[-93.2822151,45.1968312],[-93.2820592,45.1968338],[-93.2813823,45.1968324],[-93.2812252,45.196835],[-93.2778014,45.1969068],[-93.2761281,45.1969403],[-93.2743415,45.1969496],[-93.2736346,45.1969545],[-93.2724318,45.1969628],[-93.270313,45.196992]],[[-93.3564529,45.0975921],[-93.3564577,45.098061],[-93.3564681,45.0990853],[-93.3564691,45.099181],[-93.3564721,45.09947],[-93.356476,45.099857]],[[-93.3563337,45.0942229],[-93.3563316,45.0943314],[-93.3563307,45.0945832],[-93.3563369,45.0951132]],[[-93.3566677,45.1081806],[-93.3566309,45.1072503]],[[-93.3563383,45.1318523],[-93.356368,45.1319604],[-93.3564302,45.1321558],[-93.3567598,45.133032],[-93.356807,45.1331573]],[[-93.3564675,45.1312429],[-93.3564291,45.1310214],[-93.356414,45.1308704],[-93.3563992,45.1306221],[-93.3564112,45.1293019],[-93.3564121,45.1292026]],[[-93.3562372,45.1245115],[-93.3562368,45.1245409],[-93.3562361,45.1246114],[-93.3562359,45.1246317],[-93.3562341,45.124821],[-93.3562243,45.1258257]],[[-93.3564027,45.1276175],[-93.3564361,45.1265932]],[[-93.3565081,45.0953827],[-93.3565099,45.0952966],[-93.3565039,45.0948031]],[[-93.3502276,45.1974582],[-93.3501189,45.1974581],[-93.3485414,45.1974561]],[[-93.3504552,45.1976364],[-93.350605,45.1976362],[-93.3528441,45.1976331]],[[-93.345385,45.1976532],[-93.3465419,45.1976534],[-93.3466555,45.1976534]],[[-93.3447945,45.1974511],[-93.3429437,45.1974491]],[[-93.3543925,45.1976296],[-93.3545509,45.197628],[-93.3564615,45.1975896]],[[-93.3579436,45.1974436],[-93.3578209,45.197443],[-93.355896,45.1974488]],[[-93.3615959,45.197462],[-93.3603673,45.1974427],[-93.3594636,45.1974523]],[[-93.3581319,45.1976033],[-93.3583082,45.1976037],[-93.358807,45.1976098],[-93.3590391,45.1976153],[-93.359825,45.1975971],[-93.3606537,45.1975843],[-93.361799,45.1975788]],[[-93.2509165,45.1970735],[-93.2497879,45.1970774],[-93.2493185,45.1970793]],[[-93.3326006,45.1975206],[-93.332369,45.1975036],[-93.331028,45.197492],[-93.3297244,45.1975029]],[[-93.3376235,45.1976743],[-93.3386269,45.1976681],[-93.338841,45.1976668]],[[-93.3564425,45.121943],[-93.3564638,45.1204572]],[[-93.356403,45.1238324],[-93.3564311,45.1233684],[-93.3564391,45.1232468]],[[-93.3562169,45.1265941],[-93.3561829,45.1275727]],[[-93.3585247,45.1370646],[-93.3580614,45.135766],[-93.357914,45.1353508]],[[-93.3606418,45.1483381],[-93.3606363,45.1484865],[-93.3606046,45.1489641],[-93.3605719,45.1494417],[-93.3605589,45.1497193],[-93.3605547,45.1499632],[-93.3605568,45.1502065],[-93.3605576,45.1503086]],[[-93.234908,45.1972979],[-93.2349865,45.1972958],[-93.2357231,45.1972899]],[[-93.2349084,45.1971297],[-93.2346969,45.1971323]],[[-93.2342805,45.1973017],[-93.2344808,45.1973]],[[-93.2323789,45.1971519],[-93.2316542,45.197158]],[[-93.3565091,45.108902],[-93.3565069,45.1089644],[-93.3564997,45.1091656],[-93.3564893,45.1096233],[-93.3564763,45.1100332],[-93.3564737,45.1102773],[-93.3564632,45.1106521]],[[-93.3564632,45.1106521],[-93.3564567,45.1110083]],[[-93.3564567,45.1110083],[-93.3564479,45.1114778]],[[-93.3566807,45.1087746],[-93.3566799,45.1087021],[-93.3566768,45.1084111]],[[-93.3565092,45.1087763],[-93.3565091,45.108902]],[[-93.2493185,45.1970793],[-93.2480886,45.197085]],[[-93.2480886,45.197085],[-93.245645,45.1971108],[-93.2455046,45.1971039],[-93.2453525,45.1971105]],[[-93.2376407,45.1972725],[-93.2377997,45.1972719],[-93.238137,45.1972699]],[[-93.2427835,45.1972593],[-93.2451897,45.1972399],[-93.2454219,45.1972394]],[[-93.2453525,45.1971105],[-93.2451907,45.1971181],[-93.2437008,45.1971245],[-93.2418065,45.1971112]],[[-93.2977359,45.1972381],[-93.2978685,45.1972459]],[[-93.2978104,45.1971164],[-93.2976542,45.1971117],[-93.2948656,45.1970337]],[[-93.2978685,45.1972459],[-93.298376,45.1972587],[-93.2990454,45.1972648],[-93.3017258,45.1973538],[-93.3028689,45.1973829]],[[-93.356807,45.1331573],[-93.3568913,45.1333576]],[[-93.3571474,45.133313],[-93.3570759,45.1331065]],[[-93.3563405,45.0953842],[-93.3563399,45.0954908],[-93.3563453,45.0958192],[-93.3563486,45.0960691]],[[-93.3563486,45.0960691],[-93.3563585,45.0963341]],[[-93.3563585,45.0963341],[-93.3563607,45.0965473]],[[-93.3563369,45.0951132],[-93.3563395,45.0952959],[-93.3563405,45.0953842]],[[-93.2942085,45.197018],[-93.2926556,45.1969799],[-93.28934,45.1968764],[-93.2872468,45.1968219],[-93.2868617,45.196812],[-93.2865467,45.1968032],[-93.2858402,45.196801],[-93.2852983,45.1967994],[-93.2851297,45.1967982]],[[-93.2845882,45.196802],[-93.2838959,45.1968069],[-93.2825122,45.1968275],[-93.2823606,45.1968295]],[[-93.2822122,45.1969481],[-93.2823542,45.1969475],[-93.2825143,45.1969475],[-93.2834369,45.1969326],[-93.2843647,45.1969238],[-93.2852822,45.1969114],[-93.2860524,45.196905],[-93.2868235,45.1969095],[-93.2893425,45.1969684],[-93.2895836,45.1969758],[-93.2926505,45.1970701],[-93.2942111,45.1971039]],[[-93.2800154,45.1969747],[-93.2811636,45.196956],[-93.2813985,45.196953],[-93.2816383,45.1969524],[-93.2820585,45.1969539],[-93.2822122,45.1969481]],[[-93.257821,45.1970471],[-93.256762,45.1970486],[-93.2557754,45.197045],[-93.2555133,45.1970392]],[[-93.2555056,45.1971582],[-93.2557937,45.1971604],[-93.2574519,45.1971671],[-93.258844,45.1971613],[-93.2602069,45.1971814],[-93.2621101,45.1972077]],[[-93.2526269,45.197169],[-93.2544814,45.1971503],[-93.2553231,45.1971557],[-93.2555056,45.1971582]],[[-93.3565145,45.0958175],[-93.3565105,45.0954926],[-93.3565081,45.0953827]],[[-93.3419652,45.1974551],[-93.341212,45.197449]],[[-93.3398293,45.1974556],[-93.338795,45.197473]],[[-93.338841,45.1976668],[-93.3399581,45.1976551]],[[-93.3565062,45.0945907],[-93.3565037,45.0943519],[-93.3564984,45.0942598]],[[-93.3565039,45.0948031],[-93.3565062,45.0945907]],[[-93.3566768,45.1084111],[-93.3566677,45.1081806]],[[-93.3566309,45.1072503],[-93.3566216,45.1070151],[-93.3565668,45.1068566]],[[-93.3565059,45.1084199],[-93.3565085,45.1087021],[-93.3565092,45.1087763]],[[-93.3565039,45.1081484],[-93.3565045,45.1082028],[-93.3565048,45.1082643],[-93.3565059,45.1084199]],[[-93.3566741,45.1093491],[-93.3566789,45.1089638],[-93.3566807,45.1089011]],[[-93.3566557,45.1098928],[-93.3566741,45.1093491]],[[-93.3566247,45.111479],[-93.3566507,45.1102803],[-93.3566557,45.1098928]],[[-93.3566276,45.1115843],[-93.3566247,45.111479]],[[-93.356616,45.1121161],[-93.3566256,45.1116592],[-93.3566276,45.1115843]],[[-93.3565887,45.11321],[-93.356616,45.1121161]],[[-93.3565744,45.1139803],[-93.3565887,45.11321]],[[-93.3565689,45.1142607],[-93.3565744,45.1139803]],[[-93.356531,45.1160465],[-93.3565305,45.1159324],[-93.3565689,45.1142607]],[[-93.3565195,45.1164891],[-93.3565299,45.1161568],[-93.356531,45.1160465]],[[-93.3565128,45.116772],[-93.3565195,45.1164891]],[[-93.356507,45.1175984],[-93.3565128,45.116772]],[[-93.3564978,45.1181294],[-93.356507,45.1175984]],[[-93.3607467,45.1518679],[-93.3607589,45.1517101],[-93.3607599,45.1510745],[-93.360759,45.1502776],[-93.3607619,45.150062],[-93.360762,45.1498697],[-93.3607686,45.1496078],[-93.3607754,45.149462]],[[-93.3607754,45.149462],[-93.3607845,45.1492663],[-93.3607864,45.1491991]],[[-93.3607864,45.1491991],[-93.3607939,45.148927],[-93.3608109,45.1484888],[-93.3608153,45.1483387]],[[-93.3608153,45.1483387],[-93.3608227,45.1482099],[-93.360831,45.1480599],[-93.3608494,45.1476458],[-93.3608666,45.1473325],[-93.3608792,45.147063],[-93.3608887,45.1467295],[-93.3609049,45.1464013],[-93.360923,45.145894],[-93.3609308,45.1455511],[-93.3609297,45.1452713],[-93.3609258,45.1450745],[-93.360903,45.144637],[-93.3608696,45.1442885]],[[-93.3608696,45.1442885],[-93.3608079,45.1438137],[-93.3607453,45.1434339]],[[-93.3607453,45.1434339],[-93.3607238,45.1433232]],[[-93.3607238,45.1433232],[-93.3606962,45.1431901],[-93.3606309,45.1428918],[-93.3605457,45.1425531],[-93.3605006,45.1423812],[-93.3604461,45.1421548],[-93.3604212,45.1420777]],[[-93.3604212,45.1420777],[-93.360373,45.1419289],[-93.3602825,45.1416478],[-93.3601911,45.141425],[-93.3601126,45.1412333]],[[-93.3589331,45.1381616],[-93.3586393,45.1373831]],[[-93.3561789,45.1281759],[-93.3561845,45.1291981]],[[-93.3561845,45.1291981],[-93.3561789,45.1292944],[-93.3561579,45.1296546],[-93.3561571,45.129816]],[[-93.3561571,45.129816],[-93.356153,45.1306376]],[[-93.356153,45.1306376],[-93.3561616,45.1308589],[-93.3561747,45.1310466]],[[-93.3561747,45.1310466],[-93.356196,45.1312612],[-93.3562176,45.1313623],[-93.3562351,45.1314373]],[[-93.3562351,45.1314373],[-93.3562459,45.1314838],[-93.3562976,45.131704],[-93.3563383,45.1318523]],[[-93.3564015,45.1282183],[-93.3564021,45.1279179]],[[-93.2376397,45.197108],[-93.237044,45.1971155]],[[-93.236533,45.1971185],[-93.2362426,45.1971225],[-93.2357276,45.1971278]],[[-93.2851297,45.1967982],[-93.2845882,45.196802]],[[-93.3399581,45.1976551],[-93.3404344,45.1976522]],[[-93.3566807,45.1089011],[-93.3566807,45.1087746]],[[-93.3564529,45.0975921],[-93.3564953,45.0974525],[-93.3565108,45.0969412]],[[-93.354427,45.1974527],[-93.354249,45.1974535]],[[-93.3371727,45.1976779],[-93.3376235,45.1976743]],[[-93.3564479,45.1114778],[-93.3564484,45.1115909]],[[-93.3043476,45.1974244],[-93.3048159,45.1974375],[-93.306292,45.1974893],[-93.3064567,45.1974948]],[[-93.3064567,45.1974948],[-93.3067034,45.1974991]],[[-93.3028689,45.1973829],[-93.3043476,45.1974244]],[[-93.3067034,45.1974991],[-93.306854,45.1975013],[-93.3092642,45.1975363],[-93.309591,45.1975384]],[[-93.309591,45.1975384],[-93.310126,45.1975419],[-93.3107405,45.1975477]],[[-93.3126403,45.1974305],[-93.3088467,45.1974048]],[[-93.3088467,45.1974048],[-93.3080892,45.1974006]],[[-93.3080892,45.1974006],[-93.3068541,45.1973565],[-93.3067044,45.1973546]],[[-93.3067044,45.1973546],[-93.3064556,45.1973477]],[[-93.3038391,45.1972738],[-93.3029447,45.1972478]],[[-93.3562959,45.1196412],[-93.3562591,45.122302]],[[-93.3562591,45.122302],[-93.3562462,45.1230366],[-93.3562472,45.1231483]],[[-93.3562472,45.1231483],[-93.3562488,45.1232419],[-93.356251,45.1233716],[-93.3562446,45.1239025],[-93.3562431,45.1240223]],[[-93.3562431,45.1240223],[-93.3562372,45.1245115]],[[-93.3562243,45.1258257],[-93.3562178,45.1264967],[-93.3562169,45.1265941]],[[-93.346891,45.197454],[-93.3466555,45.197453]],[[-93.3466555,45.197453],[-93.3465418,45.1974529],[-93.3461293,45.1974525]],[[-93.3461293,45.1974525],[-93.3447945,45.1974511]],[[-93.3429437,45.1974491],[-93.3419652,45.1974551]],[[-93.3570759,45.1331065],[-93.3570162,45.1329517],[-93.3567516,45.132265]],[[-93.3567516,45.132265],[-93.3566914,45.1321086],[-93.3566272,45.1319115],[-93.3565549,45.1316568],[-93.3565039,45.1314474],[-93.3564675,45.1312429]],[[-93.3564121,45.1292026],[-93.3564015,45.1282183]],[[-93.3413571,45.1976551],[-93.342102,45.19765]],[[-93.342102,45.19765],[-93.3433452,45.1976522]],[[-93.3433452,45.1976522],[-93.343766,45.197653]],[[-93.343766,45.197653],[-93.3447946,45.1976531]],[[-93.3447946,45.1976531],[-93.345385,45.1976532]],[[-93.355676,45.197449],[-93.3545517,45.1974523],[-93.354427,45.1974527]],[[-93.355896,45.1974488],[-93.355676,45.197449]],[[-93.3542113,45.1976304],[-93.3543925,45.1976296]],[[-93.3564615,45.1975896],[-93.3578246,45.1975953],[-93.3579445,45.1975943]],[[-93.3579445,45.1975943],[-93.3581319,45.1976033]],[[-93.3489741,45.1976442],[-93.3501288,45.1976393],[-93.3502322,45.1976389]],[[-93.3466555,45.1976534],[-93.346885,45.197653]],[[-93.3564361,45.1265932],[-93.3564368,45.1265024],[-93.3564408,45.1259507],[-93.3564401,45.1259252],[-93.3564288,45.1255342]],[[-93.3564288,45.1255342],[-93.3564137,45.1250081],[-93.3564165,45.1248764]],[[-93.3564165,45.1248764],[-93.356413,45.1246333],[-93.356413,45.1246113],[-93.3564129,45.1245496],[-93.3564102,45.1244444],[-93.3564069,45.1241666]],[[-93.3564069,45.1241666],[-93.356403,45.1238324]],[[-93.3574644,45.1341368],[-93.3571847,45.1334034],[-93.3571474,45.133313]],[[-93.357736,45.1348492],[-93.3574644,45.1341368]],[[-93.357914,45.1353508],[-93.357736,45.1348492]],[[-93.3586393,45.1373831],[-93.3585247,45.1370646]],[[-93.3581292,45.136567],[-93.3584705,45.137413]],[[-93.3564391,45.1232468],[-93.3564339,45.1231458],[-93.3564293,45.1230294],[-93.3564333,45.1223972]],[[-93.3564333,45.1223972],[-93.3564425,45.121943]],[[-93.3564638,45.1204572],[-93.3564691,45.119652]],[[-93.3516766,45.1974529],[-93.3506015,45.1974526],[-93.3504606,45.1974526]],[[-93.3518064,45.1974529],[-93.3516766,45.1974529]],[[-93.3504606,45.1974526],[-93.3502276,45.1974582]],[[-93.3480343,45.1974555],[-93.3470306,45.1974542],[-93.346891,45.197454]],[[-93.3485414,45.1974561],[-93.3480343,45.1974555]],[[-93.3693206,45.1975347],[-93.3681479,45.1974505],[-93.3674538,45.1974478]],[[-93.3674538,45.1974478],[-93.3671167,45.1974465]],[[-93.3671167,45.1974465],[-93.3666981,45.1974449],[-93.3665408,45.1974443]],[[-93.3594636,45.1974523],[-93.3583071,45.1974645],[-93.3581606,45.197466]],[[-93.3581606,45.197466],[-93.3579436,45.1974436]],[[-93.2555133,45.1970392],[-93.2553167,45.1970354],[-93.2545117,45.1970375]],[[-93.2545117,45.1970375],[-93.253591,45.1970398]],[[-93.2342783,45.1971372],[-93.2342141,45.1971372],[-93.2335729,45.1971428],[-93.2331099,45.1971434]],[[-93.2331099,45.1971434],[-93.2326448,45.1971489]],[[-93.2326448,45.1971489],[-93.2323789,45.1971519]],[[-93.3584705,45.137413],[-93.3592224,45.1394137],[-93.3595532,45.140195]],[[-93.3595532,45.140195],[-93.3595649,45.1402227],[-93.3598543,45.1409965],[-93.3599515,45.1412564]],[[-93.3599515,45.1412564],[-93.3600536,45.1415824],[-93.3601406,45.1418351],[-93.3602155,45.1420605],[-93.3602909,45.142333],[-93.3603347,45.1424901]],[[-93.3603347,45.1424901],[-93.360396,45.1427102],[-93.3604416,45.1428683],[-93.3604822,45.1430335],[-93.3605248,45.1432445],[-93.3605385,45.1433072]],[[-93.3605385,45.1433072],[-93.360564,45.1434315]],[[-93.360564,45.1434315],[-93.3606129,45.1437106],[-93.360657,45.1440157],[-93.360694,45.1443189],[-93.3607228,45.1446257],[-93.360738,45.1448932],[-93.3607504,45.1451678],[-93.3607511,45.1452335],[-93.3607532,45.1454425],[-93.3607399,45.1457031],[-93.3607303,45.1459593]],[[-93.3607303,45.1459593],[-93.3607085,45.1465378]],[[-93.3607085,45.1465378],[-93.3606803,45.1474705]],[[-93.3606803,45.1474705],[-93.3606722,45.1477383]],[[-93.3606722,45.1477383],[-93.3606707,45.1477888],[-93.3606489,45.1482068],[-93.3606418,45.1483381]],[[-93.3605546,45.150969],[-93.3605547,45.1511007],[-93.3605503,45.1517229],[-93.3605406,45.1518692]],[[-93.3605576,45.1503086],[-93.3605577,45.1503171],[-93.3605546,45.1506728]],[[-93.3605546,45.1506728],[-93.3605543,45.1507132],[-93.3605546,45.150969]],[[-93.3563493,45.1160929],[-93.3563492,45.1161809],[-93.3563279,45.1175984],[-93.3562959,45.1196412]],[[-93.360734,45.15276],[-93.3607327,45.1522549],[-93.3607383,45.1520013],[-93.3607467,45.1518679]],[[-93.360715,45.1533407],[-93.3607155,45.1532657],[-93.3607327,45.152836],[-93.360734,45.15276]],[[-93.360718,45.1537658],[-93.3607131,45.1536835],[-93.360715,45.1533407]],[[-93.3607318,45.1540403],[-93.3607299,45.1539662],[-93.360718,45.1537658]],[[-93.3606385,45.1550324],[-93.3606726,45.1548395],[-93.3607299,45.1545496]],[[-93.3502322,45.1976389],[-93.3504552,45.1976364]],[[-93.3528441,45.1976331],[-93.3540733,45.1976307],[-93.3542113,45.1976304]],[[-93.3179361,45.1974796],[-93.3177154,45.1974778],[-93.3156453,45.1974611],[-93.3146476,45.1974494]],[[-93.3195439,45.1974897],[-93.3181392,45.1974809],[-93.3179361,45.1974796]],[[-93.3200726,45.197493],[-93.3195439,45.1974897]],[[-93.3628597,45.1975808],[-93.3632519,45.1975794],[-93.3639169,45.1975754],[-93.3643476,45.1975731],[-93.3650218,45.1975719],[-93.3652586,45.1975726]],[[-93.3652586,45.1975726],[-93.3657517,45.1975742],[-93.3663924,45.1975753],[-93.3665407,45.1975756]],[[-93.3158618,45.1975667],[-93.3177153,45.1975995],[-93.3179332,45.1976016]],[[-93.3146407,45.197576],[-93.3155712,45.1975715],[-93.3158618,45.1975667]],[[-93.3297401,45.1976842],[-93.3304773,45.1976808],[-93.3306059,45.1976786]],[[-93.3306059,45.1976786],[-93.331032,45.197685],[-93.3323904,45.1976747],[-93.3325438,45.1976785]],[[-93.237044,45.1971155],[-93.236533,45.1971185]],[[-93.240517,45.1972658],[-93.2427835,45.1972593]],[[-93.238137,45.1972699],[-93.2387834,45.1972677]],[[-93.2387834,45.1972677],[-93.240517,45.1972658]],[[-93.2418065,45.1971112],[-93.2411054,45.1971023]],[[-93.2368732,45.1972814],[-93.2376407,45.1972725]],[[-93.2357231,45.1972899],[-93.2358846,45.1972874]],[[-93.2358846,45.1972874],[-93.2361628,45.1972861],[-93.2364707,45.1972827]],[[-93.2364707,45.1972827],[-93.2368732,45.1972814]],[[-93.2302612,45.1973048],[-93.2304474,45.1973079]],[[-93.2316542,45.197158],[-93.231496,45.1971587],[-93.2306816,45.1971586]],[[-93.2344808,45.1973],[-93.234632,45.1972988]],[[-93.234632,45.1972988],[-93.234908,45.1972979]],[[-93.2327965,45.1973113],[-93.2333911,45.1973077]],[[-93.2333911,45.1973077],[-93.2342135,45.1973021]],[[-93.2342135,45.1973021],[-93.2342805,45.1973017]],[[-93.2316615,45.1973251],[-93.2324464,45.1973143]],[[-93.3564484,45.1115909],[-93.3564479,45.1116577],[-93.3564183,45.1127984]],[[-93.3564183,45.1127984],[-93.3564077,45.1132047]],[[-93.3371362,45.1974731],[-93.3364127,45.1974847],[-93.3354,45.1975098]],[[-93.3350028,45.1975112],[-93.3344954,45.1975189]],[[-93.3344954,45.1975189],[-93.3338904,45.1975215]],[[-93.3338904,45.1975215],[-93.3328357,45.1975247],[-93.3326006,45.1975206]],[[-93.3354,45.1975098],[-93.3350028,45.1975112]],[[-93.3606385,45.1550324],[-93.3606625,45.1568368],[-93.3606676,45.1576549],[-93.3606622,45.1587459]],[[-93.3606622,45.1587459],[-93.3606639,45.1592546],[-93.3606648,45.1593591]]]},"properties":{"id":"alpr-corridor-cr-14-14","layer":"alpr_corridor","name":"CR 14 — Main Street Northwest","county":"Anoka County","state":"MN","countyFips":"27003","confidence":"probabilistic","sourceDate":null,"attributes":{"kind":"corridor","road":"CR 14","roadName":"Main Street Northwest","roadClass":"secondary","readerCount":9,"siteCount":9,"corridorMiles":13.8,"averageGapMiles":1.72,"medianGapMiles":1.37,"longestGapMiles":3.38,"countiesSpanned":2,"operatorCount":0,"operators":null,"unattributedReaders":9,"siteOffsets":"0.00;0.69;3.95;7.07;8.13;8.69;12.07;13.44;13.76","siteReaders":"1;1;1;1;1;1;1;1;1","siteLngs":"-93.356593;-93.356448;-93.360467;-93.368714;-93.346954;-93.335583;-93.266145;-93.237959;-93.231385","siteLats":"45.095712;45.105770;45.152812;45.197636;45.197412;45.197357;45.196909;45.197204;45.197239","pieceSpans":"7.34,7.39;7.16,7.35;12.08,12.47;12.68,12.81;12.07,12.26;11.86,12.08;11.91,12.07;7.76,7.88;0,0;8.98,9.2;7.05,7.16;7.05,7.05;7.35,7.4;8.51,8.59;8.39,8.46;8.39,8.43;8.02,8.12;2.59,2.81;2.93,3.14;1.2,1.4;1.54,1.65;2.19,2.21;2.19,2.23;4.02,4.06;3.87,4.09;13.75,13.76;13.29,13.46;0.77,0.86;4.39,4.83;12.72,13.08;13.6,13.61;13.59,13.59;13.61,13.62;13.76,13.76;13.69,13.71;9.79,9.88;8.59,8.82;8.98,9.43;8.96,8.98;9.69,9.79;8.96,8.98;9.2,9.53;9.69,9.79;10.09,10.22;0.29,0.77;0.01,0.08;0.06,0.13;0,0;4.89,5.12;4.83,4.85;4.87,4.89;4.83,4.85;4.87,4.89;10.52,10.66;10.66,10.69;10.66,10.69;10.26,10.52;11.38,11.91;11.27,11.86;0.13,0.29;0,0;0.79,0.86;2.48,2.57;2.3,2.44;1.98,2.07;2.12,2.19;0,0;7.95,8.04;7.83,7.94;8.13,8.19;8.22,8.31;7.65,7.75;7.58,7.68;7.4,7.5;7.39,7.57;12.81,12.88;8.82,8.96;8.51,8.57;1.7,1.8;1.89,1.93;2.12,2.19;2.73,2.85;3.63,3.76;13.55,13.59;13.59,13.6;13.61,13.62;13.71,13.75;0.91,1.03;1.03,1.05;1.05,1.08;0.87,0.9;0.9,0.91;12.88,12.94;12.94,13.08;13.43,13.46;13.08,13.2;13.08,13.25;10.51,10.52;10.52,10.66;10.27,10.51;2.57,2.59;2.57,2.59;0,0.02;0.02,0.04;0.04,0.06;0,0;10.69,11.14;11.16,11.27;10.69,11.28;11.28,11.38;12.47,12.58;12.26,12.58;12.58,12.72;0,0.01;8.36,8.39;8.46,8.51;8.46,8.51;0,0;0,0;0.86,0.87;0.77,0.79;0.87,0.9;0.86,0.87;0.91,0.94;0.94,0.98;0.98,1.08;1.08,1.09;1.09,1.13;1.13,1.2;1.2,1.26;1.26,1.28;1.28,1.4;1.4,1.43;1.43,1.45;1.45,1.5;1.5,1.54;3.71,3.87;3.69,3.71;3.63,3.69;3.35,3.63;3.29,3.35;3.29,3.29;3.2,3.29;3.14,3.2;2.87,2.93;2.23,2.3;2.3,2.34;2.34,2.4;2.4,2.43;2.43,2.45;2.45,2.48;2.21,2.23;13.46,13.48;13.51,13.55;11.14,11.16;8.43,8.46;0.9,0.91;0.08,0.13;7.75,7.76;8.57,8.59;1.08,1.09;10.09,10.2;10.08,10.09;10.2,10.27;9.94,10.08;9.88,9.94;9.79,9.98;9.98,10.01;10.01,10.08;10.08,10.09;10.22,10.26;1.64,1.83;1.83,1.89;1.89,1.95;1.95,1.98;2.07,2.12;8.12,8.13;8.13,8.15;8.15,8.22;8.31,8.36;2.51,2.57;2.44,2.51;2.23,2.3;8.35,8.39;8.29,8.35;8.27,8.29;8.22,8.27;8.19,8.22;7.69,7.75;7.68,7.69;7.75,7.76;7.58,7.65;7.57,7.58;7.95,8.02;8.12,8.13;2.05,2.12;2,2.05;1.96,2;1.93,1.96;2.59,2.64;2.64,2.69;2.69,2.73;2.85,2.87;2.81,2.87;1.83,1.89;1.8,1.83;1.65,1.7;7.88,7.94;7.88,7.88;7.94,7.95;8.06,8.12;8.04,8.06;7.05,7.11;7.11,7.13;7.13,7.16;7.5,7.57;7.57,7.58;12.58,12.63;12.63,12.68;13.62,13.68;13.68,13.7;13.7,13.71;2.87,3.07;3.07,3.14;3.14,3.23;3.23,3.28;3.28,3.29;3.29,3.47;3.47,3.51;3.51,3.57;3.57,3.59;3.59,3.63;3.81,3.87;3.76,3.79;3.79,3.81;1.4,1.64;3.87,3.93;3.93,3.97;3.97,4;4,4.02;4.06,4.09;7.94,7.95;7.76,7.83;9.53,9.69;9.45,9.53;9.43,9.45;7.22,7.34;7.16,7.22;9.53,9.63;9.63,9.69;8.91,8.96;8.82,8.91;13.48,13.51;13.2,13.31;13.4,13.43;13.31,13.4;13.25,13.29;13.46,13.49;13.54,13.55;13.51,13.54;13.49,13.51;13.76,13.76;13.75,13.76;13.6,13.61;13.59,13.6;13.66,13.69;13.62,13.66;13.62,13.62;13.71,13.75;1.09,1.17;1.17,1.2;8.59,8.68;8.7,8.72;8.72,8.75;8.75,8.82;8.68,8.7;4.09,4.34;4.34,4.39"}}},{"type":"Feature","geometry":{"type":"MultiLineString","coordinates":[[[-92.9596981,44.8305812],[-92.9594465,44.8304056],[-92.9587136,44.8298973],[-92.9583716,44.8296831],[-92.9581367,44.8295198],[-92.9580179,44.8294367],[-92.9578207,44.8292991],[-92.9575288,44.8290955],[-92.9572836,44.8289253],[-92.957013,44.8287371],[-92.9568277,44.8286108],[-92.9565972,44.828456],[-92.9565105,44.8283986],[-92.9562331,44.8282193],[-92.956028,44.828091],[-92.955245,44.827636],[-92.954721,44.827363],[-92.954223,44.827126],[-92.952633,44.826368],[-92.951598,44.825819],[-92.951241,44.82561],[-92.950066,44.824922],[-92.947594,44.82348],[-92.94711,44.823181]],[[-92.94711,44.823181],[-92.9466486,44.8229103]],[[-92.9466486,44.8229103],[-92.945538,44.822255],[-92.94441,44.821598],[-92.943409,44.820967],[-92.942269,44.820327],[-92.941803,44.820065],[-92.9416591,44.8199769]],[[-92.9583874,44.8327499],[-92.9583679,44.8327877],[-92.958331,44.8328585],[-92.9582881,44.8329556],[-92.9582591,44.8330417],[-92.9582412,44.8331235],[-92.9582318,44.8331876],[-92.9582278,44.8332706],[-92.958227,44.8333323],[-92.9582285,44.8333919],[-92.9582311,44.8334809]],[[-92.930007,44.8169944],[-92.9302473,44.8170174],[-92.9305789,44.8170443],[-92.9307766,44.8170923],[-92.9309301,44.8171311],[-92.9311838,44.8173008],[-92.9313529,44.8174016],[-92.9316817,44.8175991],[-92.9318141,44.8176787],[-92.9319463,44.8177612]],[[-92.9320411,44.8176779],[-92.9319073,44.8175871],[-92.9317875,44.81751],[-92.9315504,44.8173573],[-92.9312347,44.817154],[-92.9309992,44.8170024],[-92.9307953,44.8169596],[-92.9304479,44.8169201],[-92.9301017,44.8168715]],[[-92.9290827,44.8162904],[-92.9290764,44.8161899],[-92.9290765,44.8160586],[-92.9290745,44.815288],[-92.9290748,44.815035],[-92.929075,44.8147942],[-92.9290758,44.8145877],[-92.9290761,44.8144978],[-92.9290481,44.814007],[-92.9290142,44.813879],[-92.928938,44.81378],[-92.928847,44.813621],[-92.928833,44.813601],[-92.9287877,44.8135356],[-92.928709,44.813422],[-92.928646,44.813358],[-92.928528,44.813241],[-92.92837,44.81314],[-92.9278091,44.8128557],[-92.92764,44.81277],[-92.927154,44.812554],[-92.92575,44.811954],[-92.925485,44.811841],[-92.9232722,44.8108409],[-92.9225148,44.8104785],[-92.9217103,44.8100697],[-92.920667,44.809525],[-92.9202677,44.8093177],[-92.9197301,44.8090337],[-92.9188897,44.8086002],[-92.9184785,44.8084055],[-92.9180731,44.8082211],[-92.9175083,44.8079753],[-92.9172171,44.8078451],[-92.9169303,44.8077294],[-92.9162684,44.8074477],[-92.9156548,44.807192],[-92.9152622,44.8070486],[-92.9150896,44.8069905],[-92.9149379,44.8069532],[-92.9147604,44.8069201],[-92.9145613,44.8068881],[-92.9143441,44.8068639],[-92.9141687,44.8068497],[-92.9139851,44.8068426],[-92.9136643,44.8068351]],[[-92.9416591,44.8199769],[-92.9414852,44.8198703]],[[-92.9414852,44.8198703],[-92.94107,44.819616],[-92.9409699,44.8195576]],[[-92.9404979,44.8192821],[-92.93973,44.818834],[-92.9393575,44.8186305],[-92.9391318,44.8184911],[-92.9388428,44.8183227],[-92.9385416,44.8181983],[-92.9378224,44.8179244],[-92.9372331,44.8176975],[-92.9365085,44.8174221],[-92.9362405,44.8173527],[-92.9360296,44.8173381],[-92.9358393,44.8173549],[-92.9356602,44.8173904],[-92.935493,44.817464],[-92.9353484,44.8175485],[-92.935213,44.817675],[-92.9350331,44.8178448],[-92.9348955,44.8179305],[-92.9348589,44.8179532],[-92.934621,44.81803],[-92.934427,44.8180684],[-92.9341313,44.8180761],[-92.9334011,44.8180769],[-92.9332946,44.818077],[-92.9332174,44.8180771],[-92.9330543,44.8180695],[-92.9329221,44.8180531],[-92.9327535,44.8180188]],[[-92.9102101,44.8057427],[-92.9101878,44.8056632],[-92.9101399,44.8054236]],[[-92.9409699,44.8195576],[-92.9404979,44.8192821]],[[-92.9591013,44.832235],[-92.9591967,44.8321621],[-92.9592188,44.8321452],[-92.9595736,44.8318861],[-92.9596835,44.8318019],[-92.9597832,44.8317174],[-92.9598787,44.831634],[-92.9600055,44.8315252],[-92.9600946,44.8314571],[-92.9601916,44.8313862],[-92.9603769,44.8312512],[-92.9605141,44.8311555]],[[-92.9597238,44.8316188],[-92.9595119,44.8317757],[-92.9593027,44.8319303],[-92.9591938,44.8320106],[-92.9590933,44.832087],[-92.9589936,44.8321628]],[[-92.9106307,44.8062535],[-92.9107155,44.8062882],[-92.9107641,44.8063039],[-92.9108254,44.8063208],[-92.9108867,44.8063347],[-92.91096,44.8063468],[-92.9110417,44.8063564],[-92.9110903,44.8063619],[-92.9111235,44.8063667],[-92.9111601,44.8063746],[-92.9111762,44.8063798],[-92.9111899,44.8063842],[-92.9112197,44.8063963],[-92.9112512,44.8064102],[-92.9113529,44.8064561]],[[-92.9114513,44.8062556],[-92.9113157,44.8062733],[-92.9112575,44.8062835],[-92.9112054,44.8062899],[-92.9111921,44.8062909],[-92.9111389,44.8062948],[-92.9110837,44.8062953],[-92.9110197,44.8062889],[-92.9109344,44.8062754],[-92.9108464,44.8062567],[-92.9107754,44.8062379],[-92.9107227,44.8062207],[-92.9106622,44.8061961]],[[-92.9117131,44.8066362],[-92.9118654,44.8066437],[-92.9119526,44.8066443],[-92.9120148,44.8066472],[-92.9120817,44.8066535],[-92.9120995,44.8066552],[-92.9122086,44.8066695],[-92.9122894,44.8066843],[-92.912404,44.8067105],[-92.9125486,44.8067501],[-92.9126364,44.8067707],[-92.9127469,44.8067949],[-92.9128699,44.8068167],[-92.9130033,44.8068358],[-92.9131161,44.8068477],[-92.9132417,44.8068577],[-92.9134379,44.8068659],[-92.9136643,44.8068351]],[[-92.9136643,44.8068351],[-92.9134401,44.8067941],[-92.9132595,44.8067871],[-92.9131489,44.8067794],[-92.9130068,44.8067647],[-92.9128736,44.8067451],[-92.9127453,44.8067227],[-92.9125813,44.8066846],[-92.9124304,44.8066437],[-92.9122924,44.8065989],[-92.9122241,44.8065729],[-92.9121878,44.8065553],[-92.9121639,44.8065399],[-92.9121434,44.8065266],[-92.9121198,44.8065066],[-92.9120969,44.8064827],[-92.9120397,44.8064116],[-92.9120029,44.8063679]],[[-92.9106622,44.8061961],[-92.910587,44.8061559],[-92.9104858,44.8060898],[-92.9103617,44.8059637],[-92.9102455,44.80585]],[[-92.958406,44.8336044],[-92.9584059,44.8334787]],[[-92.9584059,44.8334787],[-92.9584047,44.833388],[-92.9584035,44.8333274],[-92.9584053,44.8332254],[-92.9584108,44.8331572],[-92.9584192,44.8331015],[-92.9584306,44.8330433],[-92.9584514,44.8329724],[-92.9584765,44.8328999],[-92.9585064,44.8328374],[-92.958541,44.8327703]],[[-92.9319463,44.8177612],[-92.9320793,44.8178319],[-92.9321953,44.8178936],[-92.9323338,44.8179563],[-92.932526,44.8180147],[-92.9327535,44.8180188]],[[-92.9327535,44.8180188],[-92.9325374,44.8179208],[-92.93238,44.8178623],[-92.9322596,44.8178053],[-92.9321711,44.8177537],[-92.9320411,44.8176779]],[[-92.9102455,44.80585],[-92.9103,44.8059904],[-92.910404,44.8061131],[-92.9105072,44.806194],[-92.9106307,44.8062535]],[[-92.9102455,44.80585],[-92.9102101,44.8057427]],[[-92.9582311,44.8334809],[-92.9582338,44.8336057]],[[-92.958541,44.8327703],[-92.9585825,44.8327076],[-92.9586244,44.8326503],[-92.958667,44.8325991],[-92.9587166,44.832544],[-92.9587474,44.8325135],[-92.9587823,44.8324808]],[[-92.9587823,44.8324808],[-92.9588246,44.8324434],[-92.9588651,44.8324094],[-92.9589463,44.8323459],[-92.9589921,44.8323122],[-92.9591013,44.832235]],[[-92.9589936,44.8321628],[-92.9588684,44.8322517],[-92.9588124,44.8322929],[-92.95871,44.8323711],[-92.9586616,44.8324139],[-92.95861,44.8324619],[-92.9585476,44.8325271],[-92.9585107,44.8325699],[-92.9584728,44.8326184],[-92.9584363,44.8326688],[-92.9584108,44.8327107],[-92.9583874,44.8327499]],[[-92.9604334,44.8310948],[-92.9603635,44.8311485],[-92.9602609,44.8312236],[-92.9601696,44.8312906],[-92.960049,44.8313791],[-92.959939,44.831459],[-92.9597238,44.8316188]],[[-92.9617328,44.8318922],[-92.9616623,44.8318761],[-92.9616308,44.8318671],[-92.9615926,44.8318537],[-92.9615605,44.8318415],[-92.9615182,44.8318219],[-92.9614696,44.8317976],[-92.9614109,44.8317662],[-92.961321,44.8317149],[-92.9612419,44.8316659],[-92.9611644,44.8316166],[-92.9609875,44.8314942],[-92.9607547,44.8313294],[-92.960565,44.8311947],[-92.9605141,44.8311555]],[[-92.9297807,44.8167191],[-92.9295755,44.8166694],[-92.9294202,44.816603],[-92.9292846,44.816498],[-92.9291737,44.8163617],[-92.9290827,44.8162904]],[[-92.9290827,44.8162904],[-92.9290702,44.8163981],[-92.9291453,44.8165177],[-92.9293787,44.8167079],[-92.9296578,44.8168908]],[[-92.9605141,44.8311555],[-92.9604334,44.8310948]],[[-92.9599347,44.8307463],[-92.9596981,44.8305812]],[[-92.9604334,44.8310948],[-92.9603836,44.8310567],[-92.9600855,44.8308496],[-92.9599347,44.8307463]]]},"properties":{"id":"alpr-corridor-east-point-douglas-road-south-22","layer":"alpr_corridor","name":"East Point Douglas Road South","county":"Washington County","state":"MN","countyFips":"27163","confidence":"probabilistic","sourceDate":null,"attributes":{"kind":"corridor","road":"East Point Douglas Road South","roadName":null,"roadClass":"tertiary","readerCount":8,"siteCount":8,"corridorMiles":3,"averageGapMiles":0.43,"medianGapMiles":0.19,"longestGapMiles":1.6,"countiesSpanned":1,"operatorCount":0,"operators":null,"unattributedReaders":8,"siteOffsets":"0.00;0.09;0.20;1.80;1.88;2.07;2.63;3.02","siteReaders":"1;1;1;1;1;1;1;1","siteLngs":"-92.958548;-92.958976;-92.959317;-92.932022;-92.931178;-92.929145;-92.920110;-92.913185","siteLats":"44.833372;44.832102;44.830462;44.817871;44.816960;44.814611;44.809529;44.806902","pieceSpans":"0.2,0.98;0.98,1.01;1.01,1.32;0,0.04;1.81,1.9;1.81,1.91;1.97,3;1.32,1.34;1.34,1.37;1.4,1.76;3.02,3.02;1.37,1.4;0.08,0.17;0.09,0.13;3.02,3.02;3.02,3.02;3,3.02;3,3.02;3.02,3.02;0,0;0,0.04;1.76,1.81;1.76,1.81;3.02,3.02;3.02,3.02;0,0;0.04,0.06;0.06,0.08;0.04,0.09;0.13,0.17;0.12,0.17;1.93,1.97;1.92,1.97;0.17,0.17;0.19,0.2;0.17,0.19"}}},{"type":"Feature","geometry":{"type":"MultiLineString","coordinates":[[[-92.8061377,45.0566013],[-92.8061135,45.0565415],[-92.8058228,45.0558668],[-92.8057936,45.0557985]],[[-92.8069582,45.0584835],[-92.8069864,45.0585493],[-92.8071763,45.0589925]],[[-92.8048601,45.0539512],[-92.8047457,45.0538738],[-92.8042688,45.0535944]],[[-92.8057649,45.0557315],[-92.8054499,45.0549943],[-92.8054144,45.0549134],[-92.8052649,45.0545531],[-92.8051889,45.054367],[-92.8051522,45.0542978],[-92.8051097,45.0542179]],[[-92.8061377,45.0566013],[-92.8061639,45.0566616],[-92.8063978,45.0571989],[-92.8064249,45.0572612],[-92.8064527,45.0573248],[-92.806476,45.0573781],[-92.8065965,45.057652],[-92.8068834,45.0583104],[-92.8069344,45.0584282],[-92.8069582,45.0584835]],[[-92.8042688,45.0535944],[-92.8042505,45.053584],[-92.803418,45.0531],[-92.8033516,45.0530479],[-92.8031085,45.0528571],[-92.8028727,45.0526244],[-92.8025511,45.052168],[-92.8023311,45.0518258],[-92.8011783,45.0504137],[-92.801036,45.050254],[-92.8007821,45.0500026],[-92.800638,45.04986],[-92.8002525,45.0495186],[-92.8000921,45.0493421]],[[-92.8057936,45.0557985],[-92.8057649,45.0557315]],[[-92.8051097,45.0542179],[-92.8050606,45.0541559],[-92.8050267,45.0541131],[-92.8049513,45.054034],[-92.8048601,45.0539512]]]},"properties":{"id":"alpr-corridor-mn-95-1","layer":"alpr_corridor","name":"MN 95 — Main Street South","county":"Washington County","state":"MN","countyFips":"27163","confidence":"probabilistic","sourceDate":null,"attributes":{"kind":"corridor","road":"MN 95","roadName":"Main Street South","roadClass":"primary","readerCount":6,"siteCount":6,"corridorMiles":0.5,"averageGapMiles":0.1,"medianGapMiles":0.06,"longestGapMiles":0.24,"countiesSpanned":1,"operatorCount":1,"operators":"Stillwater Police Department","unattributedReaders":5,"siteOffsets":"0.00;0.06;0.12;0.17;0.28;0.51","siteReaders":"1;1;1;1;1;1","siteLngs":"-92.806234;-92.805664;-92.805316;-92.804983;-92.803216;-92.800929","siteLats":"45.056474;45.055729;45.054844;45.054179;45.053265;45.050235","pieceSpans":"0,0.05;0,0;0.18,0.22;0.06,0.17;0,0;0.22,0.51;0.05,0.06;0.17,0.18"}}},{"type":"Feature","geometry":{"type":"MultiLineString","coordinates":[[[-93.3082228,45.006008],[-93.3082216,45.0059577],[-93.308217,45.0055761],[-93.3082191,45.0054785],[-93.3082075,45.005202],[-93.308205,45.005142],[-93.3081992,45.0050178],[-93.3081993,45.0049104],[-93.3082033,45.0044732],[-93.3082084,45.0042914],[-93.3082154,45.0040394],[-93.3082159,45.003875]],[[-93.267775,45.040948],[-93.267798,45.041941]],[[-93.3083501,45.0240938],[-93.308352,45.0241655],[-93.3083582,45.0244041],[-93.3083458,45.0247759],[-93.3083892,45.0258343],[-93.3083925,45.0259156],[-93.3084251,45.0276301],[-93.3084266,45.0277067],[-93.3084635,45.029448],[-93.3084648,45.0295073]],[[-93.3083544,44.9783283],[-93.3083526,44.9784401],[-93.3083517,44.9784974],[-93.3083518,44.9788768],[-93.3083518,44.9789446],[-93.3083512,44.9790144],[-93.3083462,44.9795816],[-93.3083419,44.9796757],[-93.3083418,44.979752],[-93.3083418,44.9798148],[-93.3083408,44.9799097],[-93.3083347,44.9805156],[-93.3083355,44.9806453],[-93.3083364,44.9807363]],[[-93.2629524,45.040962],[-93.2631076,45.0409634]],[[-93.2631076,45.0409634],[-93.2632677,45.0409626],[-93.2635272,45.0409612],[-93.2643002,45.0409571],[-93.2648037,45.0409544],[-93.264886,45.040954],[-93.265543,45.040953],[-93.2663185,45.0409482],[-93.266525,45.04095],[-93.2672142,45.0409485],[-93.267775,45.040948]],[[-93.3083501,45.0240938],[-93.3083512,45.024006],[-93.3083492,45.0238969],[-93.3083167,45.0223494],[-93.3083166,45.022346],[-93.3083148,45.0222852],[-93.3083145,45.0222303],[-93.3083139,45.0222037],[-93.3082797,45.0207435],[-93.3082759,45.0205324],[-93.3082748,45.020473],[-93.3082748,45.0203903],[-93.3082681,45.0187132],[-93.3082678,45.0186586],[-93.3082675,45.0185923],[-93.3082579,45.0169192],[-93.3082596,45.0168571]],[[-93.308297,44.9844138],[-93.3083056,44.9842843]],[[-93.3083056,44.9842843],[-93.3083085,44.9841606],[-93.3083073,44.9839158],[-93.3083131,44.9831039],[-93.3083119,44.9827268],[-93.3083117,44.9826532],[-93.3083128,44.9825888],[-93.3083278,44.9816611],[-93.3083289,44.9815961],[-93.3083297,44.9815223],[-93.3083334,44.9811565],[-93.3083358,44.9808163],[-93.3083364,44.9807363]],[[-93.3082394,45.0132698],[-93.3082382,45.0131368],[-93.3082491,45.0119875],[-93.3082494,45.0115311],[-93.3082498,45.0114437],[-93.3082495,45.0113766],[-93.3082391,45.0097284],[-93.3082365,45.0096359],[-93.3082371,45.0095466],[-93.308231,45.0081361],[-93.3082297,45.0078989],[-93.3082293,45.007829],[-93.3082275,45.0077619],[-93.3082229,45.0062574],[-93.3082222,45.0060925],[-93.3082221,45.0060759],[-93.3082228,45.006008]],[[-93.3082286,44.9969518],[-93.3082142,44.9963342]],[[-93.3082903,44.9860903],[-93.3082901,44.9860316],[-93.308286,44.9846397],[-93.3082889,44.9845366]],[[-93.258901,45.040972],[-93.2595436,45.0409684],[-93.259983,45.040966],[-93.260158,45.040966],[-93.2604139,45.0409656],[-93.2607239,45.0409651],[-93.2608419,45.0409649],[-93.2614819,45.0409653],[-93.2616524,45.0409633],[-93.2619509,45.0409624],[-93.2622078,45.0409616],[-93.262726,45.04096],[-93.2628064,45.0409607],[-93.2629524,45.040962]],[[-93.3082216,44.9987753],[-93.3082198,44.9986666],[-93.3082174,44.998386],[-93.308228,44.9970244],[-93.3082286,44.9969518]],[[-93.3082043,45.0023993],[-93.3082056,45.0023254],[-93.3082122,45.0006558],[-93.3082125,45.0005824]],[[-93.3082125,45.0005824],[-93.3082125,45.0005063],[-93.3082194,44.9992041],[-93.3082211,44.9988772],[-93.3082216,44.9987753]],[[-93.3082159,45.003875],[-93.3082152,45.0036854],[-93.3082148,45.0036263],[-93.3082113,45.003091],[-93.3082094,45.0028864],[-93.3082056,45.0024672],[-93.3082043,45.0023993]],[[-93.3082335,44.9941583],[-93.3082324,44.9940807],[-93.3082227,44.9933937],[-93.3082244,44.9933209],[-93.3082232,44.9930819],[-93.3082191,44.9929985],[-93.3082342,44.9924014],[-93.3082343,44.9919625],[-93.3082343,44.9918718],[-93.3082344,44.9916013],[-93.3082345,44.9915045]],[[-93.3082142,44.9963342],[-93.3082163,44.9962597],[-93.3082218,44.995264],[-93.3082218,44.9951903]],[[-93.3082345,44.9915045],[-93.3082354,44.9914123],[-93.3082379,44.9911683],[-93.3082409,44.9908835],[-93.3082524,44.9897766],[-93.3082529,44.9897096],[-93.3082539,44.9896221],[-93.3082635,44.988683],[-93.3082708,44.9879802],[-93.3082716,44.9878985],[-93.3082724,44.987819],[-93.3082896,44.986161],[-93.3082903,44.9860903]],[[-93.3082218,44.9951903],[-93.3082191,44.9951069],[-93.3082335,44.9941583]],[[-93.3082631,45.0150579],[-93.3082305,45.0151107],[-93.3082366,45.016787],[-93.3082596,45.0168571]],[[-93.3082631,45.0150579],[-93.3082573,45.0149929],[-93.3082407,45.0139302],[-93.3082404,45.0137827],[-93.3082402,45.0133938],[-93.3082394,45.0132698]],[[-93.3082596,45.0168571],[-93.3083167,45.0167872],[-93.308295,45.0151122],[-93.3082631,45.0150579]],[[-93.3082889,44.9845366],[-93.308297,44.9844138]]]},"properties":{"id":"alpr-corridor-cr-2-0","layer":"alpr_corridor","name":"CR 2 — North Penn Avenue","county":"Hennepin County","state":"MN","countyFips":"27053","confidence":"probabilistic","sourceDate":null,"attributes":{"kind":"corridor","road":"CR 2","roadName":"North Penn Avenue","roadClass":"secondary","readerCount":5,"siteCount":5,"corridorMiles":5.7,"averageGapMiles":1.42,"medianGapMiles":1.6,"longestGapMiles":2.44,"countiesSpanned":2,"operatorCount":2,"operators":"Hennepin County Sheriff's Office; Minneapolis Police Department","unattributedReaders":2,"siteOffsets":"0.00;0.73;1.63;3.23;5.67","siteReaders":"1;1;1;1;1","siteLngs":"-93.308300;-93.308291;-93.308499;-93.308505;-93.262135","siteLats":"44.980857;44.991382;45.004394;45.027614;45.040924","pieceSpans":"1.59,1.73;5.42,5.44;2.98,3.27;0,0;5.63,5.64;5.42,5.63;2.48,2.98;0.24,0.25;0,0.24;1.73,2.23;1.07,1.11;0.25,0.36;5.64,5.67;1.11,1.23;1.36,1.48;1.23,1.36;1.48,1.59;0.73,0.92;0.99,1.07;0.36,0.73;0.92,0.99;2.36,2.48;2.23,2.36;2.36,2.48;0.25,0.25"}}},{"type":"Feature","geometry":{"type":"MultiLineString","coordinates":[[[-93.3060973,44.8835212],[-93.3062515,44.8835271],[-93.307378,44.8835804]],[[-93.273026,44.883472],[-93.2728753,44.8834729],[-93.2724226,44.8834758],[-93.2719213,44.8834828],[-93.271744,44.88348],[-93.2711278,44.8834909],[-93.2706326,44.8834905],[-93.27047,44.883488],[-93.2698305,44.8834859],[-93.2695152,44.8834867]],[[-93.2465053,44.883482],[-93.2461755,44.8834842]],[[-93.2473677,44.8834773],[-93.2465053,44.883482]],[[-93.3149862,44.8836189],[-93.3151433,44.883622],[-93.315517,44.883624],[-93.3156892,44.8836224],[-93.3161304,44.883626],[-93.3162618,44.8836275],[-93.3163974,44.8836278],[-93.3171053,44.8836295],[-93.3175271,44.8836305],[-93.3180601,44.8836429],[-93.31871,44.8836562],[-93.3195208,44.8836583],[-93.3202784,44.8836601],[-93.3203103,44.8836603],[-93.3204521,44.8836589]],[[-93.2579987,44.8835058],[-93.2578348,44.8835037],[-93.2573903,44.8834999],[-93.2567383,44.8834964],[-93.2562792,44.8834994],[-93.2561071,44.883499],[-93.2559422,44.8834988],[-93.2557325,44.8834984],[-93.2554808,44.883497],[-93.2550359,44.8834979],[-93.2542078,44.8834979],[-93.2537596,44.8834987],[-93.2535269,44.8834981],[-93.2531646,44.8834971],[-93.2529467,44.8834965]],[[-93.2676675,44.8834209],[-93.2675778,44.8834265],[-93.2674189,44.8834431],[-93.266663,44.8834714]],[[-93.2464979,44.8837073],[-93.2473713,44.8837002]],[[-93.2499433,44.8833973],[-93.2498584,44.8834174],[-93.2497564,44.8834465],[-93.2497156,44.8834551],[-93.2496599,44.8834668],[-93.2495729,44.8834738],[-93.2491675,44.8834731],[-93.2485877,44.8834753],[-93.2477769,44.8834783],[-93.2476348,44.8834788]],[[-93.2476286,44.8836973],[-93.2477929,44.883698],[-93.248155,44.8836996],[-93.2482464,44.8836972],[-93.2484476,44.8836919]],[[-93.2503252,44.8836368],[-93.2504397,44.8836163],[-93.2505515,44.8835843],[-93.2506708,44.883555],[-93.2508609,44.8835129]],[[-93.2506656,44.8834706],[-93.2505598,44.8834655],[-93.2504897,44.8834554],[-93.2504271,44.8834364],[-93.2503611,44.8834216]],[[-93.2910855,44.882905],[-93.2909045,44.882888],[-93.2907895,44.882878],[-93.290505,44.8828731],[-93.2902295,44.8828893],[-93.2901316,44.8829029],[-93.2899366,44.8829352],[-93.2896349,44.88301],[-93.2893742,44.8830953],[-93.2892292,44.8831391],[-93.2888847,44.8832423],[-93.2886801,44.8832785],[-93.2884733,44.8832945],[-93.2880971,44.8833043],[-93.2869615,44.8833378]],[[-93.3236946,44.883485],[-93.3232584,44.8834863],[-93.3225746,44.8834834]],[[-93.3131591,44.8836185],[-93.3137201,44.8836142],[-93.3148573,44.8836182],[-93.3149862,44.8836189]],[[-93.3093894,44.8835083],[-93.3092905,44.8835082],[-93.3089286,44.8835053],[-93.3088998,44.8835055],[-93.3087309,44.8835023]],[[-93.307675,44.8835972],[-93.3078204,44.8836024],[-93.3081183,44.883613],[-93.3084197,44.883614],[-93.3084467,44.8836139],[-93.3085678,44.883614]],[[-93.262649,44.8835133],[-93.2618912,44.8835133],[-93.2617111,44.8835133]],[[-93.2679863,44.8836794],[-93.2681358,44.8836305],[-93.2682688,44.8836104],[-93.2685774,44.8835831],[-93.2688298,44.8835566]],[[-93.2687431,44.8834849],[-93.2684468,44.8834982],[-93.2683388,44.8835025],[-93.2682587,44.8835039],[-93.268168,44.8834886],[-93.2680408,44.8834548]],[[-93.2461684,44.8837119],[-93.2464979,44.8837073]],[[-93.2488502,44.883665],[-93.2490099,44.8836477],[-93.2496022,44.8835733],[-93.2496932,44.8835665],[-93.2497313,44.8835677],[-93.2497485,44.8835682],[-93.2498076,44.883578],[-93.249881,44.8835995],[-93.2499383,44.8836227]],[[-93.3206653,44.883658],[-93.3209811,44.8836538],[-93.3212956,44.8836485],[-93.3216153,44.8836536],[-93.3225887,44.8836534],[-93.323297,44.8836561],[-93.323671,44.8836548],[-93.3242648,44.8836563],[-93.3242994,44.8836565],[-93.3245479,44.8836586]],[[-93.3290479,44.8835273],[-93.3288397,44.8835321],[-93.3285859,44.8835283],[-93.328216,44.8835228],[-93.3276046,44.8835064],[-93.3268151,44.8834961],[-93.3261042,44.883494],[-93.3259286,44.8834935]],[[-93.3273502,44.8836672],[-93.3277026,44.8836656],[-93.328147,44.8836724],[-93.3285787,44.8836805],[-93.3286682,44.8836822],[-93.3288387,44.8836817],[-93.3290502,44.8836801]],[[-93.2676667,44.8836692],[-93.2677334,44.8837014],[-93.2678112,44.8837163],[-93.2678917,44.8837123],[-93.2679659,44.8836898]],[[-93.2680026,44.8834213],[-93.2679378,44.8833898],[-93.2679114,44.8833845],[-93.2678622,44.8833746],[-93.2677837,44.8833774],[-93.2677106,44.8833977]],[[-93.2529467,44.8834965],[-93.2527491,44.8834953],[-93.2516893,44.8835142]],[[-93.2476348,44.8834788],[-93.2473677,44.8834773]],[[-93.2473713,44.8837002],[-93.2476286,44.8836973]],[[-93.3243722,44.8834862],[-93.3242736,44.8834864],[-93.3236946,44.883485]],[[-93.3259286,44.8834935],[-93.3255634,44.8834899],[-93.3245377,44.8834862],[-93.3243722,44.8834862]],[[-93.3085676,44.8835066],[-93.30845,44.883507],[-93.3082938,44.8835059],[-93.3080603,44.8835042],[-93.3079104,44.8835031],[-93.3073682,44.883478]],[[-93.3099108,44.8836138],[-93.3102817,44.8836148],[-93.3106308,44.8836076]],[[-93.2910649,44.8830176],[-93.2912463,44.8830618],[-93.2925524,44.8833772],[-93.292622,44.8833921],[-93.2927548,44.8834295],[-93.2928362,44.8834446],[-93.2929928,44.8834753],[-93.293322,44.8835154],[-93.2936196,44.8835203],[-93.2944981,44.8835004],[-93.2946497,44.8834892]],[[-93.2984638,44.8833594],[-93.298303,44.8833577],[-93.2977843,44.8833555],[-93.2971864,44.8833325]],[[-93.2845677,44.8834641],[-93.284751,44.8834632],[-93.2851089,44.8834615],[-93.2859605,44.8834576]],[[-93.2971876,44.8834552],[-93.298303,44.8834631],[-93.2984634,44.8834638]],[[-93.2933628,44.8834102],[-93.2930714,44.8833762],[-93.2928723,44.8833417],[-93.2926782,44.8832938],[-93.2917539,44.8830682],[-93.2912422,44.8829419],[-93.2910855,44.882905]],[[-93.2869615,44.8833378],[-93.2868785,44.8833274],[-93.2868196,44.8833099],[-93.2867316,44.8832852]],[[-93.2866579,44.8835337],[-93.2867722,44.8834805],[-93.2868429,44.8834596],[-93.2869705,44.8834365]],[[-93.2863372,44.8832784],[-93.2862485,44.8833005],[-93.2861628,44.8833307],[-93.2860908,44.8833463],[-93.2859608,44.8833647]],[[-93.2859605,44.8834576],[-93.2860269,44.8834498],[-93.2861068,44.8834495],[-93.2861832,44.8834503],[-93.2862422,44.8834606],[-93.2863273,44.883482]],[[-93.281963,44.8833908],[-93.2817673,44.8833905],[-93.2809487,44.8833924],[-93.2794622,44.8833893]],[[-93.2869705,44.8834365],[-93.2870456,44.8834318],[-93.2876757,44.883424],[-93.2880315,44.8834163],[-93.2884115,44.8834004],[-93.2886571,44.8833888],[-93.2888552,44.8833576],[-93.2890879,44.8833036],[-93.2893019,44.883236],[-93.2894406,44.8831914],[-93.2899862,44.883032],[-93.2901154,44.8830129]],[[-93.2788684,44.8835031],[-93.2799403,44.8834988]],[[-93.2788847,44.8834006],[-93.2787032,44.8834115],[-93.2785889,44.8833818],[-93.2784425,44.8833393]],[[-93.2784206,44.8835619],[-93.2785616,44.8835362],[-93.2786517,44.8835207],[-93.2787041,44.8835108],[-93.2788684,44.8835031]],[[-93.2780677,44.8833225],[-93.2779444,44.8833718],[-93.2778161,44.8833975],[-93.2776907,44.8834042],[-93.2772252,44.8834063]],[[-93.2969201,44.8833265],[-93.2966561,44.8833204],[-93.296455,44.8833255]],[[-93.2953832,44.883486],[-93.2964634,44.8834771]],[[-93.3060959,44.8834116],[-93.305952,44.8834061],[-93.3049737,44.8834009],[-93.3048209,44.8833995],[-93.3046783,44.8833992],[-93.3036987,44.8833933],[-93.3035476,44.8833924],[-93.3034038,44.8833913],[-93.3024313,44.8833836],[-93.302281,44.8833824],[-93.3021267,44.8833814],[-93.3011707,44.8833751],[-93.2998923,44.8833682],[-93.2997095,44.8833665],[-93.2995409,44.8833661],[-93.2987808,44.8833597]],[[-93.2654294,44.8835183],[-93.2655793,44.883561],[-93.2662811,44.8835621],[-93.2664868,44.8835621],[-93.2666674,44.883557]],[[-93.2905585,44.8829782],[-93.2906356,44.8829804],[-93.2907622,44.882984],[-93.2908985,44.8829952],[-93.2910649,44.8830176]],[[-93.2772863,44.8835108],[-93.2776092,44.8835129],[-93.2778102,44.8834961],[-93.2778919,44.8834996],[-93.2779548,44.8835132],[-93.2780591,44.8835534]],[[-93.273026,44.8835482],[-93.2731897,44.8835497],[-93.2736842,44.883539],[-93.2741531,44.8835322],[-93.2743044,44.8835346],[-93.2744724,44.8835311],[-93.2753037,44.8835313]],[[-93.2799403,44.8834988],[-93.2800283,44.8834987],[-93.2817687,44.8834767],[-93.2819651,44.8834755]],[[-93.2516893,44.8835142],[-93.2512165,44.8835131]],[[-93.2661764,44.8834808],[-93.2655803,44.8834799],[-93.2654294,44.8835183]],[[-93.2666674,44.883557],[-93.2670895,44.8835469],[-93.2672684,44.8835481],[-93.2673721,44.8835519],[-93.2674117,44.8835572],[-93.2674902,44.8835786],[-93.2675564,44.883609],[-93.2676438,44.8836513]],[[-93.3217327,44.8834847],[-93.32101,44.8834892],[-93.3209833,44.8834906],[-93.3207539,44.8834959]],[[-93.2946498,44.8833607],[-93.2944806,44.8833665],[-93.2937511,44.8834089],[-93.2933628,44.8834102]],[[-93.2964634,44.8834771],[-93.2966576,44.8834709],[-93.2971876,44.8834552]],[[-93.3120895,44.8836197],[-93.3122968,44.8836197],[-93.3123255,44.8836196],[-93.3124477,44.8836227]],[[-93.2946497,44.8834892],[-93.2951802,44.8834842],[-93.2953832,44.883486]],[[-93.2508609,44.8835129],[-93.2506656,44.8834706]],[[-93.2971864,44.8833325],[-93.2969201,44.8833265]],[[-93.2768636,44.8835236],[-93.2770425,44.8835252],[-93.2772318,44.8835129],[-93.2772863,44.8835108]],[[-93.307378,44.8835804],[-93.307675,44.8835972]],[[-93.3085678,44.883614],[-93.308733,44.8836077]],[[-93.2772252,44.8834063],[-93.2770405,44.8834102],[-93.2768623,44.8834182]],[[-93.3111812,44.8835186],[-93.3103583,44.8835142]],[[-93.3103583,44.8835142],[-93.3099135,44.8835083]],[[-93.3099135,44.8835083],[-93.3093894,44.8835083]],[[-93.3087309,44.8835023],[-93.3085676,44.8835066]],[[-93.3205259,44.8834921],[-93.3203287,44.8834888],[-93.3194587,44.8835012],[-93.3187931,44.8835167],[-93.31822,44.883526],[-93.3178532,44.8835349],[-93.3175267,44.8835377],[-93.3169651,44.8835358],[-93.3167814,44.8835359],[-93.3163959,44.8835349],[-93.3162613,44.8835361],[-93.3161269,44.8835345],[-93.3155145,44.8835328],[-93.3151408,44.8835318],[-93.3149857,44.8835301]],[[-93.296455,44.8833255],[-93.2953793,44.8833315]],[[-93.2953793,44.8833315],[-93.2951807,44.8833316],[-93.2948883,44.8833456]],[[-93.2948883,44.8833456],[-93.2946498,44.8833607]],[[-93.3225746,44.8834834],[-93.3223441,44.8834844]],[[-93.3223441,44.8834844],[-93.3219723,44.8834827]],[[-93.3219723,44.8834827],[-93.3217327,44.8834847]],[[-93.3207539,44.8834959],[-93.3205259,44.8834921]],[[-93.3204521,44.8836589],[-93.3206653,44.883658]],[[-93.2901154,44.8830129],[-93.2902661,44.8829947],[-93.2903563,44.8829856],[-93.2905585,44.8829782]],[[-93.2984634,44.8834638],[-93.2986138,44.8834667],[-93.2993819,44.8834742]],[[-93.2993819,44.8834742],[-93.2995383,44.8834736],[-93.2997237,44.8834772]],[[-93.2997237,44.8834772],[-93.2998916,44.8834769],[-93.3010047,44.8834831],[-93.3011711,44.8834836],[-93.3019359,44.8834902]],[[-93.3019359,44.8834902],[-93.3021287,44.8834918],[-93.3022811,44.8834934]],[[-93.3022811,44.8834934],[-93.302432,44.8834944],[-93.3031117,44.8835011]],[[-93.3031117,44.8835011],[-93.3034057,44.8835029],[-93.3035485,44.8835043]],[[-93.3035485,44.8835043],[-93.3036992,44.8835028],[-93.3044975,44.8835064]],[[-93.3044975,44.8835064],[-93.3046813,44.8835069],[-93.3048217,44.8835081]],[[-93.3048217,44.8835081],[-93.3049726,44.883509],[-93.3057517,44.8835175]],[[-93.3057517,44.8835175],[-93.3059527,44.8835197],[-93.3060973,44.8835212]],[[-93.3259332,44.8836647],[-93.3261049,44.883665],[-93.3273502,44.8836672]],[[-93.3106308,44.8836076],[-93.3111817,44.8836044]],[[-93.308733,44.8836077],[-93.3088923,44.8836092],[-93.3096013,44.883613]],[[-93.3096013,44.883613],[-93.3099108,44.8836138]],[[-93.2859608,44.8833647],[-93.2847523,44.8833715],[-93.2845648,44.8833753]],[[-93.282583,44.8833831],[-93.2821441,44.8833903],[-93.281963,44.8833908]],[[-93.2794622,44.8833893],[-93.2791532,44.8833954]],[[-93.2791532,44.8833954],[-93.2788847,44.8834006]],[[-93.2691782,44.8834863],[-93.2687431,44.8834849]],[[-93.2819651,44.8834755],[-93.2821475,44.8834748],[-93.2827579,44.8834724]],[[-93.2827579,44.8834724],[-93.2829776,44.8834715],[-93.2832032,44.8834703],[-93.2833903,44.8834696]],[[-93.2833903,44.8834696],[-93.2839836,44.8834668]],[[-93.2839836,44.8834668],[-93.2845677,44.8834641]],[[-93.3124472,44.8835177],[-93.3123221,44.8835183],[-93.3111812,44.8835186]],[[-93.3131624,44.883526],[-93.3128601,44.8835194]],[[-93.3111817,44.8836044],[-93.3120895,44.8836197]],[[-93.3149857,44.8835301],[-93.314855,44.8835299],[-93.3137197,44.8835278],[-93.3131624,44.883526]],[[-93.3128601,44.8835194],[-93.3126213,44.8835184],[-93.3125814,44.8835182],[-93.3124472,44.8835177]],[[-93.3124477,44.8836227],[-93.3125828,44.8836237],[-93.3131591,44.8836185]],[[-93.2597358,44.8835193],[-93.2598482,44.8835458],[-93.2602986,44.8835466],[-93.2608661,44.8835418]],[[-93.2609726,44.883512],[-93.260865,44.8834866],[-93.2604738,44.8834832],[-93.2602964,44.8834843],[-93.2598546,44.8834883],[-93.2597358,44.8835193]],[[-93.2617111,44.8835133],[-93.2609726,44.883512]],[[-93.2597358,44.8835193],[-93.2592329,44.8835167]],[[-93.2608661,44.8835418],[-93.2609726,44.883512]],[[-93.2509903,44.8835125],[-93.2508609,44.8835129]],[[-93.2484476,44.8836919],[-93.2484724,44.8836913],[-93.2488502,44.883665]],[[-93.2845648,44.8833753],[-93.2833884,44.8833779],[-93.2832015,44.8833781],[-93.282583,44.8833831]],[[-93.2654294,44.8835183],[-93.2641785,44.8835111]],[[-93.2987808,44.8833597],[-93.2986132,44.8833583],[-93.2984638,44.8833594]],[[-93.3073682,44.883478],[-93.3064332,44.8834289]],[[-93.3064332,44.8834289],[-93.306259,44.8834198],[-93.3060959,44.8834116]],[[-93.2592329,44.8835167],[-93.2587558,44.8835104],[-93.2585186,44.8835106],[-93.2583951,44.8835081]],[[-93.2583951,44.8835081],[-93.2581403,44.8835071],[-93.2579987,44.8835058]],[[-93.2512165,44.8835131],[-93.2509903,44.8835125]],[[-93.275589,44.883457],[-93.2754289,44.883458],[-93.2744726,44.883464],[-93.274307,44.883465],[-93.2741536,44.8834658],[-93.2736868,44.8834684],[-93.2732839,44.8834706]],[[-93.2732839,44.8834706],[-93.2731891,44.8834711],[-93.273026,44.883472]],[[-93.2768623,44.8834182],[-93.2766941,44.8834233],[-93.2762806,44.8834359],[-93.2759303,44.8834466]],[[-93.2759303,44.8834466],[-93.2757513,44.883452],[-93.275589,44.883457]],[[-93.2755915,44.8835311],[-93.275749,44.8835333],[-93.2764199,44.883528]],[[-93.2753037,44.8835313],[-93.2754284,44.8835313],[-93.2755915,44.8835311]],[[-93.266663,44.8834714],[-93.266494,44.8834772],[-93.2662793,44.883481],[-93.2661764,44.8834808]],[[-93.2633388,44.8835117],[-93.2631369,44.8835129],[-93.2629514,44.8835133]],[[-93.2629514,44.8835133],[-93.262649,44.8835133]],[[-93.2688298,44.8835566],[-93.2691815,44.8835504]],[[-93.2695152,44.8834867],[-93.2693548,44.8834862],[-93.2691782,44.8834863]],[[-93.2691815,44.8835504],[-93.2693539,44.883553],[-93.2701496,44.8835545]],[[-93.2701496,44.8835545],[-93.2704659,44.8835535]],[[-93.2641785,44.8835111],[-93.2634196,44.8835116],[-93.2633388,44.8835117]],[[-93.2704659,44.8835535],[-93.2706305,44.8835534],[-93.2708176,44.8835525],[-93.2714602,44.8835478]],[[-93.2714602,44.8835478],[-93.2717434,44.8835457]],[[-93.2717434,44.8835457],[-93.2719226,44.8835458],[-93.2726614,44.8835482]],[[-93.2726614,44.8835482],[-93.2728747,44.8835489],[-93.273026,44.8835482]],[[-93.2764199,44.883528],[-93.2766996,44.8835258],[-93.2768636,44.8835236]],[[-93.3245479,44.8836586],[-93.324929,44.8836603],[-93.3259332,44.8836647]]]},"properties":{"id":"alpr-corridor-cr-53-3","layer":"alpr_corridor","name":"CR 53 — West 66th Street","county":"Hennepin County","state":"MN","countyFips":"27053","confidence":"probabilistic","sourceDate":null,"attributes":{"kind":"corridor","road":"CR 53","roadName":"West 66th Street","roadClass":"secondary","readerCount":5,"siteCount":4,"corridorMiles":3.9,"averageGapMiles":1.29,"medianGapMiles":1.87,"longestGapMiles":1.96,"countiesSpanned":1,"operatorCount":1,"operators":"Edina Police Department","unattributedReaders":4,"siteOffsets":"0.00;0.06;1.93;3.88","siteReaders":"1;1;2;1","siteLngs":"-93.327339;-93.326088;-93.287982;-93.248045","siteLats":"44.883392;44.883399;44.883230;44.883783","pieceSpans":"0.98,1.04;2.66,2.83;3.88,3.88;3.88,3.88;0.34,0.6;3.39,3.64;2.92,2.97;3.88,3.88;3.79,3.88;3.86,3.88;3.74,3.77;3.75,3.77;1.77,1.98;0.18,0.23;0.6,0.69;0.88,0.91;0.92,0.96;3.17,3.21;2.86,2.91;2.87,2.9;3.88,3.88;3.79,3.84;0.14,0.33;0,0.07;0,0;2.91,2.92;2.9,2.92;3.64,3.7;3.88,3.88;3.88,3.88;0.15,0.18;0.07,0.15;0.92,0.98;0.82,0.85;1.6,1.78;1.41,1.48;2.03,2.09;1.41,1.48;1.66,1.77;1.98,1.99;1.98,1.99;2.01,2.03;2.01,2.03;2.22,2.34;1.82,1.98;2.32,2.37;2.37,2.39;2.37,2.4;2.41,2.45;1.49,1.51;1.51,1.56;1.04,1.4;2.97,3.03;1.78,1.8;2.41,2.45;2.55,2.66;2.22,2.32;3.7,3.73;2.99,3.03;2.92,2.97;0.27,0.32;1.6,1.66;1.48,1.51;0.73,0.75;1.56,1.6;3.74,3.75;1.48,1.49;2.45,2.47;0.96,0.98;0.91,0.92;2.45,2.47;0.79,0.83;0.83,0.85;0.85,0.88;0.91,0.92;0.33,0.6;1.51,1.56;1.56,1.59;1.59,1.6;0.23,0.24;0.24,0.26;0.26,0.27;0.32,0.33;0.33,0.34;1.8,1.82;1.37,1.41;1.35,1.37;1.24,1.35;1.23,1.24;1.19,1.23;1.16,1.19;1.12,1.16;1.1,1.12;1.06,1.1;1.04,1.06;0,0.07;0.79,0.82;0.87,0.91;0.85,0.87;2.03,2.09;2.19,2.22;2.34,2.36;2.36,2.37;2.85,2.87;2.18,2.22;2.15,2.18;2.12,2.15;2.09,2.12;0.73,0.79;0.69,0.71;0.75,0.79;0.6,0.69;0.71,0.73;0.69,0.73;3.25,3.31;3.25,3.31;3.21,3.25;3.31,3.33;3.25,3.25;3.74,3.74;3.84,3.86;2.09,2.19;3.03,3.09;1.4,1.41;0.98,1.02;1.02,1.04;3.33,3.38;3.38,3.39;3.73,3.74;2.53,2.65;2.65,2.66;2.47,2.52;2.52,2.53;2.49,2.53;2.53,2.55;2.97,2.99;3.13,3.15;3.15,3.17;2.85,2.86;2.83,2.85;2.8,2.85;2.78,2.8;3.09,3.13;2.74,2.78;2.72,2.74;2.68,2.72;2.66,2.68;2.47,2.49;0.07,0.14"}}},{"type":"Feature","geometry":{"type":"MultiLineString","coordinates":[[[-93.3288401,44.8782479],[-93.3288367,44.878564],[-93.3288342,44.8787935],[-93.3288282,44.8793656],[-93.3288256,44.8796146],[-93.328824,44.879729]],[[-93.3290581,44.8872719],[-93.3290735,44.8866855]],[[-93.3290735,44.8857056],[-93.3290717,44.8855927],[-93.3290612,44.8849242],[-93.3290608,44.8848714],[-93.3290567,44.8843968],[-93.3290546,44.8841462],[-93.3290535,44.8838549],[-93.3290502,44.8836801],[-93.3290479,44.8835273],[-93.3290491,44.8833628],[-93.3290502,44.8832041],[-93.3290573,44.8828018],[-93.3290707,44.882053],[-93.3290755,44.881973],[-93.3290906,44.8810845],[-93.3290906,44.8807121],[-93.3290906,44.8799532],[-93.3290787,44.8798192],[-93.3290789,44.879803],[-93.3290799,44.8797315],[-93.3290831,44.8794916],[-93.3290906,44.8789337],[-93.3290906,44.8787916],[-93.3290906,44.8782477]],[[-93.3288514,44.8866934],[-93.3288693,44.8872779]],[[-93.3288693,44.8872779],[-93.3288661,44.8873766]],[[-93.3289613,44.888463],[-93.3289957,44.8882806],[-93.32903,44.8879461],[-93.3290472,44.8877272]],[[-93.3290396,44.9007028],[-93.3290396,44.9005739]],[[-93.3290319,44.8980662],[-93.3290318,44.8980067],[-93.3290311,44.8972636],[-93.329002,44.894451],[-93.329002,44.893795],[-93.329002,44.89249],[-93.3289977,44.8914887]],[[-93.3290638,44.9305607],[-93.3290641,44.9304874],[-93.3290706,44.9288171],[-93.329071,44.928753],[-93.3291026,44.9270637],[-93.3290995,44.9269475]],[[-93.3290025,44.9053204],[-93.3290019,44.9052544],[-93.329002,44.9050013],[-93.3290009,44.904934],[-93.3289981,44.9047876],[-93.3289951,44.9044284],[-93.328995,44.9044173],[-93.3289964,44.9043827],[-93.3290106,44.9040404],[-93.3290332,44.9034963],[-93.3290377,44.9022263],[-93.3290396,44.9017024],[-93.3290413,44.9012386],[-93.3290418,44.9010895],[-93.3290396,44.9007028]],[[-93.3288431,44.8860357],[-93.3288439,44.8862515],[-93.3288481,44.8865918],[-93.3288492,44.8866786]],[[-93.3290735,44.8866855],[-93.3290681,44.8866337]],[[-93.3290906,44.8782477],[-93.3290906,44.8780627]],[[-93.3288422,44.8780589],[-93.3288401,44.8782479]],[[-93.3288514,44.8763392],[-93.3288459,44.8765417],[-93.3288514,44.8772122],[-93.3288503,44.8773092],[-93.3288467,44.8776411],[-93.3288437,44.8779705],[-93.3288422,44.8780589]],[[-93.3288514,44.8751287],[-93.3288514,44.8751936],[-93.328856,44.8753255],[-93.3288514,44.8758443],[-93.3288635,44.8761476],[-93.3288514,44.8763392]],[[-93.3290887,44.8763374],[-93.3290921,44.8761453],[-93.3290825,44.8759266],[-93.3290821,44.8753613],[-93.3290768,44.8749913]],[[-93.3290906,44.8780627],[-93.3290913,44.8779756],[-93.3290906,44.877563],[-93.3290906,44.8774193],[-93.3290896,44.8767961],[-93.3290788,44.8765395],[-93.3290887,44.8763374]],[[-93.3290407,44.9125409],[-93.3290412,44.9124667],[-93.3290356,44.9119704],[-93.329032,44.9116449],[-93.3290273,44.9112468],[-93.3290376,44.9108102],[-93.3290366,44.910739],[-93.3290385,44.9106759],[-93.3290384,44.9105368],[-93.3290356,44.909686],[-93.3290344,44.9093345],[-93.3290332,44.908972],[-93.329033,44.9089155]],[[-93.3290735,44.8862554],[-93.3290735,44.8861853],[-93.3290735,44.8858645],[-93.3290735,44.8858137],[-93.3290735,44.8857944],[-93.3290735,44.8857056]],[[-93.3288492,44.8866786],[-93.3288514,44.8866934]],[[-93.3290544,44.8873536],[-93.3290581,44.8872719]],[[-93.3288661,44.8873766],[-93.3288664,44.8874642],[-93.3288669,44.8875874],[-93.3288841,44.8877698],[-93.3289012,44.8879401],[-93.3289098,44.8881225],[-93.3289184,44.8882745],[-93.3289613,44.888463]],[[-93.328995,44.89085],[-93.3289944,44.890771],[-93.328979,44.888852],[-93.3289613,44.888463]],[[-93.3288235,44.8797974],[-93.3288256,44.8810499],[-93.3288411,44.8819773],[-93.3288428,44.8820777],[-93.3288399,44.8824388],[-93.3288342,44.8831663],[-93.3288372,44.8833644],[-93.3288397,44.8835321],[-93.3288387,44.8836817],[-93.3288373,44.8838554],[-93.3288509,44.8840134],[-93.3288478,44.8842094],[-93.3288431,44.8850192],[-93.328845,44.8851531]],[[-93.328824,44.879729],[-93.3288235,44.879767]],[[-93.3288235,44.879767],[-93.3288235,44.8797974]],[[-93.3289977,44.8914887],[-93.328997,44.8913252]],[[-93.328997,44.8913252],[-93.3289963,44.8911606]],[[-93.3289963,44.8911606],[-93.328995,44.89085]],[[-93.3290472,44.8877272],[-93.3290482,44.887685],[-93.3290527,44.887445],[-93.3290544,44.8873536]],[[-93.3290494,44.9324308],[-93.3290499,44.9323705]],[[-93.3290499,44.9323705],[-93.3290496,44.9323059],[-93.3290629,44.9306788],[-93.3290632,44.9306393],[-93.3290638,44.9305607]],[[-93.3290681,44.8866337],[-93.3290691,44.8865633],[-93.3290735,44.8862554]],[[-93.3290083,44.9067027],[-93.3290067,44.9063215],[-93.3290055,44.9060473],[-93.3290042,44.9057321],[-93.3290028,44.9053952],[-93.3290025,44.9053204]],[[-93.3291009,44.9225914],[-93.3291013,44.922512],[-93.3291104,44.9220715],[-93.3291127,44.9219794],[-93.3291146,44.921888],[-93.3291152,44.9216919],[-93.3291171,44.9215207],[-93.3291176,44.9211009],[-93.3291191,44.9210593],[-93.3291184,44.9208102],[-93.3291155,44.9205145],[-93.3291182,44.9204159],[-93.3291213,44.9202988],[-93.3291222,44.9202652],[-93.329125,44.9201579],[-93.3291167,44.91972],[-93.3291158,44.9196731],[-93.3291042,44.9191366],[-93.3291025,44.9189347],[-93.3291074,44.9179207],[-93.3290871,44.9161279],[-93.3290828,44.9156112],[-93.3290812,44.9154218],[-93.3290794,44.9152129],[-93.3290768,44.9148957],[-93.3290721,44.9143338],[-93.3290644,44.9139232],[-93.3290636,44.9138801],[-93.3290574,44.9135569],[-93.3290565,44.9135136],[-93.3290555,44.9134697],[-93.3290401,44.9126196],[-93.3290407,44.9125409]],[[-93.329033,44.9089155],[-93.3290322,44.9088556],[-93.3290124,44.9072978],[-93.32901,44.907112],[-93.3290083,44.9067027]],[[-93.3288412,44.8854019],[-93.3288403,44.885579],[-93.3288402,44.8856014],[-93.3288397,44.8857061]],[[-93.3288397,44.8857061],[-93.3288406,44.8857962],[-93.3288431,44.8860357]],[[-93.328845,44.8851531],[-93.3288412,44.8854019]],[[-93.3290396,44.9005739],[-93.3290241,44.8998839],[-93.3290236,44.8995822],[-93.3290292,44.8985681]],[[-93.3290292,44.8985681],[-93.3290315,44.8981548],[-93.3290319,44.8980662]],[[-93.3290995,44.9269475],[-93.3290978,44.9268837],[-93.3290875,44.9264679],[-93.3290992,44.9252447],[-93.3290975,44.9250734],[-93.3290991,44.9249117],[-93.3290948,44.9240705],[-93.3290979,44.923667],[-93.3290984,44.9235988],[-93.3291064,44.9234081],[-93.3291072,44.9228578],[-93.3291069,44.9226651],[-93.3291043,44.9226329],[-93.3291009,44.9225914]]]},"properties":{"id":"alpr-corridor-cr-17-4","layer":"alpr_corridor","name":"CR 17 — France Avenue South","county":"Hennepin County","state":"MN","countyFips":"27053","confidence":"probabilistic","sourceDate":null,"attributes":{"kind":"corridor","road":"CR 17","roadName":"France Avenue South","roadClass":"secondary","readerCount":5,"siteCount":4,"corridorMiles":3.7,"averageGapMiles":1.23,"medianGapMiles":0.18,"longestGapMiles":3.36,"countiesSpanned":1,"operatorCount":1,"operators":"Edina Police Department","unattributedReaders":3,"siteOffsets":"0.00;3.36;3.52;3.69","siteReaders":"1;1;2;1","siteLngs":"-93.329197;-93.328697;-93.328569;-93.328713","siteLats":"44.930701;44.882031;44.879814;44.877270","pieceSpans":"3.52,3.62;3,3.04;3.11,3.63;3,3.04;2.99,3;2.92,2.97;2.07,2.08;2.25,2.71;0.01,0.26;1.75,2.07;3.04,3.09;3.04,3.04;3.63,3.64;3.62,3.64;3.64,3.69;3.69,3.69;3.69,3.69;3.64,3.69;1.25,1.51;3.07,3.11;3.04,3.04;3,3;2.92,2.99;2.75,2.92;3.15,3.52;3.52,3.52;3.52,3.52;2.71,2.72;2.72,2.73;2.73,2.75;2.97,3;0,0;0,0.01;3.04,3.07;1.66,1.75;0.56,1.25;1.51,1.66;3.11,3.13;3.09,3.11;3.13,3.15;2.08,2.22;2.22,2.25;0.26,0.56"}}},{"type":"Feature","geometry":{"type":"MultiLineString","coordinates":[[[-93.3215572,45.0596592],[-93.3205907,45.0592831],[-93.3204242,45.059228]],[[-93.3248419,45.0602771],[-93.3250304,45.0602696],[-93.3259359,45.0602605],[-93.3260672,45.0602267]],[[-93.3995693,45.057772],[-93.3992168,45.0577349],[-93.3989573,45.057707],[-93.3986221,45.057681],[-93.3983212,45.0576664],[-93.3979939,45.0576614],[-93.397665,45.0576664],[-93.3974038,45.0576725],[-93.3972002,45.0576709],[-93.3968796,45.0576992],[-93.3965091,45.0577486],[-93.3959348,45.0578557],[-93.3955629,45.0579174],[-93.3949076,45.0580201],[-93.3947431,45.0580455]],[[-93.3404354,45.0582487],[-93.3406315,45.0572706]],[[-93.38046,45.0551471],[-93.3805923,45.05519],[-93.3808807,45.0552835],[-93.3811249,45.0553652],[-93.3815356,45.0554941],[-93.3818709,45.0556112],[-93.3820294,45.0556269]],[[-93.3288485,45.0601965],[-93.3297425,45.0601841],[-93.330445,45.0601783],[-93.3327273,45.0601554],[-93.3329234,45.0601549],[-93.3335335,45.0601437],[-93.3343966,45.0601378],[-93.3346225,45.0601332],[-93.3355445,45.0601234]],[[-93.3125022,45.0592467],[-93.312803,45.0592483],[-93.3134931,45.0592507],[-93.3136815,45.0592512]],[[-93.32032,45.0593924],[-93.3204963,45.0594286],[-93.3209684,45.0595923],[-93.3210454,45.0596238],[-93.3214576,45.0597924],[-93.3215777,45.0598379],[-93.3219211,45.0599682],[-93.3221786,45.0600652],[-93.322367,45.0601229],[-93.3224361,45.060144],[-93.3226163,45.0601804],[-93.322891,45.060235],[-93.323097,45.0602653],[-93.3233202,45.0602895],[-93.3235176,45.0602956],[-93.323715,45.0603017],[-93.3238925,45.0602981]],[[-93.3141427,45.0592512],[-93.3143838,45.0592525]],[[-93.313678,45.0590012],[-93.3130519,45.0589998],[-93.3128065,45.0590138],[-93.3118669,45.0590051],[-93.3105364,45.0590065],[-93.3103036,45.0589986],[-93.31015,45.0589922],[-93.3099145,45.0589708]],[[-93.314385,45.0590024],[-93.3141428,45.0590013]],[[-93.3186467,45.0592707],[-93.3191488,45.0592722],[-93.3193845,45.0592767],[-93.3196235,45.0592897],[-93.3198681,45.0593184],[-93.3200315,45.0593458],[-93.3201567,45.0593654],[-93.32032,45.0593924]],[[-93.3163873,45.059009],[-93.3152864,45.0589982],[-93.314385,45.0590024]],[[-93.3240699,45.0602945],[-93.3245019,45.0602829],[-93.3246393,45.0602797]],[[-93.3141428,45.0590013],[-93.3140051,45.059001],[-93.3138639,45.0590002]],[[-93.3138652,45.059249],[-93.3139989,45.0592504],[-93.3141427,45.0592512]],[[-93.3967884,45.0578475],[-93.3970115,45.0578172],[-93.3972077,45.0578033],[-93.3974701,45.0577845],[-93.3977114,45.0577723],[-93.3979496,45.0577651],[-93.3983076,45.0577626],[-93.398539,45.0577737],[-93.3988174,45.0577894],[-93.3994082,45.057845],[-93.3998606,45.0578936]],[[-93.390595,45.0576417],[-93.390425,45.0576107],[-93.3900878,45.0575491],[-93.3891866,45.0573733],[-93.3889882,45.0573334],[-93.3886693,45.0573122]],[[-93.3204242,45.059228],[-93.3203161,45.0591922],[-93.3199985,45.0591133],[-93.3197753,45.059083],[-93.3196587,45.0590672],[-93.3195522,45.0590527],[-93.3192861,45.0590345],[-93.3186853,45.0590163],[-93.3183633,45.0590134]],[[-93.3143838,45.0592525],[-93.3152606,45.0592528],[-93.3159759,45.0592599]],[[-93.366243,45.0547238],[-93.3674726,45.0547253]],[[-93.3799339,45.054849],[-93.3796852,45.0547722],[-93.3794819,45.0547276],[-93.3792089,45.0546832],[-93.3790138,45.0546642],[-93.378834,45.0546554],[-93.3785611,45.0546824]],[[-93.3624388,45.0545919],[-93.3623001,45.0545872],[-93.3620212,45.0545781],[-93.3615219,45.0545669],[-93.3611255,45.0545441],[-93.3608995,45.0545362]],[[-93.3098001,45.0590973],[-93.3101837,45.0591468],[-93.3103729,45.0591691]],[[-93.3545101,45.0546352],[-93.3547439,45.0546355],[-93.3550239,45.0546359],[-93.3551047,45.054636]],[[-93.3569539,45.0547329],[-93.356981,45.054733],[-93.3574625,45.0547305],[-93.35783,45.0547131],[-93.3580286,45.0547093]],[[-93.3696822,45.054692],[-93.3700751,45.0546901],[-93.3703582,45.0546927],[-93.3706076,45.054694],[-93.3709603,45.0546962],[-93.3714242,45.054691],[-93.3720213,45.0546894]],[[-93.3670256,45.0546043],[-93.3667231,45.054605],[-93.3658525,45.0546046],[-93.3657259,45.0546054]],[[-93.3794086,45.0548363],[-93.3794878,45.054851],[-93.3796852,45.0549056],[-93.3797595,45.0549274],[-93.3801401,45.0550389],[-93.3803301,45.0551032],[-93.38046,45.0551471]],[[-93.381167,45.0552466],[-93.3807151,45.0550996],[-93.3805952,45.0550608],[-93.3804599,45.0550169]],[[-93.3886693,45.0573122],[-93.3889383,45.0574245],[-93.3891609,45.0574763],[-93.3897102,45.0575915],[-93.3898944,45.0576289]],[[-93.3820294,45.0556269],[-93.3820934,45.0556535],[-93.3828187,45.0559904],[-93.3829594,45.0560546],[-93.3832732,45.0561966],[-93.3835501,45.0563125],[-93.3837833,45.0563908],[-93.3839477,45.0564405],[-93.3841009,45.0564774],[-93.3844029,45.0565356],[-93.3847269,45.0565882],[-93.3851377,45.056646],[-93.3856231,45.0567152],[-93.3862818,45.0568095],[-93.386648,45.0568653],[-93.3871214,45.0569405],[-93.3874166,45.0570032],[-93.3877126,45.0570762],[-93.3880329,45.0571648],[-93.3886693,45.0573122]],[[-93.3720213,45.0546894],[-93.3722367,45.0546872]],[[-93.3722367,45.0546872],[-93.3728489,45.0546941],[-93.3729239,45.0546931],[-93.3733867,45.0546963],[-93.3740736,45.0546992],[-93.374449,45.0546989],[-93.374771,45.0547005],[-93.3752589,45.0546996],[-93.3754608,45.054701],[-93.3756596,45.0547003],[-93.3759281,45.0546978],[-93.3759784,45.0546968],[-93.3767704,45.0546896]],[[-93.3637395,45.0547152],[-93.3644979,45.0547179],[-93.3654949,45.054721],[-93.3656383,45.0547215]],[[-93.3580286,45.0547093],[-93.3583525,45.0546993]],[[-93.3561843,45.0546049],[-93.3560909,45.0546076],[-93.3552035,45.0546332],[-93.3551047,45.054636]],[[-93.3248177,45.0601656],[-93.3246102,45.0601707]],[[-93.3172213,45.0590171],[-93.3170531,45.0590155],[-93.3163873,45.059009]],[[-93.3820294,45.0556269],[-93.3819242,45.0555339],[-93.3817279,45.0554513],[-93.3814698,45.0553514],[-93.3813674,45.0553118],[-93.381167,45.0552466]],[[-93.3804599,45.0550169],[-93.3803267,45.0549691],[-93.3800972,45.0548995],[-93.3799339,45.054849]],[[-93.3138639,45.0590002],[-93.313678,45.0590012]],[[-93.3905743,45.0577671],[-93.3907314,45.0577968],[-93.3915676,45.0579547]],[[-93.3915676,45.0579547],[-93.3918593,45.0580101]],[[-93.3918593,45.0580101],[-93.392605,45.0581479],[-93.3929407,45.0582002],[-93.3931055,45.0582207],[-93.3932928,45.0582367],[-93.3934524,45.0582463],[-93.3936467,45.0582529],[-93.3938597,45.0582512],[-93.3939962,45.0582466],[-93.3940603,45.0582416]],[[-93.3940603,45.0582416],[-93.394345,45.0582232],[-93.3945799,45.0581937],[-93.3947768,45.0581658]],[[-93.3947768,45.0581658],[-93.3949574,45.058138],[-93.3956125,45.0580294],[-93.3963506,45.0579081],[-93.3967884,45.0578475]],[[-93.3093321,45.0590324],[-93.3098001,45.0590973]],[[-93.3246393,45.0602797],[-93.3248419,45.0602771]],[[-93.3246102,45.0601707],[-93.3244779,45.0601769],[-93.3241626,45.0601863],[-93.3240761,45.0601863]],[[-93.3240761,45.0601863],[-93.3239896,45.0601863],[-93.3238406,45.0601874],[-93.3237951,45.0601862]],[[-93.3237951,45.0601862],[-93.3236769,45.060183],[-93.3235054,45.060177],[-93.3234227,45.0601701]],[[-93.3234227,45.0601701],[-93.3233287,45.0601622],[-93.3231602,45.0601396],[-93.3229182,45.0600962],[-93.3227279,45.0600591],[-93.3225477,45.0600167],[-93.3223331,45.05995],[-93.3219768,45.0598208]],[[-93.3219768,45.0598208],[-93.3218198,45.0597604],[-93.3216035,45.0596772],[-93.3215572,45.0596592]],[[-93.365524,45.0546031],[-93.3654016,45.0546023],[-93.3651102,45.0546005],[-93.3641612,45.0545949],[-93.3637807,45.0545903],[-93.3632656,45.0545909]],[[-93.3632656,45.0545909],[-93.3625654,45.0545917],[-93.3624388,45.0545919]],[[-93.3601827,45.0545174],[-93.3590086,45.0545114],[-93.3587797,45.0545138],[-93.358395,45.0545286],[-93.3582117,45.0545374]],[[-93.3606244,45.0545266],[-93.3604513,45.0545206],[-93.3601827,45.0545174]],[[-93.3601871,45.0546852],[-93.3612286,45.0546962]],[[-93.3583525,45.0546993],[-93.3585212,45.0546882],[-93.3588876,45.0546783],[-93.3590581,45.0546792],[-93.3592782,45.0546804]],[[-93.359666,45.0546825],[-93.3601871,45.0546852]],[[-93.3592782,45.0546804],[-93.3594205,45.0546812],[-93.359666,45.0546825]],[[-93.3612286,45.0546962],[-93.362299,45.0547078],[-93.362427,45.0547092]],[[-93.362427,45.0547092],[-93.3625636,45.0547098],[-93.3637395,45.0547152]],[[-93.3656383,45.0547215],[-93.3658457,45.0547213],[-93.3659627,45.054723],[-93.366243,45.0547238]],[[-93.3785611,45.0546824],[-93.3788217,45.054756],[-93.3789734,45.0547688],[-93.3791712,45.0547931],[-93.3793075,45.0548171],[-93.3793703,45.0548292],[-93.3794086,45.0548363]],[[-93.3582117,45.0545374],[-93.3579954,45.0545495],[-93.3578993,45.0545549]],[[-93.3578993,45.0545549],[-93.3577302,45.0545576],[-93.3572272,45.0545864],[-93.3568109,45.0545976],[-93.3565331,45.0546008]],[[-93.3565331,45.0546008],[-93.3565168,45.054601],[-93.3563149,45.0546034],[-93.3561843,45.0546049]],[[-93.3254591,45.0601519],[-93.3249964,45.0601616],[-93.3248177,45.0601656]],[[-93.3238925,45.0602981],[-93.3240699,45.0602945]],[[-93.3172133,45.0592627],[-93.3173729,45.059267],[-93.3186467,45.0592707]],[[-93.3898944,45.0576289],[-93.3900783,45.0576663],[-93.3904262,45.057737],[-93.3905743,45.0577671]],[[-93.3136815,45.0592512],[-93.3138652,45.059249]],[[-93.3160668,45.0592609],[-93.3170505,45.0592637],[-93.3172133,45.0592627]],[[-93.3159759,45.0592599],[-93.3160668,45.0592609]],[[-93.3696822,45.054692],[-93.3694559,45.0546495],[-93.3692822,45.0546439],[-93.3687935,45.0546178]],[[-93.3684375,45.0546121],[-93.3683353,45.0546128]],[[-93.3687935,45.0546178],[-93.3684375,45.0546121]],[[-93.3683353,45.0546128],[-93.3670256,45.0546043]],[[-93.3657259,45.0546054],[-93.365524,45.0546031]],[[-93.3684075,45.0547307],[-93.3690294,45.0547314],[-93.3691987,45.0547312],[-93.3694025,45.0547313],[-93.3694518,45.0547307],[-93.3696822,45.054692]],[[-93.3674726,45.0547253],[-93.3676094,45.0547253],[-93.3678943,45.0547262],[-93.3684075,45.0547307]],[[-93.3608995,45.0545362],[-93.3606244,45.0545266]],[[-93.3178793,45.059009],[-93.3173865,45.0590213],[-93.3172213,45.0590171]],[[-93.3183633,45.0590134],[-93.3178793,45.059009]],[[-93.3551047,45.054636],[-93.3552047,45.0546448],[-93.3552428,45.0546481],[-93.3557421,45.0546919]],[[-93.3557421,45.0546919],[-93.3560807,45.0547216],[-93.3561851,45.0547307]],[[-93.3561851,45.0547307],[-93.3563306,45.0547311],[-93.3569539,45.0547329]],[[-93.3103729,45.0591691],[-93.310493,45.0591836],[-93.310752,45.0592093],[-93.3110069,45.0592268],[-93.3112014,45.059236],[-93.3113917,45.0592383],[-93.3117162,45.0592396],[-93.3119984,45.059243]],[[-93.3119984,45.059243],[-93.3121618,45.0592449],[-93.3125022,45.0592467]],[[-93.3260672,45.0602267],[-93.3261401,45.0602254],[-93.326377,45.0602277],[-93.3269492,45.0602158],[-93.3275941,45.0602123]],[[-93.3282164,45.0602048],[-93.3288485,45.0601965]],[[-93.3099145,45.0589708],[-93.3096777,45.0589569],[-93.3094807,45.0589394]],[[-93.3260672,45.0602267],[-93.325937,45.0601817],[-93.3256988,45.0601627],[-93.3254591,45.0601519]],[[-93.3275941,45.0602123],[-93.3282164,45.0602048]],[[-93.3947431,45.0580455],[-93.3944995,45.0580791],[-93.3942436,45.0581063],[-93.3939903,45.0581247],[-93.3937717,45.0581322],[-93.3936444,45.0581322],[-93.3935087,45.0581282],[-93.3933698,45.0581207],[-93.3931921,45.0581115],[-93.3929296,45.0580858],[-93.3923853,45.0579844],[-93.3919162,45.0578919],[-93.3907568,45.057675],[-93.390595,45.0576417]],[[-93.3780513,45.0546816],[-93.3785611,45.0546824]],[[-93.377261,45.0546851],[-93.3777225,45.0546841]],[[-93.3777225,45.0546841],[-93.3780513,45.0546816]],[[-93.3767704,45.0546896],[-93.377261,45.0546851]],[[-93.3380432,45.0600957],[-93.3382107,45.0600933],[-93.3383566,45.0600834],[-93.3385197,45.0600538],[-93.3386769,45.0600296],[-93.338863,45.059989],[-93.3391282,45.0599102],[-93.3393548,45.0598152]],[[-93.3375207,45.0601026],[-93.3377838,45.0600991],[-93.337891,45.0600976],[-93.3380432,45.0600957]],[[-93.3371002,45.0601067],[-93.3375207,45.0601026]],[[-93.3362366,45.0601156],[-93.3371002,45.0601067]],[[-93.3355445,45.0601234],[-93.3362366,45.0601156]],[[-93.3393548,45.0598152],[-93.3395023,45.0597392],[-93.3396429,45.0596477],[-93.3397717,45.0595518],[-93.3398881,45.0594526],[-93.3399408,45.0594021],[-93.3400114,45.0593346],[-93.3400855,45.0592475],[-93.3401557,45.059146],[-93.3402119,45.0590496],[-93.3402649,45.0589442],[-93.3403078,45.0588219],[-93.3403483,45.0586698],[-93.3403668,45.0585805]],[[-93.3403668,45.0585805],[-93.3404354,45.0582487]]]},"properties":{"id":"alpr-corridor-cr-10-7","layer":"alpr_corridor","name":"CR 10 — Bass Lake Road","county":"Hennepin County","state":"MN","countyFips":"27053","confidence":"probabilistic","sourceDate":null,"attributes":{"kind":"corridor","road":"CR 10","roadName":"Bass Lake Road","roadClass":"secondary","readerCount":5,"siteCount":5,"corridorMiles":4.1,"averageGapMiles":1.03,"medianGapMiles":1.26,"longestGapMiles":1.56,"countiesSpanned":1,"operatorCount":0,"operators":null,"unattributedReaders":5,"siteOffsets":"0.00;1.26;2.82;4.06;4.13","siteReaders":"1;1;1;1;1","siteLngs":"-93.396359;-93.370818;-93.339668;-93.314414;-93.313037","siteLats":"45.057701;45.054776;45.059802;45.059289;45.058958","pieceSpans":"3.71,3.76;3.49,3.54;0,0.07;2.74,2.76;0.71,0.79;3.02,3.35;4.09,4.13;3.59,3.77;4.06,4.07;4.1,4.13;4.06,4.07;3.77,3.85;3.96,4.06;3.55,3.58;4.07,4.09;4.07,4.08;0,0;0.28,0.37;3.76,3.86;3.98,4.06;1.42,1.48;0.82,0.89;1.66,1.73;4.13,4.13;2.01,2.04;1.87,1.92;1.21,1.32;1.44,1.5;0.79,0.85;0.76,0.8;0.31,0.37;0.37,0.71;1.2,1.21;0.98,1.2;1.51,1.6;1.86,1.87;1.96,2.01;3.55,3.56;3.92,3.96;0.71,0.76;0.8,0.82;4.09,4.1;0.23,0.28;0.21,0.23;0.1,0.21;0.07,0.1;0,0.07;4.13,4.13;3.54,3.55;3.56,3.58;3.58,3.6;3.6,3.61;3.61,3.69;3.69,3.71;1.51,1.62;1.62,1.66;1.77,1.86;1.74,1.77;1.72,1.77;1.81,1.86;1.77,1.79;1.79,1.81;1.66,1.72;1.6,1.66;1.48,1.51;0.85,0.89;1.86,1.87;1.87,1.94;1.94,1.96;3.51,3.55;3.58,3.59;3.85,3.92;0.28,0.31;4.08,4.09;3.92,3.97;3.97,3.98;1.32,1.36;1.37,1.38;1.36,1.37;1.38,1.44;1.5,1.51;1.32,1.38;1.38,1.42;1.73,1.74;3.89,3.92;3.86,3.89;1.98,2.01;1.96,1.98;1.92,1.96;4.13,4.13;4.13,4.13;3.41,3.49;3.35,3.38;4.13,4.13;3.49,3.51;3.38,3.41;0.07,0.28;0.89,0.92;0.93,0.95;0.92,0.93;0.95,0.98;2.84,2.9;2.9,2.93;2.93,2.95;2.95,2.99;2.99,3.02;2.77,2.84;2.76,2.77"}}},{"type":"Feature","geometry":{"type":"MultiLineString","coordinates":[[[-95.0427377,45.0940475],[-95.0428382,45.0921069]]]},"properties":{"id":"alpr-corridor-us-71-business-15","layer":"alpr_corridor","name":"US 71 Business — 1st Street South","county":"Kandiyohi County","state":"MN","countyFips":"27067","confidence":"probabilistic","sourceDate":null,"attributes":{"kind":"corridor","road":"US 71 Business","roadName":"1st Street South","roadClass":"primary","readerCount":5,"siteCount":4,"corridorMiles":3.7,"averageGapMiles":1.23,"medianGapMiles":1.09,"longestGapMiles":1.8,"countiesSpanned":1,"operatorCount":1,"operators":"City of Willmar - Police","unattributedReaders":1,"siteOffsets":"0.00;1.09;1.90;3.69","siteReaders":"1;2;1;1","siteLngs":"-95.042429;-95.042899;-95.043669;-95.020784","siteLats":"45.094715;45.110486;45.122126;45.142507","pieceSpans":"0,0"}}},{"type":"Feature","geometry":{"type":"MultiLineString","coordinates":[[[-93.3546105,45.0692623],[-93.3546092,45.0693485],[-93.3546096,45.0694179],[-93.3546346,45.0698271],[-93.354645,45.069981],[-93.354675,45.07016],[-93.354729,45.070332],[-93.3548013,45.0704758],[-93.354813,45.070499],[-93.3550379,45.0708025]],[[-93.3557098,45.0765977],[-93.355827,45.078407],[-93.3559551,45.0799436],[-93.355966,45.080075]],[[-93.3556497,45.0759014],[-93.3557098,45.0765977]],[[-93.355966,45.080075],[-93.3559729,45.0801862],[-93.3560235,45.0809954]],[[-93.3563167,45.0863445],[-93.3563161,45.08632]],[[-93.3554048,45.0728854],[-93.3554109,45.0729726],[-93.3554745,45.0738742],[-93.3555389,45.0748137],[-93.3556497,45.0759014]],[[-93.3550379,45.0708025],[-93.355118,45.07093],[-93.355202,45.071102],[-93.355263,45.071274],[-93.35527,45.071318],[-93.355293,45.071453],[-93.3553344,45.0719832],[-93.3553404,45.0720797],[-93.355341,45.0720892],[-93.3554005,45.0728314],[-93.3554048,45.0728854]],[[-93.3560242,45.0810404],[-93.3560291,45.0813728],[-93.356038,45.0819828],[-93.3560332,45.0823878],[-93.3560324,45.0824541],[-93.3560394,45.0825546],[-93.3560721,45.0830246],[-93.3560696,45.0831913],[-93.3560928,45.0833548],[-93.3561266,45.0834427],[-93.3561616,45.0835767],[-93.3561742,45.0837469],[-93.3561843,45.0841471],[-93.3562159,45.0846185],[-93.3562444,45.0861103]],[[-93.3560235,45.0809954],[-93.3560242,45.0810404]],[[-93.3562444,45.0861103],[-93.3561667,45.0863188]],[[-93.3561704,45.0864689],[-93.3561785,45.0867826]],[[-93.3563161,45.08632],[-93.3562444,45.0861103]],[[-93.3561667,45.0863188],[-93.3561704,45.0864689]]]},"properties":{"id":"alpr-corridor-zane-avenue-north-20","layer":"alpr_corridor","name":"Zane Avenue North","county":"Hennepin County","state":"MN","countyFips":"27053","confidence":"probabilistic","sourceDate":null,"attributes":{"kind":"corridor","road":"Zane Avenue North","roadName":null,"roadClass":"tertiary","readerCount":5,"siteCount":4,"corridorMiles":0.9,"averageGapMiles":0.31,"medianGapMiles":0.26,"longestGapMiles":0.57,"countiesSpanned":1,"operatorCount":0,"operators":null,"unattributedReaders":5,"siteOffsets":"0.00;0.26;0.83;0.94","siteReaders":"1;1;1;2","siteLngs":"-93.356032;-93.355924;-93.355455;-93.354902","siteLats":"45.084075;45.080261;45.072031;45.070535","pieceSpans":"0.92,0.94;0.28,0.52;0.52,0.57;0.21,0.28;0,0;0.57,0.77;0.77,0.92;0,0.21;0.21,0.21;0,0;0,0;0,0;0,0"}}},{"type":"Feature","geometry":{"type":"MultiLineString","coordinates":[[[-94.8662184,47.4618087],[-94.8667414,47.4622747],[-94.8670546,47.4625537],[-94.8672496,47.4627181],[-94.8674612,47.4628848],[-94.8676687,47.4630415],[-94.8677346,47.4630849],[-94.8680805,47.4633047],[-94.8685348,47.4635542],[-94.8685996,47.4635862],[-94.8688637,47.4637169],[-94.8691504,47.4638458],[-94.8694523,47.4639659],[-94.8694898,47.4639794],[-94.8697658,47.4640848],[-94.8698577,47.4641178],[-94.8699554,47.4641529],[-94.8702516,47.4642511],[-94.8704503,47.4643077],[-94.8707945,47.4643795],[-94.8708107,47.4643832],[-94.8719579,47.4646476],[-94.872268,47.4647191],[-94.8723227,47.4647317],[-94.8726576,47.4648182],[-94.8730269,47.4649213]],[[-94.8797101,47.4806244],[-94.8797031,47.4816119],[-94.8797019,47.4827393],[-94.8797017,47.4829557],[-94.8797148,47.4839441],[-94.8797293,47.4853056],[-94.8797189,47.4865661],[-94.8797178,47.486662],[-94.8797353,47.4876216],[-94.8797318,47.4877357],[-94.879731,47.4878212],[-94.8797347,47.4879739],[-94.8797436,47.4884444],[-94.8797407,47.4888664],[-94.8797398,47.4894845],[-94.8797423,47.4902566],[-94.8797413,47.4903577]],[[-94.8631009,47.4562268],[-94.8633554,47.4564679],[-94.8634566,47.4565887],[-94.8635337,47.4567288],[-94.8636009,47.4568814],[-94.8636252,47.4569541],[-94.8636517,47.4570376],[-94.8636708,47.4570995],[-94.8636994,47.4571477],[-94.8637973,47.4572444]],[[-94.8637934,47.4584413],[-94.8637781,47.4585884],[-94.8637736,47.4587761],[-94.8637839,47.458919],[-94.8638072,47.4590154],[-94.863836,47.459125],[-94.8639537,47.4594177],[-94.8641475,47.4597587],[-94.8643377,47.4599827],[-94.864583,47.46025]],[[-94.8636685,47.4514539],[-94.8636696,47.4515818],[-94.8636879,47.4536722],[-94.8637299,47.454845]],[[-94.8726177,47.4639865],[-94.8716192,47.463519],[-94.8711928,47.4633193],[-94.8710458,47.4632538],[-94.8704076,47.4629706],[-94.8700479,47.4628109],[-94.869992,47.4627901],[-94.8696177,47.4626331],[-94.869065,47.4624047],[-94.8682422,47.4620611],[-94.8677699,47.4618639],[-94.8677491,47.4618553],[-94.8674418,47.4617289],[-94.8673524,47.4616921],[-94.8667032,47.4614169],[-94.8664252,47.4613022],[-94.8661939,47.4612067],[-94.8659463,47.4610888],[-94.8657116,47.4609621],[-94.8655591,47.4608581],[-94.8654149,47.4607509],[-94.8648463,47.4602176],[-94.8647707,47.4601522]],[[-94.8639139,47.4570573],[-94.8639208,47.4568698],[-94.8638884,47.4557925],[-94.8638874,47.4556715],[-94.8638721,47.4554522],[-94.863863,47.4553307]],[[-94.8637893,47.4579399],[-94.8637919,47.4575998],[-94.8637925,47.4575218],[-94.8637973,47.4572444]],[[-94.8636657,47.4554677],[-94.8636565,47.4556083],[-94.8636255,47.4556786],[-94.863592,47.4557342],[-94.8635265,47.4558279],[-94.8634599,47.4559057],[-94.8633697,47.4559803],[-94.8632738,47.4560441],[-94.8632031,47.4560858]],[[-94.8631009,47.4562268],[-94.8633054,47.4561904],[-94.8633783,47.4561463],[-94.8635042,47.4560547],[-94.8636006,47.4559562],[-94.8636873,47.4558578],[-94.8637336,47.4557847],[-94.8637733,47.4557011],[-94.8638021,47.4555973],[-94.8638249,47.4555047],[-94.863863,47.4553307]],[[-94.8991644,47.4925203],[-94.8982966,47.4922834],[-94.8981555,47.4922449],[-94.8979675,47.4921936],[-94.896943,47.49193],[-94.8967412,47.4918775],[-94.8966083,47.4918439],[-94.8961574,47.4917279],[-94.8960363,47.4916961],[-94.895865,47.4916547],[-94.8954403,47.4915619],[-94.8953371,47.491542],[-94.8949835,47.491474],[-94.8948227,47.491443],[-94.8940758,47.4913028],[-94.8933688,47.4911952],[-94.8926383,47.491104],[-94.8924106,47.4910792],[-94.8915919,47.4909917],[-94.8909373,47.4909403],[-94.8906907,47.4909242],[-94.8903245,47.4909055],[-94.8899819,47.4908923],[-94.8895902,47.4908805],[-94.8890506,47.4908726],[-94.8889396,47.4908717],[-94.8883031,47.4908664],[-94.8877545,47.4908676],[-94.8876765,47.4908675],[-94.8874141,47.4908672],[-94.8871929,47.4908669],[-94.8869419,47.4908666],[-94.8866704,47.4908663],[-94.8861948,47.4908642],[-94.8855292,47.4908622],[-94.8853846,47.4908618],[-94.8851978,47.4908616],[-94.8843071,47.4908605],[-94.8840893,47.4908602],[-94.8828317,47.4908515],[-94.8817215,47.490843],[-94.8811166,47.4908384],[-94.8806815,47.4908351]],[[-94.8806815,47.4908351],[-94.8803786,47.4908193],[-94.8799169,47.490807],[-94.8797364,47.4908053]],[[-94.8639139,47.4570573],[-94.8637607,47.4568322],[-94.8636692,47.456647],[-94.8635945,47.4565251],[-94.8635031,47.4564044],[-94.8633963,47.4562875],[-94.8633054,47.4561904],[-94.8632031,47.4560858]],[[-94.8797384,47.4908858],[-94.879862,47.4908865],[-94.8799326,47.4908869],[-94.8799997,47.490886],[-94.8802875,47.4908864],[-94.8806815,47.4908351]],[[-94.8647707,47.4601522],[-94.8646228,47.4599987],[-94.8643202,47.4596335],[-94.864152,47.4593719],[-94.8640248,47.4591003],[-94.863939,47.4588956],[-94.8639226,47.4588565],[-94.863858,47.4586755],[-94.8637934,47.4584413]],[[-94.864583,47.46025],[-94.8646685,47.4603276],[-94.8651691,47.4608151],[-94.8658782,47.4615047],[-94.8662184,47.4618087]],[[-94.8797413,47.4903577],[-94.8797377,47.490745],[-94.8797364,47.4908053]],[[-94.8797364,47.4908053],[-94.8797374,47.4908393],[-94.8797384,47.4908858]],[[-94.863863,47.4553307],[-94.8638514,47.4552185],[-94.8638219,47.4549323],[-94.8637299,47.454845]],[[-94.8637973,47.4572444],[-94.8638653,47.457163],[-94.8638903,47.4571133],[-94.8639139,47.4570573]],[[-94.8636734,47.4505072],[-94.8636685,47.4514539]],[[-94.905437,47.4941295],[-94.9057421,47.4942792]],[[-94.8999151,47.4927093],[-94.8997476,47.4926691],[-94.8991644,47.4925203]],[[-94.905437,47.4941295],[-94.9048556,47.4939761],[-94.9047963,47.4939613],[-94.9039319,47.493745],[-94.903174,47.4935409],[-94.9028545,47.4934599],[-94.9023447,47.4933249],[-94.9013675,47.4930663],[-94.9000668,47.4927458],[-94.8999151,47.4927093]],[[-94.8637299,47.454845],[-94.8636527,47.4549427],[-94.8636657,47.4554677]],[[-94.8632031,47.4560858],[-94.8631009,47.4562268]],[[-94.8637893,47.4579399],[-94.8637934,47.4584413]]]},"properties":{"id":"alpr-corridor-mn-197-23","layer":"alpr_corridor","name":"MN 197 — Paul Bunyan Drive Northwest","county":"Beltrami County","state":"MN","countyFips":"27007","confidence":"probabilistic","sourceDate":null,"attributes":{"kind":"corridor","road":"MN 197","roadName":"Paul Bunyan Drive Northwest","roadClass":"primary","readerCount":5,"siteCount":4,"corridorMiles":3.8,"averageGapMiles":1.27,"medianGapMiles":1.04,"longestGapMiles":2.72,"countiesSpanned":1,"operatorCount":1,"operators":"Minnesota State Patrol / Paul Bunyan Task Force","unattributedReaders":0,"siteOffsets":"0.00;1.04;3.76;3.80","siteReaders":"2;1;1;1","siteLngs":"-94.902071;-94.880104;-94.863873;-94.863525","siteLats":"47.493262;47.490948;47.453170;47.452522","pieceSpans":"2.86,3.15;1.09,1.73;3.49,3.56;3.28,3.41;3.65,3.8;2.93,3.28;3.5,3.61;3.44,3.49;3.57,3.61;3.56,3.61;0.14,1.02;1.02,1.06;3.5,3.57;1.02,1.05;3.28,3.41;3.15,3.28;1.06,1.09;1.05,1.06;3.61,3.65;3.49,3.5;3.8,3.8;0,0;0.11,0.14;0,0.11;3.61,3.65;3.56,3.57;3.41,3.44"}}},{"type":"Feature","geometry":{"type":"MultiLineString","coordinates":[[[-92.9031822,44.9449637],[-92.9034421,44.9449626]],[[-92.9057011,44.9455825],[-92.9054974,44.9454079],[-92.9052757,44.9452383],[-92.905132,44.9451489]],[[-92.9344679,44.9440794],[-92.9346185,44.944079],[-92.9346523,44.9440775],[-92.9354418,44.9440329],[-92.935676,44.94403],[-92.9358828,44.9440509],[-92.9360539,44.94408],[-92.9362071,44.9441148],[-92.9363754,44.9441718],[-92.9365355,44.9442339],[-92.9367132,44.9443296],[-92.9368362,44.9444113],[-92.936974,44.9445197],[-92.9370571,44.9446031],[-92.9370776,44.9446305],[-92.9371386,44.9447121],[-92.9372087,44.9448026],[-92.9372417,44.9448728],[-92.9376821,44.9458106],[-92.9377904,44.9460412],[-92.9378723,44.9461883],[-92.9379476,44.9462964]],[[-92.9356678,44.9439062],[-92.9355971,44.9439018],[-92.9354349,44.9439076],[-92.934722,44.9439471],[-92.9346412,44.9439525],[-92.9346031,44.9439547],[-92.9344534,44.9439555]],[[-92.9023817,44.9449647],[-92.9029723,44.9449636],[-92.9030293,44.9449635],[-92.9031822,44.9449637]],[[-92.9274913,44.9419251],[-92.9276679,44.9418224],[-92.9277163,44.941798],[-92.9277673,44.9417737],[-92.9278194,44.94175],[-92.9278778,44.9417249],[-92.9279373,44.941701],[-92.9279998,44.9416771],[-92.9280493,44.9416596],[-92.928105,44.9416415],[-92.928163,44.9416239],[-92.9282202,44.9416078],[-92.9282582,44.9415979],[-92.9283016,44.9415876],[-92.9283465,44.9415778],[-92.9284045,44.9415662],[-92.9284608,44.9415564],[-92.9285219,44.9415468],[-92.9285888,44.9415371],[-92.9286657,44.9415284],[-92.9287329,44.9415226],[-92.9287966,44.941518],[-92.9288845,44.9415123],[-92.9289745,44.9415071],[-92.9290491,44.9415035],[-92.9290987,44.9415016]],[[-92.933843,44.9413888],[-92.9336449,44.9413952],[-92.9334072,44.9413943],[-92.9328325,44.9413912]],[[-92.931897,44.9413844],[-92.9317174,44.9413836]],[[-92.9309547,44.9413796],[-92.9305859,44.9413769],[-92.9304038,44.9413759],[-92.9301842,44.9413747]],[[-92.9318373,44.9415612],[-92.9319805,44.9415648],[-92.9320302,44.9415657]],[[-92.9325959,44.9415696],[-92.9335557,44.941566],[-92.9336366,44.9415657],[-92.9336839,44.9415656],[-92.9338609,44.9415628],[-92.9341532,44.9415581]],[[-92.9298688,44.9415078],[-92.9300752,44.9415122]],[[-92.9298469,44.941374],[-92.9294857,44.941373],[-92.9291002,44.9413725],[-92.9290412,44.9413731],[-92.9289914,44.9413742],[-92.9289518,44.9413755],[-92.928899,44.9413777],[-92.9288268,44.9413809],[-92.928765,44.9413846],[-92.9287014,44.9413896],[-92.928645,44.9413951],[-92.9285809,44.9414027],[-92.9285286,44.9414097],[-92.9284812,44.9414168],[-92.9284388,44.9414239],[-92.9283934,44.9414323],[-92.9283507,44.9414412],[-92.9283063,44.941451]],[[-92.9034467,44.9448085],[-92.9031856,44.9448033]],[[-92.9034421,44.9449626],[-92.9036045,44.9449626],[-92.9038123,44.9449626],[-92.9040219,44.9449693],[-92.9041754,44.9449864],[-92.9043038,44.9450059],[-92.904515,44.945059],[-92.9047044,44.9451248],[-92.9048218,44.9451759],[-92.9049607,44.9452497],[-92.9051011,44.9453318],[-92.9055382,44.9456746],[-92.9056516,44.9457661],[-92.9061046,44.9461314],[-92.9062081,44.9462139],[-92.9064155,44.9463675],[-92.9066394,44.9465003],[-92.906871,44.9466099],[-92.9070958,44.9467041],[-92.907331,44.9467891],[-92.9075376,44.9468507],[-92.9077708,44.9469037],[-92.9080181,44.9469407],[-92.9082197,44.9469672],[-92.9083785,44.9469816],[-92.908599,44.9469876],[-92.9089508,44.9469902],[-92.9094387,44.9469938]],[[-92.9229868,44.9448037],[-92.9242235,44.9439216],[-92.9244071,44.9437852]],[[-92.9341701,44.9440803],[-92.9344679,44.9440794]],[[-92.9341311,44.9413795],[-92.933843,44.9413888]],[[-92.9002349,44.9448051],[-92.899789,44.9448142],[-92.8996812,44.9448199]],[[-92.9031856,44.9448033],[-92.9030194,44.9448014],[-92.902558,44.9447955],[-92.9021692,44.9447958]],[[-92.9021692,44.9447958],[-92.9020515,44.9447959],[-92.9016561,44.9447962]],[[-92.9016561,44.9447962],[-92.9009946,44.9447916],[-92.9007476,44.944795]],[[-92.9007476,44.944795],[-92.9006839,44.9447959],[-92.9005447,44.9447987]],[[-92.9005447,44.9447987],[-92.9002349,44.9448051]],[[-92.8996812,44.9448199],[-92.8995316,44.9448284]],[[-92.8995316,44.9448284],[-92.8994553,44.9448323]],[[-92.8990625,44.9449698],[-92.899435,44.9449693],[-92.8995277,44.9449692]],[[-92.8995277,44.9449692],[-92.8996937,44.944968]],[[-92.8996937,44.944968],[-92.8998122,44.9449677],[-92.9012267,44.9449656]],[[-92.9012267,44.9449656],[-92.9016563,44.944965]],[[-92.9016563,44.944965],[-92.901935,44.944965],[-92.9020714,44.9449649],[-92.9022171,44.9449648]],[[-92.9022171,44.9449648],[-92.9023817,44.9449647]],[[-92.9381024,44.9462371],[-92.9380491,44.9461598]],[[-92.9380491,44.9461598],[-92.938036,44.9461408],[-92.9379615,44.945994],[-92.9377707,44.9455923]],[[-92.9377707,44.9455923],[-92.9374114,44.9448356],[-92.9373732,44.9447551]],[[-92.9373732,44.9447551],[-92.9373102,44.9446555]],[[-92.9373102,44.9446555],[-92.937225,44.9445517],[-92.9372172,44.9445386],[-92.937122,44.9444443],[-92.9369745,44.9443303],[-92.936829,44.944244],[-92.936616,44.944125],[-92.9364909,44.9440706],[-92.9362886,44.9440104],[-92.9361328,44.9439701]],[[-92.9361328,44.9439701],[-92.9361105,44.9439643],[-92.9359282,44.9439323],[-92.9357385,44.9439106],[-92.9356678,44.9439062]],[[-92.9344534,44.9439555],[-92.9341536,44.9439572]],[[-92.9270589,44.941776],[-92.9268966,44.9418788],[-92.9268441,44.9419106],[-92.9267042,44.9419926],[-92.9266119,44.9420508]],[[-92.9266119,44.9420508],[-92.9265833,44.9420688],[-92.9263292,44.9422449]],[[-92.9263292,44.9422449],[-92.9262483,44.9423028]],[[-92.9262483,44.9423028],[-92.9247661,44.9433626]],[[-92.9247661,44.9433626],[-92.9242936,44.9437004]],[[-92.9242936,44.9437004],[-92.9238956,44.9439831],[-92.9233913,44.9443413],[-92.9228576,44.9446937],[-92.9221264,44.945195]],[[-92.9221264,44.945195],[-92.9220884,44.9452211],[-92.9216411,44.9455446]],[[-92.9113178,44.946868],[-92.9105949,44.9468702]],[[-92.9105949,44.9468702],[-92.9097848,44.9468715]],[[-92.9097848,44.9468715],[-92.9094434,44.9468721]],[[-92.9094434,44.9468721],[-92.9086239,44.946866],[-92.9085316,44.9468637]],[[-92.9085316,44.9468637],[-92.9084106,44.9468608],[-92.9082163,44.9468441],[-92.9080447,44.9468244]],[[-92.9080447,44.9468244],[-92.9078092,44.9467831],[-92.9075886,44.9467299],[-92.9073969,44.9466779],[-92.9072053,44.9466069]],[[-92.9072053,44.9466069],[-92.9071628,44.9465911],[-92.906961,44.9465057],[-92.9067544,44.9463977]],[[-92.9067544,44.9463977],[-92.906535,44.946269],[-92.9063595,44.9461433],[-92.9063043,44.9460949]],[[-92.9063043,44.9460949],[-92.90609,44.945907],[-92.9058118,44.9456749],[-92.9057011,44.9455825]],[[-92.9046522,44.9449544],[-92.9045627,44.9449257],[-92.9043391,44.9448689],[-92.9041155,44.9448348],[-92.9039439,44.9448202],[-92.9038106,44.9448171],[-92.9036615,44.9448136],[-92.9035953,44.944812],[-92.9034467,44.9448085]],[[-92.905132,44.9451489],[-92.905082,44.9451178],[-92.904835,44.945013],[-92.9046522,44.9449544]],[[-92.9308819,44.9415342],[-92.9311679,44.9415418],[-92.9315046,44.9415518],[-92.9315646,44.9415533],[-92.9318373,44.9415612]],[[-92.9290987,44.9415016],[-92.9291445,44.9415002],[-92.929197,44.9414994],[-92.9292684,44.9414992],[-92.9293666,44.9414994],[-92.9294667,44.9415004],[-92.9295281,44.9415014]],[[-92.9283063,44.941451],[-92.9282643,44.9414614],[-92.9282223,44.9414726],[-92.928183,44.9414832],[-92.9281463,44.9414938],[-92.9281092,44.9415047],[-92.9280753,44.9415153],[-92.92804,44.9415272],[-92.928005,44.9415396],[-92.9279716,44.941552],[-92.927927,44.9415694],[-92.9278965,44.9415819],[-92.9278651,44.9415954],[-92.9278344,44.941609],[-92.9278037,44.9416225],[-92.9277723,44.9416361],[-92.9277577,44.9416423],[-92.9277438,44.941648],[-92.9277294,44.9416535],[-92.9277149,44.9416584],[-92.927698,44.9416638],[-92.9276814,44.9416685],[-92.9276639,44.9416729],[-92.9276463,44.9416766],[-92.9276291,44.9416797],[-92.9276127,44.941682],[-92.9275981,44.9416837],[-92.9275856,44.9416848],[-92.9275732,44.9416857],[-92.927559,44.9416861],[-92.9275423,44.9416863],[-92.9275193,44.9416862],[-92.9274938,44.9416856],[-92.9273653,44.9416791]],[[-92.9328325,44.9413912],[-92.9326333,44.9413892],[-92.9322705,44.9413874]],[[-92.9322705,44.9413874],[-92.931897,44.9413844]],[[-92.9320302,44.9415657],[-92.9322012,44.9415674],[-92.9323954,44.9415691],[-92.9325959,44.9415696]],[[-92.9317174,44.9413836],[-92.9313343,44.9413817],[-92.9309547,44.9413796]],[[-92.9295281,44.9415014],[-92.9295678,44.941502],[-92.9296679,44.9415037],[-92.9298688,44.9415078]],[[-92.9300752,44.9415122],[-92.9302087,44.941515],[-92.930596,44.9415266],[-92.9308819,44.9415342]],[[-92.9301842,44.9413747],[-92.9298469,44.941374]],[[-92.9244071,44.9437852],[-92.9263643,44.942384],[-92.9264397,44.9423249],[-92.9265429,44.9422365],[-92.9266428,44.9421598],[-92.9267013,44.9421192],[-92.9267647,44.9420826],[-92.9268286,44.9420518],[-92.9268968,44.9420336],[-92.9269654,44.9420262],[-92.9271771,44.9419928]]]},"properties":{"id":"alpr-corridor-hudson-road-2","layer":"alpr_corridor","name":"Hudson Road","county":"Washington County","state":"MN","countyFips":"27163","confidence":"probabilistic","sourceDate":null,"attributes":{"kind":"corridor","road":"Hudson Road","roadName":null,"roadClass":"tertiary","readerCount":4,"siteCount":4,"corridorMiles":1.7,"averageGapMiles":0.58,"medianGapMiles":0.22,"longestGapMiles":1.46,"countiesSpanned":1,"operatorCount":1,"operators":"Flock Safety","unattributedReaders":3,"siteOffsets":"0.00;0.22;1.69;1.75","siteReaders":"1;1;1;1","siteLngs":"-92.935829;-92.933425;-92.903999;-92.902851","siteLats":"44.944114;44.941346;44.945036;44.944746","pieceSpans":"1.71,1.73;1.61,1.63;0,0.04;0.02,0.04;1.73,1.75;0.43,0.52;0.21,0.25;0.3,0.31;0.34,0.38;0.29,0.3;0.19,0.27;0.39,0.4;0.4,0.47;1.72,1.73;1.45,1.71;0.69,0.77;0.04,0.04;0.2,0.21;1.75,1.75;1.73,1.75;1.75,1.75;1.75,1.75;1.75,1.75;1.75,1.75;1.75,1.75;1.75,1.75;1.75,1.75;1.75,1.75;1.75,1.75;1.75,1.75;1.75,1.75;1.75,1.75;0,0;0,0;0,0;0,0;0,0;0,0.02;0.04,0.05;0.54,0.56;0.56,0.58;0.58,0.58;0.58,0.66;0.66,0.69;0.69,0.81;0.81,0.84;1.35,1.39;1.39,1.43;1.43,1.45;1.45,1.49;1.49,1.51;1.51,1.55;1.55,1.57;1.57,1.59;1.59,1.61;1.65,1.72;1.63,1.65;0.3,0.35;0.41,0.43;0.47,0.52;0.25,0.28;0.28,0.3;0.27,0.29;0.31,0.34;0.4,0.41;0.35,0.39;0.38,0.4;0.53,0.69"}}},{"type":"Feature","geometry":{"type":"MultiLineString","coordinates":[[[-93.4780866,44.9203987],[-93.4785258,44.9203299],[-93.4789661,44.9202609],[-93.4791192,44.9202369],[-93.4806513,44.9199981],[-93.4824253,44.9197249],[-93.4842359,44.9194373],[-93.485631,44.9192166],[-93.4862304,44.9191218],[-93.4878587,44.9188689],[-93.4886202,44.9187317],[-93.4892672,44.9185847],[-93.4897677,44.9184572],[-93.4904346,44.9182627]],[[-93.3903022,44.935074],[-93.3908257,44.9350122],[-93.3912498,44.9349615],[-93.3915548,44.9349319],[-93.391812,44.9349095],[-93.392354,44.9348691],[-93.3929312,44.934833],[-93.3933856,44.9348112],[-93.3945061,44.9347593],[-93.3948526,44.9347428]],[[-93.389844,44.935139],[-93.3903022,44.935074]],[[-93.3963885,44.9346687],[-93.3973808,44.9345954]],[[-93.4015152,44.9340792],[-93.4038351,44.933849],[-93.4055905,44.9336887],[-93.4057553,44.9336732]],[[-93.3902578,44.9349119],[-93.3897996,44.9349769]],[[-93.3948526,44.9347428],[-93.3955839,44.9347101]],[[-93.3974065,44.9344329],[-93.3969033,44.9344733],[-93.3964078,44.9345081]],[[-93.3964078,44.9345081],[-93.3960884,44.9345243]],[[-93.3956754,44.9345422],[-93.3949431,44.9345767]],[[-93.3949431,44.9345767],[-93.3932168,44.9346571],[-93.3924653,44.934695],[-93.3919681,44.9347285],[-93.3913834,44.9347788],[-93.3908271,44.9348393],[-93.3902578,44.9349119]],[[-93.4555492,44.9239371],[-93.4540371,44.9242561],[-93.4522346,44.9246905]],[[-93.3884877,44.9351574],[-93.3880518,44.9352173],[-93.3870974,44.935351],[-93.3868085,44.9353935]],[[-93.451899,44.9247708],[-93.4511654,44.9249346]],[[-93.4519335,44.9249677],[-93.4541401,44.9244505]],[[-93.4511941,44.9251587],[-93.4516506,44.9250408]],[[-93.4678726,44.9219002],[-93.4677597,44.9219181],[-93.4668804,44.9220571],[-93.4654242,44.9222874],[-93.4634701,44.9225988],[-93.462753,44.9227131],[-93.4622459,44.9227924],[-93.4609224,44.9229995],[-93.4604457,44.9230753],[-93.4595596,44.9232162],[-93.4589587,44.9233107],[-93.458749,44.9233437]],[[-93.3955839,44.9347101],[-93.3960614,44.9346873]],[[-93.4322277,44.9290642],[-93.4325443,44.9288996],[-93.4334924,44.9284205],[-93.4344502,44.927938],[-93.4352662,44.9275283],[-93.4354589,44.9274349],[-93.4356968,44.9273215],[-93.435974,44.927195],[-93.4363043,44.9270633],[-93.436654,44.9269384],[-93.4369644,44.9268359],[-93.4373246,44.9267345],[-93.437652,44.9266545],[-93.4379018,44.9265986],[-93.438159,44.9265483]],[[-93.4460308,44.9260448],[-93.4455274,44.9260981],[-93.4452428,44.926119],[-93.4449919,44.9261354],[-93.4446824,44.926151],[-93.4443399,44.9261632],[-93.4440446,44.9261702],[-93.4436813,44.9261736],[-93.4434045,44.926171],[-93.4430279,44.9261667],[-93.4416162,44.9261486],[-93.4404354,44.9261381],[-93.4400804,44.9261422],[-93.4397526,44.9261527],[-93.4394509,44.9261709],[-93.4391572,44.9261951],[-93.4388551,44.9262282],[-93.4386415,44.9262561],[-93.4380857,44.9263465],[-93.437829,44.9264011],[-93.4375863,44.9264517],[-93.4373087,44.9265213],[-93.4370232,44.9266026],[-93.4367953,44.9266699],[-93.4365625,44.9267447],[-93.4361351,44.9268987],[-93.4357076,44.927074],[-93.4352389,44.9272926],[-93.4349497,44.9274374],[-93.4341649,44.9278341],[-93.4329145,44.9284623],[-93.4325221,44.9286605],[-93.4321414,44.9288517]],[[-93.4321414,44.9288517],[-93.4315977,44.9291293],[-93.4309067,44.9294966]],[[-93.4290848,44.9305834],[-93.4291778,44.9305337],[-93.4293329,44.9304515]],[[-93.4309067,44.9294966],[-93.4301401,44.9298909],[-93.4293606,44.9302829],[-93.4292436,44.9303415]],[[-93.4057553,44.9336732],[-93.4058979,44.9336625],[-93.4065719,44.9336108],[-93.4075171,44.9335175],[-93.4082804,44.9334396],[-93.4099862,44.9332906],[-93.4112154,44.933186],[-93.4124478,44.9330928],[-93.4130513,44.9330425],[-93.4136677,44.9329945],[-93.4142204,44.9329673],[-93.4145997,44.9329576],[-93.4147427,44.932954],[-93.4149241,44.9329519],[-93.4151092,44.9329498],[-93.4160287,44.9329455],[-93.4170436,44.9329421],[-93.4192458,44.9329364],[-93.4208798,44.9329296],[-93.4210498,44.9329304]],[[-93.4255391,44.9321659],[-93.4257572,44.9320897],[-93.4259838,44.9320088],[-93.4262272,44.9319158],[-93.4265664,44.9317836],[-93.4270087,44.9316051],[-93.4277285,44.9312641],[-93.4284645,44.9308929],[-93.4290848,44.9305834]],[[-93.3859577,44.9356649],[-93.3861298,44.935647],[-93.3865891,44.9355858],[-93.3873015,44.9354842],[-93.3882793,44.9353533],[-93.3883894,44.9353416],[-93.3886191,44.9353202],[-93.389844,44.935139]],[[-93.3857929,44.9356889],[-93.3859577,44.9356649]],[[-93.4932471,44.9172805],[-93.4939261,44.9170373],[-93.4949913,44.9166678],[-93.4959298,44.9163306],[-93.4978388,44.9156552],[-93.499725,44.9149982],[-93.5002881,44.9148186],[-93.5011854,44.9145324],[-93.5014894,44.9144347]],[[-93.480608,44.9198799],[-93.4795929,44.9200596],[-93.4780621,44.9203121],[-93.4756005,44.9206998],[-93.4755358,44.92071],[-93.4739196,44.920967]],[[-93.3960884,44.9345243],[-93.3956754,44.9345422]],[[-93.3973808,44.9345954],[-93.3978119,44.9345552],[-93.3987282,44.9344512]],[[-93.3856919,44.9355507],[-93.3855467,44.9355717]],[[-93.4293329,44.9304515],[-93.4294641,44.9303872],[-93.4302759,44.9299894],[-93.430815,44.9297424],[-93.4313253,44.929501],[-93.4317736,44.9292859],[-93.4322277,44.9290642]],[[-93.4147431,44.93283],[-93.4146152,44.932834],[-93.4142044,44.9328472],[-93.4136415,44.9328757],[-93.4130637,44.9329095],[-93.4125182,44.932961],[-93.4113424,44.9330807],[-93.410012,44.9331988],[-93.4094299,44.9332482],[-93.4084478,44.9333318],[-93.4076667,44.933391],[-93.4066105,44.9334766],[-93.4059192,44.9335415],[-93.4057548,44.9335555],[-93.4055697,44.9335716],[-93.4014843,44.9339303],[-93.4008597,44.934001],[-93.3999418,44.9341167],[-93.3983473,44.9343276]],[[-93.5061895,44.9125708],[-93.5052857,44.9129087],[-93.5045945,44.9131617],[-93.5044601,44.9132109],[-93.5034873,44.9135653],[-93.503334,44.9136211]],[[-93.3987282,44.9344512],[-93.4003581,44.9342263],[-93.4015152,44.9340792]],[[-93.3983473,44.9343276],[-93.3981822,44.9343457],[-93.3977187,44.9344065],[-93.3974065,44.9344329]],[[-93.4541401,44.9244505],[-93.4547881,44.9242945],[-93.4552655,44.9241653],[-93.4562043,44.9239298],[-93.4565488,44.9238453],[-93.4567461,44.9237969],[-93.4572987,44.9236829],[-93.4579156,44.9235614],[-93.4587682,44.9234295]],[[-93.4510697,44.9251855],[-93.4511941,44.9251587]],[[-93.4292436,44.9303415],[-93.4290875,44.930418]],[[-93.4511654,44.9249346],[-93.4509464,44.9249804]],[[-93.4509464,44.9249804],[-93.4482016,44.9256186],[-93.4477154,44.9257254],[-93.4472335,44.9258322],[-93.4468816,44.9259059],[-93.4465338,44.9259679],[-93.4464016,44.9259888]],[[-93.4464016,44.9259888],[-93.4460308,44.9260448]],[[-93.3858568,44.9355338],[-93.3856919,44.9355507]],[[-93.4516506,44.9250408],[-93.4519335,44.9249677]],[[-93.4465012,44.9261536],[-93.4467548,44.9261111],[-93.4470119,44.9260633],[-93.4472319,44.9260181],[-93.4506653,44.9252464],[-93.4510697,44.9251855]],[[-93.4427501,44.9263627],[-93.4434267,44.9263637],[-93.4438854,44.9263569],[-93.4441285,44.9263508],[-93.4444345,44.9263411],[-93.4447402,44.9263273],[-93.4450358,44.9263082],[-93.4452663,44.9262943],[-93.4455799,44.9262692],[-93.445834,44.9262432],[-93.4460878,44.9262153],[-93.4462928,44.9261858],[-93.4465012,44.9261536]],[[-93.438159,44.9265483],[-93.4384842,44.9264902],[-93.4388062,44.9264425],[-93.4392118,44.9263948],[-93.439511,44.9263714],[-93.4398433,44.9263506],[-93.4402741,44.9263396],[-93.4406904,44.9263405],[-93.4417148,44.926352],[-93.4427501,44.9263627]],[[-93.4587682,44.9234295],[-93.4587983,44.9234248],[-93.4590594,44.9233834],[-93.4591231,44.9233733]],[[-93.3868085,44.9353935],[-93.3861164,44.9354952],[-93.3860755,44.9355012],[-93.3858568,44.9355338]],[[-93.3897996,44.9349769],[-93.3884877,44.9351574]],[[-93.458749,44.9233437],[-93.4587246,44.9233475],[-93.458623,44.9233636],[-93.4578465,44.9234867],[-93.4573456,44.9235745],[-93.4555492,44.9239371]],[[-93.3847048,44.9358447],[-93.38559,44.935718],[-93.3856487,44.9357096],[-93.3857929,44.9356889]],[[-93.3960614,44.9346873],[-93.3963885,44.9346687]],[[-93.503334,44.9136211],[-93.5031516,44.9136875],[-93.5030749,44.9137145],[-93.5026727,44.9138563]],[[-93.5031458,44.9138721],[-93.503333,44.9138082]],[[-93.5026727,44.9138563],[-93.5021326,44.9140467],[-93.5020795,44.9140654],[-93.5009413,44.9144732],[-93.5004854,44.9146272],[-93.4996641,44.9149093]],[[-93.4996641,44.9149093],[-93.4989739,44.9151534]],[[-93.4989739,44.9151534],[-93.4979283,44.9155217],[-93.4975865,44.9156437],[-93.4974365,44.9156972]],[[-93.4960433,44.9161953],[-93.4957156,44.9163126],[-93.495106,44.9165275],[-93.4949318,44.9165889],[-93.494903,44.9165994],[-93.4938895,44.9169682],[-93.4931979,44.9172018],[-93.4925829,44.9174244],[-93.4913868,44.9178384],[-93.491316,44.917863],[-93.4905971,44.9181129],[-93.4903995,44.9181788],[-93.4897274,44.9183761],[-93.4892271,44.918502],[-93.4885876,44.9186446],[-93.4878343,44.9187804],[-93.4876251,44.918812],[-93.4869777,44.9189096]],[[-93.4869777,44.9189096],[-93.486147,44.9190349]],[[-93.486147,44.9190349],[-93.4849425,44.9192061],[-93.4835056,44.9194203]],[[-93.4835056,44.9194203],[-93.4832051,44.9194651],[-93.4823837,44.9195925]],[[-93.4823837,44.9195925],[-93.4813571,44.9197587]],[[-93.4813571,44.9197587],[-93.480608,44.9198799]],[[-93.4734609,44.92104],[-93.4730153,44.9211109],[-93.4726955,44.9211582],[-93.4719919,44.9212624],[-93.4703339,44.9215174],[-93.4688643,44.921746]],[[-93.4739196,44.920967],[-93.4734609,44.92104]],[[-93.4688643,44.921746],[-93.4680754,44.9218687],[-93.4678726,44.9219002]],[[-93.4974365,44.9156972],[-93.4969003,44.9158886],[-93.4960433,44.9161953]],[[-93.4522346,44.9246905],[-93.451899,44.9247708]],[[-93.4290875,44.930418],[-93.4285187,44.9307119],[-93.4282477,44.9308501],[-93.4279137,44.9310114],[-93.4275104,44.9312218],[-93.4269268,44.9314969],[-93.4266801,44.9316185],[-93.4264104,44.9317363],[-93.4261538,44.9318411],[-93.4259815,44.9319115],[-93.4257648,44.9319896],[-93.4254977,44.9320823],[-93.4252633,44.9321587],[-93.4250729,44.9322179],[-93.424869,44.9322763],[-93.4246398,44.9323402]],[[-93.4221468,44.9327582],[-93.4218824,44.9327785],[-93.421583,44.9327954],[-93.4213709,44.9328047],[-93.4212048,44.932808],[-93.421055,44.9328089],[-93.4208809,44.9328094],[-93.4200951,44.9328158],[-93.4182861,44.9328145],[-93.4173691,44.932816]],[[-93.4167222,44.9328171],[-93.4155693,44.9328217],[-93.4151077,44.9328259],[-93.4148847,44.9328284],[-93.4147431,44.93283]],[[-93.4173691,44.932816],[-93.4167222,44.9328171]],[[-93.4591231,44.9233733],[-93.4597235,44.923278],[-93.4611651,44.9230513],[-93.4614808,44.9230026]],[[-93.4614808,44.9230026],[-93.4622175,44.9228891]],[[-93.4622175,44.9228891],[-93.4625675,44.9228352],[-93.4627474,44.9228067],[-93.4630913,44.9227597],[-93.4638158,44.9226375],[-93.4658927,44.9223339],[-93.4675637,44.9220691],[-93.4677444,44.9220368],[-93.4678608,44.922016],[-93.4680732,44.9219842],[-93.4692428,44.9218091],[-93.4706624,44.9215695]],[[-93.4706624,44.9215695],[-93.4724765,44.9212775],[-93.4725821,44.9212608]],[[-93.4725821,44.9212608],[-93.4729961,44.9211953],[-93.4733223,44.9211447],[-93.4745412,44.9209555],[-93.4768055,44.9205997]],[[-93.4768055,44.9205997],[-93.4776634,44.9204649],[-93.4780866,44.9203987]],[[-93.4904346,44.9182627],[-93.4913731,44.9179429],[-93.4919753,44.917731]],[[-93.4919753,44.917731],[-93.4926321,44.9174998],[-93.4932471,44.9172805]],[[-93.5019259,44.9143033],[-93.5024123,44.914138],[-93.5030593,44.9139035],[-93.5031458,44.9138721]],[[-93.5014894,44.9144347],[-93.5019259,44.9143033]],[[-93.503333,44.9138082],[-93.5034787,44.9137649],[-93.5036377,44.9137176],[-93.5038734,44.9136357],[-93.5041953,44.9135239],[-93.5053902,44.9130369],[-93.5062551,44.9126854],[-93.506912,44.9124138]]]},"properties":{"id":"alpr-corridor-mn-7-9","layer":"alpr_corridor","name":"MN 7 — Minnesota State Highway 7","county":"Hennepin County","state":"MN","countyFips":"27053","confidence":"probabilistic","sourceDate":null,"attributes":{"kind":"corridor","road":"MN 7","roadName":"Minnesota State Highway 7","roadClass":"primary","readerCount":4,"siteCount":4,"corridorMiles":5.8,"averageGapMiles":1.95,"medianGapMiles":1.82,"longestGapMiles":3.62,"countiesSpanned":1,"operatorCount":1,"operators":"Minnetonka Police Department","unattributedReaders":3,"siteOffsets":"0.00;1.82;5.45;5.84","siteReaders":"1;1;1;1","siteLngs":"-93.503499;-93.468247;-93.396259;-93.388245","siteLats":"44.913466;44.922077;44.934414;44.935136","pieceSpans":"0.71,1.33;5.52,5.74;5.74,5.77;5.4,5.45;4.98,5.19;5.74,5.77;5.48,5.52;5.39,5.44;5.44,5.46;5.48,5.51;5.51,5.74;2.46,2.63;5.83,5.84;2.64,2.68;2.53,2.65;2.66,2.68;1.84,2.3;5.46,5.48;3.33,3.65;2.94,3.65;3.65,3.72;3.81,3.82;3.72,3.81;4.24,4.98;3.82,4.02;5.77,5.84;5.84,5.84;0.11,0.56;1.2,1.54;5.46,5.48;5.33,5.4;5.84,5.84;3.65,3.81;4.54,5.35;0,0.01;5.19,5.33;5.35,5.39;2.3,2.53;2.68,2.69;3.81,3.82;2.68,2.69;2.69,2.93;2.93,2.94;5.84,5.84;2.65,2.66;2.69,2.92;2.92,3.11;3.11,3.33;2.28,2.3;5.84,5.84;5.77,5.83;2.3,2.46;5.84,5.84;5.45,5.46;0.01,0.05;0.02,0.03;0.05,0.21;0.21,0.25;0.25,0.33;0.41,0.89;0.89,0.93;0.93,1.06;1.06,1.11;1.11,1.17;1.17,1.2;1.56,1.79;1.54,1.56;1.79,1.84;0.33,0.41;2.63,2.64;3.82,4.06;4.19,4.42;4.45,4.54;4.42,4.45;2.16,2.28;2.12,2.16;1.7,2.12;1.6,1.7;1.39,1.6;1.33,1.39;0.63,0.71;0.56,0.63;0.03,0.09;0.09,0.11;0,0.02"}}},{"type":"Feature","geometry":{"type":"MultiLineString","coordinates":[[[-93.4331444,44.8688106],[-93.4336848,44.8688708],[-93.4340606,44.868918]],[[-93.4369188,44.8685967],[-93.4367937,44.8686335],[-93.4366144,44.8686849],[-93.4362676,44.8687589],[-93.4358388,44.868822],[-93.4355951,44.8688473],[-93.4353416,44.8688634],[-93.4350873,44.8688667],[-93.4348382,44.8688635],[-93.4345957,44.8688477],[-93.4342934,44.8688192],[-93.4339529,44.8687787]],[[-93.4339529,44.8687787],[-93.4337684,44.8687524]],[[-93.4337684,44.8687524],[-93.4330959,44.8686855]],[[-93.4481728,44.8660336],[-93.4477151,44.8661083]],[[-93.4477151,44.8661083],[-93.4470583,44.866217]],[[-93.4470583,44.866217],[-93.4461518,44.8663767],[-93.4457226,44.8664337],[-93.4452814,44.8664708],[-93.4448268,44.8664888],[-93.4442249,44.8665016]],[[-93.4442249,44.8665016],[-93.4437821,44.8665126],[-93.443718,44.8665142],[-93.4435961,44.8665146]],[[-93.4435961,44.8665146],[-93.4434434,44.8665169]],[[-93.4434434,44.8665169],[-93.4432856,44.8665216],[-93.4428828,44.8665323],[-93.4426014,44.8665465],[-93.4421767,44.8665858],[-93.4421406,44.8665908]],[[-93.4421406,44.8665908],[-93.4419762,44.8666134],[-93.4417798,44.8666467],[-93.441506,44.8667121],[-93.4412363,44.8667832]],[[-93.4412363,44.8667832],[-93.4402915,44.8670388],[-93.4400399,44.8671069],[-93.4397225,44.8672017],[-93.4394828,44.8672814],[-93.4391408,44.867428],[-93.4388564,44.8675853],[-93.4385887,44.8677402],[-93.438476,44.8678127]],[[-93.438476,44.8678127],[-93.4382075,44.8679708]],[[-93.4382075,44.8679708],[-93.437849,44.868183],[-93.4376125,44.8683126],[-93.4375693,44.8683317]],[[-93.4375693,44.8683317],[-93.4373357,44.8684351],[-93.4370839,44.8685377],[-93.4369188,44.8685967]],[[-93.4340606,44.868918],[-93.4345791,44.8689825],[-93.434794,44.8690038],[-93.4351117,44.8690141],[-93.4356959,44.868973]],[[-93.4356959,44.868973],[-93.43593,44.8689511],[-93.4362655,44.868905],[-93.4365688,44.8688421],[-93.4368853,44.8687603],[-93.4369848,44.8687288]],[[-93.4369848,44.8687288],[-93.4372129,44.868652],[-93.437509,44.8685375],[-93.4378822,44.8683423],[-93.4381529,44.8681941],[-93.4384092,44.8680391],[-93.4388502,44.8677649],[-93.4391063,44.8676268],[-93.4393768,44.867499],[-93.4397068,44.8673668],[-93.4400538,44.8672588],[-93.4407023,44.8670801]],[[-93.4407023,44.8670801],[-93.4409129,44.8670221],[-93.441296,44.8669105]],[[-93.441296,44.8669105],[-93.4414843,44.8668611],[-93.4418736,44.8667754],[-93.4422894,44.8667113],[-93.4425925,44.8666894],[-93.4427153,44.8666829]],[[-93.4427153,44.8666829],[-93.4428955,44.8666733],[-93.4431906,44.8666672],[-93.443282,44.8666653],[-93.4434476,44.8666593]],[[-93.4434476,44.8666593],[-93.4436004,44.8666542]],[[-93.4436004,44.8666542],[-93.4437197,44.8666507],[-93.4443015,44.86664]],[[-93.4443015,44.86664],[-93.4447551,44.8666317]],[[-93.4447551,44.8666317],[-93.445017,44.8666216],[-93.4453632,44.8666111],[-93.4457709,44.8665744],[-93.4461544,44.8665174],[-93.4463493,44.8664837]],[[-93.4463493,44.8664837],[-93.447111,44.8663578]],[[-93.447111,44.8663578],[-93.4481873,44.8661719]]]},"properties":{"id":"alpr-corridor-cr-39-10","layer":"alpr_corridor","name":"CR 39 — Valley View Road","county":"Hennepin County","state":"MN","countyFips":"27053","confidence":"probabilistic","sourceDate":null,"attributes":{"kind":"corridor","road":"CR 39","roadName":"Valley View Road","roadClass":"secondary","readerCount":4,"siteCount":4,"corridorMiles":0.5,"averageGapMiles":0.15,"medianGapMiles":0.09,"longestGapMiles":0.31,"countiesSpanned":1,"operatorCount":1,"operators":"Unknown","unattributedReaders":3,"siteOffsets":"0.00;0.07;0.15;0.46","siteReaders":"1;1;1;1","siteLngs":"-93.444700;-93.443352;-93.441638;-93.435894","siteLats":"44.866798;44.866931;44.867200;44.869025","pieceSpans":"0.46,0.46;0.4,0.46;0.46,0.46;0.46,0.46;0,0;0,0;0,0.02;0.02,0.05;0.05,0.06;0.06,0.12;0.12,0.16;0.16,0.31;0.31,0.33;0.33,0.37;0.37,0.4;0.46,0.46;0.4,0.46;0.19,0.4;0.16,0.19;0.09,0.16;0.06,0.09;0.05,0.06;0.02,0.05;0,0.02;0,0;0,0;0,0"}}},{"type":"Feature","geometry":{"type":"MultiLineString","coordinates":[[[-93.2994373,44.9995908],[-93.2995733,44.9996149],[-93.299758,44.9996305],[-93.2998294,44.9996309],[-93.2999509,44.9996321],[-93.3001497,44.9996226],[-93.3003464,44.9995935],[-93.3005484,44.9995516],[-93.3007077,44.9995208],[-93.3009589,44.9994729],[-93.3012344,44.9994536]],[[-93.3284154,45.023565],[-93.328482,45.0236875],[-93.3285774,45.023846],[-93.3286467,45.0239404],[-93.3287381,45.0240593],[-93.3288403,45.0241736],[-93.3289479,45.0242803],[-93.3290707,45.0243906],[-93.3291945,45.0244936],[-93.3294685,45.0246832],[-93.3298921,45.0249596],[-93.3307219,45.0255368],[-93.3311126,45.0258305],[-93.3313689,45.0260351],[-93.3316432,45.0262659],[-93.3319839,45.0265787],[-93.332313,45.0269019],[-93.3325309,45.0271255],[-93.3327458,45.0273621],[-93.3329496,45.0275817],[-93.3332708,45.0279271],[-93.3336006,45.0282612],[-93.3336899,45.0283525],[-93.3337343,45.0283942]],[[-93.288516,44.9991392],[-93.2886558,44.9991397],[-93.2894004,44.9991427],[-93.2895122,44.9991431],[-93.2896328,44.9991436],[-93.2902915,44.9991461],[-93.290432,44.9991467],[-93.2904777,44.9991469],[-93.2909541,44.9991487],[-93.2910476,44.9991491],[-93.291159,44.9991495],[-93.2924726,44.9991547],[-93.2925743,44.9991551],[-93.2926984,44.9991555],[-93.2940158,44.9991607],[-93.2941204,44.9991611]],[[-93.2835113,44.9990551],[-93.2821232,44.9990461]],[[-93.284555,44.999088],[-93.2841056,44.9990721],[-93.2839454,44.9990664]],[[-93.2821232,44.9990461],[-93.2820551,44.9990463],[-93.2819333,44.9990459]],[[-93.2818436,44.9991919],[-93.2819382,44.9991913]],[[-93.2941204,44.9991611],[-93.2942266,44.9991624],[-93.2948918,44.9991684],[-93.2952645,44.9991665],[-93.2955365,44.9991656],[-93.2956303,44.9991647],[-93.2957353,44.9991643],[-93.2963886,44.9991658]],[[-93.2963886,44.9991658],[-93.2970691,44.9991637],[-93.2971789,44.9991655]],[[-93.3172332,45.0118771],[-93.3176979,45.0123372],[-93.31813,45.012767],[-93.3183213,45.0129699]],[[-93.3183213,45.0129699],[-93.3189149,45.0136466]],[[-93.3192975,45.013783],[-93.318567,45.012843]],[[-93.3205035,45.0151534],[-93.3203853,45.0150506],[-93.3203111,45.0149791],[-93.3202271,45.014899],[-93.3201209,45.0147927],[-93.3200392,45.0147041],[-93.3199101,45.0145605],[-93.3198257,45.0144682],[-93.319719,45.014334],[-93.3195995,45.014189],[-93.3194962,45.0140561],[-93.3192975,45.013783]],[[-93.3189149,45.0136466],[-93.3194563,45.0142666],[-93.3197142,45.0145595],[-93.3198435,45.014712],[-93.3200371,45.0149117],[-93.3201642,45.015032],[-93.3202462,45.0151201]],[[-93.318567,45.012843],[-93.3185039,45.0127656]],[[-93.3333968,45.0278087],[-93.3331803,45.027587],[-93.3327114,45.0270908],[-93.3323424,45.0267207],[-93.332205,45.0265812],[-93.3319597,45.0263581],[-93.3318348,45.0262504],[-93.3316471,45.0260898],[-93.3314266,45.0259103],[-93.3309948,45.0255863],[-93.330497,45.0252223],[-93.3299477,45.0248462],[-93.3296044,45.0245975],[-93.329467,45.0245004],[-93.3292525,45.0243487],[-93.3291563,45.0242629],[-93.3290455,45.0241566]],[[-93.2839454,44.9990664],[-93.2835113,44.9990551]],[[-93.2849371,44.9991429],[-93.2848315,44.9991127],[-93.2847797,44.9990979],[-93.284555,44.999088]],[[-93.2819333,44.9990459],[-93.2818161,44.9990471]],[[-93.3217289,45.0162288],[-93.321648,45.0161605],[-93.3213732,45.0159156],[-93.320884,45.015503],[-93.3205035,45.0151534]],[[-93.3249731,45.0190743],[-93.3239184,45.0181565],[-93.3225573,45.0169647]],[[-93.3290455,45.0241566],[-93.3289546,45.024061],[-93.3288497,45.0239378],[-93.3287617,45.0238207],[-93.3286786,45.0236919]],[[-93.3286786,45.0236919],[-93.3286084,45.0235679],[-93.3284056,45.023181],[-93.3282033,45.0227971],[-93.328063,45.0225397],[-93.3279194,45.0222906],[-93.3277595,45.0220383],[-93.3276506,45.0218722],[-93.3272881,45.0213747]],[[-93.3272881,45.0213747],[-93.3271522,45.021205],[-93.3270439,45.0210719],[-93.3268634,45.0208638],[-93.3267235,45.0207055],[-93.3265734,45.020554]],[[-93.3225573,45.0169647],[-93.3225233,45.0169349],[-93.3218105,45.0163014],[-93.3217289,45.0162288]],[[-93.3265734,45.020554],[-93.3264421,45.0204123],[-93.326283,45.0202532],[-93.3260549,45.020036],[-93.3259163,45.0199096],[-93.3256481,45.0196723]],[[-93.3256481,45.0196723],[-93.3254013,45.0194539],[-93.3249731,45.0190743]],[[-93.3384852,45.0321971],[-93.3383175,45.0320775],[-93.3379839,45.0317989]],[[-93.3379839,45.0317989],[-93.3376825,45.0315463]],[[-93.3376825,45.0315463],[-93.3375301,45.0314129],[-93.3372,45.0311161]],[[-93.3372,45.0311161],[-93.3368142,45.0307755],[-93.3365084,45.0305231],[-93.3363537,45.0303955]],[[-93.3363537,45.0303955],[-93.3362474,45.0303078],[-93.3359573,45.0300685],[-93.3352055,45.029444],[-93.3348777,45.0291755],[-93.3348174,45.029121]],[[-93.3348174,45.029121],[-93.3345975,45.0289312]],[[-93.3345975,45.0289312],[-93.3343369,45.0286977],[-93.3340461,45.0284269],[-93.333913,45.028311]],[[-93.333913,45.028311],[-93.3337737,45.0281757],[-93.3335087,45.0279176],[-93.3333968,45.0278087]],[[-93.3374859,45.0316081],[-93.3379106,45.0319891]],[[-93.3379106,45.0319891],[-93.3381318,45.0321746],[-93.3382693,45.0323008]],[[-93.3371729,45.0313428],[-93.3374859,45.0316081]],[[-93.2849371,44.9991429],[-93.2850591,44.9991421],[-93.2856653,44.9991435],[-93.2868214,44.9991424],[-93.2873321,44.9991419],[-93.2875562,44.9991406]],[[-93.2880045,44.9991392],[-93.2881245,44.9991374],[-93.288516,44.9991392]],[[-93.2971789,44.9991655],[-93.2972875,44.9991716],[-93.2975044,44.9991743],[-93.2977055,44.9991779],[-93.297742,44.9991797],[-93.2979492,44.9992181]],[[-93.3202462,45.0151201],[-93.3206093,45.0154484],[-93.3209011,45.0157032],[-93.3213904,45.016134],[-93.3215588,45.0162748]],[[-93.3215588,45.0162748],[-93.321672,45.0163751],[-93.3223517,45.0169774],[-93.3248383,45.0191582],[-93.3248837,45.019198],[-93.325023,45.0193182],[-93.3253718,45.0196305],[-93.3256017,45.0198326],[-93.3257521,45.0199674],[-93.3261282,45.0203204],[-93.3262526,45.0204468],[-93.3263729,45.0205689],[-93.3264887,45.0206784],[-93.3265188,45.0207112],[-93.3266947,45.0209028],[-93.3269093,45.0211516],[-93.3270312,45.0213089],[-93.3272729,45.021628],[-93.3275617,45.0220386],[-93.3277311,45.0223036],[-93.327941,45.0226683],[-93.3281427,45.0230441],[-93.3281765,45.0231138]],[[-93.3281765,45.0231138],[-93.3284154,45.023565]],[[-93.2979492,44.9992181],[-93.2982706,44.9993054],[-93.298765,44.9994491],[-93.2989396,44.9994902],[-93.2990647,44.9995197]],[[-93.2990647,44.9995197],[-93.2991578,44.9995339],[-93.2993872,44.9995819],[-93.2994373,44.9995908]],[[-93.2875562,44.9991406],[-93.2878719,44.999139],[-93.2880045,44.9991392]],[[-93.3337343,45.0283942],[-93.3338756,45.028516],[-93.3341706,45.0287772],[-93.3345139,45.0290744],[-93.3347286,45.0292466],[-93.3351455,45.0295914],[-93.3357572,45.0300956],[-93.3361073,45.0303951],[-93.3362117,45.0304843],[-93.3363588,45.0306114],[-93.3368412,45.0310617],[-93.3371729,45.0313428]]]},"properties":{"id":"alpr-corridor-cr-81-11","layer":"alpr_corridor","name":"CR 81 — West Broadway Avenue","county":"Hennepin County","state":"MN","countyFips":"27053","confidence":"probabilistic","sourceDate":null,"attributes":{"kind":"corridor","road":"CR 81","roadName":"West Broadway Avenue","roadClass":"primary","readerCount":4,"siteCount":4,"corridorMiles":3.4,"averageGapMiles":1.14,"medianGapMiles":0.39,"longestGapMiles":2.9,"countiesSpanned":1,"operatorCount":1,"operators":"Minneapolis Police Department","unattributedReaders":1,"siteOffsets":"0.00;2.90;3.29;3.42","siteReaders":"1;1;1;1","siteLngs":"-93.335978;-93.295796;-93.287817;-93.285121","siteLats":"45.030157;44.999216;44.999101;44.999205","pieceSpans":"2.71,2.76;0.16,0.58;2.98,3.26;3.42,3.42;3.42,3.42;3.42,3.42;3.42,3.42;2.88,2.98;2.86,2.88;1.46,1.55;1.4,1.46;1.38,1.45;1.27,1.38;1.28,1.4;1.45,1.46;0.2,0.53;3.42,3.42;3.42,3.42;3.42,3.42;1.18,1.27;0.93,1.11;0.53,0.57;0.57,0.73;0.73,0.8;1.11,1.18;0.8,0.87;0.87,0.93;0,0;0,0;0,0;0,0;0,0.09;0.09,0.11;0.11,0.16;0.16,0.2;0,0;0,0;0,0;3.3,3.42;3.26,3.28;2.83,2.86;1.18,1.28;0.62,1.18;0.58,0.62;2.78,2.83;2.76,2.78;3.28,3.3;0,0.16"}}},{"type":"Feature","geometry":{"type":"MultiLineString","coordinates":[[[-93.340378,44.876354],[-93.341843,44.876358],[-93.343091,44.876354],[-93.3442501,44.8763541]],[[-93.3534325,44.8755557],[-93.3541014,44.8754166],[-93.354401,44.8753649],[-93.3545053,44.8753047],[-93.3545216,44.8752264]],[[-93.353447,44.875145],[-93.35334,44.875298],[-93.353203,44.875435],[-93.353027,44.875561],[-93.352837,44.87566],[-93.352623,44.87574],[-93.352389,44.8758255],[-93.3522955,44.8758474],[-93.3521707,44.8758766]],[[-93.3223385,44.8763611],[-93.3225855,44.8763909],[-93.3227881,44.876396],[-93.3229356,44.876396],[-93.3230489,44.8764262]],[[-93.3250978,44.8762998],[-93.3250278,44.8763067],[-93.3249044,44.8763219],[-93.3234882,44.8763352],[-93.3233374,44.8763067]],[[-93.3230688,44.8762817],[-93.3229651,44.8763009],[-93.3227747,44.8763238],[-93.3225612,44.8763357],[-93.3223385,44.8763611]],[[-93.3268961,44.8764193],[-93.3271737,44.8763875],[-93.3276675,44.8763864],[-93.328625,44.876384],[-93.3287326,44.8763837],[-93.3288514,44.8763392]],[[-93.3253746,44.8764061],[-93.3264696,44.8763838],[-93.3266626,44.8764118]],[[-93.3288514,44.8763392],[-93.3287397,44.8762968],[-93.3286237,44.8762975],[-93.3279063,44.8763021],[-93.3277587,44.8762967],[-93.3270504,44.87632],[-93.3269064,44.8762974]],[[-93.326663,44.8762944],[-93.3264646,44.8763147],[-93.3253915,44.8763348]],[[-93.3290887,44.8763374],[-93.3288514,44.8763392]],[[-93.3245215,44.8763887],[-93.3249366,44.8763827],[-93.3250304,44.8763884],[-93.3250916,44.8763969]],[[-93.3192485,44.8763657],[-93.3201874,44.8763652],[-93.320388,44.8763651],[-93.3210356,44.8763648],[-93.3211241,44.8763648]],[[-93.3545216,44.8752264],[-93.3547944,44.8752336],[-93.355158,44.8752344],[-93.3553971,44.8752254]],[[-93.3312929,44.8763449],[-93.3315,44.8763658],[-93.3315932,44.876379],[-93.3316577,44.8763925],[-93.3316987,44.8764038],[-93.3317194,44.8764096],[-93.3317596,44.8764305],[-93.331793,44.8764558],[-93.3318253,44.8764779],[-93.3318415,44.8764935]],[[-93.333122,44.8763423],[-93.3328903,44.8763604],[-93.33287,44.876362],[-93.3327628,44.8763696],[-93.3327226,44.8763724],[-93.3326581,44.876383],[-93.3325884,44.8763982],[-93.3325427,44.8764075],[-93.3324838,44.8764153],[-93.3324328,44.8764172],[-93.3323789,44.8764139],[-93.3323683,44.8764143],[-93.3323254,44.8764056],[-93.3322718,44.8763942],[-93.3321852,44.876365]],[[-93.3319853,44.8763135],[-93.3319098,44.8763221],[-93.3318615,44.8763297],[-93.3318213,44.8763316],[-93.3317434,44.8763333],[-93.3317202,44.8763338],[-93.3315559,44.8763372],[-93.3314993,44.8763389],[-93.3312929,44.8763449]],[[-93.3321553,44.8765566],[-93.3321967,44.8765462],[-93.3322396,44.8765348],[-93.3322853,44.8765274],[-93.3323762,44.8765068],[-93.3326635,44.8764419],[-93.3327237,44.8764271],[-93.3327713,44.876417],[-93.3329687,44.8763748],[-93.333122,44.8763423]],[[-93.3512444,44.8759618],[-93.3500173,44.876154],[-93.3496742,44.8761846],[-93.3494867,44.8762078],[-93.3486494,44.8763113],[-93.348486,44.8763765]],[[-93.348486,44.8763765],[-93.3488773,44.8764038],[-93.3494969,44.8763867],[-93.3496711,44.8763664],[-93.3502614,44.8763107],[-93.3508246,44.8762327],[-93.3513094,44.8761452]],[[-93.3213393,44.8763653],[-93.321452,44.8763645],[-93.3223385,44.8763611]],[[-93.3312929,44.8763449],[-93.3309998,44.8763445],[-93.3306952,44.876344],[-93.3302094,44.8763433],[-93.330025,44.876343]],[[-93.3553971,44.8752254],[-93.3555297,44.8752193],[-93.3556941,44.8752129]],[[-93.3556941,44.8752129],[-93.3557253,44.8752113],[-93.3559769,44.8752066],[-93.356232,44.875213]],[[-93.3297773,44.8763415],[-93.3297191,44.8763412],[-93.3292719,44.8763419],[-93.3290887,44.8763374]],[[-93.330025,44.876343],[-93.3297773,44.8763415]],[[-93.3467981,44.8763637],[-93.3475136,44.8763691],[-93.3477629,44.876371],[-93.348486,44.8763765]],[[-93.3513094,44.8761452],[-93.3514093,44.8761244],[-93.3514203,44.8761215],[-93.352104,44.87594],[-93.3521707,44.8758766]],[[-93.3521707,44.8758766],[-93.351399,44.8759476],[-93.3512444,44.8759618]],[[-93.3442501,44.8763541],[-93.3458213,44.876357],[-93.345929,44.8763572],[-93.3467981,44.8763637]],[[-93.3211241,44.8763648],[-93.3213393,44.8763653]],[[-93.3233275,44.8764307],[-93.323405,44.8764112],[-93.3234855,44.8764036],[-93.3239566,44.8763968]],[[-93.3239566,44.8763968],[-93.3245215,44.8763887]],[[-93.333122,44.8763423],[-93.3339086,44.8763452]],[[-93.3349879,44.8763476],[-93.336044,44.87635],[-93.3372503,44.8763511]],[[-93.3372503,44.8763511],[-93.3391979,44.8763522]],[[-93.3391979,44.8763522],[-93.340378,44.876354]],[[-93.3339086,44.8763452],[-93.3349879,44.8763476]]]},"properties":{"id":"alpr-corridor-west-70th-street-12","layer":"alpr_corridor","name":"West 70th Street","county":"Hennepin County","state":"MN","countyFips":"27053","confidence":"probabilistic","sourceDate":null,"attributes":{"kind":"corridor","road":"West 70th Street","roadName":null,"roadClass":"tertiary","readerCount":4,"siteCount":4,"corridorMiles":1.5,"averageGapMiles":0.5,"medianGapMiles":0.27,"longestGapMiles":1,"countiesSpanned":1,"operatorCount":1,"operators":"Edina Police Department","unattributedReaders":3,"siteOffsets":"0.00;0.27;1.27;1.49","siteReaders":"1;1;1;1","siteLngs":"-93.353344;-93.347915;-93.327559;-93.322962","siteLats":"44.875491;44.876310;44.876485;44.876493","pieceSpans":"0.45,0.64;0,0;0,0.06;1.49,1.49;1.39,1.48;1.49,1.49;1.21,1.3;1.31,1.38;1.21,1.3;1.31,1.37;1.19,1.21;1.39,1.42;1.49,1.49;0,0;1.06,1.09;1,1.04;1.05,1.09;1,1.04;0.11,0.25;0.11,0.25;1.49,1.49;1.09,1.15;0,0;0,0;1.16,1.19;1.15,1.16;0.25,0.33;0.06,0.11;0.06,0.11;0.33,0.45;1.49,1.49;1.44,1.48;1.42,1.44;0.96,1;0.79,0.9;0.7,0.79;0.64,0.7;0.9,0.96"}}},{"type":"Feature","geometry":{"type":"MultiLineString","coordinates":[[[-93.3365715,45.1512022],[-93.3366128,45.1512331],[-93.3367413,45.1513315],[-93.3368906,45.1514371],[-93.3371743,45.15161]],[[-93.2403493,45.168142],[-93.2385714,45.1681494]],[[-93.2686645,45.1699573],[-93.268115,45.1695138]],[[-93.2663724,45.1682835],[-93.2664581,45.1683216],[-93.2665526,45.1683653],[-93.2666925,45.1684572],[-93.2667962,45.1685322],[-93.2671051,45.1687792],[-93.2673892,45.1689996]],[[-93.2657863,45.1680012],[-93.2655739,45.1679753],[-93.2653362,45.1679683],[-93.2645961,45.1679718]],[[-93.2118322,45.1677538],[-93.2117195,45.1677295],[-93.2106821,45.1675057],[-93.2100985,45.1674331],[-93.2092831,45.1674089],[-93.2088024,45.1674392]],[[-93.208811,45.1675178],[-93.2093002,45.1674876],[-93.210107,45.1675178],[-93.2106392,45.1675783],[-93.2116456,45.1677918],[-93.2117807,45.1678204]],[[-93.25569,45.1681772],[-93.2558096,45.1681766],[-93.2562794,45.1681745],[-93.2589903,45.1681694],[-93.259653,45.168163],[-93.2603038,45.1681329],[-93.26093,45.1681025],[-93.2615518,45.1680914],[-93.2622709,45.1680901],[-93.2628559,45.16809],[-93.2636107,45.1680858],[-93.2637715,45.168085],[-93.2645986,45.1680875]],[[-93.2677771,45.1692483],[-93.2674693,45.1689459]],[[-93.3382711,45.15229],[-93.3383512,45.1523436],[-93.3386494,45.1525389],[-93.3387755,45.1526166],[-93.3403061,45.1535817],[-93.3407046,45.1538332]],[[-93.2663763,45.1681652],[-93.2662011,45.168104]],[[-93.255702,45.1680763],[-93.2539987,45.1680937],[-93.2526844,45.1681066],[-93.25121,45.168121]],[[-93.251205,45.168228],[-93.2526897,45.168206],[-93.2539933,45.1681947],[-93.2551117,45.1681832],[-93.25569,45.1681772]],[[-93.2364987,45.1681656],[-93.2362414,45.1681669],[-93.2357865,45.1681687],[-93.2353837,45.1681667],[-93.2352465,45.1681636]],[[-93.2373049,45.1681593],[-93.2372208,45.16816],[-93.2364987,45.1681656]],[[-93.2348587,45.1681545],[-93.2347011,45.1681495],[-93.2332169,45.1681266],[-93.2326322,45.168119],[-93.2318043,45.1681116]],[[-93.2318043,45.1681116],[-93.2313685,45.168105]],[[-93.2187437,45.1680424],[-93.2148599,45.1680623],[-93.2141684,45.1680566]],[[-93.3416043,45.154399],[-93.3417622,45.1544959]],[[-93.3378758,45.1520401],[-93.3382711,45.15229]],[[-93.3371743,45.15161],[-93.3374685,45.151793],[-93.3377601,45.1519662]],[[-93.3359921,45.1506303],[-93.3362962,45.1509411],[-93.3364339,45.1510717]],[[-93.25121,45.168121],[-93.2507736,45.168125],[-93.2501953,45.1681304],[-93.2500334,45.1681299]],[[-93.3407046,45.1538332],[-93.3412002,45.1541471],[-93.3413194,45.1542185],[-93.3416043,45.154399]],[[-93.2645961,45.1679718],[-93.2637711,45.167974],[-93.2636122,45.1679749],[-93.2635013,45.1679759],[-93.2628576,45.1679829],[-93.2622722,45.1679807],[-93.261551,45.1679826],[-93.2602917,45.1680319],[-93.2596453,45.1680516],[-93.2589915,45.1680623],[-93.2558074,45.1680759],[-93.255702,45.1680763]],[[-93.2645986,45.1680875],[-93.2649431,45.16809]],[[-93.2652587,45.1680849],[-93.265567,45.1680834],[-93.2656845,45.1680969],[-93.265697,45.1680983],[-93.2658,45.1681101],[-93.2661048,45.1681819],[-93.2661936,45.1682134]],[[-93.2313685,45.168105],[-93.2301976,45.1680939],[-93.2299854,45.1680921]],[[-93.2299854,45.1680921],[-93.2298074,45.1680787],[-93.2283997,45.1680743],[-93.2263773,45.1680768],[-93.2247679,45.1680721],[-93.2239431,45.1680627]],[[-93.2239431,45.1680627],[-93.2230608,45.1680559],[-93.2226324,45.1680606]],[[-93.2226324,45.1680606],[-93.2209753,45.1680585],[-93.2209146,45.1680581]],[[-93.2209146,45.1680581],[-93.2197583,45.1680497]],[[-93.2197583,45.1680497],[-93.2187437,45.1680424]],[[-93.2141684,45.1680566],[-93.2139479,45.1680548],[-93.2133793,45.1680094],[-93.2128536,45.1679299],[-93.212184,45.1678175],[-93.2120254,45.1677907]],[[-93.2120254,45.1677907],[-93.2118322,45.1677538]],[[-93.2649431,45.16809],[-93.2652587,45.1680849]],[[-93.2352465,45.1681636],[-93.2348587,45.1681545]],[[-93.2500334,45.1681299],[-93.2492437,45.1681274]],[[-93.2661936,45.1682134],[-93.2663724,45.1682835]],[[-93.2492437,45.1681274],[-93.2491193,45.1681271],[-93.2477631,45.1681236]],[[-93.2477631,45.1681236],[-93.2467491,45.168121]],[[-93.2467491,45.168121],[-93.2453024,45.1681241]],[[-93.2453024,45.1681241],[-93.244891,45.168125],[-93.2442294,45.168126]],[[-93.2442294,45.168126],[-93.2436299,45.1681268]],[[-93.2436299,45.1681268],[-93.242818,45.168128]],[[-93.242818,45.168128],[-93.241586,45.168128],[-93.2414138,45.1681299]],[[-93.2414138,45.1681299],[-93.2403493,45.168142]],[[-93.2385714,45.1681494],[-93.238418,45.16815],[-93.2376653,45.1681563],[-93.2373049,45.1681593]],[[-93.2662011,45.168104],[-93.2661153,45.1680821],[-93.2657863,45.1680012]],[[-93.2673892,45.1689996],[-93.2677771,45.1692483]],[[-93.2674693,45.1689459],[-93.2672251,45.1687226]],[[-93.2678488,45.1693046],[-93.2677771,45.1692483]],[[-93.2672251,45.1687226],[-93.2669264,45.1684769],[-93.266755,45.168358],[-93.2666098,45.1682693],[-93.2664676,45.1682043],[-93.2664567,45.1681996],[-93.2663763,45.1681652]],[[-93.268115,45.1695138],[-93.2678488,45.1693046]],[[-93.3364339,45.1510717],[-93.3365715,45.1512022]],[[-93.3377601,45.1519662],[-93.3378758,45.1520401]]]},"properties":{"id":"alpr-corridor-cr-12-13","layer":"alpr_corridor","name":"CR 12 — 109th Avenue Northeast","county":"Anoka County","state":"MN","countyFips":"27003","confidence":"probabilistic","sourceDate":null,"attributes":{"kind":"corridor","road":"CR 12","roadName":"109th Avenue Northeast","roadClass":"secondary","readerCount":4,"siteCount":4,"corridorMiles":6.3,"averageGapMiles":2.1,"medianGapMiles":1.59,"longestGapMiles":3.7,"countiesSpanned":2,"operatorCount":1,"operators":"Blaine PD","unattributedReaders":3,"siteOffsets":"0.00;3.70;5.29;6.31","siteReaders":"1;1;1;1","siteLngs":"-93.338924;-93.266081;-93.233511;-93.212445","siteLats":"45.152836;45.168034;45.168021;45.167680","pieceSpans":"0.06,0.08;4.95,5.04;3.62,3.63;3.66,3.69;3.71,3.77;6.31,6.31;6.31,6.31;3.77,4.21;3.64,3.65;0,0.02;3.69,3.7;4.21,4.42;4.21,4.42;5.14,5.2;5.1,5.14;5.22,5.37;5.37,5.39;6.01,6.23;0,0;0.02,0.03;0.04,0.06;0.08,0.09;4.42,4.48;0,0;3.77,4.21;3.76,3.77;3.7,3.74;5.39,5.46;5.46,5.75;5.75,5.82;5.82,5.9;5.9,5.96;5.96,6.01;6.23,6.31;6.31,6.31;3.74,3.76;5.2,5.22;4.48,4.52;3.69,3.7;4.52,4.59;4.59,4.64;4.64,4.71;4.71,4.76;4.76,4.79;4.79,4.83;4.83,4.9;4.9,4.95;5.04,5.1;3.7,3.71;3.64,3.66;3.65,3.66;3.64,3.64;3.66,3.69;3.63,3.64;0.08,0.08;0.03,0.04"}}},{"type":"Feature","geometry":{"type":"MultiLineString","coordinates":[[[-93.3804106,45.0219091],[-93.3807978,45.0219065],[-93.3809427,45.0219063],[-93.3810719,45.021906],[-93.3812365,45.0219075],[-93.3820008,45.0219099],[-93.382314,45.0219109],[-93.3833586,45.0219231],[-93.3844246,45.0219294],[-93.3855858,45.0219355],[-93.3867327,45.021945],[-93.3879021,45.0219496],[-93.3902638,45.021966],[-93.390396,45.0219681]],[[-93.3701708,45.0218921],[-93.3717239,45.0218932],[-93.3718106,45.0218937],[-93.3726793,45.0218978],[-93.3738593,45.021901],[-93.3740482,45.0219011],[-93.3746613,45.0219013],[-93.3748924,45.0219014],[-93.3757293,45.0219031],[-93.3773816,45.0219036],[-93.3778434,45.0219017],[-93.3781299,45.0219006],[-93.3783816,45.0219021],[-93.379377,45.0218916],[-93.3796023,45.0218951]],[[-93.367638,45.021877],[-93.367874,45.021878],[-93.3695077,45.021883],[-93.3701708,45.0218921]],[[-93.399945,45.0220268],[-93.4000781,45.0220278],[-93.4002626,45.0220293]],[[-93.4012754,45.0220293],[-93.4015544,45.0220276]],[[-93.4015544,45.0220276],[-93.4016714,45.0220267],[-93.4019912,45.0220289],[-93.4028551,45.0220309]],[[-93.4054733,45.022025],[-93.4050763,45.0220208],[-93.4048505,45.0220218],[-93.4043606,45.0220233],[-93.4028551,45.0220309]],[[-93.4012754,45.0220293],[-93.4002626,45.0220293]],[[-93.390396,45.0219681],[-93.3905333,45.0219674],[-93.3918741,45.021979],[-93.3932474,45.0219875],[-93.3940673,45.0219935],[-93.3942282,45.0219946],[-93.3943708,45.0219956],[-93.3946685,45.0219978],[-93.3954781,45.0220026],[-93.396649,45.0220134],[-93.3981188,45.0220188],[-93.3986275,45.0220259],[-93.399079,45.0220267],[-93.399945,45.0220268]],[[-93.3796023,45.0218951],[-93.3796364,45.0218956],[-93.3800184,45.0219016],[-93.38015,45.0219036]],[[-93.38015,45.0219036],[-93.380303,45.0219033]],[[-93.380303,45.0219033],[-93.3804106,45.0219091]]]},"properties":{"id":"alpr-corridor-36th-avenue-north-17","layer":"alpr_corridor","name":"36th Avenue North","county":"Hennepin County","state":"MN","countyFips":"27053","confidence":"probabilistic","sourceDate":null,"attributes":{"kind":"corridor","road":"36th Avenue North","roadName":null,"roadClass":"tertiary","readerCount":4,"siteCount":4,"corridorMiles":1.5,"averageGapMiles":0.51,"medianGapMiles":0.12,"longestGapMiles":1.34,"countiesSpanned":1,"operatorCount":0,"operators":null,"unattributedReaders":4,"siteOffsets":"0.00;0.12;1.46;1.53","siteReaders":"1;1;1;1","siteLngs":"-93.402261;-93.399800;-93.372459;-93.371059","siteLats":"45.022132;45.021941;45.021799;45.021994","pieceSpans":"0.58,1.07;1.11,1.53;1.53,1.53;0.1,0.11;0.04,0.05;0,0.04;0,0;0.05,0.1;0.11,0.58;1.08,1.11;1.07,1.08;1.07,1.07"}}},{"type":"Feature","geometry":{"type":"MultiLineString","coordinates":[[[-93.2873307,44.6870115],[-93.2875001,44.6868088],[-93.2875248,44.6867841],[-93.2875584,44.6867541],[-93.2876012,44.6867175],[-93.287644,44.6866863],[-93.2876981,44.6866477],[-93.2877424,44.6866144],[-93.2877955,44.6865772],[-93.2878453,44.6865493],[-93.2878998,44.686521],[-93.2879788,44.6864821],[-93.288416,44.6863022],[-93.2884909,44.6862691],[-93.288592,44.6862086],[-93.2886768,44.6861563],[-93.2887475,44.6861028],[-93.2888096,44.6860366],[-93.2888735,44.6859521],[-93.2889248,44.6858756],[-93.2889545,44.6858114],[-93.288982,44.6857349],[-93.2889943,44.6856566],[-93.2890052,44.6855805],[-93.2889882,44.6854869],[-93.2889579,44.6853978],[-93.2888916,44.6852605],[-93.2887648,44.6850896],[-93.2884392,44.6846997],[-93.2882847,44.6843641],[-93.2883018,44.6840712],[-93.2884134,44.6838149],[-93.2887492,44.6834941],[-93.289144,44.6831078],[-93.2895855,44.6827813],[-93.2898922,44.6825252]],[[-93.2805344,44.7153417],[-93.280493,44.715274],[-93.2804601,44.7152272],[-93.2804305,44.7151878],[-93.2804019,44.7151594],[-93.2803651,44.7151238],[-93.280331,44.715093],[-93.280282,44.715055],[-93.2802421,44.7150275],[-93.2801942,44.7149967],[-93.2801455,44.7149689],[-93.2800942,44.7149486],[-93.2798791,44.7148644],[-93.2798017,44.7148332],[-93.2797271,44.7147957],[-93.2796732,44.7147641],[-93.279636,44.714736],[-93.2795979,44.7147068],[-93.2795636,44.7146782],[-93.2795174,44.7146318],[-93.2794767,44.7145841],[-93.2794363,44.7145333],[-93.2794014,44.7144862],[-93.279382,44.714448],[-93.2793596,44.7144038],[-93.2793458,44.7143606],[-93.2793375,44.7143252],[-93.2793301,44.714277],[-93.279327,44.7142342],[-93.2793253,44.7140999],[-93.2793247,44.7140574],[-93.2793195,44.7139548]],[[-93.2793195,44.7139548],[-93.2793127,44.7138246]],[[-93.2842187,44.6962572],[-93.2842311,44.6961781],[-93.2842058,44.6961408],[-93.2841925,44.6961148],[-93.2841839,44.6961009],[-93.284179,44.6960838],[-93.2841738,44.6960636],[-93.2841734,44.6960314],[-93.2841761,44.6959881]],[[-93.2840709,44.6958228],[-93.2840111,44.6957937],[-93.2839767,44.6957734],[-93.2839599,44.6957581],[-93.2839382,44.6957358],[-93.2839306,44.6957282],[-93.2839041,44.6957006],[-93.2838276,44.6956766]],[[-93.2837217,44.7103574],[-93.283848,44.7096603],[-93.2839955,44.708852],[-93.2840028,44.7088173],[-93.2840143,44.7087498],[-93.2840207,44.708692],[-93.2840296,44.7086316],[-93.2840321,44.7085606],[-93.2840356,44.7084856],[-93.2840334,44.7084162],[-93.2840256,44.708347],[-93.2840144,44.7082641],[-93.2840008,44.7081991],[-93.2839901,44.7081397],[-93.2839677,44.7080564],[-93.283945,44.7079821],[-93.2839,44.7078728],[-93.2838147,44.7076599],[-93.2837147,44.7074443],[-93.2836804,44.707361],[-93.2836634,44.7073198],[-93.2836387,44.7072592],[-93.2836192,44.7071859],[-93.2836079,44.7071154],[-93.2835909,44.7070319],[-93.283582,44.7069626],[-93.2835712,44.7068834],[-93.2835699,44.7068224],[-93.283572,44.7067362],[-93.2835753,44.7066608],[-93.2835777,44.7066388],[-93.2835816,44.7066019],[-93.2835874,44.7065319],[-93.2836058,44.7064578],[-93.2836228,44.7063825],[-93.2836447,44.7062997],[-93.2836622,44.706242],[-93.2836924,44.7061663],[-93.2837278,44.7060815],[-93.2837595,44.7060106],[-93.2837992,44.7059342],[-93.2838392,44.7058722],[-93.2843048,44.705147],[-93.2843765,44.7050387],[-93.2846985,44.7045451],[-93.2847229,44.7045099],[-93.2847667,44.704447],[-93.284817,44.7043677],[-93.2848717,44.7042783],[-93.2849068,44.7042116],[-93.2849406,44.7041407],[-93.2849632,44.7040898],[-93.2849876,44.7040175],[-93.2850206,44.703919],[-93.2850932,44.7036569],[-93.2852087,44.703249],[-93.2852958,44.7029385],[-93.2854804,44.7023908],[-93.2855225,44.7022805],[-93.2855661,44.7021561],[-93.2856995,44.7018224],[-93.2857294,44.70175],[-93.2857642,44.701666],[-93.2859047,44.7013555],[-93.2859904,44.7011728],[-93.2861042,44.7009396],[-93.2863055,44.7005594],[-93.2867616,44.6997162],[-93.2868993,44.699448],[-93.2869483,44.6993526],[-93.2869854,44.6992732],[-93.287009,44.6992086],[-93.2870215,44.6991599],[-93.2870225,44.6990986],[-93.2870171,44.6990329],[-93.2869954,44.6989514],[-93.2869732,44.698907],[-93.2869496,44.6988556],[-93.2868946,44.6987791]],[[-93.290198,44.6814267],[-93.2901959,44.6815443],[-93.2901953,44.6816082],[-93.29019,44.6817433],[-93.2901924,44.6817857],[-93.2901974,44.6818342],[-93.290199,44.6818782],[-93.2901923,44.6819326],[-93.2901806,44.6819846],[-93.2901559,44.6820587],[-93.2900954,44.6821754],[-93.290003,44.6823068],[-93.2899356,44.6823897],[-93.2898922,44.6825252]],[[-93.2898922,44.6825252],[-93.2900674,44.6824577],[-93.2902271,44.6823127],[-93.2903195,44.6821813],[-93.29038,44.6820646],[-93.2904255,44.6819311],[-93.2904405,44.681788],[-93.290438,44.6815641],[-93.2904377,44.681539],[-93.2904407,44.6814229]],[[-93.2848475,44.6938392],[-93.2846143,44.6938998]],[[-93.2846143,44.6938998],[-93.2844656,44.6939431],[-93.2843873,44.6939659],[-93.2842298,44.6940383],[-93.2840674,44.694126]],[[-93.2840674,44.694126],[-93.2839409,44.6942119]],[[-93.2836729,44.6955232],[-93.2837422,44.6955936]],[[-93.2837422,44.6955936],[-93.2838276,44.6956766]],[[-93.2902043,44.6812645],[-93.290198,44.6814267]],[[-93.2910736,44.6794642],[-93.290933,44.6795606],[-93.2908613,44.6796097],[-93.2906963,44.6797213],[-93.2905622,44.6798348],[-93.290294,44.6801599]],[[-93.290294,44.6801599],[-93.2902417,44.6803058],[-93.2902162,44.680427],[-93.2902068,44.6805748],[-93.2902087,44.6811088],[-93.2902043,44.6812645]],[[-93.2904403,44.6812583],[-93.2904378,44.6811102],[-93.2904304,44.6806079]],[[-93.2904407,44.6814229],[-93.2904403,44.6812583]],[[-93.2904304,44.6806079],[-93.2904509,44.6803354],[-93.2905099,44.6801826],[-93.2906289,44.6799932],[-93.2910474,44.6796235],[-93.2911485,44.6795532],[-93.2913569,44.6794139]],[[-93.2838276,44.6956766],[-93.2838189,44.695729],[-93.283833,44.6957494],[-93.2838436,44.6957662],[-93.2838489,44.6957795],[-93.283855,44.6957956],[-93.2838633,44.695824],[-93.2838662,44.695839],[-93.2838704,44.6958843]],[[-93.2839923,44.6960548],[-93.2840336,44.6960808],[-93.2840526,44.6960967],[-93.2840764,44.696118],[-93.2840925,44.6961363],[-93.2841107,44.6961601],[-93.2841398,44.6962001],[-93.2842187,44.6962572]],[[-93.2868946,44.6987791],[-93.2868568,44.6987444],[-93.286783,44.6986868],[-93.2867357,44.6986527],[-93.2866887,44.6986266],[-93.2866467,44.6986071],[-93.2865875,44.6985799],[-93.2865329,44.6985583],[-93.2864865,44.6985439],[-93.2864303,44.6985302],[-93.2863349,44.6985084],[-93.2862634,44.6984942],[-93.2861964,44.6984796],[-93.2861023,44.6984566],[-93.2860394,44.6984415],[-93.2859689,44.6984192],[-93.2859077,44.6983968],[-93.2858789,44.6983841],[-93.2858591,44.6983753],[-93.2858098,44.6983527],[-93.2857613,44.6983277],[-93.2856957,44.6982871],[-93.2856351,44.6982478],[-93.2855396,44.698155],[-93.2855003,44.6981096],[-93.2854456,44.6980412],[-93.2854209,44.6980054],[-93.285336,44.6978733],[-93.2852635,44.6977667],[-93.285219,44.69771],[-93.2851909,44.6976769],[-93.2851422,44.6976251],[-93.2848365,44.6973485],[-93.2847726,44.6972841],[-93.2847177,44.6972198],[-93.2846799,44.6971611],[-93.2846383,44.6970824],[-93.2846014,44.6970134],[-93.2845678,44.696947],[-93.2843442,44.6965032],[-93.284331,44.696479],[-93.2842563,44.6963304],[-93.2842187,44.6962572]],[[-93.2793127,44.7138246],[-93.279309,44.7137343],[-93.2793088,44.7136959],[-93.2793092,44.7134187],[-93.2793139,44.7132606],[-93.2793151,44.7131196],[-93.2793157,44.7130701],[-93.2793166,44.7130392],[-93.2793191,44.7130135],[-93.2793262,44.7129802],[-93.2793418,44.712941],[-93.2793613,44.7128931],[-93.2793819,44.7128487],[-93.2794022,44.7128136],[-93.279426,44.7127808],[-93.2794594,44.7127389],[-93.2794948,44.7126956],[-93.2795316,44.7126527],[-93.2795706,44.7126112],[-93.2796099,44.7125719],[-93.279654,44.7125315],[-93.2796863,44.7125058],[-93.2797122,44.7124868],[-93.2797321,44.7124741],[-93.2797609,44.7124568],[-93.2798117,44.7124296],[-93.2799073,44.712381],[-93.2799763,44.7123495],[-93.2800435,44.7123208],[-93.2801176,44.7122956],[-93.2801961,44.7122712],[-93.2802978,44.7122472],[-93.2803759,44.712231],[-93.2804648,44.712218],[-93.280548,44.71221],[-93.2806586,44.7122025],[-93.2808177,44.7121957],[-93.2810248,44.7121923],[-93.2811261,44.7121913],[-93.2821321,44.7121811],[-93.2822405,44.7121801],[-93.2823529,44.7121763],[-93.2824704,44.7121653],[-93.2825675,44.7121494],[-93.2826544,44.7121314],[-93.2827411,44.7121065],[-93.2828331,44.7120752],[-93.2829123,44.7120449],[-93.2829336,44.7120355],[-93.2829808,44.7120148],[-93.2830657,44.7119713],[-93.2831032,44.7119473],[-93.2831229,44.7119345],[-93.2831556,44.7119117],[-93.2832066,44.7118713],[-93.2832666,44.7118238],[-93.2833206,44.7117733],[-93.2833667,44.7117226],[-93.2834042,44.711669],[-93.2834404,44.7116172],[-93.2834704,44.7115591],[-93.2834971,44.7115014],[-93.2835166,44.7114473],[-93.2835308,44.7113938],[-93.283558,44.7112614],[-93.2836342,44.7108402],[-93.2836493,44.7107568]],[[-93.2836493,44.7107568],[-93.2837217,44.7103574]]]},"properties":{"id":"alpr-corridor-kenrick-avenue-18","layer":"alpr_corridor","name":"Kenrick Avenue","county":"Dakota County","state":"MN","countyFips":"27037","confidence":"probabilistic","sourceDate":null,"attributes":{"kind":"corridor","road":"Kenrick Avenue","roadName":null,"roadClass":"tertiary","readerCount":4,"siteCount":4,"corridorMiles":2.3,"averageGapMiles":0.76,"medianGapMiles":0.96,"longestGapMiles":1.25,"countiesSpanned":1,"operatorCount":0,"operators":null,"unattributedReaders":4,"siteOffsets":"0.00;1.25;1.32;2.28","siteReaders":"1;1;1;1","siteLngs":"-93.290082;-93.286715;-93.286272;-93.279473","siteLats":"44.681695;44.699668;44.700517;44.713592","pieceSpans":"0.06,0.38;2.28,2.28;2.28,2.28;1.02,1.04;1,1.01;1.19,2;0,0.06;0,0.06;0.87,0.87;0.87,0.89;0.89,0.9;0.99,0.99;0.99,1;0,0;0,0;0,0;0,0;0,0;0,0;1,1.01;1.02,1.04;1.04,1.19;2.02,2.28;2,2.02"}}},{"type":"Feature","geometry":{"type":"MultiLineString","coordinates":[[[-93.4328388,44.9704192],[-93.4328494,44.9707601]],[[-93.4330223,44.9706883],[-93.4330251,44.9704203]],[[-93.4467092,44.970644],[-93.4465314,44.9706079],[-93.4460081,44.9705977],[-93.4458378,44.9705847],[-93.4457225,44.9705732],[-93.4456833,44.9705635]],[[-93.444558,44.9694541],[-93.4447694,44.9697744],[-93.444821,44.9698333],[-93.4448766,44.9698697],[-93.444975,44.9699172]],[[-93.4467092,44.970644],[-93.4474171,44.9706636]],[[-93.4383172,44.9657185],[-93.4384304,44.9657183],[-93.4389673,44.9657174],[-93.4394345,44.9657365],[-93.4396489,44.9657295],[-93.4398865,44.9657112],[-93.4399248,44.9657129],[-93.440029,44.9657176],[-93.4401534,44.9657561]],[[-93.4436543,44.9659327],[-93.4437345,44.9660108],[-93.4438105,44.9661185],[-93.443862,44.9662148],[-93.4439819,44.9664414],[-93.4440898,44.9666955],[-93.4441064,44.9667677]],[[-93.4436543,44.9659327],[-93.4436095,44.9658254],[-93.4435156,44.9657558],[-93.4433959,44.9656994],[-93.4431667,44.965641]],[[-93.4334883,44.9661],[-93.4334306,44.9661858],[-93.4333867,44.9662449],[-93.4332702,44.9663552],[-93.4331384,44.9664904],[-93.433022,44.9666474],[-93.4329363,44.9668122],[-93.4329081,44.96689],[-93.4328946,44.9669272],[-93.4328776,44.9670039],[-93.4328726,44.9670267],[-93.4328572,44.9671541],[-93.4328419,44.9678396],[-93.4328177,44.9680463],[-93.4328111,44.9682281],[-93.432817,44.968486],[-93.4328421,44.9687172],[-93.4328344,44.9687676],[-93.432819,44.9688049],[-93.4327883,44.9688515],[-93.4327057,44.9689486]],[[-93.4440606,44.9671592],[-93.444063,44.9675174],[-93.4440627,44.967551],[-93.4440584,44.9676218]],[[-93.433862,44.9661589],[-93.4339758,44.9661053],[-93.4340474,44.9660727],[-93.4340776,44.9660589],[-93.434196,44.9660137],[-93.4344105,44.9659542],[-93.434553,44.9659286],[-93.4346954,44.9659136],[-93.434849,44.9659057],[-93.4360412,44.9658966],[-93.4361176,44.9658931],[-93.4364868,44.9658765],[-93.4367723,44.9658369],[-93.4370663,44.9657765],[-93.4373829,44.9657371],[-93.4374705,44.9657355],[-93.4383172,44.9657185]],[[-93.4425732,44.9657055],[-93.44282,44.9657084],[-93.4429479,44.965717],[-93.4431226,44.9657465],[-93.4432119,44.9657637],[-93.4433398,44.9657982],[-93.443481,44.9658499],[-93.4436543,44.9659327]],[[-93.4423884,44.9656018],[-93.442217,44.9655724],[-93.4419948,44.9655841],[-93.4415478,44.9655741],[-93.4412608,44.9655665],[-93.441018,44.9655902],[-93.4408571,44.9656216],[-93.4407357,44.965612],[-93.4405989,44.9655775]],[[-93.4330251,44.9704203],[-93.4330375,44.9698751],[-93.433011,44.9697253],[-93.4329758,44.9695805],[-93.4329406,44.9694848],[-93.432934,44.9694105],[-93.4329527,44.9693423],[-93.4330013,44.9692299]],[[-93.4443886,44.9691934],[-93.444558,44.9694541]],[[-93.4440685,44.9677321],[-93.444083,44.9678529],[-93.4442037,44.9686636]],[[-93.444975,44.9699172],[-93.444978,44.9700282],[-93.4449876,44.9701156],[-93.4450146,44.9702023],[-93.4450481,44.9702669],[-93.4450977,44.9703383],[-93.4451806,44.9704169]],[[-93.4451349,44.9699218],[-93.4451898,44.9697466],[-93.4452028,44.9696907],[-93.4452091,44.9696301],[-93.4451966,44.9695539],[-93.4451573,44.9694806],[-93.4451,44.9694161],[-93.4450269,44.969361],[-93.4449306,44.969313],[-93.4448226,44.969273],[-93.4446868,44.9691749],[-93.4446198,44.9691391],[-93.444574,44.9691114],[-93.4445021,44.9690527],[-93.4444469,44.9689975],[-93.4444139,44.9689363],[-93.4443965,44.9688804],[-93.4443528,44.9686229],[-93.4443269,44.9684795],[-93.4442824,44.9683241]],[[-93.4451806,44.9704169],[-93.4453042,44.9705231],[-93.4453829,44.9705657],[-93.4454581,44.9705954],[-93.445564,44.9706213],[-93.4456877,44.9706449],[-93.4457981,44.9706519],[-93.4464899,44.9706634],[-93.4467092,44.970644]],[[-93.445284,44.9703685],[-93.4451939,44.9702564],[-93.4451438,44.9701608],[-93.4451202,44.9700661],[-93.4451216,44.9699909],[-93.4451349,44.9699218]],[[-93.4401665,44.9655533],[-93.4400324,44.9655824],[-93.4399227,44.9655905],[-93.4395225,44.9656094],[-93.4388419,44.9656199],[-93.438435,44.9656234],[-93.4384286,44.9656235],[-93.4383167,44.9656244]],[[-93.4405484,44.9657972],[-93.4406339,44.965774],[-93.4408741,44.9657248],[-93.4410806,44.9657162],[-93.4412978,44.9657115],[-93.4415907,44.9657085]],[[-93.4442037,44.9686636],[-93.4442212,44.9687917],[-93.4442412,44.9688867],[-93.4442669,44.9689621],[-93.4443057,44.9690524],[-93.4443886,44.9691934]],[[-93.4361142,44.9658109],[-93.4360086,44.9658147],[-93.434849,44.9658154],[-93.4346871,44.9658207],[-93.4345419,44.9658351],[-93.4344364,44.9658527],[-93.4343079,44.9658835],[-93.434196,44.9659221],[-93.4341136,44.9659581],[-93.4340396,44.9659823],[-93.4340176,44.965987],[-93.4339777,44.9659954],[-93.4339022,44.9659947],[-93.43378,44.9659799]],[[-93.4330474,44.9690051],[-93.4330189,44.9689013],[-93.4329926,44.9688205],[-93.4329728,44.9687521],[-93.4329596,44.9686604],[-93.4329565,44.9685681],[-93.4329726,44.9682722],[-93.4329779,44.9679421],[-93.4329791,44.9678691],[-93.432986,44.9674372],[-93.4329848,44.9673857],[-93.432981,44.9672259],[-93.432991,44.9670643],[-93.4330261,44.966924],[-93.4330738,44.9668033],[-93.4331466,44.9666719],[-93.4334026,44.9663577],[-93.4334641,44.9663017],[-93.433519,44.9662799],[-93.433655,44.9662378]],[[-93.4326454,44.9692109],[-93.4327616,44.9694266],[-93.4327967,44.9694934],[-93.4328231,44.9695711],[-93.4328385,44.9696364]],[[-93.4456833,44.9705635],[-93.4455809,44.9705382],[-93.4454867,44.970503],[-93.4454026,44.9704619],[-93.445284,44.9703685]],[[-93.4328385,44.9696364],[-93.4328412,44.9697539],[-93.4328334,44.9698442],[-93.4328388,44.9704192]],[[-93.4441064,44.9667677],[-93.4440588,44.9668917]],[[-93.4383167,44.9656244],[-93.437775,44.9656325],[-93.4374705,44.9656441],[-93.4373692,44.9656479],[-93.4370516,44.9656889],[-93.436684,44.9657573],[-93.4363385,44.9658026],[-93.4361142,44.9658109]],[[-93.4415907,44.9657085],[-93.442193,44.9657024],[-93.4422221,44.9657019],[-93.4424044,44.9657048],[-93.4425732,44.9657055]],[[-93.4431667,44.965641],[-93.4430078,44.965615],[-93.4428619,44.9656021],[-93.4427046,44.9655997],[-93.4425628,44.9656021],[-93.4423884,44.9656018]],[[-93.4440588,44.9668917],[-93.4440606,44.9671592]],[[-93.4442,44.9670895],[-93.4441973,44.9668904],[-93.4441064,44.9667677]],[[-93.4440584,44.9676218],[-93.4440685,44.9677321]],[[-93.4442074,44.9676492],[-93.4442063,44.9675518],[-93.4442,44.9670895]],[[-93.4442824,44.9683241],[-93.4442095,44.9678401],[-93.4442086,44.9677373],[-93.4442074,44.9676492]]]},"properties":{"id":"alpr-corridor-ridgedale-drive-21","layer":"alpr_corridor","name":"Ridgedale Drive","county":"Hennepin County","state":"MN","countyFips":"27053","confidence":"probabilistic","sourceDate":null,"attributes":{"kind":"corridor","road":"Ridgedale Drive","roadName":null,"roadClass":"tertiary","readerCount":4,"siteCount":4,"corridorMiles":0.8,"averageGapMiles":0.28,"medianGapMiles":0.34,"longestGapMiles":0.45,"countiesSpanned":1,"operatorCount":0,"operators":null,"unattributedReaders":4,"siteOffsets":"0.00;0.34;0.79;0.84","siteReaders":"1;1;1;1","siteLngs":"-93.444895;-93.441528;-93.433103;-93.433029","siteLats":"44.969987;44.965638;44.968207;44.967503","pieceSpans":"0.79,0.79;0.79,0.79;0,0;0,0.04;0,0;0.41,0.49;0.21,0.27;0.27,0.3;0.79,0.84;0.16,0.19;0.49,0.84;0.27,0.31;0.32,0.38;0.79,0.79;0.04,0.06;0.1,0.16;0,0;0,0.11;0,0;0,0;0.4,0.49;0.34,0.39;0.06,0.1;0.59,0.84;0.79,0.84;0.79,0.79;0,0;0.79,0.79;0.21,0.21;0.49,0.59;0.31,0.34;0.3,0.32;0.19,0.21;0.19,0.21;0.16,0.16;0.16,0.19;0.11,0.16"}}},{"type":"Feature","geometry":{"type":"MultiLineString","coordinates":[[[-93.5381383,44.9205415],[-93.5379127,44.9205513],[-93.5376976,44.9205827],[-93.5374255,44.9206511],[-93.5371993,44.9207374],[-93.5370206,44.9208298],[-93.5368222,44.9209712],[-93.536604,44.9211464],[-93.5360595,44.9215948],[-93.5358469,44.9218418],[-93.5357964,44.9219305],[-93.5358002,44.9219852],[-93.5360816,44.9224119],[-93.5361348,44.9225095],[-93.5362016,44.9226319]],[[-93.5042257,44.9420626],[-93.5054847,44.9420804],[-93.5055553,44.9420804],[-93.5067427,44.9421051],[-93.5073732,44.9421143],[-93.5074848,44.9421169],[-93.5081096,44.9421186],[-93.5083613,44.9421188],[-93.5086416,44.9421222],[-93.5093297,44.9421304],[-93.510091,44.9421339],[-93.5103872,44.9421386],[-93.5105757,44.9421411],[-93.5111206,44.9421513],[-93.5113291,44.942154],[-93.5114584,44.9421557],[-93.5117726,44.942158],[-93.512181,44.9421633]],[[-93.5362016,44.9226319],[-93.5359721,44.9227192],[-93.535248,44.9229872],[-93.5348415,44.9231258],[-93.5344879,44.9232292],[-93.5342446,44.9232813],[-93.5342033,44.9232901],[-93.5338572,44.9233411],[-93.5332605,44.9233877],[-93.5315029,44.9235202],[-93.5310176,44.9235568]],[[-93.5310176,44.9235568],[-93.5304883,44.9235965],[-93.5300875,44.9236266]],[[-93.5125254,44.9421677],[-93.512508,44.9419157],[-93.5125042,44.941683],[-93.5125003,44.9414415],[-93.5124967,44.9412205],[-93.5124922,44.9405359],[-93.5124913,44.9404245],[-93.5124882,44.9403666],[-93.5124791,44.9396864],[-93.5124685,44.9385579]],[[-93.5208614,44.9312622],[-93.5218904,44.9307858],[-93.5220797,44.9306625],[-93.5221908,44.9305677],[-93.5222769,44.930437],[-93.52233,44.9303091],[-93.522469,44.929817]],[[-93.512181,44.9421633],[-93.5125254,44.9421677]],[[-93.5023443,44.9420071],[-93.5025305,44.9420118],[-93.5028445,44.9420215],[-93.5031569,44.9420278],[-93.5034394,44.942035],[-93.5035259,44.9420372],[-93.503853,44.9420521],[-93.5042257,44.9420626]]]},"properties":{"id":"alpr-corridor-minnetonka-boulevard-24","layer":"alpr_corridor","name":"Minnetonka Boulevard","county":"Hennepin County","state":"MN","countyFips":"27053","confidence":"probabilistic","sourceDate":null,"attributes":{"kind":"corridor","road":"Minnetonka Boulevard","roadName":null,"roadClass":"tertiary","readerCount":4,"siteCount":4,"corridorMiles":2.3,"averageGapMiles":0.75,"medianGapMiles":0.26,"longestGapMiles":1.76,"countiesSpanned":1,"operatorCount":0,"operators":null,"unattributedReaders":4,"siteOffsets":"0.00;1.76;2.00;2.26","siteReaders":"1;1;1;1","siteLngs":"-93.535942;-93.512610;-93.507761;-93.502512","siteLats":"44.922622;44.942066;44.942213;44.942047","pieceSpans":"0,0;1.78,2.17;0,0.21;0.21,0.24;1.58,1.77;0.81,0.93;1.77,1.78;2.17,2.26"}}},{"type":"Feature","geometry":{"type":"MultiLineString","coordinates":[[[-93.28157622387599,44.7506261911604],[-93.281566,44.750628],[-93.281441,44.750655],[-93.281167,44.750724],[-93.281071,44.750746],[-93.280953,44.750765],[-93.2808978,44.7507675],[-93.280752,44.750774],[-93.280651,44.75077],[-93.280532,44.750752],[-93.280435,44.750734],[-93.280321,44.750708],[-93.280127,44.750632],[-93.280046,44.750587],[-93.279956,44.750528],[-93.279888,44.750475],[-93.27978706775842,44.75036890172499],[-93.2797696,44.7503459],[-93.2797223,44.7502762],[-93.2796303,44.7501194],[-93.2795851,44.7500484],[-93.2795671,44.7500203],[-93.2795234,44.7499633],[-93.279465,44.7499035],[-93.2794078,44.7498527],[-93.2793643,44.7498188],[-93.2792673,44.7497582],[-93.2791319,44.7496871],[-93.2790245,44.7496456],[-93.2789314,44.7496164],[-93.278826,44.7495923],[-93.2787791,44.7495846],[-93.2787318,44.7495769]]]},"properties":{"id":"alpr-branch-nicollet-boulevard-west-794","layer":"alpr_corridor","name":"Nicollet Boulevard West","county":"Dakota County","state":"MN","countyFips":"27037","confidence":"probabilistic","sourceDate":null,"attributes":{"kind":"branch","road":"Nicollet Boulevard West","roadName":null,"roadClass":"tertiary","readerCount":6,"siteCount":1,"operatorCount":0,"operators":null,"unattributedReaders":6,"siteLngs":"-93.280146","siteLats":"44.750229","siteReaders":"6"}}},{"type":"Feature","geometry":{"type":"MultiLineString","coordinates":[[[-93.45914687630824,44.86459317015388],[-93.4591306,44.8646954],[-93.4590892,44.8648857],[-93.4590273,44.8651273],[-93.4589487,44.8653689],[-93.4589103,44.8654728],[-93.4587333,44.8659249],[-93.4587065549492,44.8659958161317]]]},"properties":{"id":"alpr-branch-cr-60-152","layer":"alpr_corridor","name":"CR 60 — Martin Drive","county":"Hennepin County","state":"MN","countyFips":"27053","confidence":"probabilistic","sourceDate":null,"attributes":{"kind":"branch","road":"CR 60","roadName":"Martin Drive","roadClass":"secondary","readerCount":5,"siteCount":1,"operatorCount":0,"operators":null,"unattributedReaders":5,"siteLngs":"-93.459298","siteLats":"44.864605","siteReaders":"5"}}},{"type":"Feature","geometry":{"type":"MultiLineString","coordinates":[[[-93.4470316686613,44.89309193092765],[-93.4470011,44.8925846],[-93.4469975,44.8925255],[-93.4469427,44.8916544],[-93.4469427,44.8916544]]]},"properties":{"id":"alpr-branch-cr-60-153","layer":"alpr_corridor","name":"CR 60 — Baker Road","county":"Hennepin County","state":"MN","countyFips":"27053","confidence":"probabilistic","sourceDate":null,"attributes":{"kind":"branch","road":"CR 60","roadName":"Baker Road","roadClass":"primary","readerCount":5,"siteCount":1,"operatorCount":0,"operators":null,"unattributedReaders":5,"siteLngs":"-93.446918","siteLats":"44.891568","siteReaders":"5"}}},{"type":"Feature","geometry":{"type":"MultiLineString","coordinates":[[[-92.8628379,44.9925483],[-92.862838,44.9925157],[-92.8628395,44.9924649],[-92.862839,44.9918205]]]},"properties":{"id":"alpr-branch-ch-15-591","layer":"alpr_corridor","name":"CH 15 — 30th Street North","county":"Washington County","state":"MN","countyFips":"27163","confidence":"probabilistic","sourceDate":null,"attributes":{"kind":"branch","road":"CH 15","roadName":"30th Street North","roadClass":"tertiary","readerCount":5,"siteCount":1,"operatorCount":0,"operators":null,"unattributedReaders":5,"siteLngs":"-92.862782","siteLats":"44.992578","siteReaders":"5"}}},{"type":"Feature","geometry":{"type":"MultiLineString","coordinates":[[[-95.1006385,44.5402298],[-95.1006413,44.5406378],[-95.1006319,44.5411631],[-95.100641,44.5413799],[-95.100641,44.5413799]]]},"properties":{"id":"alpr-branch-cr-101-108","layer":"alpr_corridor","name":"CR 101 — East Bridge Street","county":"Redwood County","state":"MN","countyFips":"27127","confidence":"probabilistic","sourceDate":null,"attributes":{"kind":"branch","road":"CR 101","roadName":"East Bridge Street","roadClass":"primary","readerCount":4,"siteCount":1,"operatorCount":0,"operators":null,"unattributedReaders":4,"siteLngs":"-95.100657","siteLats":"44.541402","siteReaders":"4"}}},{"type":"Feature","geometry":{"type":"MultiLineString","coordinates":[[[-95.09599196118259,44.541397548146186],[-95.0959918,44.5415082],[-95.0959913,44.541844]]]},"properties":{"id":"alpr-branch-cr-101-109","layer":"alpr_corridor","name":"CR 101 — East Bridge Street","county":"Redwood County","state":"MN","countyFips":"27127","confidence":"probabilistic","sourceDate":null,"attributes":{"kind":"branch","road":"CR 101","roadName":"East Bridge Street","roadClass":"primary","readerCount":4,"siteCount":1,"operatorCount":0,"operators":null,"unattributedReaders":4,"siteLngs":"-95.095961","siteLats":"44.541398","siteReaders":"4"}}},{"type":"Feature","geometry":{"type":"MultiLineString","coordinates":[[[-93.9519078,44.1814722],[-93.95391427030145,44.1814733951036]]]},"properties":{"id":"alpr-branch-cr-3-141","layer":"alpr_corridor","name":"CR 3 — North Victory Drive","county":"Blue Earth County","state":"MN","countyFips":"27013","confidence":"probabilistic","sourceDate":null,"attributes":{"kind":"branch","road":"CR 3","roadName":"North Victory Drive","roadClass":"secondary","readerCount":4,"siteCount":1,"operatorCount":0,"operators":null,"unattributedReaders":4,"siteLngs":"-93.951895","siteLats":"44.181401","siteReaders":"4"}}},{"type":"Feature","geometry":{"type":"MultiLineString","coordinates":[[[-93.105962,44.9558622],[-93.1059587,44.9559698],[-93.1059576,44.9562965]]]},"properties":{"id":"alpr-branch-ch-49-157","layer":"alpr_corridor","name":"CH 49 — Rice Street","county":"Ramsey County","state":"MN","countyFips":"27123","confidence":"probabilistic","sourceDate":null,"attributes":{"kind":"branch","road":"CH 49","roadName":"Rice Street","roadClass":"secondary","readerCount":4,"siteCount":1,"operatorCount":0,"operators":null,"unattributedReaders":4,"siteLngs":"-93.105997","siteLats":"44.955829","siteReaders":"4"}}},{"type":"Feature","geometry":{"type":"MultiLineString","coordinates":[[[-93.3903451,44.9891029],[-93.3903519,44.9891791],[-93.39034045984266,44.98993603640568],[-93.3903415,44.9900781],[-93.3903382,44.990268],[-93.3903282,44.9904493],[-93.3903484,44.9909902]]]},"properties":{"id":"alpr-branch-boone-avenue-north-225","layer":"alpr_corridor","name":"Boone Avenue North","county":"Hennepin County","state":"MN","countyFips":"27053","confidence":"probabilistic","sourceDate":null,"attributes":{"kind":"branch","road":"Boone Avenue North","roadName":null,"roadClass":"tertiary","readerCount":4,"siteCount":1,"operatorCount":0,"operators":null,"unattributedReaders":4,"siteLngs":"-93.390013","siteLats":"44.989937","siteReaders":"4"}}},{"type":"Feature","geometry":{"type":"MultiLineString","coordinates":[[[-94.16226114712244,45.549333813405156],[-94.1622084,45.5493334],[-94.1616,45.549338],[-94.1614791,45.5493401],[-94.1608889,45.5493506],[-94.1604615,45.5493481],[-94.16020671379333,45.54934655145163],[-94.1601818,45.5493464],[-94.1600436,45.5493459],[-94.1598378,45.5493451],[-94.1594726,45.5493437],[-94.1587789,45.5493411],[-94.1586658,45.5493423],[-94.15815207947921,45.54934759245042]]]},"properties":{"id":"alpr-branch-university-drive-south-336","layer":"alpr_corridor","name":"University Drive South","county":"Stearns County","state":"MN","countyFips":"27145","confidence":"probabilistic","sourceDate":null,"attributes":{"kind":"branch","road":"University Drive South","roadName":null,"roadClass":"secondary","readerCount":4,"siteCount":1,"operatorCount":0,"operators":null,"unattributedReaders":4,"siteLngs":"-94.160206","siteLats":"45.549427","siteReaders":"4"}}},{"type":"Feature","geometry":{"type":"MultiLineString","coordinates":[[[-96.7762468,46.8769659],[-96.7760674,46.8769648],[-96.7744439,46.8769724]]]},"properties":{"id":"alpr-branch-1st-avenue-north-366","layer":"alpr_corridor","name":"1st Avenue North","county":"Clay County","state":"MN","countyFips":"27027","confidence":"probabilistic","sourceDate":null,"attributes":{"kind":"branch","road":"1st Avenue North","roadName":null,"roadClass":"secondary","readerCount":4,"siteCount":1,"operatorCount":0,"operators":null,"unattributedReaders":4,"siteLngs":"-96.776268","siteLats":"46.877026","siteReaders":"4"}}},{"type":"Feature","geometry":{"type":"MultiLineString","coordinates":[[[-93.3874451,44.9364846],[-93.3873558,44.9364235],[-93.3870829,44.9362514],[-93.3869483,44.9361597],[-93.3869111,44.9361344],[-93.3869,44.9361279],[-93.3868275,44.9360854],[-93.3867982,44.9360682],[-93.3866609,44.9360196],[-93.386565,44.9359911]]]},"properties":{"id":"alpr-branch-aquila-avenue-south-381","layer":"alpr_corridor","name":"Aquila Avenue South","county":"Hennepin County","state":"MN","countyFips":"27053","confidence":"probabilistic","sourceDate":null,"attributes":{"kind":"branch","road":"Aquila Avenue South","roadName":null,"roadClass":"tertiary","readerCount":4,"siteCount":1,"operatorCount":0,"operators":null,"unattributedReaders":4,"siteLngs":"-93.387419","siteLats":"44.936531","siteReaders":"4"}}},{"type":"Feature","geometry":{"type":"MultiLineString","coordinates":[[[-93.2880544,44.9671237],[-93.28802,44.9672971],[-93.2879889,44.9674428],[-93.2879481,44.967654],[-93.2879289,44.967759]]]},"properties":{"id":"alpr-branch-east-lyndale-avenue-south-433","layer":"alpr_corridor","name":"East Lyndale Avenue South — Hennepin Avenue South","county":"Hennepin County","state":"MN","countyFips":"27053","confidence":"probabilistic","sourceDate":null,"attributes":{"kind":"branch","road":"East Lyndale Avenue South","roadName":"Hennepin Avenue South","roadClass":"primary","readerCount":4,"siteCount":1,"operatorCount":2,"operators":"Minneapolis Police Department; The Home Depot","unattributedReaders":1,"siteLngs":"-93.288263","siteLats":"44.967083","siteReaders":"4"}}},{"type":"Feature","geometry":{"type":"MultiLineString","coordinates":[[[-95.10980823891236,44.54137668529482],[-95.1097261,44.5413766],[-95.1091042,44.5413777]]]},"properties":{"id":"alpr-branch-us-71-828","layer":"alpr_corridor","name":"US 71 — East Bridge Street","county":"Redwood County","state":"MN","countyFips":"27127","confidence":"probabilistic","sourceDate":null,"attributes":{"kind":"branch","road":"US 71","roadName":"East Bridge Street","roadClass":"primary","readerCount":4,"siteCount":1,"operatorCount":0,"operators":null,"unattributedReaders":4,"siteLngs":"-95.109808","siteLats":"44.541408","siteReaders":"4"}}},{"type":"Feature","geometry":{"type":"MultiLineString","coordinates":[[[-93.27157389327347,44.71203802891493],[-93.2716622,44.7120379],[-93.271988,44.71204],[-93.27208,44.712044],[-93.272166,44.712067],[-93.272245,44.712094],[-93.272316,44.712138],[-93.272375,44.712188],[-93.272414,44.712242],[-93.272441,44.712305],[-93.272449,44.712368],[-93.27244800078161,44.71299750758526]]]},"properties":{"id":"alpr-branch-javari-court-879","layer":"alpr_corridor","name":"Javari Court","county":"Dakota County","state":"MN","countyFips":"27037","confidence":"probabilistic","sourceDate":null,"attributes":{"kind":"branch","road":"Javari Court","roadName":null,"roadClass":"residential","readerCount":4,"siteCount":1,"operatorCount":0,"operators":null,"unattributedReaders":4,"siteLngs":"-93.271574","siteLats":"44.712075","siteReaders":"4"}}},{"type":"Feature","geometry":{"type":"MultiLineString","coordinates":[[[-93.1567085,44.8386998],[-93.1567322,44.8387842],[-93.156842,44.839175],[-93.156863,44.839256],[-93.1568708,44.839294],[-93.156876,44.839319],[-93.1568899868436,44.8394255620473],[-93.156894,44.839472],[-93.156896,44.839562],[-93.1568946,44.8397334],[-93.1568901,44.8402729],[-93.1568868,44.8406585],[-93.1568866,44.8406874],[-93.156886,44.840764],[-93.1568860429236,44.840864355403895]]]},"properties":{"id":"alpr-branch-denmark-avenue-47","layer":"alpr_corridor","name":"Denmark Avenue","county":"Dakota County","state":"MN","countyFips":"27037","confidence":"probabilistic","sourceDate":null,"attributes":{"kind":"branch","road":"Denmark Avenue","roadName":null,"roadClass":"tertiary","readerCount":3,"siteCount":1,"operatorCount":1,"operators":"The Home Depot","unattributedReaders":2,"siteLngs":"-93.156672","siteLats":"44.839435","siteReaders":"3"}}},{"type":"Feature","geometry":{"type":"MultiLineString","coordinates":[[[-93.4476246145413,44.91573679289897],[-93.4476198,44.9156118],[-93.4476184,44.9155746],[-93.4476108,44.9152478],[-93.4476082,44.9150889],[-93.4475249,44.9150012]]]},"properties":{"id":"alpr-branch-cr-60-151","layer":"alpr_corridor","name":"CR 60 — Baker Road","county":"Hennepin County","state":"MN","countyFips":"27053","confidence":"probabilistic","sourceDate":null,"attributes":{"kind":"branch","road":"CR 60","roadName":"Baker Road","roadClass":"tertiary","readerCount":3,"siteCount":1,"operatorCount":1,"operators":"Minnetonka Police Department","unattributedReaders":0,"siteLngs":"-93.447612","siteLats":"44.915737","siteReaders":"3"}}},{"type":"Feature","geometry":{"type":"MultiLineString","coordinates":[[[-93.32855103950044,44.87805260710568],[-93.3284455,44.87805],[-93.3282489,44.8780454],[-93.3275524,44.8780454],[-93.3265206,44.8780466],[-93.3265206,44.8780466]]]},"properties":{"id":"alpr-branch-west-69th-street-188","layer":"alpr_corridor","name":"West 69th Street","county":"Hennepin County","state":"MN","countyFips":"27053","confidence":"probabilistic","sourceDate":null,"attributes":{"kind":"branch","road":"West 69th Street","roadName":null,"roadClass":"tertiary","readerCount":3,"siteCount":1,"operatorCount":0,"operators":null,"unattributedReaders":3,"siteLngs":"-93.326505","siteLats":"44.878233","siteReaders":"3"}}},{"type":"Feature","geometry":{"type":"MultiLineString","coordinates":[[[-93.4139779,44.9243928],[-93.4141033,44.9243924],[-93.4152438,44.9243866],[-93.4152438,44.9243866]]]},"properties":{"id":"alpr-branch-mainstreet-210","layer":"alpr_corridor","name":"Mainstreet","county":"Hennepin County","state":"MN","countyFips":"27053","confidence":"probabilistic","sourceDate":null,"attributes":{"kind":"branch","road":"Mainstreet","roadName":null,"roadClass":"tertiary","readerCount":3,"siteCount":1,"operatorCount":0,"operators":null,"unattributedReaders":3,"siteLngs":"-93.415275","siteLats":"44.924468","siteReaders":"3"}}},{"type":"Feature","geometry":{"type":"MultiLineString","coordinates":[[[-93.50282850309237,44.927673507409985],[-93.5027519,44.9276713],[-93.50209,44.9276584],[-93.501633,44.9276558],[-93.50079651005794,44.92764977769136]]]},"properties":{"id":"alpr-branch-lake-street-extension-383","layer":"alpr_corridor","name":"Lake Street Extension","county":"Hennepin County","state":"MN","countyFips":"27053","confidence":"probabilistic","sourceDate":null,"attributes":{"kind":"branch","road":"Lake Street Extension","roadName":null,"roadClass":"tertiary","readerCount":3,"siteCount":1,"operatorCount":0,"operators":null,"unattributedReaders":3,"siteLngs":"-93.502830","siteLats":"44.927649","siteReaders":"3"}}},{"type":"Feature","geometry":{"type":"MultiLineString","coordinates":[[[-93.2626731,44.9483581],[-93.2626713,44.9484693],[-93.2626654,44.9488304],[-93.2626592,44.9492145],[-93.2626589,44.9492327],[-93.2626574,44.9493245]]]},"properties":{"id":"alpr-branch-chicago-avenue-430","layer":"alpr_corridor","name":"Chicago Avenue","county":"Hennepin County","state":"MN","countyFips":"27053","confidence":"probabilistic","sourceDate":null,"attributes":{"kind":"branch","road":"Chicago Avenue","roadName":null,"roadClass":"tertiary","readerCount":3,"siteCount":1,"operatorCount":1,"operators":"Minneapolis Police Department","unattributedReaders":0,"siteLngs":"-93.262713","siteLats":"44.948327","siteReaders":"3"}}},{"type":"Feature","geometry":{"type":"MultiLineString","coordinates":[[[-93.3871644,45.1084247],[-93.3870514,45.1082946],[-93.3869368,45.1082155],[-93.3867735,45.1081312],[-93.386659,45.1080882],[-93.3864908,45.1080504],[-93.3860540847355,45.108004862435706],[-93.3860399,45.1080039],[-93.3858615,45.107998],[-93.3856753,45.1079969],[-93.3856235,45.1079968],[-93.3854244,45.1079964],[-93.3848834,45.1079954],[-93.384785,45.108001],[-93.3846727,45.1080246],[-93.3845646,45.1080889]]]},"properties":{"id":"alpr-branch-84th-avenue-north-799","layer":"alpr_corridor","name":"84th Avenue North","county":"Hennepin County","state":"MN","countyFips":"27053","confidence":"probabilistic","sourceDate":null,"attributes":{"kind":"branch","road":"84th Avenue North","roadName":null,"roadClass":"tertiary","readerCount":3,"siteCount":1,"operatorCount":0,"operators":null,"unattributedReaders":3,"siteLngs":"-93.386038","siteLats":"45.108126","siteReaders":"3"}}},{"type":"Feature","geometry":{"type":"MultiLineString","coordinates":[[[-92.80870064115243,45.05606254817909],[-92.8075797,45.0563017],[-92.8074911,45.0563206],[-92.8074117,45.0563375],[-92.80674977819997,45.05647638857954],[-92.8066073,45.0565046],[-92.8062525,45.0565815],[-92.8061377,45.0566013]]]},"properties":{"id":"alpr-branch-myrtle-street-east-815","layer":"alpr_corridor","name":"Myrtle Street East","county":"Washington County","state":"MN","countyFips":"27163","confidence":"probabilistic","sourceDate":null,"attributes":{"kind":"branch","road":"Myrtle Street East","roadName":null,"roadClass":"tertiary","readerCount":3,"siteCount":1,"operatorCount":0,"operators":null,"unattributedReaders":3,"siteLngs":"-92.806853","siteLats":"45.056741","siteReaders":"3"}}},{"type":"Feature","geometry":{"type":"MultiLineString","coordinates":[[[-94.87595034247896,47.4390800107937],[-94.8760636,47.4391526],[-94.8766961,47.4395407],[-94.877523744099,47.44004846143049]]]},"properties":{"id":"alpr-branch-us-2-6","layer":"alpr_corridor","name":"US 2 — Paul Bunyan Expressway","county":"Beltrami County","state":"MN","countyFips":"27007","confidence":"probabilistic","sourceDate":null,"attributes":{"kind":"branch","road":"US 2","roadName":"Paul Bunyan Expressway","roadClass":"motorway","readerCount":2,"siteCount":1,"operatorCount":1,"operators":"Minnesota State Patrol","unattributedReaders":0,"siteLngs":"-94.876061","siteLats":"47.439000","siteReaders":"2"}}},{"type":"Feature","geometry":{"type":"MultiLineString","coordinates":[[[-93.349495,44.967688],[-93.349626,44.9676872],[-93.350212,44.9676809],[-93.3503312,44.9676776],[-93.35087,44.9676382]]]},"properties":{"id":"alpr-branch-16th-street-west-12","layer":"alpr_corridor","name":"16th Street West","county":"Hennepin County","state":"MN","countyFips":"27053","confidence":"probabilistic","sourceDate":null,"attributes":{"kind":"branch","road":"16th Street West","roadName":null,"roadClass":"tertiary","readerCount":2,"siteCount":1,"operatorCount":0,"operators":null,"unattributedReaders":2,"siteLngs":"-93.349346","siteLats":"44.967665","siteReaders":"2"}}},{"type":"Feature","geometry":{"type":"MultiLineString","coordinates":[[[-93.39134268438063,45.10683079974063],[-93.391342,45.107033],[-93.391319,45.107166],[-93.3912486,45.1072951],[-93.3911646,45.1074171],[-93.3910499,45.107525],[-93.390923,45.107613],[-93.390755,45.107681],[-93.390566,45.1077487],[-93.390221,45.107891],[-93.390221,45.107891],[-93.390083,45.107986],[-93.389969,45.108093],[-93.3899038,45.1081426],[-93.3898601,45.1081737],[-93.3897997,45.1082167],[-93.3896503,45.1083043],[-93.38952,45.1083656],[-93.3893651,45.108423],[-93.3891941,45.108479],[-93.3890507,45.1085124],[-93.3888789,45.1085454],[-93.3886973,45.1085606],[-93.38851135022118,45.108569634352456]]]},"properties":{"id":"alpr-branch-lakeland-avenue-north-13","layer":"alpr_corridor","name":"Lakeland Avenue North","county":"Hennepin County","state":"MN","countyFips":"27053","confidence":"probabilistic","sourceDate":null,"attributes":{"kind":"branch","road":"Lakeland Avenue North","roadName":null,"roadClass":"tertiary","readerCount":2,"siteCount":1,"operatorCount":0,"operators":null,"unattributedReaders":2,"siteLngs":"-93.390108","siteLats":"45.107788","siteReaders":"2"}}},{"type":"Feature","geometry":{"type":"MultiLineString","coordinates":[[[-93.1640151,45.0061404],[-93.1632008,45.0061516],[-93.1632008,45.0061516]]]},"properties":{"id":"alpr-branch-ch-25-64","layer":"alpr_corridor","name":"CH 25 — County Road B West","county":"Ramsey County","state":"MN","countyFips":"27123","confidence":"probabilistic","sourceDate":null,"attributes":{"kind":"branch","road":"CH 25","roadName":"County Road B West","roadClass":"tertiary","readerCount":2,"siteCount":1,"operatorCount":1,"operators":"Flock Safety","unattributedReaders":0,"siteLngs":"-93.162828","siteLats":"45.006021","siteReaders":"2"}}},{"type":"Feature","geometry":{"type":"MultiLineString","coordinates":[[[-93.2725191896252,44.9812289175126],[-93.2724418,44.98118],[-93.2719925,44.9808468],[-93.2715409,44.9805282],[-93.2714998,44.9805076],[-93.2713585,44.9804527]]]},"properties":{"id":"alpr-branch-north-4th-street-70","layer":"alpr_corridor","name":"North 4th Street","county":"Hennepin County","state":"MN","countyFips":"27053","confidence":"probabilistic","sourceDate":null,"attributes":{"kind":"branch","road":"North 4th Street","roadName":null,"roadClass":"secondary","readerCount":2,"siteCount":1,"operatorCount":2,"operators":"Minneapolis Police Department; Minneapolis, MN PD","unattributedReaders":0,"siteLngs":"-93.272599","siteLats":"44.981165","siteReaders":"2"}}},{"type":"Feature","geometry":{"type":"MultiLineString","coordinates":[[[-93.5549919,45.1994915],[-93.55387968015077,45.199483106642646],[-93.5530573,45.1994769],[-93.552762,45.1994747]]]},"properties":{"id":"alpr-branch-south-diamond-lake-road-90","layer":"alpr_corridor","name":"South Diamond Lake Road","county":"Hennepin County","state":"MN","countyFips":"27053","confidence":"probabilistic","sourceDate":null,"attributes":{"kind":"branch","road":"South Diamond Lake Road","roadName":null,"roadClass":"tertiary","readerCount":2,"siteCount":1,"operatorCount":0,"operators":null,"unattributedReaders":2,"siteLngs":"-93.553878","siteLats":"45.199572","siteReaders":"2"}}},{"type":"Feature","geometry":{"type":"MultiLineString","coordinates":[[[-93.42293357149615,45.19885346884555],[-93.4231821,45.1988532],[-93.42497554442748,45.19886319236682],[-93.4259104,45.1988563],[-93.42701744356353,45.19886563499104]]]},"properties":{"id":"alpr-branch-south-diamond-lake-road-92","layer":"alpr_corridor","name":"South Diamond Lake Road","county":"Hennepin County","state":"MN","countyFips":"27053","confidence":"probabilistic","sourceDate":null,"attributes":{"kind":"branch","road":"South Diamond Lake Road","roadName":null,"roadClass":"tertiary","readerCount":2,"siteCount":1,"operatorCount":0,"operators":null,"unattributedReaders":2,"siteLngs":"-93.424977","siteLats":"45.198976","siteReaders":"2"}}},{"type":"Feature","geometry":{"type":"MultiLineString","coordinates":[[[-95.1287181,44.2097087],[-95.1294197,44.209716],[-95.1301628,44.2097134],[-95.13072543659564,44.209710614670314]]]},"properties":{"id":"alpr-branch-cr-15-97","layer":"alpr_corridor","name":"CR 15 — West Central Street","county":"Redwood County","state":"MN","countyFips":"27127","confidence":"probabilistic","sourceDate":null,"attributes":{"kind":"branch","road":"CR 15","roadName":"West Central Street","roadClass":"tertiary","readerCount":2,"siteCount":1,"operatorCount":0,"operators":null,"unattributedReaders":2,"siteLngs":"-95.128680","siteLats":"44.209500","siteReaders":"2"}}},{"type":"Feature","geometry":{"type":"MultiLineString","coordinates":[[[-93.51951896505842,44.970526130039076],[-93.5194037,44.9705254],[-93.5193115,44.9705241],[-93.5192823,44.9705227],[-93.5192051,44.9705207],[-93.519011,44.9705094],[-93.5189345,44.970504],[-93.5188175,44.9704942],[-93.5187048,44.9704813],[-93.5186689,44.9704758],[-93.5185952,44.9704645],[-93.5184829,44.9704499],[-93.5183897,44.970437],[-93.5182507,44.9704218],[-93.5181401,44.9704091],[-93.5180447,44.9704011],[-93.5179426,44.9703915],[-93.5178189,44.970383],[-93.51750017941752,44.970375027673164],[-93.517367,44.9703727],[-93.5172431,44.9703732]]]},"properties":{"id":"alpr-branch-lake-street-east-112","layer":"alpr_corridor","name":"Lake Street East","county":"Hennepin County","state":"MN","countyFips":"27053","confidence":"probabilistic","sourceDate":null,"attributes":{"kind":"branch","road":"Lake Street East","roadName":null,"roadClass":"residential","readerCount":2,"siteCount":1,"operatorCount":0,"operators":null,"unattributedReaders":2,"siteLngs":"-93.517505","siteLats":"44.970225","siteReaders":"2"}}},{"type":"Feature","geometry":{"type":"MultiLineString","coordinates":[[[-93.35756004099234,45.20758789759706],[-93.3575587,45.2076232],[-93.357541,45.208084],[-93.3575305,45.2082949]]]},"properties":{"id":"alpr-branch-cr-9-131","layer":"alpr_corridor","name":"CR 9 — Round Lake Boulevard Northwest","county":"Anoka County","state":"MN","countyFips":"27003","confidence":"probabilistic","sourceDate":null,"attributes":{"kind":"branch","road":"CR 9","roadName":"Round Lake Boulevard Northwest","roadClass":"secondary","readerCount":2,"siteCount":1,"operatorCount":0,"operators":null,"unattributedReaders":2,"siteLngs":"-93.357838","siteLats":"45.207593","siteReaders":"2"}}},{"type":"Feature","geometry":{"type":"MultiLineString","coordinates":[[[-93.10171685857037,44.955912112661665],[-93.1025486,44.9559138],[-93.1027672,44.9559121],[-93.1029543,44.9559086],[-93.1031165,44.9559008],[-93.1032494,44.9558913],[-93.10374672955363,44.95585695980559],[-93.1037675,44.9558561]]]},"properties":{"id":"alpr-branch-ch-34-158","layer":"alpr_corridor","name":"CH 34 — University Avenue West","county":"Ramsey County","state":"MN","countyFips":"27123","confidence":"probabilistic","sourceDate":null,"attributes":{"kind":"branch","road":"CH 34","roadName":"University Avenue West","roadClass":"secondary","readerCount":2,"siteCount":1,"operatorCount":0,"operators":null,"unattributedReaders":2,"siteLngs":"-93.103753","siteLats":"44.955930","siteReaders":"2"}}},{"type":"Feature","geometry":{"type":"MultiLineString","coordinates":[[[-93.1983228,44.9500321],[-93.19840968859907,44.950355430189234],[-93.198441,44.950472],[-93.1985119,44.9506227]]]},"properties":{"id":"alpr-branch-otis-avenue-160","layer":"alpr_corridor","name":"Otis Avenue","county":"Ramsey County","state":"MN","countyFips":"27123","confidence":"probabilistic","sourceDate":null,"attributes":{"kind":"branch","road":"Otis Avenue","roadName":null,"roadClass":"residential","readerCount":2,"siteCount":1,"operatorCount":0,"operators":null,"unattributedReaders":2,"siteLngs":"-93.198558","siteLats":"44.950335","siteReaders":"2"}}},{"type":"Feature","geometry":{"type":"MultiLineString","coordinates":[[[-93.02528720701554,44.97751096397038],[-93.0251715,44.9775107],[-93.0249549,44.9775103],[-93.0246973,44.9775098],[-93.02325308359316,44.977506949885395]]]},"properties":{"id":"alpr-branch-maryland-avenue-east-161","layer":"alpr_corridor","name":"Maryland Avenue East","county":"Ramsey County","state":"MN","countyFips":"27123","confidence":"probabilistic","sourceDate":null,"attributes":{"kind":"branch","road":"Maryland Avenue East","roadName":null,"roadClass":"residential","readerCount":2,"siteCount":1,"operatorCount":0,"operators":null,"unattributedReaders":2,"siteLngs":"-93.025288","siteLats":"44.977424","siteReaders":"2"}}},{"type":"Feature","geometry":{"type":"MultiLineString","coordinates":[[[-93.03749225734475,44.97752430453463],[-93.03545814488768,44.97751802540247],[-93.035449,44.977518],[-93.0353438,44.9775179],[-93.0348398,44.9775177],[-93.03342401390688,44.97751691241299]]]},"properties":{"id":"alpr-branch-ch-31-164","layer":"alpr_corridor","name":"CH 31 — Maryland Avenue East","county":"Ramsey County","state":"MN","countyFips":"27123","confidence":"probabilistic","sourceDate":null,"attributes":{"kind":"branch","road":"CH 31","roadName":"Maryland Avenue East","roadClass":"secondary","readerCount":2,"siteCount":1,"operatorCount":0,"operators":null,"unattributedReaders":2,"siteLngs":"-93.035458","siteLats":"44.977535","siteReaders":"2"}}},{"type":"Feature","geometry":{"type":"MultiLineString","coordinates":[[[-93.0471286,44.9776183],[-93.0471292,44.9776849],[-93.0471266,44.9777972],[-93.0471449,44.9779844],[-93.0471735,44.9781045],[-93.0472109,44.9782184],[-93.0472547,44.9783137],[-93.0473143,44.9784072],[-93.0473939,44.978518],[-93.0474681,44.9786037]]]},"properties":{"id":"alpr-branch-johnson-parkway-165","layer":"alpr_corridor","name":"Johnson Parkway","county":"Ramsey County","state":"MN","countyFips":"27123","confidence":"probabilistic","sourceDate":null,"attributes":{"kind":"branch","road":"Johnson Parkway","roadName":null,"roadClass":"tertiary","readerCount":2,"siteCount":1,"operatorCount":0,"operators":null,"unattributedReaders":2,"siteLngs":"-93.047212","siteLats":"44.977565","siteReaders":"2"}}},{"type":"Feature","geometry":{"type":"MultiLineString","coordinates":[[[-93.1963132,44.9178557],[-93.1957075,44.9178591],[-93.1956852,44.9178592],[-93.19550139902753,44.91786339014653],[-93.195436,44.9178631],[-93.1953276,44.9178621],[-93.1947066,44.9178616],[-93.1934694110715,44.917866574909525]]]},"properties":{"id":"alpr-branch-ch-42-166","layer":"alpr_corridor","name":"CH 42 — Ford Parkway","county":"Ramsey County","state":"MN","countyFips":"27123","confidence":"probabilistic","sourceDate":null,"attributes":{"kind":"branch","road":"CH 42","roadName":"Ford Parkway","roadClass":"primary","readerCount":2,"siteCount":1,"operatorCount":0,"operators":null,"unattributedReaders":2,"siteLngs":"-93.195501","siteLats":"44.917909","siteReaders":"2"}}},{"type":"Feature","geometry":{"type":"MultiLineString","coordinates":[[[-93.3234011058589,44.878069789046314],[-93.3233559,44.8780698],[-93.3231751,44.8780699],[-93.3230557,44.8780699],[-93.3223524,44.8780697],[-93.3220195,44.8780697]]]},"properties":{"id":"alpr-branch-west-69th-street-190","layer":"alpr_corridor","name":"West 69th Street","county":"Hennepin County","state":"MN","countyFips":"27053","confidence":"probabilistic","sourceDate":null,"attributes":{"kind":"branch","road":"West 69th Street","roadName":null,"roadClass":"tertiary","readerCount":2,"siteCount":1,"operatorCount":1,"operators":"Edina Police Department","unattributedReaders":1,"siteLngs":"-93.323401","siteLats":"44.878163","siteReaders":"2"}}},{"type":"Feature","geometry":{"type":"MultiLineString","coordinates":[[[-93.4679295720044,44.9390969943154],[-93.4679319,44.9390562],[-93.4678998,44.9389309],[-93.4678153,44.938817],[-93.4677012,44.9387362],[-93.4675578,44.9386784],[-93.4672587,44.9385882],[-93.4671555,44.938549],[-93.467079,44.9385017],[-93.467012,44.9384451],[-93.4669758,44.938385],[-93.4669315,44.9382901],[-93.4668982,44.9380041],[-93.4668982,44.9380041]]]},"properties":{"id":"alpr-branch-williston-road-206","layer":"alpr_corridor","name":"Williston Road","county":"Hennepin County","state":"MN","countyFips":"27053","confidence":"probabilistic","sourceDate":null,"attributes":{"kind":"branch","road":"Williston Road","roadName":null,"roadClass":"residential","readerCount":2,"siteCount":1,"operatorCount":0,"operators":null,"unattributedReaders":2,"siteLngs":"-93.466900","siteLats":"44.937936","siteReaders":"2"}}},{"type":"Feature","geometry":{"type":"MultiLineString","coordinates":[[[-93.4246147700492,44.924335800285],[-93.425399,44.9243269],[-93.4254983,44.9243266],[-93.4262153,44.9243197],[-93.42664684941633,44.92431994069648],[-93.4266603,44.9243198],[-93.4266851,44.9243215],[-93.4267899,44.9243289]]]},"properties":{"id":"alpr-branch-mainstreet-209","layer":"alpr_corridor","name":"Mainstreet","county":"Hennepin County","state":"MN","countyFips":"27053","confidence":"probabilistic","sourceDate":null,"attributes":{"kind":"branch","road":"Mainstreet","roadName":null,"roadClass":"tertiary","readerCount":2,"siteCount":1,"operatorCount":0,"operators":null,"unattributedReaders":2,"siteLngs":"-93.426646","siteLats":"44.924259","siteReaders":"2"}}},{"type":"Feature","geometry":{"type":"MultiLineString","coordinates":[[[-93.1065418,45.0804983],[-93.1066475,45.0802415],[-93.1066832,45.080163],[-93.1067051,45.080076],[-93.1067249,45.0798979],[-93.10671597650716,45.07966534174865],[-93.106709,45.0795936],[-93.1066673,45.0794618],[-93.1066217,45.0793552],[-93.1065285,45.0792582]]]},"properties":{"id":"alpr-branch-pleasant-lake-road-218","layer":"alpr_corridor","name":"Pleasant Lake Road","county":"Ramsey County","state":"MN","countyFips":"27123","confidence":"probabilistic","sourceDate":null,"attributes":{"kind":"branch","road":"Pleasant Lake Road","roadName":null,"roadClass":"tertiary","readerCount":2,"siteCount":1,"operatorCount":0,"operators":null,"unattributedReaders":2,"siteLngs":"-93.106593","siteLats":"45.079671","siteReaders":"2"}}},{"type":"Feature","geometry":{"type":"MultiLineString","coordinates":[[[-93.05758391724227,45.08649476078881],[-93.0576445,45.0864943],[-93.0579191,45.0864919],[-93.0581697,45.0864888],[-93.0583761,45.0864881],[-93.0585244,45.0864876],[-93.058727,45.086491],[-93.058919,45.086509],[-93.059146,45.086545],[-93.059366,45.086599],[-93.05957927079052,45.08666959416423],[-93.059712,45.086723],[-93.059872,45.0868],[-93.060022,45.086887],[-93.06016,45.086983],[-93.060208,45.087021],[-93.0609141,45.0875928],[-93.06101739459682,45.087676449768466]]]},"properties":{"id":"alpr-branch-east-oaks-road-220","layer":"alpr_corridor","name":"East Oaks Road","county":"Ramsey County","state":"MN","countyFips":"27123","confidence":"probabilistic","sourceDate":null,"attributes":{"kind":"branch","road":"East Oaks Road","roadName":null,"roadClass":"tertiary","readerCount":2,"siteCount":1,"operatorCount":0,"operators":null,"unattributedReaders":2,"siteLngs":"-93.059539","siteLats":"45.086721","siteReaders":"2"}}},{"type":"Feature","geometry":{"type":"MultiLineString","coordinates":[[[-95.0381204,45.110048],[-95.0381218,45.1101261],[-95.0381283199807,45.11047820697896],[-95.0381298,45.1105565]]]},"properties":{"id":"alpr-branch-5th-street-southeast-283","layer":"alpr_corridor","name":"5th Street Southeast","county":"Kandiyohi County","state":"MN","countyFips":"27067","confidence":"probabilistic","sourceDate":null,"attributes":{"kind":"branch","road":"5th Street Southeast","roadName":null,"roadClass":"tertiary","readerCount":2,"siteCount":1,"operatorCount":1,"operators":"City of Willmar - Police","unattributedReaders":1,"siteLngs":"-95.038029","siteLats":"45.110479","siteReaders":"2"}}},{"type":"Feature","geometry":{"type":"MultiLineString","coordinates":[[[-94.89825576242372,47.49775034636353],[-94.89612602224528,47.49774290758039],[-94.8959786,47.4977424],[-94.8958156,47.497742],[-94.89399626670242,47.497737963995746]]]},"properties":{"id":"alpr-branch-30th-street-northwest-290","layer":"alpr_corridor","name":"30th Street Northwest","county":"Beltrami County","state":"MN","countyFips":"27007","confidence":"probabilistic","sourceDate":null,"attributes":{"kind":"branch","road":"30th Street Northwest","roadName":null,"roadClass":"residential","readerCount":2,"siteCount":1,"operatorCount":1,"operators":"Paul Bunyan Drug Task Force","unattributedReaders":1,"siteLngs":"-94.896125","siteLats":"47.497820","siteReaders":"2"}}},{"type":"Feature","geometry":{"type":"MultiLineString","coordinates":[[[-93.3502322,45.1976389],[-93.3502319,45.1977432],[-93.3502298,45.1984281],[-93.3502296,45.1985056],[-93.3502269,45.1985547],[-93.3502108,45.1985925],[-93.3501598,45.1986435],[-93.3500955,45.1987135],[-93.350074,45.198791],[-93.3500847,45.1988684],[-93.3501384,45.1989384],[-93.3502027,45.1989856],[-93.35022199218422,45.1990190434712]]]},"properties":{"id":"alpr-branch-riverdale-boulevard-northwest-292","layer":"alpr_corridor","name":"Riverdale Boulevard Northwest","county":"Anoka County","state":"MN","countyFips":"27003","confidence":"probabilistic","sourceDate":null,"attributes":{"kind":"branch","road":"Riverdale Boulevard Northwest","roadName":null,"roadClass":"unclassified","readerCount":2,"siteCount":1,"operatorCount":0,"operators":null,"unattributedReaders":2,"siteLngs":"-93.350305","siteLats":"45.197606","siteReaders":"2"}}},{"type":"Feature","geometry":{"type":"MultiLineString","coordinates":[[[-93.02067579647428,45.250702116855386],[-93.0198843,45.2508613]]]},"properties":{"id":"alpr-branch-cr-23-294","layer":"alpr_corridor","name":"CR 23 — Lake Drive Northeast","county":"Anoka County","state":"MN","countyFips":"27003","confidence":"probabilistic","sourceDate":null,"attributes":{"kind":"branch","road":"CR 23","roadName":"Lake Drive Northeast","roadClass":"primary","readerCount":2,"siteCount":1,"operatorCount":0,"operators":null,"unattributedReaders":2,"siteLngs":"-93.020621","siteLats":"45.250565","siteReaders":"2"}}},{"type":"Feature","geometry":{"type":"MultiLineString","coordinates":[[[-93.12677872786188,45.103221899713624],[-93.126395,45.103221],[-93.126086,45.103209],[-93.1258909,45.1031899],[-93.12581,45.103182],[-93.125567,45.103147],[-93.125299,45.103093],[-93.125086,45.103039],[-93.125037,45.103026],[-93.12479928197357,45.10294928957303]]]},"properties":{"id":"alpr-branch-wildflower-way-302","layer":"alpr_corridor","name":"Wildflower Way","county":"Ramsey County","state":"MN","countyFips":"27123","confidence":"probabilistic","sourceDate":null,"attributes":{"kind":"branch","road":"Wildflower Way","roadName":null,"roadClass":"tertiary","readerCount":2,"siteCount":1,"operatorCount":0,"operators":null,"unattributedReaders":2,"siteLngs":"-93.126779","siteLats":"45.103228","siteReaders":"2"}}},{"type":"Feature","geometry":{"type":"MultiLineString","coordinates":[[[-91.69409004542302,44.0563165389248],[-91.6923662,44.0555846],[-91.6923662,44.0555846]]]},"properties":{"id":"alpr-branch-us-61-312","layer":"alpr_corridor","name":"US 61","county":"Winona County","state":"MN","countyFips":"27169","confidence":"probabilistic","sourceDate":null,"attributes":{"kind":"branch","road":"US 61","roadName":null,"roadClass":"trunk","readerCount":2,"siteCount":1,"operatorCount":0,"operators":null,"unattributedReaders":2,"siteLngs":"-91.692262","siteLats":"44.055631","siteReaders":"2"}}},{"type":"Feature","geometry":{"type":"MultiLineString","coordinates":[[[-93.06581974196929,44.997616936948624],[-93.065809,44.997691],[-93.065753,44.997951],[-93.065678,44.998209],[-93.065583,44.998464],[-93.06547,44.998715],[-93.065339,44.998961],[-93.0653118028947,44.99900508077874],[-93.06519,44.999202],[-93.065022,44.999437],[-93.064839,44.999666],[-93.064638,44.999888],[-93.064495,45.000031],[-93.0644393,45.0000849]]]},"properties":{"id":"alpr-branch-us-61-313","layer":"alpr_corridor","name":"US 61 — North Maplewood Drive","county":"Ramsey County","state":"MN","countyFips":"27123","confidence":"probabilistic","sourceDate":null,"attributes":{"kind":"branch","road":"US 61","roadName":"North Maplewood Drive","roadClass":"primary","readerCount":2,"siteCount":1,"operatorCount":0,"operators":null,"unattributedReaders":2,"siteLngs":"-93.065394","siteLats":"44.999031","siteReaders":"2"}}},{"type":"Feature","geometry":{"type":"MultiLineString","coordinates":[[[-92.5867845,44.5681013],[-92.585369,44.5677569],[-92.58526068658713,44.56773047051254],[-92.585118,44.5676953]]]},"properties":{"id":"alpr-branch-us-61-321","layer":"alpr_corridor","name":"US 61 — Route 61","county":"Goodhue County","state":"MN","countyFips":"27049","confidence":"probabilistic","sourceDate":null,"attributes":{"kind":"branch","road":"US 61","roadName":"Route 61","roadClass":"trunk","readerCount":2,"siteCount":1,"operatorCount":0,"operators":null,"unattributedReaders":2,"siteLngs":"-92.585205","siteLats":"44.567847","siteReaders":"2"}}},{"type":"Feature","geometry":{"type":"MultiLineString","coordinates":[[[-93.194962,44.9234224],[-93.1951292,44.9234237],[-93.1952222,44.9234224],[-93.1960323,44.9234112],[-93.19676815098052,44.92340750208735],[-93.1973081,44.9234021],[-93.1977793,44.9234026],[-93.1978756,44.9234027]]]},"properties":{"id":"alpr-branch-west-hartford-avenue-356","layer":"alpr_corridor","name":"West Hartford Avenue","county":"Ramsey County","state":"MN","countyFips":"27123","confidence":"probabilistic","sourceDate":null,"attributes":{"kind":"branch","road":"West Hartford Avenue","roadName":null,"roadClass":"residential","readerCount":2,"siteCount":1,"operatorCount":1,"operators":"Temple of Aaron","unattributedReaders":0,"siteLngs":"-93.196766","siteLats":"44.923288","siteReaders":"2"}}},{"type":"Feature","geometry":{"type":"MultiLineString","coordinates":[[[-91.6092396943168,44.026851251197186],[-91.6086719,44.0267911],[-91.60726242459845,44.0266294082347],[-91.6071837,44.0266207],[-91.606804,44.0265786]]]},"properties":{"id":"alpr-branch-us-14-357","layer":"alpr_corridor","name":"US 14","county":"Winona County","state":"MN","countyFips":"27169","confidence":"probabilistic","sourceDate":null,"attributes":{"kind":"branch","road":"US 14","roadName":null,"roadClass":"trunk","readerCount":2,"siteCount":1,"operatorCount":0,"operators":null,"unattributedReaders":2,"siteLngs":"-91.607246","siteLats":"44.026707","siteReaders":"2"}}},{"type":"Feature","geometry":{"type":"MultiLineString","coordinates":[[[-91.6219086,44.0283074],[-91.6216733,44.0276213],[-91.6215716,44.0272649],[-91.62149798772695,44.02701047287493],[-91.6214373,44.0268032]]]},"properties":{"id":"alpr-branch-mn-43-360","layer":"alpr_corridor","name":"MN 43 — Homer Road","county":"Winona County","state":"MN","countyFips":"27169","confidence":"probabilistic","sourceDate":null,"attributes":{"kind":"branch","road":"MN 43","roadName":"Homer Road","roadClass":"primary","readerCount":2,"siteCount":1,"operatorCount":0,"operators":null,"unattributedReaders":2,"siteLngs":"-91.621413","siteLats":"44.027023","siteReaders":"2"}}},{"type":"Feature","geometry":{"type":"MultiLineString","coordinates":[[[-93.4210552,44.9450218],[-93.4210545,44.9451079],[-93.4210437,44.9457101],[-93.4210372,44.9462196],[-93.42106911724295,44.946459580993626]]]},"properties":{"id":"alpr-branch-cr-73-375","layer":"alpr_corridor","name":"CR 73 — Hopkins Crossroad","county":"Hennepin County","state":"MN","countyFips":"27053","confidence":"probabilistic","sourceDate":null,"attributes":{"kind":"branch","road":"CR 73","roadName":"Hopkins Crossroad","roadClass":"secondary","readerCount":2,"siteCount":1,"operatorCount":0,"operators":null,"unattributedReaders":2,"siteLngs":"-93.421093","siteLats":"44.944988","siteReaders":"2"}}},{"type":"Feature","geometry":{"type":"MultiLineString","coordinates":[[[-93.3857929,44.9356889],[-93.3858705,44.9357706],[-93.3858927,44.935794],[-93.3860536,44.9359139],[-93.3862353,44.9360127],[-93.3862353,44.9360127]]]},"properties":{"id":"alpr-branch-aquila-avenue-south-382","layer":"alpr_corridor","name":"Aquila Avenue South","county":"Hennepin County","state":"MN","countyFips":"27053","confidence":"probabilistic","sourceDate":null,"attributes":{"kind":"branch","road":"Aquila Avenue South","roadName":null,"roadClass":"tertiary","readerCount":2,"siteCount":1,"operatorCount":0,"operators":null,"unattributedReaders":2,"siteLngs":"-93.386234","siteLats":"44.936025","siteReaders":"2"}}},{"type":"Feature","geometry":{"type":"MultiLineString","coordinates":[[[-93.3195292,45.0606378],[-93.3195792,45.060559],[-93.31989347540971,45.06006575480862],[-93.319909,45.0600428],[-93.3200827,45.059772],[-93.3202733,45.059473],[-93.32032,45.0593924]]]},"properties":{"id":"alpr-branch-xerxes-avenue-north-384","layer":"alpr_corridor","name":"Xerxes Avenue North","county":"Hennepin County","state":"MN","countyFips":"27053","confidence":"probabilistic","sourceDate":null,"attributes":{"kind":"branch","road":"Xerxes Avenue North","roadName":null,"roadClass":"tertiary","readerCount":2,"siteCount":1,"operatorCount":0,"operators":null,"unattributedReaders":2,"siteLngs":"-93.320211","siteLats":"45.060174","siteReaders":"2"}}},{"type":"Feature","geometry":{"type":"MultiLineString","coordinates":[[[-93.2525016,44.9501728],[-93.2525057,44.9500703],[-93.2525056,44.950007],[-93.25249733359432,44.948935028769185],[-93.2524975,44.9489125],[-93.2524985,44.9487824],[-93.2525023,44.9484825],[-93.2525016,44.9483742]]]},"properties":{"id":"alpr-branch-bloomington-avenue-428","layer":"alpr_corridor","name":"Bloomington Avenue","county":"Hennepin County","state":"MN","countyFips":"27053","confidence":"probabilistic","sourceDate":null,"attributes":{"kind":"branch","road":"Bloomington Avenue","roadName":null,"roadClass":"tertiary","readerCount":2,"siteCount":1,"operatorCount":1,"operators":"Hennepin County Sheriff's Office","unattributedReaders":0,"siteLngs":"-93.252623","siteLats":"44.948935","siteReaders":"2"}}},{"type":"Feature","geometry":{"type":"MultiLineString","coordinates":[[[-93.277817,44.962696],[-93.27781755771275,44.962595997753056],[-93.2778197,44.9622507],[-93.2778233,44.961653],[-93.277825,44.9613729],[-93.27782629830901,44.961157098464426]]]},"properties":{"id":"alpr-branch-nicollet-avenue-434","layer":"alpr_corridor","name":"Nicollet Avenue","county":"Hennepin County","state":"MN","countyFips":"27053","confidence":"probabilistic","sourceDate":null,"attributes":{"kind":"branch","road":"Nicollet Avenue","roadName":null,"roadClass":"tertiary","readerCount":2,"siteCount":1,"operatorCount":1,"operators":"Minneapolis Police Department","unattributedReaders":1,"siteLngs":"-93.277882","siteLats":"44.962596","siteReaders":"2"}}},{"type":"Feature","geometry":{"type":"MultiLineString","coordinates":[[[-93.27593459270622,44.97881572689718],[-93.2758923,44.978846],[-93.2756461,44.9790223],[-93.2752963,44.9792729],[-93.2749304,44.9795352],[-93.2748328,44.9796051]]]},"properties":{"id":"alpr-branch-north-1st-avenue-435","layer":"alpr_corridor","name":"North 1st Avenue","county":"Hennepin County","state":"MN","countyFips":"27053","confidence":"probabilistic","sourceDate":null,"attributes":{"kind":"branch","road":"North 1st Avenue","roadName":null,"roadClass":"tertiary","readerCount":2,"siteCount":1,"operatorCount":1,"operators":"Minneapolis Police Department","unattributedReaders":0,"siteLngs":"-93.275967","siteLats":"44.978839","siteReaders":"2"}}},{"type":"Feature","geometry":{"type":"MultiLineString","coordinates":[[[-93.27386376236088,44.992801394209735],[-93.2731318,44.9930359]]]},"properties":{"id":"alpr-branch-north-plymouth-avenue-441","layer":"alpr_corridor","name":"North Plymouth Avenue","county":"Hennepin County","state":"MN","countyFips":"27053","confidence":"probabilistic","sourceDate":null,"attributes":{"kind":"branch","road":"North Plymouth Avenue","roadName":null,"roadClass":"secondary","readerCount":2,"siteCount":1,"operatorCount":0,"operators":null,"unattributedReaders":2,"siteLngs":"-93.273863","siteLats":"44.992801","siteReaders":"2"}}},{"type":"Feature","geometry":{"type":"MultiLineString","coordinates":[[[-93.29560037399894,45.013127846078916],[-93.2955979,45.0130382],[-93.2955946,45.0126987]]]},"properties":{"id":"alpr-branch-north-fremont-avenue-444","layer":"alpr_corridor","name":"North Fremont Avenue","county":"Hennepin County","state":"MN","countyFips":"27053","confidence":"probabilistic","sourceDate":null,"attributes":{"kind":"branch","road":"North Fremont Avenue","roadName":null,"roadClass":"tertiary","readerCount":2,"siteCount":1,"operatorCount":1,"operators":"Minneapolis Police Department","unattributedReaders":0,"siteLngs":"-93.295715","siteLats":"45.013126","siteReaders":"2"}}},{"type":"Feature","geometry":{"type":"MultiLineString","coordinates":[[[-93.26334412276394,44.99867079548227],[-93.2633628,44.9986288],[-93.2633722,44.9986047],[-93.2634259,44.9984649],[-93.2634556,44.998325],[-93.2634316,44.9981672]]]},"properties":{"id":"alpr-branch-mn-47-447","layer":"alpr_corridor","name":"MN 47 — Northeast University Avenue","county":"Hennepin County","state":"MN","countyFips":"27053","confidence":"probabilistic","sourceDate":null,"attributes":{"kind":"branch","road":"MN 47","roadName":"Northeast University Avenue","roadClass":"secondary","readerCount":2,"siteCount":1,"operatorCount":1,"operators":"Minneapolis Police Department","unattributedReaders":0,"siteLngs":"-93.263219","siteLats":"44.998643","siteReaders":"2"}}},{"type":"Feature","geometry":{"type":"MultiLineString","coordinates":[[[-93.21407880870753,45.00028576358206],[-93.2140842,45.0002013],[-93.2140841,45.0000599],[-93.2140834396556,44.998846937094406],[-93.2140834,44.9987637],[-93.2140831,44.9987371],[-93.2140772,44.9982206],[-93.21406797214809,44.99740806841424]]]},"properties":{"id":"alpr-branch-northeast-godward-street-455","layer":"alpr_corridor","name":"Northeast Godward Street","county":"Hennepin County","state":"MN","countyFips":"27053","confidence":"probabilistic","sourceDate":null,"attributes":{"kind":"branch","road":"Northeast Godward Street","roadName":null,"roadClass":"unclassified","readerCount":2,"siteCount":1,"operatorCount":0,"operators":null,"unattributedReaders":2,"siteLngs":"-93.213823","siteLats":"44.998847","siteReaders":"2"}}},{"type":"Feature","geometry":{"type":"MultiLineString","coordinates":[[[-93.2385543,45.1150137],[-93.2390502,45.1150079],[-93.23945600383412,45.115014311166576],[-93.2398516,45.1150237],[-93.240062,45.1150259],[-93.2406376,45.1150375]]]},"properties":{"id":"alpr-branch-81st-avenue-northeast-460","layer":"alpr_corridor","name":"81st Avenue Northeast","county":"Anoka County","state":"MN","countyFips":"27003","confidence":"probabilistic","sourceDate":null,"attributes":{"kind":"branch","road":"81st Avenue Northeast","roadName":null,"roadClass":"tertiary","readerCount":2,"siteCount":1,"operatorCount":0,"operators":null,"unattributedReaders":2,"siteLngs":"-93.239447","siteLats":"45.115198","siteReaders":"2"}}},{"type":"Feature","geometry":{"type":"MultiLineString","coordinates":[[[-93.163469,45.1567189],[-93.1635932,45.1567198],[-93.1639828,45.1567226]]]},"properties":{"id":"alpr-branch-ball-road-northeast-461","layer":"alpr_corridor","name":"Ball Road Northeast","county":"Anoka County","state":"MN","countyFips":"27003","confidence":"probabilistic","sourceDate":null,"attributes":{"kind":"branch","road":"Ball Road Northeast","roadName":null,"roadClass":"unclassified","readerCount":2,"siteCount":1,"operatorCount":0,"operators":null,"unattributedReaders":2,"siteLngs":"-93.163363","siteLats":"45.156632","siteReaders":"2"}}},{"type":"Feature","geometry":{"type":"MultiLineString","coordinates":[[[-93.2627156,45.0355419],[-93.26131859695653,45.03554353667587],[-93.2610407,45.0355442],[-93.2610002,45.0355443],[-93.2603179,45.0355453],[-93.2602248,45.0355454],[-93.2601522,45.0355455],[-93.2600189,45.0355463],[-93.2599421,45.0355444]]]},"properties":{"id":"alpr-branch-northeast-37th-avenue-463","layer":"alpr_corridor","name":"Northeast 37th Avenue","county":"Anoka County","state":"MN","countyFips":"27003","confidence":"probabilistic","sourceDate":null,"attributes":{"kind":"branch","road":"Northeast 37th Avenue","roadName":null,"roadClass":"tertiary","readerCount":2,"siteCount":1,"operatorCount":0,"operators":null,"unattributedReaders":2,"siteLngs":"-93.261319","siteLats":"45.035629","siteReaders":"2"}}},{"type":"Feature","geometry":{"type":"MultiLineString","coordinates":[[[-92.74150471044295,44.66260868919676],[-92.73987549475311,44.6634617243144],[-92.7397708,44.6635116]]]},"properties":{"id":"alpr-branch-ch-68-465","layer":"alpr_corridor","name":"CH 68 — Ravenna Trail","county":"Dakota County","state":"MN","countyFips":"27037","confidence":"probabilistic","sourceDate":null,"attributes":{"kind":"branch","road":"CH 68","roadName":"Ravenna Trail","roadClass":"tertiary","readerCount":2,"siteCount":1,"operatorCount":1,"operators":"Dakota County Sheriff's Office","unattributedReaders":0,"siteLngs":"-92.739996","siteLats":"44.663591","siteReaders":"2"}}},{"type":"Feature","geometry":{"type":"MultiLineString","coordinates":[[[-93.4416187,44.8612114],[-93.4414983,44.8612728],[-93.44113676469624,44.86143992355385],[-93.4406499,44.8616489],[-93.4403111,44.8617682],[-93.4400039,44.8619085]]]},"properties":{"id":"alpr-branch-technology-drive-482","layer":"alpr_corridor","name":"Technology Drive","county":"Hennepin County","state":"MN","countyFips":"27053","confidence":"probabilistic","sourceDate":null,"attributes":{"kind":"branch","road":"Technology Drive","roadName":null,"roadClass":"tertiary","readerCount":2,"siteCount":1,"operatorCount":0,"operators":null,"unattributedReaders":2,"siteLngs":"-93.441084","siteLats":"44.861378","siteReaders":"2"}}},{"type":"Feature","geometry":{"type":"MultiLineString","coordinates":[[[-93.32014228417962,45.06082401640518],[-93.320518,45.06094],[-93.320633,45.06097],[-93.3207413,45.0609858],[-93.320763,45.060989],[-93.320885,45.060993],[-93.3210479,45.0609916],[-93.3215567,45.0609871],[-93.321678,45.060986],[-93.321747,45.060974],[-93.3218,45.060951],[-93.321838,45.060913],[-93.3218593,45.0608811],[-93.32194780111476,45.06074855616298],[-93.3223273,45.0601806],[-93.322367,45.0601229]]]},"properties":{"id":"alpr-branch-northway-drive-489","layer":"alpr_corridor","name":"Northway Drive","county":"Hennepin County","state":"MN","countyFips":"27053","confidence":"probabilistic","sourceDate":null,"attributes":{"kind":"branch","road":"Northway Drive","roadName":null,"roadClass":"residential","readerCount":2,"siteCount":1,"operatorCount":0,"operators":null,"unattributedReaders":2,"siteLngs":"-93.321749","siteLats":"45.060682","siteReaders":"2"}}},{"type":"Feature","geometry":{"type":"MultiLineString","coordinates":[[[-93.2681123,45.1337464],[-93.2678987,45.1335783],[-93.267473494198,45.13324044570109],[-93.267173,45.133004],[-93.266835,45.132739],[-93.266801,45.132712],[-93.2664808,45.1324683],[-93.2661503,45.1322167],[-93.26609881229744,45.132177507037866]]]},"properties":{"id":"alpr-branch-frontage-road-492","layer":"alpr_corridor","name":"Frontage Road","county":"Anoka County","state":"MN","countyFips":"27003","confidence":"probabilistic","sourceDate":null,"attributes":{"kind":"branch","road":"Frontage Road","roadName":null,"roadClass":"tertiary","readerCount":2,"siteCount":1,"operatorCount":0,"operators":null,"unattributedReaders":2,"siteLngs":"-93.267515","siteLats":"45.133214","siteReaders":"2"}}},{"type":"Feature","geometry":{"type":"MultiLineString","coordinates":[[[-93.03192213601055,44.879918180353975],[-93.0318978,44.8798197],[-93.03153617880348,44.87850551463511],[-93.0315071,44.8784001]]]},"properties":{"id":"alpr-branch-ch-56-509","layer":"alpr_corridor","name":"CH 56 — Concord Street South","county":"Dakota County","state":"MN","countyFips":"27037","confidence":"probabilistic","sourceDate":null,"attributes":{"kind":"branch","road":"CH 56","roadName":"Concord Street South","roadClass":"secondary","readerCount":2,"siteCount":1,"operatorCount":0,"operators":null,"unattributedReaders":2,"siteLngs":"-93.031618","siteLats":"44.878494","siteReaders":"2"}}},{"type":"Feature","geometry":{"type":"MultiLineString","coordinates":[[[-94.19400725748908,45.597974840042525],[-94.1939933,45.5979462],[-94.1939444,45.5978663],[-94.1939193,45.5978254],[-94.1938278,45.5976454],[-94.1936285,45.5973089],[-94.1934776,45.5970587],[-94.19319563083238,45.59665385381052],[-94.1931661,45.5966147],[-94.1928856,45.5963364],[-94.1926023,45.5960482],[-94.1923277,45.5958139],[-94.1919672,45.5955197],[-94.19195250500294,45.59551055653083]]]},"properties":{"id":"alpr-branch-cr-1-548","layer":"alpr_corridor","name":"CR 1 — Riverside Avenue South","county":"Stearns County","state":"MN","countyFips":"27145","confidence":"probabilistic","sourceDate":null,"attributes":{"kind":"branch","road":"CR 1","roadName":"Riverside Avenue South","roadClass":"tertiary","readerCount":2,"siteCount":1,"operatorCount":0,"operators":null,"unattributedReaders":2,"siteLngs":"-94.193074","siteLats":"45.596699","siteReaders":"2"}}},{"type":"Feature","geometry":{"type":"MultiLineString","coordinates":[[[-93.37611975431506,45.186869500358355],[-93.3757476,45.1867287],[-93.3752193,45.1865318],[-93.3750732,45.1864773],[-93.3748492,45.1863938],[-93.3747883,45.1863711],[-93.3743162835478,45.186195117641844],[-93.3743157,45.1861949],[-93.3738291,45.1860106],[-93.3735831,45.1859175]]]},"properties":{"id":"alpr-branch-cr-1-549","layer":"alpr_corridor","name":"CR 1 — East River Road","county":"Anoka County","state":"MN","countyFips":"27003","confidence":"probabilistic","sourceDate":null,"attributes":{"kind":"branch","road":"CR 1","roadName":"East River Road","roadClass":"secondary","readerCount":2,"siteCount":1,"operatorCount":0,"operators":null,"unattributedReaders":2,"siteLngs":"-93.374240","siteLats":"45.186298","siteReaders":"2"}}},{"type":"Feature","geometry":{"type":"MultiLineString","coordinates":[[[-93.27188354121768,45.14049489056769],[-93.2719956,45.1405154],[-93.2720853,45.1405145],[-93.2724319,45.1404999],[-93.2739165168475,45.140437607180665]]]},"properties":{"id":"alpr-branch-94th-avenue-northwest-555","layer":"alpr_corridor","name":"94th Avenue Northwest","county":"Anoka County","state":"MN","countyFips":"27003","confidence":"probabilistic","sourceDate":null,"attributes":{"kind":"branch","road":"94th Avenue Northwest","roadName":null,"roadClass":"residential","readerCount":2,"siteCount":1,"operatorCount":0,"operators":null,"unattributedReaders":2,"siteLngs":"-93.271825","siteLats":"45.140656","siteReaders":"2"}}},{"type":"Feature","geometry":{"type":"MultiLineString","coordinates":[[[-93.442836,44.9676248],[-93.44214810943815,44.96763796078056],[-93.4419437,44.9676397],[-93.4418088,44.9676511]]]},"properties":{"id":"alpr-branch-cartway-lane-574","layer":"alpr_corridor","name":"Cartway Lane","county":"Hennepin County","state":"MN","countyFips":"27053","confidence":"probabilistic","sourceDate":null,"attributes":{"kind":"branch","road":"Cartway Lane","roadName":null,"roadClass":"unclassified","readerCount":2,"siteCount":1,"operatorCount":0,"operators":null,"unattributedReaders":2,"siteLngs":"-93.442149","siteLats":"44.967685","siteReaders":"2"}}},{"type":"Feature","geometry":{"type":"MultiLineString","coordinates":[[[-93.4055345456627,44.983732783458805],[-93.4058765,44.98377],[-93.406254,44.9838132],[-93.40754315453012,44.983960946887336],[-93.408151,44.984031],[-93.4086231,44.9840978],[-93.4091896,44.984201],[-93.40953239238773,44.98425776383614]]]},"properties":{"id":"alpr-branch-mn-55-621","layer":"alpr_corridor","name":"MN 55","county":"Hennepin County","state":"MN","countyFips":"27053","confidence":"probabilistic","sourceDate":null,"attributes":{"kind":"branch","road":"MN 55","roadName":null,"roadClass":"trunk","readerCount":2,"siteCount":1,"operatorCount":0,"operators":null,"unattributedReaders":2,"siteLngs":"-93.407524","siteLats":"44.984046","siteReaders":"2"}}},{"type":"Feature","geometry":{"type":"MultiLineString","coordinates":[[[-93.32420672711068,45.051364986527034],[-93.3247114,45.0513829],[-93.32624240646768,45.05140887115031],[-93.3262736,45.0514094],[-93.3265614,45.0514129],[-93.327148,45.05142],[-93.32827842788173,45.05144601218604]]]},"properties":{"id":"alpr-branch-53rd-avenue-north-626","layer":"alpr_corridor","name":"53rd Avenue North","county":"Hennepin County","state":"MN","countyFips":"27053","confidence":"probabilistic","sourceDate":null,"attributes":{"kind":"branch","road":"53rd Avenue North","roadName":null,"roadClass":"tertiary","readerCount":2,"siteCount":1,"operatorCount":0,"operators":null,"unattributedReaders":2,"siteLngs":"-93.326246","siteLats":"45.051311","siteReaders":"2"}}},{"type":"Feature","geometry":{"type":"MultiLineString","coordinates":[[[-93.2681993,45.0715955],[-93.2671456,45.0716022],[-93.2663369,45.0716074]]]},"properties":{"id":"alpr-branch-cr-102-632","layer":"alpr_corridor","name":"CR 102 — 57th Avenue Northeast","county":"Anoka County","state":"MN","countyFips":"27003","confidence":"probabilistic","sourceDate":null,"attributes":{"kind":"branch","road":"CR 102","roadName":"57th Avenue Northeast","roadClass":"tertiary","readerCount":2,"siteCount":1,"operatorCount":0,"operators":null,"unattributedReaders":2,"siteLngs":"-93.268212","siteLats":"45.071590","siteReaders":"2"}}},{"type":"Feature","geometry":{"type":"MultiLineString","coordinates":[[[-93.2681267,45.0689892],[-93.26816548654963,45.07016846437325],[-93.2681974,45.071481],[-93.2681993,45.0715955]]]},"properties":{"id":"alpr-branch-cr-102-633","layer":"alpr_corridor","name":"CR 102 — Main Street Northeast","county":"Anoka County","state":"MN","countyFips":"27003","confidence":"probabilistic","sourceDate":null,"attributes":{"kind":"branch","road":"CR 102","roadName":"Main Street Northeast","roadClass":"tertiary","readerCount":2,"siteCount":1,"operatorCount":0,"operators":null,"unattributedReaders":2,"siteLngs":"-93.268439","siteLats":"45.070165","siteReaders":"2"}}},{"type":"Feature","geometry":{"type":"MultiLineString","coordinates":[[[-92.9827504028023,44.85515955441743],[-92.9827432,44.8551582],[-92.9826251,44.8551401],[-92.9824843,44.855122],[-92.9823314,44.8551054],[-92.9822134,44.8550949],[-92.982088,44.8550864],[-92.9819405,44.8550797],[-92.9817863,44.8550759],[-92.9816247,44.8550759],[-92.98072967641305,44.85508654208265],[-92.9804785,44.8550918]]]},"properties":{"id":"alpr-branch-cr-74-659","layer":"alpr_corridor","name":"CR 74 — 65th Street South","county":"Washington County","state":"MN","countyFips":"27163","confidence":"probabilistic","sourceDate":null,"attributes":{"kind":"branch","road":"CR 74","roadName":"65th Street South","roadClass":"tertiary","readerCount":2,"siteCount":1,"operatorCount":0,"operators":null,"unattributedReaders":2,"siteLngs":"-92.980729","siteLats":"44.855079","siteReaders":"2"}}},{"type":"Feature","geometry":{"type":"MultiLineString","coordinates":[[[-93.12504367716409,45.09676253446973],[-93.1250991,45.0967714],[-93.1252692,45.0967986],[-93.1254503,45.0968276],[-93.1256384,45.0968537],[-93.1258282,45.0968657],[-93.1259604,45.0968691],[-93.1261291,45.0968577],[-93.1263441,45.0968275],[-93.1265493,45.0967995],[-93.1266943,45.0967927],[-93.1270579706443,45.09678383927667],[-93.1272019,45.0967855]]]},"properties":{"id":"alpr-branch-maycomb-lane-693","layer":"alpr_corridor","name":"Maycomb Lane","county":"Ramsey County","state":"MN","countyFips":"27123","confidence":"probabilistic","sourceDate":null,"attributes":{"kind":"branch","road":"Maycomb Lane","roadName":null,"roadClass":"residential","readerCount":2,"siteCount":1,"operatorCount":0,"operators":null,"unattributedReaders":2,"siteLngs":"-93.127058","siteLats":"45.096774","siteReaders":"2"}}},{"type":"Feature","geometry":{"type":"MultiLineString","coordinates":[[[-93.12673329450584,45.09487815931795],[-93.1266839,45.0948822],[-93.1265652,45.0949037],[-93.1263514,45.0949847]]]},"properties":{"id":"alpr-branch-cunningham-road-694","layer":"alpr_corridor","name":"Cunningham Road","county":"Ramsey County","state":"MN","countyFips":"27123","confidence":"probabilistic","sourceDate":null,"attributes":{"kind":"branch","road":"Cunningham Road","roadName":null,"roadClass":"residential","readerCount":2,"siteCount":1,"operatorCount":0,"operators":null,"unattributedReaders":2,"siteLngs":"-93.126739","siteLats":"45.094910","siteReaders":"2"}}},{"type":"Feature","geometry":{"type":"MultiLineString","coordinates":[[[-93.25286021665453,44.097787020381325],[-93.2528659,44.0980426],[-93.2528656,44.0981745],[-93.2528543,44.0982553],[-93.2528334,44.0983325],[-93.2527985,44.0984172],[-93.2527476,44.0984971],[-93.2527191,44.0985291],[-93.2526612,44.0985943],[-93.25217518033615,44.09908238065703]]]},"properties":{"id":"alpr-branch-21st-avenue-northwest-698","layer":"alpr_corridor","name":"21st Avenue Northwest","county":"Steele County","state":"MN","countyFips":"27147","confidence":"probabilistic","sourceDate":null,"attributes":{"kind":"branch","road":"21st Avenue Northwest","roadName":null,"roadClass":"tertiary","readerCount":2,"siteCount":1,"operatorCount":0,"operators":null,"unattributedReaders":2,"siteLngs":"-93.253241","siteLats":"44.097783","siteReaders":"2"}}},{"type":"Feature","geometry":{"type":"MultiLineString","coordinates":[[[-93.35463181963352,45.19670831758247],[-93.3548341,45.1967064],[-93.3552421,45.1967036],[-93.3556451,45.1966988],[-93.3557614,45.1966973],[-93.3558409,45.1966901],[-93.3559042,45.1966793],[-93.3559847,45.1966536],[-93.3560511,45.1966229],[-93.35645134581175,45.19630869072595],[-93.3564517,45.1963084],[-93.356626,45.1961653],[-93.3566833,45.1961182],[-93.3571056,45.1957674],[-93.3572244,45.1956688],[-93.3572593,45.1956121],[-93.3572754,45.1955478],[-93.3572994,45.1953616],[-93.3573129,45.1952567]]]},"properties":{"id":"alpr-branch-124th-avenue-northwest-699","layer":"alpr_corridor","name":"124th Avenue Northwest","county":"Anoka County","state":"MN","countyFips":"27003","confidence":"probabilistic","sourceDate":null,"attributes":{"kind":"branch","road":"124th Avenue Northwest","roadName":null,"roadClass":"unclassified","readerCount":2,"siteCount":1,"operatorCount":1,"operators":"The Home Depot","unattributedReaders":0,"siteLngs":"-93.356279","siteLats":"45.196203","siteReaders":"2"}}},{"type":"Feature","geometry":{"type":"MultiLineString","coordinates":[[[-92.93996381888502,45.31406283618588],[-92.93826139401237,45.3148611159159],[-92.93655695765453,45.31565729863478]]]},"properties":{"id":"alpr-branch-us-8-744","layer":"alpr_corridor","name":"US 8 — Lake Boulevard","county":"Chisago County","state":"MN","countyFips":"27025","confidence":"probabilistic","sourceDate":null,"attributes":{"kind":"branch","road":"US 8","roadName":"Lake Boulevard","roadClass":"trunk","readerCount":2,"siteCount":1,"operatorCount":0,"operators":null,"unattributedReaders":2,"siteLngs":"-92.938263","siteLats":"45.314863","siteReaders":"2"}}},{"type":"Feature","geometry":{"type":"MultiLineString","coordinates":[[[-93.40211860348634,45.12133716577564],[-93.4021068,45.1217916],[-93.4020991,45.1220883],[-93.4020985,45.1221608],[-93.40208741507745,45.122775901340184],[-93.4020818,45.1231249],[-93.4020785,45.1232401]]]},"properties":{"id":"alpr-branch-central-avenue-749","layer":"alpr_corridor","name":"Central Avenue","county":"Hennepin County","state":"MN","countyFips":"27053","confidence":"probabilistic","sourceDate":null,"attributes":{"kind":"branch","road":"Central Avenue","roadName":null,"roadClass":"tertiary","readerCount":2,"siteCount":1,"operatorCount":0,"operators":null,"unattributedReaders":2,"siteLngs":"-93.402087","siteLats":"45.122776","siteReaders":"2"}}},{"type":"Feature","geometry":{"type":"MultiLineString","coordinates":[[[-94.10666376309852,45.96997780692732],[-94.1060014,45.9704393],[-94.1059659,45.970464],[-94.1052011037717,45.97099614900283]]]},"properties":{"id":"alpr-branch-mn-25-782","layer":"alpr_corridor","name":"MN 25","county":"Morrison County","state":"MN","countyFips":"27097","confidence":"probabilistic","sourceDate":null,"attributes":{"kind":"branch","road":"MN 25","roadName":null,"roadClass":"primary","readerCount":2,"siteCount":1,"operatorCount":0,"operators":null,"unattributedReaders":2,"siteLngs":"-94.106436","siteLats":"45.969817","siteReaders":"2"}}},{"type":"Feature","geometry":{"type":"MultiLineString","coordinates":[[[-93.8005438,45.2968123],[-93.80073725854109,45.29642123295029],[-93.8010136,45.2958624]]]},"properties":{"id":"alpr-branch-mn-25-783","layer":"alpr_corridor","name":"MN 25 — State Highway 25","county":"Wright County","state":"MN","countyFips":"27171","confidence":"probabilistic","sourceDate":null,"attributes":{"kind":"branch","road":"MN 25","roadName":"State Highway 25","roadClass":"primary","readerCount":2,"siteCount":1,"operatorCount":0,"operators":null,"unattributedReaders":2,"siteLngs":"-93.800615","siteLats":"45.296391","siteReaders":"2"}}},{"type":"Feature","geometry":{"type":"MultiLineString","coordinates":[[[-93.4538773,44.9966574],[-93.4538803,44.9968066],[-93.45388123071346,44.99745544290852],[-93.45388,44.9979174],[-93.4538669,44.9981252],[-93.4538661,44.9981388],[-93.453865,44.99839],[-93.453857,44.998501],[-93.453812,44.998611],[-93.453751,44.998711],[-93.453659,44.998806],[-93.45361488584408,44.99885061061749]]]},"properties":{"id":"alpr-branch-annapolis-lane-north-785","layer":"alpr_corridor","name":"Annapolis Lane North","county":"Hennepin County","state":"MN","countyFips":"27053","confidence":"probabilistic","sourceDate":null,"attributes":{"kind":"branch","road":"Annapolis Lane North","roadName":null,"roadClass":"unclassified","readerCount":2,"siteCount":1,"operatorCount":0,"operators":null,"unattributedReaders":2,"siteLngs":"-93.454146","siteLats":"44.997456","siteReaders":"2"}}},{"type":"Feature","geometry":{"type":"MultiLineString","coordinates":[[[-93.76686772525436,45.03408916133726],[-93.7668625,45.0348834],[-93.76686212462786,45.035528065280864],[-93.7668645,45.0356129]]]},"properties":{"id":"alpr-branch-county-line-road-southeast-788","layer":"alpr_corridor","name":"County Line Road Southeast","county":"Hennepin County","state":"MN","countyFips":"27053","confidence":"probabilistic","sourceDate":null,"attributes":{"kind":"branch","road":"County Line Road Southeast","roadName":null,"roadClass":"residential","readerCount":2,"siteCount":1,"operatorCount":0,"operators":null,"unattributedReaders":2,"siteLngs":"-93.766831","siteLats":"45.035528","siteReaders":"2"}}},{"type":"Feature","geometry":{"type":"MultiLineString","coordinates":[[[-92.53425488858362,47.474057806789155],[-92.53343035961589,47.4753844060487],[-92.5332679,47.4756513],[-92.532758,47.4764561],[-92.5326163,47.4766934],[-92.53260511420024,47.476710750017375]]]},"properties":{"id":"alpr-branch-grant-avenue-795","layer":"alpr_corridor","name":"Grant Avenue","county":"St. Louis County","state":"MN","countyFips":"27137","confidence":"probabilistic","sourceDate":null,"attributes":{"kind":"branch","road":"Grant Avenue","roadName":null,"roadClass":"tertiary","readerCount":2,"siteCount":1,"operatorCount":0,"operators":null,"unattributedReaders":2,"siteLngs":"-92.533563","siteLats":"47.475422","siteReaders":"2"}}},{"type":"Feature","geometry":{"type":"MultiLineString","coordinates":[[[-95.72554735017582,44.93582969601623],[-95.7267941575775,44.93696612813224],[-95.7268717,44.9370368]]]},"properties":{"id":"alpr-branch-us-212-812","layer":"alpr_corridor","name":"US 212","county":"Chippewa County","state":"MN","countyFips":"27023","confidence":"probabilistic","sourceDate":null,"attributes":{"kind":"branch","road":"US 212","roadName":null,"roadClass":"trunk","readerCount":2,"siteCount":1,"operatorCount":0,"operators":null,"unattributedReaders":2,"siteLngs":"-95.726728","siteLats":"44.937003","siteReaders":"2"}}},{"type":"Feature","geometry":{"type":"MultiLineString","coordinates":[[[-92.8044063,45.0570013],[-92.8047463,45.056926],[-92.8047744,45.0569198],[-92.8048877,45.0568969],[-92.8049227,45.0568906],[-92.8050147,45.056869],[-92.80516410306379,45.056835585824466],[-92.8053218,45.0568026],[-92.8053804,45.0567904],[-92.8054334,45.0567792],[-92.8054928,45.0567507]]]},"properties":{"id":"alpr-branch-myrtle-street-east-816","layer":"alpr_corridor","name":"Myrtle Street East","county":"Washington County","state":"MN","countyFips":"27163","confidence":"probabilistic","sourceDate":null,"attributes":{"kind":"branch","road":"Myrtle Street East","roadName":null,"roadClass":"unclassified","readerCount":2,"siteCount":1,"operatorCount":0,"operators":null,"unattributedReaders":2,"siteLngs":"-92.805045","siteLats":"45.056548","siteReaders":"2"}}},{"type":"Feature","geometry":{"type":"MultiLineString","coordinates":[[[-93.22041411114228,44.64350367849599],[-93.219594,44.6434294],[-93.21840827298685,44.64332000526113],[-93.2180872,44.6432904],[-93.2178092,44.6432648],[-93.2176359,44.6432488]]]},"properties":{"id":"alpr-branch-lakeville-boulevard-859","layer":"alpr_corridor","name":"Lakeville Boulevard","county":"Dakota County","state":"MN","countyFips":"27037","confidence":"probabilistic","sourceDate":null,"attributes":{"kind":"branch","road":"Lakeville Boulevard","roadName":null,"roadClass":"tertiary","readerCount":2,"siteCount":1,"operatorCount":0,"operators":null,"unattributedReaders":2,"siteLngs":"-93.218394","siteLats":"44.643397","siteReaders":"2"}}},{"type":"Feature","geometry":{"type":"MultiLineString","coordinates":[[[-93.3434759,44.9557055],[-93.3434749,44.9557664],[-93.34346873016699,44.95619853006477],[-93.3434679,44.956266],[-93.3434659,44.9564837],[-93.3434779,44.9565243],[-93.3435023,44.9565592],[-93.3435428,44.9565881],[-93.34359,44.9566072],[-93.3436435,44.9566186],[-93.3437162,44.9566231],[-93.3440791,44.9566314],[-93.3446304,44.9566433],[-93.34499155946548,44.95665202527978]]]},"properties":{"id":"alpr-branch-barry-street-887","layer":"alpr_corridor","name":"Barry Street","county":"Hennepin County","state":"MN","countyFips":"27053","confidence":"probabilistic","sourceDate":null,"attributes":{"kind":"branch","road":"Barry Street","roadName":null,"roadClass":"tertiary","readerCount":2,"siteCount":1,"operatorCount":0,"operators":null,"unattributedReaders":2,"siteLngs":"-93.343568","siteLats":"44.956199","siteReaders":"2"}}},{"type":"Feature","geometry":{"type":"MultiLineString","coordinates":[[[-93.5038859,44.9085847],[-93.5038028,44.9085355],[-93.503738,44.9084972],[-93.5036738,44.9084574],[-93.5036314,44.9084439],[-93.5036028,44.90843],[-93.5035254,44.9083989],[-93.5032663,44.9082853]]]},"properties":{"id":"alpr-branch-excelsior-boulevard-897","layer":"alpr_corridor","name":"Excelsior Boulevard","county":"Hennepin County","state":"MN","countyFips":"27053","confidence":"probabilistic","sourceDate":null,"attributes":{"kind":"branch","road":"Excelsior Boulevard","roadName":null,"roadClass":"secondary","readerCount":2,"siteCount":1,"operatorCount":0,"operators":null,"unattributedReaders":2,"siteLngs":"-93.503935","siteLats":"44.908681","siteReaders":"2"}}},{"type":"Feature","geometry":{"type":"MultiLineString","coordinates":[[[-92.8075813,45.038886],[-92.8075824,45.0390987],[-92.8075828,45.0391803],[-92.80758295529553,45.03940975945102],[-92.8075834,45.0401252],[-92.8075922857079,45.0408486447184]]]},"properties":{"id":"alpr-branch-ch-24-904","layer":"alpr_corridor","name":"CH 24 — Osgood Avenue North","county":"Washington County","state":"MN","countyFips":"27163","confidence":"probabilistic","sourceDate":null,"attributes":{"kind":"branch","road":"CH 24","roadName":"Osgood Avenue North","roadClass":"tertiary","readerCount":2,"siteCount":1,"operatorCount":0,"operators":null,"unattributedReaders":2,"siteLngs":"-92.807613","siteLats":"45.039410","siteReaders":"2"}}},{"type":"Feature","geometry":{"type":"MultiLineString","coordinates":[[[-93.16648678744231,44.99900529775735],[-93.1664882,44.9990962],[-93.166495,44.999622],[-93.166459,45.000205],[-93.1664383,45.0004412]]]},"properties":{"id":"alpr-branch-mn-51-906","layer":"alpr_corridor","name":"MN 51 — Snelling Avenue North","county":"Ramsey County","state":"MN","countyFips":"27123","confidence":"probabilistic","sourceDate":null,"attributes":{"kind":"branch","road":"MN 51","roadName":"Snelling Avenue North","roadClass":"primary","readerCount":2,"siteCount":1,"operatorCount":0,"operators":null,"unattributedReaders":2,"siteLngs":"-93.166506","siteLats":"44.999005","siteReaders":"2"}}},{"type":"Feature","geometry":{"type":"MultiLineString","coordinates":[[[-93.29326360512636,44.96092203182878],[-93.2937451,44.9609237],[-93.2942889,44.9609249],[-93.294379,44.9609251],[-93.2944775,44.9609252],[-93.295016,44.9609257],[-93.29529713899326,44.960925689205794],[-93.2953334,44.9609253],[-93.2955585,44.960926],[-93.295648,44.9609263],[-93.2957477,44.9609265],[-93.2962911,44.9609277],[-93.2968326,44.9609277],[-93.296923,44.9609277],[-93.297022,44.9609279],[-93.29733067007918,44.96092858201822]]]},"properties":{"id":"alpr-branch-west-22nd-street-907","layer":"alpr_corridor","name":"West 22nd Street","county":"Hennepin County","state":"MN","countyFips":"27053","confidence":"probabilistic","sourceDate":null,"attributes":{"kind":"branch","road":"West 22nd Street","roadName":null,"roadClass":"residential","readerCount":2,"siteCount":1,"operatorCount":0,"operators":null,"unattributedReaders":2,"siteLngs":"-93.295296","siteLats":"44.960848","siteReaders":"2"}}},{"type":"Feature","geometry":{"type":"MultiLineString","coordinates":[[[-93.26639753646543,44.85155245010536],[-93.2657006,44.851553],[-93.2656209,44.8515529],[-93.26436786159294,44.851551168325635],[-93.2643216,44.8515513],[-93.263155,44.851555],[-93.26233819626454,44.851555639627044]]]},"properties":{"id":"alpr-branch-east-84th-street-910","layer":"alpr_corridor","name":"East 84th Street","county":"Hennepin County","state":"MN","countyFips":"27053","confidence":"probabilistic","sourceDate":null,"attributes":{"kind":"branch","road":"East 84th Street","roadName":null,"roadClass":"residential","readerCount":2,"siteCount":1,"operatorCount":0,"operators":null,"unattributedReaders":2,"siteLngs":"-93.264368","siteLats":"44.851513","siteReaders":"2"}}},{"type":"Feature","geometry":{"type":"MultiLineString","coordinates":[[[-92.12972536644375,46.76192352373945],[-92.1298829,46.7617993],[-92.13112047616576,46.76084785275935],[-92.1311316,46.7608393]]]},"properties":{"id":"alpr-branch-west-michigan-street-926","layer":"alpr_corridor","name":"West Michigan Street","county":"St. Louis County","state":"MN","countyFips":"27137","confidence":"probabilistic","sourceDate":null,"attributes":{"kind":"branch","road":"West Michigan Street","roadName":null,"roadClass":"secondary","readerCount":2,"siteCount":1,"operatorCount":0,"operators":null,"unattributedReaders":2,"siteLngs":"-92.131106","siteLats":"46.760839","siteReaders":"2"}}},{"type":"Feature","geometry":{"type":"MultiLineString","coordinates":[[[-93.337532,44.908913],[-93.337936,44.908913],[-93.339218,44.908913],[-93.339218,44.908913]]]},"properties":{"id":"alpr-branch-west-52nd-street-1","layer":"alpr_corridor","name":"West 52nd Street","county":"Hennepin County","state":"MN","countyFips":"27053","confidence":"probabilistic","sourceDate":null,"attributes":{"kind":"branch","road":"West 52nd Street","roadName":null,"roadClass":"residential","readerCount":1,"siteCount":1,"operatorCount":1,"operators":"(Edina Police)","unattributedReaders":0,"siteLngs":"-93.339218","siteLats":"44.908913","siteReaders":"1"}}},{"type":"Feature","geometry":{"type":"MultiLineString","coordinates":[[[-94.8690924,47.4343337],[-94.8675236761191,47.433361888498666]]]},"properties":{"id":"alpr-branch-us-2-2","layer":"alpr_corridor","name":"US 2 — Paul Bunyan Expressway","county":"Beltrami County","state":"MN","countyFips":"27007","confidence":"probabilistic","sourceDate":null,"attributes":{"kind":"branch","road":"US 2","roadName":"Paul Bunyan Expressway","roadClass":"motorway","readerCount":1,"siteCount":1,"operatorCount":0,"operators":null,"unattributedReaders":1,"siteLngs":"-94.869092","siteLats":"47.434334","siteReaders":"1"}}},{"type":"Feature","geometry":{"type":"MultiLineString","coordinates":[[[-93.7950794221917,47.33335447367698],[-93.7946457,47.3331162],[-93.7945229,47.3330564],[-93.7944052,47.3330038],[-93.7942939,47.3329591],[-93.7941933,47.3329235],[-93.7940882,47.332888],[-93.7939679,47.3328547],[-93.7938554,47.3328275],[-93.7937454,47.3328056],[-93.7935925,47.3327814],[-93.7934051,47.3327618],[-93.7932059,47.3327495],[-93.79320429013204,47.33274950810064]]]},"properties":{"id":"alpr-branch-us-2-3","layer":"alpr_corridor","name":"US 2 — Main Avenue","county":"Itasca County","state":"MN","countyFips":"27061","confidence":"probabilistic","sourceDate":null,"attributes":{"kind":"branch","road":"US 2","roadName":"Main Avenue","roadClass":"trunk","readerCount":1,"siteCount":1,"operatorCount":0,"operators":null,"unattributedReaders":1,"siteLngs":"-93.794969","siteLats":"47.333448","siteReaders":"1"}}},{"type":"Feature","geometry":{"type":"MultiLineString","coordinates":[[[-93.54859877441372,47.23600026411663],[-93.5480906,47.2359999],[-93.54647960613036,47.2360091698654],[-93.5454411,47.2360112],[-93.5450676,47.2360093],[-93.5446381,47.2360021],[-93.54436078832154,47.23599389712551]]]},"properties":{"id":"alpr-branch-us-2-4","layer":"alpr_corridor","name":"US 2 — Northwest 4th Street","county":"Itasca County","state":"MN","countyFips":"27061","confidence":"probabilistic","sourceDate":null,"attributes":{"kind":"branch","road":"US 2","roadName":"Northwest 4th Street","roadClass":"trunk","readerCount":1,"siteCount":1,"operatorCount":0,"operators":null,"unattributedReaders":1,"siteLngs":"-93.546479","siteLats":"47.235960","siteReaders":"1"}}},{"type":"Feature","geometry":{"type":"MultiLineString","coordinates":[[[-93.8157981939882,47.339568999590774],[-93.8156835,47.3395784],[-93.8152261,47.3396045],[-93.8147559,47.3396181],[-93.8141833,47.3396278],[-93.81367788590711,47.339625445708364],[-93.8127447,47.3396011],[-93.8121524,47.3395611],[-93.8116957,47.3395212],[-93.81156431864528,47.33950407630607]]]},"properties":{"id":"alpr-branch-us-2-5","layer":"alpr_corridor","name":"US 2 — US Highway 2","county":"Itasca County","state":"MN","countyFips":"27061","confidence":"probabilistic","sourceDate":null,"attributes":{"kind":"branch","road":"US 2","roadName":"US Highway 2","roadClass":"trunk","readerCount":1,"siteCount":1,"operatorCount":0,"operators":null,"unattributedReaders":1,"siteLngs":"-93.813687","siteLats":"47.339468","siteReaders":"1"}}},{"type":"Feature","geometry":{"type":"MultiLineString","coordinates":[[[-94.94224836245745,47.50369577879309],[-94.9402649487392,47.503171209119806],[-94.93827683721143,47.5026548571968]]]},"properties":{"id":"alpr-branch-us-2-7","layer":"alpr_corridor","name":"US 2 — Paul Bunyan Expressway","county":"Beltrami County","state":"MN","countyFips":"27007","confidence":"probabilistic","sourceDate":null,"attributes":{"kind":"branch","road":"US 2","roadName":"Paul Bunyan Expressway","roadClass":"trunk","readerCount":1,"siteCount":1,"operatorCount":1,"operators":"Minnesota State Patrol","unattributedReaders":0,"siteLngs":"-94.940309","siteLats":"47.503092","siteReaders":"1"}}},{"type":"Feature","geometry":{"type":"MultiLineString","coordinates":[[[-93.61462910690014,47.26103508760643],[-93.6143186,47.2609049],[-93.6142114,47.2608609],[-93.6139867,47.2607687],[-93.6136325,47.2606306],[-93.6132896,47.2604999],[-93.61279111202136,47.26031853725296],[-93.612564,47.2602379],[-93.6122105,47.2601195],[-93.61088183892728,47.25969319163442]]]},"properties":{"id":"alpr-branch-us-2-8","layer":"alpr_corridor","name":"US 2","county":"Itasca County","state":"MN","countyFips":"27061","confidence":"probabilistic","sourceDate":null,"attributes":{"kind":"branch","road":"US 2","roadName":null,"roadClass":"trunk","readerCount":1,"siteCount":1,"operatorCount":0,"operators":null,"unattributedReaders":1,"siteLngs":"-93.612866","siteLats":"47.260221","siteReaders":"1"}}},{"type":"Feature","geometry":{"type":"MultiLineString","coordinates":[[[-93.21896959084043,45.09444110074251],[-93.21898297733784,45.095879982292686],[-93.2189823,45.0960192],[-93.21899769451122,45.097318848620795]]]},"properties":{"id":"alpr-branch-ch-44-9","layer":"alpr_corridor","name":"CH 44 — Silver Lake Road","county":"Ramsey County","state":"MN","countyFips":"27123","confidence":"probabilistic","sourceDate":null,"attributes":{"kind":"branch","road":"CH 44","roadName":"Silver Lake Road","roadClass":"secondary","readerCount":1,"siteCount":1,"operatorCount":0,"operators":null,"unattributedReaders":1,"siteLngs":"-93.218868","siteLats":"45.095880","siteReaders":"1"}}},{"type":"Feature","geometry":{"type":"MultiLineString","coordinates":[[[-93.2184075,45.064806],[-93.2184728116758,45.065274649155484],[-93.2184794,45.0653227],[-93.2185137,45.0656231],[-93.2185275,45.0659444],[-93.2185383,45.0663626],[-93.21853868166791,45.066712144192664]]]},"properties":{"id":"alpr-branch-ch-44-10","layer":"alpr_corridor","name":"CH 44 — Silver Lake Road Northwest","county":"Ramsey County","state":"MN","countyFips":"27123","confidence":"probabilistic","sourceDate":null,"attributes":{"kind":"branch","road":"CH 44","roadName":"Silver Lake Road Northwest","roadClass":"secondary","readerCount":1,"siteCount":1,"operatorCount":0,"operators":null,"unattributedReaders":1,"siteLngs":"-93.218391","siteLats":"45.065280","siteReaders":"1"}}},{"type":"Feature","geometry":{"type":"MultiLineString","coordinates":[[[-93.3521645,44.9676262],[-93.35175943164533,44.967631947193695],[-93.3516497,44.9676335]]]},"properties":{"id":"alpr-branch-16th-street-west-11","layer":"alpr_corridor","name":"16th Street West","county":"Hennepin County","state":"MN","countyFips":"27053","confidence":"probabilistic","sourceDate":null,"attributes":{"kind":"branch","road":"16th Street West","roadName":null,"roadClass":"tertiary","readerCount":1,"siteCount":1,"operatorCount":1,"operators":"St louis park PD","unattributedReaders":0,"siteLngs":"-93.351756","siteLats":"44.967512","siteReaders":"1"}}},{"type":"Feature","geometry":{"type":"MultiLineString","coordinates":[[[-93.39044730282933,45.107791238499544],[-93.390381,45.107815],[-93.390221,45.107891],[-93.390083,45.107986],[-93.389969,45.108093],[-93.3899038,45.1081426],[-93.3898601,45.1081737],[-93.3897997,45.1082167],[-93.3896503,45.1083043],[-93.38952,45.1083656],[-93.3893651,45.108423],[-93.3891941,45.108479],[-93.3890507,45.1085124],[-93.3887768685608,45.108553940076405],[-93.3886973,45.1085606],[-93.3884853,45.1085709],[-93.3882757,45.1085589],[-93.3880783,45.1085365],[-93.387759,45.1084608],[-93.3875567,45.1083989],[-93.3874227,45.1083765],[-93.3872838,45.1083783],[-93.3871644,45.1084247]]]},"properties":{"id":"alpr-branch-lakeland-avenue-north-14","layer":"alpr_corridor","name":"Lakeland Avenue North","county":"Hennepin County","state":"MN","countyFips":"27053","confidence":"probabilistic","sourceDate":null,"attributes":{"kind":"branch","road":"Lakeland Avenue North","roadName":null,"roadClass":"tertiary","readerCount":1,"siteCount":1,"operatorCount":0,"operators":null,"unattributedReaders":1,"siteLngs":"-93.388757","siteLats":"45.108434","siteReaders":"1"}}},{"type":"Feature","geometry":{"type":"MultiLineString","coordinates":[[[-93.39120934730634,45.10494089332854],[-93.3912291,45.1050031],[-93.3912957,45.1052965],[-93.3913214,45.1054375],[-93.39134482322419,45.10637321302225],[-93.391344,45.1064421],[-93.391342,45.107033],[-93.391319,45.107166],[-93.3912486,45.1072951],[-93.3911646,45.1074171],[-93.3910499,45.107525],[-93.390923,45.107613],[-93.3907869289716,45.10766807636864]]]},"properties":{"id":"alpr-branch-lakeland-avenue-north-15","layer":"alpr_corridor","name":"Lakeland Avenue North","county":"Hennepin County","state":"MN","countyFips":"27053","confidence":"probabilistic","sourceDate":null,"attributes":{"kind":"branch","road":"Lakeland Avenue North","roadName":null,"roadClass":"tertiary","readerCount":1,"siteCount":1,"operatorCount":0,"operators":null,"unattributedReaders":1,"siteLngs":"-93.391193","siteLats":"45.106372","siteReaders":"1"}}},{"type":"Feature","geometry":{"type":"MultiLineString","coordinates":[[[-93.24557235541373,44.09510473557913],[-93.2458511,44.0951099],[-93.2459956,44.0951126],[-93.2461114,44.0951152],[-93.24757503260948,44.095146852669465],[-93.2478892,44.0951529],[-93.2484826,44.0951599],[-93.2495261,44.0951832],[-93.24957786122285,44.095184080482234]]]},"properties":{"id":"alpr-branch-cr-2-16","layer":"alpr_corridor","name":"CR 2 — Hoffman Drive Northwest","county":"Steele County","state":"MN","countyFips":"27147","confidence":"probabilistic","sourceDate":null,"attributes":{"kind":"branch","road":"CR 2","roadName":"Hoffman Drive Northwest","roadClass":"secondary","readerCount":1,"siteCount":1,"operatorCount":0,"operators":null,"unattributedReaders":1,"siteLngs":"-93.247570","siteLats":"44.095278","siteReaders":"1"}}},{"type":"Feature","geometry":{"type":"MultiLineString","coordinates":[[[-93.24319982079271,44.09492083274115],[-93.24119702199205,44.09488192449433],[-93.2396698,44.0948525],[-93.2394727,44.0948486],[-93.23919421951706,44.09484315476615]]]},"properties":{"id":"alpr-branch-cr-2-17","layer":"alpr_corridor","name":"CR 2 — Hoffman Drive Northwest","county":"Steele County","state":"MN","countyFips":"27147","confidence":"probabilistic","sourceDate":null,"attributes":{"kind":"branch","road":"CR 2","roadName":"Hoffman Drive Northwest","roadClass":"secondary","readerCount":1,"siteCount":1,"operatorCount":0,"operators":null,"unattributedReaders":1,"siteLngs":"-93.241199","siteLats":"44.094817","siteReaders":"1"}}},{"type":"Feature","geometry":{"type":"MultiLineString","coordinates":[[[-95.8510833,46.818719],[-95.85317138339646,46.81875111703181],[-95.8538092,46.8187573]]]},"properties":{"id":"alpr-branch-front-street-west-18","layer":"alpr_corridor","name":"Front Street West","county":"Becker County","state":"MN","countyFips":"27005","confidence":"probabilistic","sourceDate":null,"attributes":{"kind":"branch","road":"Front Street West","roadName":null,"roadClass":"residential","readerCount":1,"siteCount":1,"operatorCount":0,"operators":null,"unattributedReaders":1,"siteLngs":"-95.853169","siteLats":"46.818878","siteReaders":"1"}}},{"type":"Feature","geometry":{"type":"MultiLineString","coordinates":[[[-93.21945232389228,44.790159606170484],[-93.2189411,44.7901565]]]},"properties":{"id":"alpr-branch-cr-32-19","layer":"alpr_corridor","name":"CR 32 — Cliff Road","county":"Dakota County","state":"MN","countyFips":"27037","confidence":"probabilistic","sourceDate":null,"attributes":{"kind":"branch","road":"CR 32","roadName":"Cliff Road","roadClass":"secondary","readerCount":1,"siteCount":1,"operatorCount":1,"operators":"Eagan","unattributedReaders":0,"siteLngs":"-93.219453","siteLats":"44.790094","siteReaders":"1"}}},{"type":"Feature","geometry":{"type":"MultiLineString","coordinates":[[[-93.20270258695288,44.790178305497385],[-93.2029404,44.790177],[-93.2031667,44.7901772],[-93.203255,44.7901774],[-93.20473006885818,44.79018393939167],[-93.2058543,44.7902239],[-93.20675613356485,44.79023034975689]]]},"properties":{"id":"alpr-branch-cr-32-20","layer":"alpr_corridor","name":"CR 32 — Cliff Road","county":"Dakota County","state":"MN","countyFips":"27037","confidence":"probabilistic","sourceDate":null,"attributes":{"kind":"branch","road":"CR 32","roadName":"Cliff Road","roadClass":"secondary","readerCount":1,"siteCount":1,"operatorCount":1,"operators":"Eagan","unattributedReaders":0,"siteLngs":"-93.204725","siteLats":"44.790255","siteReaders":"1"}}},{"type":"Feature","geometry":{"type":"MultiLineString","coordinates":[[[-93.3086716,44.8898349],[-93.308671,44.8896881],[-93.3086697846218,44.88938301696421],[-93.3086689,44.8891654]]]},"properties":{"id":"alpr-branch-cr-32-21","layer":"alpr_corridor","name":"CR 32 — Penn Avenue South","county":"Hennepin County","state":"MN","countyFips":"27053","confidence":"probabilistic","sourceDate":null,"attributes":{"kind":"branch","road":"CR 32","roadName":"Penn Avenue South","roadClass":"secondary","readerCount":1,"siteCount":1,"operatorCount":0,"operators":null,"unattributedReaders":1,"siteLngs":"-93.308775","siteLats":"44.889383","siteReaders":"1"}}},{"type":"Feature","geometry":{"type":"MultiLineString","coordinates":[[[-93.50909373151069,45.58794133045832],[-93.509479,45.587956],[-93.5111468204081,45.588019664836075],[-93.511645,45.588037]]]},"properties":{"id":"alpr-branch-mn-95-22","layer":"alpr_corridor","name":"MN 95 — Highway 95 Northwest","county":"Isanti County","state":"MN","countyFips":"27059","confidence":"probabilistic","sourceDate":null,"attributes":{"kind":"branch","road":"MN 95","roadName":"Highway 95 Northwest","roadClass":"secondary","readerCount":1,"siteCount":1,"operatorCount":0,"operators":null,"unattributedReaders":1,"siteLngs":"-93.511152","siteLats":"45.587941","siteReaders":"1"}}},{"type":"Feature","geometry":{"type":"MultiLineString","coordinates":[[[-92.90052976551709,45.51026172178806],[-92.900972,45.510046],[-92.9012836,45.5098991],[-92.9023621157901,45.50964263914551],[-92.9023884,45.5096387],[-92.902981,45.509585],[-92.9034544,45.5095945],[-92.9038782,45.509603],[-92.90440927660747,45.509613630644125]]]},"properties":{"id":"alpr-branch-mn-95-23","layer":"alpr_corridor","name":"MN 95 — Saint Croix Trail","county":"Chisago County","state":"MN","countyFips":"27025","confidence":"probabilistic","sourceDate":null,"attributes":{"kind":"branch","road":"MN 95","roadName":"Saint Croix Trail","roadClass":"secondary","readerCount":1,"siteCount":1,"operatorCount":0,"operators":null,"unattributedReaders":1,"siteLngs":"-92.902416","siteLats":"45.509823","siteReaders":"1"}}},{"type":"Feature","geometry":{"type":"MultiLineString","coordinates":[[[-93.2407522,44.9811888],[-93.2406348,44.9811426],[-93.2396907,44.9807707],[-93.23909049822727,44.980532817742336],[-93.2387196,44.9803843],[-93.2380457,44.9801145],[-93.2379475,44.9800752]]]},"properties":{"id":"alpr-branch-cr-36-24","layer":"alpr_corridor","name":"CR 36 — Southeast University Avenue","county":"Hennepin County","state":"MN","countyFips":"27053","confidence":"probabilistic","sourceDate":null,"attributes":{"kind":"branch","road":"CR 36","roadName":"Southeast University Avenue","roadClass":"secondary","readerCount":1,"siteCount":1,"operatorCount":0,"operators":null,"unattributedReaders":1,"siteLngs":"-93.239139","siteLats":"44.980472","siteReaders":"1"}}},{"type":"Feature","geometry":{"type":"MultiLineString","coordinates":[[[-93.218613,44.972332],[-93.2185204,44.9722954],[-93.2180491,44.9721092],[-93.2179103,44.9720544],[-93.2177284,44.9719825],[-93.2173175,44.971817],[-93.2172992,44.9718097],[-93.2172127,44.9717753],[-93.21684400205294,44.971624861717665],[-93.2166166,44.9715311],[-93.2161973,44.9713546]]]},"properties":{"id":"alpr-branch-cr-36-25","layer":"alpr_corridor","name":"CR 36 — Southeast University Avenue","county":"Hennepin County","state":"MN","countyFips":"27053","confidence":"probabilistic","sourceDate":null,"attributes":{"kind":"branch","road":"CR 36","roadName":"Southeast University Avenue","roadClass":"secondary","readerCount":1,"siteCount":1,"operatorCount":0,"operators":null,"unattributedReaders":1,"siteLngs":"-93.216790","siteLats":"44.971691","siteReaders":"1"}}},{"type":"Feature","geometry":{"type":"MultiLineString","coordinates":[[[-92.9341532,44.9415581],[-92.9343087,44.9415557],[-92.93454842687937,44.9415563114884],[-92.9349378,44.9415572]]]},"properties":{"id":"alpr-branch-tamarack-bay-26","layer":"alpr_corridor","name":"Tamarack Bay","county":"Washington County","state":"MN","countyFips":"27163","confidence":"probabilistic","sourceDate":null,"attributes":{"kind":"branch","road":"Tamarack Bay","roadName":null,"roadClass":"unclassified","readerCount":1,"siteCount":1,"operatorCount":1,"operators":"Flock Safety","unattributedReaders":0,"siteLngs":"-92.934548","siteLats":"44.941607","siteReaders":"1"}}},{"type":"Feature","geometry":{"type":"MultiLineString","coordinates":[[[-92.9624969,44.9257869],[-92.96269161447015,44.925187379509296],[-92.9627758,44.9249288],[-92.9628087,44.9248349]]]},"properties":{"id":"alpr-branch-valley-creek-plaza-27","layer":"alpr_corridor","name":"Valley Creek Plaza","county":"Washington County","state":"MN","countyFips":"27163","confidence":"probabilistic","sourceDate":null,"attributes":{"kind":"branch","road":"Valley Creek Plaza","roadName":null,"roadClass":"unclassified","readerCount":1,"siteCount":1,"operatorCount":1,"operators":"Flock Safety","unattributedReaders":0,"siteLngs":"-92.962620","siteLats":"44.925176","siteReaders":"1"}}},{"type":"Feature","geometry":{"type":"MultiLineString","coordinates":[[[-92.9035573,44.9417407],[-92.9037271,44.9417455],[-92.90385309892116,44.94174342177677],[-92.904109,44.941741],[-92.904324,44.941728]]]},"properties":{"id":"alpr-branch-commerce-drive-28","layer":"alpr_corridor","name":"Commerce Drive","county":"Washington County","state":"MN","countyFips":"27163","confidence":"probabilistic","sourceDate":null,"attributes":{"kind":"branch","road":"Commerce Drive","roadName":null,"roadClass":"tertiary","readerCount":1,"siteCount":1,"operatorCount":0,"operators":null,"unattributedReaders":1,"siteLngs":"-92.903854","siteLats":"44.941819","siteReaders":"1"}}},{"type":"Feature","geometry":{"type":"MultiLineString","coordinates":[[[-92.93317092920172,44.9474538105305],[-92.9331199,44.9474918],[-92.9328329,44.9477033],[-92.9327103,44.9477937],[-92.9325865,44.9478846],[-92.9324853,44.9479571],[-92.9324534,44.9479791],[-92.9324154,44.9480031],[-92.9323812,44.9480237],[-92.9323431,44.9480445],[-92.9323025,44.9480651],[-92.9322612,44.9480847],[-92.9322173,44.948103],[-92.9321803,44.9481171],[-92.9321411,44.9481299],[-92.9321044,44.9481406],[-92.9320545,44.9481543],[-92.93201,44.9481657],[-92.9319632,44.9481762],[-92.9319168,44.9481844],[-92.9318719,44.9481912],[-92.9318272,44.9481969],[-92.9317787,44.948202],[-92.9317096,44.9482083],[-92.93153729450357,44.94822231600514],[-92.9313222,44.9482397],[-92.9311454,44.9482527],[-92.9309708,44.9482641],[-92.929835,44.9483116],[-92.9297084,44.9483125]]]},"properties":{"id":"alpr-branch-woodbury-lakes-road-29","layer":"alpr_corridor","name":"Woodbury Lakes Road","county":"Washington County","state":"MN","countyFips":"27163","confidence":"probabilistic","sourceDate":null,"attributes":{"kind":"branch","road":"Woodbury Lakes Road","roadName":null,"roadClass":"tertiary","readerCount":1,"siteCount":1,"operatorCount":0,"operators":null,"unattributedReaders":1,"siteLngs":"-92.931529","siteLats":"44.948168","siteReaders":"1"}}},{"type":"Feature","geometry":{"type":"MultiLineString","coordinates":[[[-92.959508,44.9245751],[-92.95948820374701,44.92473130914154],[-92.959487,44.924889],[-92.9594793,44.9250573],[-92.9594734,44.925134],[-92.9594498,44.9252102],[-92.9594025,44.9253043],[-92.9593967,44.925416]]]},"properties":{"id":"alpr-branch-queens-drive-30","layer":"alpr_corridor","name":"Queens Drive","county":"Washington County","state":"MN","countyFips":"27163","confidence":"probabilistic","sourceDate":null,"attributes":{"kind":"branch","road":"Queens Drive","roadName":null,"roadClass":"tertiary","readerCount":1,"siteCount":1,"operatorCount":1,"operators":"Flock Safety","unattributedReaders":0,"siteLngs":"-92.959408","siteLats":"44.924731","siteReaders":"1"}}},{"type":"Feature","geometry":{"type":"MultiLineString","coordinates":[[[-92.9660064,44.9259389],[-92.9660127,44.9259023],[-92.9660164,44.9258683],[-92.9660582,44.9256692],[-92.9660778375938,44.925530613721754],[-92.9660853,44.9254797],[-92.9660961,44.925384]]]},"properties":{"id":"alpr-branch-woodlane-drive-31","layer":"alpr_corridor","name":"Woodlane Drive","county":"Washington County","state":"MN","countyFips":"27163","confidence":"probabilistic","sourceDate":null,"attributes":{"kind":"branch","road":"Woodlane Drive","roadName":null,"roadClass":"tertiary","readerCount":1,"siteCount":1,"operatorCount":1,"operators":"Flock Safety","unattributedReaders":0,"siteLngs":"-92.965938","siteLats":"44.925520","siteReaders":"1"}}},{"type":"Feature","geometry":{"type":"MultiLineString","coordinates":[[[-92.96416018320504,44.86340305579888],[-92.9641593,44.8631115],[-92.9641604,44.8626956],[-92.9641607,44.8623232],[-92.96416372394702,44.861964151078084],[-92.9641638,44.8619544]]]},"properties":{"id":"alpr-branch-woodlane-drive-32","layer":"alpr_corridor","name":"Woodlane Drive","county":"Washington County","state":"MN","countyFips":"27163","confidence":"probabilistic","sourceDate":null,"attributes":{"kind":"branch","road":"Woodlane Drive","roadName":null,"roadClass":"tertiary","readerCount":1,"siteCount":1,"operatorCount":0,"operators":null,"unattributedReaders":1,"siteLngs":"-92.964226","siteLats":"44.861964","siteReaders":"1"}}},{"type":"Feature","geometry":{"type":"MultiLineString","coordinates":[[[-93.19444157208447,44.80449717689314],[-93.19646959240416,44.804498785085826]]]},"properties":{"id":"alpr-branch-cr-30-33","layer":"alpr_corridor","name":"CR 30 — Diffley Road","county":"Dakota County","state":"MN","countyFips":"27037","confidence":"probabilistic","sourceDate":null,"attributes":{"kind":"branch","road":"CR 30","roadName":"Diffley Road","roadClass":"secondary","readerCount":1,"siteCount":1,"operatorCount":1,"operators":"Eagan","unattributedReaders":0,"siteLngs":"-93.194441","siteLats":"44.804608","siteReaders":"1"}}},{"type":"Feature","geometry":{"type":"MultiLineString","coordinates":[[[-93.5221144,45.1310936],[-93.52243036232656,45.13109409841942],[-93.5232595,45.131093]]]},"properties":{"id":"alpr-branch-cr-30-34","layer":"alpr_corridor","name":"CR 30 — County Road 30","county":"Hennepin County","state":"MN","countyFips":"27053","confidence":"probabilistic","sourceDate":null,"attributes":{"kind":"branch","road":"CR 30","roadName":"County Road 30","roadClass":"secondary","readerCount":1,"siteCount":1,"operatorCount":0,"operators":null,"unattributedReaders":1,"siteLngs":"-93.522431","siteLats":"45.131185","siteReaders":"1"}}},{"type":"Feature","geometry":{"type":"MultiLineString","coordinates":[[[-92.96040220785471,45.672051213727414],[-92.9604041,45.6721278],[-92.9604159,45.6728306],[-92.9604274,45.6731668],[-92.9604274,45.6732852],[-92.96043641900053,45.673489873514725],[-92.9604633,45.6744703],[-92.96046692769804,45.6749285991844]]]},"properties":{"id":"alpr-branch-cr-30-35","layer":"alpr_corridor","name":"CR 30 — South Bremer Avenue","county":"Chisago County","state":"MN","countyFips":"27025","confidence":"probabilistic","sourceDate":null,"attributes":{"kind":"branch","road":"CR 30","roadName":"South Bremer Avenue","roadClass":"tertiary","readerCount":1,"siteCount":1,"operatorCount":0,"operators":null,"unattributedReaders":1,"siteLngs":"-92.960302","siteLats":"45.673492","siteReaders":"1"}}},{"type":"Feature","geometry":{"type":"MultiLineString","coordinates":[[[-92.96028496627993,45.70077829631911],[-92.96029752501852,45.70221718216792],[-92.9603057,45.7028488],[-92.96030874441716,45.70365606614713]]]},"properties":{"id":"alpr-branch-cr-30-36","layer":"alpr_corridor","name":"CR 30 — Forest Boulevard","county":"Chisago County","state":"MN","countyFips":"27025","confidence":"probabilistic","sourceDate":null,"attributes":{"kind":"branch","road":"CR 30","roadName":"Forest Boulevard","roadClass":"tertiary","readerCount":1,"siteCount":1,"operatorCount":0,"operators":null,"unattributedReaders":1,"siteLngs":"-92.960435","siteLats":"45.702216","siteReaders":"1"}}},{"type":"Feature","geometry":{"type":"MultiLineString","coordinates":[[[-92.96056689975472,45.72829680022492],[-92.96041973707372,45.72973204098256],[-92.9603704,45.7303177]]]},"properties":{"id":"alpr-branch-cr-30-37","layer":"alpr_corridor","name":"CR 30 — Forest Boulevard","county":"Chisago County","state":"MN","countyFips":"27025","confidence":"probabilistic","sourceDate":null,"attributes":{"kind":"branch","road":"CR 30","roadName":"Forest Boulevard","roadClass":"tertiary","readerCount":1,"siteCount":1,"operatorCount":0,"operators":null,"unattributedReaders":1,"siteLngs":"-92.960318","siteLats":"45.729728","siteReaders":"1"}}},{"type":"Feature","geometry":{"type":"MultiLineString","coordinates":[[[-93.62639518231973,45.13081702120651],[-93.62843475551342,45.13081084862223],[-93.63047431977819,45.130803427007095]]]},"properties":{"id":"alpr-branch-cr-30-38","layer":"alpr_corridor","name":"CR 30 — County Road 30","county":"Hennepin County","state":"MN","countyFips":"27053","confidence":"probabilistic","sourceDate":null,"attributes":{"kind":"branch","road":"CR 30","roadName":"County Road 30","roadClass":"secondary","readerCount":1,"siteCount":1,"operatorCount":0,"operators":null,"unattributedReaders":1,"siteLngs":"-93.628434","siteLats":"45.130748","siteReaders":"1"}}},{"type":"Feature","geometry":{"type":"MultiLineString","coordinates":[[[-93.1671653,44.8271158],[-93.1670361,44.8271174],[-93.1667590150255,44.82712368184191],[-93.1664599,44.8271404],[-93.1661083,44.827199],[-93.1658416,44.827314],[-93.1654682,44.8275036],[-93.165236,44.8275825],[-93.1651315,44.827618],[-93.16492059429108,44.82766917890107]]]},"properties":{"id":"alpr-branch-duckwood-drive-39","layer":"alpr_corridor","name":"Duckwood Drive","county":"Dakota County","state":"MN","countyFips":"27037","confidence":"probabilistic","sourceDate":null,"attributes":{"kind":"branch","road":"Duckwood Drive","roadName":null,"roadClass":"tertiary","readerCount":1,"siteCount":1,"operatorCount":1,"operators":"Eagan","unattributedReaders":0,"siteLngs":"-93.166754","siteLats":"44.827075","siteReaders":"1"}}},{"type":"Feature","geometry":{"type":"MultiLineString","coordinates":[[[-93.1548541,44.8480101],[-93.1550009,44.8480102],[-93.15685377682478,44.84801327225764],[-93.157749,44.8480234],[-93.158298,44.8480233],[-93.1587815,44.8479871],[-93.15887997427396,44.847979689393625]]]},"properties":{"id":"alpr-branch-ch-26-40","layer":"alpr_corridor","name":"CH 26 — Lone Oak Road","county":"Dakota County","state":"MN","countyFips":"27037","confidence":"probabilistic","sourceDate":null,"attributes":{"kind":"branch","road":"CH 26","roadName":"Lone Oak Road","roadClass":"secondary","readerCount":1,"siteCount":1,"operatorCount":1,"operators":"Eagan","unattributedReaders":0,"siteLngs":"-93.156852","siteLats":"44.848111","siteReaders":"1"}}},{"type":"Feature","geometry":{"type":"MultiLineString","coordinates":[[[-93.217912,44.8121067],[-93.21792022059306,44.81166516050771],[-93.2179245,44.8114358],[-93.2179265,44.8113265],[-93.2179399,44.8106111],[-93.21794305912461,44.810226346913524]]]},"properties":{"id":"alpr-branch-nicols-road-41","layer":"alpr_corridor","name":"Nicols Road","county":"Dakota County","state":"MN","countyFips":"27037","confidence":"probabilistic","sourceDate":null,"attributes":{"kind":"branch","road":"Nicols Road","roadName":null,"roadClass":"tertiary","readerCount":1,"siteCount":1,"operatorCount":1,"operators":"Eagan","unattributedReaders":0,"siteLngs":"-93.217819","siteLats":"44.811664","siteReaders":"1"}}},{"type":"Feature","geometry":{"type":"MultiLineString","coordinates":[[[-92.9378039,44.9372937],[-92.937852,44.937442],[-92.93788087190975,44.93758982741032],[-92.937889,44.937715],[-92.937862,44.937853],[-92.9378479,44.9378946]]]},"properties":{"id":"alpr-branch-tamarack-village-42","layer":"alpr_corridor","name":"Tamarack Village","county":"Washington County","state":"MN","countyFips":"27163","confidence":"probabilistic","sourceDate":null,"attributes":{"kind":"branch","road":"Tamarack Village","roadName":null,"roadClass":"unclassified","readerCount":1,"siteCount":1,"operatorCount":1,"operators":"Flock Safety","unattributedReaders":0,"siteLngs":"-92.937797","siteLats":"44.937593","siteReaders":"1"}}},{"type":"Feature","geometry":{"type":"MultiLineString","coordinates":[[[-92.9646137,44.9363179],[-92.96461778146109,44.935864941648454],[-92.9646201,44.9356161],[-92.964527,44.935435]]]},"properties":{"id":"alpr-branch-weir-drive-43","layer":"alpr_corridor","name":"Weir Drive","county":"Washington County","state":"MN","countyFips":"27163","confidence":"probabilistic","sourceDate":null,"attributes":{"kind":"branch","road":"Weir Drive","roadName":null,"roadClass":"tertiary","readerCount":1,"siteCount":1,"operatorCount":1,"operators":"Flock Safety","unattributedReaders":0,"siteLngs":"-92.964757","siteLats":"44.935866","siteReaders":"1"}}},{"type":"Feature","geometry":{"type":"MultiLineString","coordinates":[[[-92.97237498378507,44.92519105470218],[-92.9723668,44.9251721],[-92.9723546,44.9251394],[-92.9723439,44.925104],[-92.972337,44.9250745],[-92.9723292,44.9250296],[-92.9723236,44.9249919],[-92.9723184,44.9249529],[-92.9723161,44.9249225],[-92.9723155,44.9248931],[-92.9723163,44.9248717],[-92.9723179,44.9248464],[-92.9723216,44.9248118],[-92.9723272,44.9247759],[-92.9723363,44.9247323],[-92.9723432,44.9247064],[-92.9723521,44.9246778],[-92.9723611,44.9246547],[-92.9723717,44.9246285],[-92.9723824,44.9246055],[-92.9723979,44.9245755],[-92.9724142,44.9245461],[-92.9724342,44.9245121],[-92.972464,44.9244631],[-92.9724985,44.9244096],[-92.9725316,44.92436],[-92.9725671,44.9243108],[-92.972592,44.9242777],[-92.9726157,44.9242478],[-92.9726385,44.9242198],[-92.9726602,44.9241956],[-92.9726882,44.9241655],[-92.9727178,44.9241351],[-92.9727466,44.9241075],[-92.9727776,44.9240804],[-92.9728105,44.9240528],[-92.9728464,44.9240237],[-92.9728868,44.9239936],[-92.9729246,44.923967],[-92.9729632,44.9239413],[-92.97302103057736,44.92390426243922]]]},"properties":{"id":"alpr-branch-weir-drive-44","layer":"alpr_corridor","name":"Weir Drive","county":"Washington County","state":"MN","countyFips":"27163","confidence":"probabilistic","sourceDate":null,"attributes":{"kind":"branch","road":"Weir Drive","roadName":null,"roadClass":"tertiary","readerCount":1,"siteCount":1,"operatorCount":0,"operators":null,"unattributedReaders":1,"siteLngs":"-92.972462","siteLats":"44.925172","siteReaders":"1"}}},{"type":"Feature","geometry":{"type":"MultiLineString","coordinates":[[[-92.9726668,44.9265282],[-92.9726101411099,44.92664335406586],[-92.9724859,44.9269486],[-92.972415,44.9270511],[-92.9723107,44.9271465],[-92.9722176,44.9272043],[-92.9720914,44.927255],[-92.9719529,44.9272849],[-92.9718658,44.9272955],[-92.9717778,44.9273014],[-92.9716631,44.9272992],[-92.9715734,44.9272922],[-92.971121074626,44.92724809270997]]]},"properties":{"id":"alpr-branch-weir-drive-45","layer":"alpr_corridor","name":"Weir Drive","county":"Washington County","state":"MN","countyFips":"27163","confidence":"probabilistic","sourceDate":null,"attributes":{"kind":"branch","road":"Weir Drive","roadName":null,"roadClass":"tertiary","readerCount":1,"siteCount":1,"operatorCount":0,"operators":null,"unattributedReaders":1,"siteLngs":"-92.972550","siteLats":"44.926631","siteReaders":"1"}}},{"type":"Feature","geometry":{"type":"MultiLineString","coordinates":[[[-93.1597751,44.8334394],[-93.1597777191385,44.833307866481704],[-93.1597799,44.8331983],[-93.1597378,44.8327476]]]},"properties":{"id":"alpr-branch-denmark-avenue-46","layer":"alpr_corridor","name":"Denmark Avenue","county":"Dakota County","state":"MN","countyFips":"27037","confidence":"probabilistic","sourceDate":null,"attributes":{"kind":"branch","road":"Denmark Avenue","roadName":null,"roadClass":"tertiary","readerCount":1,"siteCount":1,"operatorCount":1,"operators":"Flock Safety","unattributedReaders":0,"siteLngs":"-93.159899","siteLats":"44.833309","siteReaders":"1"}}},{"type":"Feature","geometry":{"type":"MultiLineString","coordinates":[[[-93.2321204,44.9828225],[-93.2314001581709,44.98374102542291],[-93.2313518,44.9838027],[-93.2313035,44.9838643],[-93.2312405,44.9839447],[-93.2311821,44.984019]]]},"properties":{"id":"alpr-branch-southeast-15th-avenue-48","layer":"alpr_corridor","name":"Southeast 15th Avenue","county":"Hennepin County","state":"MN","countyFips":"27053","confidence":"probabilistic","sourceDate":null,"attributes":{"kind":"branch","road":"Southeast 15th Avenue","roadName":null,"roadClass":"tertiary","readerCount":1,"siteCount":1,"operatorCount":0,"operators":null,"unattributedReaders":1,"siteLngs":"-93.231475","siteLats":"44.983771","siteReaders":"1"}}},{"type":"Feature","geometry":{"type":"MultiLineString","coordinates":[[[-93.230377,44.98603778741804],[-93.230377,44.9864978],[-93.230377,44.986591],[-93.230377,44.9866773],[-93.230377,44.9874767],[-93.230377,44.9875817],[-93.2303811,44.9877582],[-93.2303757,44.9878448]]]},"properties":{"id":"alpr-branch-southeast-15th-avenue-49","layer":"alpr_corridor","name":"Southeast 15th Avenue","county":"Hennepin County","state":"MN","countyFips":"27053","confidence":"probabilistic","sourceDate":null,"attributes":{"kind":"branch","road":"Southeast 15th Avenue","roadName":null,"roadClass":"tertiary","readerCount":1,"siteCount":1,"operatorCount":0,"operators":null,"unattributedReaders":1,"siteLngs":"-93.230526","siteLats":"44.987477","siteReaders":"1"}}},{"type":"Feature","geometry":{"type":"MultiLineString","coordinates":[[[-93.2229371,44.9702329],[-93.22293211142542,44.970055157685046],[-93.2229381,44.969024]]]},"properties":{"id":"alpr-branch-southeast-huron-boulevard-50","layer":"alpr_corridor","name":"Southeast Huron Boulevard","county":"Hennepin County","state":"MN","countyFips":"27053","confidence":"probabilistic","sourceDate":null,"attributes":{"kind":"branch","road":"Southeast Huron Boulevard","roadName":null,"roadClass":"secondary","readerCount":1,"siteCount":1,"operatorCount":0,"operators":null,"unattributedReaders":1,"siteLngs":"-93.223048","siteLats":"44.970056","siteReaders":"1"}}},{"type":"Feature","geometry":{"type":"MultiLineString","coordinates":[[[-93.7681751,44.6115591],[-93.7683965,44.611563],[-93.768505,44.6115701],[-93.76865692965268,44.61159206911576],[-93.7687098,44.6116029],[-93.7687962,44.6116272],[-93.7688674,44.6116515],[-93.7689465,44.6116904]]]},"properties":{"id":"alpr-branch-west-enterprise-drive-51","layer":"alpr_corridor","name":"West Enterprise Drive","county":"Scott County","state":"MN","countyFips":"27139","confidence":"probabilistic","sourceDate":null,"attributes":{"kind":"branch","road":"West Enterprise Drive","roadName":null,"roadClass":"tertiary","readerCount":1,"siteCount":1,"operatorCount":0,"operators":null,"unattributedReaders":1,"siteLngs":"-93.768629","siteLats":"44.611663","siteReaders":"1"}}},{"type":"Feature","geometry":{"type":"MultiLineString","coordinates":[[[-93.7673825,44.6116081],[-93.7672059,44.6116659],[-93.7670009,44.6117609],[-93.7668972,44.6118283],[-93.7668289,44.6118828],[-93.76674477213552,44.611968792508],[-93.7666928,44.6120338],[-93.7666465,44.6121034],[-93.7666173,44.6121678],[-93.7665785,44.6122998],[-93.7665667,44.6123668],[-93.7665572,44.6124656],[-93.7665487612812,44.61338359835395]]]},"properties":{"id":"alpr-branch-east-enterprise-drive-52","layer":"alpr_corridor","name":"East Enterprise Drive","county":"Scott County","state":"MN","countyFips":"27139","confidence":"probabilistic","sourceDate":null,"attributes":{"kind":"branch","road":"East Enterprise Drive","roadName":null,"roadClass":"tertiary","readerCount":1,"siteCount":1,"operatorCount":0,"operators":null,"unattributedReaders":1,"siteLngs":"-93.766654","siteLats":"44.611932","siteReaders":"1"}}},{"type":"Feature","geometry":{"type":"MultiLineString","coordinates":[[[-93.76190900376075,44.61045894871023],[-93.7610562,44.6104482],[-93.75988805744667,44.610434684677905],[-93.759665,44.6104294],[-93.7583495,44.6104107],[-93.75786732086738,44.610403340440605]]]},"properties":{"id":"alpr-branch-east-orchard-street-53","layer":"alpr_corridor","name":"East Orchard Street","county":"Scott County","state":"MN","countyFips":"27139","confidence":"probabilistic","sourceDate":null,"attributes":{"kind":"branch","road":"East Orchard Street","roadName":null,"roadClass":"residential","readerCount":1,"siteCount":1,"operatorCount":0,"operators":null,"unattributedReaders":1,"siteLngs":"-93.759885","siteLats":"44.610492","siteReaders":"1"}}},{"type":"Feature","geometry":{"type":"MultiLineString","coordinates":[[[-93.7682165,44.6156541],[-93.7684433,44.6157057],[-93.7688318,44.6157121],[-93.76905217023128,44.61570110952438],[-93.7691041,44.6156968],[-93.7692713,44.6156753],[-93.7694353,44.6156465],[-93.769588,44.6156075],[-93.7697199,44.6155658],[-93.7698542,44.6155133]]]},"properties":{"id":"alpr-branch-west-commerce-drive-54","layer":"alpr_corridor","name":"West Commerce Drive","county":"Scott County","state":"MN","countyFips":"27139","confidence":"probabilistic","sourceDate":null,"attributes":{"kind":"branch","road":"West Commerce Drive","roadName":null,"roadClass":"tertiary","readerCount":1,"siteCount":1,"operatorCount":0,"operators":null,"unattributedReaders":1,"siteLngs":"-93.769059","siteLats":"44.615741","siteReaders":"1"}}},{"type":"Feature","geometry":{"type":"MultiLineString","coordinates":[[[-92.59885381879968,47.06802323816328],[-92.59884444722553,47.069462136582125],[-92.5988429,47.0696603],[-92.5988337580514,47.070901030741]]]},"properties":{"id":"alpr-branch-ch-7-55","layer":"alpr_corridor","name":"CH 7 — Highway 7","county":"St. Louis County","state":"MN","countyFips":"27137","confidence":"probabilistic","sourceDate":null,"attributes":{"kind":"branch","road":"CH 7","roadName":"Highway 7","roadClass":"secondary","readerCount":1,"siteCount":1,"operatorCount":0,"operators":null,"unattributedReaders":1,"siteLngs":"-92.598916","siteLats":"47.069462","siteReaders":"1"}}},{"type":"Feature","geometry":{"type":"MultiLineString","coordinates":[[[-92.60107979486807,47.45822927727931],[-92.6009049,47.4586036],[-92.60036383866128,47.45958392431951],[-92.59966752381202,47.46094364735285]]]},"properties":{"id":"alpr-branch-ch-7-56","layer":"alpr_corridor","name":"CH 7 — Highway 7","county":"St. Louis County","state":"MN","countyFips":"27137","confidence":"probabilistic","sourceDate":null,"attributes":{"kind":"branch","road":"CH 7","roadName":"Highway 7","roadClass":"secondary","readerCount":1,"siteCount":1,"operatorCount":0,"operators":null,"unattributedReaders":1,"siteLngs":"-92.600222","siteLats":"47.459550","siteReaders":"1"}}},{"type":"Feature","geometry":{"type":"MultiLineString","coordinates":[[[-92.60143857588541,47.457278491136975],[-92.6012642,47.4578346],[-92.60086888988425,47.45866299088755],[-92.6006537,47.4590179],[-92.60014300358256,47.46001515818366]]]},"properties":{"id":"alpr-branch-ch-7-57","layer":"alpr_corridor","name":"CH 7 — Highway 7","county":"St. Louis County","state":"MN","countyFips":"27137","confidence":"probabilistic","sourceDate":null,"attributes":{"kind":"branch","road":"CH 7","roadName":"Highway 7","roadClass":"secondary","readerCount":1,"siteCount":1,"operatorCount":0,"operators":null,"unattributedReaders":1,"siteLngs":"-92.600665","siteLats":"47.458606","siteReaders":"1"}}},{"type":"Feature","geometry":{"type":"MultiLineString","coordinates":[[[-92.19853683512038,47.68413115707667],[-92.1985454,47.6843884],[-92.1985478,47.6845955],[-92.1985404,47.6847224],[-92.1985277,47.6848457],[-92.1985077,47.6849587],[-92.1984857,47.6850489],[-92.1984585,47.6851427],[-92.1984254,47.6852473],[-92.1983806,47.6853517],[-92.19827823156105,47.68554743353066],[-92.1982565,47.6855858],[-92.1981817,47.6857032],[-92.198075,47.685835],[-92.1979581,47.685956],[-92.1978485,47.6860545],[-92.1977309,47.6861547],[-92.1975814,47.6862613]]]},"properties":{"id":"alpr-branch-ch-21-58","layer":"alpr_corridor","name":"CH 21 — Highway 21","county":"St. Louis County","state":"MN","countyFips":"27137","confidence":"probabilistic","sourceDate":null,"attributes":{"kind":"branch","road":"CH 21","roadName":"Highway 21","roadClass":"secondary","readerCount":1,"siteCount":1,"operatorCount":1,"operators":"St. Louis County Sheriff's Department","unattributedReaders":0,"siteLngs":"-92.198465","siteLats":"47.685596","siteReaders":"1"}}},{"type":"Feature","geometry":{"type":"MultiLineString","coordinates":[[[-92.26350752352741,47.37068002552887],[-92.2636604,47.3709177],[-92.2637536,47.3711703],[-92.2638691,47.3715833],[-92.26400348617683,47.37207388635466],[-92.2640125,47.3721012],[-92.2641013,47.3722836],[-92.2642417,47.372499],[-92.2644423,47.3727145],[-92.2646745,47.372928],[-92.26508006748537,47.373301366567404]]]},"properties":{"id":"alpr-branch-ch-4-59","layer":"alpr_corridor","name":"CH 4 — Vermilion Trail","county":"St. Louis County","state":"MN","countyFips":"27137","confidence":"probabilistic","sourceDate":null,"attributes":{"kind":"branch","road":"CH 4","roadName":"Vermilion Trail","roadClass":"primary","readerCount":1,"siteCount":1,"operatorCount":1,"operators":"St. Louis County Sheriff's Department","unattributedReaders":0,"siteLngs":"-92.263881","siteLats":"47.372093","siteReaders":"1"}}},{"type":"Feature","geometry":{"type":"MultiLineString","coordinates":[[[-93.1924496,44.9483861],[-93.1925963,44.9483843],[-93.19447402347433,44.948382979608425],[-93.1946062,44.9483829]]]},"properties":{"id":"alpr-branch-ch-35-60","layer":"alpr_corridor","name":"CH 35 — Marshall Avenue","county":"Ramsey County","state":"MN","countyFips":"27123","confidence":"probabilistic","sourceDate":null,"attributes":{"kind":"branch","road":"CH 35","roadName":"Marshall Avenue","roadClass":"primary","readerCount":1,"siteCount":1,"operatorCount":1,"operators":"Flock Safety","unattributedReaders":0,"siteLngs":"-93.194474","siteLats":"44.948279","siteReaders":"1"}}},{"type":"Feature","geometry":{"type":"MultiLineString","coordinates":[[[-93.37474960603367,45.13465403161793],[-93.3748291,45.1346798],[-93.3751397,45.1347507],[-93.3754385,45.1347951],[-93.3757584,45.1348116],[-93.376069,45.1347984],[-93.3763632,45.1347572],[-93.3765663,45.1347144],[-93.37672852981956,45.134665159512764]]]},"properties":{"id":"alpr-branch-oak-grove-parkway-61","layer":"alpr_corridor","name":"Oak Grove Parkway","county":"Hennepin County","state":"MN","countyFips":"27053","confidence":"probabilistic","sourceDate":null,"attributes":{"kind":"branch","road":"Oak Grove Parkway","roadName":null,"roadClass":"tertiary","readerCount":1,"siteCount":1,"operatorCount":0,"operators":null,"unattributedReaders":1,"siteLngs":"-93.374536","siteLats":"45.134986","siteReaders":"1"}}},{"type":"Feature","geometry":{"type":"MultiLineString","coordinates":[[[-93.2456415,44.9719597],[-93.245106,44.9720554],[-93.24411321350583,44.972243316838394],[-93.2434186,44.9723769]]]},"properties":{"id":"alpr-branch-cr-122-62","layer":"alpr_corridor","name":"CR 122 — Washington Avenue South","county":"Hennepin County","state":"MN","countyFips":"27053","confidence":"probabilistic","sourceDate":null,"attributes":{"kind":"branch","road":"CR 122","roadName":"Washington Avenue South","roadClass":"tertiary","readerCount":1,"siteCount":1,"operatorCount":1,"operators":"University of Minnesota Police Department","unattributedReaders":0,"siteLngs":"-93.244100","siteLats":"44.972208","siteReaders":"1"}}},{"type":"Feature","geometry":{"type":"MultiLineString","coordinates":[[[-93.1663863,45.00613],[-93.1662266,45.0061276],[-93.1661126,45.006126],[-93.1659414,45.0061267],[-93.1650176058321,45.00613005926467],[-93.1648893,45.0061305],[-93.1644418,45.0061346],[-93.1640151,45.0061404]]]},"properties":{"id":"alpr-branch-ch-25-63","layer":"alpr_corridor","name":"CH 25 — County Road B West","county":"Ramsey County","state":"MN","countyFips":"27123","confidence":"probabilistic","sourceDate":null,"attributes":{"kind":"branch","road":"CH 25","roadName":"County Road B West","roadClass":"tertiary","readerCount":1,"siteCount":1,"operatorCount":1,"operators":"Flock Safety","unattributedReaders":0,"siteLngs":"-93.165017","siteLats":"45.006041","siteReaders":"1"}}},{"type":"Feature","geometry":{"type":"MultiLineString","coordinates":[[[-92.9856831,44.9476828],[-92.98547483912343,44.947298261479],[-92.9853724,44.9471031],[-92.985084,44.9465532],[-92.9850261,44.9464429]]]},"properties":{"id":"alpr-branch-ch-25-65","layer":"alpr_corridor","name":"CH 25 — Century Avenue South","county":"Ramsey County","state":"MN","countyFips":"27123","confidence":"probabilistic","sourceDate":null,"attributes":{"kind":"branch","road":"CH 25","roadName":"Century Avenue South","roadClass":"secondary","readerCount":1,"siteCount":1,"operatorCount":0,"operators":null,"unattributedReaders":1,"siteLngs":"-92.985672","siteLats":"44.947246","siteReaders":"1"}}},{"type":"Feature","geometry":{"type":"MultiLineString","coordinates":[[[-93.268116,44.8623869],[-93.2681149,44.8625179],[-93.2681181,44.8625727],[-93.268118,44.862748],[-93.26813595639473,44.862877250721475],[-93.2681459,44.8629626],[-93.268147,44.8630975],[-93.268145,44.8632156],[-93.2681418,44.863398],[-93.2681428,44.863532],[-93.2681409,44.8636185],[-93.2681405,44.8637149]]]},"properties":{"id":"alpr-branch-cr-35-66","layer":"alpr_corridor","name":"CR 35 — Portland Avenue South","county":"Hennepin County","state":"MN","countyFips":"27053","confidence":"probabilistic","sourceDate":null,"attributes":{"kind":"branch","road":"CR 35","roadName":"Portland Avenue South","roadClass":"secondary","readerCount":1,"siteCount":1,"operatorCount":1,"operators":"Richfield, MN PD","unattributedReaders":0,"siteLngs":"-93.268032","siteLats":"44.862883","siteReaders":"1"}}},{"type":"Feature","geometry":{"type":"MultiLineString","coordinates":[[[-93.26788085420279,44.889468728992185],[-93.2678807,44.8894779],[-93.2678832,44.8897714],[-93.2678595,44.8902001],[-93.2678309,44.8903044]]]},"properties":{"id":"alpr-branch-cr-35-67","layer":"alpr_corridor","name":"CR 35 — Portland Avenue South","county":"Hennepin County","state":"MN","countyFips":"27053","confidence":"probabilistic","sourceDate":null,"attributes":{"kind":"branch","road":"CR 35","roadName":"Portland Avenue South","roadClass":"secondary","readerCount":1,"siteCount":1,"operatorCount":0,"operators":null,"unattributedReaders":1,"siteLngs":"-93.267959","siteLats":"44.889469","siteReaders":"1"}}},{"type":"Feature","geometry":{"type":"MultiLineString","coordinates":[[[-93.238105,45.115016],[-93.23808433316076,45.11610767543859],[-93.2380838,45.1161236],[-93.238076,45.1167593],[-93.238073,45.1173644],[-93.2380739,45.1174628],[-93.23807434609003,45.11754655340375]]]},"properties":{"id":"alpr-branch-cr-35-68","layer":"alpr_corridor","name":"CR 35 — Central Avenue Northeast","county":"Anoka County","state":"MN","countyFips":"27003","confidence":"probabilistic","sourceDate":null,"attributes":{"kind":"branch","road":"CR 35","roadName":"Central Avenue Northeast","roadClass":"tertiary","readerCount":1,"siteCount":1,"operatorCount":0,"operators":null,"unattributedReaders":1,"siteLngs":"-93.238322","siteLats":"45.116112","siteReaders":"1"}}},{"type":"Feature","geometry":{"type":"MultiLineString","coordinates":[[[-93.24401683928599,45.073515085509136],[-93.2433439,45.0739578],[-93.2425883560855,45.07453961128294],[-93.2425434,45.0745774]]]},"properties":{"id":"alpr-branch-cr-35-69","layer":"alpr_corridor","name":"CR 35 — Central Avenue Northeast","county":"Anoka County","state":"MN","countyFips":"27003","confidence":"probabilistic","sourceDate":null,"attributes":{"kind":"branch","road":"CR 35","roadName":"Central Avenue Northeast","roadClass":"tertiary","readerCount":1,"siteCount":1,"operatorCount":0,"operators":null,"unattributedReaders":1,"siteLngs":"-93.242666","siteLats":"45.074586","siteReaders":"1"}}},{"type":"Feature","geometry":{"type":"MultiLineString","coordinates":[[[-93.29600334343857,44.279683898313536],[-93.29524783661923,44.28101728390447]]]},"properties":{"id":"alpr-branch-i-35-business-71","layer":"alpr_corridor","name":"I 35 Business — Lyndale Avenue South","county":"Rice County","state":"MN","countyFips":"27131","confidence":"probabilistic","sourceDate":null,"attributes":{"kind":"branch","road":"I 35 Business","roadName":"Lyndale Avenue South","roadClass":"trunk","readerCount":1,"siteCount":1,"operatorCount":1,"operators":"Faribault Police Department","unattributedReaders":0,"siteLngs":"-93.295893","siteLats":"44.279651","siteReaders":"1"}}},{"type":"Feature","geometry":{"type":"MultiLineString","coordinates":[[[-93.29875554683277,44.31946783517003],[-93.29746017292567,44.31836714173452]]]},"properties":{"id":"alpr-branch-i-35-business-72","layer":"alpr_corridor","name":"I 35 Business — Lyndale Avenue North","county":"Rice County","state":"MN","countyFips":"27131","confidence":"probabilistic","sourceDate":null,"attributes":{"kind":"branch","road":"I 35 Business","roadName":"Lyndale Avenue North","roadClass":"trunk","readerCount":1,"siteCount":1,"operatorCount":1,"operators":"Faribault Police Department","unattributedReaders":0,"siteLngs":"-93.298843","siteLats":"44.319415","siteReaders":"1"}}},{"type":"Feature","geometry":{"type":"MultiLineString","coordinates":[[[-93.2723936,44.309494],[-93.27248819727997,44.30979875215818],[-93.2725337,44.3099435],[-93.2725945,44.3101177],[-93.2726515,44.3103286],[-93.2727023,44.3105516],[-93.2727344,44.3107013],[-93.2727488,44.3108133],[-93.2727568,44.3109268],[-93.2727584,44.3110229],[-93.2727606,44.3111623],[-93.27276052044414,44.3112194608889]]]},"properties":{"id":"alpr-branch-2nd-avenue-northwest-73","layer":"alpr_corridor","name":"2nd Avenue Northwest","county":"Rice County","state":"MN","countyFips":"27131","confidence":"probabilistic","sourceDate":null,"attributes":{"kind":"branch","road":"2nd Avenue Northwest","roadName":null,"roadClass":"tertiary","readerCount":1,"siteCount":1,"operatorCount":1,"operators":"Faribault Police Department","unattributedReaders":0,"siteLngs":"-93.272601","siteLats":"44.309780","siteReaders":"1"}}},{"type":"Feature","geometry":{"type":"MultiLineString","coordinates":[[[-93.27274261649892,44.27617985316818],[-93.2727427,44.2763608],[-93.2727814,44.2765247],[-93.272851,44.2767697],[-93.273093386495,44.277593339461596],[-93.27325,44.278125],[-93.27352764745349,44.27899821649656]]]},"properties":{"id":"alpr-branch-willow-street-74","layer":"alpr_corridor","name":"Willow Street","county":"Rice County","state":"MN","countyFips":"27131","confidence":"probabilistic","sourceDate":null,"attributes":{"kind":"branch","road":"Willow Street","roadName":null,"roadClass":"tertiary","readerCount":1,"siteCount":1,"operatorCount":1,"operators":"Faribault Police Department","unattributedReaders":0,"siteLngs":"-93.272989","siteLats":"44.277609","siteReaders":"1"}}},{"type":"Feature","geometry":{"type":"MultiLineString","coordinates":[[[-92.84349671793566,45.03923139210735],[-92.844366,45.038344],[-92.8445044,45.0382026]]]},"properties":{"id":"alpr-branch-ch-5-75","layer":"alpr_corridor","name":"CH 5 — Stillwater Boulevard North","county":"Washington County","state":"MN","countyFips":"27163","confidence":"probabilistic","sourceDate":null,"attributes":{"kind":"branch","road":"CH 5","roadName":"Stillwater Boulevard North","roadClass":"tertiary","readerCount":1,"siteCount":1,"operatorCount":1,"operators":"Flock Safety","unattributedReaders":0,"siteLngs":"-92.843610","siteLats":"45.039288","siteReaders":"1"}}},{"type":"Feature","geometry":{"type":"MultiLineString","coordinates":[[[-93.33035555721395,44.921161769082154],[-93.3304265,44.921116],[-93.3316496,44.9205406],[-93.331741,44.9204976],[-93.331803,44.9204679],[-93.33203721907687,44.92035528152231]]]},"properties":{"id":"alpr-branch-sunnyside-road-76","layer":"alpr_corridor","name":"Sunnyside Road","county":"Hennepin County","state":"MN","countyFips":"27053","confidence":"probabilistic","sourceDate":null,"attributes":{"kind":"branch","road":"Sunnyside Road","roadName":null,"roadClass":"residential","readerCount":1,"siteCount":1,"operatorCount":1,"operators":"Flock Safety","unattributedReaders":0,"siteLngs":"-93.330424","siteLats":"44.921216","siteReaders":"1"}}},{"type":"Feature","geometry":{"type":"MultiLineString","coordinates":[[[-93.1261016,44.9917857],[-93.1261002,44.9918467],[-93.1260995,44.9918919],[-93.12609804401625,44.99208739168062],[-93.1260977,44.9921365]]]},"properties":{"id":"alpr-branch-cr-53-77","layer":"alpr_corridor","name":"CR 53 — Dale Street North","county":"Ramsey County","state":"MN","countyFips":"27123","confidence":"probabilistic","sourceDate":null,"attributes":{"kind":"branch","road":"CR 53","roadName":"Dale Street North","roadClass":"secondary","readerCount":1,"siteCount":1,"operatorCount":0,"operators":null,"unattributedReaders":1,"siteLngs":"-93.125875","siteLats":"44.992087","siteReaders":"1"}}},{"type":"Feature","geometry":{"type":"MultiLineString","coordinates":[[[-93.16318559683306,45.1605559995387],[-93.16314579239024,45.16199463836749],[-93.1631383,45.1622077],[-93.163136,45.162274],[-93.163131,45.162405]]]},"properties":{"id":"alpr-branch-cr-17-78","layer":"alpr_corridor","name":"CR 17 — Lexington Avenue Northeast","county":"Anoka County","state":"MN","countyFips":"27003","confidence":"probabilistic","sourceDate":null,"attributes":{"kind":"branch","road":"CR 17","roadName":"Lexington Avenue Northeast","roadClass":"secondary","readerCount":1,"siteCount":1,"operatorCount":0,"operators":null,"unattributedReaders":1,"siteLngs":"-93.162997","siteLats":"45.161992","siteReaders":"1"}}},{"type":"Feature","geometry":{"type":"MultiLineString","coordinates":[[[-93.16344798958556,45.15474283222025],[-93.16348133729089,45.15330411182319],[-93.1634832,45.1532241]]]},"properties":{"id":"alpr-branch-cr-17-79","layer":"alpr_corridor","name":"CR 17 — Lexington Avenue Northeast","county":"Anoka County","state":"MN","countyFips":"27003","confidence":"probabilistic","sourceDate":null,"attributes":{"kind":"branch","road":"CR 17","roadName":"Lexington Avenue Northeast","roadClass":"secondary","readerCount":1,"siteCount":1,"operatorCount":0,"operators":null,"unattributedReaders":1,"siteLngs":"-93.163821","siteLats":"45.153308","siteReaders":"1"}}},{"type":"Feature","geometry":{"type":"MultiLineString","coordinates":[[[-96.77339064673912,46.88945261080705],[-96.7728086,46.8892329],[-96.7725981,46.8891697],[-96.7723939,46.8891241],[-96.772067,46.8890786],[-96.7717751,46.8890764],[-96.77141007367271,46.88911887945774],[-96.7712305,46.8891499],[-96.7710707,46.8891979],[-96.7706651,46.8894047],[-96.7703991,46.8896199],[-96.7701921,46.8898035],[-96.7700191,46.8899533],[-96.7698602946011,46.89004624106484]]]},"properties":{"id":"alpr-branch-15th-avenue-north-80","layer":"alpr_corridor","name":"15th Avenue North","county":"Clay County","state":"MN","countyFips":"27027","confidence":"probabilistic","sourceDate":null,"attributes":{"kind":"branch","road":"15th Avenue North","roadName":null,"roadClass":"secondary","readerCount":1,"siteCount":1,"operatorCount":0,"operators":null,"unattributedReaders":1,"siteLngs":"-96.771392","siteLats":"46.889070","siteReaders":"1"}}},{"type":"Feature","geometry":{"type":"MultiLineString","coordinates":[[[-93.278266,44.8638262],[-93.278267,44.863712],[-93.2782676,44.8636462],[-93.2782677,44.8636306],[-93.2782703,44.8633346],[-93.2782718,44.8631668],[-93.2782729,44.8630422],[-93.27827373805134,44.86294822476561],[-93.278275,44.862808]]]},"properties":{"id":"alpr-branch-cr-52-81","layer":"alpr_corridor","name":"CR 52 — Nicollet Avenue South","county":"Hennepin County","state":"MN","countyFips":"27053","confidence":"probabilistic","sourceDate":null,"attributes":{"kind":"branch","road":"CR 52","roadName":"Nicollet Avenue South","roadClass":"secondary","readerCount":1,"siteCount":1,"operatorCount":1,"operators":"Flock Safety","unattributedReaders":0,"siteLngs":"-93.278137","siteLats":"44.862948","siteReaders":"1"}}},{"type":"Feature","geometry":{"type":"MultiLineString","coordinates":[[[-93.2781212,44.8896527],[-93.2781214,44.888983],[-93.2781214,44.8888536],[-93.27812312945869,44.88861397251967],[-93.2781262,44.8882155],[-93.2781278,44.8880146],[-93.2781295,44.8877911],[-93.2781312,44.8875734],[-93.278133,44.8873482],[-93.27813434290618,44.88717508187651]]]},"properties":{"id":"alpr-branch-cr-52-82","layer":"alpr_corridor","name":"CR 52 — Nicollet Avenue South","county":"Hennepin County","state":"MN","countyFips":"27053","confidence":"probabilistic","sourceDate":null,"attributes":{"kind":"branch","road":"CR 52","roadName":"Nicollet Avenue South","roadClass":"secondary","readerCount":1,"siteCount":1,"operatorCount":0,"operators":null,"unattributedReaders":1,"siteLngs":"-93.278309","siteLats":"44.888615","siteReaders":"1"}}},{"type":"Feature","geometry":{"type":"MultiLineString","coordinates":[[[-93.1888088837626,45.14260695348875],[-93.189034,45.142609],[-93.189127,45.142612],[-93.189357,45.142638],[-93.1895433,45.1426692]]]},"properties":{"id":"alpr-branch-cr-52-83","layer":"alpr_corridor","name":"CR 52 — Radisson Road Northeast","county":"Anoka County","state":"MN","countyFips":"27003","confidence":"probabilistic","sourceDate":null,"attributes":{"kind":"branch","road":"CR 52","roadName":"Radisson Road Northeast","roadClass":"secondary","readerCount":1,"siteCount":1,"operatorCount":1,"operators":"Blaine PD","unattributedReaders":0,"siteLngs":"-93.188807","siteLats":"45.142695","siteReaders":"1"}}},{"type":"Feature","geometry":{"type":"MultiLineString","coordinates":[[[-93.2194603,45.1972639],[-93.219465,45.197147],[-93.21947156233432,45.19695173203226],[-93.2194738,45.1967217],[-93.21948,45.195946],[-93.2194797,45.1955982],[-93.2194689490326,45.195513174084375]]]},"properties":{"id":"alpr-branch-cr-52-84","layer":"alpr_corridor","name":"CR 52 — Radisson Road Northeast","county":"Anoka County","state":"MN","countyFips":"27003","confidence":"probabilistic","sourceDate":null,"attributes":{"kind":"branch","road":"CR 52","roadName":"Radisson Road Northeast","roadClass":"secondary","readerCount":1,"siteCount":1,"operatorCount":0,"operators":null,"unattributedReaders":1,"siteLngs":"-93.219608","siteLats":"45.196952","siteReaders":"1"}}},{"type":"Feature","geometry":{"type":"MultiLineString","coordinates":[[[-93.5501683,45.1994573],[-93.550168,45.1992007],[-93.55017143518194,45.19908124913039],[-93.5501803,45.199024],[-93.5502278,45.1988951],[-93.5502972,45.1987816],[-93.5504534,45.1985892],[-93.5508669,45.1981227],[-93.5510265,45.1978912],[-93.55108900712132,45.19780645008487]]]},"properties":{"id":"alpr-branch-rogers-drive-85","layer":"alpr_corridor","name":"Rogers Drive","county":"Hennepin County","state":"MN","countyFips":"27053","confidence":"probabilistic","sourceDate":null,"attributes":{"kind":"branch","road":"Rogers Drive","roadName":null,"roadClass":"tertiary","readerCount":1,"siteCount":1,"operatorCount":1,"operators":"City of Rogers MN","unattributedReaders":0,"siteLngs":"-93.550263","siteLats":"45.199088","siteReaders":"1"}}},{"type":"Feature","geometry":{"type":"MultiLineString","coordinates":[[[-93.5499992,45.1995815],[-93.5500061645055,45.19984018310905],[-93.5500084,45.2000005],[-93.550013,45.2001433]]]},"properties":{"id":"alpr-branch-rogers-drive-86","layer":"alpr_corridor","name":"Rogers Drive","county":"Hennepin County","state":"MN","countyFips":"27053","confidence":"probabilistic","sourceDate":null,"attributes":{"kind":"branch","road":"Rogers Drive","roadName":null,"roadClass":"tertiary","readerCount":1,"siteCount":1,"operatorCount":0,"operators":null,"unattributedReaders":1,"siteLngs":"-93.549847","siteLats":"45.199841","siteReaders":"1"}}},{"type":"Feature","geometry":{"type":"MultiLineString","coordinates":[[[-93.57383979829648,44.551848684908855],[-93.57390957947669,44.55328673801018]]]},"properties":{"id":"alpr-branch-columbus-avenue-north-87","layer":"alpr_corridor","name":"Columbus Avenue North","county":"Scott County","state":"MN","countyFips":"27139","confidence":"probabilistic","sourceDate":null,"attributes":{"kind":"branch","road":"Columbus Avenue North","roadName":null,"roadClass":"tertiary","readerCount":1,"siteCount":1,"operatorCount":0,"operators":null,"unattributedReaders":1,"siteLngs":"-93.573743","siteLats":"44.551851","siteReaders":"1"}}},{"type":"Feature","geometry":{"type":"MultiLineString","coordinates":[[[-93.5615538,44.5435079],[-93.56155794767298,44.54318455484776],[-93.5615622,44.542759],[-93.5615381,44.5426952],[-93.5615034,44.5425937]]]},"properties":{"id":"alpr-branch-10th-avenue-southeast-88","layer":"alpr_corridor","name":"10th Avenue Southeast","county":"Le Sueur County","state":"MN","countyFips":"27079","confidence":"probabilistic","sourceDate":null,"attributes":{"kind":"branch","road":"10th Avenue Southeast","roadName":null,"roadClass":"residential","readerCount":1,"siteCount":1,"operatorCount":0,"operators":null,"unattributedReaders":1,"siteLngs":"-93.561606","siteLats":"44.543185","siteReaders":"1"}}},{"type":"Feature","geometry":{"type":"MultiLineString","coordinates":[[[-93.5842828,44.5579948],[-93.58428893881654,44.558541827689645],[-93.5843062,44.5587846],[-93.5843719,44.5591961],[-93.5844639,44.5596382],[-93.5844676,44.5596586],[-93.58455906383138,44.55996593814309]]]},"properties":{"id":"alpr-branch-mn-21-89","layer":"alpr_corridor","name":"MN 21 — Helena Boulevard","county":"Scott County","state":"MN","countyFips":"27139","confidence":"probabilistic","sourceDate":null,"attributes":{"kind":"branch","road":"MN 21","roadName":"Helena Boulevard","roadClass":"primary","readerCount":1,"siteCount":1,"operatorCount":0,"operators":null,"unattributedReaders":1,"siteLngs":"-93.584167","siteLats":"44.558546","siteReaders":"1"}}},{"type":"Feature","geometry":{"type":"MultiLineString","coordinates":[[[-93.52266111492774,45.19576607286619],[-93.52061920199259,45.19576938891635],[-93.5205154,45.1957698],[-93.51857729101633,45.19576646343513]]]},"properties":{"id":"alpr-branch-south-diamond-lake-road-91","layer":"alpr_corridor","name":"South Diamond Lake Road","county":"Hennepin County","state":"MN","countyFips":"27053","confidence":"probabilistic","sourceDate":null,"attributes":{"kind":"branch","road":"South Diamond Lake Road","roadName":null,"roadClass":"tertiary","readerCount":1,"siteCount":1,"operatorCount":0,"operators":null,"unattributedReaders":1,"siteLngs":"-93.520619","siteLats":"45.195718","siteReaders":"1"}}},{"type":"Feature","geometry":{"type":"MultiLineString","coordinates":[[[-93.53190929855363,44.97072278915715],[-93.5318767,44.9707329],[-93.5316325,44.9708008],[-93.5314188,44.970844],[-93.5311811,44.9708702],[-93.5309609,44.9708764],[-93.530745,44.9708702],[-93.5305204,44.970844],[-93.52993408957994,44.97072746052228],[-93.5297304,44.9706795]]]},"properties":{"id":"alpr-branch-shoreline-drive-93","layer":"alpr_corridor","name":"Shoreline Drive","county":"Hennepin County","state":"MN","countyFips":"27053","confidence":"probabilistic","sourceDate":null,"attributes":{"kind":"branch","road":"Shoreline Drive","roadName":null,"roadClass":"tertiary","readerCount":1,"siteCount":1,"operatorCount":1,"operators":"Flock Safety","unattributedReaders":0,"siteLngs":"-93.529971","siteLats":"44.970649","siteReaders":"1"}}},{"type":"Feature","geometry":{"type":"MultiLineString","coordinates":[[[-93.64087270335665,44.93630454907954],[-93.641418,44.936352],[-93.6418292,44.936403],[-93.64287375762486,44.93655291744186],[-93.643051,44.936581],[-93.6431277,44.9365956],[-93.643608,44.936687],[-93.6444439,44.9368478]]]},"properties":{"id":"alpr-branch-cr-15-94","layer":"alpr_corridor","name":"CR 15 — Shoreline Drive","county":"Hennepin County","state":"MN","countyFips":"27053","confidence":"probabilistic","sourceDate":null,"attributes":{"kind":"branch","road":"CR 15","roadName":"Shoreline Drive","roadClass":"secondary","readerCount":1,"siteCount":1,"operatorCount":0,"operators":null,"unattributedReaders":1,"siteLngs":"-93.642885","siteLats":"44.936517","siteReaders":"1"}}},{"type":"Feature","geometry":{"type":"MultiLineString","coordinates":[[[-93.60538672839606,44.935277462016835],[-93.606041,44.934978],[-93.606323,44.934868],[-93.606621,44.934776],[-93.606753,44.9347479],[-93.606926,44.934711],[-93.6070778,44.9346899],[-93.60720905901641,44.93467383339972],[-93.607246,44.934669],[-93.6074315,44.934658],[-93.6074731,44.9346555],[-93.607567,44.93465],[-93.6076672,44.9346457],[-93.6077634,44.9346457],[-93.6078537,44.9346447],[-93.6079585,44.9346429],[-93.6081468,44.9346387],[-93.6083071,44.9346371],[-93.6083584,44.9346363],[-93.6088704,44.9346351],[-93.6088767,44.9346351],[-93.6089527,44.9346362],[-93.6090115,44.934637],[-93.6091406,44.9346348],[-93.60923951093933,44.93463486883155]]]},"properties":{"id":"alpr-branch-cr-15-95","layer":"alpr_corridor","name":"CR 15 — Shoreline Drive","county":"Hennepin County","state":"MN","countyFips":"27053","confidence":"probabilistic","sourceDate":null,"attributes":{"kind":"branch","road":"CR 15","roadName":"Shoreline Drive","roadClass":"secondary","readerCount":1,"siteCount":1,"operatorCount":0,"operators":null,"unattributedReaders":1,"siteLngs":"-93.607221","siteLats":"44.934720","siteReaders":"1"}}},{"type":"Feature","geometry":{"type":"MultiLineString","coordinates":[[[-93.5583417575895,44.96123650662505],[-93.5583277,44.9612076],[-93.5582825,44.9611147],[-93.5582484,44.9609922],[-93.5582368,44.9608635],[-93.5582421,44.960743],[-93.55859850907407,44.95984190858828],[-93.5586129,44.9598082],[-93.558858,44.9594446]]]},"properties":{"id":"alpr-branch-cr-15-96","layer":"alpr_corridor","name":"CR 15 — Shoreline Drive","county":"Hennepin County","state":"MN","countyFips":"27053","confidence":"probabilistic","sourceDate":null,"attributes":{"kind":"branch","road":"CR 15","roadName":"Shoreline Drive","roadClass":"secondary","readerCount":1,"siteCount":1,"operatorCount":1,"operators":"Orono Police Department","unattributedReaders":0,"siteLngs":"-93.558725","siteLats":"44.959869","siteReaders":"1"}}},{"type":"Feature","geometry":{"type":"MultiLineString","coordinates":[[[-93.53261314167864,45.007174498872104],[-93.5326008240967,45.00861338510011],[-93.5326004,45.0086552],[-93.5325988,45.008889],[-93.5325901,45.0097279],[-93.53258685595722,45.01005226321392]]]},"properties":{"id":"alpr-branch-hunter-drive-98","layer":"alpr_corridor","name":"Hunter Drive","county":"Hennepin County","state":"MN","countyFips":"27053","confidence":"probabilistic","sourceDate":null,"attributes":{"kind":"branch","road":"Hunter Drive","roadName":null,"roadClass":"residential","readerCount":1,"siteCount":1,"operatorCount":0,"operators":null,"unattributedReaders":1,"siteLngs":"-93.532565","siteLats":"45.008613","siteReaders":"1"}}},{"type":"Feature","geometry":{"type":"MultiLineString","coordinates":[[[-93.52938178898637,45.011600136542384],[-93.5293958,45.0116129],[-93.5297776,45.0119501],[-93.529892,45.012074],[-93.5299861,45.0121945],[-93.5300468,45.0123353],[-93.5301774214161,45.01288563996813],[-93.5301847,45.0129433]]]},"properties":{"id":"alpr-branch-northridge-drive-99","layer":"alpr_corridor","name":"Northridge Drive","county":"Hennepin County","state":"MN","countyFips":"27053","confidence":"probabilistic","sourceDate":null,"attributes":{"kind":"branch","road":"Northridge Drive","roadName":null,"roadClass":"residential","readerCount":1,"siteCount":1,"operatorCount":0,"operators":null,"unattributedReaders":1,"siteLngs":"-93.530223","siteLats":"45.012883","siteReaders":"1"}}},{"type":"Feature","geometry":{"type":"MultiLineString","coordinates":[[[-93.54847292811448,44.98400335812362],[-93.5484931,44.9840255],[-93.5486468,44.984181],[-93.5488426,44.9843414],[-93.54911,44.984505],[-93.549385,44.984657],[-93.5496137,44.9847824],[-93.55000914028832,44.984914517850584],[-93.5501429,44.9849426],[-93.5501607,44.9849477],[-93.5504114,44.984999],[-93.5506179,44.9850313],[-93.5508933,44.9850549],[-93.5511496,44.9850655],[-93.5514389,44.9850581],[-93.5518292,44.9850467],[-93.55201773998401,44.98503821469739]]]},"properties":{"id":"alpr-branch-cr-112-100","layer":"alpr_corridor","name":"CR 112 — Wayzata Boulevard","county":"Hennepin County","state":"MN","countyFips":"27053","confidence":"probabilistic","sourceDate":null,"attributes":{"kind":"branch","road":"CR 112","roadName":"Wayzata Boulevard","roadClass":"secondary","readerCount":1,"siteCount":1,"operatorCount":0,"operators":null,"unattributedReaders":1,"siteLngs":"-93.549994","siteLats":"44.984951","siteReaders":"1"}}},{"type":"Feature","geometry":{"type":"MultiLineString","coordinates":[[[-93.63525415445066,45.05103662066743],[-93.6352416,45.0505976],[-93.63522348377761,45.04959787959862]]]},"properties":{"id":"alpr-branch-cr-19-101","layer":"alpr_corridor","name":"CR 19 — County Road 19","county":"Hennepin County","state":"MN","countyFips":"27053","confidence":"probabilistic","sourceDate":null,"attributes":{"kind":"branch","road":"CR 19","roadName":"County Road 19","roadClass":"secondary","readerCount":1,"siteCount":1,"operatorCount":0,"operators":null,"unattributedReaders":1,"siteLngs":"-93.635373","siteLats":"45.051035","siteReaders":"1"}}},{"type":"Feature","geometry":{"type":"MultiLineString","coordinates":[[[-93.63556734827903,45.06737732216262],[-93.635567,45.0672677],[-93.63556891375687,45.06593841054383],[-93.6355695,45.0655048],[-93.6355684,45.0654193],[-93.6355579,45.065035],[-93.6355541,45.0648969],[-93.635544,45.064526],[-93.63554344492546,45.0644996708351]]]},"properties":{"id":"alpr-branch-cr-19-102","layer":"alpr_corridor","name":"CR 19 — County Road 19","county":"Hennepin County","state":"MN","countyFips":"27053","confidence":"probabilistic","sourceDate":null,"attributes":{"kind":"branch","road":"CR 19","roadName":"County Road 19","roadClass":"secondary","readerCount":1,"siteCount":1,"operatorCount":0,"operators":null,"unattributedReaders":1,"siteLngs":"-93.635407","siteLats":"45.065938","siteReaders":"1"}}},{"type":"Feature","geometry":{"type":"MultiLineString","coordinates":[[[-93.5696726,44.8998494],[-93.5695477,44.8997904],[-93.5694694,44.8997499],[-93.5694619,44.8997462],[-93.569283,44.8996405],[-93.56916657244949,44.89955719634116],[-93.569033,44.8994608],[-93.568947,44.899395],[-93.5688166,44.8992735],[-93.5686897,44.899142],[-93.5686022,44.8990363],[-93.5685067,44.8989057],[-93.5684796,44.8988773],[-93.5684213,44.8988164],[-93.5683834,44.8987534],[-93.56807049284316,44.89835454469601]]]},"properties":{"id":"alpr-branch-cr-19-103","layer":"alpr_corridor","name":"CR 19 — Oak Street","county":"Hennepin County","state":"MN","countyFips":"27053","confidence":"probabilistic","sourceDate":null,"attributes":{"kind":"branch","road":"CR 19","roadName":"Oak Street","roadClass":"secondary","readerCount":1,"siteCount":1,"operatorCount":1,"operators":"South Lake Minnetonka Police Department","unattributedReaders":0,"siteLngs":"-93.569035","siteLats":"44.899650","siteReaders":"1"}}},{"type":"Feature","geometry":{"type":"MultiLineString","coordinates":[[[-93.63548512715614,45.146729310638925],[-93.6354883,45.1465109],[-93.6355052,45.1453401],[-93.6355051785732,45.145290470196734],[-93.6355215,45.1443703],[-93.6355292,45.1439161],[-93.63553028359684,45.143851666622794]]]},"properties":{"id":"alpr-branch-cr-19-104","layer":"alpr_corridor","name":"CR 19 — County Road 19","county":"Hennepin County","state":"MN","countyFips":"27053","confidence":"probabilistic","sourceDate":null,"attributes":{"kind":"branch","road":"CR 19","roadName":"County Road 19","roadClass":"secondary","readerCount":1,"siteCount":1,"operatorCount":0,"operators":null,"unattributedReaders":1,"siteLngs":"-93.635699","siteLats":"45.145292","siteReaders":"1"}}},{"type":"Feature","geometry":{"type":"MultiLineString","coordinates":[[[-93.66340527767264,45.24563880715941],[-93.6633944,45.2451891],[-93.6633882720098,45.24419996919703],[-93.6633853,45.2441494],[-93.6634087,45.2427761],[-93.66340853824362,45.24276119915567]]]},"properties":{"id":"alpr-branch-cr-19-105","layer":"alpr_corridor","name":"CR 19 — Labeaux Avenue Northeast","county":"Wright County","state":"MN","countyFips":"27171","confidence":"probabilistic","sourceDate":null,"attributes":{"kind":"branch","road":"CR 19","roadName":"Labeaux Avenue Northeast","roadClass":"secondary","readerCount":1,"siteCount":1,"operatorCount":0,"operators":null,"unattributedReaders":1,"siteLngs":"-93.663519","siteLats":"45.244196","siteReaders":"1"}}},{"type":"Feature","geometry":{"type":"MultiLineString","coordinates":[[[-93.502792,44.974133],[-93.50212257829797,44.9741466209189],[-93.502075,44.974148]]]},"properties":{"id":"alpr-branch-byrondale-avenue-106","layer":"alpr_corridor","name":"Byrondale Avenue","county":"Hennepin County","state":"MN","countyFips":"27053","confidence":"probabilistic","sourceDate":null,"attributes":{"kind":"branch","road":"Byrondale Avenue","roadName":null,"roadClass":"residential","readerCount":1,"siteCount":1,"operatorCount":0,"operators":null,"unattributedReaders":1,"siteLngs":"-93.502124","siteLats":"44.974165","siteReaders":"1"}}},{"type":"Feature","geometry":{"type":"MultiLineString","coordinates":[[[-93.5278385,44.8023692],[-93.52755967090744,44.802217832307115],[-93.5272899,44.8020479],[-93.5270173,44.8018636],[-93.5267782,44.8016681]]]},"properties":{"id":"alpr-branch-cr-101-107","layer":"alpr_corridor","name":"CR 101","county":"Scott County","state":"MN","countyFips":"27139","confidence":"probabilistic","sourceDate":null,"attributes":{"kind":"branch","road":"CR 101","roadName":null,"roadClass":"primary","readerCount":1,"siteCount":1,"operatorCount":0,"operators":null,"unattributedReaders":1,"siteLngs":"-93.527682","siteLats":"44.802119","siteReaders":"1"}}},{"type":"Feature","geometry":{"type":"MultiLineString","coordinates":[[[-93.51358563372645,44.9696351841602],[-93.513556,44.9696282],[-93.5130819,44.9695188],[-93.511944,44.969287],[-93.5117448,44.9692465],[-93.5116362544628,44.96922548315424],[-93.5115935,44.9692172],[-93.5114622,44.9691901],[-93.5114338,44.9691829],[-93.5105638,44.969005],[-93.5098829,44.968857],[-93.50968728035585,44.96881448698111]]]},"properties":{"id":"alpr-branch-lake-street-east-110","layer":"alpr_corridor","name":"Lake Street East","county":"Hennepin County","state":"MN","countyFips":"27053","confidence":"probabilistic","sourceDate":null,"attributes":{"kind":"branch","road":"Lake Street East","roadName":null,"roadClass":"residential","readerCount":1,"siteCount":1,"operatorCount":0,"operators":null,"unattributedReaders":1,"siteLngs":"-93.511632","siteLats":"44.969236","siteReaders":"1"}}},{"type":"Feature","geometry":{"type":"MultiLineString","coordinates":[[[-93.52083619113334,44.97050875853613],[-93.5207334,44.9705129],[-93.5206088,44.9705168],[-93.5203719,44.9705259],[-93.5202337,44.9705217],[-93.5199672,44.9705215],[-93.5197153,44.9705267],[-93.5195458,44.9705263],[-93.5194037,44.9705254],[-93.5193115,44.9705241],[-93.5192823,44.9705227],[-93.5192051,44.9705207],[-93.519011,44.9705094],[-93.5189345,44.970504],[-93.51880532482464,44.97049280639075],[-93.5187048,44.9704813],[-93.5186689,44.9704758],[-93.5185952,44.9704645],[-93.5184829,44.9704499],[-93.5183897,44.970437],[-93.5182507,44.9704218],[-93.5181401,44.9704091],[-93.5180447,44.9704011],[-93.5179426,44.9703915],[-93.5178189,44.970383],[-93.5176588,44.9703778],[-93.517367,44.9703727],[-93.5172431,44.9703732]]]},"properties":{"id":"alpr-branch-lake-street-east-111","layer":"alpr_corridor","name":"Lake Street East","county":"Hennepin County","state":"MN","countyFips":"27053","confidence":"probabilistic","sourceDate":null,"attributes":{"kind":"branch","road":"Lake Street East","roadName":null,"roadClass":"residential","readerCount":1,"siteCount":1,"operatorCount":0,"operators":null,"unattributedReaders":1,"siteLngs":"-93.518810","siteLats":"44.970471","siteReaders":"1"}}},{"type":"Feature","geometry":{"type":"MultiLineString","coordinates":[[[-93.5388069229364,44.97787104485584],[-93.5389139,44.9778857],[-93.5395739,44.977965],[-93.5402875,44.9780546],[-93.5403758,44.9780657],[-93.54081095433624,44.97811758622126],[-93.5409154,44.9781258],[-93.5410298,44.9781279],[-93.5411307,44.978125],[-93.5412217,44.9781186],[-93.5413054,44.9781076],[-93.5414141,44.9780888],[-93.5415679,44.9780487]]]},"properties":{"id":"alpr-branch-wayzata-boulevard-113","layer":"alpr_corridor","name":"Wayzata Boulevard","county":"Hennepin County","state":"MN","countyFips":"27053","confidence":"probabilistic","sourceDate":null,"attributes":{"kind":"branch","road":"Wayzata Boulevard","roadName":null,"roadClass":"secondary","readerCount":1,"siteCount":1,"operatorCount":0,"operators":null,"unattributedReaders":1,"siteLngs":"-93.540819","siteLats":"44.978066","siteReaders":"1"}}},{"type":"Feature","geometry":{"type":"MultiLineString","coordinates":[[[-93.48840502868443,44.97127670303251],[-93.4884377,44.9712782],[-93.4889804,44.9712984],[-93.4891677,44.9713068],[-93.4894741,44.9713241],[-93.4896922,44.9713399],[-93.4898619,44.9713649],[-93.4899195,44.9713789],[-93.490002,44.9713987],[-93.4901387,44.9714487],[-93.49034486773162,44.971570035229675],[-93.4904512,44.9716538],[-93.4905622,44.9717885],[-93.4908287,44.9721657]]]},"properties":{"id":"alpr-branch-wayzata-boulevard-114","layer":"alpr_corridor","name":"Wayzata Boulevard","county":"Hennepin County","state":"MN","countyFips":"27053","confidence":"probabilistic","sourceDate":null,"attributes":{"kind":"branch","road":"Wayzata Boulevard","roadName":null,"roadClass":"tertiary","readerCount":1,"siteCount":1,"operatorCount":0,"operators":null,"unattributedReaders":1,"siteLngs":"-93.490418","siteLats":"44.971523","siteReaders":"1"}}},{"type":"Feature","geometry":{"type":"MultiLineString","coordinates":[[[-93.36720744223713,44.97104691776228],[-93.3674758,44.9710293],[-93.3676815,44.9710099],[-93.3679693,44.9709828],[-93.368179,44.970963],[-93.3683862,44.9709392],[-93.3685584,44.9709069],[-93.3687588,44.9708427],[-93.3689193,44.9707724],[-93.36913624643907,44.97067341916489],[-93.369264,44.9706177],[-93.3694507,44.9705369],[-93.369829,44.9703598]]]},"properties":{"id":"alpr-branch-wayzata-boulevard-115","layer":"alpr_corridor","name":"Wayzata Boulevard","county":"Hennepin County","state":"MN","countyFips":"27053","confidence":"probabilistic","sourceDate":null,"attributes":{"kind":"branch","road":"Wayzata Boulevard","roadName":null,"roadClass":"tertiary","readerCount":1,"siteCount":1,"operatorCount":0,"operators":null,"unattributedReaders":1,"siteLngs":"-93.369094","siteLats":"44.970624","siteReaders":"1"}}},{"type":"Feature","geometry":{"type":"MultiLineString","coordinates":[[[-93.440254,45.016026],[-93.44070365787873,45.01581536392895],[-93.440948,45.015701]]]},"properties":{"id":"alpr-branch-32nd-avenue-north-116","layer":"alpr_corridor","name":"32nd Avenue North","county":"Hennepin County","state":"MN","countyFips":"27053","confidence":"probabilistic","sourceDate":null,"attributes":{"kind":"branch","road":"32nd Avenue North","roadName":null,"roadClass":"residential","readerCount":1,"siteCount":1,"operatorCount":0,"operators":null,"unattributedReaders":1,"siteLngs":"-93.440746","siteLats":"45.015861","siteReaders":"1"}}},{"type":"Feature","geometry":{"type":"MultiLineString","coordinates":[[[-92.8387966577647,46.33298155838218],[-92.83873233295887,46.334419785330674],[-92.838686,46.3349731],[-92.8386121,46.3358509],[-92.8386115679419,46.335856279742444]]]},"properties":{"id":"alpr-branch-cr-61-117","layer":"alpr_corridor","name":"CR 61 — County Highway 61 (Old US Hwy 61)","county":"Pine County","state":"MN","countyFips":"27115","confidence":"probabilistic","sourceDate":null,"attributes":{"kind":"branch","road":"CR 61","roadName":"County Highway 61 (Old US Hwy 61)","roadClass":"primary","readerCount":1,"siteCount":1,"operatorCount":0,"operators":null,"unattributedReaders":1,"siteLngs":"-92.838402","siteLats":"46.334406","siteReaders":"1"}}},{"type":"Feature","geometry":{"type":"MultiLineString","coordinates":[[[-92.89647529287869,46.12519448407759],[-92.89439941347528,46.125215395642904],[-92.8926465,46.1252162],[-92.89232335348075,46.12521968048565]]]},"properties":{"id":"alpr-branch-cr-61-118","layer":"alpr_corridor","name":"CR 61","county":"Pine County","state":"MN","countyFips":"27115","confidence":"probabilistic","sourceDate":null,"attributes":{"kind":"branch","road":"CR 61","roadName":null,"roadClass":"tertiary","readerCount":1,"siteCount":1,"operatorCount":0,"operators":null,"unattributedReaders":1,"siteLngs":"-92.894400","siteLats":"46.125307","siteReaders":"1"}}},{"type":"Feature","geometry":{"type":"MultiLineString","coordinates":[[[-92.83936917344842,46.3253959127621],[-92.8392346583128,46.326831824086526]]]},"properties":{"id":"alpr-branch-cr-61-119","layer":"alpr_corridor","name":"CR 61 — County Highway 61 (Old US Hwy 61)","county":"Pine County","state":"MN","countyFips":"27115","confidence":"probabilistic","sourceDate":null,"attributes":{"kind":"branch","road":"CR 61","roadName":"County Highway 61 (Old US Hwy 61)","roadClass":"primary","readerCount":1,"siteCount":1,"operatorCount":0,"operators":null,"unattributedReaders":1,"siteLngs":"-92.839526","siteLats":"46.325403","siteReaders":"1"}}},{"type":"Feature","geometry":{"type":"MultiLineString","coordinates":[[[-92.963511443788,45.7630509463776],[-92.96477002619153,45.764190923671556],[-92.9654969,45.7648531],[-92.96602570975537,45.76533247567245]]]},"properties":{"id":"alpr-branch-cr-61-120","layer":"alpr_corridor","name":"CR 61 — Forest Boulevard","county":"Pine County","state":"MN","countyFips":"27115","confidence":"probabilistic","sourceDate":null,"attributes":{"kind":"branch","road":"CR 61","roadName":"Forest Boulevard","roadClass":"tertiary","readerCount":1,"siteCount":1,"operatorCount":0,"operators":null,"unattributedReaders":1,"siteLngs":"-92.964901","siteLats":"45.764120","siteReaders":"1"}}},{"type":"Feature","geometry":{"type":"MultiLineString","coordinates":[[[-93.52528028217503,45.08729966433379],[-93.5247775,45.0872594],[-93.5246991,45.0872531],[-93.5246068,45.0872457],[-93.52325596704011,45.08713301336184],[-93.522934,45.0871183],[-93.5225122,45.0871055],[-93.5222271,45.0871088]]]},"properties":{"id":"alpr-branch-cr-10-121","layer":"alpr_corridor","name":"CR 10 — Bass Lake Road","county":"Hennepin County","state":"MN","countyFips":"27053","confidence":"probabilistic","sourceDate":null,"attributes":{"kind":"branch","road":"CR 10","roadName":"Bass Lake Road","roadClass":"secondary","readerCount":1,"siteCount":1,"operatorCount":0,"operators":null,"unattributedReaders":1,"siteLngs":"-93.523248","siteLats":"45.087222","siteReaders":"1"}}},{"type":"Feature","geometry":{"type":"MultiLineString","coordinates":[[[-93.6358341,45.1235625],[-93.63504174067846,45.12356651537717],[-93.6345785,45.1235691],[-93.633861,45.1235723],[-93.63300244382339,45.123574755200046]]]},"properties":{"id":"alpr-branch-cr-10-122","layer":"alpr_corridor","name":"CR 10 — County Road 10","county":"Hennepin County","state":"MN","countyFips":"27053","confidence":"probabilistic","sourceDate":null,"attributes":{"kind":"branch","road":"CR 10","roadName":"County Road 10","roadClass":"tertiary","readerCount":1,"siteCount":1,"operatorCount":0,"operators":null,"unattributedReaders":1,"siteLngs":"-93.635041","siteLats":"45.123472","siteReaders":"1"}}},{"type":"Feature","geometry":{"type":"MultiLineString","coordinates":[[[-93.13407821585704,45.590584822189186],[-93.1346545,45.5907354],[-93.1352395,45.5908319],[-93.13607942106408,45.59084220902475],[-93.1361729,45.5908394],[-93.1367844,45.590738],[-93.137514,45.5905315],[-93.13797716481692,45.59032756755611]]]},"properties":{"id":"alpr-branch-cr-10-123","layer":"alpr_corridor","name":"CR 10 — Stark Road West","county":"Chisago County","state":"MN","countyFips":"27025","confidence":"probabilistic","sourceDate":null,"attributes":{"kind":"branch","road":"CR 10","roadName":"Stark Road West","roadClass":"tertiary","readerCount":1,"siteCount":1,"operatorCount":0,"operators":null,"unattributedReaders":1,"siteLngs":"-93.136073","siteLats":"45.590731","siteReaders":"1"}}},{"type":"Feature","geometry":{"type":"MultiLineString","coordinates":[[[-93.31492562879737,47.0260185506461],[-93.31314548237299,47.0252452397516],[-93.3113636256306,47.024473862587094]]]},"properties":{"id":"alpr-branch-cr-10-124","layer":"alpr_corridor","name":"CR 10 — Great River Road","county":"Aitkin County","state":"MN","countyFips":"27001","confidence":"probabilistic","sourceDate":null,"attributes":{"kind":"branch","road":"CR 10","roadName":"Great River Road","roadClass":"tertiary","readerCount":1,"siteCount":1,"operatorCount":0,"operators":null,"unattributedReaders":1,"siteLngs":"-93.313068","siteLats":"47.025329","siteReaders":"1"}}},{"type":"Feature","geometry":{"type":"MultiLineString","coordinates":[[[-93.4540027,45.02905],[-93.45440804677847,45.02913174591434],[-93.4544868,45.0291441],[-93.4546986,45.0291728],[-93.4548567,45.0291911],[-93.455624,45.0292132]]]},"properties":{"id":"alpr-branch-cr-9-125","layer":"alpr_corridor","name":"CR 9 — Rockford Road","county":"Hennepin County","state":"MN","countyFips":"27053","confidence":"probabilistic","sourceDate":null,"attributes":{"kind":"branch","road":"CR 9","roadName":"Rockford Road","roadClass":"secondary","readerCount":1,"siteCount":1,"operatorCount":0,"operators":null,"unattributedReaders":1,"siteLngs":"-93.454390","siteLats":"45.029192","siteReaders":"1"}}},{"type":"Feature","geometry":{"type":"MultiLineString","coordinates":[[[-93.36897701866086,45.03279502092489],[-93.369033,45.032796],[-93.3702777,45.0328224],[-93.37101163756523,45.03284809083806],[-93.3713423,45.0328582],[-93.3715565,45.0328691]]]},"properties":{"id":"alpr-branch-cr-9-126","layer":"alpr_corridor","name":"CR 9 — 42nd Avenue North","county":"Hennepin County","state":"MN","countyFips":"27053","confidence":"probabilistic","sourceDate":null,"attributes":{"kind":"branch","road":"CR 9","roadName":"42nd Avenue North","roadClass":"secondary","readerCount":1,"siteCount":1,"operatorCount":0,"operators":null,"unattributedReaders":1,"siteLngs":"-93.371005","siteLats":"45.032961","siteReaders":"1"}}},{"type":"Feature","geometry":{"type":"MultiLineString","coordinates":[[[-93.4144088563813,45.03317814855767],[-93.41644332713844,45.03312045492182],[-93.417292,45.0330967],[-93.4181823,45.0330858],[-93.41847862271216,45.03308765537371]]]},"properties":{"id":"alpr-branch-cr-9-127","layer":"alpr_corridor","name":"CR 9 — Rockford Road","county":"Hennepin County","state":"MN","countyFips":"27053","confidence":"probabilistic","sourceDate":null,"attributes":{"kind":"branch","road":"CR 9","roadName":"Rockford Road","roadClass":"secondary","readerCount":1,"siteCount":1,"operatorCount":0,"operators":null,"unattributedReaders":1,"siteLngs":"-93.416447","siteLats":"45.033192","siteReaders":"1"}}},{"type":"Feature","geometry":{"type":"MultiLineString","coordinates":[[[-93.35774899784612,45.20272255200702],[-93.3577413,45.20289],[-93.3577239,45.2039848]]]},"properties":{"id":"alpr-branch-cr-9-128","layer":"alpr_corridor","name":"CR 9 — Round Lake Boulevard Northwest","county":"Anoka County","state":"MN","countyFips":"27003","confidence":"probabilistic","sourceDate":null,"attributes":{"kind":"branch","road":"CR 9","roadName":"Round Lake Boulevard Northwest","roadClass":"secondary","readerCount":1,"siteCount":1,"operatorCount":0,"operators":null,"unattributedReaders":1,"siteLngs":"-93.357531","siteLats":"45.202717","siteReaders":"1"}}},{"type":"Feature","geometry":{"type":"MultiLineString","coordinates":[[[-93.2508174,44.1388678],[-93.2510333,44.1388974],[-93.25141903354967,44.13891539291108],[-93.2516774,44.1389253],[-93.2518736,44.1389248],[-93.2525728,44.1389228],[-93.25342349586278,44.13893559903044]]]},"properties":{"id":"alpr-branch-cr-9-129","layer":"alpr_corridor","name":"CR 9 — Northwest 46th Street","county":"Steele County","state":"MN","countyFips":"27147","confidence":"probabilistic","sourceDate":null,"attributes":{"kind":"branch","road":"CR 9","roadName":"Northwest 46th Street","roadClass":"tertiary","readerCount":1,"siteCount":1,"operatorCount":0,"operators":null,"unattributedReaders":1,"siteLngs":"-93.251411","siteLats":"44.139030","siteReaders":"1"}}},{"type":"Feature","geometry":{"type":"MultiLineString","coordinates":[[[-92.9148634742149,45.583768946028385],[-92.91673431365162,45.58436566070162],[-92.917767,45.584695],[-92.9186052408101,45.584962321802955]]]},"properties":{"id":"alpr-branch-cr-9-130","layer":"alpr_corridor","name":"CR 9 — Sunrise Road","county":"Chisago County","state":"MN","countyFips":"27025","confidence":"probabilistic","sourceDate":null,"attributes":{"kind":"branch","road":"CR 9","roadName":"Sunrise Road","roadClass":"tertiary","readerCount":1,"siteCount":1,"operatorCount":0,"operators":null,"unattributedReaders":1,"siteLngs":"-92.916686","siteLats":"45.584440","siteReaders":"1"}}},{"type":"Feature","geometry":{"type":"MultiLineString","coordinates":[[[-93.217351,44.6914983],[-93.21657994043974,44.69150861006117],[-93.21455613377705,44.69153144546607]]]},"properties":{"id":"alpr-branch-cr-9-132","layer":"alpr_corridor","name":"CR 9 — 179th Street West","county":"Dakota County","state":"MN","countyFips":"27037","confidence":"probabilistic","sourceDate":null,"attributes":{"kind":"branch","road":"CR 9","roadName":"179th Street West","roadClass":"secondary","readerCount":1,"siteCount":1,"operatorCount":0,"operators":null,"unattributedReaders":1,"siteLngs":"-93.216578","siteLats":"44.691430","siteReaders":"1"}}},{"type":"Feature","geometry":{"type":"MultiLineString","coordinates":[[[-93.2175335,44.6916297],[-93.2177158,44.6916298],[-93.2181823,44.6916247],[-93.2186687,44.6916181],[-93.2192120964268,44.691607245844075],[-93.2192949,44.6916045],[-93.2195799,44.6915903],[-93.2198997,44.6915664],[-93.2201342,44.6915447],[-93.2203295,44.6915292],[-93.2205993,44.6914965],[-93.2209195,44.6914507],[-93.22121442138312,44.69140934065771]]]},"properties":{"id":"alpr-branch-cr-9-133","layer":"alpr_corridor","name":"CR 9 — 179th Street West","county":"Dakota County","state":"MN","countyFips":"27037","confidence":"probabilistic","sourceDate":null,"attributes":{"kind":"branch","road":"CR 9","roadName":"179th Street West","roadClass":"secondary","readerCount":1,"siteCount":1,"operatorCount":0,"operators":null,"unattributedReaders":1,"siteLngs":"-93.219217","siteLats":"44.691680","siteReaders":"1"}}},{"type":"Feature","geometry":{"type":"MultiLineString","coordinates":[[[-93.4816901,45.0187744],[-93.4816901,45.0188876],[-93.48168987128712,45.019185559410616],[-93.4816893,45.0194255],[-93.481689,45.0197361],[-93.4816851,45.0200886],[-93.48168679828687,45.020624459456165]]]},"properties":{"id":"alpr-branch-vicksburg-lane-north-134","layer":"alpr_corridor","name":"Vicksburg Lane North","county":"Hennepin County","state":"MN","countyFips":"27053","confidence":"probabilistic","sourceDate":null,"attributes":{"kind":"branch","road":"Vicksburg Lane North","roadName":null,"roadClass":"secondary","readerCount":1,"siteCount":1,"operatorCount":0,"operators":null,"unattributedReaders":1,"siteLngs":"-93.481641","siteLats":"45.019185","siteReaders":"1"}}},{"type":"Feature","geometry":{"type":"MultiLineString","coordinates":[[[-93.48177101289527,45.065462990828664],[-93.4817744,45.0651758],[-93.4817785,45.0649488],[-93.4817785,45.0648679],[-93.4817833,45.0646286],[-93.4817785,45.0644515],[-93.4817809,45.0643285],[-93.4817772,45.0641817],[-93.4817761,45.064024200000006],[-93.4817761,45.0639089],[-93.4817761,45.0636512],[-93.4817713,45.063513],[-93.4817652,45.0632665],[-93.4816938,45.0630147]]]},"properties":{"id":"alpr-branch-vicksburg-lane-north-135","layer":"alpr_corridor","name":"Vicksburg Lane North","county":"Hennepin County","state":"MN","countyFips":"27053","confidence":"probabilistic","sourceDate":null,"attributes":{"kind":"branch","road":"Vicksburg Lane North","roadName":null,"roadClass":"secondary","readerCount":1,"siteCount":1,"operatorCount":0,"operators":null,"unattributedReaders":1,"siteLngs":"-93.481922","siteLats":"45.064024","siteReaders":"1"}}},{"type":"Feature","geometry":{"type":"MultiLineString","coordinates":[[[-93.5081013,45.251503],[-93.5084284,45.2513109],[-93.5085913,45.2512016],[-93.5088407,45.2510174],[-93.5090955,45.2508198],[-93.5091893,45.2507318],[-93.5094038178281,45.2505385281177],[-93.509614,45.2503582],[-93.5097821,45.2502139]]]},"properties":{"id":"alpr-branch-alpine-drive-northwest-136","layer":"alpr_corridor","name":"Alpine Drive Northwest","county":"Anoka County","state":"MN","countyFips":"27003","confidence":"probabilistic","sourceDate":null,"attributes":{"kind":"branch","road":"Alpine Drive Northwest","roadName":null,"roadClass":"tertiary","readerCount":1,"siteCount":1,"operatorCount":1,"operators":"Flock Safety","unattributedReaders":0,"siteLngs":"-93.509346","siteLats":"45.250504","siteReaders":"1"}}},{"type":"Feature","geometry":{"type":"MultiLineString","coordinates":[[[-93.3190467,44.887185],[-93.3190463645394,44.8870410197268],[-93.3190437,44.8857058]]]},"properties":{"id":"alpr-branch-cr-31-137","layer":"alpr_corridor","name":"CR 31 — Xerxes Avenue","county":"Hennepin County","state":"MN","countyFips":"27053","confidence":"probabilistic","sourceDate":null,"attributes":{"kind":"branch","road":"CR 31","roadName":"Xerxes Avenue","roadClass":"tertiary","readerCount":1,"siteCount":1,"operatorCount":1,"operators":"Edina Police Department","unattributedReaders":0,"siteLngs":"-93.318967","siteLats":"44.887041","siteReaders":"1"}}},{"type":"Feature","geometry":{"type":"MultiLineString","coordinates":[[[-93.1674463841951,44.83786602590921],[-93.16744434896357,44.836427114051006],[-93.1674358,44.8358338],[-93.16744561599508,44.83498826109163]]]},"properties":{"id":"alpr-branch-cr-31-138","layer":"alpr_corridor","name":"CR 31 — Pilot Knob Road","county":"Dakota County","state":"MN","countyFips":"27037","confidence":"probabilistic","sourceDate":null,"attributes":{"kind":"branch","road":"CR 31","roadName":"Pilot Knob Road","roadClass":"secondary","readerCount":1,"siteCount":1,"operatorCount":0,"operators":null,"unattributedReaders":1,"siteLngs":"-93.167555","siteLats":"44.836426","siteReaders":"1"}}},{"type":"Feature","geometry":{"type":"MultiLineString","coordinates":[[[-93.16720058001162,44.833728508091795],[-93.1672003,44.8337745],[-93.1671974,44.8345043],[-93.16720377598013,44.83516740193246]]]},"properties":{"id":"alpr-branch-cr-31-139","layer":"alpr_corridor","name":"CR 31 — Pilot Knob Road","county":"Dakota County","state":"MN","countyFips":"27037","confidence":"probabilistic","sourceDate":null,"attributes":{"kind":"branch","road":"CR 31","roadName":"Pilot Knob Road","roadClass":"secondary","readerCount":1,"siteCount":1,"operatorCount":0,"operators":null,"unattributedReaders":1,"siteLngs":"-93.167101","siteLats":"44.833728","siteReaders":"1"}}},{"type":"Feature","geometry":{"type":"MultiLineString","coordinates":[[[-93.1770136,44.717216],[-93.1770136,44.7171341],[-93.17700532443622,44.71668448861774],[-93.176989,44.716182],[-93.1769804,44.7154327],[-93.1769887986465,44.715245830115244]]]},"properties":{"id":"alpr-branch-cr-31-140","layer":"alpr_corridor","name":"CR 31 — Pilot Knob Road","county":"Dakota County","state":"MN","countyFips":"27037","confidence":"probabilistic","sourceDate":null,"attributes":{"kind":"branch","road":"CR 31","roadName":"Pilot Knob Road","roadClass":"secondary","readerCount":1,"siteCount":1,"operatorCount":0,"operators":null,"unattributedReaders":1,"siteLngs":"-93.177071","siteLats":"44.716683","siteReaders":"1"}}},{"type":"Feature","geometry":{"type":"MultiLineString","coordinates":[[[-93.38393167828929,44.92038583009463],[-93.384201,44.9203895],[-93.3858313,44.9204098],[-93.38596348478906,44.92040980379065],[-93.3873292,44.92041]]]},"properties":{"id":"alpr-branch-spruce-road-142","layer":"alpr_corridor","name":"Spruce Road","county":"Hennepin County","state":"MN","countyFips":"27053","confidence":"probabilistic","sourceDate":null,"attributes":{"kind":"branch","road":"Spruce Road","roadName":null,"roadClass":"residential","readerCount":1,"siteCount":1,"operatorCount":1,"operators":"Edina Police Department","unattributedReaders":0,"siteLngs":"-93.385964","siteLats":"44.920356","siteReaders":"1"}}},{"type":"Feature","geometry":{"type":"MultiLineString","coordinates":[[[-93.70076642510203,44.89102901149225],[-93.7009472,44.8910181],[-93.7019632,44.8909678],[-93.7027929,44.8909329],[-93.703335,44.8909329],[-93.7037972,44.8909373],[-93.7039605,44.8909329],[-93.7041137,44.8909167],[-93.7042233,44.8909219],[-93.7043101,44.8909518],[-93.7044125,44.8910002]]]},"properties":{"id":"alpr-branch-mn-7-143","layer":"alpr_corridor","name":"MN 7","county":"Carver County","state":"MN","countyFips":"27019","confidence":"probabilistic","sourceDate":null,"attributes":{"kind":"branch","road":"MN 7","roadName":null,"roadClass":"primary","readerCount":1,"siteCount":1,"operatorCount":0,"operators":null,"unattributedReaders":1,"siteLngs":"-93.702793","siteLats":"44.890985","siteReaders":"1"}}},{"type":"Feature","geometry":{"type":"MultiLineString","coordinates":[[[-93.7081522,44.8916937],[-93.7075723,44.891444],[-93.7070895,44.8912965],[-93.7068199,44.8912195],[-93.70658253616199,44.89115721350927],[-93.7061962,44.8910682],[-93.7059114,44.891015],[-93.7056632,44.8909747],[-93.7053626,44.8909526],[-93.7052216,44.8909459],[-93.7051387,44.8909229],[-93.7050374,44.8908715],[-93.7049633,44.8908205]]]},"properties":{"id":"alpr-branch-mn-7-144","layer":"alpr_corridor","name":"MN 7","county":"Hennepin County","state":"MN","countyFips":"27053","confidence":"probabilistic","sourceDate":null,"attributes":{"kind":"branch","road":"MN 7","roadName":null,"roadClass":"primary","readerCount":1,"siteCount":1,"operatorCount":0,"operators":null,"unattributedReaders":1,"siteLngs":"-93.706630","siteLats":"44.891052","siteReaders":"1"}}},{"type":"Feature","geometry":{"type":"MultiLineString","coordinates":[[[-95.696767,44.949105],[-95.69721768216185,44.949107285914906],[-95.698955,44.949116],[-95.69925074388676,44.94911839854502]]]},"properties":{"id":"alpr-branch-mn-7-145","layer":"alpr_corridor","name":"MN 7","county":"Chippewa County","state":"MN","countyFips":"27023","confidence":"probabilistic","sourceDate":null,"attributes":{"kind":"branch","road":"MN 7","roadName":null,"roadClass":"primary","readerCount":1,"siteCount":1,"operatorCount":0,"operators":null,"unattributedReaders":1,"siteLngs":"-95.697216","siteLats":"44.949257","siteReaders":"1"}}},{"type":"Feature","geometry":{"type":"MultiLineString","coordinates":[[[-94.43671574579338,44.90219062613238],[-94.43547266472686,44.901052554373926],[-94.43422875622537,44.89991496312567]]]},"properties":{"id":"alpr-branch-mn-7-146","layer":"alpr_corridor","name":"MN 7 — State Highway 7","county":"McLeod County","state":"MN","countyFips":"27085","confidence":"probabilistic","sourceDate":null,"attributes":{"kind":"branch","road":"MN 7","roadName":"State Highway 7","roadClass":"primary","readerCount":1,"siteCount":1,"operatorCount":0,"operators":null,"unattributedReaders":1,"siteLngs":"-94.435498","siteLats":"44.901038","siteReaders":"1"}}},{"type":"Feature","geometry":{"type":"MultiLineString","coordinates":[[[-94.43757566305672,44.902977667149884],[-94.43633300356171,44.90183935977633],[-94.43508909186872,44.90070176560935]]]},"properties":{"id":"alpr-branch-mn-7-147","layer":"alpr_corridor","name":"MN 7 — State Highway 7","county":"McLeod County","state":"MN","countyFips":"27085","confidence":"probabilistic","sourceDate":null,"attributes":{"kind":"branch","road":"MN 7","roadName":"State Highway 7","roadClass":"primary","readerCount":1,"siteCount":1,"operatorCount":0,"operators":null,"unattributedReaders":1,"siteLngs":"-94.436416","siteLats":"44.901793","siteReaders":"1"}}},{"type":"Feature","geometry":{"type":"MultiLineString","coordinates":[[[-94.33330997915375,44.89620233476712],[-94.334599,44.896205],[-94.33534116337549,44.89621188463243]]]},"properties":{"id":"alpr-branch-mn-7-148","layer":"alpr_corridor","name":"MN 7 — State Highway 7 East","county":"McLeod County","state":"MN","countyFips":"27085","confidence":"probabilistic","sourceDate":null,"attributes":{"kind":"branch","road":"MN 7","roadName":"State Highway 7 East","roadClass":"primary","readerCount":1,"siteCount":1,"operatorCount":0,"operators":null,"unattributedReaders":1,"siteLngs":"-94.333310","siteLats":"44.896296","siteReaders":"1"}}},{"type":"Feature","geometry":{"type":"MultiLineString","coordinates":[[[-94.76511898858818,44.935764194811256],[-94.76308639755833,44.93575280837562],[-94.76105381971061,44.93574058760482]]]},"properties":{"id":"alpr-branch-mn-7-149","layer":"alpr_corridor","name":"MN 7 — 195th Avenue","county":"Kandiyohi County","state":"MN","countyFips":"27067","confidence":"probabilistic","sourceDate":null,"attributes":{"kind":"branch","road":"MN 7","roadName":"195th Avenue","roadClass":"primary","readerCount":1,"siteCount":1,"operatorCount":0,"operators":null,"unattributedReaders":1,"siteLngs":"-94.763084","siteLats":"44.935930","siteReaders":"1"}}},{"type":"Feature","geometry":{"type":"MultiLineString","coordinates":[[[-94.7755884547231,44.935826690660896],[-94.7735558576414,44.935815755471204],[-94.77152327867695,44.93580353469369]]]},"properties":{"id":"alpr-branch-mn-7-150","layer":"alpr_corridor","name":"MN 7 — 195th Avenue","county":"Kandiyohi County","state":"MN","countyFips":"27067","confidence":"probabilistic","sourceDate":null,"attributes":{"kind":"branch","road":"MN 7","roadName":"195th Avenue","roadClass":"primary","readerCount":1,"siteCount":1,"operatorCount":0,"operators":null,"unattributedReaders":1,"siteLngs":"-94.773555","siteLats":"44.935905","siteReaders":"1"}}},{"type":"Feature","geometry":{"type":"MultiLineString","coordinates":[[[-93.2902043,44.6812645],[-93.28998087524192,44.68126879154003],[-93.2891601,44.6812846]]]},"properties":{"id":"alpr-branch-cr-60-154","layer":"alpr_corridor","name":"CR 60 — 185th Street West /Richard J. Ames Memorial Highway","county":"Dakota County","state":"MN","countyFips":"27037","confidence":"probabilistic","sourceDate":null,"attributes":{"kind":"branch","road":"CR 60","roadName":"185th Street West /Richard J. Ames Memorial Highway","roadClass":"secondary","readerCount":1,"siteCount":1,"operatorCount":0,"operators":null,"unattributedReaders":1,"siteLngs":"-93.289979","siteLats":"44.681206","siteReaders":"1"}}},{"type":"Feature","geometry":{"type":"MultiLineString","coordinates":[[[-93.29566854111678,44.681396007498755],[-93.2960277,44.6813943],[-93.29769214495948,44.681407017906984]]]},"properties":{"id":"alpr-branch-cr-60-155","layer":"alpr_corridor","name":"CR 60 — 185th Street West /Richard J. Ames Memorial Highway","county":"Dakota County","state":"MN","countyFips":"27037","confidence":"probabilistic","sourceDate":null,"attributes":{"kind":"branch","road":"CR 60","roadName":"185th Street West /Richard J. Ames Memorial Highway","roadClass":"secondary","readerCount":1,"siteCount":1,"operatorCount":0,"operators":null,"unattributedReaders":1,"siteLngs":"-93.295669","siteLats":"44.681478","siteReaders":"1"}}},{"type":"Feature","geometry":{"type":"MultiLineString","coordinates":[[[-93.31344461412604,44.68129928156317],[-93.3131357,44.6812958],[-93.31142095909303,44.6812915410029],[-93.30939728886905,44.68129989457888]]]},"properties":{"id":"alpr-branch-cr-60-156","layer":"alpr_corridor","name":"CR 60 — 185th Street West /Richard J. Ames Memorial Highway","county":"Dakota County","state":"MN","countyFips":"27037","confidence":"probabilistic","sourceDate":null,"attributes":{"kind":"branch","road":"CR 60","roadName":"185th Street West /Richard J. Ames Memorial Highway","roadClass":"secondary","readerCount":1,"siteCount":1,"operatorCount":0,"operators":null,"unattributedReaders":1,"siteLngs":"-93.311420","siteLats":"44.681185","siteReaders":"1"}}},{"type":"Feature","geometry":{"type":"MultiLineString","coordinates":[[[-93.1983228,44.9500321],[-93.1983309,44.9499466],[-93.1982074,44.9495116],[-93.19805293515286,44.949075833739904],[-93.1980076,44.9489991]]]},"properties":{"id":"alpr-branch-otis-avenue-159","layer":"alpr_corridor","name":"Otis Avenue","county":"Ramsey County","state":"MN","countyFips":"27123","confidence":"probabilistic","sourceDate":null,"attributes":{"kind":"branch","road":"Otis Avenue","roadName":null,"roadClass":"residential","readerCount":1,"siteCount":1,"operatorCount":0,"operators":null,"unattributedReaders":1,"siteLngs":"-93.198144","siteLats":"44.949048","siteReaders":"1"}}},{"type":"Feature","geometry":{"type":"MultiLineString","coordinates":[[[-93.0175817074263,45.03861355761865],[-93.0175802,45.0386185],[-93.0174884,45.0388533],[-93.017434,45.0389556],[-93.0173791,45.0390587]]]},"properties":{"id":"alpr-branch-ch-65-162","layer":"alpr_corridor","name":"CH 65 — White Bear Avenue","county":"Ramsey County","state":"MN","countyFips":"27123","confidence":"probabilistic","sourceDate":null,"attributes":{"kind":"branch","road":"CH 65","roadName":"White Bear Avenue","roadClass":"secondary","readerCount":1,"siteCount":1,"operatorCount":0,"operators":null,"unattributedReaders":1,"siteLngs":"-93.017486","siteLats":"45.038599","siteReaders":"1"}}},{"type":"Feature","geometry":{"type":"MultiLineString","coordinates":[[[-93.0198794,45.0155807],[-93.01988263142782,45.01546880307932],[-93.0198841,45.0154334],[-93.0198914,45.0152913],[-93.0199015,45.0151147],[-93.0199151,45.0149581],[-93.0199379,45.0147796],[-93.0199717,45.0145849],[-93.0200131,45.0144035],[-93.0200536,45.0142641],[-93.0201096,45.014105],[-93.02013128577181,45.01404464895843]]]},"properties":{"id":"alpr-branch-ch-65-163","layer":"alpr_corridor","name":"CH 65 — White Bear Avenue","county":"Ramsey County","state":"MN","countyFips":"27123","confidence":"probabilistic","sourceDate":null,"attributes":{"kind":"branch","road":"CH 65","roadName":"White Bear Avenue","roadClass":"secondary","readerCount":1,"siteCount":1,"operatorCount":0,"operators":null,"unattributedReaders":1,"siteLngs":"-93.019940","siteLats":"45.015470","siteReaders":"1"}}},{"type":"Feature","geometry":{"type":"MultiLineString","coordinates":[[[-93.4984658450231,45.328262734950044],[-93.4985078,45.3282631],[-93.50051246860045,45.328274243219816],[-93.5006968,45.3282772]]]},"properties":{"id":"alpr-branch-cr-22-167","layer":"alpr_corridor","name":"CR 22 — Viking Boulevard Northwest","county":"Anoka County","state":"MN","countyFips":"27003","confidence":"probabilistic","sourceDate":null,"attributes":{"kind":"branch","road":"CR 22","roadName":"Viking Boulevard Northwest","roadClass":"secondary","readerCount":1,"siteCount":1,"operatorCount":1,"operators":"Anoka County Sheriff’s Office","unattributedReaders":0,"siteLngs":"-93.500516","siteLats":"45.328170","siteReaders":"1"}}},{"type":"Feature","geometry":{"type":"MultiLineString","coordinates":[[[-93.23348013631465,45.31963473496542],[-93.2330933,45.3196329],[-93.2326965,45.3196277],[-93.2317987,45.3196231],[-93.2314338659875,45.31962170076388],[-93.2307642,45.3196095],[-93.229938,45.3196036],[-93.2298771,45.3196032],[-93.22938778736687,45.31959952326137]]]},"properties":{"id":"alpr-branch-cr-22-168","layer":"alpr_corridor","name":"CR 22 — Viking Boulevard Northeast","county":"Anoka County","state":"MN","countyFips":"27003","confidence":"probabilistic","sourceDate":null,"attributes":{"kind":"branch","road":"CR 22","roadName":"Viking Boulevard Northeast","roadClass":"secondary","readerCount":1,"siteCount":1,"operatorCount":0,"operators":null,"unattributedReaders":1,"siteLngs":"-93.231437","siteLats":"45.319536","siteReaders":"1"}}},{"type":"Feature","geometry":{"type":"MultiLineString","coordinates":[[[-93.24167665094498,45.31970961203367],[-93.2396303,45.3197019],[-93.2396303,45.3197019],[-93.2377934,45.3196651]]]},"properties":{"id":"alpr-branch-cr-22-169","layer":"alpr_corridor","name":"CR 22 — Viking Boulevard Northeast","county":"Anoka County","state":"MN","countyFips":"27003","confidence":"probabilistic","sourceDate":null,"attributes":{"kind":"branch","road":"CR 22","roadName":"Viking Boulevard Northeast","roadClass":"secondary","readerCount":1,"siteCount":1,"operatorCount":0,"operators":null,"unattributedReaders":1,"siteLngs":"-93.239630","siteLats":"45.319702","siteReaders":"1"}}},{"type":"Feature","geometry":{"type":"MultiLineString","coordinates":[[[-93.00653187139298,45.33649586885152],[-93.006064,45.336461]]]},"properties":{"id":"alpr-branch-cr-22-170","layer":"alpr_corridor","name":"CR 22 — East Viking Boulevard","county":"Chisago County","state":"MN","countyFips":"27025","confidence":"probabilistic","sourceDate":null,"attributes":{"kind":"branch","road":"CR 22","roadName":"East Viking Boulevard","roadClass":"secondary","readerCount":1,"siteCount":1,"operatorCount":0,"operators":null,"unattributedReaders":1,"siteLngs":"-93.006518","siteLats":"45.336591","siteReaders":"1"}}},{"type":"Feature","geometry":{"type":"MultiLineString","coordinates":[[[-93.02219258208588,45.34314914090497],[-93.0220571,45.3430809],[-93.021261,45.3426914],[-93.02044705291559,45.34240452191264],[-93.0201742,45.3423293],[-93.0195028,45.3421633]]]},"properties":{"id":"alpr-branch-cr-22-171","layer":"alpr_corridor","name":"CR 22 — Viking Boulevard Northeast","county":"Anoka County","state":"MN","countyFips":"27003","confidence":"probabilistic","sourceDate":null,"attributes":{"kind":"branch","road":"CR 22","roadName":"Viking Boulevard Northeast","roadClass":"secondary","readerCount":1,"siteCount":1,"operatorCount":0,"operators":null,"unattributedReaders":1,"siteLngs":"-93.020428","siteLats":"45.342438","siteReaders":"1"}}},{"type":"Feature","geometry":{"type":"MultiLineString","coordinates":[[[-93.2880852,44.9524559],[-93.28808329969917,44.952082623064236],[-93.2880839,44.9520366]]]},"properties":{"id":"alpr-branch-cr-22-172","layer":"alpr_corridor","name":"CR 22 — Lyndale Avenue South","county":"Hennepin County","state":"MN","countyFips":"27053","confidence":"probabilistic","sourceDate":null,"attributes":{"kind":"branch","road":"CR 22","roadName":"Lyndale Avenue South","roadClass":"primary","readerCount":1,"siteCount":1,"operatorCount":1,"operators":"Minneapolis Police Department","unattributedReaders":0,"siteLngs":"-93.288004","siteLats":"44.952082","siteReaders":"1"}}},{"type":"Feature","geometry":{"type":"MultiLineString","coordinates":[[[-92.9508221922684,45.333470518071124],[-92.9514129,45.3332357],[-92.9520179,45.3330196],[-92.95261650963303,45.332778868402634],[-92.9527902,45.3327069],[-92.9533609,45.3324777],[-92.9536657,45.3323609],[-92.954084,45.3322236],[-92.95444155338456,45.332134890789845]]]},"properties":{"id":"alpr-branch-cr-22-173","layer":"alpr_corridor","name":"CR 22 — Wyoming Trail","county":"Chisago County","state":"MN","countyFips":"27025","confidence":"probabilistic","sourceDate":null,"attributes":{"kind":"branch","road":"CR 22","roadName":"Wyoming Trail","roadClass":"tertiary","readerCount":1,"siteCount":1,"operatorCount":0,"operators":null,"unattributedReaders":1,"siteLngs":"-92.952669","siteLats":"45.332842","siteReaders":"1"}}},{"type":"Feature","geometry":{"type":"MultiLineString","coordinates":[[[-93.5842139091723,44.538870619978226],[-93.5841343,44.539262],[-93.584109,44.5394545],[-93.5841,44.5395232],[-93.5840877,44.5397331],[-93.5840869,44.5397921],[-93.5840859,44.539903],[-93.5840849,44.5400138],[-93.5840843,44.540074],[-93.58408939971771,44.54030407833452],[-93.5840907,44.540362],[-93.5840923,44.5404353],[-93.5840994,44.5414213],[-93.58410750376991,44.54174290978417]]]},"properties":{"id":"alpr-branch-mn-13-174","layer":"alpr_corridor","name":"MN 13 — 4th Avenue Southwest","county":"Le Sueur County","state":"MN","countyFips":"27079","confidence":"probabilistic","sourceDate":null,"attributes":{"kind":"branch","road":"MN 13","roadName":"4th Avenue Southwest","roadClass":"primary","readerCount":1,"siteCount":1,"operatorCount":0,"operators":null,"unattributedReaders":1,"siteLngs":"-93.583915","siteLats":"44.540306","siteReaders":"1"}}},{"type":"Feature","geometry":{"type":"MultiLineString","coordinates":[[[-93.46118919418232,44.69433680440328],[-93.4606262,44.6945913],[-93.45947790093652,44.6951053011321],[-93.4587523,44.6954133]]]},"properties":{"id":"alpr-branch-mn-13-175","layer":"alpr_corridor","name":"MN 13 — Langford Boulevard /Richard J. Ames Memorial Highway","county":"Scott County","state":"MN","countyFips":"27139","confidence":"probabilistic","sourceDate":null,"attributes":{"kind":"branch","road":"MN 13","roadName":"Langford Boulevard /Richard J. Ames Memorial Highway","roadClass":"primary","readerCount":1,"siteCount":1,"operatorCount":0,"operators":null,"unattributedReaders":1,"siteLngs":"-93.459332","siteLats":"44.694930","siteReaders":"1"}}},{"type":"Feature","geometry":{"type":"MultiLineString","coordinates":[[[-93.3798349,44.7462127],[-93.37984027881409,44.74582416822483],[-93.3798393,44.7446438],[-93.37984839664648,44.744385336588316]]]},"properties":{"id":"alpr-branch-mn-13-176","layer":"alpr_corridor","name":"MN 13 — Highway 13 South","county":"Scott County","state":"MN","countyFips":"27139","confidence":"probabilistic","sourceDate":null,"attributes":{"kind":"branch","road":"MN 13","roadName":"Highway 13 South","roadClass":"primary","readerCount":1,"siteCount":1,"operatorCount":0,"operators":null,"unattributedReaders":1,"siteLngs":"-93.380001","siteLats":"44.745824","siteReaders":"1"}}},{"type":"Feature","geometry":{"type":"MultiLineString","coordinates":[[[-92.98123841887991,45.688463367064564],[-92.98126619190973,45.68990214884847],[-92.981269,45.6900763],[-92.98127,45.690187]]]},"properties":{"id":"alpr-branch-cr-39-177","layer":"alpr_corridor","name":"CR 39 — County Road 39","county":"Chisago County","state":"MN","countyFips":"27025","confidence":"probabilistic","sourceDate":null,"attributes":{"kind":"branch","road":"CR 39","roadName":"County Road 39","roadClass":"tertiary","readerCount":1,"siteCount":1,"operatorCount":1,"operators":"Chisago County Sheriff's Office","unattributedReaders":0,"siteLngs":"-92.981109","siteLats":"45.689903","siteReaders":"1"}}},{"type":"Feature","geometry":{"type":"MultiLineString","coordinates":[[[-93.23719912779889,45.18138572611645],[-93.2372178,45.1812401],[-93.2372407,45.1810623],[-93.2372632,45.1808878],[-93.2372699,45.180836],[-93.2372736,45.1807538],[-93.2374189,45.1807593],[-93.2382901,45.18081],[-93.23841184754832,45.180814731780565],[-93.2399737,45.1809222],[-93.2401808,45.1809421],[-93.2403004,45.1809536]]]},"properties":{"id":"alpr-branch-ulysses-lane-northeast-178","layer":"alpr_corridor","name":"Ulysses Lane Northeast","county":"Anoka County","state":"MN","countyFips":"27003","confidence":"probabilistic","sourceDate":null,"attributes":{"kind":"branch","road":"Ulysses Lane Northeast","roadName":null,"roadClass":"residential","readerCount":1,"siteCount":1,"operatorCount":1,"operators":"Lowes","unattributedReaders":0,"siteLngs":"-93.238420","siteLats":"45.180756","siteReaders":"1"}}},{"type":"Feature","geometry":{"type":"MultiLineString","coordinates":[[[-93.237160877304,45.18218144138442],[-93.2371187,45.1821151],[-93.2371161,45.1820305],[-93.2371275,45.1819417],[-93.2371493,45.1817728],[-93.2371731,45.181588],[-93.2371796,45.1815372],[-93.2371959,45.1814109],[-93.2372178,45.1812401],[-93.2372407,45.1810623],[-93.2372632,45.1808878],[-93.2372736,45.1807538],[-93.2372736,45.1807538],[-93.2374189,45.1807593],[-93.2382901,45.18081],[-93.23833,45.1808091],[-93.23930714362425,45.18087633547113]]]},"properties":{"id":"alpr-branch-ulysses-lane-northeast-179","layer":"alpr_corridor","name":"Ulysses Lane Northeast","county":"Anoka County","state":"MN","countyFips":"27003","confidence":"probabilistic","sourceDate":null,"attributes":{"kind":"branch","road":"Ulysses Lane Northeast","roadName":null,"roadClass":"residential","readerCount":1,"siteCount":1,"operatorCount":1,"operators":"Lowes","unattributedReaders":0,"siteLngs":"-93.237168","siteLats":"45.180730","siteReaders":"1"}}},{"type":"Feature","geometry":{"type":"MultiLineString","coordinates":[[[-93.2375076,45.1829839],[-93.2374979,45.1829133],[-93.23749112542612,45.18283487188015],[-93.2374893,45.1827535],[-93.2374919,45.1826155],[-93.2374658,45.182518],[-93.2374136,45.1824224],[-93.2373327,45.1823212],[-93.2372504,45.1822652],[-93.2371866,45.1822218]]]},"properties":{"id":"alpr-branch-ulysses-lane-northeast-180","layer":"alpr_corridor","name":"Ulysses Lane Northeast","county":"Anoka County","state":"MN","countyFips":"27003","confidence":"probabilistic","sourceDate":null,"attributes":{"kind":"branch","road":"Ulysses Lane Northeast","roadName":null,"roadClass":"tertiary_link","readerCount":1,"siteCount":1,"operatorCount":0,"operators":null,"unattributedReaders":1,"siteLngs":"-93.237533","siteLats":"45.182834","siteReaders":"1"}}},{"type":"Feature","geometry":{"type":"MultiLineString","coordinates":[[[-93.5526832,45.1937268],[-93.552696,45.1935622],[-93.55270989549346,45.19332584796314],[-93.5527288,45.1929988],[-93.5527303,45.192825],[-93.5527317,45.1926516],[-93.5527291,45.1925799],[-93.5527282,45.1923517]]]},"properties":{"id":"alpr-branch-cr-81-181","layer":"alpr_corridor","name":"CR 81","county":"Hennepin County","state":"MN","countyFips":"27053","confidence":"probabilistic","sourceDate":null,"attributes":{"kind":"branch","road":"CR 81","roadName":null,"roadClass":"primary","readerCount":1,"siteCount":1,"operatorCount":0,"operators":null,"unattributedReaders":1,"siteLngs":"-93.552853","siteLats":"45.193330","siteReaders":"1"}}},{"type":"Feature","geometry":{"type":"MultiLineString","coordinates":[[[-93.48818115137017,45.15066322771119],[-93.488148,45.1506504],[-93.48639231273134,45.149971206936925],[-93.48460379525066,45.149278802087345]]]},"properties":{"id":"alpr-branch-cr-81-182","layer":"alpr_corridor","name":"CR 81 — County Road 81","county":"Hennepin County","state":"MN","countyFips":"27053","confidence":"probabilistic","sourceDate":null,"attributes":{"kind":"branch","road":"CR 81","roadName":"County Road 81","roadClass":"primary","readerCount":1,"siteCount":1,"operatorCount":0,"operators":null,"unattributedReaders":1,"siteLngs":"-93.486296","siteLats":"45.150096","siteReaders":"1"}}},{"type":"Feature","geometry":{"type":"MultiLineString","coordinates":[[[-93.50793695416375,45.16344947795984],[-93.50622728623294,45.162663787671],[-93.5061457,45.1626248],[-93.5057313,45.162421],[-93.5057081,45.1624097],[-93.5055208,45.1623011]]]},"properties":{"id":"alpr-branch-cr-81-183","layer":"alpr_corridor","name":"CR 81 — County Road 81","county":"Hennepin County","state":"MN","countyFips":"27053","confidence":"probabilistic","sourceDate":null,"attributes":{"kind":"branch","road":"CR 81","roadName":"County Road 81","roadClass":"primary","readerCount":1,"siteCount":1,"operatorCount":0,"operators":null,"unattributedReaders":1,"siteLngs":"-93.506111","siteLats":"45.162786","siteReaders":"1"}}},{"type":"Feature","geometry":{"type":"MultiLineString","coordinates":[[[-93.4081179,45.032537],[-93.40612649399927,45.03246309256214],[-93.4059437,45.0324217],[-93.4057984,45.0323463],[-93.4056697,45.0322385],[-93.4056091,45.0321538]]]},"properties":{"id":"alpr-branch-lancaster-lane-north-184","layer":"alpr_corridor","name":"Lancaster Lane North","county":"Hennepin County","state":"MN","countyFips":"27053","confidence":"probabilistic","sourceDate":null,"attributes":{"kind":"branch","road":"Lancaster Lane North","roadName":null,"roadClass":"tertiary","readerCount":1,"siteCount":1,"operatorCount":0,"operators":null,"unattributedReaders":1,"siteLngs":"-93.406149","siteLats":"45.032414","siteReaders":"1"}}},{"type":"Feature","geometry":{"type":"MultiLineString","coordinates":[[[-92.8342738833236,45.03934274027738],[-92.8342648,45.0391216],[-92.8342527,45.0388155],[-92.8342464,45.0385966],[-92.8342285,45.0384547],[-92.8341947,45.0383241],[-92.8341326,45.0381569],[-92.8340596,45.0380515],[-92.83398601373561,45.03793554859512],[-92.8338048,45.0377342],[-92.8336814,45.0376309],[-92.833546,45.0375361],[-92.8334255,45.0374764],[-92.8332138,45.0373307],[-92.8331035,45.0372304],[-92.8330377,45.0371352],[-92.8329894,45.0370329],[-92.8329612,45.0369277],[-92.83296476430056,45.036758004519946]]]},"properties":{"id":"alpr-branch-washington-avenue-185","layer":"alpr_corridor","name":"Washington Avenue","county":"Washington County","state":"MN","countyFips":"27163","confidence":"probabilistic","sourceDate":null,"attributes":{"kind":"branch","road":"Washington Avenue","roadName":null,"roadClass":"tertiary","readerCount":1,"siteCount":1,"operatorCount":0,"operators":null,"unattributedReaders":1,"siteLngs":"-92.834063","siteLats":"45.037900","siteReaders":"1"}}},{"type":"Feature","geometry":{"type":"MultiLineString","coordinates":[[[-93.2883672,44.8887984],[-93.2883676,44.8889934],[-93.2883677,44.889038],[-93.288368,44.8891369],[-93.2883681,44.8891797],[-93.28836688303036,44.88943792585996],[-93.2883647,44.8895918],[-93.2883634,44.8896787]]]},"properties":{"id":"alpr-branch-lyndale-avenue-south-186","layer":"alpr_corridor","name":"Lyndale Avenue South","county":"Hennepin County","state":"MN","countyFips":"27053","confidence":"probabilistic","sourceDate":null,"attributes":{"kind":"branch","road":"Lyndale Avenue South","roadName":null,"roadClass":"secondary","readerCount":1,"siteCount":1,"operatorCount":0,"operators":null,"unattributedReaders":1,"siteLngs":"-93.288363","siteLats":"44.889438","siteReaders":"1"}}},{"type":"Feature","geometry":{"type":"MultiLineString","coordinates":[[[-93.3288422,44.8780589],[-93.3285548,44.8780527],[-93.3284455,44.87805],[-93.32763169999998,44.8780454],[-93.3275524,44.8780454],[-93.3274164,44.8780454],[-93.3265206,44.8780466]]]},"properties":{"id":"alpr-branch-west-69th-street-187","layer":"alpr_corridor","name":"West 69th Street","county":"Hennepin County","state":"MN","countyFips":"27053","confidence":"probabilistic","sourceDate":null,"attributes":{"kind":"branch","road":"West 69th Street","roadName":null,"roadClass":"tertiary","readerCount":1,"siteCount":1,"operatorCount":0,"operators":null,"unattributedReaders":1,"siteLngs":"-93.327632","siteLats":"44.877969","siteReaders":"1"}}},{"type":"Feature","geometry":{"type":"MultiLineString","coordinates":[[[-93.32641322125068,44.87804601429773],[-93.3263006,44.8780454],[-93.3260173,44.8780576],[-93.3257598,44.8780697],[-93.3252654,44.8780697],[-93.3243837,44.8780697],[-93.3243767,44.8780697],[-93.3241433,44.8780697],[-93.3240168,44.8780697]]]},"properties":{"id":"alpr-branch-west-69th-street-189","layer":"alpr_corridor","name":"West 69th Street","county":"Hennepin County","state":"MN","countyFips":"27053","confidence":"probabilistic","sourceDate":null,"attributes":{"kind":"branch","road":"West 69th Street","roadName":null,"roadClass":"tertiary","readerCount":1,"siteCount":1,"operatorCount":0,"operators":null,"unattributedReaders":1,"siteLngs":"-93.324384","siteLats":"44.878011","siteReaders":"1"}}},{"type":"Feature","geometry":{"type":"MultiLineString","coordinates":[[[-93.465817871479,44.996730107562065],[-93.4661018,44.9967447],[-93.4664049,44.9967769],[-93.4665247,44.9967996],[-93.4668031,44.9968623],[-93.46772748486929,44.99717944233741],[-93.4683232,44.9973918],[-93.4684232,44.9974275],[-93.4684633,44.9974391],[-93.4688952,44.997564],[-93.469201,44.9976134],[-93.4695068,44.9976399],[-93.46963063466497,44.997644122586486]]]},"properties":{"id":"alpr-branch-cr-6-191","layer":"alpr_corridor","name":"CR 6 — County Road 6","county":"Hennepin County","state":"MN","countyFips":"27053","confidence":"probabilistic","sourceDate":null,"attributes":{"kind":"branch","road":"CR 6","roadName":"County Road 6","roadClass":"secondary","readerCount":1,"siteCount":1,"operatorCount":0,"operators":null,"unattributedReaders":1,"siteLngs":"-93.467674","siteLats":"44.997255","siteReaders":"1"}}},{"type":"Feature","geometry":{"type":"MultiLineString","coordinates":[[[-93.0666067,44.9015389],[-93.066686,44.9015777],[-93.0667262,44.9015769],[-93.0669375,44.9015724],[-93.06750430768007,44.90156850378425],[-93.0676616,44.9015681],[-93.0678805,44.9015417]]]},"properties":{"id":"alpr-branch-cr-6-192","layer":"alpr_corridor","name":"CR 6 — Thompson Avenue East","county":"Dakota County","state":"MN","countyFips":"27037","confidence":"probabilistic","sourceDate":null,"attributes":{"kind":"branch","road":"CR 6","roadName":"Thompson Avenue East","roadClass":"tertiary","readerCount":1,"siteCount":1,"operatorCount":0,"operators":null,"unattributedReaders":1,"siteLngs":"-93.067504","siteLats":"44.901607","siteReaders":"1"}}},{"type":"Feature","geometry":{"type":"MultiLineString","coordinates":[[[-93.45506348911958,44.996647755149716],[-93.4538773,44.9966574],[-93.453406,44.9966554],[-93.45302877219312,44.996653773688195]]]},"properties":{"id":"alpr-branch-cr-6-193","layer":"alpr_corridor","name":"CR 6 — County Road 6","county":"Hennepin County","state":"MN","countyFips":"27053","confidence":"probabilistic","sourceDate":null,"attributes":{"kind":"branch","road":"CR 6","roadName":"County Road 6","roadClass":"secondary","readerCount":1,"siteCount":1,"operatorCount":0,"operators":null,"unattributedReaders":1,"siteLngs":"-93.455062","siteLats":"44.996586","siteReaders":"1"}}},{"type":"Feature","geometry":{"type":"MultiLineString","coordinates":[[[-93.26412256941747,45.0862103312791],[-93.2648557,45.0862152],[-93.26616052502828,45.08621149999992],[-93.2661946,45.0862114],[-93.2669446,45.0862143],[-93.2671137,45.0861621]]]},"properties":{"id":"alpr-branch-cr-6-194","layer":"alpr_corridor","name":"CR 6 — Mississippi Street Northeast","county":"Anoka County","state":"MN","countyFips":"27003","confidence":"probabilistic","sourceDate":null,"attributes":{"kind":"branch","road":"CR 6","roadName":"Mississippi Street Northeast","roadClass":"tertiary","readerCount":1,"siteCount":1,"operatorCount":0,"operators":null,"unattributedReaders":1,"siteLngs":"-93.266162","siteLats":"45.086431","siteReaders":"1"}}},{"type":"Feature","geometry":{"type":"MultiLineString","coordinates":[[[-93.6475783,44.9931337],[-93.6473208,44.9931226],[-93.6469086973861,44.99308010839221],[-93.6467474,44.9930581],[-93.6464424,44.9930027],[-93.6460771,44.9929268],[-93.6458207,44.9928622],[-93.6456412,44.9928021],[-93.6455157,44.99276],[-93.645344,44.9926955],[-93.6450834,44.9925928],[-93.64502333697007,44.99256431014391]]]},"properties":{"id":"alpr-branch-cr-6-195","layer":"alpr_corridor","name":"CR 6 — Watertown Road","county":"Hennepin County","state":"MN","countyFips":"27053","confidence":"probabilistic","sourceDate":null,"attributes":{"kind":"branch","road":"CR 6","roadName":"Watertown Road","roadClass":"secondary","readerCount":1,"siteCount":1,"operatorCount":0,"operators":null,"unattributedReaders":1,"siteLngs":"-93.646885","siteLats":"44.993167","siteReaders":"1"}}},{"type":"Feature","geometry":{"type":"MultiLineString","coordinates":[[[-93.76554767746434,44.97878690389636],[-93.7658375,44.9786045],[-93.766139,44.9783975],[-93.7662535,44.97831],[-93.7664668,44.9781376],[-93.7665803,44.9780493],[-93.7668798267738,44.97771048063698]]]},"properties":{"id":"alpr-branch-cr-6-196","layer":"alpr_corridor","name":"CR 6 — Watertown Road","county":"Hennepin County","state":"MN","countyFips":"27053","confidence":"probabilistic","sourceDate":null,"attributes":{"kind":"branch","road":"CR 6","roadName":"Watertown Road","roadClass":"secondary","readerCount":1,"siteCount":1,"operatorCount":0,"operators":null,"unattributedReaders":1,"siteLngs":"-93.765482","siteLats":"44.978734","siteReaders":"1"}}},{"type":"Feature","geometry":{"type":"MultiLineString","coordinates":[[[-95.88123262465011,46.79675250366228],[-95.880411,46.796748],[-95.87913081261017,46.796753665676796],[-95.8787775,46.796755],[-95.8781594,46.7967622],[-95.87702908023142,46.79676857439683]]]},"properties":{"id":"alpr-branch-cr-6-197","layer":"alpr_corridor","name":"CR 6 — County Highway 6","county":"Becker County","state":"MN","countyFips":"27005","confidence":"probabilistic","sourceDate":null,"attributes":{"kind":"branch","road":"CR 6","roadName":"County Highway 6","roadClass":"tertiary","readerCount":1,"siteCount":1,"operatorCount":0,"operators":null,"unattributedReaders":1,"siteLngs":"-95.879132","siteLats":"46.796853","siteReaders":"1"}}},{"type":"Feature","geometry":{"type":"MultiLineString","coordinates":[[[-93.473874788434,44.99688149321053],[-93.4756643,44.9964609],[-93.47580585973326,44.996427916146885]]]},"properties":{"id":"alpr-branch-cr-6-198","layer":"alpr_corridor","name":"CR 6 — County Road 6","county":"Hennepin County","state":"MN","countyFips":"27053","confidence":"probabilistic","sourceDate":null,"attributes":{"kind":"branch","road":"CR 6","roadName":"County Road 6","roadClass":"secondary","readerCount":1,"siteCount":1,"operatorCount":0,"operators":null,"unattributedReaders":1,"siteLngs":"-93.474026","siteLats":"44.997207","siteReaders":"1"}}},{"type":"Feature","geometry":{"type":"MultiLineString","coordinates":[[[-93.2349684,45.1830181],[-93.2351487,45.1830647],[-93.23535261708062,45.183088061134285],[-93.2366876,45.1830911],[-93.23739406802696,45.1830931105567]]]},"properties":{"id":"alpr-branch-117th-avenue-northeast-199","layer":"alpr_corridor","name":"117th Avenue Northeast","county":"Anoka County","state":"MN","countyFips":"27003","confidence":"probabilistic","sourceDate":null,"attributes":{"kind":"branch","road":"117th Avenue Northeast","roadName":null,"roadClass":"tertiary","readerCount":1,"siteCount":1,"operatorCount":0,"operators":null,"unattributedReaders":1,"siteLngs":"-93.235352","siteLats":"45.183158","siteReaders":"1"}}},{"type":"Feature","geometry":{"type":"MultiLineString","coordinates":[[[-93.26386703333168,45.18251081754003],[-93.2652113,45.182501],[-93.26590837825319,45.1824967922708],[-93.2659196,45.1824964],[-93.2660272,45.1824968]]]},"properties":{"id":"alpr-branch-117th-avenue-northeast-200","layer":"alpr_corridor","name":"117th Avenue Northeast","county":"Anoka County","state":"MN","countyFips":"27003","confidence":"probabilistic","sourceDate":null,"attributes":{"kind":"branch","road":"117th Avenue Northeast","roadName":null,"roadClass":"tertiary","readerCount":1,"siteCount":1,"operatorCount":0,"operators":null,"unattributedReaders":1,"siteLngs":"-93.265903","siteLats":"45.182422","siteReaders":"1"}}},{"type":"Feature","geometry":{"type":"MultiLineString","coordinates":[[[-93.29918421047557,45.05160228759358],[-93.29914375411118,45.05304091629789],[-93.29909663319563,45.0544794437803]]]},"properties":{"id":"alpr-branch-cr-57-201","layer":"alpr_corridor","name":"CR 57 — Humboldt Avenue North","county":"Hennepin County","state":"MN","countyFips":"27053","confidence":"probabilistic","sourceDate":null,"attributes":{"kind":"branch","road":"CR 57","roadName":"Humboldt Avenue North","roadClass":"tertiary","readerCount":1,"siteCount":1,"operatorCount":0,"operators":null,"unattributedReaders":1,"siteLngs":"-93.299233","siteLats":"45.053042","siteReaders":"1"}}},{"type":"Feature","geometry":{"type":"MultiLineString","coordinates":[[[-93.4284737,45.2207179],[-93.42857636305419,45.22083682857382],[-93.4285833,45.2208439],[-93.4286667,45.2209054],[-93.4288092,45.2210141],[-93.4290381,45.2212238],[-93.429159,45.2213814],[-93.4292238,45.2215455]]]},"properties":{"id":"alpr-branch-cr-57-202","layer":"alpr_corridor","name":"CR 57 — Sunfish Lake Boulevard Northwest","county":"Anoka County","state":"MN","countyFips":"27003","confidence":"probabilistic","sourceDate":null,"attributes":{"kind":"branch","road":"CR 57","roadName":"Sunfish Lake Boulevard Northwest","roadClass":"tertiary","readerCount":1,"siteCount":1,"operatorCount":0,"operators":null,"unattributedReaders":1,"siteLngs":"-93.428508","siteLats":"45.220871","siteReaders":"1"}}},{"type":"Feature","geometry":{"type":"MultiLineString","coordinates":[[[-93.4515775797776,44.91539785206222],[-93.4514859,44.9153529],[-93.4513803,44.9152929],[-93.451304,44.915245],[-93.4512176,44.9151766],[-93.451134,44.915085],[-93.45032614221581,44.91427577666567],[-93.450225,44.914178],[-93.4500858,44.914046]]]},"properties":{"id":"alpr-branch-caribou-drive-203","layer":"alpr_corridor","name":"Caribou Drive","county":"Hennepin County","state":"MN","countyFips":"27053","confidence":"probabilistic","sourceDate":null,"attributes":{"kind":"branch","road":"Caribou Drive","roadName":null,"roadClass":"residential","readerCount":1,"siteCount":1,"operatorCount":0,"operators":null,"unattributedReaders":1,"siteLngs":"-93.450152","siteLats":"44.914368","siteReaders":"1"}}},{"type":"Feature","geometry":{"type":"MultiLineString","coordinates":[[[-93.46782360309876,44.90492668078205],[-93.467829,44.9046733],[-93.4678299,44.9045535],[-93.4678421,44.9039371],[-93.4678374,44.9037265],[-93.46776212326948,44.90349391882085],[-93.4677541,44.9034821],[-93.4676825,44.9033767]]]},"properties":{"id":"alpr-branch-williston-road-204","layer":"alpr_corridor","name":"Williston Road","county":"Hennepin County","state":"MN","countyFips":"27053","confidence":"probabilistic","sourceDate":null,"attributes":{"kind":"branch","road":"Williston Road","roadName":null,"roadClass":"secondary","readerCount":1,"siteCount":1,"operatorCount":0,"operators":null,"unattributedReaders":1,"siteLngs":"-93.467750","siteLats":"44.903498","siteReaders":"1"}}},{"type":"Feature","geometry":{"type":"MultiLineString","coordinates":[[[-93.46747627397613,44.94004661585057],[-93.4675041,44.9400396],[-93.4677027,44.9399581],[-93.4677975,44.9398832],[-93.4678649,44.9397862],[-93.4679025,44.9396865],[-93.4679083,44.9395014],[-93.4679105,44.9394312],[-93.4679319,44.9390562],[-93.4678998,44.9389309],[-93.46775654934062,44.93877539567679],[-93.4677012,44.9387362],[-93.4675578,44.9386784],[-93.4672587,44.9385882],[-93.4671555,44.938549],[-93.467079,44.9385017],[-93.467012,44.9384451],[-93.4669758,44.938385],[-93.4669315,44.9382901],[-93.4669426,44.9380602],[-93.4668982,44.9380041]]]},"properties":{"id":"alpr-branch-williston-road-205","layer":"alpr_corridor","name":"Williston Road","county":"Hennepin County","state":"MN","countyFips":"27053","confidence":"probabilistic","sourceDate":null,"attributes":{"kind":"branch","road":"Williston Road","roadName":null,"roadClass":"residential","readerCount":1,"siteCount":1,"operatorCount":0,"operators":null,"unattributedReaders":1,"siteLngs":"-93.467718","siteLats":"44.938803","siteReaders":"1"}}},{"type":"Feature","geometry":{"type":"MultiLineString","coordinates":[[[-93.30428036645327,45.051841358696606],[-93.30423280706339,45.05327987895547],[-93.30418555709223,45.05471840432711]]]},"properties":{"id":"alpr-branch-logan-avenue-north-207","layer":"alpr_corridor","name":"Logan Avenue North","county":"Hennepin County","state":"MN","countyFips":"27053","confidence":"probabilistic","sourceDate":null,"attributes":{"kind":"branch","road":"Logan Avenue North","roadName":null,"roadClass":"residential","readerCount":1,"siteCount":1,"operatorCount":0,"operators":null,"unattributedReaders":1,"siteLngs":"-93.304306","siteLats":"45.053281","siteReaders":"1"}}},{"type":"Feature","geometry":{"type":"MultiLineString","coordinates":[[[-93.41223450809377,44.9223730497395],[-93.412301,44.9223762],[-93.412746,44.9223938],[-93.4128468,44.9223978],[-93.412944,44.9224019],[-93.4130505,44.9224064],[-93.4139964,44.9224451],[-93.4141208,44.9224502],[-93.41426334533789,44.92245546856972],[-93.4147706,44.9224742],[-93.4152905,44.9224939],[-93.4153886,44.9224976],[-93.4154986,44.9225014],[-93.4160379,44.9225202],[-93.41629278125994,44.922530190049386]]]},"properties":{"id":"alpr-branch-1st-street-south-208","layer":"alpr_corridor","name":"1st Street South","county":"Hennepin County","state":"MN","countyFips":"27053","confidence":"probabilistic","sourceDate":null,"attributes":{"kind":"branch","road":"1st Street South","roadName":null,"roadClass":"residential","readerCount":1,"siteCount":1,"operatorCount":0,"operators":null,"unattributedReaders":1,"siteLngs":"-93.414270","siteLats":"44.922369","siteReaders":"1"}}},{"type":"Feature","geometry":{"type":"MultiLineString","coordinates":[[[-93.4061887,44.9244292],[-93.4068317459541,44.92442291934066],[-93.4072435,44.9244189],[-93.4073438,44.9244177],[-93.4074946,44.924416],[-93.4076431,44.9244157],[-93.4086753,44.9244135],[-93.4087965,44.9244134],[-93.40886391801249,44.92441320571178]]]},"properties":{"id":"alpr-branch-mainstreet-211","layer":"alpr_corridor","name":"Mainstreet","county":"Hennepin County","state":"MN","countyFips":"27053","confidence":"probabilistic","sourceDate":null,"attributes":{"kind":"branch","road":"Mainstreet","roadName":null,"roadClass":"tertiary","readerCount":1,"siteCount":1,"operatorCount":0,"operators":null,"unattributedReaders":1,"siteLngs":"-93.406833","siteLats":"44.924493","siteReaders":"1"}}},{"type":"Feature","geometry":{"type":"MultiLineString","coordinates":[[[-93.41425892858231,44.908079375100414],[-93.4142589,44.908051],[-93.41423659573535,44.90664055098572],[-93.414233,44.9064587]]]},"properties":{"id":"alpr-branch-11th-avenue-south-212","layer":"alpr_corridor","name":"11th Avenue South","county":"Hennepin County","state":"MN","countyFips":"27053","confidence":"probabilistic","sourceDate":null,"attributes":{"kind":"branch","road":"11th Avenue South","roadName":null,"roadClass":"tertiary","readerCount":1,"siteCount":1,"operatorCount":0,"operators":null,"unattributedReaders":1,"siteLngs":"-93.414122","siteLats":"44.906642","siteReaders":"1"}}},{"type":"Feature","geometry":{"type":"MultiLineString","coordinates":[[[-93.4140788,44.9209332],[-93.41407064450625,44.92138233164094],[-93.4140696,44.9214402],[-93.4140538,44.9215807],[-93.4140562,44.9216444],[-93.4140603,44.9217098],[-93.4140669,44.9218153],[-93.4140818,44.9219177],[-93.4141287,44.9222225]]]},"properties":{"id":"alpr-branch-11th-avenue-south-213","layer":"alpr_corridor","name":"11th Avenue South","county":"Hennepin County","state":"MN","countyFips":"27053","confidence":"probabilistic","sourceDate":null,"attributes":{"kind":"branch","road":"11th Avenue South","roadName":null,"roadClass":"tertiary","readerCount":1,"siteCount":1,"operatorCount":0,"operators":null,"unattributedReaders":1,"siteLngs":"-93.414089","siteLats":"44.921382","siteReaders":"1"}}},{"type":"Feature","geometry":{"type":"MultiLineString","coordinates":[[[-93.414263,44.9207742],[-93.41427353546622,44.92043470832415],[-93.4142745,44.9204033]]]},"properties":{"id":"alpr-branch-11th-avenue-south-214","layer":"alpr_corridor","name":"11th Avenue South","county":"Hennepin County","state":"MN","countyFips":"27053","confidence":"probabilistic","sourceDate":null,"attributes":{"kind":"branch","road":"11th Avenue South","roadName":null,"roadClass":"tertiary","readerCount":1,"siteCount":1,"operatorCount":0,"operators":null,"unattributedReaders":1,"siteLngs":"-93.414190","siteLats":"44.920433","siteReaders":"1"}}},{"type":"Feature","geometry":{"type":"MultiLineString","coordinates":[[[-93.421958,44.9208026],[-93.4219463,44.9209266],[-93.4219304,44.9209944],[-93.4218998,44.9213716],[-93.42181672174752,44.92217661103107],[-93.4218065,44.9222765],[-93.421776,44.922575]]]},"properties":{"id":"alpr-branch-17th-avenue-south-215","layer":"alpr_corridor","name":"17th Avenue South","county":"Hennepin County","state":"MN","countyFips":"27053","confidence":"probabilistic","sourceDate":null,"attributes":{"kind":"branch","road":"17th Avenue South","roadName":null,"roadClass":"tertiary","readerCount":1,"siteCount":1,"operatorCount":0,"operators":null,"unattributedReaders":1,"siteLngs":"-93.421699","siteLats":"44.922171","siteReaders":"1"}}},{"type":"Feature","geometry":{"type":"MultiLineString","coordinates":[[[-96.7680781,46.856293],[-96.76788165884489,46.85629322489964],[-96.7665759,46.8562947],[-96.7664522,46.8562948]]]},"properties":{"id":"alpr-branch-18th-avenue-south-216","layer":"alpr_corridor","name":"18th Avenue South","county":"Clay County","state":"MN","countyFips":"27027","confidence":"probabilistic","sourceDate":null,"attributes":{"kind":"branch","road":"18th Avenue South","roadName":null,"roadClass":"residential","readerCount":1,"siteCount":1,"operatorCount":0,"operators":null,"unattributedReaders":1,"siteLngs":"-96.767882","siteLats":"46.856394","siteReaders":"1"}}},{"type":"Feature","geometry":{"type":"MultiLineString","coordinates":[[[-93.45191205554796,44.93381252097864],[-93.4519154,44.93377],[-93.4519931,44.9329376]]]},"properties":{"id":"alpr-branch-park-valley-road-217","layer":"alpr_corridor","name":"Park Valley Road","county":"Hennepin County","state":"MN","countyFips":"27053","confidence":"probabilistic","sourceDate":null,"attributes":{"kind":"branch","road":"Park Valley Road","roadName":null,"roadClass":"residential","readerCount":1,"siteCount":1,"operatorCount":1,"operators":"Bet Shalom Congregation","unattributedReaders":0,"siteLngs":"-93.452134","siteLats":"44.933821","siteReaders":"1"}}},{"type":"Feature","geometry":{"type":"MultiLineString","coordinates":[[[-93.0575342,45.1190961],[-93.05778907128432,45.11895413065277],[-93.057924,45.1188812],[-93.0579562,45.1188616],[-93.0579822,45.1188416],[-93.0580028,45.1188214],[-93.0580185,45.1188015],[-93.0580301,45.1187821],[-93.0580381,45.1187636],[-93.0580432,45.1187464],[-93.058046,45.1187307],[-93.0580475,45.1187053],[-93.0580469,45.118694],[-93.0580446,45.118681],[-93.0580405,45.1186665],[-93.058034,45.1186507],[-93.0580249,45.1186338],[-93.0580128,45.118616],[-93.0579972,45.1185976],[-93.057978,45.1185788],[-93.0579546,45.1185597],[-93.0579268,45.1185406],[-93.0577161,45.1184056],[-93.0573978,45.1181999],[-93.0573554,45.1181707],[-93.0573328,45.1181535],[-93.0573099,45.1181347],[-93.0572872,45.1181142],[-93.0572653,45.1180923],[-93.0572446,45.118069],[-93.0572257,45.1180443],[-93.0572091,45.1180184],[-93.0571952,45.1179913],[-93.0571839,45.1179644],[-93.0571745,45.1179392],[-93.0571669,45.1179152],[-93.0571612,45.1178924],[-93.0571572,45.1178705],[-93.0571549,45.1178492],[-93.05715447276359,45.11783134151785]]]},"properties":{"id":"alpr-branch-osprey-court-219","layer":"alpr_corridor","name":"Osprey Court","county":"Ramsey County","state":"MN","countyFips":"27123","confidence":"probabilistic","sourceDate":null,"attributes":{"kind":"branch","road":"Osprey Court","roadName":null,"roadClass":"residential","readerCount":1,"siteCount":1,"operatorCount":0,"operators":null,"unattributedReaders":1,"siteLngs":"-93.057835","siteLats":"45.118997","siteReaders":"1"}}},{"type":"Feature","geometry":{"type":"MultiLineString","coordinates":[[[-93.422394,45.2014235],[-93.422636,45.201583],[-93.42282873830067,45.20170717183964],[-93.422844,45.201717],[-93.423302,45.201984],[-93.42379,45.202232],[-93.4238235,45.202247]]]},"properties":{"id":"alpr-branch-cr-12-221","layer":"alpr_corridor","name":"CR 12 — Dayton River Road","county":"Hennepin County","state":"MN","countyFips":"27053","confidence":"probabilistic","sourceDate":null,"attributes":{"kind":"branch","road":"CR 12","roadName":"Dayton River Road","roadClass":"secondary","readerCount":1,"siteCount":1,"operatorCount":0,"operators":null,"unattributedReaders":1,"siteLngs":"-93.422755","siteLats":"45.201764","siteReaders":"1"}}},{"type":"Feature","geometry":{"type":"MultiLineString","coordinates":[[[-93.41786822907503,45.19790397627126],[-93.41921806941396,45.19898367296335],[-93.4193407,45.1990813]]]},"properties":{"id":"alpr-branch-cr-12-222","layer":"alpr_corridor","name":"CR 12 — Dayton Road","county":"Hennepin County","state":"MN","countyFips":"27053","confidence":"probabilistic","sourceDate":null,"attributes":{"kind":"branch","road":"CR 12","roadName":"Dayton Road","roadClass":"secondary","readerCount":1,"siteCount":1,"operatorCount":0,"operators":null,"unattributedReaders":1,"siteLngs":"-93.419304","siteLats":"45.198929","siteReaders":"1"}}},{"type":"Feature","geometry":{"type":"MultiLineString","coordinates":[[[-93.91763094637354,46.46807938866684],[-93.91557306633194,46.4678314034784],[-93.9152691,46.4678005],[-93.9149647,46.4677662],[-93.9143432,46.4676858],[-93.9140758,46.467656],[-93.9138347,46.4676443],[-93.9138117,46.4676443],[-93.9136633,46.4676443],[-93.91350645568068,46.467650176011965]]]},"properties":{"id":"alpr-branch-cr-12-223","layer":"alpr_corridor","name":"CR 12 — County Road 12","county":"Crow Wing County","state":"MN","countyFips":"27035","confidence":"probabilistic","sourceDate":null,"attributes":{"kind":"branch","road":"CR 12","roadName":"County Road 12","roadClass":"secondary","readerCount":1,"siteCount":1,"operatorCount":0,"operators":null,"unattributedReaders":1,"siteLngs":"-93.915536","siteLats":"46.468007","siteReaders":"1"}}},{"type":"Feature","geometry":{"type":"MultiLineString","coordinates":[[[-93.51851024115524,45.24416671419308],[-93.5185348,45.2441668],[-93.5186392,45.2441672],[-93.5187337,45.244168],[-93.5192507,45.2441723],[-93.5197089,45.2441769],[-93.5198824,45.2441781],[-93.5199814,45.2441805],[-93.52055275430048,45.244204146279074],[-93.5207679,45.2442209],[-93.5208728,45.2442294],[-93.521212,45.2442614],[-93.5217568,45.2443173]]]},"properties":{"id":"alpr-branch-cr-12-224","layer":"alpr_corridor","name":"CR 12 — Robinson Street","county":"Hennepin County","state":"MN","countyFips":"27053","confidence":"probabilistic","sourceDate":null,"attributes":{"kind":"branch","road":"CR 12","roadName":"Robinson Street","roadClass":"secondary","readerCount":1,"siteCount":1,"operatorCount":0,"operators":null,"unattributedReaders":1,"siteLngs":"-93.520566","siteLats":"45.244116","siteReaders":"1"}}},{"type":"Feature","geometry":{"type":"MultiLineString","coordinates":[[[-93.3853555,44.9891235],[-93.3858305,44.9891215],[-93.386047,44.9891206],[-93.3865715,44.9891185],[-93.3868412,44.9891174],[-93.38737499661542,44.98911514639738],[-93.3874564,44.9891148],[-93.3877801,44.9891135],[-93.3880023,44.9891126],[-93.3890172,44.9891084],[-93.3894095050978,44.98910675951703]]]},"properties":{"id":"alpr-branch-10th-avenue-north-226","layer":"alpr_corridor","name":"10th Avenue North","county":"Hennepin County","state":"MN","countyFips":"27053","confidence":"probabilistic","sourceDate":null,"attributes":{"kind":"branch","road":"10th Avenue North","roadName":null,"roadClass":"tertiary","readerCount":1,"siteCount":1,"operatorCount":0,"operators":null,"unattributedReaders":1,"siteLngs":"-93.387378","siteLats":"44.989425","siteReaders":"1"}}},{"type":"Feature","geometry":{"type":"MultiLineString","coordinates":[[[-93.3470228,45.201525],[-93.3469793,45.2013351],[-93.3468981,45.2010637],[-93.3468426,45.2008275],[-93.3468198,45.2006983],[-93.34680850733194,45.2004862268633],[-93.3468072,45.2003858],[-93.3468125,45.2001798],[-93.3468148,45.2000757],[-93.3468225,45.1997344],[-93.34684031441755,45.19904752278563]]]},"properties":{"id":"alpr-branch-northdale-boulevard-227","layer":"alpr_corridor","name":"Northdale Boulevard","county":"Anoka County","state":"MN","countyFips":"27003","confidence":"probabilistic","sourceDate":null,"attributes":{"kind":"branch","road":"Northdale Boulevard","roadName":null,"roadClass":"tertiary","readerCount":1,"siteCount":1,"operatorCount":0,"operators":null,"unattributedReaders":1,"siteLngs":"-93.347255","siteLats":"45.200483","siteReaders":"1"}}},{"type":"Feature","geometry":{"type":"MultiLineString","coordinates":[[[-93.34665369421438,45.1977063502943],[-93.3466524,45.1977443],[-93.3466356,45.1986332],[-93.3466334,45.1987499],[-93.3466312,45.1988691],[-93.3466281,45.1989647],[-93.3466221633331,45.19914507926307]]]},"properties":{"id":"alpr-branch-northdale-boulevard-228","layer":"alpr_corridor","name":"Northdale Boulevard","county":"Anoka County","state":"MN","countyFips":"27003","confidence":"probabilistic","sourceDate":null,"attributes":{"kind":"branch","road":"Northdale Boulevard","roadName":null,"roadClass":"tertiary","readerCount":1,"siteCount":1,"operatorCount":0,"operators":null,"unattributedReaders":1,"siteLngs":"-93.346592","siteLats":"45.197705","siteReaders":"1"}}},{"type":"Feature","geometry":{"type":"MultiLineString","coordinates":[[[-93.1932107,45.0949701],[-93.19302277171431,45.09477838501144],[-93.1928711,45.0946236],[-93.1928592,45.0946114],[-93.1927628,45.0945172]]]},"properties":{"id":"alpr-branch-ch-10-229","layer":"alpr_corridor","name":"CH 10 — Mounds View Boulevard","county":"Ramsey County","state":"MN","countyFips":"27123","confidence":"probabilistic","sourceDate":null,"attributes":{"kind":"branch","road":"CH 10","roadName":"Mounds View Boulevard","roadClass":"primary","readerCount":1,"siteCount":1,"operatorCount":0,"operators":null,"unattributedReaders":1,"siteLngs":"-93.193137","siteLats":"45.094722","siteReaders":"1"}}},{"type":"Feature","geometry":{"type":"MultiLineString","coordinates":[[[-92.9642539,44.9631556],[-92.963444261405,44.963156624390614],[-92.9628814,44.9631564]]]},"properties":{"id":"alpr-branch-ch-10-230","layer":"alpr_corridor","name":"CH 10 — 10th Street North","county":"Washington County","state":"MN","countyFips":"27163","confidence":"probabilistic","sourceDate":null,"attributes":{"kind":"branch","road":"CH 10","roadName":"10th Street North","roadClass":"secondary","readerCount":1,"siteCount":1,"operatorCount":0,"operators":null,"unattributedReaders":1,"siteLngs":"-92.963444","siteLats":"44.963107","siteReaders":"1"}}},{"type":"Feature","geometry":{"type":"MultiLineString","coordinates":[[[-93.208941,45.105244],[-93.20946598794339,45.10555743603294],[-93.210011,45.1058829],[-93.2107799,45.1063334],[-93.210867,45.106385],[-93.21102766370865,45.10648236762468]]]},"properties":{"id":"alpr-branch-ch-10-231","layer":"alpr_corridor","name":"CH 10 — Mounds View Boulevard","county":"Ramsey County","state":"MN","countyFips":"27123","confidence":"probabilistic","sourceDate":null,"attributes":{"kind":"branch","road":"CH 10","roadName":"Mounds View Boulevard","roadClass":"primary","readerCount":1,"siteCount":1,"operatorCount":0,"operators":null,"unattributedReaders":1,"siteLngs":"-93.209404","siteLats":"45.105610","siteReaders":"1"}}},{"type":"Feature","geometry":{"type":"MultiLineString","coordinates":[[[-93.2561141,45.1275903],[-93.2561179723962,45.127372835534395],[-93.256124,45.1271176],[-93.2561074,45.1267251]]]},"properties":{"id":"alpr-branch-jefferson-street-northeast-232","layer":"alpr_corridor","name":"Jefferson Street Northeast","county":"Anoka County","state":"MN","countyFips":"27003","confidence":"probabilistic","sourceDate":null,"attributes":{"kind":"branch","road":"Jefferson Street Northeast","roadName":null,"roadClass":"tertiary","readerCount":1,"siteCount":1,"operatorCount":0,"operators":null,"unattributedReaders":1,"siteLngs":"-93.256224","siteLats":"45.127374","siteReaders":"1"}}},{"type":"Feature","geometry":{"type":"MultiLineString","coordinates":[[[-93.52197335450396,45.32169737801882],[-93.5219914,45.3216831],[-93.5221103,45.3215968],[-93.5221212,45.3215889],[-93.5222723,45.3215012],[-93.5224195,45.3214307],[-93.5224812,45.3214088],[-93.522669,45.321342],[-93.5229047,45.3212839],[-93.5231337,45.3212419],[-93.5236828,45.3211631]]]},"properties":{"id":"alpr-branch-cr-13-233","layer":"alpr_corridor","name":"CR 13 — Twin Lakes Road Northwest","county":"Sherburne County","state":"MN","countyFips":"27141","confidence":"probabilistic","sourceDate":null,"attributes":{"kind":"branch","road":"CR 13","roadName":"Twin Lakes Road Northwest","roadClass":"secondary","readerCount":1,"siteCount":1,"operatorCount":1,"operators":"Elk River Police Department","unattributedReaders":0,"siteLngs":"-93.522064","siteLats":"45.321755","siteReaders":"1"}}},{"type":"Feature","geometry":{"type":"MultiLineString","coordinates":[[[-93.21712667621686,45.124482444866395],[-93.21508736021278,45.12447245752303],[-93.2146703,45.1244707],[-93.2140082,45.1244726],[-93.2138321,45.1244683],[-93.2137255,45.1244597],[-93.2136259,45.1244445],[-93.2135486,45.1244301]]]},"properties":{"id":"alpr-branch-ch-45-234","layer":"alpr_corridor","name":"CH 45 — West County Road J","county":"Ramsey County","state":"MN","countyFips":"27123","confidence":"probabilistic","sourceDate":null,"attributes":{"kind":"branch","road":"CH 45","roadName":"West County Road J","roadClass":"tertiary","readerCount":1,"siteCount":1,"operatorCount":0,"operators":null,"unattributedReaders":1,"siteLngs":"-93.215088","siteLats":"45.124420","siteReaders":"1"}}},{"type":"Feature","geometry":{"type":"MultiLineString","coordinates":[[[-93.5551305,45.3032633],[-93.5552435,45.3032611],[-93.5556238,45.3032372],[-93.55615940951877,45.3032311177558],[-93.5563262,45.3032322]]]},"properties":{"id":"alpr-branch-main-street-northwest-235","layer":"alpr_corridor","name":"Main Street Northwest","county":"Sherburne County","state":"MN","countyFips":"27141","confidence":"probabilistic","sourceDate":null,"attributes":{"kind":"branch","road":"Main Street Northwest","roadName":null,"roadClass":"secondary","readerCount":1,"siteCount":1,"operatorCount":0,"operators":null,"unattributedReaders":1,"siteLngs":"-93.556158","siteLats":"45.303301","siteReaders":"1"}}},{"type":"Feature","geometry":{"type":"MultiLineString","coordinates":[[[-93.5546706,45.3031702],[-93.5545643,45.3031723],[-93.5543444,45.3031696],[-93.5542842,45.3031692],[-93.5538886,45.3031671],[-93.5537873,45.3031704],[-93.55332731791913,45.30317971421419],[-93.5531858,45.3031825],[-93.552891,45.3031902],[-93.5527137,45.3031879]]]},"properties":{"id":"alpr-branch-main-street-northwest-236","layer":"alpr_corridor","name":"Main Street Northwest","county":"Sherburne County","state":"MN","countyFips":"27141","confidence":"probabilistic","sourceDate":null,"attributes":{"kind":"branch","road":"Main Street Northwest","roadName":null,"roadClass":"secondary","readerCount":1,"siteCount":1,"operatorCount":1,"operators":"Elk River Police Department","unattributedReaders":0,"siteLngs":"-93.553322","siteLats":"45.303052","siteReaders":"1"}}},{"type":"Feature","geometry":{"type":"MultiLineString","coordinates":[[[-93.5493497,45.2815074],[-93.5489962,45.2814882],[-93.5483539,45.2814977],[-93.5483539,45.2814977],[-93.5477894,45.281495],[-93.5474574,45.2815327]]]},"properties":{"id":"alpr-branch-171st-avenue-northwest-237","layer":"alpr_corridor","name":"171st Avenue Northwest","county":"Sherburne County","state":"MN","countyFips":"27141","confidence":"probabilistic","sourceDate":null,"attributes":{"kind":"branch","road":"171st Avenue Northwest","roadName":null,"roadClass":"tertiary","readerCount":1,"siteCount":1,"operatorCount":0,"operators":null,"unattributedReaders":1,"siteLngs":"-93.548354","siteLats":"45.281498","siteReaders":"1"}}},{"type":"Feature","geometry":{"type":"MultiLineString","coordinates":[[[-93.3336102,45.1951801],[-93.33308440514175,45.19584701664312],[-93.3330474,45.1959007],[-93.3329339,45.1961658],[-93.3327798,45.1965613],[-93.3326989,45.1968679],[-93.3326424,45.197066],[-93.33260308041056,45.197242108831134]]]},"properties":{"id":"alpr-branch-coon-creek-boulevard-northwest-238","layer":"alpr_corridor","name":"Coon Creek Boulevard Northwest","county":"Anoka County","state":"MN","countyFips":"27003","confidence":"probabilistic","sourceDate":null,"attributes":{"kind":"branch","road":"Coon Creek Boulevard Northwest","roadName":null,"roadClass":"residential","readerCount":1,"siteCount":1,"operatorCount":0,"operators":null,"unattributedReaders":1,"siteLngs":"-93.333532","siteLats":"45.196002","siteReaders":"1"}}},{"type":"Feature","geometry":{"type":"MultiLineString","coordinates":[[[-93.20596438116448,44.54383695238793],[-93.20394549461645,44.54382866602167],[-93.2020882,44.5438236]]]},"properties":{"id":"alpr-branch-ch-23-239","layer":"alpr_corridor","name":"CH 23 — 280th Street West","county":"Dakota County","state":"MN","countyFips":"27037","confidence":"probabilistic","sourceDate":null,"attributes":{"kind":"branch","road":"CH 23","roadName":"280th Street West","roadClass":"secondary","readerCount":1,"siteCount":1,"operatorCount":1,"operators":"Dakota County Sheriff's Office","unattributedReaders":0,"siteLngs":"-93.203946","siteLats":"44.543714","siteReaders":"1"}}},{"type":"Feature","geometry":{"type":"MultiLineString","coordinates":[[[-93.030142,45.2505747],[-93.0302552,45.2505407],[-93.030317,45.2505315],[-93.0304713,45.2505186],[-93.0307144,45.2504986],[-93.0309234,45.2504835],[-93.0310649,45.2504749],[-93.03142854890355,45.250463072730106],[-93.0315447,45.2504599],[-93.0318011,45.2504567],[-93.0320266,45.2504419],[-93.032155,45.2504242]]]},"properties":{"id":"alpr-branch-ch-23-240","layer":"alpr_corridor","name":"CH 23 — Lake Drive Northeast","county":"Anoka County","state":"MN","countyFips":"27003","confidence":"probabilistic","sourceDate":null,"attributes":{"kind":"branch","road":"CH 23","roadName":"Lake Drive Northeast","roadClass":"primary","readerCount":1,"siteCount":1,"operatorCount":0,"operators":null,"unattributedReaders":1,"siteLngs":"-93.031432","siteLats":"45.250525","siteReaders":"1"}}},{"type":"Feature","geometry":{"type":"MultiLineString","coordinates":[[[-93.14584050959515,44.48216535887492],[-93.1455999,44.4822009],[-93.145383,44.4822392],[-93.1451679,44.4822878],[-93.1449636,44.482338],[-93.1447359,44.4823978],[-93.1445082,44.4824656],[-93.1442991,44.482536],[-93.144139,44.4825986],[-93.14396571420909,44.48267374174734],[-93.1438296,44.4827375],[-93.1436388,44.482834],[-93.1434542,44.4829376],[-93.1428095,44.4833078],[-93.1425579,44.4834389],[-93.14235334269132,44.48353653677695]]]},"properties":{"id":"alpr-branch-ch-47-241","layer":"alpr_corridor","name":"CH 47 — Northfield Boulevard","county":"Dakota County","state":"MN","countyFips":"27037","confidence":"probabilistic","sourceDate":null,"attributes":{"kind":"branch","road":"CH 47","roadName":"Northfield Boulevard","roadClass":"trunk","readerCount":1,"siteCount":1,"operatorCount":1,"operators":"Dakota County Sheriff's Office","unattributedReaders":0,"siteLngs":"-93.143926","siteLats":"44.482630","siteReaders":"1"}}},{"type":"Feature","geometry":{"type":"MultiLineString","coordinates":[[[-92.98879218111993,44.62127640123891],[-92.98764229492953,44.62245988350174]]]},"properties":{"id":"alpr-branch-ch-47-242","layer":"alpr_corridor","name":"CH 47 — Northfield Boulevard","county":"Dakota County","state":"MN","countyFips":"27037","confidence":"probabilistic","sourceDate":null,"attributes":{"kind":"branch","road":"CH 47","roadName":"Northfield Boulevard","roadClass":"primary","readerCount":1,"siteCount":1,"operatorCount":1,"operators":"Dakota County Sheriff's Office","unattributedReaders":0,"siteLngs":"-92.988621","siteLats":"44.621191","siteReaders":"1"}}},{"type":"Feature","geometry":{"type":"MultiLineString","coordinates":[[[-93.41288584016688,44.77987419149906],[-93.41274650041014,44.77843868220467],[-93.4127544,44.7782192],[-93.412759,44.7780913],[-93.4127631,44.7780603]]]},"properties":{"id":"alpr-branch-cr-21-243","layer":"alpr_corridor","name":"CR 21 — Herrgott Memorial Drive","county":"Scott County","state":"MN","countyFips":"27139","confidence":"probabilistic","sourceDate":null,"attributes":{"kind":"branch","road":"CR 21","roadName":"Herrgott Memorial Drive","roadClass":"motorway","readerCount":1,"siteCount":1,"operatorCount":0,"operators":null,"unattributedReaders":1,"siteLngs":"-93.412873","siteLats":"44.778441","siteReaders":"1"}}},{"type":"Feature","geometry":{"type":"MultiLineString","coordinates":[[[-93.4395266,44.7467162],[-93.43955287121038,44.74637576062625],[-93.43966241247084,44.74493895289851]]]},"properties":{"id":"alpr-branch-cr-21-244","layer":"alpr_corridor","name":"CR 21 — Eagle Creek Avenue Northeast","county":"Scott County","state":"MN","countyFips":"27139","confidence":"probabilistic","sourceDate":null,"attributes":{"kind":"branch","road":"CR 21","roadName":"Eagle Creek Avenue Northeast","roadClass":"secondary","readerCount":1,"siteCount":1,"operatorCount":0,"operators":null,"unattributedReaders":1,"siteLngs":"-93.439821","siteLats":"44.746386","siteReaders":"1"}}},{"type":"Feature","geometry":{"type":"MultiLineString","coordinates":[[[-95.83665940643327,46.84737494585206],[-95.8366326,46.8480415],[-95.8366108,46.8485821],[-95.83661185052644,46.848813399656265]]]},"properties":{"id":"alpr-branch-cr-21-245","layer":"alpr_corridor","name":"CR 21 — County Highway 21","county":"Becker County","state":"MN","countyFips":"27005","confidence":"probabilistic","sourceDate":null,"attributes":{"kind":"branch","road":"CR 21","roadName":"County Highway 21","roadClass":"tertiary","readerCount":1,"siteCount":1,"operatorCount":0,"operators":null,"unattributedReaders":1,"siteLngs":"-95.836610","siteLats":"46.847374","siteReaders":"1"}}},{"type":"Feature","geometry":{"type":"MultiLineString","coordinates":[[[-95.91522998814524,46.99182172192995],[-95.9173394785656,46.99182991858142],[-95.91944899995899,46.99183267485532]]]},"properties":{"id":"alpr-branch-cr-14-246","layer":"alpr_corridor","name":"CR 14 — County Highway 14","county":"Becker County","state":"MN","countyFips":"27005","confidence":"probabilistic","sourceDate":null,"attributes":{"kind":"branch","road":"CR 14","roadName":"County Highway 14","roadClass":"tertiary","readerCount":1,"siteCount":1,"operatorCount":0,"operators":null,"unattributedReaders":1,"siteLngs":"-95.917340","siteLats":"46.991750","siteReaders":"1"}}},{"type":"Feature","geometry":{"type":"MultiLineString","coordinates":[[[-92.95955376507334,45.90398510078778],[-92.9597876,45.9039887],[-92.9601205,45.9039982]]]},"properties":{"id":"alpr-branch-cr-14-247","layer":"alpr_corridor","name":"CR 14 — Beroun Crossing Road","county":"Pine County","state":"MN","countyFips":"27115","confidence":"probabilistic","sourceDate":null,"attributes":{"kind":"branch","road":"CR 14","roadName":"Beroun Crossing Road","roadClass":"tertiary","readerCount":1,"siteCount":1,"operatorCount":0,"operators":null,"unattributedReaders":1,"siteLngs":"-92.959551","siteLats":"45.904064","siteReaders":"1"}}},{"type":"Feature","geometry":{"type":"MultiLineString","coordinates":[[[-92.88403542583677,45.44609665351667],[-92.884036,45.446125],[-92.884082,45.446556],[-92.884515,45.447486],[-92.884515,45.447486],[-92.884898,45.447969],[-92.88585386596625,45.448548366396594]]]},"properties":{"id":"alpr-branch-cr-14-248","layer":"alpr_corridor","name":"CR 14 — Lincoln Road","county":"Chisago County","state":"MN","countyFips":"27025","confidence":"probabilistic","sourceDate":null,"attributes":{"kind":"branch","road":"CR 14","roadName":"Lincoln Road","roadClass":"secondary","readerCount":1,"siteCount":1,"operatorCount":0,"operators":null,"unattributedReaders":1,"siteLngs":"-92.884341","siteLats":"45.447543","siteReaders":"1"}}},{"type":"Feature","geometry":{"type":"MultiLineString","coordinates":[[[-92.88441046541972,45.447300739427114],[-92.884515,45.447486],[-92.8856594463657,45.44843052541535],[-92.885977,45.448623],[-92.8865296,45.4488072]]]},"properties":{"id":"alpr-branch-cr-14-249","layer":"alpr_corridor","name":"CR 14 — Lincoln Road","county":"Chisago County","state":"MN","countyFips":"27025","confidence":"probabilistic","sourceDate":null,"attributes":{"kind":"branch","road":"CR 14","roadName":"Lincoln Road","roadClass":"secondary","readerCount":1,"siteCount":1,"operatorCount":0,"operators":null,"unattributedReaders":1,"siteLngs":"-92.885718","siteLats":"45.448383","siteReaders":"1"}}},{"type":"Feature","geometry":{"type":"MultiLineString","coordinates":[[[-92.91870923166175,45.47022595372028],[-92.918724,45.470733],[-92.918757,45.471527],[-92.91878908275395,45.47166256919809]]]},"properties":{"id":"alpr-branch-cr-14-250","layer":"alpr_corridor","name":"CR 14 — Lincoln Trail","county":"Chisago County","state":"MN","countyFips":"27025","confidence":"probabilistic","sourceDate":null,"attributes":{"kind":"branch","road":"CR 14","roadName":"Lincoln Trail","roadClass":"secondary","readerCount":1,"siteCount":1,"operatorCount":0,"operators":null,"unattributedReaders":1,"siteLngs":"-92.918444","siteLats":"45.470230","siteReaders":"1"}}},{"type":"Feature","geometry":{"type":"MultiLineString","coordinates":[[[-93.21674288695145,45.10064692220295],[-93.21878046666845,45.100603385460275],[-93.2189265,45.1006003],[-93.2190602,45.1005975]]]},"properties":{"id":"alpr-branch-county-road-h2-251","layer":"alpr_corridor","name":"County Road H2","county":"Ramsey County","state":"MN","countyFips":"27123","confidence":"probabilistic","sourceDate":null,"attributes":{"kind":"branch","road":"County Road H2","roadName":null,"roadClass":"tertiary","readerCount":1,"siteCount":1,"operatorCount":0,"operators":null,"unattributedReaders":1,"siteLngs":"-93.218778","siteLats":"45.100552","siteReaders":"1"}}},{"type":"Feature","geometry":{"type":"MultiLineString","coordinates":[[[-93.21697013301448,45.10731331352408],[-93.2170115,45.1073302],[-93.2171477,45.107388],[-93.2174398,45.1075177],[-93.2177007,45.1076252],[-93.217916,45.1076936],[-93.218162,45.107752],[-93.2184258,45.1077934],[-93.21884368435153,45.1078144848343],[-93.2189665,45.1078169],[-93.2190919,45.1078161],[-93.2192176,45.1078153]]]},"properties":{"id":"alpr-branch-cr-82-252","layer":"alpr_corridor","name":"CR 82 — West County Road I","county":"Ramsey County","state":"MN","countyFips":"27123","confidence":"probabilistic","sourceDate":null,"attributes":{"kind":"branch","road":"CR 82","roadName":"West County Road I","roadClass":"tertiary","readerCount":1,"siteCount":1,"operatorCount":0,"operators":null,"unattributedReaders":1,"siteLngs":"-93.218846","siteLats":"45.107750","siteReaders":"1"}}},{"type":"Feature","geometry":{"type":"MultiLineString","coordinates":[[[-93.4903007,44.7273123],[-93.48986712374068,44.72739395674945],[-93.4896113,44.7274137],[-93.4892076,44.7274221],[-93.4887836,44.7273428],[-93.4886451,44.7273026],[-93.4883701,44.7272442],[-93.48790650279929,44.727133610930395]]]},"properties":{"id":"alpr-branch-cr-82-253","layer":"alpr_corridor","name":"CR 82 — Howard Lake Road","county":"Scott County","state":"MN","countyFips":"27139","confidence":"probabilistic","sourceDate":null,"attributes":{"kind":"branch","road":"CR 82","roadName":"Howard Lake Road","roadClass":"tertiary","readerCount":1,"siteCount":1,"operatorCount":0,"operators":null,"unattributedReaders":1,"siteLngs":"-93.489855","siteLats":"44.727312","siteReaders":"1"}}},{"type":"Feature","geometry":{"type":"MultiLineString","coordinates":[[[-93.0854975039495,47.396171765952666],[-93.0855054,47.3957328],[-93.0855097,47.3955828],[-93.08554737347256,47.39473329686715],[-93.0855614,47.3944177]]]},"properties":{"id":"alpr-branch-cr-82-254","layer":"alpr_corridor","name":"CR 82 — 7th Street","county":"Itasca County","state":"MN","countyFips":"27061","confidence":"probabilistic","sourceDate":null,"attributes":{"kind":"branch","road":"CR 82","roadName":"7th Street","roadClass":"tertiary","readerCount":1,"siteCount":1,"operatorCount":0,"operators":null,"unattributedReaders":1,"siteLngs":"-93.085741","siteLats":"47.394737","siteReaders":"1"}}},{"type":"Feature","geometry":{"type":"MultiLineString","coordinates":[[[-95.4039623,45.8928308],[-95.4037751,45.8928735],[-95.403693,45.8928861],[-95.4036005,45.8929003],[-95.40286383886064,45.89288894944637],[-95.4028345,45.8928885],[-95.4026329,45.8929287]]]},"properties":{"id":"alpr-branch-cr-82-255","layer":"alpr_corridor","name":"CR 82 — Viking Trail","county":"Douglas County","state":"MN","countyFips":"27041","confidence":"probabilistic","sourceDate":null,"attributes":{"kind":"branch","road":"CR 82","roadName":"Viking Trail","roadClass":"secondary","readerCount":1,"siteCount":1,"operatorCount":0,"operators":null,"unattributedReaders":1,"siteLngs":"-95.402866","siteLats":"45.892829","siteReaders":"1"}}},{"type":"Feature","geometry":{"type":"MultiLineString","coordinates":[[[-93.9718777681962,44.15977768355423],[-93.9718613,44.1601648],[-93.9718594,44.1603683],[-93.9718684,44.1605364],[-93.9718836,44.1607559],[-93.97191019797225,44.16121562089432]]]},"properties":{"id":"alpr-branch-cr-82-256","layer":"alpr_corridor","name":"CR 82 — North Victory Drive","county":"Blue Earth County","state":"MN","countyFips":"27013","confidence":"probabilistic","sourceDate":null,"attributes":{"kind":"branch","road":"CR 82","roadName":"North Victory Drive","roadClass":"secondary","readerCount":1,"siteCount":1,"operatorCount":0,"operators":null,"unattributedReaders":1,"siteLngs":"-93.971802","siteLats":"44.159776","siteReaders":"1"}}},{"type":"Feature","geometry":{"type":"MultiLineString","coordinates":[[[-93.6027562,45.3073713],[-93.602756,45.307394],[-93.6027558,45.307454],[-93.6027556,45.3074944],[-93.6027545,45.3075232],[-93.6027527,45.3075671],[-93.602749,45.307758],[-93.60277478390343,45.308807710150845],[-93.6027744,45.3088524],[-93.6027832,45.3089724],[-93.6027901,45.3091636]]]},"properties":{"id":"alpr-branch-gary-street-257","layer":"alpr_corridor","name":"Gary Street","county":"Sherburne County","state":"MN","countyFips":"27141","confidence":"probabilistic","sourceDate":null,"attributes":{"kind":"branch","road":"Gary Street","roadName":null,"roadClass":"unclassified","readerCount":1,"siteCount":1,"operatorCount":1,"operators":"Elk River Police Department","unattributedReaders":0,"siteLngs":"-93.602633","siteLats":"45.308807","siteReaders":"1"}}},{"type":"Feature","geometry":{"type":"MultiLineString","coordinates":[[[-93.6027562,45.3073713],[-93.60275596715718,45.30740385284603],[-93.6027558,45.307454],[-93.6027556,45.3074944],[-93.6027545,45.3075232],[-93.6027527,45.3075671],[-93.602749,45.307758],[-93.6027766,45.3085963],[-93.60277448513528,45.30884248947937]]]},"properties":{"id":"alpr-branch-gary-street-258","layer":"alpr_corridor","name":"Gary Street","county":"Sherburne County","state":"MN","countyFips":"27141","confidence":"probabilistic","sourceDate":null,"attributes":{"kind":"branch","road":"Gary Street","roadName":null,"roadClass":"unclassified","readerCount":1,"siteCount":1,"operatorCount":1,"operators":"Elk River Police Department","unattributedReaders":0,"siteLngs":"-93.602365","siteLats":"45.307403","siteReaders":"1"}}},{"type":"Feature","geometry":{"type":"MultiLineString","coordinates":[[[-93.6090693,45.3065935],[-93.60891182951428,45.306240780510294],[-93.6088179,45.3061016],[-93.6086427,45.3058469]]]},"properties":{"id":"alpr-branch-joplin-street-northwest-259","layer":"alpr_corridor","name":"Joplin Street Northwest","county":"Sherburne County","state":"MN","countyFips":"27141","confidence":"probabilistic","sourceDate":null,"attributes":{"kind":"branch","road":"Joplin Street Northwest","roadName":null,"roadClass":"tertiary","readerCount":1,"siteCount":1,"operatorCount":1,"operators":"Elk River Police Department","unattributedReaders":0,"siteLngs":"-93.608970","siteLats":"45.306221","siteReaders":"1"}}},{"type":"Feature","geometry":{"type":"MultiLineString","coordinates":[[[-93.14952300172742,45.157549573943086],[-93.1488,45.157537],[-93.14748277900588,45.15752524423905],[-93.1458753,45.1575108],[-93.145675,45.157509],[-93.1454424179753,45.15750598132106]]]},"properties":{"id":"alpr-branch-103rd-lane-northeast-260","layer":"alpr_corridor","name":"103rd Lane Northeast","county":"Anoka County","state":"MN","countyFips":"27003","confidence":"probabilistic","sourceDate":null,"attributes":{"kind":"branch","road":"103rd Lane Northeast","roadName":null,"roadClass":"residential","readerCount":1,"siteCount":1,"operatorCount":0,"operators":null,"unattributedReaders":1,"siteLngs":"-93.147485","siteLats":"45.157418","siteReaders":"1"}}},{"type":"Feature","geometry":{"type":"MultiLineString","coordinates":[[[-93.23509483503054,45.14045941568844],[-93.2350927,45.1413012]]]},"properties":{"id":"alpr-branch-mn-65-261","layer":"alpr_corridor","name":"MN 65 — Central Avenue Northeast","county":"Anoka County","state":"MN","countyFips":"27003","confidence":"probabilistic","sourceDate":null,"attributes":{"kind":"branch","road":"MN 65","roadName":"Central Avenue Northeast","roadClass":"trunk","readerCount":1,"siteCount":1,"operatorCount":1,"operators":"Blaine PD","unattributedReaders":0,"siteLngs":"-93.234926","siteLats":"45.140459","siteReaders":"1"}}},{"type":"Feature","geometry":{"type":"MultiLineString","coordinates":[[[-93.2474528426555,45.04629828469326],[-93.247442,45.045956],[-93.2474411,45.0457286],[-93.2474392,45.0452476]]]},"properties":{"id":"alpr-branch-mn-65-262","layer":"alpr_corridor","name":"MN 65 — Central Avenue Northeast","county":"Anoka County","state":"MN","countyFips":"27003","confidence":"probabilistic","sourceDate":null,"attributes":{"kind":"branch","road":"MN 65","roadName":"Central Avenue Northeast","roadClass":"primary","readerCount":1,"siteCount":1,"operatorCount":0,"operators":null,"unattributedReaders":1,"siteLngs":"-93.247533","siteLats":"45.046297","siteReaders":"1"}}},{"type":"Feature","geometry":{"type":"MultiLineString","coordinates":[[[-93.24743667628574,45.058485814336414],[-93.2474361,45.0589248],[-93.247436,45.05903],[-93.2474367,45.0591497],[-93.24743722557562,45.05992472559572],[-93.2474288,45.060674]]]},"properties":{"id":"alpr-branch-mn-65-263","layer":"alpr_corridor","name":"MN 65 — Central Avenue Northeast","county":"Anoka County","state":"MN","countyFips":"27003","confidence":"probabilistic","sourceDate":null,"attributes":{"kind":"branch","road":"MN 65","roadName":"Central Avenue Northeast","roadClass":"primary","readerCount":1,"siteCount":1,"operatorCount":0,"operators":null,"unattributedReaders":1,"siteLngs":"-93.247345","siteLats":"45.059924","siteReaders":"1"}}},{"type":"Feature","geometry":{"type":"MultiLineString","coordinates":[[[-93.22322073597611,45.72866634762208],[-93.22495956220948,45.729439120795284],[-93.22667455569967,45.73023745109829]]]},"properties":{"id":"alpr-branch-mn-65-264","layer":"alpr_corridor","name":"MN 65","county":"Isanti County","state":"MN","countyFips":"27059","confidence":"probabilistic","sourceDate":null,"attributes":{"kind":"branch","road":"MN 65","roadName":null,"roadClass":"trunk","readerCount":1,"siteCount":1,"operatorCount":0,"operators":null,"unattributedReaders":1,"siteLngs":"-93.225161","siteLats":"45.729225","siteReaders":"1"}}},{"type":"Feature","geometry":{"type":"MultiLineString","coordinates":[[[-93.23208338484541,45.73423430414761],[-93.232208,45.734339],[-93.23339789585657,45.7353427516239],[-93.23470892474099,45.73645322270155]]]},"properties":{"id":"alpr-branch-mn-65-265","layer":"alpr_corridor","name":"MN 65","county":"Kanabec County","state":"MN","countyFips":"27065","confidence":"probabilistic","sourceDate":null,"attributes":{"kind":"branch","road":"MN 65","roadName":null,"roadClass":"trunk","readerCount":1,"siteCount":1,"operatorCount":0,"operators":null,"unattributedReaders":1,"siteLngs":"-93.233169","siteLats":"45.735476","siteReaders":"1"}}},{"type":"Feature","geometry":{"type":"MultiLineString","coordinates":[[[-93.23526309872494,45.42117040934778],[-93.23528255232094,45.42260925714234],[-93.2353042263045,45.424048089312286]]]},"properties":{"id":"alpr-branch-mn-65-266","layer":"alpr_corridor","name":"MN 65","county":"Isanti County","state":"MN","countyFips":"27059","confidence":"probabilistic","sourceDate":null,"attributes":{"kind":"branch","road":"MN 65","roadName":null,"roadClass":"trunk","readerCount":1,"siteCount":1,"operatorCount":0,"operators":null,"unattributedReaders":1,"siteLngs":"-93.235131","siteLats":"45.422610","siteReaders":"1"}}},{"type":"Feature","geometry":{"type":"MultiLineString","coordinates":[[[-93.23119808902196,45.733487355936326],[-93.231426,45.733682],[-93.23251306791552,45.7345955135626],[-93.232874,45.734899],[-93.23382565867023,45.73570507638906]]]},"properties":{"id":"alpr-branch-mn-65-267","layer":"alpr_corridor","name":"MN 65","county":"Kanabec County","state":"MN","countyFips":"27065","confidence":"probabilistic","sourceDate":null,"attributes":{"kind":"branch","road":"MN 65","roadName":null,"roadClass":"trunk","readerCount":1,"siteCount":1,"operatorCount":0,"operators":null,"unattributedReaders":1,"siteLngs":"-93.232548","siteLats":"45.734575","siteReaders":"1"}}},{"type":"Feature","geometry":{"type":"MultiLineString","coordinates":[[[-93.28387630579728,46.11415446834659],[-93.28386,46.114266],[-93.2837469,46.1148441],[-93.2835746699793,46.11557786754599],[-93.2834899,46.1158487]]]},"properties":{"id":"alpr-branch-mn-65-268","layer":"alpr_corridor","name":"MN 65","county":"Kanabec County","state":"MN","countyFips":"27065","confidence":"probabilistic","sourceDate":null,"attributes":{"kind":"branch","road":"MN 65","roadName":null,"roadClass":"primary","readerCount":1,"siteCount":1,"operatorCount":0,"operators":null,"unattributedReaders":1,"siteLngs":"-93.283703","siteLats":"46.115597","siteReaders":"1"}}},{"type":"Feature","geometry":{"type":"MultiLineString","coordinates":[[[-93.2034512,47.3387369],[-93.20285272773393,47.338427770923026],[-93.2028127,47.3384062],[-93.20116849574238,47.33755155304124]]]},"properties":{"id":"alpr-branch-mn-65-269","layer":"alpr_corridor","name":"MN 65","county":"Itasca County","state":"MN","countyFips":"27061","confidence":"probabilistic","sourceDate":null,"attributes":{"kind":"branch","road":"MN 65","roadName":null,"roadClass":"secondary","readerCount":1,"siteCount":1,"operatorCount":0,"operators":null,"unattributedReaders":1,"siteLngs":"-93.202699","siteLats":"47.338560","siteReaders":"1"}}},{"type":"Feature","geometry":{"type":"MultiLineString","coordinates":[[[-93.31697458727834,46.67903785530252],[-93.31696419431742,46.680476750216854],[-93.3169628,46.6810083],[-93.3169651,46.6813019],[-93.31695783388102,46.68191563745473]]]},"properties":{"id":"alpr-branch-mn-65-270","layer":"alpr_corridor","name":"MN 65 — State Highway 65","county":"Aitkin County","state":"MN","countyFips":"27001","confidence":"probabilistic","sourceDate":null,"attributes":{"kind":"branch","road":"MN 65","roadName":"State Highway 65","roadClass":"secondary","readerCount":1,"siteCount":1,"operatorCount":0,"operators":null,"unattributedReaders":1,"siteLngs":"-93.317164","siteLats":"46.680477","siteReaders":"1"}}},{"type":"Feature","geometry":{"type":"MultiLineString","coordinates":[[[-93.19424958374474,47.61373887881609],[-93.19410306495942,47.61230335989004],[-93.19393809875505,47.61086875165749]]]},"properties":{"id":"alpr-branch-mn-65-271","layer":"alpr_corridor","name":"MN 65","county":"Itasca County","state":"MN","countyFips":"27061","confidence":"probabilistic","sourceDate":null,"attributes":{"kind":"branch","road":"MN 65","roadName":null,"roadClass":"secondary","readerCount":1,"siteCount":1,"operatorCount":0,"operators":null,"unattributedReaders":1,"siteLngs":"-93.194276","siteLats":"47.612294","siteReaders":"1"}}},{"type":"Feature","geometry":{"type":"MultiLineString","coordinates":[[[-93.168570656696,47.38008814530484],[-93.1685834,47.3804465],[-93.16862848765089,47.381526522596985],[-93.1686371,47.3817269],[-93.16869218419646,47.38296478859133]]]},"properties":{"id":"alpr-branch-mn-65-272","layer":"alpr_corridor","name":"MN 65 — 1st Street","county":"Itasca County","state":"MN","countyFips":"27061","confidence":"probabilistic","sourceDate":null,"attributes":{"kind":"branch","road":"MN 65","roadName":"1st Street","roadClass":"secondary","readerCount":1,"siteCount":1,"operatorCount":0,"operators":null,"unattributedReaders":1,"siteLngs":"-93.168469","siteLats":"47.381530","siteReaders":"1"}}},{"type":"Feature","geometry":{"type":"MultiLineString","coordinates":[[[-95.02224584231983,45.11772869046199],[-95.0222428,45.1179567],[-95.02222675026773,45.11916753997374],[-95.0222262,45.1192087]]]},"properties":{"id":"alpr-branch-lakeland-drive-southeast-273","layer":"alpr_corridor","name":"Lakeland Drive Southeast","county":"Kandiyohi County","state":"MN","countyFips":"27067","confidence":"probabilistic","sourceDate":null,"attributes":{"kind":"branch","road":"Lakeland Drive Southeast","roadName":null,"roadClass":"secondary","readerCount":1,"siteCount":1,"operatorCount":1,"operators":"City of Willmar - Police","unattributedReaders":0,"siteLngs":"-95.022339","siteLats":"45.119168","siteReaders":"1"}}},{"type":"Feature","geometry":{"type":"MultiLineString","coordinates":[[[-92.98587139422534,45.28761232433967],[-92.9858817,45.2872763],[-92.9859193,45.2863924]]]},"properties":{"id":"alpr-branch-2nd-street-northwest-274","layer":"alpr_corridor","name":"2nd Street Northwest","county":"Washington County","state":"MN","countyFips":"27163","confidence":"probabilistic","sourceDate":null,"attributes":{"kind":"branch","road":"2nd Street Northwest","roadName":null,"roadClass":"unclassified","readerCount":1,"siteCount":1,"operatorCount":0,"operators":null,"unattributedReaders":1,"siteLngs":"-92.985974","siteLats":"45.287614","siteReaders":"1"}}},{"type":"Feature","geometry":{"type":"MultiLineString","coordinates":[[[-93.51962109206907,45.29966358375256],[-93.5195792,45.2996707],[-93.5183882,45.2998777],[-93.5181377,45.2999157],[-93.5179389,45.2999412],[-93.5176234650709,45.299966063900015],[-93.5175596,45.2999699],[-93.5173611,45.2999764],[-93.5171125,45.2999706],[-93.5168264,45.2999546],[-93.5166344,45.2999357],[-93.5164133,45.2999087],[-93.5162303,45.2998809],[-93.5160706,45.2998518]]]},"properties":{"id":"alpr-branch-181st-avenue-northwest-275","layer":"alpr_corridor","name":"181st Avenue Northwest","county":"Sherburne County","state":"MN","countyFips":"27141","confidence":"probabilistic","sourceDate":null,"attributes":{"kind":"branch","road":"181st Avenue Northwest","roadName":null,"roadClass":"secondary","readerCount":1,"siteCount":1,"operatorCount":1,"operators":"Elk River Police Department","unattributedReaders":0,"siteLngs":"-93.517631","siteLats":"45.300027","siteReaders":"1"}}},{"type":"Feature","geometry":{"type":"MultiLineString","coordinates":[[[-93.54193479968232,45.29948590014699],[-93.53988920825006,45.299475004926634],[-93.5398874,45.299475],[-93.53784359808995,45.299466066888364]]]},"properties":{"id":"alpr-branch-181st-avenue-northwest-276","layer":"alpr_corridor","name":"181st Avenue Northwest","county":"Sherburne County","state":"MN","countyFips":"27141","confidence":"probabilistic","sourceDate":null,"attributes":{"kind":"branch","road":"181st Avenue Northwest","roadName":null,"roadClass":"secondary","readerCount":1,"siteCount":1,"operatorCount":0,"operators":null,"unattributedReaders":1,"siteLngs":"-93.539890","siteLats":"45.299403","siteReaders":"1"}}},{"type":"Feature","geometry":{"type":"MultiLineString","coordinates":[[[-93.60331953864024,45.357485375677825],[-93.603194,45.357625],[-93.603034,45.357804],[-93.602932,45.357931],[-93.602717,45.35817],[-93.6026679,45.3582249],[-93.60223546067643,45.358705926252554],[-93.602182,45.358767],[-93.601962,45.359007],[-93.601853,45.359134],[-93.601434,45.359595],[-93.6013363,45.3597304],[-93.60118531837585,45.35993967241115]]]},"properties":{"id":"alpr-branch-elk-lake-road-northwest-277","layer":"alpr_corridor","name":"Elk Lake Road Northwest","county":"Sherburne County","state":"MN","countyFips":"27141","confidence":"probabilistic","sourceDate":null,"attributes":{"kind":"branch","road":"Elk Lake Road Northwest","roadName":null,"roadClass":"tertiary","readerCount":1,"siteCount":1,"operatorCount":1,"operators":"Elk River Police Department","unattributedReaders":0,"siteLngs":"-93.602076","siteLats":"45.358636","siteReaders":"1"}}},{"type":"Feature","geometry":{"type":"MultiLineString","coordinates":[[[-95.08358522061984,45.12569462932052],[-95.08359366342098,45.127133529572525],[-95.0835954,45.1275502],[-95.0836071,45.1283967],[-95.08360781639497,45.12857239937948]]]},"properties":{"id":"alpr-branch-cr-5-278","layer":"alpr_corridor","name":"CR 5 — 30th Street Northwest","county":"Kandiyohi County","state":"MN","countyFips":"27067","confidence":"probabilistic","sourceDate":null,"attributes":{"kind":"branch","road":"CR 5","roadName":"30th Street Northwest","roadClass":"secondary","readerCount":1,"siteCount":1,"operatorCount":1,"operators":"City of Willmar - Police","unattributedReaders":0,"siteLngs":"-95.083750","siteLats":"45.127133","siteReaders":"1"}}},{"type":"Feature","geometry":{"type":"MultiLineString","coordinates":[[[-93.2875764,44.6971112],[-93.28734279205482,44.69695020367627],[-93.2872528,44.6968906],[-93.2870007,44.6967175]]]},"properties":{"id":"alpr-branch-cr-5-279","layer":"alpr_corridor","name":"CR 5 — Kenwood Trail","county":"Dakota County","state":"MN","countyFips":"27037","confidence":"probabilistic","sourceDate":null,"attributes":{"kind":"branch","road":"CR 5","roadName":"Kenwood Trail","roadClass":"secondary","readerCount":1,"siteCount":1,"operatorCount":0,"operators":null,"unattributedReaders":1,"siteLngs":"-93.287409","siteLats":"44.696899","siteReaders":"1"}}},{"type":"Feature","geometry":{"type":"MultiLineString","coordinates":[[[-93.28847640498475,44.6980520171006],[-93.2884812,44.6980583],[-93.2885427,44.6981469],[-93.2886083,44.6982583],[-93.288669,44.6983658],[-93.2887118,44.6984559],[-93.2887423,44.6985446],[-93.2887561,44.698614],[-93.2887916,44.6987577],[-93.2888063,44.6988362],[-93.2888564,44.6990874],[-93.28897989667641,44.69943763090458],[-93.289009,44.6994773]]]},"properties":{"id":"alpr-branch-cr-5-280","layer":"alpr_corridor","name":"CR 5 — Kenwood Trail","county":"Dakota County","state":"MN","countyFips":"27037","confidence":"probabilistic","sourceDate":null,"attributes":{"kind":"branch","road":"CR 5","roadName":"Kenwood Trail","roadClass":"secondary","readerCount":1,"siteCount":1,"operatorCount":0,"operators":null,"unattributedReaders":1,"siteLngs":"-93.288896","siteLats":"44.699469","siteReaders":"1"}}},{"type":"Feature","geometry":{"type":"MultiLineString","coordinates":[[[-93.2969327,44.7145329],[-93.29686614772476,44.71438560650693],[-93.296636,44.7138765],[-93.2963226,44.7132353]]]},"properties":{"id":"alpr-branch-cr-5-281","layer":"alpr_corridor","name":"CR 5 — Kenwood Trail","county":"Dakota County","state":"MN","countyFips":"27037","confidence":"probabilistic","sourceDate":null,"attributes":{"kind":"branch","road":"CR 5","roadName":"Kenwood Trail","roadClass":"secondary","readerCount":1,"siteCount":1,"operatorCount":0,"operators":null,"unattributedReaders":1,"siteLngs":"-93.296971","siteLats":"44.714361","siteReaders":"1"}}},{"type":"Feature","geometry":{"type":"MultiLineString","coordinates":[[[-96.06399593073766,46.72783488404581],[-96.0640121,46.7287329],[-96.06401733113705,46.72927371634562],[-96.0640416,46.7294969],[-96.06408,46.7296213],[-96.0641407,46.729757],[-96.0641951,46.7298279],[-96.0642494,46.7298875],[-96.0642833,46.7299191],[-96.0643522,46.7299834],[-96.0644645,46.7300614],[-96.0646329,46.7301439],[-96.0647442,46.7301881],[-96.0648096,46.7302093],[-96.0648613,46.730226],[-96.06520381623262,46.73030667531099]]]},"properties":{"id":"alpr-branch-cr-5-282","layer":"alpr_corridor","name":"CR 5 — County Highway 5","county":"Becker County","state":"MN","countyFips":"27005","confidence":"probabilistic","sourceDate":null,"attributes":{"kind":"branch","road":"CR 5","roadName":"County Highway 5","roadClass":"tertiary","readerCount":1,"siteCount":1,"operatorCount":0,"operators":null,"unattributedReaders":1,"siteLngs":"-96.063909","siteLats":"46.729279","siteReaders":"1"}}},{"type":"Feature","geometry":{"type":"MultiLineString","coordinates":[[[-93.5888336,44.9009128],[-93.5889374,44.9007979],[-93.58910560696259,44.900705553538536],[-93.5892639,44.9006187],[-93.5893484,44.9005932],[-93.589503,44.9005465],[-93.5896065,44.9005188],[-93.5896474,44.9005085],[-93.5897319,44.9004976],[-93.5902736,44.9004424],[-93.5904779,44.9004214],[-93.5906825,44.9004005],[-93.59104955713042,44.900362865697346]]]},"properties":{"id":"alpr-branch-smithtown-road-284","layer":"alpr_corridor","name":"Smithtown Road","county":"Hennepin County","state":"MN","countyFips":"27053","confidence":"probabilistic","sourceDate":null,"attributes":{"kind":"branch","road":"Smithtown Road","roadName":null,"roadClass":"tertiary","readerCount":1,"siteCount":1,"operatorCount":1,"operators":"South Lake Minnetonka Police Department","unattributedReaders":0,"siteLngs":"-93.589213","siteLats":"44.900805","siteReaders":"1"}}},{"type":"Feature","geometry":{"type":"MultiLineString","coordinates":[[[-93.59359979356086,44.92757502200546],[-93.593801,44.927329],[-93.5936535,44.927221],[-93.5932669,44.9270457],[-93.5930408,44.9269146],[-93.5929819,44.9268805],[-93.5928007,44.9266651],[-93.59257237700547,44.92661988031628],[-93.5924264,44.9266891],[-93.5922503,44.926772],[-93.5922381,44.926872],[-93.592296,44.9269452],[-93.5923621,44.9270289],[-93.5925763,44.9271914],[-93.5928877,44.927376],[-93.5930935,44.9274644],[-93.59334341650501,44.92756669192668]]]},"properties":{"id":"alpr-branch-circle-road-285","layer":"alpr_corridor","name":"Circle Road","county":"Hennepin County","state":"MN","countyFips":"27053","confidence":"probabilistic","sourceDate":null,"attributes":{"kind":"branch","road":"Circle Road","roadName":null,"roadClass":"residential","readerCount":1,"siteCount":1,"operatorCount":1,"operators":"South Lake Minnetonka PD","unattributedReaders":0,"siteLngs":"-93.592648","siteLats":"44.926701","siteReaders":"1"}}},{"type":"Feature","geometry":{"type":"MultiLineString","coordinates":[[[-93.30844952835093,44.29200923817431],[-93.306984,44.292606],[-93.3067009797704,44.29271915458039],[-93.305901,44.293037],[-93.305664,44.293126],[-93.305534,44.293175],[-93.305077,44.293335],[-93.30491948659461,44.29338448805375]]]},"properties":{"id":"alpr-branch-mn-60-286","layer":"alpr_corridor","name":"MN 60 — Highway 60 West","county":"Rice County","state":"MN","countyFips":"27131","confidence":"probabilistic","sourceDate":null,"attributes":{"kind":"branch","road":"MN 60","roadName":"Highway 60 West","roadClass":"primary","readerCount":1,"siteCount":1,"operatorCount":1,"operators":"Faribault Police Department","unattributedReaders":0,"siteLngs":"-93.306653","siteLats":"44.292657","siteReaders":"1"}}},{"type":"Feature","geometry":{"type":"MultiLineString","coordinates":[[[-93.2900168,44.2944812],[-93.28971013878497,44.294483688423654],[-93.2888384,44.2944908],[-93.28769995894936,44.29450117246291]]]},"properties":{"id":"alpr-branch-mn-60-287","layer":"alpr_corridor","name":"MN 60 — Highway 60 West","county":"Rice County","state":"MN","countyFips":"27131","confidence":"probabilistic","sourceDate":null,"attributes":{"kind":"branch","road":"MN 60","roadName":"Highway 60 West","roadClass":"primary","readerCount":1,"siteCount":1,"operatorCount":1,"operators":"Faribault Police Department","unattributedReaders":0,"siteLngs":"-93.289709","siteLats":"44.294430","siteReaders":"1"}}},{"type":"Feature","geometry":{"type":"MultiLineString","coordinates":[[[-93.24476185813026,44.291481962150826],[-93.244461,44.291462],[-93.243828,44.291397],[-93.243202,44.291313],[-93.24278218747867,44.2912410160479],[-93.2425203,44.291196],[-93.242058,44.291107],[-93.241554,44.290981],[-93.24087045455273,44.2908010888377]]]},"properties":{"id":"alpr-branch-mn-60-288","layer":"alpr_corridor","name":"MN 60 — Kenyon Boulevard","county":"Rice County","state":"MN","countyFips":"27131","confidence":"probabilistic","sourceDate":null,"attributes":{"kind":"branch","road":"MN 60","roadName":"Kenyon Boulevard","roadClass":"primary","readerCount":1,"siteCount":1,"operatorCount":1,"operators":"Faribault Police Department","unattributedReaders":0,"siteLngs":"-93.242743","siteLats":"44.291359","siteReaders":"1"}}},{"type":"Feature","geometry":{"type":"MultiLineString","coordinates":[[[-93.29504157748153,44.31906440764486],[-93.2951184,44.3189571],[-93.2951996,44.3188449],[-93.2953377,44.318681],[-93.295471,44.318516],[-93.295586,44.318348],[-93.295595,44.3183311],[-93.2956329,44.3182241],[-93.2957159,44.318082],[-93.295815,44.317963],[-93.29599811194701,44.3178092796569],[-93.2961333,44.3177211],[-93.2962367,44.3176537]]]},"properties":{"id":"alpr-branch-30th-street-northwest-289","layer":"alpr_corridor","name":"30th Street Northwest","county":"Rice County","state":"MN","countyFips":"27131","confidence":"probabilistic","sourceDate":null,"attributes":{"kind":"branch","road":"30th Street Northwest","roadName":null,"roadClass":"tertiary","readerCount":1,"siteCount":1,"operatorCount":1,"operators":"Faribault Police Department","unattributedReaders":0,"siteLngs":"-93.295900","siteLats":"44.317731","siteReaders":"1"}}},{"type":"Feature","geometry":{"type":"MultiLineString","coordinates":[[[-93.35483849489832,45.201151010176446],[-93.3549887,45.2011504],[-93.355089,45.20115],[-93.3552105,45.20115],[-93.3561331,45.2011496],[-93.35687946130554,45.20112051341691],[-93.35697,45.2011156],[-93.3572355,45.2011062],[-93.3576501,45.2011118],[-93.3577934,45.2011137]]]},"properties":{"id":"alpr-branch-riverdale-boulevard-northwest-291","layer":"alpr_corridor","name":"Riverdale Boulevard Northwest","county":"Anoka County","state":"MN","countyFips":"27003","confidence":"probabilistic","sourceDate":null,"attributes":{"kind":"branch","road":"Riverdale Boulevard Northwest","roadName":null,"roadClass":"unclassified","readerCount":1,"siteCount":1,"operatorCount":0,"operators":null,"unattributedReaders":1,"siteLngs":"-93.356875","siteLats":"45.201081","siteReaders":"1"}}},{"type":"Feature","geometry":{"type":"MultiLineString","coordinates":[[[-92.89600571159117,45.323925865496676],[-92.8960888,45.323533],[-92.8962908,45.322501],[-92.8962908,45.322501],[-92.8963728,45.3220046],[-92.8964208,45.3218069],[-92.8965975845939,45.321078819233875]]]},"properties":{"id":"alpr-branch-cr-23-293","layer":"alpr_corridor","name":"CR 23 — Green Lake Trail","county":"Chisago County","state":"MN","countyFips":"27025","confidence":"probabilistic","sourceDate":null,"attributes":{"kind":"branch","road":"CR 23","roadName":"Green Lake Trail","roadClass":"secondary","readerCount":1,"siteCount":1,"operatorCount":0,"operators":null,"unattributedReaders":1,"siteLngs":"-92.896291","siteLats":"45.322501","siteReaders":"1"}}},{"type":"Feature","geometry":{"type":"MultiLineString","coordinates":[[[-93.2174561,44.6432338],[-93.21745007077783,44.64361741309771],[-93.2174447,44.6439638],[-93.2174607,44.6442422],[-93.2174806,44.6443735],[-93.2175034,44.6444891],[-93.2175167,44.6445387]]]},"properties":{"id":"alpr-branch-cr-23-295","layer":"alpr_corridor","name":"CR 23 — Cedar Avenue / Richard J. Ames Memorial Highway","county":"Dakota County","state":"MN","countyFips":"27037","confidence":"probabilistic","sourceDate":null,"attributes":{"kind":"branch","road":"CR 23","roadName":"Cedar Avenue / Richard J. Ames Memorial Highway","roadClass":"primary","readerCount":1,"siteCount":1,"operatorCount":0,"operators":null,"unattributedReaders":1,"siteLngs":"-93.217247","siteLats":"44.643616","siteReaders":"1"}}},{"type":"Feature","geometry":{"type":"MultiLineString","coordinates":[[[-93.21785153868599,44.71464324395498],[-93.21781393657055,44.71320457950329],[-93.21779066640057,44.71176576195073]]]},"properties":{"id":"alpr-branch-cr-23-296","layer":"alpr_corridor","name":"CR 23 — Cedar Avenue","county":"Dakota County","state":"MN","countyFips":"27037","confidence":"probabilistic","sourceDate":null,"attributes":{"kind":"branch","road":"CR 23","roadName":"Cedar Avenue","roadClass":"primary","readerCount":1,"siteCount":1,"operatorCount":0,"operators":null,"unattributedReaders":1,"siteLngs":"-93.217727","siteLats":"44.713205","siteReaders":"1"}}},{"type":"Feature","geometry":{"type":"MultiLineString","coordinates":[[[-93.4204101,44.894279],[-93.4202358,44.8942989],[-93.4200576357624,44.89432157264183],[-93.4199568,44.894331],[-93.4198387,44.8943344],[-93.4197082,44.8943292],[-93.4195737,44.8943201],[-93.4194389,44.894317],[-93.419285,44.8943209],[-93.4191993,44.8943233],[-93.4190413,44.8943356]]]},"properties":{"id":"alpr-branch-red-circle-drive-297","layer":"alpr_corridor","name":"Red Circle Drive","county":"Hennepin County","state":"MN","countyFips":"27053","confidence":"probabilistic","sourceDate":null,"attributes":{"kind":"branch","road":"Red Circle Drive","roadName":null,"roadClass":"tertiary","readerCount":1,"siteCount":1,"operatorCount":0,"operators":null,"unattributedReaders":1,"siteLngs":"-93.420072","siteLats":"44.894397","siteReaders":"1"}}},{"type":"Feature","geometry":{"type":"MultiLineString","coordinates":[[[-92.1100988015591,46.79774304627284],[-92.1100407,46.7977071],[-92.1099161,46.7976304],[-92.1098581,46.7975947],[-92.1097945,46.7975556],[-92.10853666881549,46.796780322977234],[-92.1083204,46.7966468]]]},"properties":{"id":"alpr-branch-mn-194-298","layer":"alpr_corridor","name":"MN 194 — East Central Entrance","county":"St. Louis County","state":"MN","countyFips":"27137","confidence":"probabilistic","sourceDate":null,"attributes":{"kind":"branch","road":"MN 194","roadName":"East Central Entrance","roadClass":"trunk","readerCount":1,"siteCount":1,"operatorCount":0,"operators":null,"unattributedReaders":1,"siteLngs":"-92.108419","siteLats":"46.796871","siteReaders":"1"}}},{"type":"Feature","geometry":{"type":"MultiLineString","coordinates":[[[-93.40789965926794,45.06041991618584],[-93.407883,45.060425],[-93.407692,45.0604595],[-93.407486,45.0604715],[-93.4073733,45.060466],[-93.4072786,45.0604613],[-93.4070917,45.0604306],[-93.4068993,45.0603712],[-93.4064761,45.0602284],[-93.4062904,45.0601685],[-93.40597048472044,45.06010536646508],[-93.4058789,45.060095],[-93.4056439,45.0600587]]]},"properties":{"id":"alpr-branch-59th-avenue-north-299","layer":"alpr_corridor","name":"59th Avenue North","county":"Hennepin County","state":"MN","countyFips":"27053","confidence":"probabilistic","sourceDate":null,"attributes":{"kind":"branch","road":"59th Avenue North","roadName":null,"roadClass":"unclassified","readerCount":1,"siteCount":1,"operatorCount":0,"operators":null,"unattributedReaders":1,"siteLngs":"-93.405944","siteLats":"45.060223","siteReaders":"1"}}},{"type":"Feature","geometry":{"type":"MultiLineString","coordinates":[[[-93.4082828,45.0603042],[-93.4081228,45.0603515],[-93.408096,45.06036],[-93.407883,45.060425],[-93.407692,45.0604595],[-93.407486,45.0604715],[-93.4072786,45.0604613],[-93.4072786,45.0604613],[-93.4070917,45.0604306],[-93.4068993,45.0603712],[-93.4064761,45.0602284],[-93.4062904,45.0601685],[-93.4060927,45.0601192],[-93.4058789,45.060095],[-93.4056439,45.0600587]]]},"properties":{"id":"alpr-branch-59th-avenue-north-300","layer":"alpr_corridor","name":"59th Avenue North","county":"Hennepin County","state":"MN","countyFips":"27053","confidence":"probabilistic","sourceDate":null,"attributes":{"kind":"branch","road":"59th Avenue North","roadName":null,"roadClass":"unclassified","readerCount":1,"siteCount":1,"operatorCount":0,"operators":null,"unattributedReaders":1,"siteLngs":"-93.407246","siteLats":"45.060563","siteReaders":"1"}}},{"type":"Feature","geometry":{"type":"MultiLineString","coordinates":[[[-93.0646492,44.9015502],[-93.0645461,44.901513],[-93.0645304,44.9015133],[-93.06297384552394,44.90151520685767],[-93.0629392,44.901515],[-93.0627865,44.9015425]]]},"properties":{"id":"alpr-branch-thompson-avenue-301","layer":"alpr_corridor","name":"Thompson Avenue","county":"Dakota County","state":"MN","countyFips":"27037","confidence":"probabilistic","sourceDate":null,"attributes":{"kind":"branch","road":"Thompson Avenue","roadName":null,"roadClass":"tertiary","readerCount":1,"siteCount":1,"operatorCount":0,"operators":null,"unattributedReaders":1,"siteLngs":"-93.062974","siteLats":"44.901477","siteReaders":"1"}}},{"type":"Feature","geometry":{"type":"MultiLineString","coordinates":[[[-92.83376213219346,45.35866506898551],[-92.834465,45.359212],[-92.834881,45.359535],[-92.83513408431799,45.35973330889156],[-92.8358703,45.3603115],[-92.8360112,45.3604221],[-92.836454,45.3607811],[-92.83649183978167,45.36081043015574]]]},"properties":{"id":"alpr-branch-cr-25-303","layer":"alpr_corridor","name":"CR 25 — Olinda Trail","county":"Chisago County","state":"MN","countyFips":"27025","confidence":"probabilistic","sourceDate":null,"attributes":{"kind":"branch","road":"CR 25","roadName":"Olinda Trail","roadClass":"tertiary","readerCount":1,"siteCount":1,"operatorCount":0,"operators":null,"unattributedReaders":1,"siteLngs":"-92.835268","siteLats":"45.359648","siteReaders":"1"}}},{"type":"Feature","geometry":{"type":"MultiLineString","coordinates":[[[-93.33434403977307,44.94722138916901],[-93.334903,44.9470798],[-93.3351396,44.9470112],[-93.3354043,44.9469336],[-93.33622306898552,44.94667399448177],[-93.3362839,44.9466551],[-93.3380715439004,44.94607497649029]]]},"properties":{"id":"alpr-branch-cr-25-304","layer":"alpr_corridor","name":"CR 25 — County Road 25","county":"Hennepin County","state":"MN","countyFips":"27053","confidence":"probabilistic","sourceDate":null,"attributes":{"kind":"branch","road":"CR 25","roadName":"County Road 25","roadClass":"primary","readerCount":1,"siteCount":1,"operatorCount":0,"operators":null,"unattributedReaders":1,"siteLngs":"-93.336254","siteLats":"44.946724","siteReaders":"1"}}},{"type":"Feature","geometry":{"type":"MultiLineString","coordinates":[[[-93.43954728080625,44.97018521679069],[-93.4394026,44.9701542],[-93.4392024,44.9701329],[-93.4390583,44.9701545]]]},"properties":{"id":"alpr-branch-ridgedale-center-305","layer":"alpr_corridor","name":"Ridgedale Center","county":"Hennepin County","state":"MN","countyFips":"27053","confidence":"probabilistic","sourceDate":null,"attributes":{"kind":"branch","road":"Ridgedale Center","roadName":null,"roadClass":"unclassified","readerCount":1,"siteCount":1,"operatorCount":0,"operators":null,"unattributedReaders":1,"siteLngs":"-93.439574","siteLats":"44.970123","siteReaders":"1"}}},{"type":"Feature","geometry":{"type":"MultiLineString","coordinates":[[[-93.4390583,44.9701545],[-93.4387325,44.9701805],[-93.4384024,44.9702448],[-93.43771576366433,44.97027136470069],[-93.4375757,44.9702717],[-93.4361667,44.97028],[-93.4359939,44.9702818],[-93.4357546,44.9702832],[-93.43568196827503,44.97028366066633]]]},"properties":{"id":"alpr-branch-ridgedale-center-306","layer":"alpr_corridor","name":"Ridgedale Center","county":"Hennepin County","state":"MN","countyFips":"27053","confidence":"probabilistic","sourceDate":null,"attributes":{"kind":"branch","road":"Ridgedale Center","roadName":null,"roadClass":"unclassified","readerCount":1,"siteCount":1,"operatorCount":0,"operators":null,"unattributedReaders":1,"siteLngs":"-93.437715","siteLats":"44.970194","siteReaders":"1"}}},{"type":"Feature","geometry":{"type":"MultiLineString","coordinates":[[[-93.5514039,45.2102348],[-93.5512625,45.2102334],[-93.550275,45.2102225],[-93.5500979,45.2102216]]]},"properties":{"id":"alpr-branch-cr-144-307","layer":"alpr_corridor","name":"CR 144 — 141st Avenue North","county":"Hennepin County","state":"MN","countyFips":"27053","confidence":"probabilistic","sourceDate":null,"attributes":{"kind":"branch","road":"CR 144","roadName":"141st Avenue North","roadClass":"secondary","readerCount":1,"siteCount":1,"operatorCount":0,"operators":null,"unattributedReaders":1,"siteLngs":"-93.551404","siteLats":"45.210235","siteReaders":"1"}}},{"type":"Feature","geometry":{"type":"MultiLineString","coordinates":[[[-93.5537344,45.2104192],[-93.55423790889637,45.21041008594561],[-93.5549337,45.2104077],[-93.5557575,45.2104143],[-93.55628028721152,45.21041578359616]]]},"properties":{"id":"alpr-branch-cr-144-308","layer":"alpr_corridor","name":"CR 144 — 141st Avenue North","county":"Hennepin County","state":"MN","countyFips":"27053","confidence":"probabilistic","sourceDate":null,"attributes":{"kind":"branch","road":"CR 144","roadName":"141st Avenue North","roadClass":"secondary","readerCount":1,"siteCount":1,"operatorCount":0,"operators":null,"unattributedReaders":1,"siteLngs":"-93.554238","siteLats":"45.210497","siteReaders":"1"}}},{"type":"Feature","geometry":{"type":"MultiLineString","coordinates":[[[-93.39384524056524,45.03186911974525],[-93.39385061693827,45.033308027310596],[-93.3938507,45.0333389],[-93.3938513,45.0333896],[-93.3938532,45.0335067]]]},"properties":{"id":"alpr-branch-ensign-avenue-north-309","layer":"alpr_corridor","name":"Ensign Avenue North","county":"Hennepin County","state":"MN","countyFips":"27053","confidence":"probabilistic","sourceDate":null,"attributes":{"kind":"branch","road":"Ensign Avenue North","roadName":null,"roadClass":"residential","readerCount":1,"siteCount":1,"operatorCount":0,"operators":null,"unattributedReaders":1,"siteLngs":"-93.393944","siteLats":"45.033308","siteReaders":"1"}}},{"type":"Feature","geometry":{"type":"MultiLineString","coordinates":[[[-92.986831624812,45.29695150055905],[-92.98730332836887,45.29835163525582]]]},"properties":{"id":"alpr-branch-us-61-310","layer":"alpr_corridor","name":"US 61 — Forest Boulevard","county":"Chisago County","state":"MN","countyFips":"27025","confidence":"probabilistic","sourceDate":null,"attributes":{"kind":"branch","road":"US 61","roadName":"Forest Boulevard","roadClass":"primary","readerCount":1,"siteCount":1,"operatorCount":0,"operators":null,"unattributedReaders":1,"siteLngs":"-92.986717","siteLats":"45.296971","siteReaders":"1"}}},{"type":"Feature","geometry":{"type":"MultiLineString","coordinates":[[[-93.00308166311133,45.33646326066243],[-93.002619,45.336462],[-93.0020144,45.3364603],[-93.0014123,45.3364586],[-93.001189,45.336458],[-93.00103469308424,45.33645832349458]]]},"properties":{"id":"alpr-branch-us-61-311","layer":"alpr_corridor","name":"US 61 — East Viking Boulevard","county":"Chisago County","state":"MN","countyFips":"27025","confidence":"probabilistic","sourceDate":null,"attributes":{"kind":"branch","road":"US 61","roadName":"East Viking Boulevard","roadClass":"primary","readerCount":1,"siteCount":1,"operatorCount":0,"operators":null,"unattributedReaders":1,"siteLngs":"-93.003082","siteLats":"45.336346","siteReaders":"1"}}},{"type":"Feature","geometry":{"type":"MultiLineString","coordinates":[[[-92.30754991701086,44.4839707728573],[-92.30825432973347,44.48531907043242],[-92.3084461,44.4857151],[-92.3087157,44.4862291],[-92.30897589764237,44.48666209588445]]]},"properties":{"id":"alpr-branch-us-61-314","layer":"alpr_corridor","name":"US 61 — Route 61/Route 63","county":"Goodhue County","state":"MN","countyFips":"27049","confidence":"probabilistic","sourceDate":null,"attributes":{"kind":"branch","road":"US 61","roadName":"Route 61/Route 63","roadClass":"trunk","readerCount":1,"siteCount":1,"operatorCount":0,"operators":null,"unattributedReaders":1,"siteLngs":"-92.308494","siteLats":"44.485259","siteReaders":"1"}}},{"type":"Feature","geometry":{"type":"MultiLineString","coordinates":[[[-92.98636923110706,45.254613595745],[-92.9866851,45.2544928]]]},"properties":{"id":"alpr-branch-us-61-315","layer":"alpr_corridor","name":"US 61 — Scandia Trail North","county":"Washington County","state":"MN","countyFips":"27163","confidence":"probabilistic","sourceDate":null,"attributes":{"kind":"branch","road":"US 61","roadName":"Scandia Trail North","roadClass":"primary","readerCount":1,"siteCount":1,"operatorCount":0,"operators":null,"unattributedReaders":1,"siteLngs":"-92.986435","siteLats":"45.254700","siteReaders":"1"}}},{"type":"Feature","geometry":{"type":"MultiLineString","coordinates":[[[-92.85280181196433,44.74937013653785],[-92.8527943,44.7494436],[-92.8527592,44.7498107],[-92.8527504,44.7501603],[-92.8527434,44.7505711],[-92.85274792378145,44.750807902560254]]]},"properties":{"id":"alpr-branch-us-61-316","layer":"alpr_corridor","name":"US 61 — Hiawatha Pioneer Trail/Disabled American Veterans Highway/Voyageur Highway","county":"Washington County","state":"MN","countyFips":"27163","confidence":"probabilistic","sourceDate":null,"attributes":{"kind":"branch","road":"US 61","roadName":"Hiawatha Pioneer Trail/Disabled American Veterans Highway/Voyageur Highway","roadClass":"trunk","readerCount":1,"siteCount":1,"operatorCount":0,"operators":null,"unattributedReaders":1,"siteLngs":"-92.852711","siteLats":"44.749365","siteReaders":"1"}}},{"type":"Feature","geometry":{"type":"MultiLineString","coordinates":[[[-93.04089736605161,45.03888108857878],[-93.040847,45.038948],[-93.040654,45.039229],[-93.040475,45.039514],[-93.04031,45.039803],[-93.0401089078722,45.040206024042895],[-93.040023,45.040393],[-93.039901,45.040693],[-93.039846,45.040845],[-93.039835,45.040868],[-93.039699,45.041148]]]},"properties":{"id":"alpr-branch-us-61-317","layer":"alpr_corridor","name":"US 61","county":"Ramsey County","state":"MN","countyFips":"27123","confidence":"probabilistic","sourceDate":null,"attributes":{"kind":"branch","road":"US 61","roadName":null,"roadClass":"primary","readerCount":1,"siteCount":1,"operatorCount":0,"operators":null,"unattributedReaders":1,"siteLngs":"-93.039981","siteLats":"45.040176","siteReaders":"1"}}},{"type":"Feature","geometry":{"type":"MultiLineString","coordinates":[[[-92.82384763363899,44.60076054832947],[-92.8228858,44.6007467]]]},"properties":{"id":"alpr-branch-us-61-318","layer":"alpr_corridor","name":"US 61 — Route 61","county":"Dakota County","state":"MN","countyFips":"27037","confidence":"probabilistic","sourceDate":null,"attributes":{"kind":"branch","road":"US 61","roadName":"Route 61","roadClass":"trunk","readerCount":1,"siteCount":1,"operatorCount":0,"operators":null,"unattributedReaders":1,"siteLngs":"-92.823845","siteLats":"44.600847","siteReaders":"1"}}},{"type":"Feature","geometry":{"type":"MultiLineString","coordinates":[[[-92.61708169777852,44.56903125640034],[-92.6157364,44.5697308]]]},"properties":{"id":"alpr-branch-us-61-319","layer":"alpr_corridor","name":"US 61 — Route 61","county":"Goodhue County","state":"MN","countyFips":"27049","confidence":"probabilistic","sourceDate":null,"attributes":{"kind":"branch","road":"US 61","roadName":"Route 61","roadClass":"trunk","readerCount":1,"siteCount":1,"operatorCount":0,"operators":null,"unattributedReaders":1,"siteLngs":"-92.617041","siteLats":"44.568991","siteReaders":"1"}}},{"type":"Feature","geometry":{"type":"MultiLineString","coordinates":[[[-93.0253263430178,45.063546928284495],[-93.024798,45.0646329],[-93.024742,45.064748],[-93.02466019593949,45.064906714558326],[-93.0242128,45.0657744],[-93.02397202309183,45.066261019355245]]]},"properties":{"id":"alpr-branch-us-61-320","layer":"alpr_corridor","name":"US 61","county":"Ramsey County","state":"MN","countyFips":"27123","confidence":"probabilistic","sourceDate":null,"attributes":{"kind":"branch","road":"US 61","roadName":null,"roadClass":"primary","readerCount":1,"siteCount":1,"operatorCount":0,"operators":null,"unattributedReaders":1,"siteLngs":"-93.024514","siteLats":"45.064869","siteReaders":"1"}}},{"type":"Feature","geometry":{"type":"MultiLineString","coordinates":[[[-93.13866214736142,44.95129529815234],[-93.13662894666398,44.95129698548251],[-93.1365939,44.951297],[-93.1364808,44.9512974]]]},"properties":{"id":"alpr-branch-rondo-avenue-322","layer":"alpr_corridor","name":"Rondo Avenue","county":"Ramsey County","state":"MN","countyFips":"27123","confidence":"probabilistic","sourceDate":null,"attributes":{"kind":"branch","road":"Rondo Avenue","roadName":null,"roadClass":"tertiary","readerCount":1,"siteCount":1,"operatorCount":0,"operators":null,"unattributedReaders":1,"siteLngs":"-93.136629","siteLats":"44.951240","siteReaders":"1"}}},{"type":"Feature","geometry":{"type":"MultiLineString","coordinates":[[[-92.98582379693217,45.6842279539092],[-92.98788340611685,45.684216652781934],[-92.9884406,45.6842133]]]},"properties":{"id":"alpr-branch-west-4th-street-323","layer":"alpr_corridor","name":"West 4th Street","county":"Chisago County","state":"MN","countyFips":"27025","confidence":"probabilistic","sourceDate":null,"attributes":{"kind":"branch","road":"West 4th Street","roadName":null,"roadClass":"tertiary","readerCount":1,"siteCount":1,"operatorCount":1,"operators":"Chisago County Sheriff's Office","unattributedReaders":0,"siteLngs":"-92.987882","siteLats":"45.684117","siteReaders":"1"}}},{"type":"Feature","geometry":{"type":"MultiLineString","coordinates":[[[-93.26898095735291,44.298138936009515],[-93.269881,44.2981214],[-93.27099106271723,44.29811737062348],[-93.2714579,44.2981166],[-93.2715787,44.2981164],[-93.27300087131385,44.29808580774419]]]},"properties":{"id":"alpr-branch-7th-street-northwest-324","layer":"alpr_corridor","name":"7th Street Northwest","county":"Rice County","state":"MN","countyFips":"27131","confidence":"probabilistic","sourceDate":null,"attributes":{"kind":"branch","road":"7th Street Northwest","roadName":null,"roadClass":"tertiary","readerCount":1,"siteCount":1,"operatorCount":1,"operators":"Faribault Police Department","unattributedReaders":0,"siteLngs":"-93.270991","siteLats":"44.298192","siteReaders":"1"}}},{"type":"Feature","geometry":{"type":"MultiLineString","coordinates":[[[-93.357844,45.1995566],[-93.3575692,45.199551],[-93.3575692,45.199551],[-93.3574739,45.1995491],[-93.3572915,45.1995245],[-93.357155,45.199468],[-93.3571308,45.1994438],[-93.3570206,45.1993336],[-93.356686,45.199084],[-93.3561899,45.1987397],[-93.35605752745545,45.19864786116893]]]},"properties":{"id":"alpr-branch-river-rapids-drive-325","layer":"alpr_corridor","name":"River Rapids Drive","county":"Anoka County","state":"MN","countyFips":"27003","confidence":"probabilistic","sourceDate":null,"attributes":{"kind":"branch","road":"River Rapids Drive","roadName":null,"roadClass":"unclassified","readerCount":1,"siteCount":1,"operatorCount":0,"operators":null,"unattributedReaders":1,"siteLngs":"-93.357569","siteLats":"45.199551","siteReaders":"1"}}},{"type":"Feature","geometry":{"type":"MultiLineString","coordinates":[[[-93.35438933447041,45.198083828754534],[-93.3543939,45.1977391],[-93.3543925,45.1976296]]]},"properties":{"id":"alpr-branch-river-rapids-drive-326","layer":"alpr_corridor","name":"River Rapids Drive","county":"Anoka County","state":"MN","countyFips":"27003","confidence":"probabilistic","sourceDate":null,"attributes":{"kind":"branch","road":"River Rapids Drive","roadName":null,"roadClass":"unclassified","readerCount":1,"siteCount":1,"operatorCount":0,"operators":null,"unattributedReaders":1,"siteLngs":"-93.354295","siteLats":"45.198083","siteReaders":"1"}}},{"type":"Feature","geometry":{"type":"MultiLineString","coordinates":[[[-92.89944295157603,45.25355947013126],[-92.8973993094704,45.25353272308556],[-92.896922,45.253528],[-92.89633,45.253522],[-92.89535543360228,45.25351896774612]]]},"properties":{"id":"alpr-branch-mn-97-327","layer":"alpr_corridor","name":"MN 97 — Scandia Trail North","county":"Washington County","state":"MN","countyFips":"27163","confidence":"probabilistic","sourceDate":null,"attributes":{"kind":"branch","road":"MN 97","roadName":"Scandia Trail North","roadClass":"primary","readerCount":1,"siteCount":1,"operatorCount":0,"operators":null,"unattributedReaders":1,"siteLngs":"-92.897397","siteLats":"45.253640","siteReaders":"1"}}},{"type":"Feature","geometry":{"type":"MultiLineString","coordinates":[[[-92.9774676,45.2605411],[-92.9774676,45.2605411],[-92.9772674,45.2605769],[-92.9770758,45.2606161],[-92.9768979,45.2606589],[-92.9767045,45.260709],[-92.9766367,45.2607266],[-92.9765189,45.2607541],[-92.9763873,45.2607717],[-92.9762963,45.2607698],[-92.9761934,45.2607536],[-92.9761079,45.2607177],[-92.9760541,45.2606964]]]},"properties":{"id":"alpr-branch-mn-97-328","layer":"alpr_corridor","name":"MN 97 — Scandia Trail North","county":"Washington County","state":"MN","countyFips":"27163","confidence":"probabilistic","sourceDate":null,"attributes":{"kind":"branch","road":"MN 97","roadName":"Scandia Trail North","roadClass":"primary","readerCount":1,"siteCount":1,"operatorCount":0,"operators":null,"unattributedReaders":1,"siteLngs":"-92.977449","siteLats":"45.260460","siteReaders":"1"}}},{"type":"Feature","geometry":{"type":"MultiLineString","coordinates":[[[-93.81758501760507,45.36540879027025],[-93.817837,45.365413],[-93.818623,45.365413],[-93.819241,45.365421],[-93.81963282496733,45.36542537721287],[-93.819794,45.365423]]]},"properties":{"id":"alpr-branch-142nd-street-329","layer":"alpr_corridor","name":"142nd Street","county":"Sherburne County","state":"MN","countyFips":"27141","confidence":"probabilistic","sourceDate":null,"attributes":{"kind":"branch","road":"142nd Street","roadName":null,"roadClass":"residential","readerCount":1,"siteCount":1,"operatorCount":0,"operators":null,"unattributedReaders":1,"siteLngs":"-93.819636","siteLats":"45.365523","siteReaders":"1"}}},{"type":"Feature","geometry":{"type":"MultiLineString","coordinates":[[[-92.94778053286065,45.68994246976358],[-92.9474929,45.6900827],[-92.9473895,45.6901302],[-92.9471965,45.6902187],[-92.9470549,45.6902796],[-92.9464392,45.6905441],[-92.946045556423,45.69071754641169]]]},"properties":{"id":"alpr-branch-cr-55-330","layer":"alpr_corridor","name":"CR 55 — Rushseba Trail","county":"Chisago County","state":"MN","countyFips":"27025","confidence":"probabilistic","sourceDate":null,"attributes":{"kind":"branch","road":"CR 55","roadName":"Rushseba Trail","roadClass":"tertiary","readerCount":1,"siteCount":1,"operatorCount":0,"operators":null,"unattributedReaders":1,"siteLngs":"-92.947847","siteLats":"45.690010","siteReaders":"1"}}},{"type":"Feature","geometry":{"type":"MultiLineString","coordinates":[[[-93.24680013405022,44.86432909582073],[-93.2471311,44.8642675],[-93.2479238,44.8641274],[-93.2483598,44.8640444],[-93.24876766276391,44.863974814220235],[-93.2489114,44.8639515],[-93.2490959,44.8639341]]]},"properties":{"id":"alpr-branch-east-77th-street-331","layer":"alpr_corridor","name":"East 77th Street","county":"Hennepin County","state":"MN","countyFips":"27053","confidence":"probabilistic","sourceDate":null,"attributes":{"kind":"branch","road":"East 77th Street","roadName":null,"roadClass":"tertiary","readerCount":1,"siteCount":1,"operatorCount":0,"operators":null,"unattributedReaders":1,"siteLngs":"-93.248795","siteLats":"44.864062","siteReaders":"1"}}},{"type":"Feature","geometry":{"type":"MultiLineString","coordinates":[[[-93.3709391,44.9564823],[-93.3709219278912,44.95556784049325],[-93.3709177,44.9553208],[-93.3709156,44.955206]]]},"properties":{"id":"alpr-branch-louisiana-avenue-south-332","layer":"alpr_corridor","name":"Louisiana Avenue South","county":"Hennepin County","state":"MN","countyFips":"27053","confidence":"probabilistic","sourceDate":null,"attributes":{"kind":"branch","road":"Louisiana Avenue South","roadName":null,"roadClass":"secondary","readerCount":1,"siteCount":1,"operatorCount":0,"operators":null,"unattributedReaders":1,"siteLngs":"-93.371030","siteLats":"44.955567","siteReaders":"1"}}},{"type":"Feature","geometry":{"type":"MultiLineString","coordinates":[[[-93.3708176,44.9699332],[-93.37081402197636,44.96965031873306],[-93.3708109,44.9692993],[-93.3708018,44.9691466],[-93.3707685,44.9690668]]]},"properties":{"id":"alpr-branch-louisiana-avenue-south-333","layer":"alpr_corridor","name":"Louisiana Avenue South","county":"Hennepin County","state":"MN","countyFips":"27053","confidence":"probabilistic","sourceDate":null,"attributes":{"kind":"branch","road":"Louisiana Avenue South","roadName":null,"roadClass":"secondary","readerCount":1,"siteCount":1,"operatorCount":0,"operators":null,"unattributedReaders":1,"siteLngs":"-93.370863","siteLats":"44.969650","siteReaders":"1"}}},{"type":"Feature","geometry":{"type":"MultiLineString","coordinates":[[[-93.38084383833272,44.93449512088554],[-93.3808423,44.9341164]]]},"properties":{"id":"alpr-branch-texas-avenue-south-334","layer":"alpr_corridor","name":"Texas Avenue South","county":"Hennepin County","state":"MN","countyFips":"27053","confidence":"probabilistic","sourceDate":null,"attributes":{"kind":"branch","road":"Texas Avenue South","roadName":null,"roadClass":"tertiary","readerCount":1,"siteCount":1,"operatorCount":0,"operators":null,"unattributedReaders":1,"siteLngs":"-93.380951","siteLats":"44.934495","siteReaders":"1"}}},{"type":"Feature","geometry":{"type":"MultiLineString","coordinates":[[[-93.3808088,44.9368427],[-93.38085113424255,44.93714403769813],[-93.3808769,44.9371889]]]},"properties":{"id":"alpr-branch-texas-avenue-south-335","layer":"alpr_corridor","name":"Texas Avenue South","county":"Hennepin County","state":"MN","countyFips":"27053","confidence":"probabilistic","sourceDate":null,"attributes":{"kind":"branch","road":"Texas Avenue South","roadName":null,"roadClass":"tertiary","readerCount":1,"siteCount":1,"operatorCount":0,"operators":null,"unattributedReaders":1,"siteLngs":"-93.380756","siteLats":"44.937172","siteReaders":"1"}}},{"type":"Feature","geometry":{"type":"MultiLineString","coordinates":[[[-93.46387132314644,45.2329634526798],[-93.46200003220945,45.2323856677721],[-93.4619476,45.2323695],[-93.4618988,45.2323537],[-93.4608703,45.232037],[-93.4601531,45.2318145],[-93.4601292608388,45.23180710619711]]]},"properties":{"id":"alpr-branch-veterans-drive-337","layer":"alpr_corridor","name":"Veterans Drive","county":"Anoka County","state":"MN","countyFips":"27003","confidence":"probabilistic","sourceDate":null,"attributes":{"kind":"branch","road":"Veterans Drive","roadName":null,"roadClass":"unclassified","readerCount":1,"siteCount":1,"operatorCount":0,"operators":null,"unattributedReaders":1,"siteLngs":"-93.462033","siteLats":"45.232332","siteReaders":"1"}}},{"type":"Feature","geometry":{"type":"MultiLineString","coordinates":[[[-93.46328596388048,45.23382280791767],[-93.4630257,45.23374],[-93.4621249,45.2334595],[-93.4620549,45.233439],[-93.46141532901116,45.23324400883978],[-93.4614153,45.233244],[-93.4603313,45.2329079],[-93.4600223,45.2328078],[-93.45954705979642,45.23266146549215]]]},"properties":{"id":"alpr-branch-sunwood-drive-northwest-338","layer":"alpr_corridor","name":"Sunwood Drive Northwest","county":"Anoka County","state":"MN","countyFips":"27003","confidence":"probabilistic","sourceDate":null,"attributes":{"kind":"branch","road":"Sunwood Drive Northwest","roadName":null,"roadClass":"tertiary","readerCount":1,"siteCount":1,"operatorCount":0,"operators":null,"unattributedReaders":1,"siteLngs":"-93.461359","siteLats":"45.233337","siteReaders":"1"}}},{"type":"Feature","geometry":{"type":"MultiLineString","coordinates":[[[-93.4681567,45.2369297],[-93.4681274,45.2367821],[-93.4681177,45.2366043],[-93.4681213,45.2364412],[-93.46811657186151,45.23633616336996],[-93.4680959,45.2362144],[-93.4680651,45.2361212],[-93.4679957,45.2359811],[-93.4679102,45.2358762],[-93.4678098,45.2357743],[-93.4677395,45.2357188],[-93.4676187,45.2356364],[-93.4673252,45.2354743],[-93.4668970350675,45.23525680820288]]]},"properties":{"id":"alpr-branch-sunwood-drive-northwest-339","layer":"alpr_corridor","name":"Sunwood Drive Northwest","county":"Anoka County","state":"MN","countyFips":"27003","confidence":"probabilistic","sourceDate":null,"attributes":{"kind":"branch","road":"Sunwood Drive Northwest","roadName":null,"roadClass":"tertiary","readerCount":1,"siteCount":1,"operatorCount":0,"operators":null,"unattributedReaders":1,"siteLngs":"-93.467909","siteLats":"45.236354","siteReaders":"1"}}},{"type":"Feature","geometry":{"type":"MultiLineString","coordinates":[[[-93.40251458470526,45.20568326711368],[-93.4024112,45.2055813],[-93.4020247,45.2052469],[-93.4017814,45.2050202],[-93.4016856,45.204973],[-93.4014748,45.2049167],[-93.4014245,45.2049098],[-93.4013598,45.2049009],[-93.4013119,45.2048964],[-93.4011873,45.2049032],[-93.4010901,45.2049132],[-93.40097324457295,45.20492422732316],[-93.400831,45.2049367]]]},"properties":{"id":"alpr-branch-west-main-street-340","layer":"alpr_corridor","name":"West Main Street","county":"Anoka County","state":"MN","countyFips":"27003","confidence":"probabilistic","sourceDate":null,"attributes":{"kind":"branch","road":"West Main Street","roadName":null,"roadClass":"tertiary","readerCount":1,"siteCount":1,"operatorCount":0,"operators":null,"unattributedReaders":1,"siteLngs":"-93.400967","siteLats":"45.204886","siteReaders":"1"}}},{"type":"Feature","geometry":{"type":"MultiLineString","coordinates":[[[-93.4712095,45.2352081],[-93.4710128,45.2353937],[-93.4708841,45.2355147],[-93.4707855,45.23561],[-93.470688,45.2357241],[-93.4705972,45.2358462],[-93.47050883896341,45.235986725142254],[-93.4704698,45.2360589],[-93.4704251,45.2361495],[-93.4703904,45.2362305],[-93.4703534,45.2363263],[-93.4703199,45.2364163],[-93.470279,45.2365805],[-93.4702577,45.2366953],[-93.4702369,45.2368315],[-93.4702345,45.237219],[-93.4702377855539,45.23740085540902]]]},"properties":{"id":"alpr-branch-cr-83-341","layer":"alpr_corridor","name":"CR 83 — Armstrong Boulevard Northwest","county":"Anoka County","state":"MN","countyFips":"27003","confidence":"probabilistic","sourceDate":null,"attributes":{"kind":"branch","road":"CR 83","roadName":"Armstrong Boulevard Northwest","roadClass":"secondary","readerCount":1,"siteCount":1,"operatorCount":0,"operators":null,"unattributedReaders":1,"siteLngs":"-93.470359","siteLats":"45.235946","siteReaders":"1"}}},{"type":"Feature","geometry":{"type":"MultiLineString","coordinates":[[[-93.46953971490831,44.752763508314246],[-93.4695372,44.7529498],[-93.46952556288254,44.75420238507422],[-93.4695203,44.7551199],[-93.46950487327952,44.75564117494782]]]},"properties":{"id":"alpr-branch-cr-83-342","layer":"alpr_corridor","name":"CR 83 — Mystic Lake Drive","county":"Scott County","state":"MN","countyFips":"27139","confidence":"probabilistic","sourceDate":null,"attributes":{"kind":"branch","road":"CR 83","roadName":"Mystic Lake Drive","roadClass":"tertiary","readerCount":1,"siteCount":1,"operatorCount":1,"operators":"Shakopee","unattributedReaders":0,"siteLngs":"-93.469326","siteLats":"44.754202","siteReaders":"1"}}},{"type":"Feature","geometry":{"type":"MultiLineString","coordinates":[[[-93.46983462534051,44.745627505212994],[-93.46983856149332,44.74418859534687]]]},"properties":{"id":"alpr-branch-cr-83-343","layer":"alpr_corridor","name":"CR 83 — Mystic Lake Drive","county":"Scott County","state":"MN","countyFips":"27139","confidence":"probabilistic","sourceDate":null,"attributes":{"kind":"branch","road":"CR 83","roadName":"Mystic Lake Drive","roadClass":"tertiary","readerCount":1,"siteCount":1,"operatorCount":0,"operators":null,"unattributedReaders":1,"siteLngs":"-93.469974","siteLats":"44.745628","siteReaders":"1"}}},{"type":"Feature","geometry":{"type":"MultiLineString","coordinates":[[[-93.4694971,44.7821042],[-93.4695123,44.7828079],[-93.4695147,44.7829171],[-93.46953684825715,44.78342068840812],[-93.4696059,44.7848025],[-93.4696075,44.784838],[-93.46960842911298,44.784858703442225]]]},"properties":{"id":"alpr-branch-cr-83-344","layer":"alpr_corridor","name":"CR 83 — Canterbury Road","county":"Scott County","state":"MN","countyFips":"27139","confidence":"probabilistic","sourceDate":null,"attributes":{"kind":"branch","road":"CR 83","roadName":"Canterbury Road","roadClass":"tertiary","readerCount":1,"siteCount":1,"operatorCount":1,"operators":"Shakopee Police","unattributedReaders":0,"siteLngs":"-93.469415","siteLats":"44.783424","siteReaders":"1"}}},{"type":"Feature","geometry":{"type":"MultiLineString","coordinates":[[[-93.50036657783761,45.29898666848244],[-93.5003742,45.2981332],[-93.5003903,45.2977917],[-93.50040130859716,45.29754808351835]]]},"properties":{"id":"alpr-branch-cr-83-345","layer":"alpr_corridor","name":"CR 83 — Baugh Street Northwest","county":"Anoka County","state":"MN","countyFips":"27003","confidence":"probabilistic","sourceDate":null,"attributes":{"kind":"branch","road":"CR 83","roadName":"Baugh Street Northwest","roadClass":"secondary","readerCount":1,"siteCount":1,"operatorCount":0,"operators":null,"unattributedReaders":1,"siteLngs":"-93.500441","siteLats":"45.298987","siteReaders":"1"}}},{"type":"Feature","geometry":{"type":"MultiLineString","coordinates":[[[-93.4496505,45.2323747],[-93.44965102249479,45.232763079732216],[-93.4496522,45.2332942],[-93.4496555,45.2334269],[-93.44966038698848,45.23420196367884]]]},"properties":{"id":"alpr-branch-cr-56-346","layer":"alpr_corridor","name":"CR 56 — Ramsey Boulevard Northwest","county":"Anoka County","state":"MN","countyFips":"27003","confidence":"probabilistic","sourceDate":null,"attributes":{"kind":"branch","road":"CR 56","roadName":"Ramsey Boulevard Northwest","roadClass":"tertiary","readerCount":1,"siteCount":1,"operatorCount":0,"operators":null,"unattributedReaders":1,"siteLngs":"-93.449543","siteLats":"45.232763","siteReaders":"1"}}},{"type":"Feature","geometry":{"type":"MultiLineString","coordinates":[[[-93.3970662,45.2248165],[-93.39787316866274,45.22458428348629],[-93.3979318,45.224567],[-93.3980304,45.2245348],[-93.3982338,45.2244749],[-93.3982531,45.2244684],[-93.3983837,45.2244309],[-93.3985127,45.2243978],[-93.3986909,45.224358],[-93.3987827,45.2243396],[-93.3989153,45.224318],[-93.399065,45.2242987],[-93.399242,45.2242805],[-93.3994265,45.2242686],[-93.3996151,45.2242668],[-93.3998407,45.2242691],[-93.39984214272677,45.22426920867293]]]},"properties":{"id":"alpr-branch-cr-116-347","layer":"alpr_corridor","name":"CR 116 — Bunker Lake Boulevard","county":"Anoka County","state":"MN","countyFips":"27003","confidence":"probabilistic","sourceDate":null,"attributes":{"kind":"branch","road":"CR 116","roadName":"Bunker Lake Boulevard","roadClass":"secondary","readerCount":1,"siteCount":1,"operatorCount":0,"operators":null,"unattributedReaders":1,"siteLngs":"-93.397906","siteLats":"45.224640","siteReaders":"1"}}},{"type":"Feature","geometry":{"type":"MultiLineString","coordinates":[[[-93.23478,45.2189492],[-93.2348856,45.2189501],[-93.2354982,45.218955],[-93.23571778140374,45.218951584278145],[-93.2360664,45.2189534],[-93.236807,45.218875]]]},"properties":{"id":"alpr-branch-cr-116-348","layer":"alpr_corridor","name":"CR 116 — Bunker Lake Boulevard Northeast","county":"Anoka County","state":"MN","countyFips":"27003","confidence":"probabilistic","sourceDate":null,"attributes":{"kind":"branch","road":"CR 116","roadName":"Bunker Lake Boulevard Northeast","roadClass":"secondary","readerCount":1,"siteCount":1,"operatorCount":0,"operators":null,"unattributedReaders":1,"siteLngs":"-93.235717","siteLats":"45.219056","siteReaders":"1"}}},{"type":"Feature","geometry":{"type":"MultiLineString","coordinates":[[[-93.54254365617714,45.151046589684725],[-93.54251657990676,45.152485375559046],[-93.5425094,45.152802]]]},"properties":{"id":"alpr-branch-cr-116-349","layer":"alpr_corridor","name":"CR 116 — County Road 116","county":"Hennepin County","state":"MN","countyFips":"27053","confidence":"probabilistic","sourceDate":null,"attributes":{"kind":"branch","road":"CR 116","roadName":"County Road 116","roadClass":"secondary","readerCount":1,"siteCount":1,"operatorCount":0,"operators":null,"unattributedReaders":1,"siteLngs":"-93.542624","siteLats":"45.152487","siteReaders":"1"}}},{"type":"Feature","geometry":{"type":"MultiLineString","coordinates":[[[-93.54263821621957,45.06728041994763],[-93.54259164949497,45.06584188328208],[-93.5425899,45.0657875],[-93.542587,45.065685]]]},"properties":{"id":"alpr-branch-cr-116-350","layer":"alpr_corridor","name":"CR 116 — County Road 116","county":"Hennepin County","state":"MN","countyFips":"27053","confidence":"probabilistic","sourceDate":null,"attributes":{"kind":"branch","road":"CR 116","roadName":"County Road 116","roadClass":"secondary","readerCount":1,"siteCount":1,"operatorCount":0,"operators":null,"unattributedReaders":1,"siteLngs":"-93.542498","siteLats":"45.065843","siteReaders":"1"}}},{"type":"Feature","geometry":{"type":"MultiLineString","coordinates":[[[-93.3202979,45.219669],[-93.32046550330767,45.21967019001192],[-93.321748,45.219679],[-93.32250818654957,45.21968396313307]]]},"properties":{"id":"alpr-branch-cr-116-351","layer":"alpr_corridor","name":"CR 116 — Bunker Lake Boulevard Northwest","county":"Anoka County","state":"MN","countyFips":"27003","confidence":"probabilistic","sourceDate":null,"attributes":{"kind":"branch","road":"CR 116","roadName":"Bunker Lake Boulevard Northwest","roadClass":"secondary","readerCount":1,"siteCount":1,"operatorCount":0,"operators":null,"unattributedReaders":1,"siteLngs":"-93.320464","siteLats":"45.219766","siteReaders":"1"}}},{"type":"Feature","geometry":{"type":"MultiLineString","coordinates":[[[-93.3339087,44.9520712],[-93.3339085,44.9520046],[-93.3339095,44.9519211],[-93.3339105,44.9513939],[-93.3339098,44.9511526],[-93.33390802423838,44.950784607190414],[-93.3339074,44.9504246],[-93.3338988,44.9498275],[-93.3338939,44.9497638],[-93.3338901,44.949714],[-93.3338901,44.949708],[-93.333891,44.9494328],[-93.3339006,44.9493776],[-93.33390085178019,44.94934631059055]]]},"properties":{"id":"alpr-branch-joppa-avenue-south-352","layer":"alpr_corridor","name":"Joppa Avenue South","county":"Hennepin County","state":"MN","countyFips":"27053","confidence":"probabilistic","sourceDate":null,"attributes":{"kind":"branch","road":"Joppa Avenue South","roadName":null,"roadClass":"residential","readerCount":1,"siteCount":1,"operatorCount":0,"operators":null,"unattributedReaders":1,"siteLngs":"-93.334030","siteLats":"44.950784","siteReaders":"1"}}},{"type":"Feature","geometry":{"type":"MultiLineString","coordinates":[[[-93.3403992,44.9454462],[-93.3403964,44.945523],[-93.34038,44.9456968],[-93.34043270195158,44.945858480538824],[-93.3404482,44.9458971]]]},"properties":{"id":"alpr-branch-ottawa-avenue-south-353","layer":"alpr_corridor","name":"Ottawa Avenue South","county":"Hennepin County","state":"MN","countyFips":"27053","confidence":"probabilistic","sourceDate":null,"attributes":{"kind":"branch","road":"Ottawa Avenue South","roadName":null,"roadClass":"tertiary","readerCount":1,"siteCount":1,"operatorCount":0,"operators":null,"unattributedReaders":1,"siteLngs":"-93.340305","siteLats":"44.945884","siteReaders":"1"}}},{"type":"Feature","geometry":{"type":"MultiLineString","coordinates":[[[-93.25912599740639,45.048194998166984],[-93.2596296,45.0481982],[-93.260218,45.048202],[-93.26116259256015,45.04820384796821],[-93.2615611,45.0482047],[-93.2621938,45.048207],[-93.262854,45.0482096]]]},"properties":{"id":"alpr-branch-44th-avenue-northeast-354","layer":"alpr_corridor","name":"44th Avenue Northeast","county":"Anoka County","state":"MN","countyFips":"27003","confidence":"probabilistic","sourceDate":null,"attributes":{"kind":"branch","road":"44th Avenue Northeast","roadName":null,"roadClass":"tertiary","readerCount":1,"siteCount":1,"operatorCount":0,"operators":null,"unattributedReaders":1,"siteLngs":"-93.261163","siteLats":"45.048131","siteReaders":"1"}}},{"type":"Feature","geometry":{"type":"MultiLineString","coordinates":[[[-93.2632562,45.0482106],[-93.2633809,45.0482104],[-93.2634587,45.0482102],[-93.26422808495215,45.048208239306476],[-93.264765,45.048205],[-93.265414,45.048202],[-93.2660418,45.0482005],[-93.26626469044538,45.04819996265563]]]},"properties":{"id":"alpr-branch-44th-avenue-northeast-355","layer":"alpr_corridor","name":"44th Avenue Northeast","county":"Anoka County","state":"MN","countyFips":"27003","confidence":"probabilistic","sourceDate":null,"attributes":{"kind":"branch","road":"44th Avenue Northeast","roadName":null,"roadClass":"tertiary","readerCount":1,"siteCount":1,"operatorCount":0,"operators":null,"unattributedReaders":1,"siteLngs":"-93.264229","siteLats":"45.048268","siteReaders":"1"}}},{"type":"Feature","geometry":{"type":"MultiLineString","coordinates":[[[-91.6995206,44.0452907],[-91.7000391,44.0447968],[-91.70051726920678,44.04431528962625],[-91.7008486,44.0439719],[-91.7012977,44.0435359],[-91.7015982,44.0432246]]]},"properties":{"id":"alpr-branch-us-14-358","layer":"alpr_corridor","name":"US 14","county":"Winona County","state":"MN","countyFips":"27169","confidence":"probabilistic","sourceDate":null,"attributes":{"kind":"branch","road":"US 14","roadName":null,"roadClass":"primary","readerCount":1,"siteCount":1,"operatorCount":0,"operators":null,"unattributedReaders":1,"siteLngs":"-91.700639","siteLats":"44.044377","siteReaders":"1"}}},{"type":"Feature","geometry":{"type":"MultiLineString","coordinates":[[[-91.69990956165536,44.04492019245596],[-91.7000391,44.0447968],[-91.700387,44.0444503],[-91.7008486,44.0439719],[-91.70107610204803,44.043751034061586]]]},"properties":{"id":"alpr-branch-us-14-359","layer":"alpr_corridor","name":"US 14","county":"Winona County","state":"MN","countyFips":"27169","confidence":"probabilistic","sourceDate":null,"attributes":{"kind":"branch","road":"US 14","roadName":null,"roadClass":"primary","readerCount":1,"siteCount":1,"operatorCount":0,"operators":null,"unattributedReaders":1,"siteLngs":"-91.699767","siteLats":"44.044842","siteReaders":"1"}}},{"type":"Feature","geometry":{"type":"MultiLineString","coordinates":[[[-93.5054965,44.7736621],[-93.5052949,44.773674],[-93.50497132248528,44.77367756927875],[-93.50294452512274,44.77366057944822]]]},"properties":{"id":"alpr-branch-cr-16-361","layer":"alpr_corridor","name":"CR 16 — 17th Avenue East","county":"Scott County","state":"MN","countyFips":"27139","confidence":"probabilistic","sourceDate":null,"attributes":{"kind":"branch","road":"CR 16","roadName":"17th Avenue East","roadClass":"tertiary","readerCount":1,"siteCount":1,"operatorCount":1,"operators":"Shakopee","unattributedReaders":0,"siteLngs":"-93.504972","siteLats":"44.773624","siteReaders":"1"}}},{"type":"Feature","geometry":{"type":"MultiLineString","coordinates":[[[-93.4204569,44.7951462],[-93.42104803237383,44.795269865637906],[-93.4212686,44.7953127],[-93.4217035,44.7953831],[-93.4220103,44.7954216],[-93.4224349,44.7954694],[-93.4227744,44.7954999],[-93.42304244549756,44.79551812355528]]]},"properties":{"id":"alpr-branch-us-169-bus-362","layer":"alpr_corridor","name":"US 169 BUS — County Road 101","county":"Scott County","state":"MN","countyFips":"27139","confidence":"probabilistic","sourceDate":null,"attributes":{"kind":"branch","road":"US 169 BUS","roadName":"County Road 101","roadClass":"primary","readerCount":1,"siteCount":1,"operatorCount":1,"operators":"Shakopee","unattributedReaders":0,"siteLngs":"-93.421009","siteLats":"44.795373","siteReaders":"1"}}},{"type":"Feature","geometry":{"type":"MultiLineString","coordinates":[[[-93.29814843442058,45.02249921654966],[-93.29817231839674,45.02393803009782],[-93.2981562,45.0240045]]]},"properties":{"id":"alpr-branch-north-humboldt-avenue-363","layer":"alpr_corridor","name":"North Humboldt Avenue","county":"Hennepin County","state":"MN","countyFips":"27053","confidence":"probabilistic","sourceDate":null,"attributes":{"kind":"branch","road":"North Humboldt Avenue","roadName":null,"roadClass":"residential","readerCount":1,"siteCount":1,"operatorCount":0,"operators":null,"unattributedReaders":1,"siteLngs":"-93.298083","siteLats":"45.023927","siteReaders":"1"}}},{"type":"Feature","geometry":{"type":"MultiLineString","coordinates":[[[-93.5621183,45.3214573],[-93.5624029,45.3214593],[-93.5626842,45.3214612],[-93.5628096,45.3214588],[-93.5629252,45.3214497],[-93.563062,45.3214338],[-93.5631686,45.3214111],[-93.5632622,45.3213874],[-93.563348,45.321358],[-93.5634366,45.3213222],[-93.5635069,45.3212848],[-93.5635669,45.3212457],[-93.5636838,45.3211544],[-93.5636838,45.3211544],[-93.5637151,45.32112],[-93.5637623,45.3210572],[-93.5637791,45.3209867]]]},"properties":{"id":"alpr-branch-jackson-street-northwest-364","layer":"alpr_corridor","name":"Jackson Street Northwest","county":"Sherburne County","state":"MN","countyFips":"27141","confidence":"probabilistic","sourceDate":null,"attributes":{"kind":"branch","road":"Jackson Street Northwest","roadName":null,"roadClass":"tertiary","readerCount":1,"siteCount":1,"operatorCount":0,"operators":null,"unattributedReaders":1,"siteLngs":"-93.563767","siteLats":"45.321200","siteReaders":"1"}}},{"type":"Feature","geometry":{"type":"MultiLineString","coordinates":[[[-93.501083,44.979961],[-93.50116,44.980045],[-93.501282,44.980209],[-93.5014086468006,44.98033098510045],[-93.50145,44.980362],[-93.501572,44.980412],[-93.501701,44.980442],[-93.5018303,44.9804617],[-93.5019081,44.9804615],[-93.5020883,44.9804569]]]},"properties":{"id":"alpr-branch-1st-avenue-north-365","layer":"alpr_corridor","name":"1st Avenue North","county":"Hennepin County","state":"MN","countyFips":"27053","confidence":"probabilistic","sourceDate":null,"attributes":{"kind":"branch","road":"1st Avenue North","roadName":null,"roadClass":"residential","readerCount":1,"siteCount":1,"operatorCount":0,"operators":null,"unattributedReaders":1,"siteLngs":"-93.501449","siteLats":"44.980304","siteReaders":"1"}}},{"type":"Feature","geometry":{"type":"MultiLineString","coordinates":[[[-92.969783,45.0314974],[-92.9700092,45.0312001],[-92.970229,45.0309068],[-92.9702772,45.0308343],[-92.9702873,45.0308145],[-92.9703067,45.030768],[-92.9703282,45.0306675],[-92.9703416,45.0305272],[-92.97034351135535,45.0302832001731],[-92.9703604,45.0300021],[-92.9703818,45.0298922],[-92.9704087,45.0298183],[-92.9704489,45.0297311],[-92.9705186,45.0296192],[-92.9706206,45.0295074],[-92.9707332,45.0294031],[-92.9708566,45.0293254],[-92.9710256,45.0292477],[-92.9711785,45.0291889],[-92.9713126,45.029151],[-92.9713231025952,45.02914881963667]]]},"properties":{"id":"alpr-branch-56th-street-north-367","layer":"alpr_corridor","name":"56th Street North","county":"Washington County","state":"MN","countyFips":"27163","confidence":"probabilistic","sourceDate":null,"attributes":{"kind":"branch","road":"56th Street North","roadName":null,"roadClass":"unclassified","readerCount":1,"siteCount":1,"operatorCount":0,"operators":null,"unattributedReaders":1,"siteLngs":"-92.970074","siteLats":"45.030275","siteReaders":"1"}}},{"type":"Feature","geometry":{"type":"MultiLineString","coordinates":[[[-92.969783,45.0314974],[-92.9700092,45.0312001],[-92.970229,45.0309068],[-92.9702772,45.0308343],[-92.9702873,45.0308145],[-92.9703067,45.030768],[-92.9703282,45.0306675],[-92.9703416,45.0305272],[-92.970341,45.030325],[-92.97035152690046,45.03014978679615]]]},"properties":{"id":"alpr-branch-56th-street-north-368","layer":"alpr_corridor","name":"56th Street North","county":"Washington County","state":"MN","countyFips":"27163","confidence":"probabilistic","sourceDate":null,"attributes":{"kind":"branch","road":"56th Street North","roadName":null,"roadClass":"unclassified","readerCount":1,"siteCount":1,"operatorCount":0,"operators":null,"unattributedReaders":1,"siteLngs":"-92.969683","siteLats":"45.031525","siteReaders":"1"}}},{"type":"Feature","geometry":{"type":"MultiLineString","coordinates":[[[-93.3529448,45.0693021],[-93.35099069469716,45.069301322141],[-93.3502216,45.0692991],[-93.3500321,45.0692975],[-93.3495465,45.0692934],[-93.3493753,45.069294],[-93.34895335632437,45.06929373385054]]]},"properties":{"id":"alpr-branch-63rd-avenue-north-369","layer":"alpr_corridor","name":"63rd Avenue North","county":"Hennepin County","state":"MN","countyFips":"27053","confidence":"probabilistic","sourceDate":null,"attributes":{"kind":"branch","road":"63rd Avenue North","roadName":null,"roadClass":"tertiary","readerCount":1,"siteCount":1,"operatorCount":0,"operators":null,"unattributedReaders":1,"siteLngs":"-93.350991","siteLats":"45.069265","siteReaders":"1"}}},{"type":"Feature","geometry":{"type":"MultiLineString","coordinates":[[[-93.35397927733985,45.08725542223466],[-93.3543892,45.0872559],[-93.3552771,45.0872569],[-93.35601731073027,45.087257631015056],[-93.3560894,45.0872577],[-93.3561897,45.0872578]]]},"properties":{"id":"alpr-branch-73rd-avenue-north-370","layer":"alpr_corridor","name":"73rd Avenue North","county":"Hennepin County","state":"MN","countyFips":"27053","confidence":"probabilistic","sourceDate":null,"attributes":{"kind":"branch","road":"73rd Avenue North","roadName":null,"roadClass":"tertiary","readerCount":1,"siteCount":1,"operatorCount":0,"operators":null,"unattributedReaders":1,"siteLngs":"-93.356017","siteLats":"45.087210","siteReaders":"1"}}},{"type":"Feature","geometry":{"type":"MultiLineString","coordinates":[[[-93.3512673,45.0874712],[-93.35136981895747,45.08742808808089],[-93.351517,45.087379],[-93.351681,45.087341],[-93.351784,45.087318],[-93.352051,45.087276],[-93.3520777,45.0872742],[-93.3522029,45.0872658],[-93.352333,45.087257],[-93.352779,45.087257],[-93.3530341,45.0872563],[-93.35337079280181,45.08725535176036]]]},"properties":{"id":"alpr-branch-73rd-avenue-north-371","layer":"alpr_corridor","name":"73rd Avenue North","county":"Hennepin County","state":"MN","countyFips":"27053","confidence":"probabilistic","sourceDate":null,"attributes":{"kind":"branch","road":"73rd Avenue North","roadName":null,"roadClass":"tertiary","readerCount":1,"siteCount":1,"operatorCount":0,"operators":null,"unattributedReaders":1,"siteLngs":"-93.351393","siteLats":"45.087463","siteReaders":"1"}}},{"type":"Feature","geometry":{"type":"MultiLineString","coordinates":[[[-93.35101880017285,45.09611600219447],[-93.351074,45.096077],[-93.351349,45.095909],[-93.35154,45.09581],[-93.351616,45.095776],[-93.351738,45.095722],[-93.3520076,45.0956273],[-93.352074,45.095604],[-93.352425,45.095512],[-93.35278814091306,45.095443370195454],[-93.3530238,45.0954145],[-93.353157,45.095402],[-93.353199,45.0953991],[-93.353271,45.095394],[-93.353531,45.095383],[-93.3542586,45.0953805]]]},"properties":{"id":"alpr-branch-brookdale-drive-north-372","layer":"alpr_corridor","name":"Brookdale Drive North","county":"Hennepin County","state":"MN","countyFips":"27053","confidence":"probabilistic","sourceDate":null,"attributes":{"kind":"branch","road":"Brookdale Drive North","roadName":null,"roadClass":"tertiary","readerCount":1,"siteCount":1,"operatorCount":0,"operators":null,"unattributedReaders":1,"siteLngs":"-93.352806","siteLats":"45.095517","siteReaders":"1"}}},{"type":"Feature","geometry":{"type":"MultiLineString","coordinates":[[[-93.34630407610949,45.096968375083094],[-93.346306,45.097157],[-93.3463057,45.0979899],[-93.3463044,45.0980677],[-93.3463046,45.0981511],[-93.3463063590459,45.09840727420833],[-93.3463116,45.0989598],[-93.3463139,45.0994124],[-93.34632070421742,45.0998461449021]]]},"properties":{"id":"alpr-branch-regent-avenue-north-373","layer":"alpr_corridor","name":"Regent Avenue North","county":"Hennepin County","state":"MN","countyFips":"27053","confidence":"probabilistic","sourceDate":null,"attributes":{"kind":"branch","road":"Regent Avenue North","roadName":null,"roadClass":"tertiary","readerCount":1,"siteCount":1,"operatorCount":0,"operators":null,"unattributedReaders":1,"siteLngs":"-93.346364","siteLats":"45.098407","siteReaders":"1"}}},{"type":"Feature","geometry":{"type":"MultiLineString","coordinates":[[[-93.421055,44.9328089],[-93.4210498,44.9329304],[-93.42103904304746,44.933146693785545],[-93.4210176,44.9335883]]]},"properties":{"id":"alpr-branch-cr-73-374","layer":"alpr_corridor","name":"CR 73 — Hopkins Crossroad","county":"Hennepin County","state":"MN","countyFips":"27053","confidence":"probabilistic","sourceDate":null,"attributes":{"kind":"branch","road":"CR 73","roadName":"Hopkins Crossroad","roadClass":"secondary","readerCount":1,"siteCount":1,"operatorCount":0,"operators":null,"unattributedReaders":1,"siteLngs":"-93.420906","siteLats":"44.933143","siteReaders":"1"}}},{"type":"Feature","geometry":{"type":"MultiLineString","coordinates":[[[-93.0703336,44.8835377],[-93.07033554193212,44.883700461707306],[-93.0703513,44.8849933],[-93.07035311888879,44.88513932039176]]]},"properties":{"id":"alpr-branch-cr-73-376","layer":"alpr_corridor","name":"CR 73 — Oakdale Avenue","county":"Dakota County","state":"MN","countyFips":"27037","confidence":"probabilistic","sourceDate":null,"attributes":{"kind":"branch","road":"CR 73","roadName":"Oakdale Avenue","roadClass":"tertiary","readerCount":1,"siteCount":1,"operatorCount":0,"operators":null,"unattributedReaders":1,"siteLngs":"-93.070217","siteLats":"44.883701","siteReaders":"1"}}},{"type":"Feature","geometry":{"type":"MultiLineString","coordinates":[[[-93.076475,44.9195851],[-93.07640955824186,44.91920967842571],[-93.076404,44.9191778],[-93.0763996,44.9191502],[-93.07633,44.918692],[-93.0762847,44.918249],[-93.076237,44.917783],[-93.07623630060871,44.917776226547396]]]},"properties":{"id":"alpr-branch-cr-73-377","layer":"alpr_corridor","name":"CR 73 — Oakdale Avenue","county":"Dakota County","state":"MN","countyFips":"27037","confidence":"probabilistic","sourceDate":null,"attributes":{"kind":"branch","road":"CR 73","roadName":"Oakdale Avenue","roadClass":"tertiary","readerCount":1,"siteCount":1,"operatorCount":0,"operators":null,"unattributedReaders":1,"siteLngs":"-93.076476","siteLats":"44.919204","siteReaders":"1"}}},{"type":"Feature","geometry":{"type":"MultiLineString","coordinates":[[[-93.07039702607521,44.888750342448766],[-93.0703975,44.8889674],[-93.0703944,44.8898319],[-93.07039312210128,44.8901892508344],[-93.0703929,44.8902554],[-93.0703927,44.8903053]]]},"properties":{"id":"alpr-branch-cr-73-378","layer":"alpr_corridor","name":"CR 73 — Oakdale Avenue","county":"Dakota County","state":"MN","countyFips":"27037","confidence":"probabilistic","sourceDate":null,"attributes":{"kind":"branch","road":"CR 73","roadName":"Oakdale Avenue","roadClass":"tertiary","readerCount":1,"siteCount":1,"operatorCount":0,"operators":null,"unattributedReaders":1,"siteLngs":"-93.070539","siteLats":"44.890189","siteReaders":"1"}}},{"type":"Feature","geometry":{"type":"MultiLineString","coordinates":[[[-93.55108428153805,44.75833805493236],[-93.55104229859974,44.759776658661444],[-93.5510409,44.7598246],[-93.5510097,44.7603232],[-93.5508959,44.7606279],[-93.5509054,44.7606985]]]},"properties":{"id":"alpr-branch-cr-73-379","layer":"alpr_corridor","name":"CR 73 — Zumbro Avenue","county":"Scott County","state":"MN","countyFips":"27139","confidence":"probabilistic","sourceDate":null,"attributes":{"kind":"branch","road":"CR 73","roadName":"Zumbro Avenue","roadClass":"residential","readerCount":1,"siteCount":1,"operatorCount":0,"operators":null,"unattributedReaders":1,"siteLngs":"-93.550898","siteLats":"44.759774","siteReaders":"1"}}},{"type":"Feature","geometry":{"type":"MultiLineString","coordinates":[[[-93.4205554317091,44.96673352884438],[-93.420555,44.9666949],[-93.420532,44.966438],[-93.4205377,44.9662586],[-93.420517,44.965591],[-93.42051729634551,44.96529533837493]]]},"properties":{"id":"alpr-branch-cr-73-380","layer":"alpr_corridor","name":"CR 73 — Hopkins Crossroad","county":"Hennepin County","state":"MN","countyFips":"27053","confidence":"probabilistic","sourceDate":null,"attributes":{"kind":"branch","road":"CR 73","roadName":"Hopkins Crossroad","roadClass":"secondary","readerCount":1,"siteCount":1,"operatorCount":0,"operators":null,"unattributedReaders":1,"siteLngs":"-93.420649","siteLats":"44.966733","siteReaders":"1"}}},{"type":"Feature","geometry":{"type":"MultiLineString","coordinates":[[[-93.2261072,44.0605038],[-93.226107,44.060877],[-93.226107,44.060913],[-93.22610269178611,44.06168444473949],[-93.226102,44.061805]]]},"properties":{"id":"alpr-branch-cr-45-385","layer":"alpr_corridor","name":"CR 45 — South Cedar Avenue","county":"Steele County","state":"MN","countyFips":"27147","confidence":"probabilistic","sourceDate":null,"attributes":{"kind":"branch","road":"CR 45","roadName":"South Cedar Avenue","roadClass":"secondary","readerCount":1,"siteCount":1,"operatorCount":0,"operators":null,"unattributedReaders":1,"siteLngs":"-93.226021","siteLats":"44.061684","siteReaders":"1"}}},{"type":"Feature","geometry":{"type":"MultiLineString","coordinates":[[[-93.31009525174642,44.90430716080153],[-93.310089,44.904179],[-93.3100743,44.9040985],[-93.310059,44.904015],[-93.310028,44.903915],[-93.310005,44.90382],[-93.309944,44.903587],[-93.30991192491688,44.90287780019839],[-93.3099063,44.9015951],[-93.3099054,44.9015375]]]},"properties":{"id":"alpr-branch-queen-ave-south-386","layer":"alpr_corridor","name":"Queen Ave South","county":"Hennepin County","state":"MN","countyFips":"27053","confidence":"probabilistic","sourceDate":null,"attributes":{"kind":"branch","road":"Queen Ave South","roadName":null,"roadClass":"residential","readerCount":1,"siteCount":1,"operatorCount":0,"operators":null,"unattributedReaders":1,"siteLngs":"-93.310091","siteLats":"44.902877","siteReaders":"1"}}},{"type":"Feature","geometry":{"type":"MultiLineString","coordinates":[[[-93.74713977768961,44.96469388491328],[-93.74711786548916,44.96613271396932],[-93.747116,44.966255],[-93.747093,44.966457],[-93.747032,44.966652],[-93.746941,44.966843],[-93.746811,44.967022],[-93.746651,44.967186],[-93.746468,44.967339],[-93.74634912058248,44.96741255129429]]]},"properties":{"id":"alpr-branch-cr-92-387","layer":"alpr_corridor","name":"CR 92 — County Road 92","county":"Hennepin County","state":"MN","countyFips":"27053","confidence":"probabilistic","sourceDate":null,"attributes":{"kind":"branch","road":"CR 92","roadName":"County Road 92","roadClass":"secondary","readerCount":1,"siteCount":1,"operatorCount":0,"operators":null,"unattributedReaders":1,"siteLngs":"-93.747271","siteLats":"44.966134","siteReaders":"1"}}},{"type":"Feature","geometry":{"type":"MultiLineString","coordinates":[[[-93.7493113,44.8908946],[-93.74920514332744,44.89103502555126],[-93.749039,44.891258],[-93.748981,44.891325],[-93.748734,44.891609],[-93.7485958,44.8917539],[-93.7485697,44.891781],[-93.748177,44.892189],[-93.74812151081188,44.89225062367123]]]},"properties":{"id":"alpr-branch-cr-92-388","layer":"alpr_corridor","name":"CR 92 — County Road 92","county":"Hennepin County","state":"MN","countyFips":"27053","confidence":"probabilistic","sourceDate":null,"attributes":{"kind":"branch","road":"CR 92","roadName":"County Road 92","roadClass":"secondary","readerCount":1,"siteCount":1,"operatorCount":0,"operators":null,"unattributedReaders":1,"siteLngs":"-93.749098","siteLats":"44.890994","siteReaders":"1"}}},{"type":"Feature","geometry":{"type":"MultiLineString","coordinates":[[[-93.30890276134645,45.066571673696636],[-93.3088983,45.0666362],[-93.3088963,45.0666913],[-93.3088625,45.0670461],[-93.3088401,45.0671543]]]},"properties":{"id":"alpr-branch-shingle-creek-parkway-389","layer":"alpr_corridor","name":"Shingle Creek Parkway","county":"Hennepin County","state":"MN","countyFips":"27053","confidence":"probabilistic","sourceDate":null,"attributes":{"kind":"branch","road":"Shingle Creek Parkway","roadName":null,"roadClass":"tertiary","readerCount":1,"siteCount":1,"operatorCount":0,"operators":null,"unattributedReaders":1,"siteLngs":"-93.308846","siteLats":"45.066570","siteReaders":"1"}}},{"type":"Feature","geometry":{"type":"MultiLineString","coordinates":[[[-93.36882343582162,44.889293051163186],[-93.3688248,44.8891414],[-93.368827,44.8888897],[-93.3688413,44.8884906]]]},"properties":{"id":"alpr-branch-tracy-avenue-390","layer":"alpr_corridor","name":"Tracy Avenue","county":"Hennepin County","state":"MN","countyFips":"27053","confidence":"probabilistic","sourceDate":null,"attributes":{"kind":"branch","road":"Tracy Avenue","roadName":null,"roadClass":"tertiary","readerCount":1,"siteCount":1,"operatorCount":0,"operators":null,"unattributedReaders":1,"siteLngs":"-93.368747","siteLats":"44.889293","siteReaders":"1"}}},{"type":"Feature","geometry":{"type":"MultiLineString","coordinates":[[[-93.65729098913597,46.073305400228215],[-93.6571088,46.07364],[-93.6566,46.074614],[-93.65657464143092,46.07465569399503]]]},"properties":{"id":"alpr-branch-us-169-391","layer":"alpr_corridor","name":"US 169 — US Highway 169","county":"Mille Lacs County","state":"MN","countyFips":"27095","confidence":"probabilistic","sourceDate":null,"attributes":{"kind":"branch","road":"US 169","roadName":"US Highway 169","roadClass":"trunk","readerCount":1,"siteCount":1,"operatorCount":0,"operators":null,"unattributedReaders":1,"siteLngs":"-93.657038","siteLats":"46.073238","siteReaders":"1"}}},{"type":"Feature","geometry":{"type":"MultiLineString","coordinates":[[[-93.56168428594573,45.39098916177914],[-93.561549,45.391507],[-93.561441,45.391957],[-93.561397,45.392183],[-93.56136788079817,45.392410063108606],[-93.561355,45.392633],[-93.561354,45.392858],[-93.5613576,45.3929309],[-93.561365,45.393083],[-93.561394,45.393303],[-93.561436,45.393524],[-93.561489,45.393744],[-93.56151584403409,45.39384081454919]]]},"properties":{"id":"alpr-branch-us-169-392","layer":"alpr_corridor","name":"US 169 — US Highway 169","county":"Sherburne County","state":"MN","countyFips":"27141","confidence":"probabilistic","sourceDate":null,"attributes":{"kind":"branch","road":"US 169","roadName":"US Highway 169","roadClass":"trunk","readerCount":1,"siteCount":1,"operatorCount":0,"operators":null,"unattributedReaders":1,"siteLngs":"-93.561245","siteLats":"45.392406","siteReaders":"1"}}},{"type":"Feature","geometry":{"type":"MultiLineString","coordinates":[[[-93.59860896719701,45.57221379501045],[-93.598704,45.5727031],[-93.59888900290993,45.573639291808774]]]},"properties":{"id":"alpr-branch-us-169-393","layer":"alpr_corridor","name":"US 169 — US Highway 169","county":"Mille Lacs County","state":"MN","countyFips":"27095","confidence":"probabilistic","sourceDate":null,"attributes":{"kind":"branch","road":"US 169","roadName":"US Highway 169","roadClass":"motorway","readerCount":1,"siteCount":1,"operatorCount":0,"operators":null,"unattributedReaders":1,"siteLngs":"-93.598481","siteLats":"45.572226","siteReaders":"1"}}},{"type":"Feature","geometry":{"type":"MultiLineString","coordinates":[[[-93.3945279,45.1928413],[-93.39424129492907,45.193266010917625],[-93.3942209,45.1933057],[-93.3941594,45.1934517],[-93.3941219,45.1936164],[-93.3941082,45.1937384],[-93.3941068,45.1938603],[-93.3940977,45.1940674],[-93.3940855,45.1943511]]]},"properties":{"id":"alpr-branch-us-169-394","layer":"alpr_corridor","name":"US 169 — South Ferry Street","county":"Anoka County","state":"MN","countyFips":"27003","confidence":"probabilistic","sourceDate":null,"attributes":{"kind":"branch","road":"US 169","roadName":"South Ferry Street","roadClass":"trunk","readerCount":1,"siteCount":1,"operatorCount":0,"operators":null,"unattributedReaders":1,"siteLngs":"-93.394090","siteLats":"45.193227","siteReaders":"1"}}},{"type":"Feature","geometry":{"type":"MultiLineString","coordinates":[[[-93.657686,46.07318],[-93.657715,46.073129],[-93.6578325,46.0729171],[-93.657842,46.0729],[-93.65832303947752,46.072015059641956],[-93.658532,46.071625],[-93.659026,46.070686],[-93.65903746723666,46.07066421074348]]]},"properties":{"id":"alpr-branch-us-169-395","layer":"alpr_corridor","name":"US 169 — US Highway 169","county":"Mille Lacs County","state":"MN","countyFips":"27095","confidence":"probabilistic","sourceDate":null,"attributes":{"kind":"branch","road":"US 169","roadName":"US Highway 169","roadClass":"trunk","readerCount":1,"siteCount":1,"operatorCount":0,"operators":null,"unattributedReaders":1,"siteLngs":"-93.658930","siteLats":"46.072174","siteReaders":"1"}}},{"type":"Feature","geometry":{"type":"MultiLineString","coordinates":[[[-93.58394499794412,45.537282741448955],[-93.583911,45.53651],[-93.583904,45.53629],[-93.583902,45.535853],[-93.58390186501711,45.53584425310904]]]},"properties":{"id":"alpr-branch-us-169-396","layer":"alpr_corridor","name":"US 169 — US Highway 169","county":"Sherburne County","state":"MN","countyFips":"27141","confidence":"probabilistic","sourceDate":null,"attributes":{"kind":"branch","road":"US 169","roadName":"US Highway 169","roadClass":"trunk","readerCount":1,"siteCount":1,"operatorCount":0,"operators":null,"unattributedReaders":1,"siteLngs":"-93.584102","siteLats":"45.537279","siteReaders":"1"}}},{"type":"Feature","geometry":{"type":"MultiLineString","coordinates":[[[-93.52901911424154,47.205260461972436],[-93.5291348,47.2049373],[-93.52951990167035,47.20386235057691],[-93.5295368,47.2038145],[-93.5298157,47.2030354],[-93.5298329,47.2029875],[-93.53004786774164,47.202469092591336]]]},"properties":{"id":"alpr-branch-us-169-397","layer":"alpr_corridor","name":"US 169 — Voyageur Highway","county":"Itasca County","state":"MN","countyFips":"27061","confidence":"probabilistic","sourceDate":null,"attributes":{"kind":"branch","road":"US 169","roadName":"Voyageur Highway","roadClass":"trunk","readerCount":1,"siteCount":1,"operatorCount":0,"operators":null,"unattributedReaders":1,"siteLngs":"-93.529371","siteLats":"47.203838","siteReaders":"1"}}},{"type":"Feature","geometry":{"type":"MultiLineString","coordinates":[[[-93.55241468619681,47.165012965900004],[-93.55324098674197,47.16368825621972],[-93.5534746,47.1633139],[-93.5535758,47.1631516],[-93.5538226,47.1625462],[-93.55388829575122,47.16232287798901]]]},"properties":{"id":"alpr-branch-us-169-398","layer":"alpr_corridor","name":"US 169 — Voyageur Highway","county":"Itasca County","state":"MN","countyFips":"27061","confidence":"probabilistic","sourceDate":null,"attributes":{"kind":"branch","road":"US 169","roadName":"Voyageur Highway","roadClass":"trunk","readerCount":1,"siteCount":1,"operatorCount":0,"operators":null,"unattributedReaders":1,"siteLngs":"-93.553116","siteLats":"47.163652","siteReaders":"1"}}},{"type":"Feature","geometry":{"type":"MultiLineString","coordinates":[[[-93.3929653,45.1858823],[-93.3928885,45.1858008],[-93.3928241,45.1857257],[-93.3927258281429,45.185587789164096],[-93.392716,45.185573],[-93.392658,45.1854788],[-93.3926111,45.1853913],[-93.3925661,45.1852874],[-93.392534,45.1852017],[-93.3925054,45.1851123]]]},"properties":{"id":"alpr-branch-us-169-399","layer":"alpr_corridor","name":"US 169","county":"Hennepin County","state":"MN","countyFips":"27053","confidence":"probabilistic","sourceDate":null,"attributes":{"kind":"branch","road":"US 169","roadName":null,"roadClass":"trunk","readerCount":1,"siteCount":1,"operatorCount":0,"operators":null,"unattributedReaders":1,"siteLngs":"-93.392804","siteLats":"45.185562","siteReaders":"1"}}},{"type":"Feature","geometry":{"type":"MultiLineString","coordinates":[[[-93.59852,46.9961318],[-93.59854354025887,46.99731904630348],[-93.5985442,46.997363]]]},"properties":{"id":"alpr-branch-us-169-400","layer":"alpr_corridor","name":"US 169 — Voyageur Highway","county":"Aitkin County","state":"MN","countyFips":"27001","confidence":"probabilistic","sourceDate":null,"attributes":{"kind":"branch","road":"US 169","roadName":"Voyageur Highway","roadClass":"trunk","readerCount":1,"siteCount":1,"operatorCount":0,"operators":null,"unattributedReaders":1,"siteLngs":"-93.598649","siteLats":"46.997318","siteReaders":"1"}}},{"type":"Feature","geometry":{"type":"MultiLineString","coordinates":[[[-93.53090262058639,47.200191852734456],[-93.5309702,47.2000061],[-93.53185834785796,47.19891418592451],[-93.5324293,47.1983003],[-93.53301963815305,47.19771116556587]]]},"properties":{"id":"alpr-branch-us-169-401","layer":"alpr_corridor","name":"US 169 — Voyageur Highway","county":"Itasca County","state":"MN","countyFips":"27061","confidence":"probabilistic","sourceDate":null,"attributes":{"kind":"branch","road":"US 169","roadName":"Voyageur Highway","roadClass":"trunk","readerCount":1,"siteCount":1,"operatorCount":0,"operators":null,"unattributedReaders":1,"siteLngs":"-93.532054","siteLats":"47.198999","siteReaders":"1"}}},{"type":"Feature","geometry":{"type":"MultiLineString","coordinates":[[[-93.39962917705333,47.29206653813144],[-93.40173298421439,47.291881180556175],[-93.4022596,47.2918345],[-93.40383142055568,47.29167024911258]]]},"properties":{"id":"alpr-branch-us-169-402","layer":"alpr_corridor","name":"US 169","county":"Itasca County","state":"MN","countyFips":"27061","confidence":"probabilistic","sourceDate":null,"attributes":{"kind":"branch","road":"US 169","roadName":null,"roadClass":"trunk","readerCount":1,"siteCount":1,"operatorCount":0,"operators":null,"unattributedReaders":1,"siteLngs":"-93.401819","siteLats":"47.292333","siteReaders":"1"}}},{"type":"Feature","geometry":{"type":"MultiLineString","coordinates":[[[-93.8131303254161,46.24775301671721],[-93.81445603345225,46.24886206451507],[-93.8145223,46.2489191],[-93.81574993230318,46.2499889523406]]]},"properties":{"id":"alpr-branch-us-169-403","layer":"alpr_corridor","name":"US 169 — US Highway 169","county":"Crow Wing County","state":"MN","countyFips":"27035","confidence":"probabilistic","sourceDate":null,"attributes":{"kind":"branch","road":"US 169","roadName":"US Highway 169","roadClass":"trunk","readerCount":1,"siteCount":1,"operatorCount":0,"operators":null,"unattributedReaders":1,"siteLngs":"-93.814360","siteLats":"46.248916","siteReaders":"1"}}},{"type":"Feature","geometry":{"type":"MultiLineString","coordinates":[[[-93.60134490590485,46.708784218088276],[-93.6013199854217,46.710223029199376],[-93.6013094,46.7108326],[-93.60132776135258,46.71166180301166]]]},"properties":{"id":"alpr-branch-us-169-404","layer":"alpr_corridor","name":"US 169 — Voyageur Highway","county":"Aitkin County","state":"MN","countyFips":"27001","confidence":"probabilistic","sourceDate":null,"attributes":{"kind":"branch","road":"US 169","roadName":"Voyageur Highway","roadClass":"trunk","readerCount":1,"siteCount":1,"operatorCount":0,"operators":null,"unattributedReaders":1,"siteLngs":"-93.601437","siteLats":"46.710224","siteReaders":"1"}}},{"type":"Feature","geometry":{"type":"MultiLineString","coordinates":[[[-93.412301,47.2905025],[-93.41409435056968,47.29026782984608],[-93.4155097,47.2900916],[-93.4161862090337,47.2900309397304]]]},"properties":{"id":"alpr-branch-us-169-405","layer":"alpr_corridor","name":"US 169","county":"Itasca County","state":"MN","countyFips":"27061","confidence":"probabilistic","sourceDate":null,"attributes":{"kind":"branch","road":"US 169","roadName":null,"roadClass":"trunk","readerCount":1,"siteCount":1,"operatorCount":0,"operators":null,"unattributedReaders":1,"siteLngs":"-93.414117","siteLats":"47.290353","siteReaders":"1"}}},{"type":"Feature","geometry":{"type":"MultiLineString","coordinates":[[[-93.37985040653297,47.302682766467996],[-93.3790811,47.3033651]]]},"properties":{"id":"alpr-branch-us-169-406","layer":"alpr_corridor","name":"US 169","county":"Itasca County","state":"MN","countyFips":"27061","confidence":"probabilistic","sourceDate":null,"attributes":{"kind":"branch","road":"US 169","roadName":null,"roadClass":"trunk","readerCount":1,"siteCount":1,"operatorCount":0,"operators":null,"unattributedReaders":1,"siteLngs":"-93.379742","siteLats":"47.302626","siteReaders":"1"}}},{"type":"Feature","geometry":{"type":"MultiLineString","coordinates":[[[-93.2349993,44.981471],[-93.2348464104739,44.981410744281064],[-93.2344305,44.981247],[-93.2337493,44.9809718],[-93.2337154,44.9809527],[-93.2336322,44.9809044]]]},"properties":{"id":"alpr-branch-southeast-5th-street-407","layer":"alpr_corridor","name":"Southeast 5th Street","county":"Hennepin County","state":"MN","countyFips":"27053","confidence":"probabilistic","sourceDate":null,"attributes":{"kind":"branch","road":"Southeast 5th Street","roadName":null,"roadClass":"residential","readerCount":1,"siteCount":1,"operatorCount":1,"operators":"Minneapolis Police Department","unattributedReaders":0,"siteLngs":"-93.234877","siteLats":"44.981371","siteReaders":"1"}}},{"type":"Feature","geometry":{"type":"MultiLineString","coordinates":[[[-93.24340639441495,44.98352773439822],[-93.2440329,44.9837766],[-93.2440974,44.9838022]]]},"properties":{"id":"alpr-branch-4th-street-southeast-408","layer":"alpr_corridor","name":"4th Street Southeast","county":"Hennepin County","state":"MN","countyFips":"27053","confidence":"probabilistic","sourceDate":null,"attributes":{"kind":"branch","road":"4th Street Southeast","roadName":null,"roadClass":"secondary","readerCount":1,"siteCount":1,"operatorCount":1,"operators":"Minneapolis Police Department","unattributedReaders":0,"siteLngs":"-93.243368","siteLats":"44.983577","siteReaders":"1"}}},{"type":"Feature","geometry":{"type":"MultiLineString","coordinates":[[[-92.97615786288297,47.54916699230896],[-92.97729139732355,47.55038563761955],[-92.977995,47.551059],[-92.9785260412331,47.551558686615586]]]},"properties":{"id":"alpr-branch-highway-5-409","layer":"alpr_corridor","name":"Highway 5","county":"St. Louis County","state":"MN","countyFips":"27137","confidence":"probabilistic","sourceDate":null,"attributes":{"kind":"branch","road":"Highway 5","roadName":null,"roadClass":"tertiary","readerCount":1,"siteCount":1,"operatorCount":0,"operators":null,"unattributedReaders":1,"siteLngs":"-92.977611","siteLats":"47.550231","siteReaders":"1"}}},{"type":"Feature","geometry":{"type":"MultiLineString","coordinates":[[[-93.67148885815497,45.74548529338028],[-93.66954994547487,45.74597488528836],[-93.667762,45.746427],[-93.66761154548045,45.74646549999336]]]},"properties":{"id":"alpr-branch-mn-23-410","layer":"alpr_corridor","name":"MN 23","county":"Mille Lacs County","state":"MN","countyFips":"27095","confidence":"probabilistic","sourceDate":null,"attributes":{"kind":"branch","road":"MN 23","roadName":null,"roadClass":"trunk","readerCount":1,"siteCount":1,"operatorCount":0,"operators":null,"unattributedReaders":1,"siteLngs":"-93.669492","siteLats":"45.745861","siteReaders":"1"}}},{"type":"Feature","geometry":{"type":"MultiLineString","coordinates":[[[-93.51471707830291,45.80069115671194],[-93.514706,45.800695],[-93.514004,45.800939],[-93.51287415322503,45.801339024055],[-93.511862,45.801697],[-93.51103457062486,45.801991544936634]]]},"properties":{"id":"alpr-branch-mn-23-411","layer":"alpr_corridor","name":"MN 23","county":"Kanabec County","state":"MN","countyFips":"27065","confidence":"probabilistic","sourceDate":null,"attributes":{"kind":"branch","road":"MN 23","roadName":null,"roadClass":"trunk","readerCount":1,"siteCount":1,"operatorCount":0,"operators":null,"unattributedReaders":1,"siteLngs":"-93.512767","siteLats":"45.801190","siteReaders":"1"}}},{"type":"Feature","geometry":{"type":"MultiLineString","coordinates":[[[-94.15090140724969,45.56166990078195],[-94.15268095024899,45.5609501115897]]]},"properties":{"id":"alpr-branch-mn-23-412","layer":"alpr_corridor","name":"MN 23 — Granite City Crossing","county":"Benton County","state":"MN","countyFips":"27009","confidence":"probabilistic","sourceDate":null,"attributes":{"kind":"branch","road":"MN 23","roadName":"Granite City Crossing","roadClass":"trunk","readerCount":1,"siteCount":1,"operatorCount":0,"operators":null,"unattributedReaders":1,"siteLngs":"-94.150996","siteLats":"45.561786","siteReaders":"1"}}},{"type":"Feature","geometry":{"type":"MultiLineString","coordinates":[[[-94.1531679583666,45.560647048594035],[-94.15138872975996,45.561367221014535]]]},"properties":{"id":"alpr-branch-mn-23-413","layer":"alpr_corridor","name":"MN 23 — Granite City Crossing","county":null,"state":"MN","countyFips":null,"confidence":"probabilistic","sourceDate":null,"attributes":{"kind":"branch","road":"MN 23","roadName":"Granite City Crossing","roadClass":"trunk","readerCount":1,"siteCount":1,"operatorCount":0,"operators":null,"unattributedReaders":1,"siteLngs":"-94.153130","siteLats":"45.560601","siteReaders":"1"}}},{"type":"Feature","geometry":{"type":"MultiLineString","coordinates":[[[-94.94010005091071,45.230921259401136],[-94.9404783,45.2295838],[-94.9404998734145,45.22951016849396]]]},"properties":{"id":"alpr-branch-mn-23-414","layer":"alpr_corridor","name":"MN 23","county":"Kandiyohi County","state":"MN","countyFips":"27067","confidence":"probabilistic","sourceDate":null,"attributes":{"kind":"branch","road":"MN 23","roadName":null,"roadClass":"trunk","readerCount":1,"siteCount":1,"operatorCount":0,"operators":null,"unattributedReaders":1,"siteLngs":"-94.940196","siteLats":"45.230935","siteReaders":"1"}}},{"type":"Feature","geometry":{"type":"MultiLineString","coordinates":[[[-94.9397401,45.2313852],[-94.93964726932344,45.23195603695563],[-94.9395988,45.2322539],[-94.9395449,45.233067],[-94.93955027012362,45.23339209260754]]]},"properties":{"id":"alpr-branch-mn-23-415","layer":"alpr_corridor","name":"MN 23","county":"Kandiyohi County","state":"MN","countyFips":"27067","confidence":"probabilistic","sourceDate":null,"attributes":{"kind":"branch","road":"MN 23","roadName":null,"roadClass":"trunk","readerCount":1,"siteCount":1,"operatorCount":0,"operators":null,"unattributedReaders":1,"siteLngs":"-94.939543","siteLats":"45.231947","siteReaders":"1"}}},{"type":"Feature","geometry":{"type":"MultiLineString","coordinates":[[[-94.93976531406031,45.2355738716006],[-94.93974642838192,45.23413502048002],[-94.9397166,45.2330292],[-94.93975354668358,45.23269732576883]]]},"properties":{"id":"alpr-branch-mn-23-416","layer":"alpr_corridor","name":"MN 23","county":"Kandiyohi County","state":"MN","countyFips":"27067","confidence":"probabilistic","sourceDate":null,"attributes":{"kind":"branch","road":"MN 23","roadName":null,"roadClass":"trunk","readerCount":1,"siteCount":1,"operatorCount":1,"operators":"City of Willmar - Police","unattributedReaders":0,"siteLngs":"-94.939851","siteLats":"45.234134","siteReaders":"1"}}},{"type":"Feature","geometry":{"type":"MultiLineString","coordinates":[[[-94.78067329011114,45.355323957782744],[-94.78272089392198,45.35533532397501],[-94.7837633,45.3553382],[-94.78476854562618,45.35533530748429]]]},"properties":{"id":"alpr-branch-mn-23-417","layer":"alpr_corridor","name":"MN 23","county":"Kandiyohi County","state":"MN","countyFips":"27067","confidence":"probabilistic","sourceDate":null,"attributes":{"kind":"branch","road":"MN 23","roadName":null,"roadClass":"trunk","readerCount":1,"siteCount":1,"operatorCount":0,"operators":null,"unattributedReaders":1,"siteLngs":"-94.782720","siteLats":"45.355461","siteReaders":"1"}}},{"type":"Feature","geometry":{"type":"MultiLineString","coordinates":[[[-93.75666461459288,46.18419496401535],[-93.75667062007432,46.182756057440756],[-93.7566762,46.1820801],[-93.7566716,46.1818466],[-93.7566773,46.1814538],[-93.75667928255106,46.18131720434106]]]},"properties":{"id":"alpr-branch-us-highway-169-418","layer":"alpr_corridor","name":"US Highway 169","county":"Mille Lacs County","state":"MN","countyFips":"27095","confidence":"probabilistic","sourceDate":null,"attributes":{"kind":"branch","road":"US Highway 169","roadName":null,"roadClass":"trunk","readerCount":1,"siteCount":1,"operatorCount":0,"operators":null,"unattributedReaders":1,"siteLngs":"-93.756806","siteLats":"46.182757","siteReaders":"1"}}},{"type":"Feature","geometry":{"type":"MultiLineString","coordinates":[[[-93.95376490409217,46.716680855540154],[-93.9537617,46.7168086],[-93.9538368,46.7173015],[-93.95412418214923,46.71809291024832],[-93.9541908,46.718243],[-93.9545234,46.7187358],[-93.9548668,46.7191918],[-93.95503132723745,46.71938745739836]]]},"properties":{"id":"alpr-branch-mn-6-419","layer":"alpr_corridor","name":"MN 6 — State Highway 6","county":"Crow Wing County","state":"MN","countyFips":"27035","confidence":"probabilistic","sourceDate":null,"attributes":{"kind":"branch","road":"MN 6","roadName":"State Highway 6","roadClass":"secondary","readerCount":1,"siteCount":1,"operatorCount":0,"operators":null,"unattributedReaders":1,"siteLngs":"-93.954051","siteLats":"46.718108","siteReaders":"1"}}},{"type":"Feature","geometry":{"type":"MultiLineString","coordinates":[[[-93.75603446674008,47.22506174220819],[-93.7560201,47.2245992],[-93.75604348055906,47.223623061659374]]]},"properties":{"id":"alpr-branch-mn-6-420","layer":"alpr_corridor","name":"MN 6","county":"Itasca County","state":"MN","countyFips":"27061","confidence":"probabilistic","sourceDate":null,"attributes":{"kind":"branch","road":"MN 6","roadName":null,"roadClass":"secondary","readerCount":1,"siteCount":1,"operatorCount":0,"operators":null,"unattributedReaders":1,"siteLngs":"-93.755803","siteLats":"47.225065","siteReaders":"1"}}},{"type":"Feature","geometry":{"type":"MultiLineString","coordinates":[[[-93.65487991391826,47.7430397317045],[-93.6551058,47.7425615],[-93.6552374,47.7423139],[-93.6553292,47.7421498],[-93.6554153,47.7420098],[-93.65564640336186,47.74169913469532],[-93.6556644,47.7416766],[-93.6557952,47.7415232]]]},"properties":{"id":"alpr-branch-mn-38-421","layer":"alpr_corridor","name":"MN 38 — Main Street","county":"Itasca County","state":"MN","countyFips":"27061","confidence":"probabilistic","sourceDate":null,"attributes":{"kind":"branch","road":"MN 38","roadName":"Main Street","roadClass":"secondary","readerCount":1,"siteCount":1,"operatorCount":0,"operators":null,"unattributedReaders":1,"siteLngs":"-93.655780","siteLats":"47.741748","siteReaders":"1"}}},{"type":"Feature","geometry":{"type":"MultiLineString","coordinates":[[[-93.53296800951955,47.245599769561146],[-93.5329671,47.2456368],[-93.5329560663466,47.24703865698592],[-93.5329528,47.2477147],[-93.5330084,47.2479913]]]},"properties":{"id":"alpr-branch-mn-38-422","layer":"alpr_corridor","name":"MN 38 — Northwest 3rd Avenue","county":"Itasca County","state":"MN","countyFips":"27061","confidence":"probabilistic","sourceDate":null,"attributes":{"kind":"branch","road":"MN 38","roadName":"Northwest 3rd Avenue","roadClass":"secondary","readerCount":1,"siteCount":1,"operatorCount":0,"operators":null,"unattributedReaders":1,"siteLngs":"-93.532887","siteLats":"47.247039","siteReaders":"1"}}},{"type":"Feature","geometry":{"type":"MultiLineString","coordinates":[[[-93.53381201700076,47.282006032834786],[-93.53397518786711,47.280571384432044],[-93.5340078,47.2800321],[-93.5339971,47.2791514],[-93.5339955912846,47.27913298383264]]]},"properties":{"id":"alpr-branch-mn-38-423","layer":"alpr_corridor","name":"MN 38 — State Highway 38","county":"Itasca County","state":"MN","countyFips":"27061","confidence":"probabilistic","sourceDate":null,"attributes":{"kind":"branch","road":"MN 38","roadName":"State Highway 38","roadClass":"secondary","readerCount":1,"siteCount":1,"operatorCount":1,"operators":"The Home Depot","unattributedReaders":0,"siteLngs":"-93.533862","siteLats":"47.280568","siteReaders":"1"}}},{"type":"Feature","geometry":{"type":"MultiLineString","coordinates":[[[-93.41783829377827,44.88953501004039],[-93.4178396,44.889541],[-93.4178484,44.8895956],[-93.4178547,44.8896736],[-93.4178629,44.8898257],[-93.4178653,44.8900439],[-93.4178661,44.8901346],[-93.41786211566742,44.89097324511754],[-93.4178603,44.8910572],[-93.4178583,44.8911316],[-93.4178603,44.8912001],[-93.4178645,44.8912584],[-93.4178706,44.8913109],[-93.4178789,44.891362],[-93.4178974,44.8914349],[-93.4179139,44.8914932],[-93.4179344,44.8915574],[-93.4179571,44.8916215],[-93.417988,44.891693],[-93.4180188,44.89176],[-93.418048,44.8918261],[-93.4180619,44.8918551],[-93.4180808,44.8918819],[-93.4180944,44.8919072],[-93.4181113,44.8919252],[-93.4181295,44.8919475]]]},"properties":{"id":"alpr-branch-optum-way-424","layer":"alpr_corridor","name":"Optum Way","county":"Hennepin County","state":"MN","countyFips":"27053","confidence":"probabilistic","sourceDate":null,"attributes":{"kind":"branch","road":"Optum Way","roadName":null,"roadClass":"residential","readerCount":1,"siteCount":1,"operatorCount":0,"operators":null,"unattributedReaders":1,"siteLngs":"-93.417694","siteLats":"44.890971","siteReaders":"1"}}},{"type":"Feature","geometry":{"type":"MultiLineString","coordinates":[[[-93.41797930041899,44.89043710789022],[-93.4179805,44.8901325],[-93.4179816,44.8900419],[-93.4179844,44.8898226],[-93.4179856,44.8896733],[-93.4179852,44.8896389],[-93.4179764,44.8895554],[-93.4179644,44.8894944],[-93.4179546,44.8894482],[-93.4179357,44.8893935],[-93.4178906,44.8892636],[-93.4178746,44.8892213],[-93.4178687,44.8891842],[-93.4178629,44.889144],[-93.4178629,44.8890996],[-93.4178687,44.8890666],[-93.41788672528402,44.889008621583194],[-93.417892,44.8889996],[-93.4179116,44.8889657]]]},"properties":{"id":"alpr-branch-optum-way-425","layer":"alpr_corridor","name":"Optum Way","county":"Hennepin County","state":"MN","countyFips":"27053","confidence":"probabilistic","sourceDate":null,"attributes":{"kind":"branch","road":"Optum Way","roadName":null,"roadClass":"residential","readerCount":1,"siteCount":1,"operatorCount":0,"operators":null,"unattributedReaders":1,"siteLngs":"-93.418049","siteLats":"44.889057","siteReaders":"1"}}},{"type":"Feature","geometry":{"type":"MultiLineString","coordinates":[[[-93.4182599,44.8919157],[-93.4182164,44.8918367],[-93.4181795,44.8917743],[-93.4181732,44.8917649],[-93.4181461,44.891724],[-93.4180976595408,44.89165267707106],[-93.4180765,44.8916171],[-93.4180579,44.891569],[-93.4180394,44.8915136],[-93.4180188,44.8914553],[-93.4180085,44.8914086],[-93.4179982,44.8913605],[-93.41799,44.8913109],[-93.4179838,44.8912599],[-93.4179797,44.8912074],[-93.4179777,44.8911068],[-93.4179777,44.8908435],[-93.41798014111382,44.890223631456934]]]},"properties":{"id":"alpr-branch-optum-way-426","layer":"alpr_corridor","name":"Optum Way","county":"Hennepin County","state":"MN","countyFips":"27053","confidence":"probabilistic","sourceDate":null,"attributes":{"kind":"branch","road":"Optum Way","roadName":null,"roadClass":"residential","readerCount":1,"siteCount":1,"operatorCount":0,"operators":null,"unattributedReaders":1,"siteLngs":"-93.418182","siteLats":"44.891627","siteReaders":"1"}}},{"type":"Feature","geometry":{"type":"MultiLineString","coordinates":[[[-93.4614133,45.0122629],[-93.4614102,45.0126306],[-93.4614102,45.0126306],[-93.4614082,45.0128645]]]},"properties":{"id":"alpr-branch-fernbrook-lane-north-427","layer":"alpr_corridor","name":"Fernbrook Lane North","county":"Hennepin County","state":"MN","countyFips":"27053","confidence":"probabilistic","sourceDate":null,"attributes":{"kind":"branch","road":"Fernbrook Lane North","roadName":null,"roadClass":"tertiary","readerCount":1,"siteCount":1,"operatorCount":0,"operators":null,"unattributedReaders":1,"siteLngs":"-93.461410","siteLats":"45.012631","siteReaders":"1"}}},{"type":"Feature","geometry":{"type":"MultiLineString","coordinates":[[[-93.2524562,44.8926186],[-93.2525249284814,44.89242273123425],[-93.2525956,44.8922497],[-93.2528052,44.8916313],[-93.2528656,44.8913813]]]},"properties":{"id":"alpr-branch-bloomington-avenue-429","layer":"alpr_corridor","name":"Bloomington Avenue","county":"Hennepin County","state":"MN","countyFips":"27053","confidence":"probabilistic","sourceDate":null,"attributes":{"kind":"branch","road":"Bloomington Avenue","roadName":null,"roadClass":"tertiary","readerCount":1,"siteCount":1,"operatorCount":0,"operators":null,"unattributedReaders":1,"siteLngs":"-93.252620","siteLats":"44.892442","siteReaders":"1"}}},{"type":"Feature","geometry":{"type":"MultiLineString","coordinates":[[[-93.2625606,44.962708],[-93.26256173750595,44.9625926528134],[-93.2625663,44.9618943],[-93.2625668,44.9618191],[-93.2625677,44.9617456],[-93.26256785489366,44.96115375129426]]]},"properties":{"id":"alpr-branch-chicago-avenue-431","layer":"alpr_corridor","name":"Chicago Avenue","county":"Hennepin County","state":"MN","countyFips":"27053","confidence":"probabilistic","sourceDate":null,"attributes":{"kind":"branch","road":"Chicago Avenue","roadName":null,"roadClass":"tertiary","readerCount":1,"siteCount":1,"operatorCount":1,"operators":"Minneapolis Police Department","unattributedReaders":0,"siteLngs":"-93.262636","siteLats":"44.962593","siteReaders":"1"}}},{"type":"Feature","geometry":{"type":"MultiLineString","coordinates":[[[-93.2628496,44.9702886],[-93.2628473,44.9703697],[-93.2628469,44.9703825],[-93.2628294,44.9704689],[-93.2628058,44.9705481],[-93.2627606,44.9706295],[-93.2627126,44.9707154],[-93.26226980127701,44.97123000069307],[-93.2621797,44.9713219]]]},"properties":{"id":"alpr-branch-chicago-avenue-432","layer":"alpr_corridor","name":"Chicago Avenue","county":"Hennepin County","state":"MN","countyFips":"27053","confidence":"probabilistic","sourceDate":null,"attributes":{"kind":"branch","road":"Chicago Avenue","roadName":null,"roadClass":"tertiary","readerCount":1,"siteCount":1,"operatorCount":1,"operators":"Minneapolis Police Department","unattributedReaders":0,"siteLngs":"-93.262308","siteLats":"44.971249","siteReaders":"1"}}},{"type":"Feature","geometry":{"type":"MultiLineString","coordinates":[[[-93.272534,44.9828795],[-93.272443,44.982942],[-93.27240892702457,44.982965459640674],[-93.2719584,44.9832789],[-93.271468,44.9836201],[-93.2713344,44.983713]]]},"properties":{"id":"alpr-branch-2nd-avenue-north-436","layer":"alpr_corridor","name":"2nd Avenue North","county":"Hennepin County","state":"MN","countyFips":"27053","confidence":"probabilistic","sourceDate":null,"attributes":{"kind":"branch","road":"2nd Avenue North","roadName":null,"roadClass":"tertiary","readerCount":1,"siteCount":1,"operatorCount":1,"operators":"Minneapolis Police Department","unattributedReaders":0,"siteLngs":"-93.272378","siteLats":"44.982943","siteReaders":"1"}}},{"type":"Feature","geometry":{"type":"MultiLineString","coordinates":[[[-93.28799,45.0002291],[-93.2879907,45.0001689],[-93.2879957,44.9997298],[-93.287997,44.9996064],[-93.28800257170926,44.99926171422755],[-93.2880027,44.9992534],[-93.2880045,44.9991392]]]},"properties":{"id":"alpr-branch-north-lyndale-avenue-437","layer":"alpr_corridor","name":"North Lyndale Avenue","county":"Hennepin County","state":"MN","countyFips":"27053","confidence":"probabilistic","sourceDate":null,"attributes":{"kind":"branch","road":"North Lyndale Avenue","roadName":null,"roadClass":"tertiary","readerCount":1,"siteCount":1,"operatorCount":1,"operators":"Minneapolis Police Department","unattributedReaders":0,"siteLngs":"-93.287950","siteLats":"44.999261","siteReaders":"1"}}},{"type":"Feature","geometry":{"type":"MultiLineString","coordinates":[[[-93.2880671,45.0239423],[-93.28806706564356,45.02384949450377],[-93.2880585,45.0224402]]]},"properties":{"id":"alpr-branch-north-lyndale-avenue-438","layer":"alpr_corridor","name":"North Lyndale Avenue","county":"Hennepin County","state":"MN","countyFips":"27053","confidence":"probabilistic","sourceDate":null,"attributes":{"kind":"branch","road":"North Lyndale Avenue","roadName":null,"roadClass":"tertiary","readerCount":1,"siteCount":1,"operatorCount":0,"operators":null,"unattributedReaders":1,"siteLngs":"-93.287968","siteLats":"45.023850","siteReaders":"1"}}},{"type":"Feature","geometry":{"type":"MultiLineString","coordinates":[[[-93.2941251,44.9919783],[-93.29394824120043,44.99197843334649],[-93.2936256,44.9919786]]]},"properties":{"id":"alpr-branch-north-plymouth-avenue-439","layer":"alpr_corridor","name":"North Plymouth Avenue","county":"Hennepin County","state":"MN","countyFips":"27053","confidence":"probabilistic","sourceDate":null,"attributes":{"kind":"branch","road":"North Plymouth Avenue","roadName":null,"roadClass":"secondary","readerCount":1,"siteCount":1,"operatorCount":1,"operators":"Minneapolis Police Department","unattributedReaders":0,"siteLngs":"-93.293948","siteLats":"44.991938","siteReaders":"1"}}},{"type":"Feature","geometry":{"type":"MultiLineString","coordinates":[[[-93.3082345,44.9915045],[-93.30839544977385,44.99150673248471],[-93.3088257,44.9915128],[-93.3090137,44.9915155]]]},"properties":{"id":"alpr-branch-north-plymouth-avenue-440","layer":"alpr_corridor","name":"North Plymouth Avenue","county":"Hennepin County","state":"MN","countyFips":"27053","confidence":"probabilistic","sourceDate":null,"attributes":{"kind":"branch","road":"North Plymouth Avenue","roadName":null,"roadClass":"tertiary","readerCount":1,"siteCount":1,"operatorCount":1,"operators":"Minneapolis Police Department","unattributedReaders":0,"siteLngs":"-93.308395","siteLats":"44.991523","siteReaders":"1"}}},{"type":"Feature","geometry":{"type":"MultiLineString","coordinates":[[[-93.31513655903026,45.00964380572021],[-93.3152473,45.0096428],[-93.3152802,45.0096425],[-93.315404,45.0096426],[-93.3159031,45.0096432],[-93.31717179979577,45.009648092671966]]]},"properties":{"id":"alpr-branch-north-29th-avenue-442","layer":"alpr_corridor","name":"North 29th Avenue","county":"Hennepin County","state":"MN","countyFips":"27053","confidence":"probabilistic","sourceDate":null,"attributes":{"kind":"branch","road":"North 29th Avenue","roadName":null,"roadClass":"residential","readerCount":1,"siteCount":1,"operatorCount":1,"operators":"Minneapolis Police Department","unattributedReaders":0,"siteLngs":"-93.315136","siteLats":"45.009618","siteReaders":"1"}}},{"type":"Feature","geometry":{"type":"MultiLineString","coordinates":[[[-93.2956404,45.023988],[-93.2956431,45.024077],[-93.2956551003541,45.02459481043577],[-93.2956699,45.0257394],[-93.2956708,45.025807],[-93.2956716,45.025859],[-93.29567415393825,45.02603365982651]]]},"properties":{"id":"alpr-branch-north-fremont-avenue-443","layer":"alpr_corridor","name":"North Fremont Avenue","county":"Hennepin County","state":"MN","countyFips":"27053","confidence":"probabilistic","sourceDate":null,"attributes":{"kind":"branch","road":"North Fremont Avenue","roadName":null,"roadClass":"tertiary","readerCount":1,"siteCount":1,"operatorCount":1,"operators":"Hennepin County Sheriff's Office","unattributedReaders":0,"siteLngs":"-93.295535","siteLats":"45.024596","siteReaders":"1"}}},{"type":"Feature","geometry":{"type":"MultiLineString","coordinates":[[[-93.27314433633282,45.01316483912847],[-93.273652,45.0131533],[-93.274817,45.0131197]]]},"properties":{"id":"alpr-branch-cr-153-445","layer":"alpr_corridor","name":"CR 153 — Northeast Lowry Avenue","county":"Hennepin County","state":"MN","countyFips":"27053","confidence":"probabilistic","sourceDate":null,"attributes":{"kind":"branch","road":"CR 153","roadName":"Northeast Lowry Avenue","roadClass":"secondary","readerCount":1,"siteCount":1,"operatorCount":1,"operators":"Minneapolis Police Department","unattributedReaders":0,"siteLngs":"-93.273146","siteLats":"45.013193","siteReaders":"1"}}},{"type":"Feature","geometry":{"type":"MultiLineString","coordinates":[[[-93.27681432525917,45.01302705115147],[-93.27477895671518,45.01303403432724],[-93.2747728,45.0130341]]]},"properties":{"id":"alpr-branch-cr-153-446","layer":"alpr_corridor","name":"CR 153 — North Lowry Avenue","county":"Hennepin County","state":"MN","countyFips":"27053","confidence":"probabilistic","sourceDate":null,"attributes":{"kind":"branch","road":"CR 153","roadName":"North Lowry Avenue","roadClass":"secondary","readerCount":1,"siteCount":1,"operatorCount":1,"operators":"Minneapolis Police Department","unattributedReaders":0,"siteLngs":"-93.274778","siteLats":"45.012998","siteReaders":"1"}}},{"type":"Feature","geometry":{"type":"MultiLineString","coordinates":[[[-93.36769247984256,45.41386978354461],[-93.36771177640313,45.415308632367434]]]},"properties":{"id":"alpr-branch-mn-47-448","layer":"alpr_corridor","name":"MN 47 — Blackfoot Street Northwest","county":"Anoka County","state":"MN","countyFips":"27003","confidence":"probabilistic","sourceDate":null,"attributes":{"kind":"branch","road":"MN 47","roadName":"Blackfoot Street Northwest","roadClass":"secondary","readerCount":1,"siteCount":1,"operatorCount":0,"operators":null,"unattributedReaders":1,"siteLngs":"-93.367780","siteLats":"45.413869","siteReaders":"1"}}},{"type":"Feature","geometry":{"type":"MultiLineString","coordinates":[[[-93.4150527360355,45.72902550765389],[-93.4150556,45.7290433],[-93.41535161551433,45.73044920462829],[-93.415474,45.7310279],[-93.4154954,45.7312676],[-93.415497,45.7316545]]]},"properties":{"id":"alpr-branch-mn-47-449","layer":"alpr_corridor","name":"MN 47 — State Highway 47","county":"Isanti County","state":"MN","countyFips":"27059","confidence":"probabilistic","sourceDate":null,"attributes":{"kind":"branch","road":"MN 47","roadName":"State Highway 47","roadClass":"secondary","readerCount":1,"siteCount":1,"operatorCount":0,"operators":null,"unattributedReaders":1,"siteLngs":"-93.415344","siteLats":"45.730450","siteReaders":"1"}}},{"type":"Feature","geometry":{"type":"MultiLineString","coordinates":[[[-93.409717,45.760334],[-93.40971258834976,45.76080400726939],[-93.40971,45.761083],[-93.4097008908644,45.7622428965996]]]},"properties":{"id":"alpr-branch-mn-47-450","layer":"alpr_corridor","name":"MN 47 — County Road 4","county":"Kanabec County","state":"MN","countyFips":"27065","confidence":"probabilistic","sourceDate":null,"attributes":{"kind":"branch","road":"MN 47","roadName":"County Road 4","roadClass":"secondary","readerCount":1,"siteCount":1,"operatorCount":0,"operators":null,"unattributedReaders":1,"siteLngs":"-93.409711","siteLats":"45.760804","siteReaders":"1"}}},{"type":"Feature","geometry":{"type":"MultiLineString","coordinates":[[[-92.8207074,45.0360805],[-92.82077336101341,45.036872431948375],[-92.820802,45.037216],[-92.8208138,45.0373578],[-92.8208797,45.037963],[-92.820903,45.0381769],[-92.82094769355726,45.038304223948124]]]},"properties":{"id":"alpr-branch-cr-66-451","layer":"alpr_corridor","name":"CR 66 — Greeley Street South","county":"Washington County","state":"MN","countyFips":"27163","confidence":"probabilistic","sourceDate":null,"attributes":{"kind":"branch","road":"CR 66","roadName":"Greeley Street South","roadClass":"tertiary","readerCount":1,"siteCount":1,"operatorCount":0,"operators":null,"unattributedReaders":1,"siteLngs":"-92.820632","siteLats":"45.036878","siteReaders":"1"}}},{"type":"Feature","geometry":{"type":"MultiLineString","coordinates":[[[-93.2372,45.0059127],[-93.2372,45.0059127],[-93.237207,45.0058773],[-93.2371966,45.0057756],[-93.2371437,45.0055641],[-93.2370541,45.0054082],[-93.2369202,45.005251]]]},"properties":{"id":"alpr-branch-northeast-johnson-street-452","layer":"alpr_corridor","name":"Northeast Johnson Street","county":"Hennepin County","state":"MN","countyFips":"27053","confidence":"probabilistic","sourceDate":null,"attributes":{"kind":"branch","road":"Northeast Johnson Street","roadName":null,"roadClass":"secondary","readerCount":1,"siteCount":1,"operatorCount":1,"operators":"Minneapolis Police Department","unattributedReaders":0,"siteLngs":"-93.237221","siteLats":"45.005915","siteReaders":"1"}}},{"type":"Feature","geometry":{"type":"MultiLineString","coordinates":[[[-93.23596685293762,45.00449147254501],[-93.2359745,45.0045001],[-93.2361084,45.004634],[-93.2361808,45.0047065],[-93.2368016,45.0053278],[-93.2369128,45.0054568],[-93.2369944,45.0056024]]]},"properties":{"id":"alpr-branch-northeast-johnson-street-453","layer":"alpr_corridor","name":"Northeast Johnson Street","county":"Hennepin County","state":"MN","countyFips":"27053","confidence":"probabilistic","sourceDate":null,"attributes":{"kind":"branch","road":"Northeast Johnson Street","roadName":null,"roadClass":"secondary","readerCount":1,"siteCount":1,"operatorCount":1,"operators":"Minneapolis Police Department","unattributedReaders":0,"siteLngs":"-93.235892","siteLats":"45.004525","siteReaders":"1"}}},{"type":"Feature","geometry":{"type":"MultiLineString","coordinates":[[[-93.21164448615838,45.000349800173574],[-93.2116398,44.9999711],[-93.2116448,44.9998385],[-93.2116685,44.999575],[-93.2116804,44.9994125],[-93.21167613150186,44.99891170840996],[-93.2116769,44.9984606],[-93.21166765611382,44.997472817783596]]]},"properties":{"id":"alpr-branch-northeast-industrial-boulevard-454","layer":"alpr_corridor","name":"Northeast Industrial Boulevard","county":"Hennepin County","state":"MN","countyFips":"27053","confidence":"probabilistic","sourceDate":null,"attributes":{"kind":"branch","road":"Northeast Industrial Boulevard","roadName":null,"roadClass":"tertiary","readerCount":1,"siteCount":1,"operatorCount":0,"operators":null,"unattributedReaders":1,"siteLngs":"-93.212130","siteLats":"44.998912","siteReaders":"1"}}},{"type":"Feature","geometry":{"type":"MultiLineString","coordinates":[[[-93.2140782,45.0002953],[-93.2140842,45.0002013],[-93.21408403401541,44.99994043492279],[-93.2140835,44.9989736],[-93.2140834,44.9987637],[-93.2140831,44.9987371],[-93.21408040908547,44.99850153095726]]]},"properties":{"id":"alpr-branch-northeast-godward-street-456","layer":"alpr_corridor","name":"Northeast Godward Street","county":"Hennepin County","state":"MN","countyFips":"27053","confidence":"probabilistic","sourceDate":null,"attributes":{"kind":"branch","road":"Northeast Godward Street","roadName":null,"roadClass":"unclassified","readerCount":1,"siteCount":1,"operatorCount":0,"operators":null,"unattributedReaders":1,"siteLngs":"-93.214209","siteLats":"44.999940","siteReaders":"1"}}},{"type":"Feature","geometry":{"type":"MultiLineString","coordinates":[[[-92.8577162,44.9102259],[-92.85760869480312,44.91016784322924],[-92.857581,44.9101532],[-92.8575077,44.9101175],[-92.8574519,44.9100929],[-92.8573941,44.9100701],[-92.8573347,44.91005],[-92.8572734,44.9100321],[-92.8572112,44.9100166],[-92.8571803,44.9100097],[-92.8571195,44.9099978],[-92.85709,44.9099929],[-92.8570315,44.9099846],[-92.8569717,44.9099783],[-92.8569315,44.9099753],[-92.856909,44.9099736],[-92.8568761,44.9099718],[-92.8568064,44.9099693],[-92.856578,44.9099651],[-92.8565085,44.909963],[-92.8564688,44.909961],[-92.8564235,44.9099573],[-92.8563742,44.9099521],[-92.8563235,44.9099455],[-92.856327,44.9099315],[-92.8563278,44.9099189],[-92.8563264,44.9099071],[-92.8563229,44.9098958],[-92.8563175,44.909885],[-92.8563101,44.9098745],[-92.8563011,44.9098641],[-92.8562905,44.9098539],[-92.8562784,44.9098435],[-92.8562466,44.9098192],[-92.8562255,44.9098076],[-92.856202,44.9097985],[-92.8561768,44.9097923],[-92.8561505,44.909789],[-92.8561238,44.9097887],[-92.8560974,44.9097915],[-92.8560719,44.9097973],[-92.8560481,44.9098058],[-92.8560265,44.909817],[-92.8560077,44.9098304],[-92.8559922,44.9098458],[-92.8559804,44.9098628],[-92.8559726,44.9098809],[-92.855969,44.9098997],[-92.8559697,44.9099186],[-92.8559747,44.9099372],[-92.8559838,44.909955],[-92.85599497346078,44.90996907344298]]]},"properties":{"id":"alpr-branch-meadow-point-path-457","layer":"alpr_corridor","name":"Meadow Point Path","county":"Washington County","state":"MN","countyFips":"27163","confidence":"probabilistic","sourceDate":null,"attributes":{"kind":"branch","road":"Meadow Point Path","roadName":null,"roadClass":"residential","readerCount":1,"siteCount":1,"operatorCount":0,"operators":null,"unattributedReaders":1,"siteLngs":"-92.857662","siteLats":"44.910116","siteReaders":"1"}}},{"type":"Feature","geometry":{"type":"MultiLineString","coordinates":[[[-92.8593257,44.9164474],[-92.85933361114127,44.91603962901036],[-92.8593548,44.9149537],[-92.8593586,44.9147052],[-92.8593582,44.9146636],[-92.8593562,44.9146108],[-92.85935563264745,44.91460086273421]]]},"properties":{"id":"alpr-branch-meadow-bluff-trail-458","layer":"alpr_corridor","name":"Meadow Bluff Trail","county":"Washington County","state":"MN","countyFips":"27163","confidence":"probabilistic","sourceDate":null,"attributes":{"kind":"branch","road":"Meadow Bluff Trail","roadName":null,"roadClass":"residential","readerCount":1,"siteCount":1,"operatorCount":0,"operators":null,"unattributedReaders":1,"siteLngs":"-92.859200","siteLats":"44.916038","siteReaders":"1"}}},{"type":"Feature","geometry":{"type":"MultiLineString","coordinates":[[[-93.5510597,44.9026321],[-93.5510428,44.9025913],[-93.55097772377862,44.902399532150156],[-93.5509615,44.9023081],[-93.5509432,44.9022047]]]},"properties":{"id":"alpr-branch-christmas-lake-road-459","layer":"alpr_corridor","name":"Christmas Lake Road","county":"Hennepin County","state":"MN","countyFips":"27053","confidence":"probabilistic","sourceDate":null,"attributes":{"kind":"branch","road":"Christmas Lake Road","roadName":null,"roadClass":"tertiary","readerCount":1,"siteCount":1,"operatorCount":1,"operators":"SLMPD","unattributedReaders":0,"siteLngs":"-93.550847","siteLats":"44.902411","siteReaders":"1"}}},{"type":"Feature","geometry":{"type":"MultiLineString","coordinates":[[[-93.25504038247662,45.035550000383246],[-93.25300418987146,45.03555133783069],[-93.252279,45.0355518],[-93.2511485,45.0355526]]]},"properties":{"id":"alpr-branch-northeast-37th-avenue-462","layer":"alpr_corridor","name":"Northeast 37th Avenue","county":"Anoka County","state":"MN","countyFips":"27003","confidence":"probabilistic","sourceDate":null,"attributes":{"kind":"branch","road":"Northeast 37th Avenue","roadName":null,"roadClass":"tertiary","readerCount":1,"siteCount":1,"operatorCount":0,"operators":null,"unattributedReaders":1,"siteLngs":"-93.253004","siteLats":"45.035639","siteReaders":"1"}}},{"type":"Feature","geometry":{"type":"MultiLineString","coordinates":[[[-93.2307576,45.0356399],[-93.2306329,45.0356369],[-93.2304021,45.0356391],[-93.22986266007801,45.03564515621168],[-93.2296376,45.0356501],[-93.2295925,45.0356522],[-93.2291363,45.0356598]]]},"properties":{"id":"alpr-branch-northeast-37th-avenue-464","layer":"alpr_corridor","name":"Northeast 37th Avenue","county":"Anoka County","state":"MN","countyFips":"27003","confidence":"probabilistic","sourceDate":null,"attributes":{"kind":"branch","road":"Northeast 37th Avenue","roadName":null,"roadClass":"tertiary","readerCount":1,"siteCount":1,"operatorCount":0,"operators":null,"unattributedReaders":1,"siteLngs":"-93.229866","siteLats":"45.035715","siteReaders":"1"}}},{"type":"Feature","geometry":{"type":"MultiLineString","coordinates":[[[-93.00517663057478,45.01102424175215],[-93.0051541,45.0103992],[-93.0051224,45.0100233],[-93.0051049,45.0096502],[-93.00510135886077,45.00958645381018],[-93.005098,45.0095399],[-93.0050927,45.0093917],[-93.0050738,45.008862],[-93.0050695,45.0086581]]]},"properties":{"id":"alpr-branch-ch-68-466","layer":"alpr_corridor","name":"CH 68 — McKnight Road North","county":"Ramsey County","state":"MN","countyFips":"27123","confidence":"probabilistic","sourceDate":null,"attributes":{"kind":"branch","road":"CH 68","roadName":"McKnight Road North","roadClass":"tertiary","readerCount":1,"siteCount":1,"operatorCount":0,"operators":null,"unattributedReaders":1,"siteLngs":"-93.005177","siteLats":"45.009584","siteReaders":"1"}}},{"type":"Feature","geometry":{"type":"MultiLineString","coordinates":[[[-93.05504128483386,44.7158863440317],[-93.05333676404382,44.7151095908573]]]},"properties":{"id":"alpr-branch-cr-46-467","layer":"alpr_corridor","name":"CR 46 — Brandel Drive","county":"Dakota County","state":"MN","countyFips":"27037","confidence":"probabilistic","sourceDate":null,"attributes":{"kind":"branch","road":"CR 46","roadName":"Brandel Drive","roadClass":"secondary","readerCount":1,"siteCount":1,"operatorCount":1,"operators":"Dakota County Sheriff's Office","unattributedReaders":0,"siteLngs":"-93.054988","siteLats":"44.715946","siteReaders":"1"}}},{"type":"Feature","geometry":{"type":"MultiLineString","coordinates":[[[-93.0252169,44.7123756],[-93.02396140839639,44.71279926684382],[-93.0233175,44.7130367],[-93.02229,44.7134633],[-93.02219668206091,44.71350384521933]]]},"properties":{"id":"alpr-branch-cr-46-468","layer":"alpr_corridor","name":"CR 46 — Brandel Drive","county":"Dakota County","state":"MN","countyFips":"27037","confidence":"probabilistic","sourceDate":null,"attributes":{"kind":"branch","road":"CR 46","roadName":"Brandel Drive","roadClass":"secondary","readerCount":1,"siteCount":1,"operatorCount":1,"operators":"Dakota County Sheriff's Office","unattributedReaders":0,"siteLngs":"-93.023910","siteLats":"44.712729","siteReaders":"1"}}},{"type":"Feature","geometry":{"type":"MultiLineString","coordinates":[[[-95.42319703659223,45.8602073393732],[-95.4225757,45.8601732],[-95.4220934,45.860147],[-95.42113715417675,45.86009508486334]]]},"properties":{"id":"alpr-branch-cr-46-469","layer":"alpr_corridor","name":"CR 46 — 34th Avenue West","county":"Douglas County","state":"MN","countyFips":"27041","confidence":"probabilistic","sourceDate":null,"attributes":{"kind":"branch","road":"CR 46","roadName":"34th Avenue West","roadClass":"primary","readerCount":1,"siteCount":1,"operatorCount":0,"operators":null,"unattributedReaders":1,"siteLngs":"-95.423209","siteLats":"45.860102","siteReaders":"1"}}},{"type":"Feature","geometry":{"type":"MultiLineString","coordinates":[[[-93.2857176,44.7147583],[-93.28604048237106,44.71479815377594],[-93.2865341,44.7148576],[-93.2867755,44.7148849],[-93.2869977,44.7149084],[-93.2871834,44.7149267],[-93.2875649,44.7149599],[-93.2880289,44.7149896],[-93.28804627815235,44.71499057630069]]]},"properties":{"id":"alpr-branch-cr-46-470","layer":"alpr_corridor","name":"CR 46 — 162nd Street West","county":"Dakota County","state":"MN","countyFips":"27037","confidence":"probabilistic","sourceDate":null,"attributes":{"kind":"branch","road":"CR 46","roadName":"162nd Street West","roadClass":"secondary","readerCount":1,"siteCount":1,"operatorCount":0,"operators":null,"unattributedReaders":1,"siteLngs":"-93.286008","siteLats":"44.714936","siteReaders":"1"}}},{"type":"Feature","geometry":{"type":"MultiLineString","coordinates":[[[-93.2785188,44.9196384],[-93.27805274805655,44.919641062057224],[-93.2779537,44.9196415]]]},"properties":{"id":"alpr-branch-cr-46-471","layer":"alpr_corridor","name":"CR 46 — West 46th Street","county":"Hennepin County","state":"MN","countyFips":"27053","confidence":"probabilistic","sourceDate":null,"attributes":{"kind":"branch","road":"CR 46","roadName":"West 46th Street","roadClass":"secondary","readerCount":1,"siteCount":1,"operatorCount":0,"operators":null,"unattributedReaders":1,"siteLngs":"-93.278053","siteLats":"44.919705","siteReaders":"1"}}},{"type":"Feature","geometry":{"type":"MultiLineString","coordinates":[[[-92.790555,46.3749742],[-92.79170763212545,46.374970732309976],[-92.7921487,46.3749652],[-92.7931247,46.3749568],[-92.79379289136584,46.37494652410496]]]},"properties":{"id":"alpr-branch-cr-46-472","layer":"alpr_corridor","name":"CR 46 — Laketown Road","county":"Pine County","state":"MN","countyFips":"27115","confidence":"probabilistic","sourceDate":null,"attributes":{"kind":"branch","road":"CR 46","roadName":"Laketown Road","roadClass":"tertiary","readerCount":1,"siteCount":1,"operatorCount":0,"operators":null,"unattributedReaders":1,"siteLngs":"-92.791709","siteLats":"46.375020","siteReaders":"1"}}},{"type":"Feature","geometry":{"type":"MultiLineString","coordinates":[[[-93.39070185652652,45.10543889536818],[-93.390389,45.1054396],[-93.3889477,45.1054428],[-93.38866318470386,45.105443913287324],[-93.3880724,45.1054525]]]},"properties":{"id":"alpr-branch-83rd-avenue-north-473","layer":"alpr_corridor","name":"83rd Avenue North","county":"Hennepin County","state":"MN","countyFips":"27053","confidence":"probabilistic","sourceDate":null,"attributes":{"kind":"branch","road":"83rd Avenue North","roadName":null,"roadClass":"residential","readerCount":1,"siteCount":1,"operatorCount":0,"operators":null,"unattributedReaders":1,"siteLngs":"-93.388665","siteLats":"45.105503","siteReaders":"1"}}},{"type":"Feature","geometry":{"type":"MultiLineString","coordinates":[[[-93.3507314,44.8966243],[-93.35101976749064,44.896621273587215],[-93.3515733,44.8966155],[-93.352028,44.896626],[-93.3522812,44.8966291],[-93.3523694,44.8966408],[-93.3524531,44.8966681],[-93.3525265,44.8967091],[-93.35289454626545,44.89694267269012]]]},"properties":{"id":"alpr-branch-benton-avenue-474","layer":"alpr_corridor","name":"Benton Avenue","county":"Hennepin County","state":"MN","countyFips":"27053","confidence":"probabilistic","sourceDate":null,"attributes":{"kind":"branch","road":"Benton Avenue","roadName":null,"roadClass":"tertiary","readerCount":1,"siteCount":1,"operatorCount":1,"operators":"Edina Police Department","unattributedReaders":0,"siteLngs":"-93.351021","siteLats":"44.896696","siteReaders":"1"}}},{"type":"Feature","geometry":{"type":"MultiLineString","coordinates":[[[-93.5139762609987,44.910503495569685],[-93.5136039,44.9104759],[-93.5132123,44.9104482],[-93.5119499793732,44.910491710890135],[-93.5118214,44.9105063],[-93.5113257,44.9105731],[-93.5107934,44.9106977],[-93.51002801989573,44.91093644066982]]]},"properties":{"id":"alpr-branch-delton-avenue-475","layer":"alpr_corridor","name":"Delton Avenue","county":"Hennepin County","state":"MN","countyFips":"27053","confidence":"probabilistic","sourceDate":null,"attributes":{"kind":"branch","road":"Delton Avenue","roadName":null,"roadClass":"tertiary","readerCount":1,"siteCount":1,"operatorCount":1,"operators":"Minnetonka High School","unattributedReaders":0,"siteLngs":"-93.511927","siteLats":"44.910390","siteReaders":"1"}}},{"type":"Feature","geometry":{"type":"MultiLineString","coordinates":[[[-93.51515415383761,44.910714865193455],[-93.514656,44.9106004],[-93.5143164,44.9105403],[-93.5140195,44.9105067],[-93.5136039,44.9104759],[-93.51316603141235,44.910449404784366],[-93.5120717,44.9104779],[-93.5118214,44.9105063],[-93.5113257,44.9105731],[-93.51115612119817,44.91061279475617]]]},"properties":{"id":"alpr-branch-delton-avenue-476","layer":"alpr_corridor","name":"Delton Avenue","county":"Hennepin County","state":"MN","countyFips":"27053","confidence":"probabilistic","sourceDate":null,"attributes":{"kind":"branch","road":"Delton Avenue","roadName":null,"roadClass":"tertiary","readerCount":1,"siteCount":1,"operatorCount":1,"operators":"Minnetonka High School","unattributedReaders":0,"siteLngs":"-93.513162","siteLats":"44.910371","siteReaders":"1"}}},{"type":"Feature","geometry":{"type":"MultiLineString","coordinates":[[[-93.51113537946885,44.910617649949614],[-93.5107934,44.9106977],[-93.50999,44.9109483],[-93.5095117,44.9110908],[-93.50923718740462,44.91110003795715],[-93.5091638,44.9110992]]]},"properties":{"id":"alpr-branch-delton-avenue-477","layer":"alpr_corridor","name":"Delton Avenue","county":"Hennepin County","state":"MN","countyFips":"27053","confidence":"probabilistic","sourceDate":null,"attributes":{"kind":"branch","road":"Delton Avenue","roadName":null,"roadClass":"tertiary","readerCount":1,"siteCount":1,"operatorCount":1,"operators":"Minnetonka High School","unattributedReaders":0,"siteLngs":"-93.509241","siteLats":"44.910930","siteReaders":"1"}}},{"type":"Feature","geometry":{"type":"MultiLineString","coordinates":[[[-96.7660439,46.8441328],[-96.76603926229356,46.843968867966055],[-96.7660391,46.8439493],[-96.766036,46.8435962],[-96.7660319,46.8431315],[-96.7660317,46.8431133],[-96.7660287,46.8427649],[-96.7660272,46.8425851],[-96.76602671469627,46.84252998101114]]]},"properties":{"id":"alpr-branch-9th-street-south-478","layer":"alpr_corridor","name":"9th Street South","county":"Clay County","state":"MN","countyFips":"27027","confidence":"probabilistic","sourceDate":null,"attributes":{"kind":"branch","road":"9th Street South","roadName":null,"roadClass":"residential","readerCount":1,"siteCount":1,"operatorCount":0,"operators":null,"unattributedReaders":1,"siteLngs":"-96.766107","siteLats":"46.843969","siteReaders":"1"}}},{"type":"Feature","geometry":{"type":"MultiLineString","coordinates":[[[-93.5621198,45.3213327],[-93.5617531,45.3213302],[-93.5614675,45.3213331],[-93.5612377,45.321379],[-93.56065154215986,45.321378569262514],[-93.5603459,45.3213692],[-93.5601774,45.3213676]]]},"properties":{"id":"alpr-branch-193rd-avenue-northwest-479","layer":"alpr_corridor","name":"193rd Avenue Northwest","county":"Sherburne County","state":"MN","countyFips":"27141","confidence":"probabilistic","sourceDate":null,"attributes":{"kind":"branch","road":"193rd Avenue Northwest","roadName":null,"roadClass":"tertiary","readerCount":1,"siteCount":1,"operatorCount":0,"operators":null,"unattributedReaders":1,"siteLngs":"-93.560656","siteLats":"45.321306","siteReaders":"1"}}},{"type":"Feature","geometry":{"type":"MultiLineString","coordinates":[[[-92.9562267,47.4020206],[-92.956217,47.4016226],[-92.95617820867396,47.400597544286256],[-92.9561645,47.4001606]]]},"properties":{"id":"alpr-branch-11th-avenue-west-480","layer":"alpr_corridor","name":"11th Avenue West","county":"St. Louis County","state":"MN","countyFips":"27137","confidence":"probabilistic","sourceDate":null,"attributes":{"kind":"branch","road":"11th Avenue West","roadName":null,"roadClass":"unclassified","readerCount":1,"siteCount":1,"operatorCount":0,"operators":null,"unattributedReaders":1,"siteLngs":"-92.956133","siteLats":"47.400598","siteReaders":"1"}}},{"type":"Feature","geometry":{"type":"MultiLineString","coordinates":[[[-93.4255665,44.8617194],[-93.4256649,44.861748],[-93.4257758,44.8617766],[-93.42583,44.8617899],[-93.42605483706842,44.86185555990328],[-93.4263234,44.8619297],[-93.427026,44.8621293],[-93.4271646,44.8621645],[-93.4273173,44.8621985],[-93.427491,44.8622325],[-93.427684,44.8622606],[-93.4278038,44.8622726],[-93.42798311125983,44.86226863714507]]]},"properties":{"id":"alpr-branch-technology-drive-481","layer":"alpr_corridor","name":"Technology Drive","county":"Hennepin County","state":"MN","countyFips":"27053","confidence":"probabilistic","sourceDate":null,"attributes":{"kind":"branch","road":"Technology Drive","roadName":null,"roadClass":"tertiary","readerCount":1,"siteCount":1,"operatorCount":0,"operators":null,"unattributedReaders":1,"siteLngs":"-93.426008","siteLats":"44.861941","siteReaders":"1"}}},{"type":"Feature","geometry":{"type":"MultiLineString","coordinates":[[[-92.92563744546119,44.75661535004999],[-92.92361217552784,44.75666213094866],[-92.92158584121093,44.756666187435165]]]},"properties":{"id":"alpr-branch-cr-42-483","layer":"alpr_corridor","name":"CR 42 — 132nd Street East","county":"Dakota County","state":"MN","countyFips":"27037","confidence":"probabilistic","sourceDate":null,"attributes":{"kind":"branch","road":"CR 42","roadName":"132nd Street East","roadClass":"tertiary","readerCount":1,"siteCount":1,"operatorCount":0,"operators":null,"unattributedReaders":1,"siteLngs":"-92.923612","siteLats":"44.756515","siteReaders":"1"}}},{"type":"Feature","geometry":{"type":"MultiLineString","coordinates":[[[-92.8528653807823,44.744358552405814],[-92.8524169,44.7443609],[-92.8522404,44.744362]]]},"properties":{"id":"alpr-branch-cr-42-484","layer":"alpr_corridor","name":"CR 42 — East 2nd Street","county":"Dakota County","state":"MN","countyFips":"27037","confidence":"probabilistic","sourceDate":null,"attributes":{"kind":"branch","road":"CR 42","roadName":"East 2nd Street","roadClass":"tertiary","readerCount":1,"siteCount":1,"operatorCount":0,"operators":null,"unattributedReaders":1,"siteLngs":"-92.852866","siteLats":"44.744400","siteReaders":"1"}}},{"type":"Feature","geometry":{"type":"MultiLineString","coordinates":[[[-95.3891762,45.8506185],[-95.38944997275438,45.85064877833896],[-95.3894927,45.850654],[-95.3896417,45.8506753],[-95.3897899,45.8506986],[-95.3899166,45.8507254],[-95.3900608,45.8507619],[-95.3901972,45.8508007],[-95.3903436,45.8508495],[-95.3904922,45.8509079],[-95.3906566,45.8509801],[-95.3907711,45.8510349],[-95.3907802,45.8510392],[-95.3908803,45.8510902],[-95.3909883,45.851147],[-95.3911329,45.8512338],[-95.39124586608972,45.85131055334791]]]},"properties":{"id":"alpr-branch-dakota-street-485","layer":"alpr_corridor","name":"Dakota Street","county":"Douglas County","state":"MN","countyFips":"27041","confidence":"probabilistic","sourceDate":null,"attributes":{"kind":"branch","road":"Dakota Street","roadName":null,"roadClass":"tertiary","readerCount":1,"siteCount":1,"operatorCount":0,"operators":null,"unattributedReaders":1,"siteLngs":"-95.389427","siteLats":"45.850739","siteReaders":"1"}}},{"type":"Feature","geometry":{"type":"MultiLineString","coordinates":[[[-93.2900462,45.0735534],[-93.29025858191756,45.07334360808928],[-93.290314,45.073292],[-93.290497,45.073158],[-93.29071,45.073048],[-93.290939,45.072956],[-93.291191,45.072895],[-93.291504,45.0728361],[-93.291817,45.07283]]]},"properties":{"id":"alpr-branch-66th-avenue-north-486","layer":"alpr_corridor","name":"66th Avenue North","county":"Hennepin County","state":"MN","countyFips":"27053","confidence":"probabilistic","sourceDate":null,"attributes":{"kind":"branch","road":"66th Avenue North","roadName":null,"roadClass":"tertiary","readerCount":1,"siteCount":1,"operatorCount":0,"operators":null,"unattributedReaders":1,"siteLngs":"-93.290143","siteLats":"45.073281","siteReaders":"1"}}},{"type":"Feature","geometry":{"type":"MultiLineString","coordinates":[[[-93.2865651,45.0745449],[-93.2864189,45.0745609],[-93.28618026082472,45.07458645121116],[-93.2856233,45.0746443]]]},"properties":{"id":"alpr-branch-66th-avenue-north-487","layer":"alpr_corridor","name":"66th Avenue North","county":"Hennepin County","state":"MN","countyFips":"27053","confidence":"probabilistic","sourceDate":null,"attributes":{"kind":"branch","road":"66th Avenue North","roadName":null,"roadClass":"tertiary","readerCount":1,"siteCount":1,"operatorCount":0,"operators":null,"unattributedReaders":1,"siteLngs":"-93.286160","siteLats":"45.074490","siteReaders":"1"}}},{"type":"Feature","geometry":{"type":"MultiLineString","coordinates":[[[-93.318092,45.0601898],[-93.3183442,45.0602673],[-93.3190227137484,45.060478210894686],[-93.3190349,45.060482],[-93.319244,45.060547],[-93.319388,45.0605913],[-93.3195292,45.0606378]]]},"properties":{"id":"alpr-branch-northway-drive-488","layer":"alpr_corridor","name":"Northway Drive","county":"Hennepin County","state":"MN","countyFips":"27053","confidence":"probabilistic","sourceDate":null,"attributes":{"kind":"branch","road":"Northway Drive","roadName":null,"roadClass":"residential","readerCount":1,"siteCount":1,"operatorCount":0,"operators":null,"unattributedReaders":1,"siteLngs":"-93.318975","siteLats":"45.060556","siteReaders":"1"}}},{"type":"Feature","geometry":{"type":"MultiLineString","coordinates":[[[-95.3843826400972,45.850483746738426],[-95.3841795,45.8504763],[-95.3832729,45.8504455],[-95.3830619,45.8504595],[-95.38232986951793,45.850547144676014],[-95.3821251,45.8505799],[-95.3818296,45.8506422],[-95.3813562,45.8507724],[-95.3808878,45.8509279],[-95.3804466,45.8510742],[-95.38041908882161,45.85108336283737]]]},"properties":{"id":"alpr-branch-44th-avenue-west-490","layer":"alpr_corridor","name":"44th Avenue West","county":"Douglas County","state":"MN","countyFips":"27041","confidence":"probabilistic","sourceDate":null,"attributes":{"kind":"branch","road":"44th Avenue West","roadName":null,"roadClass":"unclassified","readerCount":1,"siteCount":1,"operatorCount":0,"operators":null,"unattributedReaders":1,"siteLngs":"-95.382351","siteLats":"45.850612","siteReaders":"1"}}},{"type":"Feature","geometry":{"type":"MultiLineString","coordinates":[[[-95.38750433496662,45.848418256353064],[-95.3874864,45.8488516],[-95.3874752,45.848985],[-95.3874511,45.8493269],[-95.3874383,45.8494505],[-95.38740622401873,45.84985541203062],[-95.387405,45.8498733],[-95.3873862,45.8501249],[-95.3873662,45.8504661],[-95.3873556,45.8506008]]]},"properties":{"id":"alpr-branch-frontage-road-491","layer":"alpr_corridor","name":"Frontage Road","county":"Douglas County","state":"MN","countyFips":"27041","confidence":"probabilistic","sourceDate":null,"attributes":{"kind":"branch","road":"Frontage Road","roadName":null,"roadClass":"unclassified","readerCount":1,"siteCount":1,"operatorCount":0,"operators":null,"unattributedReaders":1,"siteLngs":"-95.387519","siteLats":"45.849859","siteReaders":"1"}}},{"type":"Feature","geometry":{"type":"MultiLineString","coordinates":[[[-93.0573097017286,44.91706112857424],[-93.0574874,44.9172669],[-93.05841165753219,44.91826998023509],[-93.0592224,44.91914],[-93.059395,44.9193245],[-93.0594182,44.9193494]]]},"properties":{"id":"alpr-branch-concord-street-north-493","layer":"alpr_corridor","name":"Concord Street North","county":"Dakota County","state":"MN","countyFips":"27037","confidence":"probabilistic","sourceDate":null,"attributes":{"kind":"branch","road":"Concord Street North","roadName":null,"roadClass":"secondary","readerCount":1,"siteCount":1,"operatorCount":0,"operators":null,"unattributedReaders":1,"siteLngs":"-93.058334","siteLats":"44.918307","siteReaders":"1"}}},{"type":"Feature","geometry":{"type":"MultiLineString","coordinates":[[[-93.034244,44.8932115],[-93.03436792842258,44.89339203240527],[-93.0352361,44.8946337],[-93.0352725437733,44.89468030085342]]]},"properties":{"id":"alpr-branch-concord-street-north-494","layer":"alpr_corridor","name":"Concord Street North","county":"Dakota County","state":"MN","countyFips":"27037","confidence":"probabilistic","sourceDate":null,"attributes":{"kind":"branch","road":"Concord Street North","roadName":null,"roadClass":"secondary","readerCount":1,"siteCount":1,"operatorCount":0,"operators":null,"unattributedReaders":1,"siteLngs":"-93.034277","siteLats":"44.893424","siteReaders":"1"}}},{"type":"Feature","geometry":{"type":"MultiLineString","coordinates":[[[-93.063306,44.9123492],[-93.06274032689534,44.91234482625678],[-93.062316,44.9123427],[-93.0621636,44.9123432],[-93.06070851614069,44.912342297902136]]]},"properties":{"id":"alpr-branch-cr-4-495","layer":"alpr_corridor","name":"CR 4 — Butler Avenue","county":"Dakota County","state":"MN","countyFips":"27037","confidence":"probabilistic","sourceDate":null,"attributes":{"kind":"branch","road":"CR 4","roadName":"Butler Avenue","roadClass":"tertiary","readerCount":1,"siteCount":1,"operatorCount":0,"operators":null,"unattributedReaders":1,"siteLngs":"-93.062741","siteLats":"44.912266","siteReaders":"1"}}},{"type":"Feature","geometry":{"type":"MultiLineString","coordinates":[[[-93.06514881290852,44.91235653588937],[-93.064677,44.9123523]]]},"properties":{"id":"alpr-branch-cr-4-496","layer":"alpr_corridor","name":"CR 4 — Butler Avenue","county":"Dakota County","state":"MN","countyFips":"27037","confidence":"probabilistic","sourceDate":null,"attributes":{"kind":"branch","road":"CR 4","roadName":"Butler Avenue","roadClass":"tertiary","readerCount":1,"siteCount":1,"operatorCount":0,"operators":null,"unattributedReaders":1,"siteLngs":"-93.065148","siteLats":"44.912397","siteReaders":"1"}}},{"type":"Feature","geometry":{"type":"MultiLineString","coordinates":[[[-93.0695349,44.897978],[-93.06836302151402,44.89796697652152],[-93.0682401,44.8979657],[-93.0678535,44.8979598]]]},"properties":{"id":"alpr-branch-ch-8-497","layer":"alpr_corridor","name":"CH 8 — Wentworth Avenue East","county":"Dakota County","state":"MN","countyFips":"27037","confidence":"probabilistic","sourceDate":null,"attributes":{"kind":"branch","road":"CH 8","roadName":"Wentworth Avenue East","roadClass":"tertiary","readerCount":1,"siteCount":1,"operatorCount":0,"operators":null,"unattributedReaders":1,"siteLngs":"-93.068362","siteLats":"44.898022","siteReaders":"1"}}},{"type":"Feature","geometry":{"type":"MultiLineString","coordinates":[[[-93.0424565299592,44.87655803269963],[-93.04244835644512,44.87511913177483],[-93.042448,44.875004],[-93.042449,44.8748455]]]},"properties":{"id":"alpr-branch-7th-avenue-south-498","layer":"alpr_corridor","name":"7th Avenue South","county":"Dakota County","state":"MN","countyFips":"27037","confidence":"probabilistic","sourceDate":null,"attributes":{"kind":"branch","road":"7th Avenue South","roadName":null,"roadClass":"tertiary","readerCount":1,"siteCount":1,"operatorCount":0,"operators":null,"unattributedReaders":1,"siteLngs":"-93.042342","siteLats":"44.875119","siteReaders":"1"}}},{"type":"Feature","geometry":{"type":"MultiLineString","coordinates":[[[-93.0651371,44.8978666],[-93.0649708,44.8979128],[-93.0647358168366,44.89793015845291],[-93.0646645,44.8979317],[-93.0640806,44.8979355],[-93.0639967,44.8979535]]]},"properties":{"id":"alpr-branch-cr-8-499","layer":"alpr_corridor","name":"CR 8 — Wentworth Avenue","county":"Dakota County","state":"MN","countyFips":"27037","confidence":"probabilistic","sourceDate":null,"attributes":{"kind":"branch","road":"CR 8","roadName":"Wentworth Avenue","roadClass":"tertiary","readerCount":1,"siteCount":1,"operatorCount":0,"operators":null,"unattributedReaders":1,"siteLngs":"-93.064734","siteLats":"44.897878","siteReaders":"1"}}},{"type":"Feature","geometry":{"type":"MultiLineString","coordinates":[[[-93.3753402,45.0657056],[-93.37536883244232,45.06611801181164],[-93.3753758,45.0662185],[-93.3753837,45.0663329],[-93.3754377,45.0669669],[-93.3754639,45.0674066],[-93.37547602244634,45.06755488568195]]]},"properties":{"id":"alpr-branch-cr-8-500","layer":"alpr_corridor","name":"CR 8 — West Broadway Avenue","county":"Hennepin County","state":"MN","countyFips":"27053","confidence":"probabilistic","sourceDate":null,"attributes":{"kind":"branch","road":"CR 8","roadName":"West Broadway Avenue","roadClass":"tertiary","readerCount":1,"siteCount":1,"operatorCount":0,"operators":null,"unattributedReaders":1,"siteLngs":"-93.375518","siteLats":"45.066113","siteReaders":"1"}}},{"type":"Feature","geometry":{"type":"MultiLineString","coordinates":[[[-93.34761446786005,45.038886188980584],[-93.3480436,45.0393932],[-93.34865606629118,45.04012261330677],[-93.3491074,45.0406473],[-93.34970189262899,45.04135723856603]]]},"properties":{"id":"alpr-branch-cr-8-501","layer":"alpr_corridor","name":"CR 8 — West Broadway Avenue","county":"Hennepin County","state":"MN","countyFips":"27053","confidence":"probabilistic","sourceDate":null,"attributes":{"kind":"branch","road":"CR 8","roadName":"West Broadway Avenue","roadClass":"tertiary","readerCount":1,"siteCount":1,"operatorCount":0,"operators":null,"unattributedReaders":1,"siteLngs":"-93.348571","siteLats":"45.040160","siteReaders":"1"}}},{"type":"Feature","geometry":{"type":"MultiLineString","coordinates":[[[-94.84019769058277,47.45350403830545],[-94.84232504000408,47.45353895643555],[-94.8423862,47.45354],[-94.8424815,47.4535416],[-94.8430598,47.4535455],[-94.8436996,47.453552],[-94.84445278273215,47.45355967534577]]]},"properties":{"id":"alpr-branch-cr-8-502","layer":"alpr_corridor","name":"CR 8 — Roosevelt Road Southeast","county":"Beltrami County","state":"MN","countyFips":"27007","confidence":"probabilistic","sourceDate":null,"attributes":{"kind":"branch","road":"CR 8","roadName":"Roosevelt Road Southeast","roadClass":"tertiary","readerCount":1,"siteCount":1,"operatorCount":1,"operators":"Paul Bunyan Drug Task Force","unattributedReaders":0,"siteLngs":"-94.842328","siteLats":"47.453448","siteReaders":"1"}}},{"type":"Feature","geometry":{"type":"MultiLineString","coordinates":[[[-92.96547533181307,45.81848882721153],[-92.9656514,45.8186039],[-92.965703,45.8186461],[-92.9658017,45.8187421],[-92.9658651,45.8188192],[-92.9659449,45.8189474],[-92.9660007,45.819088],[-92.96606532483352,45.81980925399207],[-92.966106,45.820428],[-92.9661231,45.8210873]]]},"properties":{"id":"alpr-branch-cr-8-503","layer":"alpr_corridor","name":"CR 8 — 2nd Street Southeast","county":"Pine County","state":"MN","countyFips":"27115","confidence":"probabilistic","sourceDate":null,"attributes":{"kind":"branch","road":"CR 8","roadName":"2nd Street Southeast","roadClass":"tertiary","readerCount":1,"siteCount":1,"operatorCount":0,"operators":null,"unattributedReaders":1,"siteLngs":"-92.966002","siteLats":"45.819811","siteReaders":"1"}}},{"type":"Feature","geometry":{"type":"MultiLineString","coordinates":[[[-93.50785345679704,45.44337638421248],[-93.50990299861775,45.44342799575333],[-93.5103062,45.4434394],[-93.510432,45.443443]]]},"properties":{"id":"alpr-branch-cr-8-504","layer":"alpr_corridor","name":"CR 8 — 261st Avenue Northwest","county":"Isanti County","state":"MN","countyFips":"27059","confidence":"probabilistic","sourceDate":null,"attributes":{"kind":"branch","road":"CR 8","roadName":"261st Avenue Northwest","roadClass":"tertiary","readerCount":1,"siteCount":1,"operatorCount":0,"operators":null,"unattributedReaders":1,"siteLngs":"-93.509905","siteLats":"45.443387","siteReaders":"1"}}},{"type":"Feature","geometry":{"type":"MultiLineString","coordinates":[[[-93.37033398480128,45.05951574094452],[-93.3703354,45.0595172],[-93.3709718,45.0601704],[-93.37148384873281,45.060703486926386],[-93.3716893,45.0609174],[-93.3718148,45.061048],[-93.3720468,45.0612896],[-93.37264020300007,45.06188805797798]]]},"properties":{"id":"alpr-branch-cr-8-505","layer":"alpr_corridor","name":"CR 8 — West Broadway Avenue","county":"Hennepin County","state":"MN","countyFips":"27053","confidence":"probabilistic","sourceDate":null,"attributes":{"kind":"branch","road":"CR 8","roadName":"West Broadway Avenue","roadClass":"tertiary","readerCount":1,"siteCount":1,"operatorCount":0,"operators":null,"unattributedReaders":1,"siteLngs":"-93.371658","siteLats":"45.060619","siteReaders":"1"}}},{"type":"Feature","geometry":{"type":"MultiLineString","coordinates":[[[-94.132723255,45.52535797227135],[-94.13341142031369,45.526713710846835],[-94.133746,45.527376],[-94.133929,45.527734],[-94.13410054657857,45.52806921292561]]]},"properties":{"id":"alpr-branch-cr-8-506","layer":"alpr_corridor","name":"CR 8 — County Road 8 Southeast","county":"Sherburne County","state":"MN","countyFips":"27141","confidence":"probabilistic","sourceDate":null,"attributes":{"kind":"branch","road":"CR 8","roadName":"County Road 8 Southeast","roadClass":"secondary","readerCount":1,"siteCount":1,"operatorCount":0,"operators":null,"unattributedReaders":1,"siteLngs":"-94.133538","siteLats":"45.526682","siteReaders":"1"}}},{"type":"Feature","geometry":{"type":"MultiLineString","coordinates":[[[-93.97347862232459,45.36538165003784],[-93.9735049,45.3660459],[-93.9735119,45.3661512],[-93.97353815055135,45.36681993703253],[-93.9735353,45.3671778]]]},"properties":{"id":"alpr-branch-cr-8-507","layer":"alpr_corridor","name":"CR 8 — County Road 8 Northwest","county":"Wright County","state":"MN","countyFips":"27171","confidence":"probabilistic","sourceDate":null,"attributes":{"kind":"branch","road":"CR 8","roadName":"County Road 8 Northwest","roadClass":"tertiary","readerCount":1,"siteCount":1,"operatorCount":0,"operators":null,"unattributedReaders":1,"siteLngs":"-93.973780","siteLats":"45.366821","siteReaders":"1"}}},{"type":"Feature","geometry":{"type":"MultiLineString","coordinates":[[[-93.06252503702218,44.88515664893722],[-93.061926,44.885298],[-93.061325,44.885542],[-93.06074476854415,44.88582797890213],[-93.0605824,44.885908],[-93.060133,44.8861296],[-93.0592317,44.8865648],[-93.05910432684429,44.88666930139532]]]},"properties":{"id":"alpr-branch-ch-14-508","layer":"alpr_corridor","name":"CH 14 — Southview Boulevard East","county":"Dakota County","state":"MN","countyFips":"27037","confidence":"probabilistic","sourceDate":null,"attributes":{"kind":"branch","road":"CH 14","roadName":"Southview Boulevard East","roadClass":"tertiary","readerCount":1,"siteCount":1,"operatorCount":0,"operators":null,"unattributedReaders":1,"siteLngs":"-93.060701","siteLats":"44.885783","siteReaders":"1"}}},{"type":"Feature","geometry":{"type":"MultiLineString","coordinates":[[[-93.1094143,44.9556945],[-93.10941863452123,44.95543898330436],[-93.1094168,44.9553385],[-93.1094163,44.9552019]]]},"properties":{"id":"alpr-branch-ch-56-510","layer":"alpr_corridor","name":"CH 56 — North Marion Street","county":"Ramsey County","state":"MN","countyFips":"27123","confidence":"probabilistic","sourceDate":null,"attributes":{"kind":"branch","road":"CH 56","roadName":"North Marion Street","roadClass":"secondary","readerCount":1,"siteCount":1,"operatorCount":0,"operators":null,"unattributedReaders":1,"siteLngs":"-93.109330","siteLats":"44.955440","siteReaders":"1"}}},{"type":"Feature","geometry":{"type":"MultiLineString","coordinates":[[[-93.03992272028634,44.87698421493842],[-93.039918,44.8763054],[-93.03991467317991,44.875545314253515],[-93.0399155,44.875423],[-93.0399174,44.8749786],[-93.0399179,44.8748388],[-93.0398798,44.8747117]]]},"properties":{"id":"alpr-branch-5th-avenue-south-511","layer":"alpr_corridor","name":"5th Avenue South","county":"Dakota County","state":"MN","countyFips":"27037","confidence":"probabilistic","sourceDate":null,"attributes":{"kind":"branch","road":"5th Avenue South","roadName":null,"roadClass":"tertiary","readerCount":1,"siteCount":1,"operatorCount":0,"operators":null,"unattributedReaders":1,"siteLngs":"-93.039852","siteLats":"44.875545","siteReaders":"1"}}},{"type":"Feature","geometry":{"type":"MultiLineString","coordinates":[[[-94.1573268,45.5602057],[-94.15725458688887,45.560100790547665],[-94.1570213,45.5598493]]]},"properties":{"id":"alpr-branch-5th-avenue-south-512","layer":"alpr_corridor","name":"5th Avenue South","county":"Stearns County","state":"MN","countyFips":"27145","confidence":"probabilistic","sourceDate":null,"attributes":{"kind":"branch","road":"5th Avenue South","roadName":null,"roadClass":"tertiary","readerCount":1,"siteCount":1,"operatorCount":0,"operators":null,"unattributedReaders":1,"siteLngs":"-94.157291","siteLats":"45.560084","siteReaders":"1"}}},{"type":"Feature","geometry":{"type":"MultiLineString","coordinates":[[[-93.4216003,45.0918286],[-93.4215938,45.091734],[-93.42153115819076,45.0912980011003],[-93.4214663,45.0912299]]]},"properties":{"id":"alpr-branch-zachary-lane-north-513","layer":"alpr_corridor","name":"Zachary Lane North","county":"Hennepin County","state":"MN","countyFips":"27053","confidence":"probabilistic","sourceDate":null,"attributes":{"kind":"branch","road":"Zachary Lane North","roadName":null,"roadClass":"tertiary","readerCount":1,"siteCount":1,"operatorCount":0,"operators":null,"unattributedReaders":1,"siteLngs":"-93.421717","siteLats":"45.091208","siteReaders":"1"}}},{"type":"Feature","geometry":{"type":"MultiLineString","coordinates":[[[-93.2326914,45.1682714],[-93.23340744251598,45.16827729097385],[-93.2334463,45.1682777]]]},"properties":{"id":"alpr-branch-cr12-514","layer":"alpr_corridor","name":"CR12 — 109th Avenue Northeast","county":"Anoka County","state":"MN","countyFips":"27003","confidence":"probabilistic","sourceDate":null,"attributes":{"kind":"branch","road":"CR12","roadName":"109th Avenue Northeast","roadClass":"secondary","readerCount":1,"siteCount":1,"operatorCount":0,"operators":null,"unattributedReaders":1,"siteLngs":"-93.233407","siteLats":"45.168322","siteReaders":"1"}}},{"type":"Feature","geometry":{"type":"MultiLineString","coordinates":[[[-92.8296582,45.0357997],[-92.8296612,45.0356974],[-92.8296963,45.034805],[-92.8296963,45.034805]]]},"properties":{"id":"alpr-branch-norwich-avenue-north-515","layer":"alpr_corridor","name":"Norwich Avenue North","county":"Washington County","state":"MN","countyFips":"27163","confidence":"probabilistic","sourceDate":null,"attributes":{"kind":"branch","road":"Norwich Avenue North","roadName":null,"roadClass":"unclassified","readerCount":1,"siteCount":1,"operatorCount":0,"operators":null,"unattributedReaders":1,"siteLngs":"-92.829617","siteLats":"45.034270","siteReaders":"1"}}},{"type":"Feature","geometry":{"type":"MultiLineString","coordinates":[[[-92.82695442438342,45.035701440890826],[-92.8269549,45.0356564],[-92.8269423,45.0350635],[-92.8269283,45.0345086],[-92.826927,45.034455],[-92.8269159536305,45.034262850985165],[-92.8269123,45.0342452],[-92.8268738,45.0341664],[-92.82682,45.0340562],[-92.826629,45.0338609],[-92.8264957,45.0336913],[-92.8264421,45.0334411],[-92.82643653516021,45.03290444076223]]]},"properties":{"id":"alpr-branch-nova-scotia-avenue-north-516","layer":"alpr_corridor","name":"Nova Scotia Avenue North","county":"Washington County","state":"MN","countyFips":"27163","confidence":"probabilistic","sourceDate":null,"attributes":{"kind":"branch","road":"Nova Scotia Avenue North","roadName":null,"roadClass":"unclassified","readerCount":1,"siteCount":1,"operatorCount":0,"operators":null,"unattributedReaders":1,"siteLngs":"-92.827047","siteLats":"45.034249","siteReaders":"1"}}},{"type":"Feature","geometry":{"type":"MultiLineString","coordinates":[[[-92.82693449451104,45.03475412386963],[-92.8269283,45.0345086],[-92.826927,45.034455],[-92.8269271,45.0343167],[-92.8269123,45.0342452],[-92.8268738,45.0341664],[-92.82682,45.0340562],[-92.826629,45.0338609],[-92.8264957,45.0336913],[-92.82644163160698,45.033395929348536],[-92.8264357,45.0328239],[-92.8264346,45.0327166],[-92.8264313,45.0323948],[-92.8264382,45.0323143],[-92.8264528,45.0321446],[-92.82653108178599,45.03196587061765]]]},"properties":{"id":"alpr-branch-nova-scotia-avenue-north-517","layer":"alpr_corridor","name":"Nova Scotia Avenue North","county":"Washington County","state":"MN","countyFips":"27163","confidence":"probabilistic","sourceDate":null,"attributes":{"kind":"branch","road":"Nova Scotia Avenue North","roadName":null,"roadClass":"unclassified","readerCount":1,"siteCount":1,"operatorCount":0,"operators":null,"unattributedReaders":1,"siteLngs":"-92.826695","siteLats":"45.033395","siteReaders":"1"}}},{"type":"Feature","geometry":{"type":"MultiLineString","coordinates":[[[-93.0073505,45.2685552],[-93.00626756160388,45.26855349215166],[-93.0060338,45.2685531]]]},"properties":{"id":"alpr-branch-ch-32-518","layer":"alpr_corridor","name":"CH 32 — 11th Avenue Southwest","county":"Washington County","state":"MN","countyFips":"27163","confidence":"probabilistic","sourceDate":null,"attributes":{"kind":"branch","road":"CH 32","roadName":"11th Avenue Southwest","roadClass":"tertiary","readerCount":1,"siteCount":1,"operatorCount":0,"operators":null,"unattributedReaders":1,"siteLngs":"-93.006268","siteLats":"45.268422","siteReaders":"1"}}},{"type":"Feature","geometry":{"type":"MultiLineString","coordinates":[[[-93.00073259927548,45.2685942106703],[-93.000053,45.2686042],[-92.9999809,45.2686053],[-92.9997689,45.2686058],[-92.9996113,45.2686062],[-92.9990034,45.268607],[-92.998899,45.268606],[-92.99887,45.2686056],[-92.99868825012206,45.26860473833056],[-92.9973337,45.268594],[-92.99664402550853,45.268581572621294]]]},"properties":{"id":"alpr-branch-ch-32-519","layer":"alpr_corridor","name":"CH 32 — 11th Avenue Southwest","county":"Washington County","state":"MN","countyFips":"27163","confidence":"probabilistic","sourceDate":null,"attributes":{"kind":"branch","road":"CH 32","roadName":"11th Avenue Southwest","roadClass":"tertiary","readerCount":1,"siteCount":1,"operatorCount":0,"operators":null,"unattributedReaders":1,"siteLngs":"-92.998687","siteLats":"45.268703","siteReaders":"1"}}},{"type":"Feature","geometry":{"type":"MultiLineString","coordinates":[[[-93.34801803901841,44.86415201864945],[-93.347565,44.864143],[-93.3473986,44.864122],[-93.3472611,44.8640955],[-93.3471199,44.8640499],[-93.3469786,44.8639904],[-93.346878,44.863918],[-93.34637236652048,44.863476307338814],[-93.346367,44.863472],[-93.346275,44.863419],[-93.346176,44.86338],[-93.3457938,44.863255],[-93.345703,44.8632298],[-93.34565,44.863213],[-93.3454272,44.8631882],[-93.34443913546446,44.8631797349064]]]},"properties":{"id":"alpr-branch-west-77th-street-520","layer":"alpr_corridor","name":"West 77th Street","county":"Hennepin County","state":"MN","countyFips":"27053","confidence":"probabilistic","sourceDate":null,"attributes":{"kind":"branch","road":"West 77th Street","roadName":null,"roadClass":"tertiary","readerCount":1,"siteCount":1,"operatorCount":0,"operators":null,"unattributedReaders":1,"siteLngs":"-93.346444","siteLats":"44.863431","siteReaders":"1"}}},{"type":"Feature","geometry":{"type":"MultiLineString","coordinates":[[[-93.32120627512911,44.894409273183285],[-93.31917513363621,44.89439936093293],[-93.3189358,44.8943984],[-93.318825,44.894398]]]},"properties":{"id":"alpr-branch-west-60th-street-521","layer":"alpr_corridor","name":"West 60th Street","county":"Hennepin County","state":"MN","countyFips":"27053","confidence":"probabilistic","sourceDate":null,"attributes":{"kind":"branch","road":"West 60th Street","roadName":null,"roadClass":"tertiary","readerCount":1,"siteCount":1,"operatorCount":0,"operators":null,"unattributedReaders":1,"siteLngs":"-93.319174","siteLats":"44.894492","siteReaders":"1"}}},{"type":"Feature","geometry":{"type":"MultiLineString","coordinates":[[[-93.33703473644063,44.905299417909156],[-93.33906630662065,44.90529642966173],[-93.3391079,44.9052963],[-93.339188,44.905296]]]},"properties":{"id":"alpr-branch-west-54th-street-522","layer":"alpr_corridor","name":"West 54th Street","county":"Hennepin County","state":"MN","countyFips":"27053","confidence":"probabilistic","sourceDate":null,"attributes":{"kind":"branch","road":"West 54th Street","roadName":null,"roadClass":"tertiary","readerCount":1,"siteCount":1,"operatorCount":0,"operators":null,"unattributedReaders":1,"siteLngs":"-93.339067","siteLats":"44.905377","siteReaders":"1"}}},{"type":"Feature","geometry":{"type":"MultiLineString","coordinates":[[[-93.339256,44.913589],[-93.3392502,44.9134953],[-93.33924444475956,44.912849675441954],[-93.3392432,44.9126788],[-93.3392419,44.9126173],[-93.3392415,44.9125048]]]},"properties":{"id":"alpr-branch-wooddale-avenue-523","layer":"alpr_corridor","name":"Wooddale Avenue","county":"Hennepin County","state":"MN","countyFips":"27053","confidence":"probabilistic","sourceDate":null,"attributes":{"kind":"branch","road":"Wooddale Avenue","roadName":null,"roadClass":"residential","readerCount":1,"siteCount":1,"operatorCount":0,"operators":null,"unattributedReaders":1,"siteLngs":"-93.339184","siteLats":"44.912850","siteReaders":"1"}}},{"type":"Feature","geometry":{"type":"MultiLineString","coordinates":[[[-93.36762514767926,44.914938990410256],[-93.3675426,44.9147571],[-93.367455,44.914547],[-93.367432,44.914326],[-93.36746617205785,44.91351916972255],[-93.36747,44.913403]]]},"properties":{"id":"alpr-branch-merilane-524","layer":"alpr_corridor","name":"Merilane","county":"Hennepin County","state":"MN","countyFips":"27053","confidence":"probabilistic","sourceDate":null,"attributes":{"kind":"branch","road":"Merilane","roadName":null,"roadClass":"residential","readerCount":1,"siteCount":1,"operatorCount":0,"operators":null,"unattributedReaders":1,"siteLngs":"-93.367343","siteLats":"44.913517","siteReaders":"1"}}},{"type":"Feature","geometry":{"type":"MultiLineString","coordinates":[[[-93.37009105803338,44.9154158741684],[-93.3700603,44.9153517],[-93.36998,44.915184],[-93.369957,44.915142],[-93.369835,44.914806],[-93.369751,44.914467],[-93.3697406,44.9143882],[-93.3697027694535,44.91401038457203],[-93.369698,44.913776],[-93.369698,44.913429]]]},"properties":{"id":"alpr-branch-rolling-green-parkway-525","layer":"alpr_corridor","name":"Rolling Green Parkway","county":"Hennepin County","state":"MN","countyFips":"27053","confidence":"probabilistic","sourceDate":null,"attributes":{"kind":"branch","road":"Rolling Green Parkway","roadName":null,"roadClass":"residential","readerCount":1,"siteCount":1,"operatorCount":0,"operators":null,"unattributedReaders":1,"siteLngs":"-93.369634","siteLats":"44.914011","siteReaders":"1"}}},{"type":"Feature","geometry":{"type":"MultiLineString","coordinates":[[[-93.3858313,44.9204098],[-93.38582269852488,44.919184063465366],[-93.3858206,44.918884],[-93.38581521702716,44.91774516094196]]]},"properties":{"id":"alpr-branch-blake-road-south-526","layer":"alpr_corridor","name":"Blake Road South","county":"Hennepin County","state":"MN","countyFips":"27053","confidence":"probabilistic","sourceDate":null,"attributes":{"kind":"branch","road":"Blake Road South","roadName":null,"roadClass":"tertiary","readerCount":1,"siteCount":1,"operatorCount":0,"operators":null,"unattributedReaders":1,"siteLngs":"-93.385953","siteLats":"44.919184","siteReaders":"1"}}},{"type":"Feature","geometry":{"type":"MultiLineString","coordinates":[[[-93.3315623,44.9133946],[-93.3316174,44.9133091],[-93.3316381,44.9132314],[-93.331649,44.9131904],[-93.3316491,44.9131524],[-93.3316493,44.9131291],[-93.3316497,44.9130877],[-93.33165401259672,44.91259833932246],[-93.33165,44.9125491]]]},"properties":{"id":"alpr-branch-halifax-avenue-south-527","layer":"alpr_corridor","name":"Halifax Avenue South","county":"Hennepin County","state":"MN","countyFips":"27053","confidence":"probabilistic","sourceDate":null,"attributes":{"kind":"branch","road":"Halifax Avenue South","roadName":null,"roadClass":"tertiary","readerCount":1,"siteCount":1,"operatorCount":0,"operators":null,"unattributedReaders":1,"siteLngs":"-93.331713","siteLats":"44.912596","siteReaders":"1"}}},{"type":"Feature","geometry":{"type":"MultiLineString","coordinates":[[[-93.3316444,44.9234136],[-93.3316438,44.9233514],[-93.3316419,44.9231269],[-93.3316403,44.9229377],[-93.3316387,44.9227403],[-93.3316341209912,44.92219945320126],[-93.3316335,44.9221254],[-93.3315988,44.9220553]]]},"properties":{"id":"alpr-branch-eton-place-528","layer":"alpr_corridor","name":"Eton Place","county":"Hennepin County","state":"MN","countyFips":"27053","confidence":"probabilistic","sourceDate":null,"attributes":{"kind":"branch","road":"Eton Place","roadName":null,"roadClass":"residential","readerCount":1,"siteCount":1,"operatorCount":0,"operators":null,"unattributedReaders":1,"siteLngs":"-93.331506","siteLats":"44.922200","siteReaders":"1"}}},{"type":"Feature","geometry":{"type":"MultiLineString","coordinates":[[[-93.37253486144826,44.91473645103685],[-93.3720212,44.9142699],[-93.371986,44.914238],[-93.371841,44.914089],[-93.3718011,44.9140395],[-93.3717215,44.9139407],[-93.371712,44.913929],[-93.371613,44.913761],[-93.37147825122737,44.91351958537994],[-93.3714313,44.9134355]]]},"properties":{"id":"alpr-branch-bywood-west-529","layer":"alpr_corridor","name":"Bywood West","county":"Hennepin County","state":"MN","countyFips":"27053","confidence":"probabilistic","sourceDate":null,"attributes":{"kind":"branch","road":"Bywood West","roadName":null,"roadClass":"residential","readerCount":1,"siteCount":1,"operatorCount":0,"operators":null,"unattributedReaders":1,"siteLngs":"-93.371441","siteLats":"44.913530","siteReaders":"1"}}},{"type":"Feature","geometry":{"type":"MultiLineString","coordinates":[[[-93.3064567,45.1974948],[-93.30645058380486,45.197625521771805],[-93.3064375,45.1979064]]]},"properties":{"id":"alpr-branch-cr-78-530","layer":"alpr_corridor","name":"CR 78 — Hanson Boulevard Northwest","county":"Anoka County","state":"MN","countyFips":"27003","confidence":"probabilistic","sourceDate":null,"attributes":{"kind":"branch","road":"CR 78","roadName":"Hanson Boulevard Northwest","roadClass":"secondary","readerCount":1,"siteCount":1,"operatorCount":0,"operators":null,"unattributedReaders":1,"siteLngs":"-93.306270","siteLats":"45.197621","siteReaders":"1"}}},{"type":"Feature","geometry":{"type":"MultiLineString","coordinates":[[[-93.3114566,45.2194636],[-93.31146024848003,45.219604185594086],[-93.3114573,45.2200612],[-93.3114566,45.2201765],[-93.3114443,45.2202433],[-93.3113652,45.2204644],[-93.3113018,45.2206644],[-93.3112635,45.2207912],[-93.311303,45.2208548]]]},"properties":{"id":"alpr-branch-jay-street-northwest-531","layer":"alpr_corridor","name":"Jay Street Northwest","county":"Anoka County","state":"MN","countyFips":"27003","confidence":"probabilistic","sourceDate":null,"attributes":{"kind":"branch","road":"Jay Street Northwest","roadName":null,"roadClass":"tertiary","readerCount":1,"siteCount":1,"operatorCount":0,"operators":null,"unattributedReaders":1,"siteLngs":"-93.311341","siteLats":"45.219604","siteReaders":"1"}}},{"type":"Feature","geometry":{"type":"MultiLineString","coordinates":[[[-93.38050376653945,45.20327921944284],[-93.380265,45.2032736],[-93.37846257518892,45.20323430302445],[-93.3784355,45.2032337],[-93.3782993,45.2032313]]]},"properties":{"id":"alpr-branch-polk-street-532","layer":"alpr_corridor","name":"Polk Street","county":"Anoka County","state":"MN","countyFips":"27003","confidence":"probabilistic","sourceDate":null,"attributes":{"kind":"branch","road":"Polk Street","roadName":null,"roadClass":"residential","readerCount":1,"siteCount":1,"operatorCount":0,"operators":null,"unattributedReaders":1,"siteLngs":"-93.378460","siteLats":"45.203297","siteReaders":"1"}}},{"type":"Feature","geometry":{"type":"MultiLineString","coordinates":[[[-93.3882416,45.1986662],[-93.38786744825894,45.198666770548684],[-93.3876984,45.198667],[-93.3873238,45.1986675],[-93.3872156,45.1986677]]]},"properties":{"id":"alpr-branch-jackson-street-533","layer":"alpr_corridor","name":"Jackson Street","county":"Anoka County","state":"MN","countyFips":"27003","confidence":"probabilistic","sourceDate":null,"attributes":{"kind":"branch","road":"Jackson Street","roadName":null,"roadClass":"residential","readerCount":1,"siteCount":1,"operatorCount":0,"operators":null,"unattributedReaders":1,"siteLngs":"-93.387867","siteLats":"45.198612","siteReaders":"1"}}},{"type":"Feature","geometry":{"type":"MultiLineString","coordinates":[[[-94.726997264373,46.9990756997779],[-94.72701842905614,46.99763685959912],[-94.72707642148032,46.996198490743275]]]},"properties":{"id":"alpr-branch-mn-64-534","layer":"alpr_corridor","name":"MN 64 — Marie Avenue Southeast","county":"Hubbard County","state":"MN","countyFips":"27057","confidence":"probabilistic","sourceDate":null,"attributes":{"kind":"branch","road":"MN 64","roadName":"Marie Avenue Southeast","roadClass":"primary","readerCount":1,"siteCount":1,"operatorCount":0,"operators":null,"unattributedReaders":1,"siteLngs":"-94.726800","siteLats":"46.997633","siteReaders":"1"}}},{"type":"Feature","geometry":{"type":"MultiLineString","coordinates":[[[-94.3985917,46.7162767],[-94.3990449,46.7159354],[-94.3992796,46.7157358],[-94.3994574,46.7155952],[-94.3996269,46.7154611],[-94.3996798,46.715419],[-94.39980979151407,46.71531640176375],[-94.399911,46.7152364]]]},"properties":{"id":"alpr-branch-ridge-avenue-535","layer":"alpr_corridor","name":"Ridge Avenue","county":"Cass County","state":"MN","countyFips":"27021","confidence":"probabilistic","sourceDate":null,"attributes":{"kind":"branch","road":"Ridge Avenue","roadName":null,"roadClass":"residential","readerCount":1,"siteCount":1,"operatorCount":0,"operators":null,"unattributedReaders":1,"siteLngs":"-94.399742","siteLats":"46.715275","siteReaders":"1"}}},{"type":"Feature","geometry":{"type":"MultiLineString","coordinates":[[[-93.1842865198183,45.131165024115454],[-93.184272,45.1304284],[-93.18425699988119,45.12972626249965],[-93.1842478,45.1293591]]]},"properties":{"id":"alpr-branch-cr-105-536","layer":"alpr_corridor","name":"CR 105 — Naples Street Northeast","county":"Anoka County","state":"MN","countyFips":"27003","confidence":"probabilistic","sourceDate":null,"attributes":{"kind":"branch","road":"CR 105","roadName":"Naples Street Northeast","roadClass":"tertiary","readerCount":1,"siteCount":1,"operatorCount":0,"operators":null,"unattributedReaders":1,"siteLngs":"-93.184159","siteLats":"45.129728","siteReaders":"1"}}},{"type":"Feature","geometry":{"type":"MultiLineString","coordinates":[[[-93.18427926047413,45.13880328729997],[-93.184279,45.1389688],[-93.1842755,45.1394017],[-93.1842520832489,45.14024203041836],[-93.1842433,45.1405988],[-93.1842302,45.1408301],[-93.1842171,45.1409397],[-93.1842005,45.1410296],[-93.1841752,45.1411022],[-93.1841391,45.14118],[-93.184107,45.141237],[-93.1840413,45.1413288],[-93.1839756,45.1414095],[-93.1839,45.141477],[-93.18376263934287,45.14159162316415]]]},"properties":{"id":"alpr-branch-cr-105-537","layer":"alpr_corridor","name":"CR 105 — Naples Street Northeast","county":"Anoka County","state":"MN","countyFips":"27003","confidence":"probabilistic","sourceDate":null,"attributes":{"kind":"branch","road":"CR 105","roadName":"Naples Street Northeast","roadClass":"tertiary","readerCount":1,"siteCount":1,"operatorCount":0,"operators":null,"unattributedReaders":1,"siteLngs":"-93.184362","siteLats":"45.140243","siteReaders":"1"}}},{"type":"Feature","geometry":{"type":"MultiLineString","coordinates":[[[-93.2349567,45.1571359],[-93.2348327,45.1572307],[-93.23452575504179,45.15726767405786],[-93.2343755,45.1572666],[-93.2340049,45.1572785],[-93.2336497,45.15731],[-93.2334205,45.1573212]]]},"properties":{"id":"alpr-branch-103rd-avenue-northeast-538","layer":"alpr_corridor","name":"103rd Avenue Northeast","county":"Anoka County","state":"MN","countyFips":"27003","confidence":"probabilistic","sourceDate":null,"attributes":{"kind":"branch","road":"103rd Avenue Northeast","roadName":null,"roadClass":"tertiary","readerCount":1,"siteCount":1,"operatorCount":0,"operators":null,"unattributedReaders":1,"siteLngs":"-93.234527","siteLats":"45.157208","siteReaders":"1"}}},{"type":"Feature","geometry":{"type":"MultiLineString","coordinates":[[[-93.2349377,45.1607861],[-93.2348024,45.1607868],[-93.23378338253703,45.16077060163634],[-93.2337637,45.1607704]]]},"properties":{"id":"alpr-branch-105th-avenue-northeast-539","layer":"alpr_corridor","name":"105th Avenue Northeast","county":"Anoka County","state":"MN","countyFips":"27003","confidence":"probabilistic","sourceDate":null,"attributes":{"kind":"branch","road":"105th Avenue Northeast","roadName":null,"roadClass":"tertiary","readerCount":1,"siteCount":1,"operatorCount":0,"operators":null,"unattributedReaders":1,"siteLngs":"-93.233785","siteLats":"45.160681","siteReaders":"1"}}},{"type":"Feature","geometry":{"type":"MultiLineString","coordinates":[[[-93.21762244265796,45.13067788762463],[-93.2176342,45.1307541],[-93.2176812,45.1310103],[-93.2177228,45.1311558],[-93.2177863,45.1312937],[-93.2178714,45.1314274],[-93.2179614,45.1315396],[-93.2180606,45.1316433],[-93.218172,45.1317332],[-93.2182936,45.1318216],[-93.21847647994882,45.131928125660494],[-93.2185827,45.1319801],[-93.2187519,45.1320444],[-93.2189326,45.1321025],[-93.2190585,45.1321349],[-93.2191868,45.1321639],[-93.2196369,45.1322475],[-93.2199853,45.1322993]]]},"properties":{"id":"alpr-branch-93rd-lane-540","layer":"alpr_corridor","name":"93rd Lane","county":"Anoka County","state":"MN","countyFips":"27003","confidence":"probabilistic","sourceDate":null,"attributes":{"kind":"branch","road":"93rd Lane","roadName":null,"roadClass":"tertiary","readerCount":1,"siteCount":1,"operatorCount":0,"operators":null,"unattributedReaders":1,"siteLngs":"-93.218415","siteLats":"45.131991","siteReaders":"1"}}},{"type":"Feature","geometry":{"type":"MultiLineString","coordinates":[[[-93.2668821,45.1409608],[-93.26688740290835,45.140687712402986],[-93.266896,45.1400774]]]},"properties":{"id":"alpr-branch-cr-51-541","layer":"alpr_corridor","name":"CR 51 — University Avenue Northeast","county":"Anoka County","state":"MN","countyFips":"27003","confidence":"probabilistic","sourceDate":null,"attributes":{"kind":"branch","road":"CR 51","roadName":"University Avenue Northeast","roadClass":"secondary","readerCount":1,"siteCount":1,"operatorCount":0,"operators":null,"unattributedReaders":1,"siteLngs":"-93.266984","siteLats":"45.140688","siteReaders":"1"}}},{"type":"Feature","geometry":{"type":"MultiLineString","coordinates":[[[-93.26581814888515,45.19547681638835],[-93.2658101,45.1966059],[-93.26579904443891,45.196915616758005],[-93.2657929,45.197017],[-93.2657955,45.1971557]]]},"properties":{"id":"alpr-branch-cr-51-542","layer":"alpr_corridor","name":"CR 51 — University Avenue Northeast","county":"Anoka County","state":"MN","countyFips":"27003","confidence":"probabilistic","sourceDate":null,"attributes":{"kind":"branch","road":"CR 51","roadName":"University Avenue Northeast","roadClass":"secondary","readerCount":1,"siteCount":1,"operatorCount":0,"operators":null,"unattributedReaders":1,"siteLngs":"-93.265661","siteLats":"45.196911","siteReaders":"1"}}},{"type":"Feature","geometry":{"type":"MultiLineString","coordinates":[[[-93.26662858560356,45.145440339807884],[-93.2666306,45.1455198],[-93.2666253,45.1457273]]]},"properties":{"id":"alpr-branch-cr-51-543","layer":"alpr_corridor","name":"CR 51 — University Avenue Northeast","county":"Anoka County","state":"MN","countyFips":"27003","confidence":"probabilistic","sourceDate":null,"attributes":{"kind":"branch","road":"CR 51","roadName":"University Avenue Northeast","roadClass":"secondary","readerCount":1,"siteCount":1,"operatorCount":0,"operators":null,"unattributedReaders":1,"siteLngs":"-93.266632","siteLats":"45.145440","siteReaders":"1"}}},{"type":"Feature","geometry":{"type":"MultiLineString","coordinates":[[[-93.23782601881923,45.131807152893664],[-93.2364397,45.1318101],[-93.2360589,45.131811],[-93.2357864,45.131811],[-93.235739,45.131811],[-93.2356227,45.131811],[-93.235475,45.131811]]]},"properties":{"id":"alpr-branch-89th-avenue-northeast-544","layer":"alpr_corridor","name":"89th Avenue Northeast","county":"Anoka County","state":"MN","countyFips":"27003","confidence":"probabilistic","sourceDate":null,"attributes":{"kind":"branch","road":"89th Avenue Northeast","roadName":null,"roadClass":"tertiary","readerCount":1,"siteCount":1,"operatorCount":0,"operators":null,"unattributedReaders":1,"siteLngs":"-93.235786","siteLats":"45.131884","siteReaders":"1"}}},{"type":"Feature","geometry":{"type":"MultiLineString","coordinates":[[[-93.2664851,45.1526934],[-93.26630130973605,45.15266823300503],[-93.26614,45.152647],[-93.2657885,45.1526254],[-93.265727,45.1526257],[-93.26539,45.1526272]]]},"properties":{"id":"alpr-branch-101st-avenue-northeast-545","layer":"alpr_corridor","name":"101st Avenue Northeast","county":"Anoka County","state":"MN","countyFips":"27003","confidence":"probabilistic","sourceDate":null,"attributes":{"kind":"branch","road":"101st Avenue Northeast","roadName":null,"roadClass":"tertiary","readerCount":1,"siteCount":1,"operatorCount":0,"operators":null,"unattributedReaders":1,"siteLngs":"-93.266322","siteLats":"45.152589","siteReaders":"1"}}},{"type":"Feature","geometry":{"type":"MultiLineString","coordinates":[[[-93.27632504981004,45.08895955243955],[-93.2763207,45.0889283],[-93.2763104,45.0888551],[-93.276259,45.0886914],[-93.2762049,45.088562],[-93.2756480026234,45.08760853030545],[-93.2756074,45.0875406],[-93.2754763,45.0873212]]]},"properties":{"id":"alpr-branch-cr-1-546","layer":"alpr_corridor","name":"CR 1 — East River Road","county":"Anoka County","state":"MN","countyFips":"27003","confidence":"probabilistic","sourceDate":null,"attributes":{"kind":"branch","road":"CR 1","roadName":"East River Road","roadClass":"secondary","readerCount":1,"siteCount":1,"operatorCount":0,"operators":null,"unattributedReaders":1,"siteLngs":"-93.275765","siteLats":"45.087573","siteReaders":"1"}}},{"type":"Feature","geometry":{"type":"MultiLineString","coordinates":[[[-93.28488549443458,45.119939608345],[-93.2848461,45.1198392],[-93.2847291,45.1195371]]]},"properties":{"id":"alpr-branch-cr-1-547","layer":"alpr_corridor","name":"CR 1 — East River Road","county":"Anoka County","state":"MN","countyFips":"27003","confidence":"probabilistic","sourceDate":null,"attributes":{"kind":"branch","road":"CR 1","roadName":"East River Road","roadClass":"secondary","readerCount":1,"siteCount":1,"operatorCount":0,"operators":null,"unattributedReaders":1,"siteLngs":"-93.284992","siteLats":"45.119919","siteReaders":"1"}}},{"type":"Feature","geometry":{"type":"MultiLineString","coordinates":[[[-94.20789403272019,45.65692053422734],[-94.20808041046055,45.655487530493545],[-94.2080948,45.6553769],[-94.20826247470853,45.65405425682232]]]},"properties":{"id":"alpr-branch-cr-1-550","layer":"alpr_corridor","name":"CR 1 — Riverside Avenue North","county":"Stearns County","state":"MN","countyFips":"27145","confidence":"probabilistic","sourceDate":null,"attributes":{"kind":"branch","road":"CR 1","roadName":"Riverside Avenue North","roadClass":"tertiary","readerCount":1,"siteCount":1,"operatorCount":0,"operators":null,"unattributedReaders":1,"siteLngs":"-94.207970","siteLats":"45.655480","siteReaders":"1"}}},{"type":"Feature","geometry":{"type":"MultiLineString","coordinates":[[[-93.291526,45.1401098],[-93.29166185599881,45.140304638163556],[-93.291847,45.140564],[-93.292022,45.140837]]]},"properties":{"id":"alpr-branch-cr-1-551","layer":"alpr_corridor","name":"CR 1 — East River Road","county":"Anoka County","state":"MN","countyFips":"27003","confidence":"probabilistic","sourceDate":null,"attributes":{"kind":"branch","road":"CR 1","roadName":"East River Road","roadClass":"secondary","readerCount":1,"siteCount":1,"operatorCount":0,"operators":null,"unattributedReaders":1,"siteLngs":"-93.291531","siteLats":"45.140352","siteReaders":"1"}}},{"type":"Feature","geometry":{"type":"MultiLineString","coordinates":[[[-94.1942628,45.5984599],[-94.1942044,45.5984016],[-94.1941617,45.5983532],[-94.1941354,45.5983047],[-94.194117,45.5982708],[-94.1940611,45.59811],[-94.19401010581863,45.597980684666815],[-94.1939933,45.5979462],[-94.1939444,45.5978663],[-94.1939193,45.5978254],[-94.1938278,45.5976454],[-94.1936285,45.5973089],[-94.1934776,45.5970587],[-94.1933401,45.5968454],[-94.19319989340383,45.59665950539232]]]},"properties":{"id":"alpr-branch-cr-1-552","layer":"alpr_corridor","name":"CR 1 — Riverside Avenue South","county":"Stearns County","state":"MN","countyFips":"27145","confidence":"probabilistic","sourceDate":null,"attributes":{"kind":"branch","road":"CR 1","roadName":"Riverside Avenue South","roadClass":"tertiary","readerCount":1,"siteCount":1,"operatorCount":0,"operators":null,"unattributedReaders":1,"siteLngs":"-94.194113","siteLats":"45.597956","siteReaders":"1"}}},{"type":"Feature","geometry":{"type":"MultiLineString","coordinates":[[[-93.3194312,45.0476178],[-93.3207916048126,45.04763220299349],[-93.3209463,45.0476336]]]},"properties":{"id":"alpr-branch-51st-avenue-north-553","layer":"alpr_corridor","name":"51st Avenue North","county":"Hennepin County","state":"MN","countyFips":"27053","confidence":"probabilistic","sourceDate":null,"attributes":{"kind":"branch","road":"51st Avenue North","roadName":null,"roadClass":"residential","readerCount":1,"siteCount":1,"operatorCount":0,"operators":null,"unattributedReaders":1,"siteLngs":"-93.320790","siteLats":"45.047700","siteReaders":"1"}}},{"type":"Feature","geometry":{"type":"MultiLineString","coordinates":[[[-93.49920425346684,45.04637195216198],[-93.4988317,45.0463695],[-93.49874,45.0463683],[-93.498131,45.0463712],[-93.4979675,45.0463566],[-93.4978683,45.0463383],[-93.4977543,45.0463003],[-93.4975333,45.0462163],[-93.4973953,45.0461773],[-93.49722576735307,45.046165734165974],[-93.4967903,45.0461695],[-93.4965384,45.0461377],[-93.4963057,45.0460741]]]},"properties":{"id":"alpr-branch-51st-avenue-north-554","layer":"alpr_corridor","name":"51st Avenue North","county":"Hennepin County","state":"MN","countyFips":"27053","confidence":"probabilistic","sourceDate":null,"attributes":{"kind":"branch","road":"51st Avenue North","roadName":null,"roadClass":"residential","readerCount":1,"siteCount":1,"operatorCount":0,"operators":null,"unattributedReaders":1,"siteLngs":"-93.497227","siteLats":"45.046220","siteReaders":"1"}}},{"type":"Feature","geometry":{"type":"MultiLineString","coordinates":[[[-93.635612,45.0946102],[-93.63507893607243,45.09461539058004],[-93.6330406625272,45.09462252015276]]]},"properties":{"id":"alpr-branch-cr-50-556","layer":"alpr_corridor","name":"CR 50 — County Road 50","county":"Hennepin County","state":"MN","countyFips":"27053","confidence":"probabilistic","sourceDate":null,"attributes":{"kind":"branch","road":"CR 50","roadName":"County Road 50","roadClass":"secondary","readerCount":1,"siteCount":1,"operatorCount":0,"operators":null,"unattributedReaders":1,"siteLngs":"-93.635078","siteLats":"45.094509","siteReaders":"1"}}},{"type":"Feature","geometry":{"type":"MultiLineString","coordinates":[[[-92.808461,45.0760292],[-92.8081251,45.075856],[-92.8078531,45.0757066],[-92.80733647487742,45.07544376608529],[-92.807242,45.075407]]]},"properties":{"id":"alpr-branch-ch-96-557","layer":"alpr_corridor","name":"CH 96","county":"Washington County","state":"MN","countyFips":"27163","confidence":"probabilistic","sourceDate":null,"attributes":{"kind":"branch","road":"CH 96","roadName":null,"roadClass":"secondary","readerCount":1,"siteCount":1,"operatorCount":0,"operators":null,"unattributedReaders":1,"siteLngs":"-92.807399","siteLats":"45.075362","siteReaders":"1"}}},{"type":"Feature","geometry":{"type":"MultiLineString","coordinates":[[[-92.94206907626099,45.08828686292957],[-92.94402956625179,45.08868010509951],[-92.9446548,45.0888097],[-92.9448313,45.0888456],[-92.9451454,45.0889091],[-92.9453356,45.088947],[-92.9454654,45.0889725],[-92.9459038,45.0890567],[-92.94598999364715,45.08907338452324]]]},"properties":{"id":"alpr-branch-ch-96-558","layer":"alpr_corridor","name":"CH 96 — Dellwood Road","county":"Washington County","state":"MN","countyFips":"27163","confidence":"probabilistic","sourceDate":null,"attributes":{"kind":"branch","road":"CH 96","roadName":"Dellwood Road","roadClass":"secondary","readerCount":1,"siteCount":1,"operatorCount":0,"operators":null,"unattributedReaders":1,"siteLngs":"-92.944092","siteLats":"45.088527","siteReaders":"1"}}},{"type":"Feature","geometry":{"type":"MultiLineString","coordinates":[[[-93.2493912318893,45.08005661145303],[-93.248971,45.08027],[-93.2481793,45.0806869],[-93.2480347,45.0807613],[-93.2479381,45.0808024],[-93.2479061,45.080816],[-93.2478272,45.080843],[-93.24771197895105,45.08085149174498],[-93.2464383,45.0807937],[-93.2462431,45.0807848],[-93.2460265,45.080775],[-93.2458212,45.0807657],[-93.24567836819583,45.08075921240157]]]},"properties":{"id":"alpr-branch-moore-lake-drive-west-559","layer":"alpr_corridor","name":"Moore Lake Drive West","county":"Anoka County","state":"MN","countyFips":"27003","confidence":"probabilistic","sourceDate":null,"attributes":{"kind":"branch","road":"Moore Lake Drive West","roadName":null,"roadClass":"tertiary","readerCount":1,"siteCount":1,"operatorCount":0,"operators":null,"unattributedReaders":1,"siteLngs":"-93.247704","siteLats":"45.080936","siteReaders":"1"}}},{"type":"Feature","geometry":{"type":"MultiLineString","coordinates":[[[-93.3858568,44.9355338],[-93.385826,44.9354058],[-93.3857927,44.9352281],[-93.38579320542127,44.935022353704795],[-93.3857957,44.93484],[-93.3857839,44.9346446],[-93.3857799,44.9345569]]]},"properties":{"id":"alpr-branch-cr-20-560","layer":"alpr_corridor","name":"CR 20 — Blake Road North","county":"Hennepin County","state":"MN","countyFips":"27053","confidence":"probabilistic","sourceDate":null,"attributes":{"kind":"branch","road":"CR 20","roadName":"Blake Road North","roadClass":"tertiary","readerCount":1,"siteCount":1,"operatorCount":0,"operators":null,"unattributedReaders":1,"siteLngs":"-93.385742","siteLats":"44.935022","siteReaders":"1"}}},{"type":"Feature","geometry":{"type":"MultiLineString","coordinates":[[[-93.3857342440588,44.92723301901826],[-93.3857409,44.9269913]]]},"properties":{"id":"alpr-branch-cr-20-561","layer":"alpr_corridor","name":"CR 20 — Blake Road North","county":"Hennepin County","state":"MN","countyFips":"27053","confidence":"probabilistic","sourceDate":null,"attributes":{"kind":"branch","road":"CR 20","roadName":"Blake Road North","roadClass":"tertiary","readerCount":1,"siteCount":1,"operatorCount":0,"operators":null,"unattributedReaders":1,"siteLngs":"-93.385676","siteLats":"44.927232","siteReaders":"1"}}},{"type":"Feature","geometry":{"type":"MultiLineString","coordinates":[[[-93.73583911407414,45.08707397096995],[-93.7357947,45.0871205],[-93.7355098,45.0874184],[-93.7353398,45.087587],[-93.735217,45.0877136],[-93.7351397,45.0877933],[-93.7350809,45.0878518],[-93.73467512927529,45.0882550138133]]]},"properties":{"id":"alpr-branch-cr-20-562","layer":"alpr_corridor","name":"CR 20 — Main Street","county":"Wright County","state":"MN","countyFips":"27171","confidence":"probabilistic","sourceDate":null,"attributes":{"kind":"branch","road":"CR 20","roadName":"Main Street","roadClass":"tertiary","readerCount":1,"siteCount":1,"operatorCount":0,"operators":null,"unattributedReaders":1,"siteLngs":"-93.735899","siteLats":"45.087103","siteReaders":"1"}}},{"type":"Feature","geometry":{"type":"MultiLineString","coordinates":[[[-93.4212048,44.932808],[-93.4212083,44.9326542],[-93.42120992551503,44.932292206144034],[-93.4211847,44.9320326],[-93.4211929,44.9316818],[-93.421196,44.9315891],[-93.4212018,44.931093],[-93.4211926,44.9308689],[-93.4211885476611,44.93085437327647]]]},"properties":{"id":"alpr-branch-17th-avenue-north-563","layer":"alpr_corridor","name":"17th Avenue North","county":"Hennepin County","state":"MN","countyFips":"27053","confidence":"probabilistic","sourceDate":null,"attributes":{"kind":"branch","road":"17th Avenue North","roadName":null,"roadClass":"tertiary","readerCount":1,"siteCount":1,"operatorCount":0,"operators":null,"unattributedReaders":1,"siteLngs":"-93.421159","siteLats":"44.932295","siteReaders":"1"}}},{"type":"Feature","geometry":{"type":"MultiLineString","coordinates":[[[-93.40577247808174,44.93294323248837],[-93.4057716,44.9329874],[-93.4057569,44.9334381],[-93.4057548,44.9335555]]]},"properties":{"id":"alpr-branch-cr-18-564","layer":"alpr_corridor","name":"CR 18 — 5th Avenue North","county":"Hennepin County","state":"MN","countyFips":"27053","confidence":"probabilistic","sourceDate":null,"attributes":{"kind":"branch","road":"CR 18","roadName":"5th Avenue North","roadClass":"tertiary","readerCount":1,"siteCount":1,"operatorCount":0,"operators":null,"unattributedReaders":1,"siteLngs":"-93.405928","siteLats":"44.932945","siteReaders":"1"}}},{"type":"Feature","geometry":{"type":"MultiLineString","coordinates":[[[-93.53487099397208,45.17013241423573],[-93.535023,45.170185],[-93.53671192850499,45.17075371202819],[-93.5369642,45.1708396]]]},"properties":{"id":"alpr-branch-cr-159-565","layer":"alpr_corridor","name":"CR 159 — Territorial Road","county":"Hennepin County","state":"MN","countyFips":"27053","confidence":"probabilistic","sourceDate":null,"attributes":{"kind":"branch","road":"CR 159","roadName":"Territorial Road","roadClass":"secondary","readerCount":1,"siteCount":1,"operatorCount":0,"operators":null,"unattributedReaders":1,"siteLngs":"-93.536675","siteLats":"45.170808","siteReaders":"1"}}},{"type":"Feature","geometry":{"type":"MultiLineString","coordinates":[[[-93.40718626827048,44.900055572544645],[-93.4071534,44.9000294],[-93.406898,44.899826],[-93.406822,44.899742],[-93.406769,44.899647],[-93.406761,44.899548],[-93.406784,44.899445],[-93.406837,44.899353],[-93.406929,44.899273],[-93.407043,44.899212],[-93.4071308,44.8991836],[-93.407173,44.89917],[-93.40731,44.899155],[-93.40761784519678,44.899202378072246],[-93.4076821,44.8992153]]]},"properties":{"id":"alpr-branch-green-circle-drive-566","layer":"alpr_corridor","name":"Green Circle Drive","county":"Hennepin County","state":"MN","countyFips":"27053","confidence":"probabilistic","sourceDate":null,"attributes":{"kind":"branch","road":"Green Circle Drive","roadName":null,"roadClass":"tertiary","readerCount":1,"siteCount":1,"operatorCount":0,"operators":null,"unattributedReaders":1,"siteLngs":"-93.407583","siteLats":"44.899291","siteReaders":"1"}}},{"type":"Feature","geometry":{"type":"MultiLineString","coordinates":[[[-93.3434759,44.9557055],[-93.34367,44.9557041],[-93.3438016,44.9557134],[-93.3440513,44.9557125],[-93.3441499,44.9557119],[-93.34506196201674,44.95571214642352],[-93.3451293,44.9557122],[-93.3454129,44.9557131],[-93.3454848,44.9557143],[-93.3455003,44.9557144],[-93.3460373,44.9557156],[-93.3465807,44.9557175],[-93.3466842,44.9557179],[-93.3467751,44.9557182],[-93.3469083,44.9557187],[-93.3469578,44.955719]]]},"properties":{"id":"alpr-branch-26th-street-west-567","layer":"alpr_corridor","name":"26th Street West","county":"Hennepin County","state":"MN","countyFips":"27053","confidence":"probabilistic","sourceDate":null,"attributes":{"kind":"branch","road":"26th Street West","roadName":null,"roadClass":"residential","readerCount":1,"siteCount":1,"operatorCount":0,"operators":null,"unattributedReaders":1,"siteLngs":"-93.345062","siteLats":"44.955815","siteReaders":"1"}}},{"type":"Feature","geometry":{"type":"MultiLineString","coordinates":[[[-93.4977394,45.0439956],[-93.49783377571706,45.044107236241906],[-93.4979034,45.044176],[-93.4980382,45.0442602],[-93.4981169,45.0443131],[-93.4982403,45.044396],[-93.4983476,45.0444965],[-93.4985184,45.0446805],[-93.498642,45.0448],[-93.498726,45.044907],[-93.498787,45.045021],[-93.498809,45.0450894],[-93.498825,45.045139],[-93.49884,45.045261],[-93.49883962726733,45.045309526244246]]]},"properties":{"id":"alpr-branch-holly-lane-north-568","layer":"alpr_corridor","name":"Holly Lane North","county":"Hennepin County","state":"MN","countyFips":"27053","confidence":"probabilistic","sourceDate":null,"attributes":{"kind":"branch","road":"Holly Lane North","roadName":null,"roadClass":"residential","readerCount":1,"siteCount":1,"operatorCount":0,"operators":null,"unattributedReaders":1,"siteLngs":"-93.497771","siteLats":"45.044139","siteReaders":"1"}}},{"type":"Feature","geometry":{"type":"MultiLineString","coordinates":[[[-93.2428598,45.100516],[-93.2428561121456,45.100826513125824],[-93.2428507,45.1011415]]]},"properties":{"id":"alpr-branch-highway-65-east-service-road-northeast-569","layer":"alpr_corridor","name":"Highway 65 East Service Road Northeast","county":"Anoka County","state":"MN","countyFips":"27003","confidence":"probabilistic","sourceDate":null,"attributes":{"kind":"branch","road":"Highway 65 East Service Road Northeast","roadName":null,"roadClass":"residential","readerCount":1,"siteCount":1,"operatorCount":0,"operators":null,"unattributedReaders":1,"siteLngs":"-93.242947","siteLats":"45.100827","siteReaders":"1"}}},{"type":"Feature","geometry":{"type":"MultiLineString","coordinates":[[[-93.243227,45.102419],[-93.2432508,45.1026134],[-93.243249,45.1029297],[-93.24321794303499,45.103396359340536],[-93.2432168,45.1034347],[-93.2432165,45.1038129],[-93.2432173,45.1043439],[-93.24321855430992,45.10483526227793]]]},"properties":{"id":"alpr-branch-viron-road-northeast-570","layer":"alpr_corridor","name":"Viron Road Northeast","county":"Anoka County","state":"MN","countyFips":"27003","confidence":"probabilistic","sourceDate":null,"attributes":{"kind":"branch","road":"Viron Road Northeast","roadName":null,"roadClass":"unclassified","readerCount":1,"siteCount":1,"operatorCount":0,"operators":null,"unattributedReaders":1,"siteLngs":"-93.243121","siteLats":"45.103395","siteReaders":"1"}}},{"type":"Feature","geometry":{"type":"MultiLineString","coordinates":[[[-93.59881231960968,45.0000728196623],[-93.5977276,45.0000757],[-93.5975279,45.0000961],[-93.5968609,45.0003003],[-93.59683998454146,45.00030411902732]]]},"properties":{"id":"alpr-branch-deer-hill-road-571","layer":"alpr_corridor","name":"Deer Hill Road","county":"Hennepin County","state":"MN","countyFips":"27053","confidence":"probabilistic","sourceDate":null,"attributes":{"kind":"branch","road":"Deer Hill Road","roadName":null,"roadClass":"residential","readerCount":1,"siteCount":1,"operatorCount":0,"operators":null,"unattributedReaders":1,"siteLngs":"-93.598813","siteLats":"45.000164","siteReaders":"1"}}},{"type":"Feature","geometry":{"type":"MultiLineString","coordinates":[[[-93.5959654594945,45.00836316693153],[-93.5959452,45.0083266],[-93.5957717,45.0081413],[-93.5955556,45.0079798],[-93.5951407,45.0077853],[-93.59430119236492,45.0076781401047],[-93.594055,45.007675]]]},"properties":{"id":"alpr-branch-deer-hill-road-572","layer":"alpr_corridor","name":"Deer Hill Road","county":"Hennepin County","state":"MN","countyFips":"27053","confidence":"probabilistic","sourceDate":null,"attributes":{"kind":"branch","road":"Deer Hill Road","roadName":null,"roadClass":"residential","readerCount":1,"siteCount":1,"operatorCount":0,"operators":null,"unattributedReaders":1,"siteLngs":"-93.594304","siteLats":"45.007555","siteReaders":"1"}}},{"type":"Feature","geometry":{"type":"MultiLineString","coordinates":[[[-93.42142964915821,44.89901900698007],[-93.4214043,44.8987137],[-93.4214043,44.8986776],[-93.4214123,44.8986415],[-93.4214257,44.8985997],[-93.4214445,44.8985636],[-93.4214686,44.8985313],[-93.4214973,44.8984945],[-93.4215303,44.898461],[-93.4215679,44.8984306],[-93.4216108,44.8984021],[-93.4216644,44.8983679],[-93.4217655,44.8983083],[-93.4218354,44.8982703],[-93.4219359,44.8982156]]]},"properties":{"id":"alpr-branch-bren-road-573","layer":"alpr_corridor","name":"Bren Road","county":"Hennepin County","state":"MN","countyFips":"27053","confidence":"probabilistic","sourceDate":null,"attributes":{"kind":"branch","road":"Bren Road","roadName":null,"roadClass":"tertiary","readerCount":1,"siteCount":1,"operatorCount":0,"operators":null,"unattributedReaders":1,"siteLngs":"-93.421311","siteLats":"44.899024","siteReaders":"1"}}},{"type":"Feature","geometry":{"type":"MultiLineString","coordinates":[[[-96.7478666907338,46.865712446428276],[-96.7478715,46.8662361],[-96.74785328394319,46.86715126394624],[-96.7478389,46.8677812],[-96.7478614,46.8680826],[-96.7478728,46.8682364]]]},"properties":{"id":"alpr-branch-20th-street-575","layer":"alpr_corridor","name":"20th Street","county":"Clay County","state":"MN","countyFips":"27027","confidence":"probabilistic","sourceDate":null,"attributes":{"kind":"branch","road":"20th Street","roadName":null,"roadClass":"secondary","readerCount":1,"siteCount":1,"operatorCount":0,"operators":null,"unattributedReaders":1,"siteLngs":"-96.747958","siteLats":"46.867152","siteReaders":"1"}}},{"type":"Feature","geometry":{"type":"MultiLineString","coordinates":[[[-96.72148272261198,46.84897338142671],[-96.7220272,46.8499773],[-96.7220783,46.8500716],[-96.7221478,46.8502053],[-96.7222042,46.8503157],[-96.722208419625,46.85032395761054]]]},"properties":{"id":"alpr-branch-i-94-business-576","layer":"alpr_corridor","name":"I 94 Business — 34th Street South","county":"Clay County","state":"MN","countyFips":"27027","confidence":"probabilistic","sourceDate":null,"attributes":{"kind":"branch","road":"I 94 Business","roadName":"34th Street South","roadClass":"primary","readerCount":1,"siteCount":1,"operatorCount":0,"operators":null,"unattributedReaders":1,"siteLngs":"-96.721414","siteLats":"46.848991","siteReaders":"1"}}},{"type":"Feature","geometry":{"type":"MultiLineString","coordinates":[[[-96.77503303141116,46.87380285214944],[-96.7740864,46.8737995],[-96.7739348,46.8737981],[-96.7737999,46.8737997],[-96.77292821720035,46.87380373094068],[-96.7725501,46.8738055],[-96.7724258,46.8738061]]]},"properties":{"id":"alpr-branch-i-94-business-577","layer":"alpr_corridor","name":"I 94 Business — Main Avenue","county":"Clay County","state":"MN","countyFips":"27027","confidence":"probabilistic","sourceDate":null,"attributes":{"kind":"branch","road":"I 94 Business","roadName":"Main Avenue","roadClass":"primary","readerCount":1,"siteCount":1,"operatorCount":0,"operators":null,"unattributedReaders":1,"siteLngs":"-96.772927","siteLats":"46.873721","siteReaders":"1"}}},{"type":"Feature","geometry":{"type":"MultiLineString","coordinates":[[[-96.72845759190774,46.85233745476553],[-96.72970663788085,46.85349540586379]]]},"properties":{"id":"alpr-branch-i-94-business-578","layer":"alpr_corridor","name":"I 94 Business — Main Avenue Southeast","county":"Clay County","state":"MN","countyFips":"27027","confidence":"probabilistic","sourceDate":null,"attributes":{"kind":"branch","road":"I 94 Business","roadName":"Main Avenue Southeast","roadClass":"primary","readerCount":1,"siteCount":1,"operatorCount":0,"operators":null,"unattributedReaders":1,"siteLngs":"-96.728444","siteLats":"46.852344","siteReaders":"1"}}},{"type":"Feature","geometry":{"type":"MultiLineString","coordinates":[[[-96.7260754,46.8690593],[-96.7263680805085,46.86839575664737],[-96.7264336,46.8682865],[-96.7266996,46.867506],[-96.72674762398047,46.86698761592455]]]},"properties":{"id":"alpr-branch-34th-street-south-579","layer":"alpr_corridor","name":"34th Street South","county":"Clay County","state":"MN","countyFips":"27027","confidence":"probabilistic","sourceDate":null,"attributes":{"kind":"branch","road":"34th Street South","roadName":null,"roadClass":"secondary","readerCount":1,"siteCount":1,"operatorCount":0,"operators":null,"unattributedReaders":1,"siteLngs":"-96.726442","siteLats":"46.868417","siteReaders":"1"}}},{"type":"Feature","geometry":{"type":"MultiLineString","coordinates":[[[-94.03071946337113,45.423544947443624],[-94.0310064,45.4233341],[-94.0315834,45.422896]]]},"properties":{"id":"alpr-branch-mn-24-580","layer":"alpr_corridor","name":"MN 24 — State Highway 24","county":"Sherburne County","state":"MN","countyFips":"27141","confidence":"probabilistic","sourceDate":null,"attributes":{"kind":"branch","road":"MN 24","roadName":"State Highway 24","roadClass":"primary","readerCount":1,"siteCount":1,"operatorCount":0,"operators":null,"unattributedReaders":1,"siteLngs":"-94.030617","siteLats":"45.423476","siteReaders":"1"}}},{"type":"Feature","geometry":{"type":"MultiLineString","coordinates":[[[-94.0591928,45.4100582],[-94.05879165911638,45.410671111093436],[-94.0583366,45.4112448]]]},"properties":{"id":"alpr-branch-mn-24-581","layer":"alpr_corridor","name":"MN 24 — State Highway 24","county":"Wright County","state":"MN","countyFips":"27171","confidence":"probabilistic","sourceDate":null,"attributes":{"kind":"branch","road":"MN 24","roadName":"State Highway 24","roadClass":"secondary","readerCount":1,"siteCount":1,"operatorCount":0,"operators":null,"unattributedReaders":1,"siteLngs":"-94.058868","siteLats":"45.410701","siteReaders":"1"}}},{"type":"Feature","geometry":{"type":"MultiLineString","coordinates":[[[-94.211602,45.2923128],[-94.21198225924589,45.29245496236193],[-94.2120591,45.2924827],[-94.2123449,45.2925675]]]},"properties":{"id":"alpr-branch-mn-24-582","layer":"alpr_corridor","name":"MN 24","county":"Wright County","state":"MN","countyFips":"27171","confidence":"probabilistic","sourceDate":null,"attributes":{"kind":"branch","road":"MN 24","roadName":null,"roadClass":"primary","readerCount":1,"siteCount":1,"operatorCount":1,"operators":"Wright County Sheriff","unattributedReaders":0,"siteLngs":"-94.212081","siteLats":"45.292317","siteReaders":"1"}}},{"type":"Feature","geometry":{"type":"MultiLineString","coordinates":[[[-94.0566023,45.4127813],[-94.05606514789442,45.41306844855724],[-94.0559412,45.4131347]]]},"properties":{"id":"alpr-branch-mn-24-583","layer":"alpr_corridor","name":"MN 24 — State Highway 24","county":"Wright County","state":"MN","countyFips":"27171","confidence":"probabilistic","sourceDate":null,"attributes":{"kind":"branch","road":"MN 24","roadName":"State Highway 24","roadClass":"primary","readerCount":1,"siteCount":1,"operatorCount":0,"operators":null,"unattributedReaders":1,"siteLngs":"-94.055983","siteLats":"45.412991","siteReaders":"1"}}},{"type":"Feature","geometry":{"type":"MultiLineString","coordinates":[[[-92.9623656,44.9365392],[-92.96284723038762,44.93652540059251],[-92.9632033,44.936516],[-92.9637721,44.9364985]]]},"properties":{"id":"alpr-branch-tamarack-road-584","layer":"alpr_corridor","name":"Tamarack Road","county":"Washington County","state":"MN","countyFips":"27163","confidence":"probabilistic","sourceDate":null,"attributes":{"kind":"branch","road":"Tamarack Road","roadName":null,"roadClass":"tertiary","readerCount":1,"siteCount":1,"operatorCount":0,"operators":null,"unattributedReaders":1,"siteLngs":"-92.962851","siteLats":"44.936588","siteReaders":"1"}}},{"type":"Feature","geometry":{"type":"MultiLineString","coordinates":[[[-92.9637721,44.9364985],[-92.96437556107796,44.93648045657754],[-92.9644181,44.9364793]]]},"properties":{"id":"alpr-branch-tamarack-road-585","layer":"alpr_corridor","name":"Tamarack Road","county":"Washington County","state":"MN","countyFips":"27163","confidence":"probabilistic","sourceDate":null,"attributes":{"kind":"branch","road":"Tamarack Road","roadName":null,"roadClass":"tertiary","readerCount":1,"siteCount":1,"operatorCount":0,"operators":null,"unattributedReaders":1,"siteLngs":"-92.964377","siteLats":"44.936504","siteReaders":"1"}}},{"type":"Feature","geometry":{"type":"MultiLineString","coordinates":[[[-93.23990927848205,44.98450819422607],[-93.2398319,44.9846035],[-93.2397775,44.9846705],[-93.2397199,44.9847411],[-93.2394366,44.9850881],[-93.2390375,44.9855769],[-93.238973,44.985656],[-93.2389258,44.9857171],[-93.23889588746653,44.985755847595534]]]},"properties":{"id":"alpr-branch-southeast-10th-avenue-586","layer":"alpr_corridor","name":"Southeast 10th Avenue","county":"Hennepin County","state":"MN","countyFips":"27053","confidence":"probabilistic","sourceDate":null,"attributes":{"kind":"branch","road":"Southeast 10th Avenue","roadName":null,"roadClass":"tertiary","readerCount":1,"siteCount":1,"operatorCount":0,"operators":null,"unattributedReaders":1,"siteLngs":"-93.239820","siteLats":"44.984471","siteReaders":"1"}}},{"type":"Feature","geometry":{"type":"MultiLineString","coordinates":[[[-93.2400339,44.9843547],[-93.2398319,44.9846035],[-93.2397775,44.9846705],[-93.2397199,44.9847411],[-93.23908959743927,44.985513093364276],[-93.2390375,44.9855769],[-93.238973,44.985656],[-93.2389258,44.9857171],[-93.2382788,44.9865552],[-93.2382153,44.9866374]]]},"properties":{"id":"alpr-branch-southeast-10th-avenue-587","layer":"alpr_corridor","name":"Southeast 10th Avenue","county":"Hennepin County","state":"MN","countyFips":"27053","confidence":"probabilistic","sourceDate":null,"attributes":{"kind":"branch","road":"Southeast 10th Avenue","roadName":null,"roadClass":"tertiary","readerCount":1,"siteCount":1,"operatorCount":0,"operators":null,"unattributedReaders":1,"siteLngs":"-93.239193","siteLats":"44.985556","siteReaders":"1"}}},{"type":"Feature","geometry":{"type":"MultiLineString","coordinates":[[[-92.9068350749761,46.007214947986405],[-92.9063535,46.0072379],[-92.90485366879864,46.00760234174589],[-92.9048208,46.0076128],[-92.9042827,46.0078572],[-92.9038116,46.0081162],[-92.9033584,46.0082546],[-92.90306430672632,46.008281900458314]]]},"properties":{"id":"alpr-branch-lady-luck-drive-588","layer":"alpr_corridor","name":"Lady Luck Drive","county":"Pine County","state":"MN","countyFips":"27115","confidence":"probabilistic","sourceDate":null,"attributes":{"kind":"branch","road":"Lady Luck Drive","roadName":null,"roadClass":"residential","readerCount":1,"siteCount":1,"operatorCount":0,"operators":null,"unattributedReaders":1,"siteLngs":"-92.904904","siteLats":"46.007680","siteReaders":"1"}}},{"type":"Feature","geometry":{"type":"MultiLineString","coordinates":[[[-92.89442555849726,46.00851449310063],[-92.8943684,46.0091108],[-92.8943567,46.0092327],[-92.89428772857617,46.009950217797986],[-92.8942422,46.0104217],[-92.8942371,46.0109783]]]},"properties":{"id":"alpr-branch-ch-15-589","layer":"alpr_corridor","name":"CH 15 — Hinckley Road","county":"Pine County","state":"MN","countyFips":"27115","confidence":"probabilistic","sourceDate":null,"attributes":{"kind":"branch","road":"CH 15","roadName":"Hinckley Road","roadClass":"tertiary","readerCount":1,"siteCount":1,"operatorCount":0,"operators":null,"unattributedReaders":1,"siteLngs":"-92.894141","siteLats":"46.009943","siteReaders":"1"}}},{"type":"Feature","geometry":{"type":"MultiLineString","coordinates":[[[-92.8484754,45.0354754],[-92.84768790622032,45.03525402851681],[-92.847476,45.035191]]]},"properties":{"id":"alpr-branch-ch-15-590","layer":"alpr_corridor","name":"CH 15","county":"Washington County","state":"MN","countyFips":"27163","confidence":"probabilistic","sourceDate":null,"attributes":{"kind":"branch","road":"CH 15","roadName":null,"roadClass":"motorway_link","readerCount":1,"siteCount":1,"operatorCount":0,"operators":null,"unattributedReaders":1,"siteLngs":"-92.847746","siteLats":"45.035155","siteReaders":"1"}}},{"type":"Feature","geometry":{"type":"MultiLineString","coordinates":[[[-93.116683856155,45.8718868568144],[-93.11461742611047,45.871906178440376],[-93.114298,45.871906]]]},"properties":{"id":"alpr-branch-cr-11-592","layer":"alpr_corridor","name":"CR 11 — Pokegama Avenue East","county":"Pine County","state":"MN","countyFips":"27115","confidence":"probabilistic","sourceDate":null,"attributes":{"kind":"branch","road":"CR 11","roadName":"Pokegama Avenue East","roadClass":"secondary","readerCount":1,"siteCount":1,"operatorCount":0,"operators":null,"unattributedReaders":1,"siteLngs":"-93.114617","siteLats":"45.872017","siteReaders":"1"}}},{"type":"Feature","geometry":{"type":"MultiLineString","coordinates":[[[-94.2942118655679,46.602848718107715],[-94.29630527307732,46.602891441914274],[-94.2963277,46.6028919],[-94.2970505,46.6029131],[-94.2976928,46.6029399]]]},"properties":{"id":"alpr-branch-cr-11-593","layer":"alpr_corridor","name":"CR 11","county":"Crow Wing County","state":"MN","countyFips":"27035","confidence":"probabilistic","sourceDate":null,"attributes":{"kind":"branch","road":"CR 11","roadName":null,"roadClass":"secondary","readerCount":1,"siteCount":1,"operatorCount":0,"operators":null,"unattributedReaders":1,"siteLngs":"-94.296311","siteLats":"46.602757","siteReaders":"1"}}},{"type":"Feature","geometry":{"type":"MultiLineString","coordinates":[[[-93.58017574107903,45.564735087020246],[-93.58015764237282,45.56617394381238],[-93.580157,45.5670468],[-93.58014591020077,45.567612803035665]]]},"properties":{"id":"alpr-branch-cr-29-594","layer":"alpr_corridor","name":"CR 29 — South Rum River Drive","county":"Mille Lacs County","state":"MN","countyFips":"27095","confidence":"probabilistic","sourceDate":null,"attributes":{"kind":"branch","road":"CR 29","roadName":"South Rum River Drive","roadClass":"secondary","readerCount":1,"siteCount":1,"operatorCount":0,"operators":null,"unattributedReaders":1,"siteLngs":"-93.580038","siteLats":"45.566174","siteReaders":"1"}}},{"type":"Feature","geometry":{"type":"MultiLineString","coordinates":[[[-94.18582452669494,45.617202915463096],[-94.18376732308592,45.61720631575912],[-94.1834989,45.6172054]]]},"properties":{"id":"alpr-branch-cr-29-595","layer":"alpr_corridor","name":"CR 29 — 1st Street Northeast","county":"Benton County","state":"MN","countyFips":"27009","confidence":"probabilistic","sourceDate":null,"attributes":{"kind":"branch","road":"CR 29","roadName":"1st Street Northeast","roadClass":"tertiary","readerCount":1,"siteCount":1,"operatorCount":0,"operators":null,"unattributedReaders":1,"siteLngs":"-94.183768","siteLats":"45.617137","siteReaders":"1"}}},{"type":"Feature","geometry":{"type":"MultiLineString","coordinates":[[[-93.23724860391354,44.79097328796382],[-93.2370115,44.7909623],[-93.2368553,44.7909551],[-93.2365792,44.7909424],[-93.23642,44.790935],[-93.2362453,44.7909227],[-93.2361934,44.7909191],[-93.2359655,44.7909184],[-93.2357018,44.7909175],[-93.23522392878833,44.79091592903145],[-93.234944,44.790915]]]},"properties":{"id":"alpr-branch-selkirk-drive-596","layer":"alpr_corridor","name":"Selkirk Drive","county":"Dakota County","state":"MN","countyFips":"27037","confidence":"probabilistic","sourceDate":null,"attributes":{"kind":"branch","road":"Selkirk Drive","roadName":null,"roadClass":"residential","readerCount":1,"siteCount":1,"operatorCount":0,"operators":null,"unattributedReaders":1,"siteLngs":"-93.235224","siteLats":"44.790967","siteReaders":"1"}}},{"type":"Feature","geometry":{"type":"MultiLineString","coordinates":[[[-93.53285148905887,45.00394869188805],[-93.533531,45.003948],[-93.5336876,45.0039391],[-93.5338466,45.0039067],[-93.533989,45.00386],[-93.5340976,45.0038113],[-93.5342474,45.003744],[-93.53473869683913,45.00353975811904]]]},"properties":{"id":"alpr-branch-pheasant-ridge-road-597","layer":"alpr_corridor","name":"Pheasant Ridge Road","county":"Hennepin County","state":"MN","countyFips":"27053","confidence":"probabilistic","sourceDate":null,"attributes":{"kind":"branch","road":"Pheasant Ridge Road","roadName":null,"roadClass":"residential","readerCount":1,"siteCount":1,"operatorCount":0,"operators":null,"unattributedReaders":1,"siteLngs":"-93.532852","siteLats":"45.004004","siteReaders":"1"}}},{"type":"Feature","geometry":{"type":"MultiLineString","coordinates":[[[-93.3864702,45.1815759],[-93.386506,45.1816051],[-93.38671690569291,45.18176359248093],[-93.3867719,45.1818009],[-93.3871091,45.1820073],[-93.3874932,45.1822387],[-93.387807,45.1824533]]]},"properties":{"id":"alpr-branch-west-river-road-598","layer":"alpr_corridor","name":"West River Road","county":"Hennepin County","state":"MN","countyFips":"27053","confidence":"probabilistic","sourceDate":null,"attributes":{"kind":"branch","road":"West River Road","roadName":null,"roadClass":"tertiary","readerCount":1,"siteCount":1,"operatorCount":0,"operators":null,"unattributedReaders":1,"siteLngs":"-93.386782","siteLats":"45.181715","siteReaders":"1"}}},{"type":"Feature","geometry":{"type":"MultiLineString","coordinates":[[[-93.3757419,45.0849448],[-93.3757056,45.0849425],[-93.3745498,45.084868],[-93.374443,45.0848611],[-93.3741759,45.0848598],[-93.373871130563,45.084858284900555],[-93.3736423,45.0848572],[-93.3734272,45.0848561],[-93.3733528,45.0848557],[-93.3729744,45.0848538]]]},"properties":{"id":"alpr-branch-72nd-lane-north-599","layer":"alpr_corridor","name":"72nd Lane North","county":"Hennepin County","state":"MN","countyFips":"27053","confidence":"probabilistic","sourceDate":null,"attributes":{"kind":"branch","road":"72nd Lane North","roadName":null,"roadClass":"residential","readerCount":1,"siteCount":1,"operatorCount":0,"operators":null,"unattributedReaders":1,"siteLngs":"-93.373870","siteLats":"45.084947","siteReaders":"1"}}},{"type":"Feature","geometry":{"type":"MultiLineString","coordinates":[[[-93.3757419,45.0849448],[-93.37557011365713,45.08493376688653],[-93.3745498,45.084868],[-93.374443,45.0848611],[-93.3741759,45.0848598],[-93.3739165,45.0848585],[-93.3736423,45.0848572],[-93.3735368735854,45.084856660859806]]]},"properties":{"id":"alpr-branch-72nd-lane-north-600","layer":"alpr_corridor","name":"72nd Lane North","county":"Hennepin County","state":"MN","countyFips":"27053","confidence":"probabilistic","sourceDate":null,"attributes":{"kind":"branch","road":"72nd Lane North","roadName":null,"roadClass":"residential","readerCount":1,"siteCount":1,"operatorCount":0,"operators":null,"unattributedReaders":1,"siteLngs":"-93.375562","siteLats":"45.084996","siteReaders":"1"}}},{"type":"Feature","geometry":{"type":"MultiLineString","coordinates":[[[-93.2996368,45.0749405],[-93.2996405,45.0744825],[-93.2995592477269,45.073565480443705],[-93.2995561,45.0734747],[-93.299563,45.0732033],[-93.2995684,45.0729945],[-93.2995871,45.0728826]]]},"properties":{"id":"alpr-branch-humboldt-avenue-north-601","layer":"alpr_corridor","name":"Humboldt Avenue North","county":"Hennepin County","state":"MN","countyFips":"27053","confidence":"probabilistic","sourceDate":null,"attributes":{"kind":"branch","road":"Humboldt Avenue North","roadName":null,"roadClass":"tertiary","readerCount":1,"siteCount":1,"operatorCount":0,"operators":null,"unattributedReaders":1,"siteLngs":"-93.299729","siteLats":"45.073563","siteReaders":"1"}}},{"type":"Feature","geometry":{"type":"MultiLineString","coordinates":[[[-93.30042904798415,45.08743282698358],[-93.300438,45.087852],[-93.300438,45.087936],[-93.300453,45.088131],[-93.30047271942702,45.0888712736515]]]},"properties":{"id":"alpr-branch-humboldt-avenue-north-602","layer":"alpr_corridor","name":"Humboldt Avenue North","county":"Hennepin County","state":"MN","countyFips":"27053","confidence":"probabilistic","sourceDate":null,"attributes":{"kind":"branch","road":"Humboldt Avenue North","roadName":null,"roadClass":"tertiary","readerCount":1,"siteCount":1,"operatorCount":0,"operators":null,"unattributedReaders":1,"siteLngs":"-93.300330","siteLats":"45.087434","siteReaders":"1"}}},{"type":"Feature","geometry":{"type":"MultiLineString","coordinates":[[[-93.38115879342847,45.15249293316923],[-93.3811157067174,45.153931524891284],[-93.3810802,45.155117]]]},"properties":{"id":"alpr-branch-cr-103-603","layer":"alpr_corridor","name":"CR 103 — Winnetka Avenue North","county":"Hennepin County","state":"MN","countyFips":"27053","confidence":"probabilistic","sourceDate":null,"attributes":{"kind":"branch","road":"CR 103","roadName":"Winnetka Avenue North","roadClass":"tertiary","readerCount":1,"siteCount":1,"operatorCount":0,"operators":null,"unattributedReaders":1,"siteLngs":"-93.381015","siteLats":"45.153930","siteReaders":"1"}}},{"type":"Feature","geometry":{"type":"MultiLineString","coordinates":[[[-93.339135,45.0818398],[-93.33952966650995,45.08186997964435],[-93.3403223,45.0818723],[-93.340839,45.0818739]]]},"properties":{"id":"alpr-branch-70th-avenue-north-604","layer":"alpr_corridor","name":"70th Avenue North","county":"Hennepin County","state":"MN","countyFips":"27053","confidence":"probabilistic","sourceDate":null,"attributes":{"kind":"branch","road":"70th Avenue North","roadName":null,"roadClass":"residential","readerCount":1,"siteCount":1,"operatorCount":0,"operators":null,"unattributedReaders":1,"siteLngs":"-93.339528","siteLats":"45.082089","siteReaders":"1"}}},{"type":"Feature","geometry":{"type":"MultiLineString","coordinates":[[[-93.4602505,44.8579365],[-93.46024300374735,44.85689720035183],[-93.4602429,44.8568879],[-93.4602421,44.8567218]]]},"properties":{"id":"alpr-branch-mitchell-road-605","layer":"alpr_corridor","name":"Mitchell Road","county":"Hennepin County","state":"MN","countyFips":"27053","confidence":"probabilistic","sourceDate":null,"attributes":{"kind":"branch","road":"Mitchell Road","roadName":null,"roadClass":"secondary","readerCount":1,"siteCount":1,"operatorCount":0,"operators":null,"unattributedReaders":1,"siteLngs":"-93.460666","siteLats":"44.856895","siteReaders":"1"}}},{"type":"Feature","geometry":{"type":"MultiLineString","coordinates":[[[-93.9519088,44.1808226],[-93.9518415,44.1806743],[-93.9517222,44.1805715],[-93.95148965802842,44.18046669482314],[-93.9509509,44.1802403],[-93.9508035,44.1801588],[-93.9507037,44.1800649],[-93.9506337,44.1799477],[-93.9506019,44.179828],[-93.95060301120918,44.17933779800393]]]},"properties":{"id":"alpr-branch-premier-drive-606","layer":"alpr_corridor","name":"Premier Drive","county":"Blue Earth County","state":"MN","countyFips":"27013","confidence":"probabilistic","sourceDate":null,"attributes":{"kind":"branch","road":"Premier Drive","roadName":null,"roadClass":"residential","readerCount":1,"siteCount":1,"operatorCount":0,"operators":null,"unattributedReaders":1,"siteLngs":"-93.951572","siteLats":"44.180365","siteReaders":"1"}}},{"type":"Feature","geometry":{"type":"MultiLineString","coordinates":[[[-93.9506020482867,44.17976258438094],[-93.9506033,44.1792104],[-93.9506049,44.1784578],[-93.95058356212323,44.17832454924637],[-93.9505512,44.1782839],[-93.9504433,44.1782748],[-93.9503038,44.1782748],[-93.950208,44.1783013],[-93.9500824,44.1783551],[-93.9499987,44.1784079],[-93.9499214,44.1784754],[-93.9498343,44.1785341],[-93.9498049,44.1785451],[-93.949684,44.1785906],[-93.9494888,44.1786172],[-93.9492335,44.1786065],[-93.9491372,44.1786024]]]},"properties":{"id":"alpr-branch-premier-drive-607","layer":"alpr_corridor","name":"Premier Drive","county":"Blue Earth County","state":"MN","countyFips":"27013","confidence":"probabilistic","sourceDate":null,"attributes":{"kind":"branch","road":"Premier Drive","roadName":null,"roadClass":"residential","readerCount":1,"siteCount":1,"operatorCount":0,"operators":null,"unattributedReaders":1,"siteLngs":"-93.950812","siteLats":"44.178230","siteReaders":"1"}}},{"type":"Feature","geometry":{"type":"MultiLineString","coordinates":[[[-93.95782148098715,44.171122102556005],[-93.95737207811888,44.172524446687206],[-93.957357,44.1725699],[-93.9573291,44.1727276],[-93.9573227,44.1728985]]]},"properties":{"id":"alpr-branch-raintree-road-608","layer":"alpr_corridor","name":"Raintree Road","county":"Blue Earth County","state":"MN","countyFips":"27013","confidence":"probabilistic","sourceDate":null,"attributes":{"kind":"branch","road":"Raintree Road","roadName":null,"roadClass":"tertiary","readerCount":1,"siteCount":1,"operatorCount":0,"operators":null,"unattributedReaders":1,"siteLngs":"-93.957068","siteLats":"44.172472","siteReaders":"1"}}},{"type":"Feature","geometry":{"type":"MultiLineString","coordinates":[[[-93.46194625648762,45.15431572346568],[-93.46195291162277,45.15575462839368],[-93.4619532,45.1557929],[-93.4619538,45.1559729]]]},"properties":{"id":"alpr-branch-cr-121-609","layer":"alpr_corridor","name":"CR 121 — Fernbrook Lane North","county":"Hennepin County","state":"MN","countyFips":"27053","confidence":"probabilistic","sourceDate":null,"attributes":{"kind":"branch","road":"CR 121","roadName":"Fernbrook Lane North","roadClass":"secondary","readerCount":1,"siteCount":1,"operatorCount":0,"operators":null,"unattributedReaders":1,"siteLngs":"-93.461802","siteLats":"45.155755","siteReaders":"1"}}},{"type":"Feature","geometry":{"type":"MultiLineString","coordinates":[[[-92.9987544,45.2795057],[-92.9988221,45.279338],[-92.9988333,45.2792991],[-92.9988368,45.2792848],[-92.9988394,45.2792726],[-92.9988414,45.2792569],[-92.9988424,45.2792486],[-92.9988445,45.2792304],[-92.9988455,45.2792132],[-92.99885651585011,45.27889844506039],[-92.9988572,45.278879],[-92.9988587,45.2787191],[-92.9988552,45.2786916],[-92.9988487,45.2786631],[-92.9988337,45.2786275],[-92.9987847,45.2785288]]]},"properties":{"id":"alpr-branch-12th-street-southwest-610","layer":"alpr_corridor","name":"12th Street Southwest","county":"Washington County","state":"MN","countyFips":"27163","confidence":"probabilistic","sourceDate":null,"attributes":{"kind":"branch","road":"12th Street Southwest","roadName":null,"roadClass":"tertiary","readerCount":1,"siteCount":1,"operatorCount":0,"operators":null,"unattributedReaders":1,"siteLngs":"-92.998786","siteLats":"45.278897","siteReaders":"1"}}},{"type":"Feature","geometry":{"type":"MultiLineString","coordinates":[[[-93.44764982010547,44.74334823704125],[-93.4479616,44.7432187],[-93.448178,44.7431383],[-93.4485195,44.7430114],[-93.4488881,44.7428732],[-93.44945483862962,44.74269776062498],[-93.4496096,44.7426578],[-93.4499065,44.7426102],[-93.4503992,44.742603],[-93.4507941,44.7425908],[-93.4511889,44.7425908],[-93.4513727,44.7425908],[-93.45146283184435,44.7425908]]]},"properties":{"id":"alpr-branch-jeffers-parkway-northwest-611","layer":"alpr_corridor","name":"Jeffers Parkway NorthWest","county":"Scott County","state":"MN","countyFips":"27139","confidence":"probabilistic","sourceDate":null,"attributes":{"kind":"branch","road":"Jeffers Parkway NorthWest","roadName":null,"roadClass":"residential","readerCount":1,"siteCount":1,"operatorCount":0,"operators":null,"unattributedReaders":1,"siteLngs":"-93.449403","siteLats":"44.742596","siteReaders":"1"}}},{"type":"Feature","geometry":{"type":"MultiLineString","coordinates":[[[-93.4502754,44.7467923],[-93.45026407429329,44.746505751298145],[-93.450262,44.7463658],[-93.4502629,44.746318],[-93.450268,44.74605],[-93.4503182,44.7458624],[-93.4504125,44.7454809],[-93.45052133578668,44.74508351612502]]]},"properties":{"id":"alpr-branch-mckenna-road-northwest-612","layer":"alpr_corridor","name":"McKenna Road Northwest","county":"Scott County","state":"MN","countyFips":"27139","confidence":"probabilistic","sourceDate":null,"attributes":{"kind":"branch","road":"McKenna Road Northwest","roadName":null,"roadClass":"tertiary","readerCount":1,"siteCount":1,"operatorCount":0,"operators":null,"unattributedReaders":1,"siteLngs":"-93.450456","siteLats":"44.746504","siteReaders":"1"}}},{"type":"Feature","geometry":{"type":"MultiLineString","coordinates":[[[-93.46483225351756,44.74119871147155],[-93.4656136,44.741409],[-93.4661846,44.7415234],[-93.46678032397972,44.741496005467575],[-93.4669932,44.7414576],[-93.4673745,44.7413479],[-93.467508,44.7413095]]]},"properties":{"id":"alpr-branch-wilds-parkway-northwest-613","layer":"alpr_corridor","name":"Wilds Parkway Northwest","county":"Scott County","state":"MN","countyFips":"27139","confidence":"probabilistic","sourceDate":null,"attributes":{"kind":"branch","road":"Wilds Parkway Northwest","roadName":null,"roadClass":"residential","readerCount":1,"siteCount":1,"operatorCount":0,"operators":null,"unattributedReaders":1,"siteLngs":"-93.466759","siteLats":"44.741435","siteReaders":"1"}}},{"type":"Feature","geometry":{"type":"MultiLineString","coordinates":[[[-93.4508698,44.7255883],[-93.45092284714869,44.725423946944126],[-93.4509219,44.724923],[-93.4508585,44.7248388]]]},"properties":{"id":"alpr-branch-wilds-parkway-northwest-614","layer":"alpr_corridor","name":"Wilds Parkway Northwest","county":"Scott County","state":"MN","countyFips":"27139","confidence":"probabilistic","sourceDate":null,"attributes":{"kind":"branch","road":"Wilds Parkway Northwest","roadName":null,"roadClass":"residential","readerCount":1,"siteCount":1,"operatorCount":0,"operators":null,"unattributedReaders":1,"siteLngs":"-93.450868","siteLats":"44.725424","siteReaders":"1"}}},{"type":"Feature","geometry":{"type":"MultiLineString","coordinates":[[[-93.4589733,44.7249723],[-93.4588946,44.7250752],[-93.45888221340708,44.72512948523315],[-93.4588929,44.7253173],[-93.4589207,44.7254002],[-93.4589938,44.7255405]]]},"properties":{"id":"alpr-branch-bobcat-northwest-trail-615","layer":"alpr_corridor","name":"Bobcat Northwest Trail","county":"Scott County","state":"MN","countyFips":"27139","confidence":"probabilistic","sourceDate":null,"attributes":{"kind":"branch","road":"Bobcat Northwest Trail","roadName":null,"roadClass":"residential","readerCount":1,"siteCount":1,"operatorCount":0,"operators":null,"unattributedReaders":1,"siteLngs":"-93.458803","siteLats":"44.725132","siteReaders":"1"}}},{"type":"Feature","geometry":{"type":"MultiLineString","coordinates":[[[-93.64199938624063,45.31069390678524],[-93.6425869,45.31085],[-93.64391418850145,45.31120099089543]]]},"properties":{"id":"alpr-branch-us-10-616","layer":"alpr_corridor","name":"US 10","county":"Sherburne County","state":"MN","countyFips":"27141","confidence":"probabilistic","sourceDate":null,"attributes":{"kind":"branch","road":"US 10","roadName":null,"roadClass":"trunk","readerCount":1,"siteCount":1,"operatorCount":0,"operators":null,"unattributedReaders":1,"siteLngs":"-93.641952","siteLats":"45.310783","siteReaders":"1"}}},{"type":"Feature","geometry":{"type":"MultiLineString","coordinates":[[[-95.88468812079536,46.82970910867143],[-95.8831886,46.8294596],[-95.88264362077857,46.829371712392536]]]},"properties":{"id":"alpr-branch-us-10-617","layer":"alpr_corridor","name":"US 10","county":"Becker County","state":"MN","countyFips":"27005","confidence":"probabilistic","sourceDate":null,"attributes":{"kind":"branch","road":"US 10","roadName":null,"roadClass":"trunk","readerCount":1,"siteCount":1,"operatorCount":0,"operators":null,"unattributedReaders":1,"siteLngs":"-95.884710","siteLats":"46.829645","siteReaders":"1"}}},{"type":"Feature","geometry":{"type":"MultiLineString","coordinates":[[[-94.12882394161547,45.55751608997676],[-94.12741206959333,45.55647054830558],[-94.126923,45.5561077],[-94.1261574,45.555532]]]},"properties":{"id":"alpr-branch-us-10-618","layer":"alpr_corridor","name":"US 10","county":"Sherburne County","state":"MN","countyFips":"27141","confidence":"probabilistic","sourceDate":null,"attributes":{"kind":"branch","road":"US 10","roadName":null,"roadClass":"trunk","readerCount":1,"siteCount":1,"operatorCount":0,"operators":null,"unattributedReaders":1,"siteLngs":"-94.127517","siteLats":"45.556400","siteReaders":"1"}}},{"type":"Feature","geometry":{"type":"MultiLineString","coordinates":[[[-94.77670427529932,46.35307933061518],[-94.7757376,46.3525412],[-94.7754158,46.3523893],[-94.77502930884634,46.35222625253638],[-94.7747023,46.3521005],[-94.7743214,46.3519746],[-94.7740049,46.3518821],[-94.7736359,46.351794],[-94.77327,46.3517192],[-94.7731027477399,46.35169071244702]]]},"properties":{"id":"alpr-branch-us-10-619","layer":"alpr_corridor","name":"US 10","county":"Todd County","state":"MN","countyFips":"27153","confidence":"probabilistic","sourceDate":null,"attributes":{"kind":"branch","road":"US 10","roadName":null,"roadClass":"trunk","readerCount":1,"siteCount":1,"operatorCount":0,"operators":null,"unattributedReaders":1,"siteLngs":"-94.775103","siteLats":"46.352134","siteReaders":"1"}}},{"type":"Feature","geometry":{"type":"MultiLineString","coordinates":[[[-95.80712181049239,46.7978152546249],[-95.8071684,46.797969],[-95.8072592,46.7982402],[-95.8073602,46.7985074],[-95.807469,46.7987631],[-95.80768212209982,46.79920075751646],[-95.8077264,46.7992875],[-95.8078128,46.7994401],[-95.8079088,46.7996096],[-95.8079594,46.7996972]]]},"properties":{"id":"alpr-branch-us-10-620","layer":"alpr_corridor","name":"US 10","county":"Becker County","state":"MN","countyFips":"27005","confidence":"probabilistic","sourceDate":null,"attributes":{"kind":"branch","road":"US 10","roadName":null,"roadClass":"trunk","readerCount":1,"siteCount":1,"operatorCount":0,"operators":null,"unattributedReaders":1,"siteLngs":"-95.807505","siteLats":"46.799244","siteReaders":"1"}}},{"type":"Feature","geometry":{"type":"MultiLineString","coordinates":[[[-93.6359922393468,45.06541010544454],[-93.6355684,45.0654193],[-93.6354104,45.0654178],[-93.6349298,45.0654189],[-93.6339552,45.0654199],[-93.6331753,45.0654199],[-93.63192007574901,45.06547161268498]]]},"properties":{"id":"alpr-branch-mn-55-622","layer":"alpr_corridor","name":"MN 55","county":"Hennepin County","state":"MN","countyFips":"27053","confidence":"probabilistic","sourceDate":null,"attributes":{"kind":"branch","road":"MN 55","roadName":null,"roadClass":"primary","readerCount":1,"siteCount":1,"operatorCount":0,"operators":null,"unattributedReaders":1,"siteLngs":"-93.633955","siteLats":"45.065409","siteReaders":"1"}}},{"type":"Feature","geometry":{"type":"MultiLineString","coordinates":[[[-92.8525041,44.7353166],[-92.85274816183106,44.73531734137212],[-92.8539031,44.7353087],[-92.8542526,44.735341],[-92.8545738,44.7353884],[-92.85475215606367,44.73543510654042]]]},"properties":{"id":"alpr-branch-mn-55-623","layer":"alpr_corridor","name":"MN 55 — West 11th Street","county":"Dakota County","state":"MN","countyFips":"27037","confidence":"probabilistic","sourceDate":null,"attributes":{"kind":"branch","road":"MN 55","roadName":"West 11th Street","roadClass":"trunk","readerCount":1,"siteCount":1,"operatorCount":0,"operators":null,"unattributedReaders":1,"siteLngs":"-92.852749","siteLats":"44.735368","siteReaders":"1"}}},{"type":"Feature","geometry":{"type":"MultiLineString","coordinates":[[[-92.96072414980522,44.741839166074115],[-92.95869857739605,44.74186176105992],[-92.957636,44.7418736],[-92.95667300286513,44.74188432495462]]]},"properties":{"id":"alpr-branch-mn-55-624","layer":"alpr_corridor","name":"MN 55 — Minnesota Highway 55","county":"Dakota County","state":"MN","countyFips":"27037","confidence":"probabilistic","sourceDate":null,"attributes":{"kind":"branch","road":"MN 55","roadName":"Minnesota Highway 55","roadClass":"trunk","readerCount":1,"siteCount":1,"operatorCount":0,"operators":null,"unattributedReaders":1,"siteLngs":"-92.958697","siteLats":"44.741776","siteReaders":"1"}}},{"type":"Feature","geometry":{"type":"MultiLineString","coordinates":[[[-93.4147455,44.9333255],[-93.4150436967923,44.9333288980914],[-93.4151342,44.9333284],[-93.4152546,44.9333184],[-93.4153708,44.9332982],[-93.4154762,44.9332681],[-93.4155672,44.9332337],[-93.4157121,44.9331793],[-93.4158462,44.9331384],[-93.4159967,44.9331092],[-93.4161444,44.9330955],[-93.4168183,44.9330934],[-93.4170137124028,44.933093253532235]]]},"properties":{"id":"alpr-branch-state-highway-7-service-road-625","layer":"alpr_corridor","name":"State Highway 7 Service Road","county":"Hennepin County","state":"MN","countyFips":"27053","confidence":"probabilistic","sourceDate":null,"attributes":{"kind":"branch","road":"State Highway 7 Service Road","roadName":null,"roadClass":"unclassified","readerCount":1,"siteCount":1,"operatorCount":0,"operators":null,"unattributedReaders":1,"siteLngs":"-93.415044","siteLats":"44.933394","siteReaders":"1"}}},{"type":"Feature","geometry":{"type":"MultiLineString","coordinates":[[[-93.24462126556841,45.03798946555189],[-93.2445562,45.0380366],[-93.2442163,45.038294],[-93.243634,45.038713],[-93.24321105016145,45.03902735803445],[-93.242302,45.039703],[-93.242167,45.039803],[-93.24178637863024,45.04005483490964]]]},"properties":{"id":"alpr-branch-reservoir-boulevard-northeast-627","layer":"alpr_corridor","name":"Reservoir Boulevard Northeast","county":"Anoka County","state":"MN","countyFips":"27003","confidence":"probabilistic","sourceDate":null,"attributes":{"kind":"branch","road":"Reservoir Boulevard Northeast","roadName":null,"roadClass":"tertiary","readerCount":1,"siteCount":1,"operatorCount":0,"operators":null,"unattributedReaders":1,"siteLngs":"-93.243132","siteLats":"45.038974","siteReaders":"1"}}},{"type":"Feature","geometry":{"type":"MultiLineString","coordinates":[[[-93.2478103,45.0644273],[-93.2478861,45.0644798],[-93.2479121,45.0644795],[-93.2481212,45.0644771],[-93.2484829591438,45.06447377108439],[-93.248544,45.0644738],[-93.2490952,45.064474],[-93.2494848,45.0644709],[-93.2495843,45.0644701],[-93.2497661,45.0644667]]]},"properties":{"id":"alpr-branch-53rd-avenue-northeast-628","layer":"alpr_corridor","name":"53rd Avenue Northeast","county":"Anoka County","state":"MN","countyFips":"27003","confidence":"probabilistic","sourceDate":null,"attributes":{"kind":"branch","road":"53rd Avenue Northeast","roadName":null,"roadClass":"tertiary","readerCount":1,"siteCount":1,"operatorCount":0,"operators":null,"unattributedReaders":1,"siteLngs":"-93.248483","siteLats":"45.064537","siteReaders":"1"}}},{"type":"Feature","geometry":{"type":"MultiLineString","coordinates":[[[-93.22984916402626,45.069394685696636],[-93.2292594,45.0694358],[-93.2287004,45.0694646],[-93.2282746,45.0695001],[-93.22782433219521,45.06954885428277],[-93.22738,45.0695939],[-93.2272942,45.0696019]]]},"properties":{"id":"alpr-branch-north-innsbruck-drive-629","layer":"alpr_corridor","name":"North Innsbruck Drive","county":"Anoka County","state":"MN","countyFips":"27003","confidence":"probabilistic","sourceDate":null,"attributes":{"kind":"branch","road":"North Innsbruck Drive","roadName":null,"roadClass":"tertiary","readerCount":1,"siteCount":1,"operatorCount":0,"operators":null,"unattributedReaders":1,"siteLngs":"-93.227839","siteLats":"45.069621","siteReaders":"1"}}},{"type":"Feature","geometry":{"type":"MultiLineString","coordinates":[[[-93.26294505526126,45.079607118904384],[-93.2629974,45.0796286],[-93.26308,45.0796801],[-93.263173,45.079743],[-93.2631823,45.0797565],[-93.2632142,45.0798028],[-93.2632541,45.0798803],[-93.2632694,45.0799867],[-93.2632712,45.0804976],[-93.26327223673474,45.08095820751016],[-93.2632723,45.0809941],[-93.2632733,45.0815184],[-93.2632735,45.081646],[-93.2632742,45.0819865],[-93.2632744,45.0820827],[-93.2632749,45.082382],[-93.26327492757652,45.08239711882755]]]},"properties":{"id":"alpr-branch-university-service-road-630","layer":"alpr_corridor","name":"University Service Road","county":"Anoka County","state":"MN","countyFips":"27003","confidence":"probabilistic","sourceDate":null,"attributes":{"kind":"branch","road":"University Service Road","roadName":null,"roadClass":"unclassified","readerCount":1,"siteCount":1,"operatorCount":0,"operators":null,"unattributedReaders":1,"siteLngs":"-93.263168","siteLats":"45.080958","siteReaders":"1"}}},{"type":"Feature","geometry":{"type":"MultiLineString","coordinates":[[[-93.2765666,45.0860709],[-93.2765207,45.0860946],[-93.2764541,45.0861108],[-93.276237,45.08615],[-93.27605898551822,45.08618210242967],[-93.2759134,45.0862084],[-93.275328,45.0863141]]]},"properties":{"id":"alpr-branch-mississippi-way-northeast-631","layer":"alpr_corridor","name":"Mississippi Way Northeast","county":"Anoka County","state":"MN","countyFips":"27003","confidence":"probabilistic","sourceDate":null,"attributes":{"kind":"branch","road":"Mississippi Way Northeast","roadName":null,"roadClass":"residential","readerCount":1,"siteCount":1,"operatorCount":0,"operators":null,"unattributedReaders":1,"siteLngs":"-93.276087","siteLats":"45.086261","siteReaders":"1"}}},{"type":"Feature","geometry":{"type":"MultiLineString","coordinates":[[[-93.2420051,44.1096439],[-93.24176688105348,44.10970752200007],[-93.2417554,44.1097104],[-93.2416025,44.1097268],[-93.2410848,44.1097427],[-93.2410406,44.1097713]]]},"properties":{"id":"alpr-branch-cr-34-634","layer":"alpr_corridor","name":"CR 34 — Northeast 26th Street","county":"Steele County","state":"MN","countyFips":"27147","confidence":"probabilistic","sourceDate":null,"attributes":{"kind":"branch","road":"CR 34","roadName":"Northeast 26th Street","roadClass":"secondary","readerCount":1,"siteCount":1,"operatorCount":0,"operators":null,"unattributedReaders":1,"siteLngs":"-93.241734","siteLats":"44.109639","siteReaders":"1"}}},{"type":"Feature","geometry":{"type":"MultiLineString","coordinates":[[[-93.26879544159057,45.11873915815868],[-93.268747,45.118764],[-93.2686299,45.1187818],[-93.2684942,45.1187782],[-93.267527,45.1187732],[-93.2667705528257,45.11876902286302],[-93.266754,45.118769],[-93.2664683,45.1187686],[-93.2657861,45.1187676],[-93.2652488,45.1187526]]]},"properties":{"id":"alpr-branch-83rd-avenue-northeast-635","layer":"alpr_corridor","name":"83rd Avenue Northeast","county":"Anoka County","state":"MN","countyFips":"27003","confidence":"probabilistic","sourceDate":null,"attributes":{"kind":"branch","road":"83rd Avenue Northeast","roadName":null,"roadClass":"tertiary","readerCount":1,"siteCount":1,"operatorCount":0,"operators":null,"unattributedReaders":1,"siteLngs":"-93.266770","siteLats":"45.118861","siteReaders":"1"}}},{"type":"Feature","geometry":{"type":"MultiLineString","coordinates":[[[-93.26762456239248,45.12463838906901],[-93.2685829,45.1246336],[-93.26966354005069,45.124613676808785],[-93.2697701,45.1246102],[-93.2700535,45.1246044],[-93.2707562,45.1245915]]]},"properties":{"id":"alpr-branch-cr-132-636","layer":"alpr_corridor","name":"CR 132 — 85th Avenue Northwest","county":"Anoka County","state":"MN","countyFips":"27003","confidence":"probabilistic","sourceDate":null,"attributes":{"kind":"branch","road":"CR 132","roadName":"85th Avenue Northwest","roadClass":"tertiary","readerCount":1,"siteCount":1,"operatorCount":0,"operators":null,"unattributedReaders":1,"siteLngs":"-93.269671","siteLats":"45.124724","siteReaders":"1"}}},{"type":"Feature","geometry":{"type":"MultiLineString","coordinates":[[[-93.15752410606251,45.164414011142256],[-93.1575179,45.1644527],[-93.1575032,45.1645312],[-93.1574965,45.1646163],[-93.15747357999578,45.16585175908367],[-93.1574723,45.165936]]]},"properties":{"id":"alpr-branch-pheasant-ridge-drive-northeast-637","layer":"alpr_corridor","name":"Pheasant Ridge Drive Northeast","county":"Anoka County","state":"MN","countyFips":"27003","confidence":"probabilistic","sourceDate":null,"attributes":{"kind":"branch","road":"Pheasant Ridge Drive Northeast","roadName":null,"roadClass":"unclassified","readerCount":1,"siteCount":1,"operatorCount":0,"operators":null,"unattributedReaders":1,"siteLngs":"-93.157244","siteLats":"45.165850","siteReaders":"1"}}},{"type":"Feature","geometry":{"type":"MultiLineString","coordinates":[[[-93.15808032406895,45.163783690066346],[-93.157841,45.163926],[-93.1577033,45.1640628],[-93.157598,45.1642129],[-93.1575367,45.1643355],[-93.1575179,45.1644527],[-93.1575032,45.1645312],[-93.1574965,45.1646163],[-93.15748520254127,45.165086839466674],[-93.1574723,45.165936]]]},"properties":{"id":"alpr-branch-pheasant-ridge-drive-northeast-638","layer":"alpr_corridor","name":"Pheasant Ridge Drive Northeast","county":"Anoka County","state":"MN","countyFips":"27003","confidence":"probabilistic","sourceDate":null,"attributes":{"kind":"branch","road":"Pheasant Ridge Drive Northeast","roadName":null,"roadClass":"unclassified","readerCount":1,"siteCount":1,"operatorCount":0,"operators":null,"unattributedReaders":1,"siteLngs":"-93.156944","siteLats":"45.165083","siteReaders":"1"}}},{"type":"Feature","geometry":{"type":"MultiLineString","coordinates":[[[-93.2667953,44.9745779],[-93.26696850553842,44.97437140813934],[-93.2672044,44.9740903],[-93.2675347,44.9736966],[-93.2675933,44.9736268]]]},"properties":{"id":"alpr-branch-4th-avenue-south-639","layer":"alpr_corridor","name":"4th Avenue South","county":"Hennepin County","state":"MN","countyFips":"27053","confidence":"probabilistic","sourceDate":null,"attributes":{"kind":"branch","road":"4th Avenue South","roadName":null,"roadClass":"secondary","readerCount":1,"siteCount":1,"operatorCount":0,"operators":null,"unattributedReaders":1,"siteLngs":"-93.266780","siteLats":"44.974291","siteReaders":"1"}}},{"type":"Feature","geometry":{"type":"MultiLineString","coordinates":[[[-93.1947204,44.0657077],[-93.1947178,44.0657609],[-93.1947717,44.065813],[-93.1948374,44.0658688],[-93.1949325,44.0659616],[-93.1950923,44.066124],[-93.1950923,44.066124],[-93.1951283,44.0661841],[-93.1951611,44.0662591]]]},"properties":{"id":"alpr-branch-cr-48-640","layer":"alpr_corridor","name":"CR 48 — Bixby Road","county":"Steele County","state":"MN","countyFips":"27147","confidence":"probabilistic","sourceDate":null,"attributes":{"kind":"branch","road":"CR 48","roadName":"Bixby Road","roadClass":"secondary","readerCount":1,"siteCount":1,"operatorCount":0,"operators":null,"unattributedReaders":1,"siteLngs":"-93.195147","siteLats":"44.066106","siteReaders":"1"}}},{"type":"Feature","geometry":{"type":"MultiLineString","coordinates":[[[-93.18233108896614,45.01056298749835],[-93.1823728,45.0105637],[-93.1826601,45.0105869],[-93.1829277,45.0106147],[-93.183242,45.0106689],[-93.1833747,45.0106981],[-93.1835326,45.0107328],[-93.1838151,45.0108138],[-93.18426178010678,45.01097459175569],[-93.184349,45.0110097],[-93.1843769,45.0110209],[-93.1845622,45.0111121],[-93.1847714,45.0112188],[-93.1849936,45.0113483],[-93.1852336,45.0115172],[-93.1854371,45.011678],[-93.1856284,45.0118581],[-93.18572056222477,45.01195803813635]]]},"properties":{"id":"alpr-branch-cleveland-avenue-north-641","layer":"alpr_corridor","name":"Cleveland Avenue North","county":"Ramsey County","state":"MN","countyFips":"27123","confidence":"probabilistic","sourceDate":null,"attributes":{"kind":"branch","road":"Cleveland Avenue North","roadName":null,"roadClass":"tertiary","readerCount":1,"siteCount":1,"operatorCount":0,"operators":null,"unattributedReaders":1,"siteLngs":"-93.184175","siteLats":"45.011083","siteReaders":"1"}}},{"type":"Feature","geometry":{"type":"MultiLineString","coordinates":[[[-93.24852051022619,45.122619194675266],[-93.248517,45.122724],[-93.2485046,45.1232017],[-93.2485089,45.1234718],[-93.248511,45.123607],[-93.248496,45.123906],[-93.2484945234852,45.12405778188845],[-93.248494,45.124112]]]},"properties":{"id":"alpr-branch-able-street-northeast-642","layer":"alpr_corridor","name":"Able Street Northeast","county":"Anoka County","state":"MN","countyFips":"27003","confidence":"probabilistic","sourceDate":null,"attributes":{"kind":"branch","road":"Able Street Northeast","roadName":null,"roadClass":"tertiary","readerCount":1,"siteCount":1,"operatorCount":0,"operators":null,"unattributedReaders":1,"siteLngs":"-93.248621","siteLats":"45.124058","siteReaders":"1"}}},{"type":"Feature","geometry":{"type":"MultiLineString","coordinates":[[[-93.248441,45.107825],[-93.24843168902646,45.108000337839535],[-93.248384,45.108855],[-93.24838591605581,45.1094385863831]]]},"properties":{"id":"alpr-branch-able-street-northeast-643","layer":"alpr_corridor","name":"Able Street Northeast","county":"Anoka County","state":"MN","countyFips":"27003","confidence":"probabilistic","sourceDate":null,"attributes":{"kind":"branch","road":"Able Street Northeast","roadName":null,"roadClass":"tertiary","readerCount":1,"siteCount":1,"operatorCount":0,"operators":null,"unattributedReaders":1,"siteLngs":"-93.248349","siteLats":"45.107998","siteReaders":"1"}}},{"type":"Feature","geometry":{"type":"MultiLineString","coordinates":[[[-93.3510936,44.9699567],[-93.3509244547224,44.96976650772871],[-93.3509148,44.9697565]]]},"properties":{"id":"alpr-branch-park-place-boulevard-644","layer":"alpr_corridor","name":"Park Place Boulevard","county":"Hennepin County","state":"MN","countyFips":"27053","confidence":"probabilistic","sourceDate":null,"attributes":{"kind":"branch","road":"Park Place Boulevard","roadName":null,"roadClass":"tertiary","readerCount":1,"siteCount":1,"operatorCount":0,"operators":null,"unattributedReaders":1,"siteLngs":"-93.350978","siteLats":"44.969740","siteReaders":"1"}}},{"type":"Feature","geometry":{"type":"MultiLineString","coordinates":[[[-93.3492031,44.9632765],[-93.3492096,44.9633634],[-93.34922996281128,44.96378117857725],[-93.349235,44.9642466]]]},"properties":{"id":"alpr-branch-park-place-boulevard-645","layer":"alpr_corridor","name":"Park Place Boulevard","county":"Hennepin County","state":"MN","countyFips":"27053","confidence":"probabilistic","sourceDate":null,"attributes":{"kind":"branch","road":"Park Place Boulevard","roadName":null,"roadClass":"tertiary","readerCount":1,"siteCount":1,"operatorCount":0,"operators":null,"unattributedReaders":1,"siteLngs":"-93.349299","siteLats":"44.963781","siteReaders":"1"}}},{"type":"Feature","geometry":{"type":"MultiLineString","coordinates":[[[-92.89094835020768,44.73602553497434],[-92.890789,44.736119],[-92.890701,44.736177],[-92.8905853,44.7362682],[-92.890489,44.736348],[-92.890418,44.73642],[-92.890332,44.736514],[-92.890275,44.736591],[-92.890222,44.736672],[-92.890161,44.736775],[-92.89009,44.736942],[-92.890056,44.737054],[-92.890038,44.73714],[-92.8900314,44.7371869],[-92.8900244273794,44.737254505357974],[-92.8900239,44.7372644],[-92.89002,44.737338],[-92.890019,44.73748],[-92.8900595,44.7382723],[-92.8900648,44.7384182],[-92.89006932988427,44.73869276741426]]]},"properties":{"id":"alpr-branch-general-sieben-drive-646","layer":"alpr_corridor","name":"General Sieben Drive","county":"Dakota County","state":"MN","countyFips":"27037","confidence":"probabilistic","sourceDate":null,"attributes":{"kind":"branch","road":"General Sieben Drive","roadName":null,"roadClass":"tertiary","readerCount":1,"siteCount":1,"operatorCount":0,"operators":null,"unattributedReaders":1,"siteLngs":"-92.889525","siteLats":"44.737241","siteReaders":"1"}}},{"type":"Feature","geometry":{"type":"MultiLineString","coordinates":[[[-92.88863538942732,44.736090643994174],[-92.8884925,44.7360911],[-92.8882886,44.7361102],[-92.8881034,44.7361458],[-92.887956,44.7361959],[-92.8878192,44.7362569],[-92.8877227,44.7363197],[-92.8876315,44.7363902],[-92.8873418,44.7366637],[-92.8872077,44.7367903],[-92.88707315435583,44.73688535034032],[-92.8869636,44.7369466],[-92.8868456,44.7369942],[-92.8867007,44.737038],[-92.8865559,44.7370666],[-92.8863896,44.7370819],[-92.886118,44.7370821],[-92.8855446,44.7370826],[-92.885376,44.7370827],[-92.885187,44.7370815],[-92.8851145282805,44.73708102077613]]]},"properties":{"id":"alpr-branch-south-frontage-road-647","layer":"alpr_corridor","name":"South Frontage Road","county":"Dakota County","state":"MN","countyFips":"27037","confidence":"probabilistic","sourceDate":null,"attributes":{"kind":"branch","road":"South Frontage Road","roadName":null,"roadClass":"residential","readerCount":1,"siteCount":1,"operatorCount":0,"operators":null,"unattributedReaders":1,"siteLngs":"-92.887525","siteLats":"44.737298","siteReaders":"1"}}},{"type":"Feature","geometry":{"type":"MultiLineString","coordinates":[[[-93.5526128,45.1900634],[-93.5526084964608,45.18983737573769],[-93.5526067,45.189742],[-93.5526054,45.1896733],[-93.5526044,45.1893893],[-93.5526039,45.1891818],[-93.5525993,45.1888744],[-93.5525943,45.1888441],[-93.5525881,45.1887926],[-93.55258726541736,45.18839888563769]]]},"properties":{"id":"alpr-branch-cr-150-648","layer":"alpr_corridor","name":"CR 150 — Main Street","county":"Hennepin County","state":"MN","countyFips":"27053","confidence":"probabilistic","sourceDate":null,"attributes":{"kind":"branch","road":"CR 150","roadName":"Main Street","roadClass":"secondary","readerCount":1,"siteCount":1,"operatorCount":0,"operators":null,"unattributedReaders":1,"siteLngs":"-93.552711","siteLats":"45.189836","siteReaders":"1"}}},{"type":"Feature","geometry":{"type":"MultiLineString","coordinates":[[[-93.56699533995017,45.30470932153922],[-93.5669943,45.3047268],[-93.566981,45.30495],[-93.5669808,45.3049856],[-93.566979,45.305326],[-93.56698097829546,45.30614801907849],[-93.5669811,45.3061943],[-93.5669819,45.3064938],[-93.566983,45.306897],[-93.5669832,45.3069817],[-93.56698461302615,45.30758692937788]]]},"properties":{"id":"alpr-branch-jackson-avenue-northwest-649","layer":"alpr_corridor","name":"Jackson Avenue Northwest","county":"Sherburne County","state":"MN","countyFips":"27141","confidence":"probabilistic","sourceDate":null,"attributes":{"kind":"branch","road":"Jackson Avenue Northwest","roadName":null,"roadClass":"tertiary","readerCount":1,"siteCount":1,"operatorCount":0,"operators":null,"unattributedReaders":1,"siteLngs":"-93.566920","siteLats":"45.306148","siteReaders":"1"}}},{"type":"Feature","geometry":{"type":"MultiLineString","coordinates":[[[-93.5774113,45.3104344],[-93.57738187965873,45.31144498614139],[-93.577379,45.311544],[-93.577381,45.311694],[-93.5773797504383,45.312883871097114]]]},"properties":{"id":"alpr-branch-proctor-avenue-northwest-650","layer":"alpr_corridor","name":"Proctor Avenue Northwest","county":"Sherburne County","state":"MN","countyFips":"27141","confidence":"probabilistic","sourceDate":null,"attributes":{"kind":"branch","road":"Proctor Avenue Northwest","roadName":null,"roadClass":"tertiary","readerCount":1,"siteCount":1,"operatorCount":1,"operators":"Elk River PD","unattributedReaders":0,"siteLngs":"-93.577253","siteLats":"45.311443","siteReaders":"1"}}},{"type":"Feature","geometry":{"type":"MultiLineString","coordinates":[[[-93.5774265,45.3077761],[-93.5773717,45.3078746],[-93.5773809,45.3081306],[-93.5773920812287,45.308474269233486],[-93.5773944,45.3086087],[-93.5773839,45.3092548],[-93.5773703,45.3097703],[-93.5773718,45.3098295],[-93.57737724887524,45.30991294366164]]]},"properties":{"id":"alpr-branch-proctor-avenue-northwest-651","layer":"alpr_corridor","name":"Proctor Avenue Northwest","county":"Sherburne County","state":"MN","countyFips":"27141","confidence":"probabilistic","sourceDate":null,"attributes":{"kind":"branch","road":"Proctor Avenue Northwest","roadName":null,"roadClass":"tertiary","readerCount":1,"siteCount":1,"operatorCount":1,"operators":"Elk River PD","unattributedReaders":0,"siteLngs":"-93.577331","siteLats":"45.308475","siteReaders":"1"}}},{"type":"Feature","geometry":{"type":"MultiLineString","coordinates":[[[-93.559154,45.3118483],[-93.5595378804713,45.311839716455744],[-93.5599833,45.3118155],[-93.5605525,45.3118007],[-93.5606553,45.3117993],[-93.5608012,45.3117973],[-93.5614954,45.3117875],[-93.5615820536307,45.31178629981121]]]},"properties":{"id":"alpr-branch-school-street-northwest-652","layer":"alpr_corridor","name":"School Street Northwest","county":"Sherburne County","state":"MN","countyFips":"27141","confidence":"probabilistic","sourceDate":null,"attributes":{"kind":"branch","road":"School Street Northwest","roadName":null,"roadClass":"tertiary","readerCount":1,"siteCount":1,"operatorCount":0,"operators":null,"unattributedReaders":1,"siteLngs":"-93.559545","siteLats":"45.311907","siteReaders":"1"}}},{"type":"Feature","geometry":{"type":"MultiLineString","coordinates":[[[-95.25566623159803,46.9204327140177],[-95.2557213,46.9204325],[-95.2577725470692,46.92040499101545],[-95.2582057,46.9203978],[-95.259066,46.9203773],[-95.2595863,46.9203585],[-95.25987747290668,46.92034800097692]]]},"properties":{"id":"alpr-branch-mn-34-653","layer":"alpr_corridor","name":"MN 34","county":"Becker County","state":"MN","countyFips":"27005","confidence":"probabilistic","sourceDate":null,"attributes":{"kind":"branch","road":"MN 34","roadName":null,"roadClass":"primary","readerCount":1,"siteCount":1,"operatorCount":0,"operators":null,"unattributedReaders":1,"siteLngs":"-95.257775","siteLats":"46.920478","siteReaders":"1"}}},{"type":"Feature","geometry":{"type":"MultiLineString","coordinates":[[[-93.25917787400067,45.125153727843234],[-93.259181,45.125151],[-93.259501,45.125065],[-93.259697,45.125063],[-93.2600045,45.1250638],[-93.260229,45.1250643],[-93.2605939,45.1250677],[-93.26119292944229,45.12506671142658],[-93.2615471,45.1250676],[-93.2618093,45.1250682],[-93.2620387,45.1250687],[-93.2623151,45.1250694],[-93.2624374,45.1250697],[-93.2625915,45.1250852],[-93.262759,45.125102],[-93.2629982,45.1251503]]]},"properties":{"id":"alpr-branch-northtown-drive-654","layer":"alpr_corridor","name":"Northtown Drive","county":"Anoka County","state":"MN","countyFips":"27003","confidence":"probabilistic","sourceDate":null,"attributes":{"kind":"branch","road":"Northtown Drive","roadName":null,"roadClass":"residential","readerCount":1,"siteCount":1,"operatorCount":0,"operators":null,"unattributedReaders":1,"siteLngs":"-93.261193","siteLats":"45.125012","siteReaders":"1"}}},{"type":"Feature","geometry":{"type":"MultiLineString","coordinates":[[[-93.26382412316659,45.13001316428478],[-93.263459,45.129988],[-93.262841,45.129849],[-93.2624343,45.1296676],[-93.2622546,45.1295874],[-93.26197499947473,45.129463407233565],[-93.2619081,45.129434],[-93.2617274,45.1293522]]]},"properties":{"id":"alpr-branch-northtown-drive-655","layer":"alpr_corridor","name":"Northtown Drive","county":"Anoka County","state":"MN","countyFips":"27003","confidence":"probabilistic","sourceDate":null,"attributes":{"kind":"branch","road":"Northtown Drive","roadName":null,"roadClass":"residential","readerCount":1,"siteCount":1,"operatorCount":0,"operators":null,"unattributedReaders":1,"siteLngs":"-93.262045","siteLats":"45.129383","siteReaders":"1"}}},{"type":"Feature","geometry":{"type":"MultiLineString","coordinates":[[[-93.2646726448511,45.129609239712714],[-93.2646648,45.1296172],[-93.2644378,45.1298476],[-93.2642812,45.1299368],[-93.26401,45.130026],[-93.2638377,45.1300141],[-93.26290726451086,45.12986390415374],[-93.262841,45.129849],[-93.2624343,45.1296676],[-93.2622546,45.1295874],[-93.2620769,45.1295082],[-93.2619081,45.129434],[-93.2617274,45.1293522]]]},"properties":{"id":"alpr-branch-northtown-drive-656","layer":"alpr_corridor","name":"Northtown Drive","county":"Anoka County","state":"MN","countyFips":"27003","confidence":"probabilistic","sourceDate":null,"attributes":{"kind":"branch","road":"Northtown Drive","roadName":null,"roadClass":"residential","readerCount":1,"siteCount":1,"operatorCount":1,"operators":"The Home Depot","unattributedReaders":0,"siteLngs":"-93.262939","siteLats":"45.129793","siteReaders":"1"}}},{"type":"Feature","geometry":{"type":"MultiLineString","coordinates":[[[-92.18480797636045,44.164974564886336],[-92.18681354289434,44.16500118585688],[-92.188102,44.165023],[-92.18881882839591,44.16503703580076]]]},"properties":{"id":"alpr-branch-mn-247-657","layer":"alpr_corridor","name":"MN 247 — West Broadway","county":"Wabasha County","state":"MN","countyFips":"27157","confidence":"probabilistic","sourceDate":null,"attributes":{"kind":"branch","road":"MN 247","roadName":"West Broadway","roadClass":"primary","readerCount":1,"siteCount":1,"operatorCount":1,"operators":"Plainview Police Department","unattributedReaders":0,"siteLngs":"-92.186815","siteLats":"44.164956","siteReaders":"1"}}},{"type":"Feature","geometry":{"type":"MultiLineString","coordinates":[[[-92.9844577,44.9278394],[-92.9843484,44.9277912],[-92.98425125469443,44.927748790717544],[-92.9838929,44.9275916],[-92.9834632,44.9274042],[-92.9833028,44.9273367],[-92.9831293,44.9272686],[-92.9830455,44.9272382],[-92.9829573,44.9272077],[-92.9828678,44.9271797],[-92.9827747,44.9271516],[-92.9826861,44.927127],[-92.9825924,44.9271023],[-92.9825041,44.9270809],[-92.9824648371626,44.92707185893582]]]},"properties":{"id":"alpr-branch-ch-16-658","layer":"alpr_corridor","name":"CH 16 — Valley Creek Road","county":"Ramsey County","state":"MN","countyFips":"27123","confidence":"probabilistic","sourceDate":null,"attributes":{"kind":"branch","road":"CH 16","roadName":"Valley Creek Road","roadClass":"secondary","readerCount":1,"siteCount":1,"operatorCount":0,"operators":null,"unattributedReaders":1,"siteLngs":"-92.984304","siteLats":"44.927688","siteReaders":"1"}}},{"type":"Feature","geometry":{"type":"MultiLineString","coordinates":[[[-95.8411735,46.8158067],[-95.84066604017346,46.815803391592254],[-95.8404057,46.8158017],[-95.8403809,46.8158015],[-95.8402677,46.8158008],[-95.8402049,46.8158004],[-95.839685,46.8157942],[-95.8389449,46.8157853],[-95.8387317,46.8157827],[-95.83856485017516,46.81576914563792]]]},"properties":{"id":"alpr-branch-east-shore-drive-660","layer":"alpr_corridor","name":"East Shore Drive","county":"Becker County","state":"MN","countyFips":"27005","confidence":"probabilistic","sourceDate":null,"attributes":{"kind":"branch","road":"East Shore Drive","roadName":null,"roadClass":"tertiary","readerCount":1,"siteCount":1,"operatorCount":0,"operators":null,"unattributedReaders":1,"siteLngs":"-95.840665","siteLats":"46.815909","siteReaders":"1"}}},{"type":"Feature","geometry":{"type":"MultiLineString","coordinates":[[[-92.1836667534409,44.157999949597375],[-92.18166130340732,44.15797851039773],[-92.180491,44.157954],[-92.17965624337884,44.15794416362874]]]},"properties":{"id":"alpr-branch-mn-42-661","layer":"alpr_corridor","name":"MN 42 — State Highway 42","county":"Wabasha County","state":"MN","countyFips":"27157","confidence":"probabilistic","sourceDate":null,"attributes":{"kind":"branch","road":"MN 42","roadName":"State Highway 42","roadClass":"primary","readerCount":1,"siteCount":1,"operatorCount":1,"operators":"Plainview Police Department","unattributedReaders":0,"siteLngs":"-92.181666","siteLats":"44.157869","siteReaders":"1"}}},{"type":"Feature","geometry":{"type":"MultiLineString","coordinates":[[[-95.38468569776317,45.84563994663131],[-95.3849737,45.8456387],[-95.3852886,45.8456393],[-95.385392,45.8456384],[-95.3857088,45.8456369],[-95.3858221,45.8456372],[-95.3860784,45.8456361],[-95.3861802,45.8456381],[-95.3862563,45.8456457],[-95.3863662,45.8456584],[-95.3864828,45.8456814],[-95.38673012447657,45.845740787189285],[-95.3867592,45.8457486],[-95.3870257,45.8458277]]]},"properties":{"id":"alpr-branch-cr-106-662","layer":"alpr_corridor","name":"CR 106 — 50th Avenue West","county":"Douglas County","state":"MN","countyFips":"27041","confidence":"probabilistic","sourceDate":null,"attributes":{"kind":"branch","road":"CR 106","roadName":"50th Avenue West","roadClass":"tertiary","readerCount":1,"siteCount":1,"operatorCount":0,"operators":null,"unattributedReaders":1,"siteLngs":"-95.386785","siteLats":"45.845640","siteReaders":"1"}}},{"type":"Feature","geometry":{"type":"MultiLineString","coordinates":[[[-93.1631828,45.0209145],[-93.16315775968341,45.02119205841782],[-93.163139,45.021331],[-93.163138,45.021364],[-93.1631439,45.021407],[-93.16315,45.021451],[-93.163183,45.02154],[-93.163233,45.021616],[-93.163302,45.02169],[-93.163395,45.021759],[-93.163496,45.021812]]]},"properties":{"id":"alpr-branch-east-snelling-drive-north-663","layer":"alpr_corridor","name":"East Snelling Drive North","county":"Ramsey County","state":"MN","countyFips":"27123","confidence":"probabilistic","sourceDate":null,"attributes":{"kind":"branch","road":"East Snelling Drive North","roadName":null,"roadClass":"tertiary","readerCount":1,"siteCount":1,"operatorCount":0,"operators":null,"unattributedReaders":1,"siteLngs":"-93.163052","siteLats":"45.021185","siteReaders":"1"}}},{"type":"Feature","geometry":{"type":"MultiLineString","coordinates":[[[-93.18217277197668,45.017659389883526],[-93.182175,45.017875]]]},"properties":{"id":"alpr-branch-prior-avenue-664","layer":"alpr_corridor","name":"Prior Avenue","county":"Ramsey County","state":"MN","countyFips":"27123","confidence":"probabilistic","sourceDate":null,"attributes":{"kind":"branch","road":"Prior Avenue","roadName":null,"roadClass":"tertiary","readerCount":1,"siteCount":1,"operatorCount":0,"operators":null,"unattributedReaders":1,"siteLngs":"-93.182324","siteLats":"45.017659","siteReaders":"1"}}},{"type":"Feature","geometry":{"type":"MultiLineString","coordinates":[[[-93.20279168965442,45.035747046147094],[-93.2028251,45.0357471],[-93.2032142,45.0357458],[-93.203631,45.0357493],[-93.2037684,45.0357474],[-93.2048278297851,45.035746967791376]]]},"properties":{"id":"alpr-branch-ch-19-665","layer":"alpr_corridor","name":"CH 19 — County Road D West","county":"Ramsey County","state":"MN","countyFips":"27123","confidence":"probabilistic","sourceDate":null,"attributes":{"kind":"branch","road":"CH 19","roadName":"County Road D West","roadClass":"secondary","readerCount":1,"siteCount":1,"operatorCount":0,"operators":null,"unattributedReaders":1,"siteLngs":"-93.202791","siteLats":"45.035869","siteReaders":"1"}}},{"type":"Feature","geometry":{"type":"MultiLineString","coordinates":[[[-93.1993926073487,45.03579341490541],[-93.1994374,45.0357952],[-93.20051,45.0357877],[-93.20142850751944,45.03577491925551],[-93.2023663,45.0357769],[-93.2025149,45.0357466]]]},"properties":{"id":"alpr-branch-ch-19-666","layer":"alpr_corridor","name":"CH 19 — County Road D  West","county":"Ramsey County","state":"MN","countyFips":"27123","confidence":"probabilistic","sourceDate":null,"attributes":{"kind":"branch","road":"CH 19","roadName":"County Road D  West","roadClass":"secondary","readerCount":1,"siteCount":1,"operatorCount":0,"operators":null,"unattributedReaders":1,"siteLngs":"-93.201428","siteLats":"45.035921","siteReaders":"1"}}},{"type":"Feature","geometry":{"type":"MultiLineString","coordinates":[[[-92.9036674,44.84781],[-92.90358682978945,44.84765620803888],[-92.9035868,44.8476554],[-92.9035774,44.8473904],[-92.903624,44.8467852],[-92.9036468,44.8463307],[-92.9036501,44.8462561],[-92.90365177138462,44.84621862347466]]]},"properties":{"id":"alpr-branch-ch-19-667","layer":"alpr_corridor","name":"CH 19 — Keats Avenue South","county":"Washington County","state":"MN","countyFips":"27163","confidence":"probabilistic","sourceDate":null,"attributes":{"kind":"branch","road":"CH 19","roadName":"Keats Avenue South","roadClass":"secondary","readerCount":1,"siteCount":1,"operatorCount":0,"operators":null,"unattributedReaders":1,"siteLngs":"-92.903640","siteLats":"44.847655","siteReaders":"1"}}},{"type":"Feature","geometry":{"type":"MultiLineString","coordinates":[[[-93.19830432027751,45.03708032384379],[-93.1984935,45.0367072],[-93.1987565,45.0363436],[-93.1990705,45.0360188],[-93.1992169,45.035875],[-93.19926884994088,45.03582292782397]]]},"properties":{"id":"alpr-branch-ch-77-668","layer":"alpr_corridor","name":"CH 77 — Old Highway 8 Southwest","county":"Ramsey County","state":"MN","countyFips":"27123","confidence":"probabilistic","sourceDate":null,"attributes":{"kind":"branch","road":"CH 77","roadName":"Old Highway 8 Southwest","roadClass":"tertiary","readerCount":1,"siteCount":1,"operatorCount":0,"operators":null,"unattributedReaders":1,"siteLngs":"-93.198627","siteLats":"45.037163","siteReaders":"1"}}},{"type":"Feature","geometry":{"type":"MultiLineString","coordinates":[[[-93.19801584565258,45.038471700153465],[-93.198019,45.0386099],[-93.1980132,45.0389605],[-93.1980161,45.0393334],[-93.1980174,45.0394685],[-93.19800688578191,45.03991049961792]]]},"properties":{"id":"alpr-branch-ch-77-669","layer":"alpr_corridor","name":"CH 77 — Old Highway 8 Southwest","county":"Ramsey County","state":"MN","countyFips":"27123","confidence":"probabilistic","sourceDate":null,"attributes":{"kind":"branch","road":"CH 77","roadName":"Old Highway 8 Southwest","roadClass":"tertiary","readerCount":1,"siteCount":1,"operatorCount":0,"operators":null,"unattributedReaders":1,"siteLngs":"-93.198250","siteLats":"45.038469","siteReaders":"1"}}},{"type":"Feature","geometry":{"type":"MultiLineString","coordinates":[[[-93.1931772,45.0672223],[-93.19318165384487,45.066993491618405],[-93.1931832,45.0669518]]]},"properties":{"id":"alpr-branch-ch-77-670","layer":"alpr_corridor","name":"CH 77 — Old Highway 8","county":"Ramsey County","state":"MN","countyFips":"27123","confidence":"probabilistic","sourceDate":null,"attributes":{"kind":"branch","road":"CH 77","roadName":"Old Highway 8","roadClass":"tertiary","readerCount":1,"siteCount":1,"operatorCount":0,"operators":null,"unattributedReaders":1,"siteLngs":"-93.193070","siteLats":"45.066991","siteReaders":"1"}}},{"type":"Feature","geometry":{"type":"MultiLineString","coordinates":[[[-93.00674939193894,45.27735892246487],[-93.0067299,45.2774185],[-93.0067238,45.2774432],[-93.0067133,45.2774855],[-93.0066972,45.2775591],[-93.0066838,45.2776365],[-93.0066738,45.2777151],[-93.0066704,45.2777422],[-93.0066623,45.2778479],[-93.0066598,45.2779998],[-93.0066618,45.2783969],[-93.00666387780296,45.27879323816956],[-93.0066647,45.2789511],[-93.006666,45.2791972],[-93.0066665,45.2793018]]]},"properties":{"id":"alpr-branch-19th-street-southwest-671","layer":"alpr_corridor","name":"19th Street Southwest","county":"Washington County","state":"MN","countyFips":"27163","confidence":"probabilistic","sourceDate":null,"attributes":{"kind":"branch","road":"19th Street Southwest","roadName":null,"roadClass":"residential","readerCount":1,"siteCount":1,"operatorCount":0,"operators":null,"unattributedReaders":1,"siteLngs":"-93.006755","siteLats":"45.278793","siteReaders":"1"}}},{"type":"Feature","geometry":{"type":"MultiLineString","coordinates":[[[-93.42055302398697,44.8576827512636],[-93.4205927,44.8575519],[-93.4206833,44.8572099],[-93.4207189,44.8570615],[-93.4207348,44.8569179],[-93.420737,44.8568114],[-93.4207249,44.856705],[-93.42062795724297,44.85626102049105],[-93.4206206,44.8562294],[-93.4205675,44.8560004],[-93.42054,44.8558894],[-93.4204543,44.8554791],[-93.4204343,44.8553041],[-93.420427,44.8551269],[-93.4204282,44.8550652]]]},"properties":{"id":"alpr-branch-prairie-center-drive-672","layer":"alpr_corridor","name":"Prairie Center Drive","county":"Hennepin County","state":"MN","countyFips":"27053","confidence":"probabilistic","sourceDate":null,"attributes":{"kind":"branch","road":"Prairie Center Drive","roadName":null,"roadClass":"secondary","readerCount":1,"siteCount":1,"operatorCount":0,"operators":null,"unattributedReaders":1,"siteLngs":"-93.420783","siteLats":"44.856243","siteReaders":"1"}}},{"type":"Feature","geometry":{"type":"MultiLineString","coordinates":[[[-93.4205479,44.8543141],[-93.4205709,44.8542515],[-93.4206142,44.8541565],[-93.42088886562154,44.8536338381111],[-93.4209232,44.853577],[-93.4214016,44.8529564],[-93.4215215,44.8528063]]]},"properties":{"id":"alpr-branch-prairie-center-drive-673","layer":"alpr_corridor","name":"Prairie Center Drive","county":"Hennepin County","state":"MN","countyFips":"27053","confidence":"probabilistic","sourceDate":null,"attributes":{"kind":"branch","road":"Prairie Center Drive","roadName":null,"roadClass":"secondary","readerCount":1,"siteCount":1,"operatorCount":0,"operators":null,"unattributedReaders":1,"siteLngs":"-93.421467","siteLats":"44.853812","siteReaders":"1"}}},{"type":"Feature","geometry":{"type":"MultiLineString","coordinates":[[[-93.42496568040993,44.859829436651204],[-93.4255028,44.8598185],[-93.4255556,44.8598176],[-93.4256783,44.8598217]]]},"properties":{"id":"alpr-branch-leona-road-674","layer":"alpr_corridor","name":"Leona Road","county":"Hennepin County","state":"MN","countyFips":"27053","confidence":"probabilistic","sourceDate":null,"attributes":{"kind":"branch","road":"Leona Road","roadName":null,"roadClass":"unclassified","readerCount":1,"siteCount":1,"operatorCount":0,"operators":null,"unattributedReaders":1,"siteLngs":"-93.424963","siteLats":"44.859765","siteReaders":"1"}}},{"type":"Feature","geometry":{"type":"MultiLineString","coordinates":[[[-93.42117245615793,44.85808722645446],[-93.4214606,44.8580578],[-93.4231783252528,44.85786654638866],[-93.4238423,44.8577892],[-93.4240364,44.8577704],[-93.424221,44.8577692],[-93.4243685,44.8577759],[-93.4245713,44.8578132],[-93.4248121,44.8578886],[-93.4250645,44.8579853],[-93.42512473589582,44.85800920929264]]]},"properties":{"id":"alpr-branch-west-78th-street-675","layer":"alpr_corridor","name":"West 78th Street","county":"Hennepin County","state":"MN","countyFips":"27053","confidence":"probabilistic","sourceDate":null,"attributes":{"kind":"branch","road":"West 78th Street","roadName":null,"roadClass":"tertiary","readerCount":1,"siteCount":1,"operatorCount":0,"operators":null,"unattributedReaders":1,"siteLngs":"-93.423141","siteLats":"44.857704","siteReaders":"1"}}},{"type":"Feature","geometry":{"type":"MultiLineString","coordinates":[[[-92.9620456,44.9645402],[-92.9619812,44.9644567],[-92.96195038193835,44.96423632928477],[-92.9619533,44.9641981],[-92.961952,44.9634111],[-92.9619506,44.9633048]]]},"properties":{"id":"alpr-branch-hallmark-ave-north-676","layer":"alpr_corridor","name":"Hallmark Ave North","county":"Washington County","state":"MN","countyFips":"27163","confidence":"probabilistic","sourceDate":null,"attributes":{"kind":"branch","road":"Hallmark Ave North","roadName":null,"roadClass":"tertiary","readerCount":1,"siteCount":1,"operatorCount":0,"operators":null,"unattributedReaders":1,"siteLngs":"-92.961810","siteLats":"44.964231","siteReaders":"1"}}},{"type":"Feature","geometry":{"type":"MultiLineString","coordinates":[[[-92.9775855,44.9145798],[-92.9774683,44.9144896],[-92.97722548492848,44.91430343115244],[-92.976693,44.913893]]]},"properties":{"id":"alpr-branch-lake-road-677","layer":"alpr_corridor","name":"Lake Road","county":"Washington County","state":"MN","countyFips":"27163","confidence":"probabilistic","sourceDate":null,"attributes":{"kind":"branch","road":"Lake Road","roadName":null,"roadClass":"tertiary","readerCount":1,"siteCount":1,"operatorCount":0,"operators":null,"unattributedReaders":1,"siteLngs":"-92.977273","siteLats":"44.914272","siteReaders":"1"}}},{"type":"Feature","geometry":{"type":"MultiLineString","coordinates":[[[-92.95444032625323,44.933519590862026],[-92.9544076,44.9327987],[-92.954357,44.9323639],[-92.9543171293567,44.93208394291085]]]},"properties":{"id":"alpr-branch-bielenberg-drive-678","layer":"alpr_corridor","name":"Bielenberg Drive","county":"Washington County","state":"MN","countyFips":"27163","confidence":"probabilistic","sourceDate":null,"attributes":{"kind":"branch","road":"Bielenberg Drive","roadName":null,"roadClass":"tertiary","readerCount":1,"siteCount":1,"operatorCount":0,"operators":null,"unattributedReaders":1,"siteLngs":"-92.954531","siteLats":"44.933518","siteReaders":"1"}}},{"type":"Feature","geometry":{"type":"MultiLineString","coordinates":[[[-92.963292,44.833118],[-92.9631016,44.8331801],[-92.962812,44.8332489],[-92.96254067731397,44.83330727718621],[-92.9625116,44.8333132],[-92.9623725,44.8333391],[-92.9622233,44.8333636],[-92.9619215,44.8334095],[-92.9617735,44.8334287],[-92.9616155,44.833447],[-92.9614595,44.8334612],[-92.961309,44.8334725]]]},"properties":{"id":"alpr-branch-80th-street-south-679","layer":"alpr_corridor","name":"80th Street South","county":"Washington County","state":"MN","countyFips":"27163","confidence":"probabilistic","sourceDate":null,"attributes":{"kind":"branch","road":"80th Street South","roadName":null,"roadClass":"secondary","readerCount":1,"siteCount":1,"operatorCount":0,"operators":null,"unattributedReaders":1,"siteLngs":"-92.962485","siteLats":"44.833168","siteReaders":"1"}}},{"type":"Feature","geometry":{"type":"MultiLineString","coordinates":[[[-95.52645203443286,44.76224721782266],[-95.5266001,44.7623297],[-95.5267592,44.7624183],[-95.52804643043788,44.76313541295593],[-95.5281814,44.7632106],[-95.5281952,44.7632185],[-95.5289791,44.7636645]]]},"properties":{"id":"alpr-branch-prairies-edge-lane-680","layer":"alpr_corridor","name":"Prairies Edge Lane","county":"Yellow Medicine County","state":"MN","countyFips":"27173","confidence":"probabilistic","sourceDate":null,"attributes":{"kind":"branch","road":"Prairies Edge Lane","roadName":null,"roadClass":"residential","readerCount":1,"siteCount":1,"operatorCount":0,"operators":null,"unattributedReaders":1,"siteLngs":"-95.527971","siteLats":"44.763205","siteReaders":"1"}}},{"type":"Feature","geometry":{"type":"MultiLineString","coordinates":[[[-93.13191202882123,45.641254862223114],[-93.13078289252618,45.64245787920364],[-93.1296579621324,45.64366284299493]]]},"properties":{"id":"alpr-branch-cr-7-681","layer":"alpr_corridor","name":"CR 7 — Rush Point Drive West","county":"Chisago County","state":"MN","countyFips":"27025","confidence":"probabilistic","sourceDate":null,"attributes":{"kind":"branch","road":"CR 7","roadName":"Rush Point Drive West","roadClass":"tertiary","readerCount":1,"siteCount":1,"operatorCount":0,"operators":null,"unattributedReaders":1,"siteLngs":"-93.130681","siteLats":"45.642411","siteReaders":"1"}}},{"type":"Feature","geometry":{"type":"MultiLineString","coordinates":[[[-92.98387976888745,45.67610258640291],[-92.982221363564,45.67695565455545],[-92.981891,45.6771225],[-92.98133,45.6774054],[-92.9806321,45.6777188]]]},"properties":{"id":"alpr-branch-cr-7-682","layer":"alpr_corridor","name":"CR 7 — Rush Point Drive","county":"Chisago County","state":"MN","countyFips":"27025","confidence":"probabilistic","sourceDate":null,"attributes":{"kind":"branch","road":"CR 7","roadName":"Rush Point Drive","roadClass":"tertiary","readerCount":1,"siteCount":1,"operatorCount":0,"operators":null,"unattributedReaders":1,"siteLngs":"-92.982112","siteLats":"45.676849","siteReaders":"1"}}},{"type":"Feature","geometry":{"type":"MultiLineString","coordinates":[[[-94.89951633366819,47.47104248477175],[-94.8977224123435,47.47181709285924],[-94.8969565,47.4721485],[-94.8965329,47.4723236],[-94.896262,47.4724446],[-94.89591212690243,47.47257299234485]]]},"properties":{"id":"alpr-branch-cr-7-683","layer":"alpr_corridor","name":"CR 7 — 5th Street Northwest","county":"Beltrami County","state":"MN","countyFips":"27007","confidence":"probabilistic","sourceDate":null,"attributes":{"kind":"branch","road":"CR 7","roadName":"5th Street Northwest","roadClass":"secondary","readerCount":1,"siteCount":1,"operatorCount":1,"operators":"Paul Bunyan Drug Task Force","unattributedReaders":0,"siteLngs":"-94.897637","siteLats":"47.471726","siteReaders":"1"}}},{"type":"Feature","geometry":{"type":"MultiLineString","coordinates":[[[-93.36537594045876,47.47420708114502],[-93.36539028810324,47.472768201241514],[-93.3653964,47.4721596],[-93.36541007418887,47.47132935413208]]]},"properties":{"id":"alpr-branch-cr-7-684","layer":"alpr_corridor","name":"CR 7 — Scenic Highway","county":"Itasca County","state":"MN","countyFips":"27061","confidence":"probabilistic","sourceDate":null,"attributes":{"kind":"branch","road":"CR 7","roadName":"Scenic Highway","roadClass":"tertiary","readerCount":1,"siteCount":1,"operatorCount":0,"operators":null,"unattributedReaders":1,"siteLngs":"-93.365240","siteLats":"47.472768","siteReaders":"1"}}},{"type":"Feature","geometry":{"type":"MultiLineString","coordinates":[[[-92.97618704669269,45.67291994576233],[-92.97619397505386,45.674358850199894],[-92.9761894,45.6749696],[-92.97617207133426,45.67579766590144]]]},"properties":{"id":"alpr-branch-south-jay-avenue-685","layer":"alpr_corridor","name":"South Jay Avenue","county":"Chisago County","state":"MN","countyFips":"27025","confidence":"probabilistic","sourceDate":null,"attributes":{"kind":"branch","road":"South Jay Avenue","roadName":null,"roadClass":"residential","readerCount":1,"siteCount":1,"operatorCount":0,"operators":null,"unattributedReaders":1,"siteLngs":"-92.976100","siteLats":"45.674358","siteReaders":"1"}}},{"type":"Feature","geometry":{"type":"MultiLineString","coordinates":[[[-92.7303818217372,45.33901484817447],[-92.730382,45.339015],[-92.7315109486037,45.340215081210104],[-92.731684,45.3404],[-92.732303,45.341004],[-92.73272073350239,45.3413750677778]]]},"properties":{"id":"alpr-branch-cr-26-686","layer":"alpr_corridor","name":"CR 26 — Pleasant Valley Road","county":"Chisago County","state":"MN","countyFips":"27025","confidence":"probabilistic","sourceDate":null,"attributes":{"kind":"branch","road":"CR 26","roadName":"Pleasant Valley Road","roadClass":"tertiary","readerCount":1,"siteCount":1,"operatorCount":0,"operators":null,"unattributedReaders":1,"siteLngs":"-92.731390","siteLats":"45.340272","siteReaders":"1"}}},{"type":"Feature","geometry":{"type":"MultiLineString","coordinates":[[[-96.74170399792442,46.97701501137527],[-96.74381292701955,46.97701973052221],[-96.74592185642238,46.97702445820067]]]},"properties":{"id":"alpr-branch-cr-26-687","layer":"alpr_corridor","name":"CR 26 — 90th Avenue North","county":"Clay County","state":"MN","countyFips":"27027","confidence":"probabilistic","sourceDate":null,"attributes":{"kind":"branch","road":"CR 26","roadName":"90th Avenue North","roadClass":"secondary","readerCount":1,"siteCount":1,"operatorCount":0,"operators":null,"unattributedReaders":1,"siteLngs":"-96.743812","siteLats":"46.977152","siteReaders":"1"}}},{"type":"Feature","geometry":{"type":"MultiLineString","coordinates":[[[-93.0596209,45.1206506],[-93.0597399,45.1206145],[-93.05986564121466,45.120576725565975],[-93.0598733,45.1205746],[-93.059898,45.1205688],[-93.0599244,45.1205635],[-93.0599519,45.1205588],[-93.0599801,45.1205549],[-93.0600088,45.1205516],[-93.0600373,45.1205492],[-93.0600653,45.1205476],[-93.0600924,45.120547],[-93.0601182,45.1205473],[-93.060143,45.1205485],[-93.0601674,45.1205503],[-93.0602143,45.1205556],[-93.0602577,45.1205624],[-93.0602963,45.12057],[-93.0603428,45.1205817],[-93.0603818,45.120594],[-93.0604068,45.1206033],[-93.0604464,45.1206194],[-93.0605225,45.1206524],[-93.0606051,45.1206893],[-93.0606653,45.1207127],[-93.0607617,45.1207458],[-93.0609497,45.1208085],[-93.0610532,45.1208422],[-93.0611477,45.1208719],[-93.0613029,45.1209183],[-93.0615126,45.1209784],[-93.0615291,45.1209838],[-93.0615453,45.1209901],[-93.0615697,45.1210014],[-93.0615864,45.1210107],[-93.06170948502786,45.12108694784888]]]},"properties":{"id":"alpr-branch-phoebe-lane-688","layer":"alpr_corridor","name":"Phoebe Lane","county":"Ramsey County","state":"MN","countyFips":"27123","confidence":"probabilistic","sourceDate":null,"attributes":{"kind":"branch","road":"Phoebe Lane","roadName":null,"roadClass":"residential","readerCount":1,"siteCount":1,"operatorCount":0,"operators":null,"unattributedReaders":1,"siteLngs":"-93.059902","siteLats":"45.120643","siteReaders":"1"}}},{"type":"Feature","geometry":{"type":"MultiLineString","coordinates":[[[-93.0590669231086,45.1180473762747],[-93.0590775,45.1180523],[-93.0590868,45.1180586],[-93.0590951,45.118066],[-93.0591023,45.1180745],[-93.0591084,45.1180839],[-93.0591134,45.1180941],[-93.0591172,45.1181049],[-93.0591199,45.1181162],[-93.0591215,45.1181279],[-93.0591219,45.11814],[-93.0591211,45.1181521],[-93.0591092,45.1182652],[-93.0590976,45.1183707],[-93.0590463,45.1187953],[-93.0590409,45.1188349],[-93.0590311,45.118887],[-93.0590206,45.118932],[-93.0590055,45.1189802],[-93.0589929,45.1190121],[-93.0589786,45.1190433],[-93.0589709,45.1190583],[-93.0589441,45.1191047],[-93.0589203,45.1191417],[-93.0589062,45.1191617],[-93.0588905,45.1191826],[-93.0588731,45.1192042],[-93.0588539,45.1192262],[-93.0588328,45.1192485],[-93.05866850790703,45.119402899518306],[-93.058607,45.1194604]]]},"properties":{"id":"alpr-branch-kestrel-court-689","layer":"alpr_corridor","name":"Kestrel Court","county":"Ramsey County","state":"MN","countyFips":"27123","confidence":"probabilistic","sourceDate":null,"attributes":{"kind":"branch","road":"Kestrel Court","roadName":null,"roadClass":"residential","readerCount":1,"siteCount":1,"operatorCount":0,"operators":null,"unattributedReaders":1,"siteLngs":"-93.058734","siteLats":"45.119438","siteReaders":"1"}}},{"type":"Feature","geometry":{"type":"MultiLineString","coordinates":[[[-93.056349,45.1045838],[-93.05669281452873,45.10461285806915],[-93.0569426,45.1046114],[-93.0570548,45.1045765]]]},"properties":{"id":"alpr-branch-spring-farm-road-690","layer":"alpr_corridor","name":"Spring Farm Road","county":"Ramsey County","state":"MN","countyFips":"27123","confidence":"probabilistic","sourceDate":null,"attributes":{"kind":"branch","road":"Spring Farm Road","roadName":null,"roadClass":"residential","readerCount":1,"siteCount":1,"operatorCount":0,"operators":null,"unattributedReaders":1,"siteLngs":"-93.056694","siteLats":"45.104698","siteReaders":"1"}}},{"type":"Feature","geometry":{"type":"MultiLineString","coordinates":[[[-93.05737996086725,45.10137299553602],[-93.0574056,45.1014015],[-93.0576674,45.1014704],[-93.057813,45.1014618]]]},"properties":{"id":"alpr-branch-hill-farm-road-691","layer":"alpr_corridor","name":"Hill Farm Road","county":"Ramsey County","state":"MN","countyFips":"27123","confidence":"probabilistic","sourceDate":null,"attributes":{"kind":"branch","road":"Hill Farm Road","roadName":null,"roadClass":"residential","readerCount":1,"siteCount":1,"operatorCount":0,"operators":null,"unattributedReaders":1,"siteLngs":"-93.057420","siteLats":"45.101355","siteReaders":"1"}}},{"type":"Feature","geometry":{"type":"MultiLineString","coordinates":[[[-93.07764173193071,45.079488669590226],[-93.077647,45.079585],[-93.077647,45.0800638],[-93.077647,45.080499],[-93.077639,45.080731],[-93.07761023716627,45.08092638890507]]]},"properties":{"id":"alpr-branch-east-gilfillan-road-692","layer":"alpr_corridor","name":"East Gilfillan Road","county":"Ramsey County","state":"MN","countyFips":"27123","confidence":"probabilistic","sourceDate":null,"attributes":{"kind":"branch","road":"East Gilfillan Road","roadName":null,"roadClass":"residential","readerCount":1,"siteCount":1,"operatorCount":0,"operators":null,"unattributedReaders":1,"siteLngs":"-93.077536","siteLats":"45.079492","siteReaders":"1"}}},{"type":"Feature","geometry":{"type":"MultiLineString","coordinates":[[[-93.2566534,44.0964404],[-93.2564949,44.0964445],[-93.2563846,44.0964468],[-93.2562938,44.0964419],[-93.2562023,44.0964299],[-93.2556971,44.0963224],[-93.2556047,44.096308],[-93.2555476,44.0963029],[-93.2554702,44.0962984],[-93.25514760636914,44.09630203021812],[-93.2546141,44.096308],[-93.2542194,44.0963144],[-93.2536832,44.096323],[-93.25314446130783,44.09633166626352]]]},"properties":{"id":"alpr-branch-frontage-road-west-695","layer":"alpr_corridor","name":"Frontage Road West","county":"Steele County","state":"MN","countyFips":"27147","confidence":"probabilistic","sourceDate":null,"attributes":{"kind":"branch","road":"Frontage Road West","roadName":null,"roadClass":"tertiary","readerCount":1,"siteCount":1,"operatorCount":0,"operators":null,"unattributedReaders":1,"siteLngs":"-93.255159","siteLats":"44.096834","siteReaders":"1"}}},{"type":"Feature","geometry":{"type":"MultiLineString","coordinates":[[[-93.25619120719962,44.09642753959612],[-93.2556971,44.0963224],[-93.2556047,44.096308],[-93.2555476,44.0963029],[-93.2554702,44.0962984],[-93.2553916,44.0962993],[-93.2546141,44.096308],[-93.25421191030487,44.09631452012565],[-93.2536832,44.096323],[-93.2530429,44.0963333],[-93.2528343,44.0963367]]]},"properties":{"id":"alpr-branch-frontage-road-west-696","layer":"alpr_corridor","name":"Frontage Road West","county":"Steele County","state":"MN","countyFips":"27147","confidence":"probabilistic","sourceDate":null,"attributes":{"kind":"branch","road":"Frontage Road West","roadName":null,"roadClass":"tertiary","readerCount":1,"siteCount":1,"operatorCount":0,"operators":null,"unattributedReaders":1,"siteLngs":"-93.254221","siteLats":"44.096601","siteReaders":"1"}}},{"type":"Feature","geometry":{"type":"MultiLineString","coordinates":[[[-93.2425403086511,44.084377826063935],[-93.2426947,44.084377],[-93.2434907,44.0843727],[-93.2436174,44.084372],[-93.2445434527807,44.084372196613835],[-93.2449642,44.0843723],[-93.2461043,44.0843702]]]},"properties":{"id":"alpr-branch-west-bridge-street-697","layer":"alpr_corridor","name":"West Bridge Street","county":"Steele County","state":"MN","countyFips":"27147","confidence":"probabilistic","sourceDate":null,"attributes":{"kind":"branch","road":"West Bridge Street","roadName":null,"roadClass":"secondary","readerCount":1,"siteCount":1,"operatorCount":0,"operators":null,"unattributedReaders":1,"siteLngs":"-93.244544","siteLats":"44.084272","siteReaders":"1"}}},{"type":"Feature","geometry":{"type":"MultiLineString","coordinates":[[[-94.8854233959879,47.48266565705738],[-94.8854235,47.4829452],[-94.8854235,47.4830183],[-94.8854231,47.4830895],[-94.8854164,47.4834716],[-94.88541711953008,47.48410454210365],[-94.8854158132752,47.48554345441484]]]},"properties":{"id":"alpr-branch-irvine-avenue-northwest-700","layer":"alpr_corridor","name":"Irvine Avenue Northwest","county":"Beltrami County","state":"MN","countyFips":"27007","confidence":"probabilistic","sourceDate":null,"attributes":{"kind":"branch","road":"Irvine Avenue Northwest","roadName":null,"roadClass":"secondary","readerCount":1,"siteCount":1,"operatorCount":1,"operators":"Paul Bunyan Drug Task Force","unattributedReaders":0,"siteLngs":"-94.885555","siteLats":"47.484105","siteReaders":"1"}}},{"type":"Feature","geometry":{"type":"MultiLineString","coordinates":[[[-94.8508128,47.460839],[-94.8501717816982,47.460834171664395],[-94.84804359306155,47.46082139089635]]]},"properties":{"id":"alpr-branch-1st-street-east-701","layer":"alpr_corridor","name":"1st Street East","county":"Beltrami County","state":"MN","countyFips":"27007","confidence":"probabilistic","sourceDate":null,"attributes":{"kind":"branch","road":"1st Street East","roadName":null,"roadClass":"tertiary","readerCount":1,"siteCount":1,"operatorCount":1,"operators":"Paul Bunyan Drug Task Force","unattributedReaders":0,"siteLngs":"-94.850173","siteLats":"47.460748","siteReaders":"1"}}},{"type":"Feature","geometry":{"type":"MultiLineString","coordinates":[[[-94.88772206786086,47.483041519132236],[-94.8884126,47.4830485],[-94.8894421,47.4830588],[-94.8898509470038,47.48306501679571],[-94.8907605,47.4830787],[-94.89197971600143,47.483092851533044]]]},"properties":{"id":"alpr-branch-15th-street-northwest-702","layer":"alpr_corridor","name":"15th Street Northwest","county":"Beltrami County","state":"MN","countyFips":"27007","confidence":"probabilistic","sourceDate":null,"attributes":{"kind":"branch","road":"15th Street Northwest","roadName":null,"roadClass":"secondary","readerCount":1,"siteCount":1,"operatorCount":1,"operators":"Paul Bunyan Drug Task Force","unattributedReaders":0,"siteLngs":"-94.889853","siteLats":"47.483008","siteReaders":"1"}}},{"type":"Feature","geometry":{"type":"MultiLineString","coordinates":[[[-94.88825690958026,47.4930675566237],[-94.8882596,47.4928526],[-94.8882622,47.4927116],[-94.8882738,47.4922626],[-94.88828641549969,47.49162878839765],[-94.8882875,47.4914564],[-94.8882887,47.4914152],[-94.888293,47.4911842],[-94.888298,47.4910281],[-94.8883031,47.4908664]]]},"properties":{"id":"alpr-branch-park-avenue-northwest-703","layer":"alpr_corridor","name":"Park Avenue Northwest","county":"Beltrami County","state":"MN","countyFips":"27007","confidence":"probabilistic","sourceDate":null,"attributes":{"kind":"branch","road":"Park Avenue Northwest","roadName":null,"roadClass":"tertiary","readerCount":1,"siteCount":1,"operatorCount":1,"operators":"Paul Bunyan Drug Task Force","unattributedReaders":0,"siteLngs":"-94.888222","siteLats":"47.491629","siteReaders":"1"}}},{"type":"Feature","geometry":{"type":"MultiLineString","coordinates":[[[-93.1074845,44.9355492],[-93.1077989,44.9358406],[-93.1080522,44.9360488],[-93.1085341,44.936425],[-93.10875856915806,44.93662741634194],[-93.1089009,44.9367801]]]},"properties":{"id":"alpr-branch-mn-149-704","layer":"alpr_corridor","name":"MN 149 — Smith Avenue South","county":"Ramsey County","state":"MN","countyFips":"27123","confidence":"probabilistic","sourceDate":null,"attributes":{"kind":"branch","road":"MN 149","roadName":"Smith Avenue South","roadClass":"secondary","readerCount":1,"siteCount":1,"operatorCount":0,"operators":null,"unattributedReaders":1,"siteLngs":"-93.108728","siteLats":"44.936642","siteReaders":"1"}}},{"type":"Feature","geometry":{"type":"MultiLineString","coordinates":[[[-93.0737976841083,44.95640007788266],[-93.0729968,44.9567792],[-93.072955,44.956799],[-93.0728321,44.9568572],[-93.0726818,44.9569283],[-93.0725957,44.9569691]]]},"properties":{"id":"alpr-branch-east-6th-street-705","layer":"alpr_corridor","name":"East 6th Street","county":"Ramsey County","state":"MN","countyFips":"27123","confidence":"probabilistic","sourceDate":null,"attributes":{"kind":"branch","road":"East 6th Street","roadName":null,"roadClass":"tertiary","readerCount":1,"siteCount":1,"operatorCount":0,"operators":null,"unattributedReaders":1,"siteLngs":"-93.073746","siteLats":"44.956345","siteReaders":"1"}}},{"type":"Feature","geometry":{"type":"MultiLineString","coordinates":[[[-93.0807017,44.9196265],[-93.0807903,44.9195332],[-93.0807864,44.9191944],[-93.08078535827242,44.91865045528154],[-93.0807828,44.9183473]]]},"properties":{"id":"alpr-branch-mn-3-706","layer":"alpr_corridor","name":"MN 3 — Robert Street South","county":"Dakota County","state":"MN","countyFips":"27037","confidence":"probabilistic","sourceDate":null,"attributes":{"kind":"branch","road":"MN 3","roadName":"Robert Street South","roadClass":"secondary","readerCount":1,"siteCount":1,"operatorCount":0,"operators":null,"unattributedReaders":1,"siteLngs":"-93.080868","siteLats":"44.918650","siteReaders":"1"}}},{"type":"Feature","geometry":{"type":"MultiLineString","coordinates":[[[-93.083132,44.890848],[-93.0828618,44.8908465],[-93.08173718997868,44.89084021905492],[-93.081695,44.89084]]]},"properties":{"id":"alpr-branch-marie-avenue-east-707","layer":"alpr_corridor","name":"Marie Avenue East","county":"Dakota County","state":"MN","countyFips":"27037","confidence":"probabilistic","sourceDate":null,"attributes":{"kind":"branch","road":"Marie Avenue East","roadName":null,"roadClass":"tertiary","readerCount":1,"siteCount":1,"operatorCount":0,"operators":null,"unattributedReaders":1,"siteLngs":"-93.081736","siteLats":"44.890986","siteReaders":"1"}}},{"type":"Feature","geometry":{"type":"MultiLineString","coordinates":[[[-93.38050404347997,45.20236388683162],[-93.3787643,45.2023279],[-93.3786483,45.2023255],[-93.37846276792845,45.20232167446165],[-93.3784544,45.2023215],[-93.3783311,45.2023189]]]},"properties":{"id":"alpr-branch-tyler-street-708","layer":"alpr_corridor","name":"Tyler Street","county":"Anoka County","state":"MN","countyFips":"27003","confidence":"probabilistic","sourceDate":null,"attributes":{"kind":"branch","road":"Tyler Street","roadName":null,"roadClass":"residential","readerCount":1,"siteCount":1,"operatorCount":0,"operators":null,"unattributedReaders":1,"siteLngs":"-93.378467","siteLats":"45.202232","siteReaders":"1"}}},{"type":"Feature","geometry":{"type":"MultiLineString","coordinates":[[[-95.36657453896223,45.89485504645693],[-95.366548,45.895704],[-95.3665402982101,45.89629373377588],[-95.366538,45.8964655],[-95.3665358,45.8965559]]]},"properties":{"id":"alpr-branch-mn-29-709","layer":"alpr_corridor","name":"MN 29 — North Nokomis Street","county":"Douglas County","state":"MN","countyFips":"27041","confidence":"probabilistic","sourceDate":null,"attributes":{"kind":"branch","road":"MN 29","roadName":"North Nokomis Street","roadClass":"primary","readerCount":1,"siteCount":1,"operatorCount":0,"operators":null,"unattributedReaders":1,"siteLngs":"-95.366687","siteLats":"45.896295","siteReaders":"1"}}},{"type":"Feature","geometry":{"type":"MultiLineString","coordinates":[[[-93.77588728058505,45.29313483008998],[-93.7759897,45.2931723],[-93.7761319,45.2932478],[-93.7762717,45.2933358],[-93.7764953,45.2935393],[-93.7770351,45.294124],[-93.77715321131544,45.294244063868064],[-93.7771729,45.2942641],[-93.7773778,45.2944525],[-93.7775132,45.2945525],[-93.7776621,45.2946356],[-93.7778203,45.2947129],[-93.7780537,45.2947931],[-93.7782575,45.2948422],[-93.7785135,45.294871],[-93.7788735343973,45.29487884406654]]]},"properties":{"id":"alpr-branch-7th-street-east-710","layer":"alpr_corridor","name":"7th Street East","county":"Wright County","state":"MN","countyFips":"27171","confidence":"probabilistic","sourceDate":null,"attributes":{"kind":"branch","road":"7th Street East","roadName":null,"roadClass":"tertiary","readerCount":1,"siteCount":1,"operatorCount":0,"operators":null,"unattributedReaders":1,"siteLngs":"-93.776590","siteLats":"45.294522","siteReaders":"1"}}},{"type":"Feature","geometry":{"type":"MultiLineString","coordinates":[[[-93.22656079599882,44.10652857295775],[-93.226607,44.107587],[-93.226623964146,44.10796677041415],[-93.2266696,44.1089759],[-93.226675,44.109121]]]},"properties":{"id":"alpr-branch-north-cedar-avenue-711","layer":"alpr_corridor","name":"North Cedar Avenue","county":"Steele County","state":"MN","countyFips":"27147","confidence":"probabilistic","sourceDate":null,"attributes":{"kind":"branch","road":"North Cedar Avenue","roadName":null,"roadClass":"tertiary","readerCount":1,"siteCount":1,"operatorCount":0,"operators":null,"unattributedReaders":1,"siteLngs":"-93.226741","siteLats":"44.107964","siteReaders":"1"}}},{"type":"Feature","geometry":{"type":"MultiLineString","coordinates":[[[-94.35980188105171,46.16627562569858],[-94.36028896897241,46.167674435527886],[-94.36078722298831,46.16907136317794]]]},"properties":{"id":"alpr-branch-mn-371-712","layer":"alpr_corridor","name":"MN 371","county":"Crow Wing County","state":"MN","countyFips":"27035","confidence":"probabilistic","sourceDate":null,"attributes":{"kind":"branch","road":"MN 371","roadName":null,"roadClass":"trunk","readerCount":1,"siteCount":1,"operatorCount":0,"operators":null,"unattributedReaders":1,"siteLngs":"-94.360207","siteLats":"46.167689","siteReaders":"1"}}},{"type":"Feature","geometry":{"type":"MultiLineString","coordinates":[[[-94.27288523515877,46.29263313921816],[-94.2731311,46.2922721],[-94.27377935133605,46.29133361907826]]]},"properties":{"id":"alpr-branch-mn-371-713","layer":"alpr_corridor","name":"MN 371","county":"Crow Wing County","state":"MN","countyFips":"27035","confidence":"probabilistic","sourceDate":null,"attributes":{"kind":"branch","road":"MN 371","roadName":null,"roadClass":"trunk","readerCount":1,"siteCount":1,"operatorCount":0,"operators":null,"unattributedReaders":1,"siteLngs":"-94.273244","siteLats":"46.292751","siteReaders":"1"}}},{"type":"Feature","geometry":{"type":"MultiLineString","coordinates":[[[-94.33754683511896,46.649633812558406],[-94.33660410776088,46.648348629767916],[-94.3359321,46.6474359],[-94.33565985129655,46.647063996397335]]]},"properties":{"id":"alpr-branch-mn-371-714","layer":"alpr_corridor","name":"MN 371","county":"Crow Wing County","state":"MN","countyFips":"27035","confidence":"probabilistic","sourceDate":null,"attributes":{"kind":"branch","road":"MN 371","roadName":null,"roadClass":"trunk","readerCount":1,"siteCount":1,"operatorCount":0,"operators":null,"unattributedReaders":1,"siteLngs":"-94.336666","siteLats":"46.648327","siteReaders":"1"}}},{"type":"Feature","geometry":{"type":"MultiLineString","coordinates":[[[-93.46187817812391,44.74478761064412],[-93.4622647,44.7450845],[-93.4623662,44.7452165],[-93.46319185917798,44.74587819086165],[-93.4632784,44.7459349]]]},"properties":{"id":"alpr-branch-cougar-path-northwest-715","layer":"alpr_corridor","name":"Cougar Path Northwest","county":"Scott County","state":"MN","countyFips":"27139","confidence":"probabilistic","sourceDate":null,"attributes":{"kind":"branch","road":"Cougar Path Northwest","roadName":null,"roadClass":"residential","readerCount":1,"siteCount":1,"operatorCount":0,"operators":null,"unattributedReaders":1,"siteLngs":"-93.463271","siteLats":"44.745817","siteReaders":"1"}}},{"type":"Feature","geometry":{"type":"MultiLineString","coordinates":[[[-93.4686377,44.7439623],[-93.4684188,44.7437867],[-93.4682475,44.7436912],[-93.4680628,44.7436052],[-93.4676722,44.74348],[-93.46713353026794,44.743417506297185],[-93.4669877,44.7434155],[-93.4667224,44.7434185],[-93.4652536,44.7434281],[-93.46510779629803,44.74342635303356]]]},"properties":{"id":"alpr-branch-cougar-path-northwest-716","layer":"alpr_corridor","name":"Cougar Path Northwest","county":"Scott County","state":"MN","countyFips":"27139","confidence":"probabilistic","sourceDate":null,"attributes":{"kind":"branch","road":"Cougar Path Northwest","roadName":null,"roadClass":"residential","readerCount":1,"siteCount":1,"operatorCount":0,"operators":null,"unattributedReaders":1,"siteLngs":"-93.467135","siteLats":"44.743367","siteReaders":"1"}}},{"type":"Feature","geometry":{"type":"MultiLineString","coordinates":[[[-93.44941905168646,44.72799348080436],[-93.4496499,44.7280453],[-93.4499614,44.7280867],[-93.4501463,44.7281061],[-93.4504407,44.7281061],[-93.4506256,44.7281061],[-93.4507933,44.7280891],[-93.4509508,44.7280478],[-93.4511939,44.7279626],[-93.45136502700252,44.72790109435912],[-93.4518409,44.7277243],[-93.4519675,44.7276829],[-93.4520942,44.7276586],[-93.452214,44.7276465],[-93.45331071029987,44.7276465]]]},"properties":{"id":"alpr-branch-fox-tail-trail-717","layer":"alpr_corridor","name":"Fox Tail Trail","county":"Scott County","state":"MN","countyFips":"27139","confidence":"probabilistic","sourceDate":null,"attributes":{"kind":"branch","road":"Fox Tail Trail","roadName":null,"roadClass":"residential","readerCount":1,"siteCount":1,"operatorCount":0,"operators":null,"unattributedReaders":1,"siteLngs":"-93.451306","siteLats":"44.727819","siteReaders":"1"}}},{"type":"Feature","geometry":{"type":"MultiLineString","coordinates":[[[-93.43741549742154,44.850243247487334],[-93.4374908,44.8502852],[-93.4375863,44.8503191],[-93.4377006,44.850333],[-93.4378282,44.8503243],[-93.4379719,44.8502861],[-93.4382805,44.8500953],[-93.4387763,44.8497955],[-93.4388637,44.8497423],[-93.4388909,44.8497318],[-93.4389879,44.849708],[-93.4390979,44.8496993],[-93.43910669939889,44.849699703255624]]]},"properties":{"id":"alpr-branch-primrose-lane-718","layer":"alpr_corridor","name":"Primrose Lane","county":"Hennepin County","state":"MN","countyFips":"27053","confidence":"probabilistic","sourceDate":null,"attributes":{"kind":"branch","road":"Primrose Lane","roadName":null,"roadClass":"residential","readerCount":1,"siteCount":1,"operatorCount":0,"operators":null,"unattributedReaders":1,"siteLngs":"-93.437439","siteLats":"44.850221","siteReaders":"1"}}},{"type":"Feature","geometry":{"type":"MultiLineString","coordinates":[[[-93.01077729837765,45.26511986956377],[-93.01147022438285,45.263766129247664],[-93.011763,45.2632125],[-93.0119213,45.2629267],[-93.0120164,45.262777],[-93.0120646,45.2627053],[-93.012108,45.2626424],[-93.0122566,45.2624399],[-93.01225679236103,45.26243965701275]]]},"properties":{"id":"alpr-branch-i-35-719","layer":"alpr_corridor","name":"I 35","county":"Washington County","state":"MN","countyFips":"27163","confidence":"probabilistic","sourceDate":null,"attributes":{"kind":"branch","road":"I 35","roadName":null,"roadClass":"motorway","readerCount":1,"siteCount":1,"operatorCount":0,"operators":null,"unattributedReaders":1,"siteLngs":"-93.011765","siteLats":"45.263844","siteReaders":"1"}}},{"type":"Feature","geometry":{"type":"MultiLineString","coordinates":[[[-93.41022502339425,44.774057666050844],[-93.4102317,44.7733604],[-93.4102279,44.7729541],[-93.4103613452012,44.772632438594385],[-93.4104064,44.7725554],[-93.4106456,44.7722934],[-93.4115066,44.7717088],[-93.4115341,44.7716917],[-93.4116351,44.7716199]]]},"properties":{"id":"alpr-branch-crossings-boulevard-720","layer":"alpr_corridor","name":"Crossings Boulevard","county":"Scott County","state":"MN","countyFips":"27139","confidence":"probabilistic","sourceDate":null,"attributes":{"kind":"branch","road":"Crossings Boulevard","roadName":null,"roadClass":"tertiary","readerCount":1,"siteCount":1,"operatorCount":0,"operators":null,"unattributedReaders":1,"siteLngs":"-93.410593","siteLats":"44.772702","siteReaders":"1"}}},{"type":"Feature","geometry":{"type":"MultiLineString","coordinates":[[[-93.1668794,45.0067383],[-93.1668634,45.0067507],[-93.166839,45.006779],[-93.1668211,45.0068115],[-93.166816,45.0068477],[-93.1668146,45.007595],[-93.1668145,45.007662],[-93.1668144,45.0078382],[-93.1668288,45.007928],[-93.16686,45.008046],[-93.166933,45.008147],[-93.16693574374247,45.00814977389349]]]},"properties":{"id":"alpr-branch-west-snelling-drive-721","layer":"alpr_corridor","name":"West Snelling Drive","county":"Ramsey County","state":"MN","countyFips":"27123","confidence":"probabilistic","sourceDate":null,"attributes":{"kind":"branch","road":"West Snelling Drive","roadName":null,"roadClass":"tertiary","readerCount":1,"siteCount":1,"operatorCount":0,"operators":null,"unattributedReaders":1,"siteLngs":"-93.166830","siteLats":"45.006698","siteReaders":"1"}}},{"type":"Feature","geometry":{"type":"MultiLineString","coordinates":[[[-93.26108625125251,44.96267189809656],[-93.2611002,44.96263],[-93.2611026,44.9621612],[-93.2611041,44.9618721],[-93.2611044,44.9618135],[-93.2611049,44.9617641],[-93.26110305437017,44.96123414057554]]]},"properties":{"id":"alpr-branch-elliot-avenue-722","layer":"alpr_corridor","name":"Elliot Avenue","county":"Hennepin County","state":"MN","countyFips":"27053","confidence":"probabilistic","sourceDate":null,"attributes":{"kind":"branch","road":"Elliot Avenue","roadName":null,"roadClass":"residential","readerCount":1,"siteCount":1,"operatorCount":0,"operators":null,"unattributedReaders":1,"siteLngs":"-93.261025","siteLats":"44.962662","siteReaders":"1"}}},{"type":"Feature","geometry":{"type":"MultiLineString","coordinates":[[[-93.2645551,44.9591199],[-93.2638742,44.9591206],[-93.2637246,44.9591207],[-93.2631111,44.9591213],[-93.26266073001945,44.959121743222624],[-93.2625855,44.9591218]]]},"properties":{"id":"alpr-branch-east-24th-street-723","layer":"alpr_corridor","name":"East 24th Street","county":"Hennepin County","state":"MN","countyFips":"27053","confidence":"probabilistic","sourceDate":null,"attributes":{"kind":"branch","road":"East 24th Street","roadName":null,"roadClass":"tertiary","readerCount":1,"siteCount":1,"operatorCount":0,"operators":null,"unattributedReaders":1,"siteLngs":"-93.262661","siteLats":"44.959169","siteReaders":"1"}}},{"type":"Feature","geometry":{"type":"MultiLineString","coordinates":[[[-93.26254759177203,44.95196721707817],[-93.2625054,44.9519702],[-93.2619635,44.9519792]]]},"properties":{"id":"alpr-branch-east-28th-street-724","layer":"alpr_corridor","name":"East 28th Street","county":"Hennepin County","state":"MN","countyFips":"27053","confidence":"probabilistic","sourceDate":null,"attributes":{"kind":"branch","road":"East 28th Street","roadName":null,"roadClass":"tertiary","readerCount":1,"siteCount":1,"operatorCount":0,"operators":null,"unattributedReaders":1,"siteLngs":"-93.262554","siteLats":"44.952016","siteReaders":"1"}}},{"type":"Feature","geometry":{"type":"MultiLineString","coordinates":[[[-93.2645620319169,44.94472293942618],[-93.2645087,44.9447231],[-93.2639742,44.9447248],[-93.2639003,44.944725],[-93.2638225,44.9447253],[-93.2632856,44.944727],[-93.2627553,44.9447286],[-93.26252908227521,44.944729273408534],[-93.2625181,44.9447293],[-93.2619855,44.9447305],[-93.261436,44.9447318],[-93.2613557,44.9447329],[-93.2612792,44.9447328],[-93.2607383,44.9447387],[-93.26049619802077,44.94473890263819]]]},"properties":{"id":"alpr-branch-east-32nd-street-725","layer":"alpr_corridor","name":"East 32nd Street","county":"Hennepin County","state":"MN","countyFips":"27053","confidence":"probabilistic","sourceDate":null,"attributes":{"kind":"branch","road":"East 32nd Street","roadName":null,"roadClass":"residential","readerCount":1,"siteCount":1,"operatorCount":0,"operators":null,"unattributedReaders":1,"siteLngs":"-93.262529","siteLats":"44.944796","siteReaders":"1"}}},{"type":"Feature","geometry":{"type":"MultiLineString","coordinates":[[[-93.24724877159095,44.95646164158098],[-93.2472445,44.9564614],[-93.2470299,44.9564566],[-93.2461635,44.9564757],[-93.2458463,44.9564751],[-93.24521592875138,44.956474649842]]]},"properties":{"id":"alpr-branch-east-25th-1-2-street-726","layer":"alpr_corridor","name":"East 25th 1/2 Street","county":"Hennepin County","state":"MN","countyFips":"27053","confidence":"probabilistic","sourceDate":null,"attributes":{"kind":"branch","road":"East 25th 1/2 Street","roadName":null,"roadClass":"residential","readerCount":1,"siteCount":1,"operatorCount":0,"operators":null,"unattributedReaders":1,"siteLngs":"-93.247253","siteLats":"44.956422","siteReaders":"1"}}},{"type":"Feature","geometry":{"type":"MultiLineString","coordinates":[[[-93.259649898432,44.96264038902397],[-93.2596484,44.9626299],[-93.25964,44.9623659],[-93.2596418,44.9623533],[-93.2596444,44.9618816],[-93.2596452,44.9618189],[-93.2596468,44.9617639],[-93.25965539902393,44.9612017117134]]]},"properties":{"id":"alpr-branch-10th-avenue-south-727","layer":"alpr_corridor","name":"10th Avenue South","county":"Hennepin County","state":"MN","countyFips":"27053","confidence":"probabilistic","sourceDate":null,"attributes":{"kind":"branch","road":"10th Avenue South","roadName":null,"roadClass":"residential","readerCount":1,"siteCount":1,"operatorCount":0,"operators":null,"unattributedReaders":1,"siteLngs":"-93.259559","siteLats":"44.962647","siteReaders":"1"}}},{"type":"Feature","geometry":{"type":"MultiLineString","coordinates":[[[-93.265114,44.9623233],[-93.26511384635643,44.96263377962202],[-93.265114,44.9627]]]},"properties":{"id":"alpr-branch-cr-33-728","layer":"alpr_corridor","name":"CR 33 — Park Avenue","county":"Hennepin County","state":"MN","countyFips":"27053","confidence":"probabilistic","sourceDate":null,"attributes":{"kind":"branch","road":"CR 33","roadName":"Park Avenue","roadClass":"tertiary","readerCount":1,"siteCount":1,"operatorCount":0,"operators":null,"unattributedReaders":1,"siteLngs":"-93.265012","siteLats":"44.962634","siteReaders":"1"}}},{"type":"Feature","geometry":{"type":"MultiLineString","coordinates":[[[-93.27276415864344,44.96264303703965],[-93.2727629,44.9626106],[-93.2727552,44.9623049],[-93.2727452,44.9619125],[-93.2727456,44.9618741],[-93.272747,44.961613],[-93.2727475,44.9615371],[-93.27274930632117,44.9612042552181]]]},"properties":{"id":"alpr-branch-3rd-avenue-south-729","layer":"alpr_corridor","name":"3rd Avenue South","county":"Hennepin County","state":"MN","countyFips":"27053","confidence":"probabilistic","sourceDate":null,"attributes":{"kind":"branch","road":"3rd Avenue South","roadName":null,"roadClass":"tertiary","readerCount":1,"siteCount":1,"operatorCount":0,"operators":null,"unattributedReaders":1,"siteLngs":"-93.272680","siteLats":"44.962645","siteReaders":"1"}}},{"type":"Feature","geometry":{"type":"MultiLineString","coordinates":[[[-93.2796414,44.9519426],[-93.279641,44.9519025],[-93.27964091138072,44.95186988574057],[-93.2796446,44.9515548],[-93.2796461,44.9514234],[-93.2796454,44.9512713],[-93.2796513,44.9508301],[-93.2796459,44.9507483]]]},"properties":{"id":"alpr-branch-blaisdell-avenue-730","layer":"alpr_corridor","name":"Blaisdell Avenue","county":"Hennepin County","state":"MN","countyFips":"27053","confidence":"probabilistic","sourceDate":null,"attributes":{"kind":"branch","road":"Blaisdell Avenue","roadName":null,"roadClass":"tertiary","readerCount":1,"siteCount":1,"operatorCount":0,"operators":null,"unattributedReaders":1,"siteLngs":"-93.279576","siteLats":"44.951870","siteReaders":"1"}}},{"type":"Feature","geometry":{"type":"MultiLineString","coordinates":[[[-92.8191688,45.0533028],[-92.81806658895505,45.05329257649242],[-92.817952,45.053292],[-92.816703,45.053298],[-92.81602990847314,45.053306714817936]]]},"properties":{"id":"alpr-branch-olive-street-west-731","layer":"alpr_corridor","name":"Olive Street West","county":"Washington County","state":"MN","countyFips":"27163","confidence":"probabilistic","sourceDate":null,"attributes":{"kind":"branch","road":"Olive Street West","roadName":null,"roadClass":"residential","readerCount":1,"siteCount":1,"operatorCount":0,"operators":null,"unattributedReaders":1,"siteLngs":"-92.818066","siteLats":"45.053372","siteReaders":"1"}}},{"type":"Feature","geometry":{"type":"MultiLineString","coordinates":[[[-92.81032754155552,45.05387395447593],[-92.80838505586385,45.054306854950724],[-92.8081224,45.0543601]]]},"properties":{"id":"alpr-branch-olive-street-west-732","layer":"alpr_corridor","name":"Olive Street West","county":"Washington County","state":"MN","countyFips":"27163","confidence":"probabilistic","sourceDate":null,"attributes":{"kind":"branch","road":"Olive Street West","roadName":null,"roadClass":"residential","readerCount":1,"siteCount":1,"operatorCount":0,"operators":null,"unattributedReaders":1,"siteLngs":"-92.808337","siteLats":"45.054186","siteReaders":"1"}}},{"type":"Feature","geometry":{"type":"MultiLineString","coordinates":[[[-93.00282836218831,44.964932647074214],[-93.0030434,44.9647091],[-93.0034281,44.9643091],[-93.00397060571214,44.96374214533844],[-93.0041005,44.9636027],[-93.0042132,44.9634817],[-93.0043005,44.9633824],[-93.0044209,44.9632454],[-93.0045076,44.9631356],[-93.0045768,44.963048]]]},"properties":{"id":"alpr-branch-mn-5-733","layer":"alpr_corridor","name":"MN 5 — Stillwater Road","county":"Ramsey County","state":"MN","countyFips":"27123","confidence":"probabilistic","sourceDate":null,"attributes":{"kind":"branch","road":"MN 5","roadName":"Stillwater Road","roadClass":"secondary","readerCount":1,"siteCount":1,"operatorCount":0,"operators":null,"unattributedReaders":1,"siteLngs":"-93.004084","siteLats":"44.963796","siteReaders":"1"}}},{"type":"Feature","geometry":{"type":"MultiLineString","coordinates":[[[-93.1896468275068,45.10801620077375],[-93.1899737,45.1080336],[-93.1900432,45.1080391],[-93.1901906,45.1080483],[-93.1905486,45.108081],[-93.1911553,45.1081048],[-93.19167947960209,45.10809302367938],[-93.1919016,45.108071]]]},"properties":{"id":"alpr-branch-ch-3-734","layer":"alpr_corridor","name":"CH 3 — County Road I West","county":"Ramsey County","state":"MN","countyFips":"27123","confidence":"probabilistic","sourceDate":null,"attributes":{"kind":"branch","road":"CH 3","roadName":"County Road I West","roadClass":"tertiary","readerCount":1,"siteCount":1,"operatorCount":0,"operators":null,"unattributedReaders":1,"siteLngs":"-93.191690","siteLats":"45.108147","siteReaders":"1"}}},{"type":"Feature","geometry":{"type":"MultiLineString","coordinates":[[[-93.295654,44.959126],[-93.29564663118076,44.960007788916386],[-93.2956463,44.9600474],[-93.2956479,44.9608656],[-93.295648,44.9609263],[-93.2956475,44.9609981],[-93.29564433185102,44.96144669350786]]]},"properties":{"id":"alpr-branch-fremont-avenue-south-735","layer":"alpr_corridor","name":"Fremont Avenue South","county":"Hennepin County","state":"MN","countyFips":"27053","confidence":"probabilistic","sourceDate":null,"attributes":{"kind":"branch","road":"Fremont Avenue South","roadName":null,"roadClass":"residential","readerCount":1,"siteCount":1,"operatorCount":0,"operators":null,"unattributedReaders":1,"siteLngs":"-93.295531","siteLats":"44.960007","siteReaders":"1"}}},{"type":"Feature","geometry":{"type":"MultiLineString","coordinates":[[[-93.47894636951924,45.13514181205093],[-93.4795433,45.1351476],[-93.4796726,45.1351473],[-93.4797765,45.1351456],[-93.48098594406659,45.13513537345488],[-93.4813124,45.1351326],[-93.4819088,45.1351266],[-93.4820953,45.1351255],[-93.4822445,45.1351232],[-93.4824831,45.1351196],[-93.482652,45.135128],[-93.4828375,45.1351567],[-93.48301156696893,45.13519695298657]]]},"properties":{"id":"alpr-branch-grove-circle-north-736","layer":"alpr_corridor","name":"Grove Circle North","county":"Hennepin County","state":"MN","countyFips":"27053","confidence":"probabilistic","sourceDate":null,"attributes":{"kind":"branch","road":"Grove Circle North","roadName":null,"roadClass":"tertiary","readerCount":1,"siteCount":1,"operatorCount":1,"operators":"The Home Depot","unattributedReaders":0,"siteLngs":"-93.480987","siteLats":"45.135204","siteReaders":"1"}}},{"type":"Feature","geometry":{"type":"MultiLineString","coordinates":[[[-93.47778227915302,45.135084744300066],[-93.4779722,45.135098],[-93.4786151,45.1351386],[-93.4795433,45.1351476],[-93.4796726,45.1351473],[-93.47981840948854,45.13514524588014],[-93.4808298,45.1351367],[-93.4813124,45.1351326],[-93.481857992718,45.13512711113966]]]},"properties":{"id":"alpr-branch-grove-circle-north-737","layer":"alpr_corridor","name":"Grove Circle North","county":"Hennepin County","state":"MN","countyFips":"27053","confidence":"probabilistic","sourceDate":null,"attributes":{"kind":"branch","road":"Grove Circle North","roadName":null,"roadClass":"tertiary","readerCount":1,"siteCount":1,"operatorCount":1,"operators":"The Home Depot","unattributedReaders":0,"siteLngs":"-93.479823","siteLats":"45.135431","siteReaders":"1"}}},{"type":"Feature","geometry":{"type":"MultiLineString","coordinates":[[[-92.90667336820243,46.01108146114216],[-92.9087451713943,46.01108536584667],[-92.9107781,46.0110914],[-92.91081696366687,46.01109152570458]]]},"properties":{"id":"alpr-branch-mn-48-738","layer":"alpr_corridor","name":"MN 48 — Fire Monument Road","county":"Pine County","state":"MN","countyFips":"27115","confidence":"probabilistic","sourceDate":null,"attributes":{"kind":"branch","road":"MN 48","roadName":"Fire Monument Road","roadClass":"primary","readerCount":1,"siteCount":1,"operatorCount":0,"operators":null,"unattributedReaders":1,"siteLngs":"-92.908746","siteLats":"46.010998","siteReaders":"1"}}},{"type":"Feature","geometry":{"type":"MultiLineString","coordinates":[[[-93.2432102,44.8568181],[-93.24252408170882,44.85681745227901],[-93.2421846,44.8568206]]]},"properties":{"id":"alpr-branch-lindau-lane-739","layer":"alpr_corridor","name":"Lindau Lane","county":"Hennepin County","state":"MN","countyFips":"27053","confidence":"probabilistic","sourceDate":null,"attributes":{"kind":"branch","road":"Lindau Lane","roadName":null,"roadClass":"secondary","readerCount":1,"siteCount":1,"operatorCount":0,"operators":null,"unattributedReaders":1,"siteLngs":"-93.242524","siteLats":"44.856786","siteReaders":"1"}}},{"type":"Feature","geometry":{"type":"MultiLineString","coordinates":[[[-93.3267881,44.8651353],[-93.3268694,44.8651624],[-93.3269589,44.8651951],[-93.3270962,44.8652612],[-93.3272226,44.8653202],[-93.32743627532075,44.86541993268036],[-93.3274926,44.8654503],[-93.3275675,44.8654795],[-93.3276589,44.865507],[-93.3277334,44.8655224],[-93.3278856,44.8655457],[-93.3280276,44.8655624],[-93.3281124,44.8655664],[-93.3281747,44.8655689],[-93.3282255,44.8655692],[-93.3284995,44.8655707],[-93.328774,44.8655722],[-93.3289667,44.8655755],[-93.3292099,44.8655781],[-93.32942455586911,44.86558042359446]]]},"properties":{"id":"alpr-branch-west-76th-street-740","layer":"alpr_corridor","name":"West 76th Street","county":"Hennepin County","state":"MN","countyFips":"27053","confidence":"probabilistic","sourceDate":null,"attributes":{"kind":"branch","road":"West 76th Street","roadName":null,"roadClass":"tertiary","readerCount":1,"siteCount":1,"operatorCount":0,"operators":null,"unattributedReaders":1,"siteLngs":"-93.327328","siteLats":"44.865522","siteReaders":"1"}}},{"type":"Feature","geometry":{"type":"MultiLineString","coordinates":[[[-93.3287999,44.8669005],[-93.32856819397475,44.86690441657466],[-93.3279832,44.8669142],[-93.3272687,44.8669218],[-93.3267202,44.866927],[-93.3266313,44.8669279]]]},"properties":{"id":"alpr-branch-plaza-drive-741","layer":"alpr_corridor","name":"Plaza Drive","county":"Hennepin County","state":"MN","countyFips":"27053","confidence":"probabilistic","sourceDate":null,"attributes":{"kind":"branch","road":"Plaza Drive","roadName":null,"roadClass":"residential","readerCount":1,"siteCount":1,"operatorCount":0,"operators":null,"unattributedReaders":1,"siteLngs":"-93.328568","siteLats":"44.866905","siteReaders":"1"}}},{"type":"Feature","geometry":{"type":"MultiLineString","coordinates":[[[-93.4369188,44.8685967],[-93.4368785,44.8685105],[-93.4368218,44.8684119],[-93.4367772,44.868258],[-93.4367698,44.8681938],[-93.43675523595738,44.86798312016744],[-93.4367459,44.8679108],[-93.4367148,44.8678195],[-93.4366859,44.8677465],[-93.4366458,44.8676571],[-93.4365557,44.8675271],[-93.4364545,44.8674319],[-93.4362786,44.8673012],[-93.435838,44.8670016],[-93.43560860536337,44.866845582258]]]},"properties":{"id":"alpr-branch-plaza-drive-742","layer":"alpr_corridor","name":"Plaza Drive","county":"Hennepin County","state":"MN","countyFips":"27053","confidence":"probabilistic","sourceDate":null,"attributes":{"kind":"branch","road":"Plaza Drive","roadName":null,"roadClass":"tertiary","readerCount":1,"siteCount":1,"operatorCount":0,"operators":null,"unattributedReaders":1,"siteLngs":"-93.436830","siteLats":"44.867978","siteReaders":"1"}}},{"type":"Feature","geometry":{"type":"MultiLineString","coordinates":[[[-93.443324,44.8632467],[-93.4431973,44.8632477],[-93.4427525,44.8632504],[-93.4422843,44.8632541],[-93.44203930144558,44.86326226875199],[-93.4418291,44.8632721],[-93.4417153,44.8632811],[-93.4414895,44.8633009],[-93.4412389,44.8633281],[-93.4409731,44.8633664],[-93.4407494,44.8634018],[-93.4406484,44.86342],[-93.44004997253536,44.86353280684738]]]},"properties":{"id":"alpr-branch-plaza-drive-743","layer":"alpr_corridor","name":"Plaza Drive","county":"Hennepin County","state":"MN","countyFips":"27053","confidence":"probabilistic","sourceDate":null,"attributes":{"kind":"branch","road":"Plaza Drive","roadName":null,"roadClass":"tertiary","readerCount":1,"siteCount":1,"operatorCount":0,"operators":null,"unattributedReaders":1,"siteLngs":"-93.442038","siteLats":"44.863248","siteReaders":"1"}}},{"type":"Feature","geometry":{"type":"MultiLineString","coordinates":[[[-92.82871877296873,45.39019078538075],[-92.8285939,45.3901518],[-92.8280799,45.389985],[-92.8276561,45.389867],[-92.82683360835458,45.3896279458032],[-92.826774,45.3896135],[-92.8265691,45.3895827],[-92.8260616,45.3895187],[-92.825317,45.3894624],[-92.8249821,45.3894399],[-92.82480688221577,45.3894448192716]]]},"properties":{"id":"alpr-branch-us-8-745","layer":"alpr_corridor","name":"US 8 — Lake Boulevard","county":"Chisago County","state":"MN","countyFips":"27025","confidence":"probabilistic","sourceDate":null,"attributes":{"kind":"branch","road":"US 8","roadName":"Lake Boulevard","roadClass":"trunk","readerCount":1,"siteCount":1,"operatorCount":0,"operators":null,"unattributedReaders":1,"siteLngs":"-92.826798","siteLats":"45.389702","siteReaders":"1"}}},{"type":"Feature","geometry":{"type":"MultiLineString","coordinates":[[[-92.83341225538894,45.39102738949577],[-92.8333779,45.3910304],[-92.8325781,45.3910449],[-92.8313851860752,45.39088566786966],[-92.8308534,45.3907837],[-92.82945759331919,45.39040239237376]]]},"properties":{"id":"alpr-branch-us-8-746","layer":"alpr_corridor","name":"US 8 — Lake Boulevard","county":"Chisago County","state":"MN","countyFips":"27025","confidence":"probabilistic","sourceDate":null,"attributes":{"kind":"branch","road":"US 8","roadName":"Lake Boulevard","roadClass":"trunk","readerCount":1,"siteCount":1,"operatorCount":0,"operators":null,"unattributedReaders":1,"siteLngs":"-92.831413","siteLats":"45.390813","siteReaders":"1"}}},{"type":"Feature","geometry":{"type":"MultiLineString","coordinates":[[[-93.4022993873723,45.11709716646541],[-93.4023126,45.1170972],[-93.4033316,45.1171227],[-93.4034661,45.1171209],[-93.4035889,45.11714],[-93.403631,45.1171575],[-93.4038032,45.1172243]]]},"properties":{"id":"alpr-branch-1st-street-northwest-747","layer":"alpr_corridor","name":"1st Street Northwest","county":"Hennepin County","state":"MN","countyFips":"27053","confidence":"probabilistic","sourceDate":null,"attributes":{"kind":"branch","road":"1st Street Northwest","roadName":null,"roadClass":"residential","readerCount":1,"siteCount":1,"operatorCount":0,"operators":null,"unattributedReaders":1,"siteLngs":"-93.402300","siteLats":"45.117035","siteReaders":"1"}}},{"type":"Feature","geometry":{"type":"MultiLineString","coordinates":[[[-93.4022405,45.1160814],[-93.40221765717325,45.116316243476255],[-93.4022107,45.1165742],[-93.4021973,45.1169583],[-93.402195,45.117023]]]},"properties":{"id":"alpr-branch-central-avenue-748","layer":"alpr_corridor","name":"Central Avenue","county":"Hennepin County","state":"MN","countyFips":"27053","confidence":"probabilistic","sourceDate":null,"attributes":{"kind":"branch","road":"Central Avenue","roadName":null,"roadClass":"tertiary","readerCount":1,"siteCount":1,"operatorCount":0,"operators":null,"unattributedReaders":1,"siteLngs":"-93.402141","siteLats":"45.116315","siteReaders":"1"}}},{"type":"Feature","geometry":{"type":"MultiLineString","coordinates":[[[-93.04083325042025,45.18987338045702],[-93.04085669347891,45.188434562731054],[-93.040859,45.188293],[-93.04087343670885,45.18699569938282]]]},"properties":{"id":"alpr-branch-cr-54-750","layer":"alpr_corridor","name":"CR 54 — Country Highway 21","county":"Anoka County","state":"MN","countyFips":"27003","confidence":"probabilistic","sourceDate":null,"attributes":{"kind":"branch","road":"CR 54","roadName":"Country Highway 21","roadClass":"tertiary","readerCount":1,"siteCount":1,"operatorCount":0,"operators":null,"unattributedReaders":1,"siteLngs":"-93.041190","siteLats":"45.188437","siteReaders":"1"}}},{"type":"Feature","geometry":{"type":"MultiLineString","coordinates":[[[-93.0109916,45.2697223],[-93.0113263655181,45.26908805933427],[-93.0114272,45.2688892]]]},"properties":{"id":"alpr-branch-ch-33-751","layer":"alpr_corridor","name":"CH 33 — Everton Avenue North","county":"Washington County","state":"MN","countyFips":"27163","confidence":"probabilistic","sourceDate":null,"attributes":{"kind":"branch","road":"CH 33","roadName":"Everton Avenue North","roadClass":"tertiary","readerCount":1,"siteCount":1,"operatorCount":0,"operators":null,"unattributedReaders":1,"siteLngs":"-93.011185","siteLats":"45.269052","siteReaders":"1"}}},{"type":"Feature","geometry":{"type":"MultiLineString","coordinates":[[[-92.24207970146252,44.42500644332466],[-92.241791,44.424795],[-92.241193,44.424363],[-92.241053,44.424162],[-92.240992,44.424022],[-92.240992,44.423857],[-92.240992,44.423857],[-92.241027,44.423768]]]},"properties":{"id":"alpr-branch-camp-lakeview-road-752","layer":"alpr_corridor","name":"Camp Lakeview Road","county":"Wabasha County","state":"MN","countyFips":"27157","confidence":"probabilistic","sourceDate":null,"attributes":{"kind":"branch","road":"Camp Lakeview Road","roadName":null,"roadClass":"residential","readerCount":1,"siteCount":1,"operatorCount":1,"operators":"Lake City Police Department","unattributedReaders":0,"siteLngs":"-92.240833","siteLats":"44.423853","siteReaders":"1"}}},{"type":"Feature","geometry":{"type":"MultiLineString","coordinates":[[[-92.28676392263603,44.43304311442222],[-92.286723,44.433076],[-92.2854356650164,44.43412519203144],[-92.2852842,44.4342497],[-92.2852471,44.4342802],[-92.2852403,44.4342858],[-92.2851873,44.4343293],[-92.28411369992146,44.43521121405402]]]},"properties":{"id":"alpr-branch-us-63-753","layer":"alpr_corridor","name":"US 63 — West Lyon Avenue","county":"Wabasha County","state":"MN","countyFips":"27157","confidence":"probabilistic","sourceDate":null,"attributes":{"kind":"branch","road":"US 63","roadName":"West Lyon Avenue","roadClass":"primary","readerCount":1,"siteCount":1,"operatorCount":1,"operators":"Lake City Police Department","unattributedReaders":0,"siteLngs":"-92.285319","siteLats":"44.434052","siteReaders":"1"}}},{"type":"Feature","geometry":{"type":"MultiLineString","coordinates":[[[-92.41931750657467,44.290735887387854],[-92.4195581,44.2904236],[-92.4202866216854,44.28947523506866],[-92.4207296,44.2888985]]]},"properties":{"id":"alpr-branch-us-63-754","layer":"alpr_corridor","name":"US 63","county":"Wabasha County","state":"MN","countyFips":"27157","confidence":"probabilistic","sourceDate":null,"attributes":{"kind":"branch","road":"US 63","roadName":null,"roadClass":"primary","readerCount":1,"siteCount":1,"operatorCount":0,"operators":null,"unattributedReaders":1,"siteLngs":"-92.419768","siteLats":"44.289268","siteReaders":"1"}}},{"type":"Feature","geometry":{"type":"MultiLineString","coordinates":[[[-93.0442982272834,44.99925698657764],[-93.0440831,44.9992539],[-93.043815,44.9992499],[-93.0435864,44.9992467],[-93.043122,44.99924],[-93.0422636228427,44.999233257052964]]]},"properties":{"id":"alpr-branch-frost-avenue-755","layer":"alpr_corridor","name":"Frost Avenue","county":"Ramsey County","state":"MN","countyFips":"27123","confidence":"probabilistic","sourceDate":null,"attributes":{"kind":"branch","road":"Frost Avenue","roadName":null,"roadClass":"tertiary","readerCount":1,"siteCount":1,"operatorCount":0,"operators":null,"unattributedReaders":1,"siteLngs":"-93.044300","siteLats":"44.999209","siteReaders":"1"}}},{"type":"Feature","geometry":{"type":"MultiLineString","coordinates":[[[-93.0880349,44.9196993],[-93.08803375998852,44.9195574511775],[-93.08802279649528,44.918118559538414]]]},"properties":{"id":"alpr-branch-stryker-avenue-756","layer":"alpr_corridor","name":"Stryker Avenue","county":"Dakota County","state":"MN","countyFips":"27037","confidence":"probabilistic","sourceDate":null,"attributes":{"kind":"branch","road":"Stryker Avenue","roadName":null,"roadClass":"tertiary","readerCount":1,"siteCount":1,"operatorCount":0,"operators":null,"unattributedReaders":1,"siteLngs":"-93.087969","siteLats":"44.919558","siteReaders":"1"}}},{"type":"Feature","geometry":{"type":"MultiLineString","coordinates":[[[-94.2429442,45.610188],[-94.2429731,45.6092637],[-94.2429704,45.6091404],[-94.2429677,45.6090681],[-94.2429556,45.6089781],[-94.2429395,45.6089002],[-94.2429355,45.6088458],[-94.2429458,45.6087906],[-94.242958051334,45.608755483179216],[-94.2429664,45.6087351],[-94.2429945,45.60869],[-94.2430315,45.6086386]]]},"properties":{"id":"alpr-branch-19th-avenue-south-757","layer":"alpr_corridor","name":"19th Avenue South","county":"Stearns County","state":"MN","countyFips":"27145","confidence":"probabilistic","sourceDate":null,"attributes":{"kind":"branch","road":"19th Avenue South","roadName":null,"roadClass":"tertiary","readerCount":1,"siteCount":1,"operatorCount":0,"operators":null,"unattributedReaders":1,"siteLngs":"-94.242878","siteLats":"45.608739","siteReaders":"1"}}},{"type":"Feature","geometry":{"type":"MultiLineString","coordinates":[[[-94.22144445172398,45.5887877922017],[-94.221458807006,45.587348914689045],[-94.2214612,45.5870847],[-94.2214818,45.5864636],[-94.2214848,45.5863726]]]},"properties":{"id":"alpr-branch-pine-cone-road-south-758","layer":"alpr_corridor","name":"Pine Cone Road South","county":"Stearns County","state":"MN","countyFips":"27145","confidence":"probabilistic","sourceDate":null,"attributes":{"kind":"branch","road":"Pine Cone Road South","roadName":null,"roadClass":"secondary","readerCount":1,"siteCount":1,"operatorCount":0,"operators":null,"unattributedReaders":1,"siteLngs":"-94.221589","siteLats":"45.587350","siteReaders":"1"}}},{"type":"Feature","geometry":{"type":"MultiLineString","coordinates":[[[-93.4672838,45.2340525],[-93.4673071,45.2340976],[-93.4673031,45.2341298],[-93.4672874,45.2341635],[-93.4670229,45.2345628],[-93.4667361,45.2350342],[-93.46656054246263,45.2353207698573],[-93.4662516,45.2358227],[-93.46575456433828,45.23664301432837]]]},"properties":{"id":"alpr-branch-zeolite-street-northwest-759","layer":"alpr_corridor","name":"Zeolite Street Northwest","county":"Anoka County","state":"MN","countyFips":"27003","confidence":"probabilistic","sourceDate":null,"attributes":{"kind":"branch","road":"Zeolite Street Northwest","roadName":null,"roadClass":"unclassified","readerCount":1,"siteCount":1,"operatorCount":0,"operators":null,"unattributedReaders":1,"siteLngs":"-93.466702","siteLats":"45.235365","siteReaders":"1"}}},{"type":"Feature","geometry":{"type":"MultiLineString","coordinates":[[[-92.81980907905708,45.05485858370402],[-92.8191855,45.0548587],[-92.8185934,45.0548605],[-92.81777220853162,45.05485850542078],[-92.816766,45.054858],[-92.81573537278109,45.05485121397716]]]},"properties":{"id":"alpr-branch-myrtle-street-west-760","layer":"alpr_corridor","name":"Myrtle Street West","county":"Washington County","state":"MN","countyFips":"27163","confidence":"probabilistic","sourceDate":null,"attributes":{"kind":"branch","road":"Myrtle Street West","roadName":null,"roadClass":"tertiary","readerCount":1,"siteCount":1,"operatorCount":0,"operators":null,"unattributedReaders":1,"siteLngs":"-92.817772","siteLats":"45.054766","siteReaders":"1"}}},{"type":"Feature","geometry":{"type":"MultiLineString","coordinates":[[[-93.17533517061811,44.90416683388449],[-93.17330363630481,44.904166114961534],[-93.1732633,44.9041661],[-93.1722288,44.9041657],[-93.1721188,44.9041657]]]},"properties":{"id":"alpr-branch-saint-paul-avenue-761","layer":"alpr_corridor","name":"Saint Paul Avenue","county":"Ramsey County","state":"MN","countyFips":"27123","confidence":"probabilistic","sourceDate":null,"attributes":{"kind":"branch","road":"Saint Paul Avenue","roadName":null,"roadClass":"tertiary","readerCount":1,"siteCount":1,"operatorCount":0,"operators":null,"unattributedReaders":1,"siteLngs":"-93.173304","siteLats":"44.904079","siteReaders":"1"}}},{"type":"Feature","geometry":{"type":"MultiLineString","coordinates":[[[-93.1721201,44.9032679],[-93.1721202,44.9033049],[-93.1721201,44.9033553],[-93.1721259637077,44.90352814529766],[-93.1721271,44.9035542],[-93.1721287,44.9036501],[-93.1721262,44.9041019],[-93.1721188,44.9041657]]]},"properties":{"id":"alpr-branch-south-davern-street-762","layer":"alpr_corridor","name":"South Davern Street","county":"Ramsey County","state":"MN","countyFips":"27123","confidence":"probabilistic","sourceDate":null,"attributes":{"kind":"branch","road":"South Davern Street","roadName":null,"roadClass":"tertiary","readerCount":1,"siteCount":1,"operatorCount":0,"operators":null,"unattributedReaders":1,"siteLngs":"-93.172268","siteLats":"44.903525","siteReaders":"1"}}},{"type":"Feature","geometry":{"type":"MultiLineString","coordinates":[[[-93.1563138,44.8387394],[-93.156059,44.838744],[-93.155786,44.838731],[-93.155516,44.838695],[-93.155456,44.838683],[-93.155296,44.838651],[-93.155041,44.838583],[-93.1547,44.838471],[-93.15456818381332,44.8384352764758],[-93.154534,44.838426],[-93.15432,44.838377],[-93.154145,44.838346],[-93.153923,44.838324],[-93.153745,44.838315],[-93.153521,44.838315],[-93.153341,44.838325],[-93.153153,44.838347],[-93.15257439365301,44.8384275420035]]]},"properties":{"id":"alpr-branch-promenade-avenue-763","layer":"alpr_corridor","name":"Promenade Avenue","county":"Dakota County","state":"MN","countyFips":"27037","confidence":"probabilistic","sourceDate":null,"attributes":{"kind":"branch","road":"Promenade Avenue","roadName":null,"roadClass":"tertiary","readerCount":1,"siteCount":1,"operatorCount":0,"operators":null,"unattributedReaders":1,"siteLngs":"-93.154483","siteLats":"44.838596","siteReaders":"1"}}},{"type":"Feature","geometry":{"type":"MultiLineString","coordinates":[[[-93.3181405,45.043951],[-93.3183421,45.0439512],[-93.31910218605691,45.04394796428546],[-93.3191882,45.0439479],[-93.3193678,45.043953]]]},"properties":{"id":"alpr-branch-north-49th-avenue-764","layer":"alpr_corridor","name":"North 49th Avenue","county":"Hennepin County","state":"MN","countyFips":"27053","confidence":"probabilistic","sourceDate":null,"attributes":{"kind":"branch","road":"North 49th Avenue","roadName":null,"roadClass":"tertiary","readerCount":1,"siteCount":1,"operatorCount":0,"operators":null,"unattributedReaders":1,"siteLngs":"-93.319102","siteLats":"45.043822","siteReaders":"1"}}},{"type":"Feature","geometry":{"type":"MultiLineString","coordinates":[[[-92.98672171148903,44.85007104649927],[-92.98527822315386,44.8490595259597],[-92.984895,44.8487894]]]},"properties":{"id":"alpr-branch-ch-22-765","layer":"alpr_corridor","name":"CH 22 — 70th Street South","county":"Washington County","state":"MN","countyFips":"27163","confidence":"probabilistic","sourceDate":null,"attributes":{"kind":"branch","road":"CH 22","roadName":"70th Street South","roadClass":"secondary","readerCount":1,"siteCount":1,"operatorCount":0,"operators":null,"unattributedReaders":1,"siteLngs":"-92.985469","siteLats":"44.848922","siteReaders":"1"}}},{"type":"Feature","geometry":{"type":"MultiLineString","coordinates":[[[-92.8677631387248,44.847889779815475],[-92.8675984,44.847888],[-92.86573364393126,44.847879939275735],[-92.8654746,44.8478785],[-92.864492,44.8478751],[-92.86370412723105,44.84787203256578]]]},"properties":{"id":"alpr-branch-ch-22-766","layer":"alpr_corridor","name":"CH 22 — 70th Street South","county":"Washington County","state":"MN","countyFips":"27163","confidence":"probabilistic","sourceDate":null,"attributes":{"kind":"branch","road":"CH 22","roadName":"70th Street South","roadClass":"secondary","readerCount":1,"siteCount":1,"operatorCount":0,"operators":null,"unattributedReaders":1,"siteLngs":"-92.865731","siteLats":"44.848113","siteReaders":"1"}}},{"type":"Feature","geometry":{"type":"MultiLineString","coordinates":[[[-93.59250871308242,46.987710962544064],[-93.5925551,46.9877081],[-93.5931921,46.9876529],[-93.59456171678487,46.987395455047285],[-93.5956772,46.9871646],[-93.5963904,46.9870225],[-93.59658297748697,46.98698405367938]]]},"properties":{"id":"alpr-branch-mn-200-767","layer":"alpr_corridor","name":"MN 200 — State Highway 200","county":"Aitkin County","state":"MN","countyFips":"27001","confidence":"probabilistic","sourceDate":null,"attributes":{"kind":"branch","road":"MN 200","roadName":"State Highway 200","roadClass":"secondary","readerCount":1,"siteCount":1,"operatorCount":0,"operators":null,"unattributedReaders":1,"siteLngs":"-93.594585","siteLats":"46.987449","siteReaders":"1"}}},{"type":"Feature","geometry":{"type":"MultiLineString","coordinates":[[[-93.5496186,47.2370223],[-93.54962548984987,47.23604446998867],[-93.5496258,47.236001]]]},"properties":{"id":"alpr-branch-northwest-14th-avenue-768","layer":"alpr_corridor","name":"Northwest 14th Avenue","county":"Itasca County","state":"MN","countyFips":"27061","confidence":"probabilistic","sourceDate":null,"attributes":{"kind":"branch","road":"Northwest 14th Avenue","roadName":null,"roadClass":"residential","readerCount":1,"siteCount":1,"operatorCount":0,"operators":null,"unattributedReaders":1,"siteLngs":"-93.549575","siteLats":"47.236044","siteReaders":"1"}}},{"type":"Feature","geometry":{"type":"MultiLineString","coordinates":[[[-92.89303767696887,44.79795599700822],[-92.892974,44.797458],[-92.8929135,44.7970481],[-92.89284230871804,44.796523800360774],[-92.892802,44.796149],[-92.892806,44.795892]]]},"properties":{"id":"alpr-branch-kimbro-avenue-south-769","layer":"alpr_corridor","name":"Kimbro Avenue South","county":"Washington County","state":"MN","countyFips":"27163","confidence":"probabilistic","sourceDate":null,"attributes":{"kind":"branch","road":"Kimbro Avenue South","roadName":null,"roadClass":"tertiary","readerCount":1,"siteCount":1,"operatorCount":0,"operators":null,"unattributedReaders":1,"siteLngs":"-92.892749","siteLats":"44.796529","siteReaders":"1"}}},{"type":"Feature","geometry":{"type":"MultiLineString","coordinates":[[[-92.99423418043135,44.88838796629374],[-92.9931518,44.8884315]]]},"properties":{"id":"alpr-branch-ch-18-770","layer":"alpr_corridor","name":"CH 18 — Bailey Road","county":"Washington County","state":"MN","countyFips":"27163","confidence":"probabilistic","sourceDate":null,"attributes":{"kind":"branch","road":"CH 18","roadName":"Bailey Road","roadClass":"secondary","readerCount":1,"siteCount":1,"operatorCount":0,"operators":null,"unattributedReaders":1,"siteLngs":"-92.994233","siteLats":"44.888374","siteReaders":"1"}}},{"type":"Feature","geometry":{"type":"MultiLineString","coordinates":[[[-92.91321285144457,44.80459259895455],[-92.913583,44.804135],[-92.913707,44.803912],[-92.913784,44.803705],[-92.91382,44.803547],[-92.913845,44.803257],[-92.91384496849665,44.80325010470394]]]},"properties":{"id":"alpr-branch-cr-19a-771","layer":"alpr_corridor","name":"CR 19A — Innovation Road","county":"Washington County","state":"MN","countyFips":"27163","confidence":"probabilistic","sourceDate":null,"attributes":{"kind":"branch","road":"CR 19A","roadName":"Innovation Road","roadClass":"tertiary","readerCount":1,"siteCount":1,"operatorCount":0,"operators":null,"unattributedReaders":1,"siteLngs":"-92.913298","siteLats":"44.804628","siteReaders":"1"}}},{"type":"Feature","geometry":{"type":"MultiLineString","coordinates":[[[-92.9582338,44.8336057],[-92.9582358,44.8336479],[-92.95825230330665,44.83375233945796],[-92.9582767,44.8338681],[-92.9583176,44.8339746],[-92.9583726,44.8340759],[-92.9584021,44.8341187],[-92.9584383,44.8341662],[-92.9585208,44.8342561]]]},"properties":{"id":"alpr-branch-hardwood-avenue-south-772","layer":"alpr_corridor","name":"Hardwood Avenue South","county":"Washington County","state":"MN","countyFips":"27163","confidence":"probabilistic","sourceDate":null,"attributes":{"kind":"branch","road":"Hardwood Avenue South","roadName":null,"roadClass":"tertiary","readerCount":1,"siteCount":1,"operatorCount":0,"operators":null,"unattributedReaders":1,"siteLngs":"-92.958088","siteLats":"44.833770","siteReaders":"1"}}},{"type":"Feature","geometry":{"type":"MultiLineString","coordinates":[[[-92.974512,44.836623],[-92.974434,44.836625],[-92.97332,44.836634],[-92.97282740753712,44.83668398442448],[-92.972796,44.836688]]]},"properties":{"id":"alpr-branch-77th-street-773","layer":"alpr_corridor","name":"77th Street","county":"Washington County","state":"MN","countyFips":"27163","confidence":"probabilistic","sourceDate":null,"attributes":{"kind":"branch","road":"77th Street","roadName":null,"roadClass":"tertiary","readerCount":1,"siteCount":1,"operatorCount":0,"operators":null,"unattributedReaders":1,"siteLngs":"-92.972817","siteLats":"44.836642","siteReaders":"1"}}},{"type":"Feature","geometry":{"type":"MultiLineString","coordinates":[[[-92.86530259010256,44.79529317072638],[-92.865501,44.795474],[-92.865557,44.795527],[-92.8665273863078,44.79643990241991],[-92.867118,44.797003],[-92.8677346304088,44.797596009485886]]]},"properties":{"id":"alpr-branch-lehigh-road-south-774","layer":"alpr_corridor","name":"Lehigh Road South","county":"Washington County","state":"MN","countyFips":"27163","confidence":"probabilistic","sourceDate":null,"attributes":{"kind":"branch","road":"Lehigh Road South","roadName":null,"roadClass":"tertiary","readerCount":1,"siteCount":1,"operatorCount":0,"operators":null,"unattributedReaders":1,"siteLngs":"-92.866434","siteLats":"44.796490","siteReaders":"1"}}},{"type":"Feature","geometry":{"type":"MultiLineString","coordinates":[[[-92.94902141122503,44.861814063346],[-92.9490318,44.8617252],[-92.9490459,44.8615826],[-92.9490566,44.8614457],[-92.9490633,44.8613055],[-92.9490667,44.8611672],[-92.9490714,44.8608915],[-92.94908185393483,44.86037618987133]]]},"properties":{"id":"alpr-branch-ch-13-775","layer":"alpr_corridor","name":"CH 13 — Hinton Avenue South","county":"Washington County","state":"MN","countyFips":"27163","confidence":"probabilistic","sourceDate":null,"attributes":{"kind":"branch","road":"CH 13","roadName":"Hinton Avenue South","roadClass":"secondary","readerCount":1,"siteCount":1,"operatorCount":0,"operators":null,"unattributedReaders":1,"siteLngs":"-92.949423","siteLats":"44.861838","siteReaders":"1"}}},{"type":"Feature","geometry":{"type":"MultiLineString","coordinates":[[[-92.92648377097625,44.86280118368342],[-92.9263696,44.8627424],[-92.9262921,44.8627019],[-92.9259575,44.8625295],[-92.9252351,44.8621567],[-92.92484043607448,44.86195638767942],[-92.9242432,44.8616468],[-92.9237279,44.861384],[-92.92319787998926,44.861110850919054]]]},"properties":{"id":"alpr-branch-ch-20-776","layer":"alpr_corridor","name":"CH 20 — Military Road","county":"Washington County","state":"MN","countyFips":"27163","confidence":"probabilistic","sourceDate":null,"attributes":{"kind":"branch","road":"CH 20","roadName":"Military Road","roadClass":"tertiary","readerCount":1,"siteCount":1,"operatorCount":0,"operators":null,"unattributedReaders":1,"siteLngs":"-92.924867","siteLats":"44.861930","siteReaders":"1"}}},{"type":"Feature","geometry":{"type":"MultiLineString","coordinates":[[[-93.5177574709666,47.22784495613985],[-93.5169476,47.2278309],[-93.51563919457318,47.22781009607573]]]},"properties":{"id":"alpr-branch-southeast-4th-street-777","layer":"alpr_corridor","name":"Southeast 4th Street","county":"Itasca County","state":"MN","countyFips":"27061","confidence":"probabilistic","sourceDate":null,"attributes":{"kind":"branch","road":"Southeast 4th Street","roadName":null,"roadClass":"residential","readerCount":1,"siteCount":1,"operatorCount":0,"operators":null,"unattributedReaders":1,"siteLngs":"-93.517759","siteLats":"47.227796","siteReaders":"1"}}},{"type":"Feature","geometry":{"type":"MultiLineString","coordinates":[[[-93.8681692,45.1620088],[-93.8681287,45.1619122],[-93.8681136,45.161842],[-93.8681108,45.1617663],[-93.86813426589748,45.16145487829703],[-93.868138,45.1614071],[-93.8681585,45.1611775],[-93.8681726,45.1608088],[-93.868162,45.1604095]]]},"properties":{"id":"alpr-branch-mn-25-778","layer":"alpr_corridor","name":"MN 25 — State Highway 25","county":"Wright County","state":"MN","countyFips":"27171","confidence":"probabilistic","sourceDate":null,"attributes":{"kind":"branch","road":"MN 25","roadName":"State Highway 25","roadClass":"secondary","readerCount":1,"siteCount":1,"operatorCount":0,"operators":null,"unattributedReaders":1,"siteLngs":"-93.868186","siteLats":"45.161457","siteReaders":"1"}}},{"type":"Feature","geometry":{"type":"MultiLineString","coordinates":[[[-93.7903559,45.3093336],[-93.78986041110461,45.309694741683344],[-93.7898393,45.3097093]]]},"properties":{"id":"alpr-branch-mn-25-779","layer":"alpr_corridor","name":"MN 25 — State Highway 25","county":"Sherburne County","state":"MN","countyFips":"27141","confidence":"probabilistic","sourceDate":null,"attributes":{"kind":"branch","road":"MN 25","roadName":"State Highway 25","roadClass":"primary","readerCount":1,"siteCount":1,"operatorCount":0,"operators":null,"unattributedReaders":1,"siteLngs":"-93.789614","siteLats":"45.309515","siteReaders":"1"}}},{"type":"Feature","geometry":{"type":"MultiLineString","coordinates":[[[-93.79842731055928,45.29964521145543],[-93.7980984,45.3000973],[-93.797821,45.30048],[-93.7977289,45.3006071],[-93.7976418,45.3007166],[-93.79747985639094,45.30092027410507]]]},"properties":{"id":"alpr-branch-mn-25-780","layer":"alpr_corridor","name":"MN 25 — Pine Street","county":"Wright County","state":"MN","countyFips":"27171","confidence":"probabilistic","sourceDate":null,"attributes":{"kind":"branch","road":"MN 25","roadName":"Pine Street","roadClass":"primary","readerCount":1,"siteCount":1,"operatorCount":0,"operators":null,"unattributedReaders":1,"siteLngs":"-93.798262","siteLats":"45.299585","siteReaders":"1"}}},{"type":"Feature","geometry":{"type":"MultiLineString","coordinates":[[[-94.10507324912622,45.98244419229257],[-94.10517837291093,45.98388124950582],[-94.1051915,45.9840621],[-94.1052523,45.9848992],[-94.10527743306517,45.985318503303915]]]},"properties":{"id":"alpr-branch-mn-25-781","layer":"alpr_corridor","name":"MN 25 — Main Street North","county":"Morrison County","state":"MN","countyFips":"27097","confidence":"probabilistic","sourceDate":null,"attributes":{"kind":"branch","road":"MN 25","roadName":"Main Street North","roadClass":"primary","readerCount":1,"siteCount":1,"operatorCount":0,"operators":null,"unattributedReaders":1,"siteLngs":"-94.105278","siteLats":"45.983878","siteReaders":"1"}}},{"type":"Feature","geometry":{"type":"MultiLineString","coordinates":[[[-93.273153,45.138092],[-93.2730437,45.1381792],[-93.2730213,45.1381945],[-93.2727898,45.1383523],[-93.27264219776403,45.13844232568461],[-93.2726081,45.1384681],[-93.2721377,45.1386136],[-93.271981,45.138675],[-93.271878,45.138797],[-93.27181,45.139017],[-93.271813,45.139061],[-93.2718235,45.1392351],[-93.27184325163965,45.13956423129057]]]},"properties":{"id":"alpr-branch-springbrook-drive-northwest-784","layer":"alpr_corridor","name":"Springbrook Drive Northwest","county":"Anoka County","state":"MN","countyFips":"27003","confidence":"probabilistic","sourceDate":null,"attributes":{"kind":"branch","road":"Springbrook Drive Northwest","roadName":null,"roadClass":"residential","readerCount":1,"siteCount":1,"operatorCount":0,"operators":null,"unattributedReaders":1,"siteLngs":"-93.272590","siteLats":"45.138407","siteReaders":"1"}}},{"type":"Feature","geometry":{"type":"MultiLineString","coordinates":[[[-93.45387912391013,44.996748109130685],[-93.4538803,44.9968066],[-93.4538814,44.9973919],[-93.45388,44.9979174],[-93.4538669,44.9981252],[-93.45386588979211,44.99818680383697],[-93.453865,44.99839],[-93.453857,44.998501],[-93.453812,44.998611],[-93.453751,44.998711],[-93.453659,44.998806],[-93.4535968,44.9988689],[-93.453568,44.998898],[-93.453522,44.999004],[-93.453506,44.999115],[-93.45351,44.999204],[-93.453514,44.999283],[-93.4535166,44.9994595],[-93.4535173,44.9995082],[-93.45351815546324,44.999566180278975]]]},"properties":{"id":"alpr-branch-annapolis-lane-north-786","layer":"alpr_corridor","name":"Annapolis Lane North","county":"Hennepin County","state":"MN","countyFips":"27053","confidence":"probabilistic","sourceDate":null,"attributes":{"kind":"branch","road":"Annapolis Lane North","roadName":null,"roadClass":"unclassified","readerCount":1,"siteCount":1,"operatorCount":0,"operators":null,"unattributedReaders":1,"siteLngs":"-93.454044","siteLats":"44.998187","siteReaders":"1"}}},{"type":"Feature","geometry":{"type":"MultiLineString","coordinates":[[[-93.76684517953011,45.039465668722876],[-93.7668444,45.0395375],[-93.7668452,45.0395763],[-93.7668458,45.0400124],[-93.7668466,45.0405999],[-93.76684702377204,45.04090457444988]]]},"properties":{"id":"alpr-branch-cr-139-787","layer":"alpr_corridor","name":"CR 139 — County Road 139","county":"Hennepin County","state":"MN","countyFips":"27053","confidence":"probabilistic","sourceDate":null,"attributes":{"kind":"branch","road":"CR 139","roadName":"County Road 139","roadClass":"tertiary","readerCount":1,"siteCount":1,"operatorCount":0,"operators":null,"unattributedReaders":1,"siteLngs":"-93.766687","siteLats":"45.039465","siteReaders":"1"}}},{"type":"Feature","geometry":{"type":"MultiLineString","coordinates":[[[-95.17784463106585,45.14770452267972],[-95.1787404,45.1479335],[-95.17976276808581,45.14819477432822]]]},"properties":{"id":"alpr-branch-us-12-789","layer":"alpr_corridor","name":"US 12 — Pacific Avenue Southwest","county":"Kandiyohi County","state":"MN","countyFips":"27067","confidence":"probabilistic","sourceDate":null,"attributes":{"kind":"branch","road":"US 12","roadName":"Pacific Avenue Southwest","roadClass":"trunk","readerCount":1,"siteCount":1,"operatorCount":0,"operators":null,"unattributedReaders":1,"siteLngs":"-95.177896","siteLats":"45.147604","siteReaders":"1"}}},{"type":"Feature","geometry":{"type":"MultiLineString","coordinates":[[[-94.1799739,45.0788481],[-94.1801627,45.0789723],[-94.1803609,45.0790972],[-94.1805402,45.0791981],[-94.18092482296075,45.07938946524701],[-94.1809629,45.0794073],[-94.1810859,45.0794519],[-94.1813523,45.0795486],[-94.1817683,45.0796792],[-94.1819898,45.0797389],[-94.1822421,45.0797986],[-94.1825603,45.079857],[-94.1828011,45.0798921],[-94.18282189415835,45.079894934912936]]]},"properties":{"id":"alpr-branch-us-12-790","layer":"alpr_corridor","name":"US 12 — Cokato Street East","county":"Wright County","state":"MN","countyFips":"27171","confidence":"probabilistic","sourceDate":null,"attributes":{"kind":"branch","road":"US 12","roadName":"Cokato Street East","roadClass":"trunk","readerCount":1,"siteCount":1,"operatorCount":0,"operators":null,"unattributedReaders":1,"siteLngs":"-94.181015","siteLats":"45.079293","siteReaders":"1"}}},{"type":"Feature","geometry":{"type":"MultiLineString","coordinates":[[[-94.77521190411073,45.13902289109373],[-94.77725172340696,45.13903447900415],[-94.777574,45.1390372]]]},"properties":{"id":"alpr-branch-us-12-791","layer":"alpr_corridor","name":"US 12 — Pleasant Avenue East","county":"Kandiyohi County","state":"MN","countyFips":"27067","confidence":"probabilistic","sourceDate":null,"attributes":{"kind":"branch","road":"US 12","roadName":"Pleasant Avenue East","roadClass":"trunk","readerCount":1,"siteCount":1,"operatorCount":0,"operators":null,"unattributedReaders":1,"siteLngs":"-94.777250","siteLats":"45.139119","siteReaders":"1"}}},{"type":"Feature","geometry":{"type":"MultiLineString","coordinates":[[[-95.01348992340502,47.53621172853015],[-95.0134891,47.5361421],[-95.0133954,47.5352754],[-95.01328316067566,47.53478089605078],[-95.0131809,47.5344859],[-95.0130521,47.5341309],[-95.0128376,47.5335804],[-95.01272586134074,47.533393858363866]]]},"properties":{"id":"alpr-branch-mn-89-792","layer":"alpr_corridor","name":"MN 89 — State Highway 89","county":"Beltrami County","state":"MN","countyFips":"27007","confidence":"probabilistic","sourceDate":null,"attributes":{"kind":"branch","road":"MN 89","roadName":"State Highway 89","roadClass":"secondary","readerCount":1,"siteCount":1,"operatorCount":1,"operators":"Minnesota State Patrol","unattributedReaders":0,"siteLngs":"-95.013402","siteLats":"47.534762","siteReaders":"1"}}},{"type":"Feature","geometry":{"type":"MultiLineString","coordinates":[[[-93.2479088,44.8887651],[-93.2479281,44.8887484],[-93.2479589,44.8887305],[-93.2479869,44.8887244],[-93.2482158,44.8887256],[-93.2484556,44.8887269],[-93.2487451,44.8887285],[-93.2488456,44.8887242],[-93.2489096,44.8887145],[-93.2489771,44.8887007],[-93.2490412,44.8886845],[-93.2491206,44.8886549],[-93.2493513,44.8885759],[-93.2493513,44.8885759],[-93.2494497,44.8885637],[-93.249558,44.8885588],[-93.2500909,44.8885546],[-93.2501807,44.8885479],[-93.2502562,44.888535],[-93.2503083,44.8885247],[-93.2503293,44.8885205],[-93.2504078,44.8885045],[-93.2504854,44.8884886]]]},"properties":{"id":"alpr-branch-east-63rd-street-793","layer":"alpr_corridor","name":"East 63rd Street","county":"Hennepin County","state":"MN","countyFips":"27053","confidence":"probabilistic","sourceDate":null,"attributes":{"kind":"branch","road":"East 63rd Street","roadName":null,"roadClass":"residential","readerCount":1,"siteCount":1,"operatorCount":0,"operators":null,"unattributedReaders":1,"siteLngs":"-93.249183","siteLats":"44.888259","siteReaders":"1"}}},{"type":"Feature","geometry":{"type":"MultiLineString","coordinates":[[[-92.9872084430142,45.280762985934636],[-92.9872101,45.2804527],[-92.9872262,45.2798684],[-92.9872367261805,45.27932423575927],[-92.9872376,45.2792795],[-92.9872388,45.2792201]]]},"properties":{"id":"alpr-branch-northwest-3rd-street-796","layer":"alpr_corridor","name":"Northwest 3rd Street","county":"Washington County","state":"MN","countyFips":"27163","confidence":"probabilistic","sourceDate":null,"attributes":{"kind":"branch","road":"Northwest 3rd Street","roadName":null,"roadClass":"residential","readerCount":1,"siteCount":1,"operatorCount":0,"operators":null,"unattributedReaders":1,"siteLngs":"-92.987356","siteLats":"45.279325","siteReaders":"1"}}},{"type":"Feature","geometry":{"type":"MultiLineString","coordinates":[[[-93.37665745786663,44.91353127563098],[-93.37868843288828,44.913573872056276],[-93.378744,44.9135753],[-93.3806072,44.913581],[-93.3807202449902,44.91358136692089]]]},"properties":{"id":"alpr-branch-interlachen-boulevard-797","layer":"alpr_corridor","name":"Interlachen Boulevard","county":"Hennepin County","state":"MN","countyFips":"27053","confidence":"probabilistic","sourceDate":null,"attributes":{"kind":"branch","road":"Interlachen Boulevard","roadName":null,"roadClass":"tertiary","readerCount":1,"siteCount":1,"operatorCount":0,"operators":null,"unattributedReaders":1,"siteLngs":"-93.378683","siteLats":"44.913675","siteReaders":"1"}}},{"type":"Feature","geometry":{"type":"MultiLineString","coordinates":[[[-93.35400013679318,44.86561165081734],[-93.354012,44.865528],[-93.354017,44.8654393],[-93.354027,44.865261],[-93.3540251,44.8651901],[-93.354018,44.8649188],[-93.3540112,44.8646635],[-93.35400010850606,44.864173539340364],[-93.3539991,44.8641284]]]},"properties":{"id":"alpr-branch-metro-boulevard-798","layer":"alpr_corridor","name":"Metro Boulevard","county":"Hennepin County","state":"MN","countyFips":"27053","confidence":"probabilistic","sourceDate":null,"attributes":{"kind":"branch","road":"Metro Boulevard","roadName":null,"roadClass":"tertiary","readerCount":1,"siteCount":1,"operatorCount":0,"operators":null,"unattributedReaders":1,"siteLngs":"-93.354065","siteLats":"44.864173","siteReaders":"1"}}},{"type":"Feature","geometry":{"type":"MultiLineString","coordinates":[[[-92.4889981,44.065315],[-92.48934801780534,44.065318236846934],[-92.4897037,44.0653208],[-92.4898125,44.0653216],[-92.4900025,44.0653167],[-92.4901671,44.0653077],[-92.4902872,44.0652945],[-92.4904316,44.0652748]]]},"properties":{"id":"alpr-branch-41st-street-northwest-800","layer":"alpr_corridor","name":"41st Street Northwest","county":"Olmsted County","state":"MN","countyFips":"27109","confidence":"probabilistic","sourceDate":null,"attributes":{"kind":"branch","road":"41st Street Northwest","roadName":null,"roadClass":"secondary","readerCount":1,"siteCount":1,"operatorCount":0,"operators":null,"unattributedReaders":1,"siteLngs":"-92.489347","siteLats":"44.065363","siteReaders":"1"}}},{"type":"Feature","geometry":{"type":"MultiLineString","coordinates":[[[-92.4973449,44.0653197],[-92.49849296024911,44.06532267786772],[-92.498775,44.0653234],[-92.4989422,44.0653264]]]},"properties":{"id":"alpr-branch-41st-street-northwest-801","layer":"alpr_corridor","name":"41st Street Northwest","county":"Olmsted County","state":"MN","countyFips":"27109","confidence":"probabilistic","sourceDate":null,"attributes":{"kind":"branch","road":"41st Street Northwest","roadName":null,"roadClass":"secondary","readerCount":1,"siteCount":1,"operatorCount":0,"operators":null,"unattributedReaders":1,"siteLngs":"-92.498493","siteLats":"44.065233","siteReaders":"1"}}},{"type":"Feature","geometry":{"type":"MultiLineString","coordinates":[[[-93.41628439456672,48.59966916892364],[-93.4172843,48.5996698],[-93.4173725,48.5996731],[-93.4174539,48.5996708],[-93.41845997565405,48.59967632592711],[-93.41889,48.599679],[-93.4191429,48.5996841],[-93.4192326,48.5996899],[-93.4193097,48.5997022],[-93.4193602,48.5997207],[-93.4193982,48.5997458],[-93.4194514,48.5997934]]]},"properties":{"id":"alpr-branch-6th-street-802","layer":"alpr_corridor","name":"6th Street","county":"Koochiching County","state":"MN","countyFips":"27071","confidence":"probabilistic","sourceDate":null,"attributes":{"kind":"branch","road":"6th Street","roadName":null,"roadClass":"residential","readerCount":1,"siteCount":1,"operatorCount":0,"operators":null,"unattributedReaders":1,"siteLngs":"-93.418463","siteLats":"48.599475","siteReaders":"1"}}},{"type":"Feature","geometry":{"type":"MultiLineString","coordinates":[[[-95.1287011,44.21154755851798],[-95.1287011,44.2116092],[-95.128681,44.212368],[-95.128678,44.212537],[-95.12867208407411,44.21298630065582],[-95.128664,44.213545],[-95.12865134030643,44.214425136423095]]]},"properties":{"id":"alpr-branch-cr-115-803","layer":"alpr_corridor","name":"CR 115 — North Main Street","county":"Redwood County","state":"MN","countyFips":"27127","confidence":"probabilistic","sourceDate":null,"attributes":{"kind":"branch","road":"CR 115","roadName":"North Main Street","roadClass":"tertiary","readerCount":1,"siteCount":1,"operatorCount":0,"operators":null,"unattributedReaders":1,"siteLngs":"-95.128818","siteLats":"44.212987","siteReaders":"1"}}},{"type":"Feature","geometry":{"type":"MultiLineString","coordinates":[[[-94.43686975977131,44.89394080830795],[-94.43685948963262,44.89537970249631],[-94.4368594,44.8953811],[-94.4368003,44.8956368],[-94.4367249,44.8958948],[-94.4366231,44.8961482],[-94.4364985,44.8963852],[-94.4363311,44.8966572],[-94.4362607207078,44.896746011963955]]]},"properties":{"id":"alpr-branch-cr-115-804","layer":"alpr_corridor","name":"CR 115 — Vale Avenue","county":"McLeod County","state":"MN","countyFips":"27085","confidence":"probabilistic","sourceDate":null,"attributes":{"kind":"branch","road":"CR 115","roadName":"Vale Avenue","roadClass":"tertiary","readerCount":1,"siteCount":1,"operatorCount":0,"operators":null,"unattributedReaders":1,"siteLngs":"-94.436976","siteLats":"44.895384","siteReaders":"1"}}},{"type":"Feature","geometry":{"type":"MultiLineString","coordinates":[[[-93.96645091116336,44.28493092845056],[-93.96642576796276,44.286369728453025],[-93.9664132,44.2870029],[-93.96641959230365,44.28780856412476]]]},"properties":{"id":"alpr-branch-south-webster-street-805","layer":"alpr_corridor","name":"South Webster Street","county":"Le Sueur County","state":"MN","countyFips":"27079","confidence":"probabilistic","sourceDate":null,"attributes":{"kind":"branch","road":"South Webster Street","roadName":null,"roadClass":"residential","readerCount":1,"siteCount":1,"operatorCount":0,"operators":null,"unattributedReaders":1,"siteLngs":"-93.966763","siteLats":"44.286373","siteReaders":"1"}}},{"type":"Feature","geometry":{"type":"MultiLineString","coordinates":[[[-93.966404,44.2901286],[-93.96639852673682,44.291266019894586],[-93.9663941,44.2921997]]]},"properties":{"id":"alpr-branch-cr-43-806","layer":"alpr_corridor","name":"CR 43 — South Webster Street","county":"Le Sueur County","state":"MN","countyFips":"27079","confidence":"probabilistic","sourceDate":null,"attributes":{"kind":"branch","road":"CR 43","roadName":"South Webster Street","roadClass":"tertiary","readerCount":1,"siteCount":1,"operatorCount":0,"operators":null,"unattributedReaders":1,"siteLngs":"-93.966269","siteLats":"44.291266","siteReaders":"1"}}},{"type":"Feature","geometry":{"type":"MultiLineString","coordinates":[[[-92.0981979,46.7869534],[-92.0983386486458,46.78684234709775],[-92.0994374,46.7859753]]]},"properties":{"id":"alpr-branch-west-superior-street-807","layer":"alpr_corridor","name":"West Superior Street","county":"St. Louis County","state":"MN","countyFips":"27137","confidence":"probabilistic","sourceDate":null,"attributes":{"kind":"branch","road":"West Superior Street","roadName":null,"roadClass":"primary","readerCount":1,"siteCount":1,"operatorCount":1,"operators":"Duluth Police Department","unattributedReaders":0,"siteLngs":"-92.098238","siteLats":"46.786782","siteReaders":"1"}}},{"type":"Feature","geometry":{"type":"MultiLineString","coordinates":[[[-92.9335554,44.8158845],[-92.9334896,44.8159685],[-92.933428,44.8160638],[-92.9330339828209,44.81646413169416],[-92.932423,44.81706],[-92.9322169,44.8172706],[-92.9319654,44.8175277],[-92.9319073,44.8175871],[-92.93185739476665,44.81763614849114]]]},"properties":{"id":"alpr-branch-jamaica-avenue-south-808","layer":"alpr_corridor","name":"Jamaica Avenue South","county":"Washington County","state":"MN","countyFips":"27163","confidence":"probabilistic","sourceDate":null,"attributes":{"kind":"branch","road":"Jamaica Avenue South","roadName":null,"roadClass":"secondary","readerCount":1,"siteCount":1,"operatorCount":0,"operators":null,"unattributedReaders":1,"siteLngs":"-92.932965","siteLats":"44.816428","siteReaders":"1"}}},{"type":"Feature","geometry":{"type":"MultiLineString","coordinates":[[[-92.9220588,44.847975],[-92.9220139,44.8479019],[-92.9220031,44.8478819],[-92.9219907,44.8478496],[-92.921979,44.8478088],[-92.9219669,44.8477657],[-92.9219566,44.8477108],[-92.9219511,44.8476645],[-92.9219484,44.847627],[-92.92193449514353,44.84704028562167],[-92.921931,44.846886],[-92.921942,44.846614],[-92.922054,44.846242],[-92.922238,44.845868],[-92.92240207616004,44.84566264681857]]]},"properties":{"id":"alpr-branch-jamaica-avenue-south-809","layer":"alpr_corridor","name":"Jamaica Avenue South","county":"Washington County","state":"MN","countyFips":"27163","confidence":"probabilistic","sourceDate":null,"attributes":{"kind":"branch","road":"Jamaica Avenue South","roadName":null,"roadClass":"tertiary","readerCount":1,"siteCount":1,"operatorCount":0,"operators":null,"unattributedReaders":1,"siteLngs":"-92.921994","siteLats":"44.847040","siteReaders":"1"}}},{"type":"Feature","geometry":{"type":"MultiLineString","coordinates":[[[-93.55088086846064,45.29956946676852],[-93.5508703,45.2995537],[-93.5508283,45.2994659],[-93.5508119,45.299386],[-93.5508092,45.2990142],[-93.5508099,45.298826],[-93.550818,45.2985823],[-93.5508265,45.2983823],[-93.55085914658969,45.298139127643445],[-93.5508612,45.2981273],[-93.5509388,45.2977499],[-93.5509623,45.2976178],[-93.5509714,45.2975197],[-93.5509757,45.2974776],[-93.5509733,45.2973484],[-93.5509641,45.2972691],[-93.5509427,45.297188],[-93.5509026,45.2971038],[-93.5508435,45.2970214],[-93.550777,45.2969554]]]},"properties":{"id":"alpr-branch-zane-street-northwest-810","layer":"alpr_corridor","name":"Zane Street Northwest","county":"Sherburne County","state":"MN","countyFips":"27141","confidence":"probabilistic","sourceDate":null,"attributes":{"kind":"branch","road":"Zane Street Northwest","roadName":null,"roadClass":"tertiary","readerCount":1,"siteCount":1,"operatorCount":0,"operators":null,"unattributedReaders":1,"siteLngs":"-93.550522","siteLats":"45.298110","siteReaders":"1"}}},{"type":"Feature","geometry":{"type":"MultiLineString","coordinates":[[[-93.550777,45.2969554],[-93.5506903,45.2968819],[-93.5505207,45.2967624],[-93.5503487,45.2966666],[-93.5502427,45.2966269],[-93.550131,45.2965975],[-93.5500048,45.2965756],[-93.5498627,45.2965654],[-93.54915409841844,45.296578939184656],[-93.5489455,45.2965838],[-93.5481619,45.2965916],[-93.5475096,45.2966116],[-93.5473113,45.2966146],[-93.547135,45.2966161]]]},"properties":{"id":"alpr-branch-179th-avenue-northwest-811","layer":"alpr_corridor","name":"179th Avenue Northwest","county":"Sherburne County","state":"MN","countyFips":"27141","confidence":"probabilistic","sourceDate":null,"attributes":{"kind":"branch","road":"179th Avenue Northwest","roadName":null,"roadClass":"tertiary","readerCount":1,"siteCount":1,"operatorCount":0,"operators":null,"unattributedReaders":1,"siteLngs":"-93.549162","siteLats":"45.296749","siteReaders":"1"}}},{"type":"Feature","geometry":{"type":"MultiLineString","coordinates":[[[-94.5103248474391,44.72368485628723],[-94.51234692978178,44.72376447446361],[-94.51436908778378,44.72384322716662]]]},"properties":{"id":"alpr-branch-us-212-813","layer":"alpr_corridor","name":"US 212","county":"Renville County","state":"MN","countyFips":"27129","confidence":"probabilistic","sourceDate":null,"attributes":{"kind":"branch","road":"US 212","roadName":null,"roadClass":"trunk","readerCount":1,"siteCount":1,"operatorCount":0,"operators":null,"unattributedReaders":1,"siteLngs":"-94.512339","siteLats":"44.723863","siteReaders":"1"}}},{"type":"Feature","geometry":{"type":"MultiLineString","coordinates":[[[-95.05127743510498,44.78520360733466],[-95.05323832540454,44.78556903965446]]]},"properties":{"id":"alpr-branch-us-212-814","layer":"alpr_corridor","name":"US 212","county":"Renville County","state":"MN","countyFips":"27129","confidence":"probabilistic","sourceDate":null,"attributes":{"kind":"branch","road":"US 212","roadName":null,"roadClass":"trunk","readerCount":1,"siteCount":1,"operatorCount":0,"operators":null,"unattributedReaders":1,"siteLngs":"-95.051260","siteLats":"44.785251","siteReaders":"1"}}},{"type":"Feature","geometry":{"type":"MultiLineString","coordinates":[[[-92.8063002,45.0586166],[-92.8062489,45.0586303],[-92.8061137,45.0586582],[-92.8059324,45.0586957],[-92.80578043749495,45.058726808432404],[-92.8057182,45.0587395],[-92.8056358,45.0587564],[-92.8054628,45.0587956]]]},"properties":{"id":"alpr-branch-mulberry-street-east-817","layer":"alpr_corridor","name":"Mulberry Street East","county":"Washington County","state":"MN","countyFips":"27163","confidence":"probabilistic","sourceDate":null,"attributes":{"kind":"branch","road":"Mulberry Street East","roadName":null,"roadClass":"unclassified","readerCount":1,"siteCount":1,"operatorCount":0,"operators":null,"unattributedReaders":1,"siteLngs":"-92.805811","siteLats":"45.058803","siteReaders":"1"}}},{"type":"Feature","geometry":{"type":"MultiLineString","coordinates":[[[-92.8051097,45.0542179],[-92.8050265,45.0542884],[-92.8045585,45.0543921],[-92.8044438,45.0544175],[-92.8043747,45.0544305],[-92.80418343737311,45.054466393254536],[-92.8040601,45.0544896],[-92.8038692,45.0545337],[-92.8038592,45.0545358]]]},"properties":{"id":"alpr-branch-nelson-street-east-818","layer":"alpr_corridor","name":"Nelson Street East","county":"Washington County","state":"MN","countyFips":"27163","confidence":"probabilistic","sourceDate":null,"attributes":{"kind":"branch","road":"Nelson Street East","roadName":null,"roadClass":"unclassified","readerCount":1,"siteCount":1,"operatorCount":0,"operators":null,"unattributedReaders":1,"siteLngs":"-92.804202","siteLats":"45.054517","siteReaders":"1"}}},{"type":"Feature","geometry":{"type":"MultiLineString","coordinates":[[[-92.80947330338886,45.05751073280164],[-92.8092888,45.0570722],[-92.8091507,45.0567439],[-92.809098,45.0566188],[-92.80888938863764,45.05613221290498],[-92.8088728,45.056094],[-92.8088457,45.0560316]]]},"properties":{"id":"alpr-branch-3rd-street-north-819","layer":"alpr_corridor","name":"3rd Street North","county":"Washington County","state":"MN","countyFips":"27163","confidence":"probabilistic","sourceDate":null,"attributes":{"kind":"branch","road":"3rd Street North","roadName":null,"roadClass":"residential","readerCount":1,"siteCount":1,"operatorCount":0,"operators":null,"unattributedReaders":1,"siteLngs":"-92.808806","siteLats":"45.056151","siteReaders":"1"}}},{"type":"Feature","geometry":{"type":"MultiLineString","coordinates":[[[-92.84870378940488,45.031808057133],[-92.8489244,45.0319228],[-92.8498439,45.0324103],[-92.849974,45.032469],[-92.850161,45.032567],[-92.85034260976188,45.032661476697406],[-92.850505,45.032746],[-92.851158,45.033069],[-92.8516293,45.0333023],[-92.85200768318836,45.033489564537796]]]},"properties":{"id":"alpr-branch-58th-street-north-820","layer":"alpr_corridor","name":"58th Street North","county":"Washington County","state":"MN","countyFips":"27163","confidence":"probabilistic","sourceDate":null,"attributes":{"kind":"branch","road":"58th Street North","roadName":null,"roadClass":"tertiary","readerCount":1,"siteCount":1,"operatorCount":0,"operators":null,"unattributedReaders":1,"siteLngs":"-92.850249","siteLats":"45.032753","siteReaders":"1"}}},{"type":"Feature","geometry":{"type":"MultiLineString","coordinates":[[[-92.9319570128082,44.93957749594825],[-92.9319576,44.9395373],[-92.9319634,44.9394159],[-92.9319767,44.9392557],[-92.9319986,44.9390089],[-92.9320196,44.9388001],[-92.9320346,44.9386471],[-92.9320432,44.9385465],[-92.9320454,44.9384603],[-92.9320439,44.9383805],[-92.9320378,44.9383112],[-92.9320049072729,44.93814225057697],[-92.9320044,44.93814],[-92.9319557,44.9379692],[-92.9319174,44.9378243]]]},"properties":{"id":"alpr-branch-commons-drive-821","layer":"alpr_corridor","name":"Commons Drive","county":"Washington County","state":"MN","countyFips":"27163","confidence":"probabilistic","sourceDate":null,"attributes":{"kind":"branch","road":"Commons Drive","roadName":null,"roadClass":"unclassified","readerCount":1,"siteCount":1,"operatorCount":0,"operators":null,"unattributedReaders":1,"siteLngs":"-92.932113","siteLats":"44.938130","siteReaders":"1"}}},{"type":"Feature","geometry":{"type":"MultiLineString","coordinates":[[[-93.38981631926588,45.216049332272846],[-93.3905445,45.2160487],[-93.3906918,45.2160504],[-93.3907981,45.2160792],[-93.3909068,45.2161393],[-93.3914429,45.2164659],[-93.39164837615614,45.21647888616675]]]},"properties":{"id":"alpr-branch-mckinley-street-northeast-822","layer":"alpr_corridor","name":"McKinley Street Northeast","county":"Anoka County","state":"MN","countyFips":"27003","confidence":"probabilistic","sourceDate":null,"attributes":{"kind":"branch","road":"McKinley Street Northeast","roadName":null,"roadClass":"residential","readerCount":1,"siteCount":1,"operatorCount":0,"operators":null,"unattributedReaders":1,"siteLngs":"-93.389816","siteLats":"45.215864","siteReaders":"1"}}},{"type":"Feature","geometry":{"type":"MultiLineString","coordinates":[[[-92.46225069720221,47.49179513069857],[-92.4623179,47.4917257],[-92.4627685,47.49126],[-92.463345,47.4906625],[-92.4633917198495,47.49058219713502],[-92.4634313,47.4904954]]]},"properties":{"id":"alpr-branch-mn-37-823","layer":"alpr_corridor","name":"MN 37 — North Broadway","county":"St. Louis County","state":"MN","countyFips":"27137","confidence":"probabilistic","sourceDate":null,"attributes":{"kind":"branch","road":"MN 37","roadName":"North Broadway","roadClass":"secondary","readerCount":1,"siteCount":1,"operatorCount":0,"operators":null,"unattributedReaders":1,"siteLngs":"-92.463374","siteLats":"47.490578","siteReaders":"1"}}},{"type":"Feature","geometry":{"type":"MultiLineString","coordinates":[[[-92.47136136712425,47.48214589581041],[-92.4713285,47.4821796],[-92.4706316,47.482905],[-92.4705896,47.4829492],[-92.47020505392082,47.4833541127352]]]},"properties":{"id":"alpr-branch-mn-37-824","layer":"alpr_corridor","name":"MN 37 — South Broadway","county":"St. Louis County","state":"MN","countyFips":"27137","confidence":"probabilistic","sourceDate":null,"attributes":{"kind":"branch","road":"MN 37","roadName":"South Broadway","roadClass":"secondary","readerCount":1,"siteCount":1,"operatorCount":0,"operators":null,"unattributedReaders":1,"siteLngs":"-92.471400","siteLats":"47.482163","siteReaders":"1"}}},{"type":"Feature","geometry":{"type":"MultiLineString","coordinates":[[[-93.0047608,45.2794805],[-93.00658500292369,45.279431572725414],[-93.0065927,45.2794314],[-93.0066721,45.2794314]]]},"properties":{"id":"alpr-branch-ch-2-825","layer":"alpr_corridor","name":"CH 2 — West Broadway Avenue","county":"Washington County","state":"MN","countyFips":"27163","confidence":"probabilistic","sourceDate":null,"attributes":{"kind":"branch","road":"CH 2","roadName":"West Broadway Avenue","roadClass":"secondary","readerCount":1,"siteCount":1,"operatorCount":0,"operators":null,"unattributedReaders":1,"siteLngs":"-93.006592","siteLats":"45.279579","siteReaders":"1"}}},{"type":"Feature","geometry":{"type":"MultiLineString","coordinates":[[[-93.01922198801402,45.28642969137884],[-93.0183764,45.2864267],[-93.0179142,45.2864185],[-93.0172097,45.2863629],[-93.0171827497893,45.28635679062259]]]},"properties":{"id":"alpr-branch-ch-2-826","layer":"alpr_corridor","name":"CH 2 — West Broadway Avenue","county":"Washington County","state":"MN","countyFips":"27163","confidence":"probabilistic","sourceDate":null,"attributes":{"kind":"branch","road":"CH 2","roadName":"West Broadway Avenue","roadClass":"secondary","readerCount":1,"siteCount":1,"operatorCount":0,"operators":null,"unattributedReaders":1,"siteLngs":"-93.019223","siteLats":"45.286343","siteReaders":"1"}}},{"type":"Feature","geometry":{"type":"MultiLineString","coordinates":[[[-95.09235265834457,46.32404765708344],[-95.0939932054824,46.32493475526715],[-95.0941107,46.3249981]]]},"properties":{"id":"alpr-branch-us-71-827","layer":"alpr_corridor","name":"US 71","county":"Todd County","state":"MN","countyFips":"27153","confidence":"probabilistic","sourceDate":null,"attributes":{"kind":"branch","road":"US 71","roadName":null,"roadClass":"primary","readerCount":1,"siteCount":1,"operatorCount":0,"operators":null,"unattributedReaders":1,"siteLngs":"-95.094056","siteLats":"46.324878","siteReaders":"1"}}},{"type":"Feature","geometry":{"type":"MultiLineString","coordinates":[[[-94.93775609327356,45.82937668919272],[-94.93646271745352,45.83049840131268],[-94.936382,45.8305661]]]},"properties":{"id":"alpr-branch-us-71-829","layer":"alpr_corridor","name":"US 71","county":"Todd County","state":"MN","countyFips":"27153","confidence":"probabilistic","sourceDate":null,"attributes":{"kind":"branch","road":"US 71","roadName":null,"roadClass":"primary","readerCount":1,"siteCount":1,"operatorCount":0,"operators":null,"unattributedReaders":1,"siteLngs":"-94.936194","siteLats":"45.830341","siteReaders":"1"}}},{"type":"Feature","geometry":{"type":"MultiLineString","coordinates":[[[-95.05926249093771,46.90428107827136],[-95.05892360520066,46.90570124124136],[-95.058765,46.9061561],[-95.0587449,46.9062426]]]},"properties":{"id":"alpr-branch-us-71-830","layer":"alpr_corridor","name":"US 71","county":"Hubbard County","state":"MN","countyFips":"27057","confidence":"probabilistic","sourceDate":null,"attributes":{"kind":"branch","road":"US 71","roadName":null,"roadClass":"primary","readerCount":1,"siteCount":1,"operatorCount":0,"operators":null,"unattributedReaders":1,"siteLngs":"-95.058644","siteLats":"46.905655","siteReaders":"1"}}},{"type":"Feature","geometry":{"type":"MultiLineString","coordinates":[[[-95.0242447352882,44.778114568458314],[-95.0245478,44.7781395],[-95.0253389,44.778225],[-95.02624305526216,44.778352369493454],[-95.026485,44.7783932],[-95.0268871,44.778484],[-95.0273419,44.778589],[-95.027721,44.7786885],[-95.0280606,44.7787701],[-95.02816589090236,44.77880380213631]]]},"properties":{"id":"alpr-branch-us-71-831","layer":"alpr_corridor","name":"US 71 — West Lincoln Avenue","county":"Renville County","state":"MN","countyFips":"27129","confidence":"probabilistic","sourceDate":null,"attributes":{"kind":"branch","road":"US 71","roadName":"West Lincoln Avenue","roadClass":"trunk","readerCount":1,"siteCount":1,"operatorCount":0,"operators":null,"unattributedReaders":1,"siteLngs":"-95.026229","siteLats":"44.778395","siteReaders":"1"}}},{"type":"Feature","geometry":{"type":"MultiLineString","coordinates":[[[-95.04398836906377,44.93506168774722],[-95.0440028,44.9350462],[-95.0440328,44.9349842],[-95.0440482,44.9349275],[-95.0440507,44.9348815],[-95.0440468,44.9348126],[-95.0440389,44.9347407],[-95.0440095,44.9345445],[-95.0440006,44.9344457],[-95.04405589167345,44.93363296585992],[-95.044057,44.9336178]]]},"properties":{"id":"alpr-branch-us-71-832","layer":"alpr_corridor","name":"US 71 — Highway 71 South","county":"Kandiyohi County","state":"MN","countyFips":"27067","confidence":"probabilistic","sourceDate":null,"attributes":{"kind":"branch","road":"US 71","roadName":"Highway 71 South","roadClass":"primary","readerCount":1,"siteCount":1,"operatorCount":0,"operators":null,"unattributedReaders":1,"siteLngs":"-95.043973","siteLats":"44.933630","siteReaders":"1"}}},{"type":"Feature","geometry":{"type":"MultiLineString","coordinates":[[[-93.2937769,44.6451626],[-93.29325928627702,44.645164285076476],[-93.2919671,44.6451685],[-93.2916032,44.6451585],[-93.2912799,44.6451366],[-93.29123918078955,44.64513164646824]]]},"properties":{"id":"alpr-branch-cr-70-833","layer":"alpr_corridor","name":"CR 70 — 210th Street West","county":"Dakota County","state":"MN","countyFips":"27037","confidence":"probabilistic","sourceDate":null,"attributes":{"kind":"branch","road":"CR 70","roadName":"210th Street West","roadClass":"primary","readerCount":1,"siteCount":1,"operatorCount":0,"operators":null,"unattributedReaders":1,"siteLngs":"-93.293259","siteLats":"44.645088","siteReaders":"1"}}},{"type":"Feature","geometry":{"type":"MultiLineString","coordinates":[[[-93.29942802363819,44.64533096294788],[-93.30145047075132,44.645328897559914]]]},"properties":{"id":"alpr-branch-cr-70-834","layer":"alpr_corridor","name":"CR 70 — 210th Street West","county":"Dakota County","state":"MN","countyFips":"27037","confidence":"probabilistic","sourceDate":null,"attributes":{"kind":"branch","road":"CR 70","roadName":"210th Street West","roadClass":"secondary","readerCount":1,"siteCount":1,"operatorCount":0,"operators":null,"unattributedReaders":1,"siteLngs":"-93.299428","siteLats":"44.645470","siteReaders":"1"}}},{"type":"Feature","geometry":{"type":"MultiLineString","coordinates":[[[-94.20990358748774,45.55776813462094],[-94.2099024,45.5578929],[-94.2098927,45.5585661],[-94.2098915,45.5586525],[-94.2098878,45.5586877],[-94.2098802,45.558734],[-94.2098765,45.5587515],[-94.2098734,45.5587764],[-94.2098661,45.5589898],[-94.20985870525693,45.55920619781086]]]},"properties":{"id":"alpr-branch-2nd-avenue-northeast-835","layer":"alpr_corridor","name":"2nd Avenue Northeast","county":"Stearns County","state":"MN","countyFips":"27145","confidence":"probabilistic","sourceDate":null,"attributes":{"kind":"branch","road":"2nd Avenue Northeast","roadName":null,"roadClass":"residential","readerCount":1,"siteCount":1,"operatorCount":0,"operators":null,"unattributedReaders":1,"siteLngs":"-94.209960","siteLats":"45.557768","siteReaders":"1"}}},{"type":"Feature","geometry":{"type":"MultiLineString","coordinates":[[[-93.30270020722901,44.65235981841024],[-93.3022431,44.6523579],[-93.30067755657105,44.65235038778678],[-93.2991611,44.6523304]]]},"properties":{"id":"alpr-branch-205th-street-west-836","layer":"alpr_corridor","name":"205th Street West","county":"Dakota County","state":"MN","countyFips":"27037","confidence":"probabilistic","sourceDate":null,"attributes":{"kind":"branch","road":"205th Street West","roadName":null,"roadClass":"tertiary","readerCount":1,"siteCount":1,"operatorCount":0,"operators":null,"unattributedReaders":1,"siteLngs":"-93.300679","siteLats":"44.652302","siteReaders":"1"}}},{"type":"Feature","geometry":{"type":"MultiLineString","coordinates":[[[-93.07608564811466,44.96784223255656],[-93.0760855,44.9679862],[-93.0760851,44.9683411],[-93.076085,44.968411],[-93.07608405122475,44.969281144692836],[-93.076084,44.969329],[-93.0760851,44.9697091],[-93.0760829,44.9698119],[-93.0760822,44.9701482],[-93.076082,44.970235],[-93.0760819,44.9703149],[-93.0760815,44.9706889],[-93.07608146461708,44.9707200440538]]]},"properties":{"id":"alpr-branch-ch-58-837","layer":"alpr_corridor","name":"CH 58 — Edgerton Street","county":"Ramsey County","state":"MN","countyFips":"27123","confidence":"probabilistic","sourceDate":null,"attributes":{"kind":"branch","road":"CH 58","roadName":"Edgerton Street","roadClass":"tertiary","readerCount":1,"siteCount":1,"operatorCount":0,"operators":null,"unattributedReaders":1,"siteLngs":"-93.076186","siteLats":"44.969281","siteReaders":"1"}}},{"type":"Feature","geometry":{"type":"MultiLineString","coordinates":[[[-93.0639996601911,45.03745818898321],[-93.0650518,45.0374981],[-93.06603345159466,45.03752873040267]]]},"properties":{"id":"alpr-branch-i-694-838","layer":"alpr_corridor","name":"I 694","county":"Ramsey County","state":"MN","countyFips":"27123","confidence":"probabilistic","sourceDate":null,"attributes":{"kind":"branch","road":"I 694","roadName":null,"roadClass":"motorway","readerCount":1,"siteCount":1,"operatorCount":0,"operators":null,"unattributedReaders":1,"siteLngs":"-93.064006","siteLats":"45.037370","siteReaders":"1"}}},{"type":"Feature","geometry":{"type":"MultiLineString","coordinates":[[[-93.2367678,45.0658992],[-93.2367678,45.06643890000001],[-93.2367678,45.0665092]]]},"properties":{"id":"alpr-branch-matterhorn-drive-northeast-839","layer":"alpr_corridor","name":"Matterhorn Drive Northeast","county":"Anoka County","state":"MN","countyFips":"27003","confidence":"probabilistic","sourceDate":null,"attributes":{"kind":"branch","road":"Matterhorn Drive Northeast","roadName":null,"roadClass":"residential","readerCount":1,"siteCount":1,"operatorCount":0,"operators":null,"unattributedReaders":1,"siteLngs":"-93.236490","siteLats":"45.066439","siteReaders":"1"}}},{"type":"Feature","geometry":{"type":"MultiLineString","coordinates":[[[-92.88298734574708,44.86184730063017],[-92.883013,44.861808],[-92.883131,44.86159],[-92.883252,44.861128],[-92.883257,44.86062],[-92.8832396,44.8604979],[-92.88323131189628,44.860436693828504],[-92.883215,44.860314],[-92.883162,44.860178],[-92.883081,44.860021],[-92.8830198,44.8599571],[-92.882967,44.859902],[-92.882417,44.859441],[-92.88216971003482,44.85924921684714]]]},"properties":{"id":"alpr-branch-lamar-avenue-south-840","layer":"alpr_corridor","name":"Lamar Avenue South","county":"Washington County","state":"MN","countyFips":"27163","confidence":"probabilistic","sourceDate":null,"attributes":{"kind":"branch","road":"Lamar Avenue South","roadName":null,"roadClass":"tertiary","readerCount":1,"siteCount":1,"operatorCount":0,"operators":null,"unattributedReaders":1,"siteLngs":"-92.883342","siteLats":"44.860429","siteReaders":"1"}}},{"type":"Feature","geometry":{"type":"MultiLineString","coordinates":[[[-92.94917224957443,44.846898345909196],[-92.949172,44.8469326],[-92.9491678,44.8471538]]]},"properties":{"id":"alpr-branch-hinton-avenue-south-841","layer":"alpr_corridor","name":"Hinton Avenue South","county":"Washington County","state":"MN","countyFips":"27163","confidence":"probabilistic","sourceDate":null,"attributes":{"kind":"branch","road":"Hinton Avenue South","roadName":null,"roadClass":"secondary","readerCount":1,"siteCount":1,"operatorCount":0,"operators":null,"unattributedReaders":1,"siteLngs":"-92.949241","siteLats":"44.846899","siteReaders":"1"}}},{"type":"Feature","geometry":{"type":"MultiLineString","coordinates":[[[-92.93425550430976,44.97974428081864],[-92.935551,44.979747]]]},"properties":{"id":"alpr-branch-21st-street-north-842","layer":"alpr_corridor","name":"21st Street North","county":"Washington County","state":"MN","countyFips":"27163","confidence":"probabilistic","sourceDate":null,"attributes":{"kind":"branch","road":"21st Street North","roadName":null,"roadClass":"residential","readerCount":1,"siteCount":1,"operatorCount":0,"operators":null,"unattributedReaders":1,"siteLngs":"-92.934256","siteLats":"44.979697","siteReaders":"1"}}},{"type":"Feature","geometry":{"type":"MultiLineString","coordinates":[[[-94.87641823333952,47.48192427358635],[-94.8759295,47.4825667],[-94.8757218,47.4828426],[-94.8756801,47.4828981],[-94.87544802957376,47.4832051121157],[-94.8753367,47.4833533],[-94.8752469,47.4834665],[-94.8749985,47.4837282],[-94.8749541,47.4837754],[-94.8747601,47.4839576],[-94.8746091,47.4840847],[-94.8744679,47.4842047],[-94.8742884,47.4843355],[-94.87422883848615,47.48437762835007]]]},"properties":{"id":"alpr-branch-birchmont-drive-northeast-843","layer":"alpr_corridor","name":"Birchmont Drive Northeast","county":"Beltrami County","state":"MN","countyFips":"27007","confidence":"probabilistic","sourceDate":null,"attributes":{"kind":"branch","road":"Birchmont Drive Northeast","roadName":null,"roadClass":"tertiary","readerCount":1,"siteCount":1,"operatorCount":1,"operators":"BSU Department of Public Safety","unattributedReaders":0,"siteLngs":"-94.875339","siteLats":"47.483167","siteReaders":"1"}}},{"type":"Feature","geometry":{"type":"MultiLineString","coordinates":[[[-93.16846838484531,47.37918498639594],[-93.1678786,47.3791906],[-93.167209,47.379197],[-93.1665241,47.3792028],[-93.16634360260684,47.37920435004662]]]},"properties":{"id":"alpr-branch-deering-avenue-844","layer":"alpr_corridor","name":"Deering Avenue","county":"Itasca County","state":"MN","countyFips":"27061","confidence":"probabilistic","sourceDate":null,"attributes":{"kind":"branch","road":"Deering Avenue","roadName":null,"roadClass":"residential","readerCount":1,"siteCount":1,"operatorCount":0,"operators":null,"unattributedReaders":1,"siteLngs":"-93.168467","siteLats":"47.379137","siteReaders":"1"}}},{"type":"Feature","geometry":{"type":"MultiLineString","coordinates":[[[-92.8541239,44.4067887],[-92.855011316325,44.407419553593165],[-92.8564385960924,44.40843489696454]]]},"properties":{"id":"alpr-branch-us-52-845","layer":"alpr_corridor","name":"US 52","county":"Goodhue County","state":"MN","countyFips":"27049","confidence":"probabilistic","sourceDate":null,"attributes":{"kind":"branch","road":"US 52","roadName":null,"roadClass":"trunk","readerCount":1,"siteCount":1,"operatorCount":0,"operators":null,"unattributedReaders":1,"siteLngs":"-92.854788","siteLats":"44.407582","siteReaders":"1"}}},{"type":"Feature","geometry":{"type":"MultiLineString","coordinates":[[[-93.33733309271172,45.20912125760187],[-93.3373327,45.2091525],[-93.3373238,45.2098417],[-93.3373189,45.2100496],[-93.33730674036728,45.21056003989877],[-93.3372968,45.2109767],[-93.3372802,45.2119393],[-93.33727978053653,45.21199882186434]]]},"properties":{"id":"alpr-branch-crooked-lake-boulevard-northwest-846","layer":"alpr_corridor","name":"Crooked Lake Boulevard Northwest","county":"Anoka County","state":"MN","countyFips":"27003","confidence":"probabilistic","sourceDate":null,"attributes":{"kind":"branch","road":"Crooked Lake Boulevard Northwest","roadName":null,"roadClass":"tertiary","readerCount":1,"siteCount":1,"operatorCount":0,"operators":null,"unattributedReaders":1,"siteLngs":"-93.337453","siteLats":"45.210562","siteReaders":"1"}}},{"type":"Feature","geometry":{"type":"MultiLineString","coordinates":[[[-93.0961099,44.9196474],[-93.0960052,44.9196456],[-93.09586778232006,44.91964195616341],[-93.0953796,44.9196256],[-93.0947719,44.9196309],[-93.09383637959814,44.91963990224472]]]},"properties":{"id":"alpr-branch-annapolis-street-847","layer":"alpr_corridor","name":"Annapolis Street","county":"Dakota County","state":"MN","countyFips":"27037","confidence":"probabilistic","sourceDate":null,"attributes":{"kind":"branch","road":"Annapolis Street","roadName":null,"roadClass":"tertiary","readerCount":1,"siteCount":1,"operatorCount":0,"operators":null,"unattributedReaders":1,"siteLngs":"-93.095871","siteLats":"44.919589","siteReaders":"1"}}},{"type":"Feature","geometry":{"type":"MultiLineString","coordinates":[[[-93.02682,45.5195268],[-93.0267781,45.5196469],[-93.02668311642344,45.52004360220686],[-93.0266722,45.5200849],[-93.0265939,45.5202649]]]},"properties":{"id":"alpr-branch-hornsby-drive-northeast-848","layer":"alpr_corridor","name":"Hornsby Drive Northeast","county":"Isanti County","state":"MN","countyFips":"27059","confidence":"probabilistic","sourceDate":null,"attributes":{"kind":"branch","road":"Hornsby Drive Northeast","roadName":null,"roadClass":"residential","readerCount":1,"siteCount":1,"operatorCount":0,"operators":null,"unattributedReaders":1,"siteLngs":"-93.026878","siteLats":"45.520069","siteReaders":"1"}}},{"type":"Feature","geometry":{"type":"MultiLineString","coordinates":[[[-93.25037386623626,44.88569674596655],[-93.2503682,44.8867274],[-93.2503676,44.8868309],[-93.25035974779156,44.88713559907283],[-93.2503523,44.8879486],[-93.250349,44.8883089],[-93.2503615,44.8883888],[-93.250383,44.8884538],[-93.2504078,44.8885045]]]},"properties":{"id":"alpr-branch-richfield-parkway-849","layer":"alpr_corridor","name":"Richfield Parkway","county":"Hennepin County","state":"MN","countyFips":"27053","confidence":"probabilistic","sourceDate":null,"attributes":{"kind":"branch","road":"Richfield Parkway","roadName":null,"roadClass":"tertiary","readerCount":1,"siteCount":1,"operatorCount":0,"operators":null,"unattributedReaders":1,"siteLngs":"-93.250188","siteLats":"44.887135","siteReaders":"1"}}},{"type":"Feature","geometry":{"type":"MultiLineString","coordinates":[[[-93.08336688413254,44.89296995527819],[-93.083399,44.892946],[-93.083519,44.892788],[-93.083589,44.892599],[-93.083583,44.8922912],[-93.0835773,44.8920027],[-93.083576,44.891937],[-93.08339788887936,44.89159024996324],[-93.0832462,44.891365],[-93.083189,44.89128],[-93.083139,44.891087],[-93.083132,44.890848]]]},"properties":{"id":"alpr-branch-livingston-avenue-850","layer":"alpr_corridor","name":"Livingston Avenue","county":"Dakota County","state":"MN","countyFips":"27037","confidence":"probabilistic","sourceDate":null,"attributes":{"kind":"branch","road":"Livingston Avenue","roadName":null,"roadClass":"residential","readerCount":1,"siteCount":1,"operatorCount":0,"operators":null,"unattributedReaders":1,"siteLngs":"-93.083193","siteLats":"44.891660","siteReaders":"1"}}},{"type":"Feature","geometry":{"type":"MultiLineString","coordinates":[[[-92.966954,44.831505],[-92.9668575,44.8314206],[-92.9665302,44.8311344],[-92.96599228782628,44.83074501629754],[-92.9658852,44.8306675],[-92.9655798,44.8303688],[-92.9654811,44.8302187],[-92.9653642,44.8300408],[-92.965235,44.8298152],[-92.9650459442354,44.82948536546021]]]},"properties":{"id":"alpr-branch-hadley-avenue-south-851","layer":"alpr_corridor","name":"Hadley Avenue South","county":"Washington County","state":"MN","countyFips":"27163","confidence":"probabilistic","sourceDate":null,"attributes":{"kind":"branch","road":"Hadley Avenue South","roadName":null,"roadClass":"tertiary","readerCount":1,"siteCount":1,"operatorCount":0,"operators":null,"unattributedReaders":1,"siteLngs":"-92.966077","siteLats":"44.830686","siteReaders":"1"}}},{"type":"Feature","geometry":{"type":"MultiLineString","coordinates":[[[-93.02313321534488,45.45129496115235],[-93.02518254411798,45.4513556062931]]]},"properties":{"id":"alpr-branch-ch-9-852","layer":"alpr_corridor","name":"CH 9 — 267th Avenue Northeast","county":"Isanti County","state":"MN","countyFips":"27059","confidence":"probabilistic","sourceDate":null,"attributes":{"kind":"branch","road":"CH 9","roadName":"267th Avenue Northeast","roadClass":"tertiary","readerCount":1,"siteCount":1,"operatorCount":0,"operators":null,"unattributedReaders":1,"siteLngs":"-93.023124","siteLats":"45.451449","siteReaders":"1"}}},{"type":"Feature","geometry":{"type":"MultiLineString","coordinates":[[[-92.9895737513724,43.6637109914309],[-92.9895736,43.6637726],[-92.9895729,43.6638561],[-92.9895694,43.6642663],[-92.9895817966584,43.665149849058494],[-92.9895823,43.6652373],[-92.9895812,43.6656924],[-92.9895896,43.6659164],[-92.9895903,43.6661336]]]},"properties":{"id":"alpr-branch-mn-105-853","layer":"alpr_corridor","name":"MN 105 — 12th Street Southwest","county":"Mower County","state":"MN","countyFips":"27099","confidence":"probabilistic","sourceDate":null,"attributes":{"kind":"branch","road":"MN 105","roadName":"12th Street Southwest","roadClass":"secondary","readerCount":1,"siteCount":1,"operatorCount":0,"operators":null,"unattributedReaders":1,"siteLngs":"-92.989729","siteLats":"43.665149","siteReaders":"1"}}},{"type":"Feature","geometry":{"type":"MultiLineString","coordinates":[[[-93.5253989,44.9105267],[-93.5254884,44.9106487],[-93.5255343,44.9107397],[-93.5255678,44.9108857],[-93.5255876,44.9109983],[-93.5255904,44.911018],[-93.525626654384,44.91126944886243],[-93.5256378,44.9113461],[-93.525685,44.9114668]]]},"properties":{"id":"alpr-branch-vine-hill-road-854","layer":"alpr_corridor","name":"Vine Hill Road","county":"Hennepin County","state":"MN","countyFips":"27053","confidence":"probabilistic","sourceDate":null,"attributes":{"kind":"branch","road":"Vine Hill Road","roadName":null,"roadClass":"tertiary","readerCount":1,"siteCount":1,"operatorCount":0,"operators":null,"unattributedReaders":1,"siteLngs":"-93.525573","siteLats":"44.911273","siteReaders":"1"}}},{"type":"Feature","geometry":{"type":"MultiLineString","coordinates":[[[-94.1489864226616,45.550630216506505],[-94.1489861,45.5505898],[-94.1489856,45.5505223],[-94.148985,45.5504879],[-94.1489777,45.5500469],[-94.1489617,45.5498152],[-94.1489564,45.5495901],[-94.148961,45.5495028],[-94.1489788,45.5494155],[-94.14905011241575,45.54919824985729],[-94.14921,45.548672],[-94.1492312,45.548602],[-94.1494131,45.5480031]]]},"properties":{"id":"alpr-branch-1st-avenue-south-855","layer":"alpr_corridor","name":"1st Avenue South","county":"Stearns County","state":"MN","countyFips":"27145","confidence":"probabilistic","sourceDate":null,"attributes":{"kind":"branch","road":"1st Avenue South","roadName":null,"roadClass":"unclassified","readerCount":1,"siteCount":1,"operatorCount":0,"operators":null,"unattributedReaders":1,"siteLngs":"-94.148988","siteLats":"45.549189","siteReaders":"1"}}},{"type":"Feature","geometry":{"type":"MultiLineString","coordinates":[[[-94.14681875591336,45.548855164044866],[-94.1467213,45.5488374],[-94.146521,45.5488084],[-94.1463064,45.5487852],[-94.1460759,45.5487729],[-94.14477476067752,45.54877737285764],[-94.1446664,45.5487778]]]},"properties":{"id":"alpr-branch-university-drive-southeast-856","layer":"alpr_corridor","name":"University Drive Southeast","county":"Sherburne County","state":"MN","countyFips":"27141","confidence":"probabilistic","sourceDate":null,"attributes":{"kind":"branch","road":"University Drive Southeast","roadName":null,"roadClass":"tertiary","readerCount":1,"siteCount":1,"operatorCount":0,"operators":null,"unattributedReaders":1,"siteLngs":"-94.144775","siteLats":"45.548871","siteReaders":"1"}}},{"type":"Feature","geometry":{"type":"MultiLineString","coordinates":[[[-94.1431006,45.5641098],[-94.1430710679855,45.563741346733394],[-94.143066,45.5636765],[-94.1430587,45.5635865]]]},"properties":{"id":"alpr-branch-lincoln-avenue-southeast-857","layer":"alpr_corridor","name":"Lincoln Avenue Southeast","county":"Benton County","state":"MN","countyFips":"27009","confidence":"probabilistic","sourceDate":null,"attributes":{"kind":"branch","road":"Lincoln Avenue Southeast","roadName":null,"roadClass":"tertiary","readerCount":1,"siteCount":1,"operatorCount":0,"operators":null,"unattributedReaders":1,"siteLngs":"-94.142974","siteLats":"45.563745","siteReaders":"1"}}},{"type":"Feature","geometry":{"type":"MultiLineString","coordinates":[[[-94.36774522536551,44.90977701488016],[-94.367724,44.909911],[-94.367718,44.909979],[-94.367704,44.910126],[-94.367694,44.910797],[-94.3677205181297,44.911214160300844],[-94.367723,44.911373],[-94.367726,44.911533]]]},"properties":{"id":"alpr-branch-mn-15-858","layer":"alpr_corridor","name":"MN 15 — Main Street North","county":"McLeod County","state":"MN","countyFips":"27085","confidence":"probabilistic","sourceDate":null,"attributes":{"kind":"branch","road":"MN 15","roadName":"Main Street North","roadClass":"trunk","readerCount":1,"siteCount":1,"operatorCount":0,"operators":null,"unattributedReaders":1,"siteLngs":"-94.367867","siteLats":"44.911213","siteReaders":"1"}}},{"type":"Feature","geometry":{"type":"MultiLineString","coordinates":[[[-93.26987583562394,44.894293810011305],[-93.2697053,44.8942946],[-93.2693324,44.8942963],[-93.2690817,44.8942975],[-93.268678,44.8942994],[-93.2684648,44.8943004],[-93.2683832,44.8943008],[-93.2681282,44.894302],[-93.2680745,44.8943023],[-93.26784469409509,44.89430331686091],[-93.2677875,44.8943036]]]},"properties":{"id":"alpr-branch-east-60th-street-860","layer":"alpr_corridor","name":"East 60th Street","county":"Hennepin County","state":"MN","countyFips":"27053","confidence":"probabilistic","sourceDate":null,"attributes":{"kind":"branch","road":"East 60th Street","roadName":null,"roadClass":"tertiary","readerCount":1,"siteCount":1,"operatorCount":0,"operators":null,"unattributedReaders":1,"siteLngs":"-93.267844","siteLats":"44.894273","siteReaders":"1"}}},{"type":"Feature","geometry":{"type":"MultiLineString","coordinates":[[[-93.27763840719761,46.21720198513001],[-93.27764082987422,46.218640896735316],[-93.27764409624082,46.220079807542675]]]},"properties":{"id":"alpr-branch-mn-27-861","layer":"alpr_corridor","name":"MN 27 — State Highway 65","county":"Aitkin County","state":"MN","countyFips":"27001","confidence":"probabilistic","sourceDate":null,"attributes":{"kind":"branch","road":"MN 27","roadName":"State Highway 65","roadClass":"primary","readerCount":1,"siteCount":1,"operatorCount":0,"operators":null,"unattributedReaders":1,"siteLngs":"-93.277366","siteLats":"46.218641","siteReaders":"1"}}},{"type":"Feature","geometry":{"type":"MultiLineString","coordinates":[[[-92.73187819730377,46.45315621468721],[-92.7308716,46.4531399],[-92.72979036138172,46.45311836661053],[-92.7285606,46.4531612]]]},"properties":{"id":"alpr-branch-mn-27-862","layer":"alpr_corridor","name":"MN 27","county":"Carlton County","state":"MN","countyFips":"27017","confidence":"probabilistic","sourceDate":null,"attributes":{"kind":"branch","road":"MN 27","roadName":null,"roadClass":"primary","readerCount":1,"siteCount":1,"operatorCount":0,"operators":null,"unattributedReaders":1,"siteLngs":"-92.729790","siteLats":"46.453119","siteReaders":"1"}}},{"type":"Feature","geometry":{"type":"MultiLineString","coordinates":[[[-94.65104473298675,45.97668445785616],[-94.64897420990874,45.97668548675949],[-94.6483307,45.9766858]]]},"properties":{"id":"alpr-branch-mn-27-863","layer":"alpr_corridor","name":"MN 27 — State Highway 27","county":"Todd County","state":"MN","countyFips":"27153","confidence":"probabilistic","sourceDate":null,"attributes":{"kind":"branch","road":"MN 27","roadName":"State Highway 27","roadClass":"primary","readerCount":1,"siteCount":1,"operatorCount":0,"operators":null,"unattributedReaders":1,"siteLngs":"-94.648974","siteLats":"45.976977","siteReaders":"1"}}},{"type":"Feature","geometry":{"type":"MultiLineString","coordinates":[[[-94.21376,45.5552],[-94.213758,45.5553084],[-94.21376200955407,45.55609547610142],[-94.2137621,45.556113],[-94.213763,45.5570169]]]},"properties":{"id":"alpr-branch-44th-avenue-north-864","layer":"alpr_corridor","name":"44th Avenue North","county":"Stearns County","state":"MN","countyFips":"27145","confidence":"probabilistic","sourceDate":null,"attributes":{"kind":"branch","road":"44th Avenue North","roadName":null,"roadClass":"secondary","readerCount":1,"siteCount":1,"operatorCount":0,"operators":null,"unattributedReaders":1,"siteLngs":"-94.213363","siteLats":"45.556097","siteReaders":"1"}}},{"type":"Feature","geometry":{"type":"MultiLineString","coordinates":[[[-94.2137781380339,45.55441284634463],[-94.21376,45.5552]]]},"properties":{"id":"alpr-branch-44th-avenue-north-865","layer":"alpr_corridor","name":"44th Avenue North","county":"Stearns County","state":"MN","countyFips":"27145","confidence":"probabilistic","sourceDate":null,"attributes":{"kind":"branch","road":"44th Avenue North","roadName":null,"roadClass":"secondary","readerCount":1,"siteCount":1,"operatorCount":0,"operators":null,"unattributedReaders":1,"siteLngs":"-94.213241","siteLats":"45.554407","siteReaders":"1"}}},{"type":"Feature","geometry":{"type":"MultiLineString","coordinates":[[[-93.2371815,44.9810497],[-93.2373628886278,44.98112172496746],[-93.2377176,44.9812627],[-93.2377351,44.9812697],[-93.2378397,44.9813134],[-93.2384661,44.9815568],[-93.2385525,44.9815904],[-93.2386736,44.9816393],[-93.2389639,44.9817566],[-93.23913645112587,44.98182636855137]]]},"properties":{"id":"alpr-branch-cr-37-866","layer":"alpr_corridor","name":"CR 37 — 4th Street Southeast","county":"Hennepin County","state":"MN","countyFips":"27053","confidence":"probabilistic","sourceDate":null,"attributes":{"kind":"branch","road":"CR 37","roadName":"4th Street Southeast","roadClass":"secondary","readerCount":1,"siteCount":1,"operatorCount":0,"operators":null,"unattributedReaders":1,"siteLngs":"-93.237409","siteLats":"44.981063","siteReaders":"1"}}},{"type":"Feature","geometry":{"type":"MultiLineString","coordinates":[[[-93.51329051014352,44.857921761447436],[-93.513168,44.857899],[-93.513,44.857845],[-93.512848,44.857777],[-93.512711,44.857689],[-93.512657,44.857647],[-93.512474,44.85751],[-93.512321,44.857414],[-93.51223,44.857372],[-93.512154,44.857338],[-93.512023,44.8573],[-93.511971,44.857285],[-93.51178,44.85725],[-93.5115702961841,44.8572410736846],[-93.5115039,44.8572389],[-93.5113275,44.8572335]]]},"properties":{"id":"alpr-branch-wynnfield-road-867","layer":"alpr_corridor","name":"Wynnfield Road","county":"Hennepin County","state":"MN","countyFips":"27053","confidence":"probabilistic","sourceDate":null,"attributes":{"kind":"branch","road":"Wynnfield Road","roadName":null,"roadClass":"residential","readerCount":1,"siteCount":1,"operatorCount":0,"operators":null,"unattributedReaders":1,"siteLngs":"-93.511573","siteLats":"44.857196","siteReaders":"1"}}},{"type":"Feature","geometry":{"type":"MultiLineString","coordinates":[[[-96.0724168598713,46.28100754015033],[-96.0724103,46.2813636],[-96.072409,46.281436],[-96.07241148548984,46.282446416835406],[-96.0724116,46.2824936],[-96.072416,46.282601]]]},"properties":{"id":"alpr-branch-south-cascade-street-868","layer":"alpr_corridor","name":"South Cascade Street","county":"Otter Tail County","state":"MN","countyFips":"27111","confidence":"probabilistic","sourceDate":null,"attributes":{"kind":"branch","road":"South Cascade Street","roadName":null,"roadClass":"tertiary","readerCount":1,"siteCount":1,"operatorCount":0,"operators":null,"unattributedReaders":1,"siteLngs":"-96.072851","siteLats":"46.282446","siteReaders":"1"}}},{"type":"Feature","geometry":{"type":"MultiLineString","coordinates":[[[-96.0765257,46.2866739],[-96.0764868,46.2866466],[-96.0764372,46.2866207],[-96.07624913150194,46.28654374105934],[-96.076173,46.2865164],[-96.0760935,46.2864822],[-96.076022,46.2864542],[-96.0759796,46.28644],[-96.0758653,46.2864171],[-96.0757151,46.2863934],[-96.0756547,46.2863843],[-96.0756079,46.2863796],[-96.0755585,46.2863777],[-96.0754975,46.2863781],[-96.0754392,46.2863822],[-96.0753629,46.2863916],[-96.0752916,46.2863989],[-96.0752188,46.2864101],[-96.0751185,46.2864253],[-96.0750385,46.2864391],[-96.074975,46.2864527],[-96.0749079,46.2864718],[-96.0748746,46.2864849],[-96.0748402,46.2865029],[-96.0748058,46.286524],[-96.0747683,46.286551],[-96.0747202,46.2865878],[-96.0745203,46.2867762],[-96.0744953,46.286796],[-96.0744703,46.2868159],[-96.07446578804935,46.28681888560303]]]},"properties":{"id":"alpr-branch-south-lake-side-drive-869","layer":"alpr_corridor","name":"South Lake Side Drive","county":"Otter Tail County","state":"MN","countyFips":"27111","confidence":"probabilistic","sourceDate":null,"attributes":{"kind":"branch","road":"South Lake Side Drive","roadName":null,"roadClass":"residential","readerCount":1,"siteCount":1,"operatorCount":0,"operators":null,"unattributedReaders":1,"siteLngs":"-96.076236","siteLats":"46.286561","siteReaders":"1"}}},{"type":"Feature","geometry":{"type":"MultiLineString","coordinates":[[[-96.0742162471387,46.28380744614941],[-96.0742174,46.2840306],[-96.0742179,46.2844487],[-96.0742189,46.2845339],[-96.0742218,46.2846249],[-96.07420786697786,46.285246257697324],[-96.0742049,46.2854868],[-96.074204,46.285564]]]},"properties":{"id":"alpr-branch-north-mill-street-870","layer":"alpr_corridor","name":"North Mill Street","county":"Otter Tail County","state":"MN","countyFips":"27111","confidence":"probabilistic","sourceDate":null,"attributes":{"kind":"branch","road":"North Mill Street","roadName":null,"roadClass":"residential","readerCount":1,"siteCount":1,"operatorCount":0,"operators":null,"unattributedReaders":1,"siteLngs":"-96.074265","siteLats":"46.285247","siteReaders":"1"}}},{"type":"Feature","geometry":{"type":"MultiLineString","coordinates":[[[-96.0724249,46.2835104],[-96.0724287,46.283596],[-96.0724285,46.2840185],[-96.0724317,46.2842336],[-96.0724294,46.2845279],[-96.0724283389564,46.284674910975404],[-96.0724261,46.2851305],[-96.0724317,46.2854781],[-96.0724244,46.2855602]]]},"properties":{"id":"alpr-branch-north-cascade-street-871","layer":"alpr_corridor","name":"North Cascade Street","county":"Otter Tail County","state":"MN","countyFips":"27111","confidence":"probabilistic","sourceDate":null,"attributes":{"kind":"branch","road":"North Cascade Street","roadName":null,"roadClass":"residential","readerCount":1,"siteCount":1,"operatorCount":0,"operators":null,"unattributedReaders":1,"siteLngs":"-96.072508","siteLats":"46.284675","siteReaders":"1"}}},{"type":"Feature","geometry":{"type":"MultiLineString","coordinates":[[[-93.96870770505448,44.32226840887858],[-93.9686987,44.32228],[-93.9685419,44.3224821],[-93.9685215,44.3225331],[-93.9685161,44.3225926],[-93.9685108,44.322725],[-93.9685517,44.3229639],[-93.9686415,44.3234131],[-93.96868351725196,44.323666244672594],[-93.968685,44.3236752],[-93.9687096,44.3238616],[-93.9687799,44.3241942],[-93.9687861,44.3242233],[-93.9687914,44.3242505],[-93.9688049,44.3243202],[-93.968807,44.3243953],[-93.9688169,44.3245346],[-93.9688089,44.3246162],[-93.9687888,44.3246728],[-93.9687351,44.3247659],[-93.9686708,44.3248484],[-93.9685433,44.3250086],[-93.96852272299994,44.325050814670234]]]},"properties":{"id":"alpr-branch-north-ring-road-872","layer":"alpr_corridor","name":"North Ring Road","county":"Nicollet County","state":"MN","countyFips":"27103","confidence":"probabilistic","sourceDate":null,"attributes":{"kind":"branch","road":"North Ring Road","roadName":null,"roadClass":"residential","readerCount":1,"siteCount":1,"operatorCount":1,"operators":"Gustavus Adolphus College Campus Safety","unattributedReaders":0,"siteLngs":"-93.968620","siteLats":"44.323672","siteReaders":"1"}}},{"type":"Feature","geometry":{"type":"MultiLineString","coordinates":[[[-92.37194887649937,47.803773765192844],[-92.3719572,47.8037927],[-92.3720866,47.8040786],[-92.3724038,47.804796],[-92.3724439,47.8048996],[-92.3724793,47.8050003],[-92.37252376250127,47.80515898485729],[-92.3725416,47.8052273],[-92.3725607,47.8053089],[-92.3725755,47.8053852],[-92.3725979,47.8055424],[-92.3726097,47.8056516],[-92.3726201,47.8058209],[-92.3726264,47.8061191],[-92.37263150452704,47.80659401584311]]]},"properties":{"id":"alpr-branch-cr-77-873","layer":"alpr_corridor","name":"CR 77 — County Road 77","county":"St. Louis County","state":"MN","countyFips":"27137","confidence":"probabilistic","sourceDate":null,"attributes":{"kind":"branch","road":"CR 77","roadName":"County Road 77","roadClass":"tertiary","readerCount":1,"siteCount":1,"operatorCount":0,"operators":null,"unattributedReaders":1,"siteLngs":"-92.372374","siteLats":"47.805177","siteReaders":"1"}}},{"type":"Feature","geometry":{"type":"MultiLineString","coordinates":[[[-92.14452988224112,47.51963432803956],[-92.144977,47.5195731],[-92.1452372,47.5195283],[-92.1453904,47.519502],[-92.1458702,47.5194141],[-92.14659470470329,47.519281349166754],[-92.146738,47.5192551],[-92.1480096,47.5190261],[-92.1484188,47.5189481],[-92.14864726339793,47.51889641581033]]]},"properties":{"id":"alpr-branch-ch-110-874","layer":"alpr_corridor","name":"CH 110 — Kennedy Memorial Drive","county":"St. Louis County","state":"MN","countyFips":"27137","confidence":"probabilistic","sourceDate":null,"attributes":{"kind":"branch","road":"CH 110","roadName":"Kennedy Memorial Drive","roadClass":"secondary","readerCount":1,"siteCount":1,"operatorCount":0,"operators":null,"unattributedReaders":1,"siteLngs":"-92.146576","siteLats":"47.519234","siteReaders":"1"}}},{"type":"Feature","geometry":{"type":"MultiLineString","coordinates":[[[-93.0756191,47.4003237],[-93.07554990435965,47.39896996079322],[-93.075545,47.3988673]]]},"properties":{"id":"alpr-branch-1st-street-875","layer":"alpr_corridor","name":"1st Street","county":"Itasca County","state":"MN","countyFips":"27061","confidence":"probabilistic","sourceDate":null,"attributes":{"kind":"branch","road":"1st Street","roadName":null,"roadClass":"residential","readerCount":1,"siteCount":1,"operatorCount":0,"operators":null,"unattributedReaders":1,"siteLngs":"-93.075467","siteLats":"47.398972","siteReaders":"1"}}},{"type":"Feature","geometry":{"type":"MultiLineString","coordinates":[[[-93.0963539700333,44.965710802592746],[-93.096355,44.966059],[-93.0963566,44.9666052],[-93.09635930968713,44.96714970986403],[-93.0963595,44.9676273],[-93.0963632,44.9681503],[-93.09636259614058,44.96858861566753]]]},"properties":{"id":"alpr-branch-ch-55-876","layer":"alpr_corridor","name":"CH 55 — Jackson Street","county":"Ramsey County","state":"MN","countyFips":"27123","confidence":"probabilistic","sourceDate":null,"attributes":{"kind":"branch","road":"CH 55","roadName":"Jackson Street","roadClass":"tertiary","readerCount":1,"siteCount":1,"operatorCount":0,"operators":null,"unattributedReaders":1,"siteLngs":"-93.096408","siteLats":"44.967150","siteReaders":"1"}}},{"type":"Feature","geometry":{"type":"MultiLineString","coordinates":[[[-93.2549511,45.1753493],[-93.25479471112169,45.1753501259396],[-93.2540034,45.1753541],[-93.2527537484132,45.17537000534103]]]},"properties":{"id":"alpr-branch-113th-avenue-northeast-877","layer":"alpr_corridor","name":"113th Avenue Northeast","county":"Anoka County","state":"MN","countyFips":"27003","confidence":"probabilistic","sourceDate":null,"attributes":{"kind":"branch","road":"113th Avenue Northeast","roadName":null,"roadClass":"tertiary","readerCount":1,"siteCount":1,"operatorCount":0,"operators":null,"unattributedReaders":1,"siteLngs":"-93.254796","siteLats":"45.175449","siteReaders":"1"}}},{"type":"Feature","geometry":{"type":"MultiLineString","coordinates":[[[-96.10351488379239,46.284489419443986],[-96.1035405,46.2845256],[-96.1035714,46.2845619],[-96.1036006,46.2845858],[-96.1036338,46.2846098],[-96.1036738,46.2846309],[-96.1037334,46.284659],[-96.1038991,46.284729],[-96.1041848,46.2848477],[-96.1045238,46.2849968],[-96.1048568,46.2851562],[-96.1050494,46.2852502],[-96.1051930918137,46.285321472450356]]]},"properties":{"id":"alpr-branch-west-lincoln-avenue-878","layer":"alpr_corridor","name":"West Lincoln Avenue","county":"Otter Tail County","state":"MN","countyFips":"27111","confidence":"probabilistic","sourceDate":null,"attributes":{"kind":"branch","road":"West Lincoln Avenue","roadName":null,"roadClass":"unclassified","readerCount":1,"siteCount":1,"operatorCount":0,"operators":null,"unattributedReaders":1,"siteLngs":"-96.103477","siteLats":"46.284502","siteReaders":"1"}}},{"type":"Feature","geometry":{"type":"MultiLineString","coordinates":[[[-92.8972087,44.9436874],[-92.8971812,44.9436895],[-92.8971335,44.9436939],[-92.8970679,44.9437009],[-92.8970384,44.9437044],[-92.8970064,44.9437081],[-92.89619240167167,44.94377382960862],[-92.8961753,44.9437752],[-92.8960992,44.9437813],[-92.8960209,44.9437871],[-92.8958368,44.9438011]]]},"properties":{"id":"alpr-branch-city-walk-drive-880","layer":"alpr_corridor","name":"City Walk Drive","county":"Washington County","state":"MN","countyFips":"27163","confidence":"probabilistic","sourceDate":null,"attributes":{"kind":"branch","road":"City Walk Drive","roadName":null,"roadClass":"residential","readerCount":1,"siteCount":1,"operatorCount":0,"operators":null,"unattributedReaders":1,"siteLngs":"-92.896197","siteLats":"44.943802","siteReaders":"1"}}},{"type":"Feature","geometry":{"type":"MultiLineString","coordinates":[[[-92.98348264983987,45.09701549686799],[-92.9836517,45.0970229],[-92.9837484,45.0970286],[-92.9838306,45.0970341],[-92.9838717,45.0970372],[-92.9839113,45.0970409],[-92.9839688,45.0970469],[-92.9840295,45.097054],[-92.9840976,45.0970633],[-92.9841523,45.097072],[-92.9842094,45.0970824],[-92.9842571,45.0970918],[-92.9843023,45.0971012],[-92.984355,45.0971134],[-92.9844051,45.0971259],[-92.9844546,45.0971393],[-92.9845003,45.0971527],[-92.9845741,45.0971763],[-92.9846334,45.0971972],[-92.9846893,45.097218]]]},"properties":{"id":"alpr-branch-mn-96-881","layer":"alpr_corridor","name":"MN 96 — Dellwood Road North","county":"Washington County","state":"MN","countyFips":"27163","confidence":"probabilistic","sourceDate":null,"attributes":{"kind":"branch","road":"MN 96","roadName":"Dellwood Road North","roadClass":"secondary","readerCount":1,"siteCount":1,"operatorCount":0,"operators":null,"unattributedReaders":1,"siteLngs":"-92.983486","siteLats":"45.096973","siteReaders":"1"}}},{"type":"Feature","geometry":{"type":"MultiLineString","coordinates":[[[-93.3465887,44.9635583],[-93.346871,44.9635113],[-93.34720015475546,44.96345624102759],[-93.3474658,44.9634115],[-93.3475008,44.9634056],[-93.3478317,44.9633558]]]},"properties":{"id":"alpr-branch-parkdale-drive-882","layer":"alpr_corridor","name":"Parkdale Drive","county":"Hennepin County","state":"MN","countyFips":"27053","confidence":"probabilistic","sourceDate":null,"attributes":{"kind":"branch","road":"Parkdale Drive","roadName":null,"roadClass":"tertiary","readerCount":1,"siteCount":1,"operatorCount":0,"operators":null,"unattributedReaders":1,"siteLngs":"-93.347218","siteLats":"44.963509","siteReaders":"1"}}},{"type":"Feature","geometry":{"type":"MultiLineString","coordinates":[[[-93.35267346657056,44.963991688463665],[-93.3524811,44.9638291],[-93.352331,44.9637155],[-93.352264,44.9636648],[-93.3521761,44.9636068],[-93.3520263,44.9635167],[-93.3518796,44.9634335],[-93.3516597,44.9633356],[-93.3514624,44.9632679],[-93.3512857,44.9632147],[-93.3512272,44.9631981],[-93.35105873926105,44.963159416933074],[-93.3509675,44.9631427],[-93.3508731,44.9631296],[-93.3507438,44.9631143],[-93.3505602,44.9631074],[-93.3503274,44.9631104]]]},"properties":{"id":"alpr-branch-cedar-lake-road-883","layer":"alpr_corridor","name":"Cedar Lake Road","county":"Hennepin County","state":"MN","countyFips":"27053","confidence":"probabilistic","sourceDate":null,"attributes":{"kind":"branch","road":"Cedar Lake Road","roadName":null,"roadClass":"tertiary","readerCount":1,"siteCount":1,"operatorCount":0,"operators":null,"unattributedReaders":1,"siteLngs":"-93.351070","siteLats":"44.963127","siteReaders":"1"}}},{"type":"Feature","geometry":{"type":"MultiLineString","coordinates":[[[-93.3350592,44.9644033],[-93.3353633,44.9644115],[-93.3360027,44.9644261],[-93.3364491,44.9644376],[-93.3370634,44.9644443],[-93.33709194369744,44.96444410411188]]]},"properties":{"id":"alpr-branch-cedar-lake-road-884","layer":"alpr_corridor","name":"Cedar Lake Road","county":"Hennepin County","state":"MN","countyFips":"27053","confidence":"probabilistic","sourceDate":null,"attributes":{"kind":"branch","road":"Cedar Lake Road","roadName":null,"roadClass":"residential","readerCount":1,"siteCount":1,"operatorCount":0,"operators":null,"unattributedReaders":1,"siteLngs":"-93.334787","siteLats":"44.964469","siteReaders":"1"}}},{"type":"Feature","geometry":{"type":"MultiLineString","coordinates":[[[-92.84122607750342,45.05826263925309],[-92.83924027715948,45.05794206296432],[-92.8390717,45.0579135]]]},"properties":{"id":"alpr-branch-ch-12-885","layer":"alpr_corridor","name":"CH 12 — 75th Street North","county":"Washington County","state":"MN","countyFips":"27163","confidence":"probabilistic","sourceDate":null,"attributes":{"kind":"branch","road":"CH 12","roadName":"75th Street North","roadClass":"tertiary","readerCount":1,"siteCount":1,"operatorCount":0,"operators":null,"unattributedReaders":1,"siteLngs":"-92.839201","siteLats":"45.058059","siteReaders":"1"}}},{"type":"Feature","geometry":{"type":"MultiLineString","coordinates":[[[-93.2210203,44.9647999],[-93.22124580784708,44.964968695284284],[-93.2212521,44.9649758],[-93.2213362,44.9650365],[-93.2213971,44.9650771],[-93.2214562,44.9651095],[-93.2215194,44.9651442]]]},"properties":{"id":"alpr-branch-east-river-parkway-886","layer":"alpr_corridor","name":"East River Parkway","county":"Hennepin County","state":"MN","countyFips":"27053","confidence":"probabilistic","sourceDate":null,"attributes":{"kind":"branch","road":"East River Parkway","roadName":null,"roadClass":"tertiary","readerCount":1,"siteCount":1,"operatorCount":0,"operators":null,"unattributedReaders":1,"siteLngs":"-93.221162","siteLats":"44.965006","siteReaders":"1"}}},{"type":"Feature","geometry":{"type":"MultiLineString","coordinates":[[[-94.17591475611718,46.399786310954745],[-94.1759285,46.3997199],[-94.1760528,46.3994612],[-94.1761004,46.3991621],[-94.1761463,46.3990022],[-94.1762063,46.3989112],[-94.1763005,46.3988481],[-94.1763752,46.3988138],[-94.17692390798297,46.39875481329817],[-94.1769652,46.3987546]]]},"properties":{"id":"alpr-branch-memorial-gardens-road-888","layer":"alpr_corridor","name":"Memorial Gardens Road","county":"Crow Wing County","state":"MN","countyFips":"27035","confidence":"probabilistic","sourceDate":null,"attributes":{"kind":"branch","road":"Memorial Gardens Road","roadName":null,"roadClass":"residential","readerCount":1,"siteCount":1,"operatorCount":0,"operators":null,"unattributedReaders":1,"siteLngs":"-94.176924","siteLats":"46.398763","siteReaders":"1"}}},{"type":"Feature","geometry":{"type":"MultiLineString","coordinates":[[[-93.01511303074987,45.0153883074809],[-93.0151095,45.015475],[-93.0150987,45.0157434],[-93.0150986,45.0163474],[-93.0150985,45.0166672],[-93.01510164449452,45.016827060112206]]]},"properties":{"id":"alpr-branch-ariel-street-889","layer":"alpr_corridor","name":"Ariel Street","county":"Ramsey County","state":"MN","countyFips":"27123","confidence":"probabilistic","sourceDate":null,"attributes":{"kind":"branch","road":"Ariel Street","roadName":null,"roadClass":"tertiary","readerCount":1,"siteCount":1,"operatorCount":0,"operators":null,"unattributedReaders":1,"siteLngs":"-93.015045","siteLats":"45.015387","siteReaders":"1"}}},{"type":"Feature","geometry":{"type":"MultiLineString","coordinates":[[[-95.96527754118539,47.31501243808004],[-95.965344,47.3152224]]]},"properties":{"id":"alpr-branch-us-59-890","layer":"alpr_corridor","name":"US 59 — 3rd Street Southeast","county":"Mahnomen County","state":"MN","countyFips":"27087","confidence":"probabilistic","sourceDate":null,"attributes":{"kind":"branch","road":"US 59","roadName":"3rd Street Southeast","roadClass":"trunk","readerCount":1,"siteCount":1,"operatorCount":0,"operators":null,"unattributedReaders":1,"siteLngs":"-95.965160","siteLats":"47.315030","siteReaders":"1"}}},{"type":"Feature","geometry":{"type":"MultiLineString","coordinates":[[[-93.35702430343717,44.984451338065725],[-93.357399,44.984455],[-93.357895,44.984455],[-93.3579332,44.984455],[-93.358101,44.984455],[-93.3586781,44.984441],[-93.35905634345568,44.98441371280064],[-93.3591434,44.9844069],[-93.3593173,44.9843852],[-93.3594015,44.9843712],[-93.3594669,44.9843483],[-93.3595363,44.9843103],[-93.3595932,44.9842705],[-93.3596352,44.9842316],[-93.3596727,44.9841732],[-93.3596838,44.9841323],[-93.3597,44.9840504],[-93.3597269,44.984005]]]},"properties":{"id":"alpr-branch-olson-memorial-highway-frontage-road-south-891","layer":"alpr_corridor","name":"Olson Memorial Highway Frontage Road South","county":"Hennepin County","state":"MN","countyFips":"27053","confidence":"probabilistic","sourceDate":null,"attributes":{"kind":"branch","road":"Olson Memorial Highway Frontage Road South","roadName":null,"roadClass":"tertiary","readerCount":1,"siteCount":1,"operatorCount":0,"operators":null,"unattributedReaders":1,"siteLngs":"-93.359017","siteLats":"44.984158","siteReaders":"1"}}},{"type":"Feature","geometry":{"type":"MultiLineString","coordinates":[[[-93.53992282835398,45.28315428816734],[-93.5399622,45.2830894],[-93.5400505,45.2829826],[-93.5401547,45.282879],[-93.5402906,45.2827802],[-93.5404265,45.2826954],[-93.5406007,45.2825997],[-93.540643,45.2825747],[-93.5408039,45.2824896],[-93.54138375794888,45.28217274714148],[-93.5415929,45.2820551],[-93.5416506,45.2820232],[-93.5420562,45.2818046],[-93.5421701,45.2816906]]]},"properties":{"id":"alpr-branch-twin-lakes-road-northwest-892","layer":"alpr_corridor","name":"Twin Lakes Road Northwest","county":"Sherburne County","state":"MN","countyFips":"27141","confidence":"probabilistic","sourceDate":null,"attributes":{"kind":"branch","road":"Twin Lakes Road Northwest","roadName":null,"roadClass":"tertiary","readerCount":1,"siteCount":1,"operatorCount":0,"operators":null,"unattributedReaders":1,"siteLngs":"-93.541467","siteLats":"45.282247","siteReaders":"1"}}},{"type":"Feature","geometry":{"type":"MultiLineString","coordinates":[[[-93.5040336,44.8485979],[-93.50353963912036,44.847825716531],[-93.5033451,44.8475252],[-93.5031812,44.8472637]]]},"properties":{"id":"alpr-branch-dell-road-893","layer":"alpr_corridor","name":"Dell Road","county":"Hennepin County","state":"MN","countyFips":"27053","confidence":"probabilistic","sourceDate":null,"attributes":{"kind":"branch","road":"Dell Road","roadName":null,"roadClass":"secondary","readerCount":1,"siteCount":1,"operatorCount":0,"operators":null,"unattributedReaders":1,"siteLngs":"-93.503597","siteLats":"44.847807","siteReaders":"1"}}},{"type":"Feature","geometry":{"type":"MultiLineString","coordinates":[[[-93.2176634,44.9712206],[-93.2176298133284,44.97107508779754],[-93.2176289,44.9710726],[-93.2175887,44.9710052],[-93.2175056,44.970947]]]},"properties":{"id":"alpr-branch-southeast-williams-avenue-894","layer":"alpr_corridor","name":"Southeast Williams Avenue","county":"Hennepin County","state":"MN","countyFips":"27053","confidence":"probabilistic","sourceDate":null,"attributes":{"kind":"branch","road":"Southeast Williams Avenue","roadName":null,"roadClass":"residential","readerCount":1,"siteCount":1,"operatorCount":0,"operators":null,"unattributedReaders":1,"siteLngs":"-93.217677","siteLats":"44.971066","siteReaders":"1"}}},{"type":"Feature","geometry":{"type":"MultiLineString","coordinates":[[[-92.96857884635052,45.84631932936227],[-92.96879197144898,45.84488809643823]]]},"properties":{"id":"alpr-branch-i-35-bus-895","layer":"alpr_corridor","name":"I 35 BUS — County Highway 61","county":"Pine County","state":"MN","countyFips":"27115","confidence":"probabilistic","sourceDate":null,"attributes":{"kind":"branch","road":"I 35 BUS","roadName":"County Highway 61","roadClass":"secondary","readerCount":1,"siteCount":1,"operatorCount":0,"operators":null,"unattributedReaders":1,"siteLngs":"-92.968323","siteLats":"45.846301","siteReaders":"1"}}},{"type":"Feature","geometry":{"type":"MultiLineString","coordinates":[[[-95.04110694190169,46.910952348822654],[-95.04321233411935,46.91099549331735],[-95.04531759414547,46.91104163589563]]]},"properties":{"id":"alpr-branch-12th-street-east-896","layer":"alpr_corridor","name":"12th Street East","county":"Hubbard County","state":"MN","countyFips":"27057","confidence":"probabilistic","sourceDate":null,"attributes":{"kind":"branch","road":"12th Street East","roadName":null,"roadClass":"residential","readerCount":1,"siteCount":1,"operatorCount":0,"operators":null,"unattributedReaders":1,"siteLngs":"-95.043222","siteLats":"46.910787","siteReaders":"1"}}},{"type":"Feature","geometry":{"type":"MultiLineString","coordinates":[[[-94.32241280754833,46.34094212636233],[-94.3222328,46.3409253],[-94.3207375,46.340765],[-94.32049,46.3407418],[-94.32035163950357,46.34072882651161],[-94.31828882513766,46.340522959117585]]]},"properties":{"id":"alpr-branch-mn-210-898","layer":"alpr_corridor","name":"MN 210 — State Highway 210","county":"Crow Wing County","state":"MN","countyFips":"27035","confidence":"probabilistic","sourceDate":null,"attributes":{"kind":"branch","road":"MN 210","roadName":"State Highway 210","roadClass":"trunk","readerCount":1,"siteCount":1,"operatorCount":0,"operators":null,"unattributedReaders":1,"siteLngs":"-94.320368","siteLats":"46.340648","siteReaders":"1"}}},{"type":"Feature","geometry":{"type":"MultiLineString","coordinates":[[[-93.01745092604352,45.01558748206544],[-93.0174594,45.0155897],[-93.0175794,45.015621],[-93.0176724,45.0156453],[-93.0178048,45.0156612],[-93.0180395,45.0156895],[-93.0184247,45.0157106],[-93.0187973,45.0157104],[-93.0190215,45.0157103]]]},"properties":{"id":"alpr-branch-11th-avenue-899","layer":"alpr_corridor","name":"11th Avenue","county":"Ramsey County","state":"MN","countyFips":"27123","confidence":"probabilistic","sourceDate":null,"attributes":{"kind":"branch","road":"11th Avenue","roadName":null,"roadClass":"tertiary","readerCount":1,"siteCount":1,"operatorCount":0,"operators":null,"unattributedReaders":1,"siteLngs":"-93.017432","siteLats":"45.015624","siteReaders":"1"}}},{"type":"Feature","geometry":{"type":"MultiLineString","coordinates":[[[-95.24196577186854,45.351412938509235],[-95.2399388139094,45.351209513164],[-95.2398221,45.3512031],[-95.2381592,45.3511729],[-95.23789222944836,45.35117532408619]]]},"properties":{"id":"alpr-branch-mn-9-900","layer":"alpr_corridor","name":"MN 9 — Glacial Ridge Trail","county":"Kandiyohi County","state":"MN","countyFips":"27067","confidence":"probabilistic","sourceDate":null,"attributes":{"kind":"branch","road":"MN 9","roadName":"Glacial Ridge Trail","roadClass":"primary","readerCount":1,"siteCount":1,"operatorCount":0,"operators":null,"unattributedReaders":1,"siteLngs":"-95.239950","siteLats":"45.351107","siteReaders":"1"}}},{"type":"Feature","geometry":{"type":"MultiLineString","coordinates":[[[-96.5053364312827,46.87567823757578],[-96.50536456325572,46.87711702164832],[-96.5053646,46.8771189],[-96.5053681,46.8773593]]]},"properties":{"id":"alpr-branch-mn-9-901","layer":"alpr_corridor","name":"MN 9 — 140th Street South","county":"Clay County","state":"MN","countyFips":"27027","confidence":"probabilistic","sourceDate":null,"attributes":{"kind":"branch","road":"MN 9","roadName":"140th Street South","roadClass":"primary","readerCount":1,"siteCount":1,"operatorCount":0,"operators":null,"unattributedReaders":1,"siteLngs":"-96.505367","siteLats":"46.877117","siteReaders":"1"}}},{"type":"Feature","geometry":{"type":"MultiLineString","coordinates":[[[-93.0923033,44.9565176],[-93.0923282,44.9564516],[-93.0924169,44.9562158],[-93.09269009723351,44.95572914100671],[-93.092902,44.955453],[-93.0930456,44.9552658],[-93.0931076,44.9552029]]]},"properties":{"id":"alpr-branch-east-12th-street-902","layer":"alpr_corridor","name":"East 12th Street","county":"Ramsey County","state":"MN","countyFips":"27123","confidence":"probabilistic","sourceDate":null,"attributes":{"kind":"branch","road":"East 12th Street","roadName":null,"roadClass":"secondary","readerCount":1,"siteCount":1,"operatorCount":0,"operators":null,"unattributedReaders":1,"siteLngs":"-93.093061","siteLats":"44.955874","siteReaders":"1"}}},{"type":"Feature","geometry":{"type":"MultiLineString","coordinates":[[[-93.3203348761782,45.013923283465296],[-93.3204335,45.0139577],[-93.3207209,45.0140589],[-93.3207532,45.0140701]]]},"properties":{"id":"alpr-branch-oakdale-avenue-north-903","layer":"alpr_corridor","name":"Oakdale Avenue North","county":"Hennepin County","state":"MN","countyFips":"27053","confidence":"probabilistic","sourceDate":null,"attributes":{"kind":"branch","road":"Oakdale Avenue North","roadName":null,"roadClass":"tertiary","readerCount":1,"siteCount":1,"operatorCount":0,"operators":null,"unattributedReaders":1,"siteLngs":"-93.320280","siteLats":"45.014002","siteReaders":"1"}}},{"type":"Feature","geometry":{"type":"MultiLineString","coordinates":[[[-93.3802316,45.007329],[-93.38023958056053,45.007627749198384],[-93.3802375,45.0079153],[-93.3802364,45.008041]]]},"properties":{"id":"alpr-branch-cr-156-905","layer":"alpr_corridor","name":"CR 156 — Winnetka Avenue North","county":"Hennepin County","state":"MN","countyFips":"27053","confidence":"probabilistic","sourceDate":null,"attributes":{"kind":"branch","road":"CR 156","roadName":"Winnetka Avenue North","roadClass":"secondary","readerCount":1,"siteCount":1,"operatorCount":0,"operators":null,"unattributedReaders":1,"siteLngs":"-93.380172","siteLats":"45.007627","siteReaders":"1"}}},{"type":"Feature","geometry":{"type":"MultiLineString","coordinates":[[[-94.24384660415075,46.36808336759873],[-94.243845,46.368522],[-94.2437744,46.368744],[-94.2435469,46.3689362],[-94.2432879,46.3691013],[-94.24324449102633,46.36938123681159],[-94.2432536,46.3694863]]]},"properties":{"id":"alpr-branch-dellwood-drive-north-908","layer":"alpr_corridor","name":"Dellwood Drive North","county":"Crow Wing County","state":"MN","countyFips":"27035","confidence":"probabilistic","sourceDate":null,"attributes":{"kind":"branch","road":"Dellwood Drive North","roadName":null,"roadClass":"residential","readerCount":1,"siteCount":1,"operatorCount":0,"operators":null,"unattributedReaders":1,"siteLngs":"-94.243116","siteLats":"46.369387","siteReaders":"1"}}},{"type":"Feature","geometry":{"type":"MultiLineString","coordinates":[[[-93.11921392001344,44.95217539129715],[-93.12124714991107,44.952172786155806],[-93.1212848,44.9521727]]]},"properties":{"id":"alpr-branch-saint-anthony-avenue-909","layer":"alpr_corridor","name":"Saint Anthony Avenue","county":"Ramsey County","state":"MN","countyFips":"27123","confidence":"probabilistic","sourceDate":null,"attributes":{"kind":"branch","road":"Saint Anthony Avenue","roadName":null,"roadClass":"tertiary","readerCount":1,"siteCount":1,"operatorCount":0,"operators":null,"unattributedReaders":1,"siteLngs":"-93.121247","siteLats":"44.952051","siteReaders":"1"}}},{"type":"Feature","geometry":{"type":"MultiLineString","coordinates":[[[-93.22397631142285,44.8763427993865],[-93.2240634,44.876359],[-93.2242128,44.8763686],[-93.2243156,44.8763577],[-93.2243948,44.8763443],[-93.2244772,44.8763293],[-93.2245889,44.8763048],[-93.2247423,44.876256],[-93.2248633,44.8761956],[-93.2249432,44.8761421],[-93.2250191,44.876081],[-93.2250452,44.8760528]]]},"properties":{"id":"alpr-branch-humphrey-drive-911","layer":"alpr_corridor","name":"Humphrey Drive","county":"Hennepin County","state":"MN","countyFips":"27053","confidence":"probabilistic","sourceDate":null,"attributes":{"kind":"branch","road":"Humphrey Drive","roadName":null,"roadClass":"tertiary","readerCount":1,"siteCount":1,"operatorCount":1,"operators":"Metropolitan Airports Commission","unattributedReaders":0,"siteLngs":"-93.223996","siteLats":"44.876290","siteReaders":"1"}}},{"type":"Feature","geometry":{"type":"MultiLineString","coordinates":[[[-93.1979187,44.878945],[-93.1981534,44.8790371],[-93.19876251241253,44.879302189894666],[-93.20049236597002,44.88005584602036]]]},"properties":{"id":"alpr-branch-glumack-drive-912","layer":"alpr_corridor","name":"Glumack Drive","county":"Hennepin County","state":"MN","countyFips":"27053","confidence":"probabilistic","sourceDate":null,"attributes":{"kind":"branch","road":"Glumack Drive","roadName":null,"roadClass":"primary","readerCount":1,"siteCount":1,"operatorCount":1,"operators":"Metropolitan Airports Commission","unattributedReaders":0,"siteLngs":"-93.198777","siteLats":"44.879285","siteReaders":"1"}}},{"type":"Feature","geometry":{"type":"MultiLineString","coordinates":[[[-93.1597909,44.7477718],[-93.1598039,44.747436],[-93.159862,44.7472321],[-93.160093,44.7468153],[-93.1601434,44.746692],[-93.1601664490724,44.74649023611622],[-93.1601649,44.7464086]]]},"properties":{"id":"alpr-branch-driftwood-lane-913","layer":"alpr_corridor","name":"Driftwood Lane","county":"Dakota County","state":"MN","countyFips":"27037","confidence":"probabilistic","sourceDate":null,"attributes":{"kind":"branch","road":"Driftwood Lane","roadName":null,"roadClass":"residential","readerCount":1,"siteCount":1,"operatorCount":0,"operators":null,"unattributedReaders":1,"siteLngs":"-93.160077","siteLats":"44.746491","siteReaders":"1"}}},{"type":"Feature","geometry":{"type":"MultiLineString","coordinates":[[[-92.9780997336866,45.470415336251875],[-92.98015149713893,45.470428175670584],[-92.980278,45.470429],[-92.982203324749,45.47043384992883]]]},"properties":{"id":"alpr-branch-360th-street-914","layer":"alpr_corridor","name":"360th Street","county":"Chisago County","state":"MN","countyFips":"27025","confidence":"probabilistic","sourceDate":null,"attributes":{"kind":"branch","road":"360th Street","roadName":null,"roadClass":"residential","readerCount":1,"siteCount":1,"operatorCount":0,"operators":null,"unattributedReaders":1,"siteLngs":"-92.980151","siteLats":"45.470497","siteReaders":"1"}}},{"type":"Feature","geometry":{"type":"MultiLineString","coordinates":[[[-93.26568835579579,44.85306745920777],[-93.26569998274022,44.85162857023444],[-93.2657006,44.851553],[-93.2657012,44.8514877],[-93.26571247438508,44.850189684914945]]]},"properties":{"id":"alpr-branch-park-avenue-south-915","layer":"alpr_corridor","name":"Park Avenue South","county":"Hennepin County","state":"MN","countyFips":"27053","confidence":"probabilistic","sourceDate":null,"attributes":{"kind":"branch","road":"Park Avenue South","roadName":null,"roadClass":"residential","readerCount":1,"siteCount":1,"operatorCount":0,"operators":null,"unattributedReaders":1,"siteLngs":"-93.265611","siteLats":"44.851628","siteReaders":"1"}}},{"type":"Feature","geometry":{"type":"MultiLineString","coordinates":[[[-92.16652788200618,46.74084019893938],[-92.1666657,46.7407462],[-92.1668785,46.7405924],[-92.1670242,46.7404871],[-92.1670528,46.7404664]]]},"properties":{"id":"alpr-branch-grand-avenue-916","layer":"alpr_corridor","name":"Grand Avenue","county":"St. Louis County","state":"MN","countyFips":"27137","confidence":"probabilistic","sourceDate":null,"attributes":{"kind":"branch","road":"Grand Avenue","roadName":null,"roadClass":"primary","readerCount":1,"siteCount":1,"operatorCount":0,"operators":null,"unattributedReaders":1,"siteLngs":"-92.166562","siteLats":"46.740864","siteReaders":"1"}}},{"type":"Feature","geometry":{"type":"MultiLineString","coordinates":[[[-93.33078068666468,44.92683936960946],[-93.33079004041198,44.92540047226846]]]},"properties":{"id":"alpr-branch-scott-terrace-917","layer":"alpr_corridor","name":"Scott Terrace","county":"Hennepin County","state":"MN","countyFips":"27053","confidence":"probabilistic","sourceDate":null,"attributes":{"kind":"branch","road":"Scott Terrace","roadName":null,"roadClass":"residential","readerCount":1,"siteCount":1,"operatorCount":0,"operators":null,"unattributedReaders":1,"siteLngs":"-93.330911","siteLats":"44.926840","siteReaders":"1"}}},{"type":"Feature","geometry":{"type":"MultiLineString","coordinates":[[[-93.51473353980906,44.949186469056585],[-93.5147533,44.9492841],[-93.5148135,44.949423],[-93.5148428,44.9494832],[-93.5149148,44.9496007],[-93.5150296,44.9496802],[-93.51610838555395,44.950136760244135],[-93.5162821,44.9502468],[-93.5164488,44.9504128],[-93.5169922,44.9510396],[-93.5170716,44.9511041],[-93.5171792,44.9511587],[-93.51735349103333,44.951253626995126]]]},"properties":{"id":"alpr-branch-maplewood-road-918","layer":"alpr_corridor","name":"Maplewood Road","county":"Hennepin County","state":"MN","countyFips":"27053","confidence":"probabilistic","sourceDate":null,"attributes":{"kind":"branch","road":"Maplewood Road","roadName":null,"roadClass":"residential","readerCount":1,"siteCount":1,"operatorCount":0,"operators":null,"unattributedReaders":1,"siteLngs":"-93.516129","siteLats":"44.950120","siteReaders":"1"}}},{"type":"Feature","geometry":{"type":"MultiLineString","coordinates":[[[-93.2269319,45.0054194],[-93.2270222,45.0053327],[-93.2274825,45.0049133],[-93.22793181536419,45.00450453180341],[-93.2279385,45.0044985],[-93.227997,45.0044441],[-93.2282156,45.004241]]]},"properties":{"id":"alpr-branch-cr-88-919","layer":"alpr_corridor","name":"CR 88 — New Brighton Boulevard","county":"Hennepin County","state":"MN","countyFips":"27053","confidence":"probabilistic","sourceDate":null,"attributes":{"kind":"branch","road":"CR 88","roadName":"New Brighton Boulevard","roadClass":"secondary","readerCount":1,"siteCount":1,"operatorCount":1,"operators":"Minneapolis Police Department","unattributedReaders":0,"siteLngs":"-93.227943","siteLats":"45.004511","siteReaders":"1"}}},{"type":"Feature","geometry":{"type":"MultiLineString","coordinates":[[[-93.0162607,45.0791925],[-93.0161967,45.079193],[-93.0159884,45.079195],[-93.01586575387071,45.07919773512658],[-93.0158124,45.0791997],[-93.0157387,45.0792028],[-93.0156888,45.0792056],[-93.0156451,45.0792089],[-93.0156029,45.0792125],[-93.0155286,45.0792196]]]},"properties":{"id":"alpr-branch-cr-96-920","layer":"alpr_corridor","name":"CR 96","county":"Ramsey County","state":"MN","countyFips":"27123","confidence":"probabilistic","sourceDate":null,"attributes":{"kind":"branch","road":"CR 96","roadName":null,"roadClass":"primary","readerCount":1,"siteCount":1,"operatorCount":0,"operators":null,"unattributedReaders":1,"siteLngs":"-93.015863","siteLats":"45.079157","siteReaders":"1"}}},{"type":"Feature","geometry":{"type":"MultiLineString","coordinates":[[[-96.74651503642801,46.97717547417789],[-96.74688610843917,46.97859193862756],[-96.7472983809421,46.98000309168443]]]},"properties":{"id":"alpr-branch-us-75-921","layer":"alpr_corridor","name":"US 75","county":"Clay County","state":"MN","countyFips":"27027","confidence":"probabilistic","sourceDate":null,"attributes":{"kind":"branch","road":"US 75","roadName":null,"roadClass":"primary","readerCount":1,"siteCount":1,"operatorCount":0,"operators":null,"unattributedReaders":1,"siteLngs":"-96.746830","siteLats":"46.978600","siteReaders":"1"}}},{"type":"Feature","geometry":{"type":"MultiLineString","coordinates":[[[-92.1100594,46.7974584],[-92.1100006,46.7974898],[-92.10993476543557,46.79751739452594],[-92.1099163,46.7975238],[-92.1097945,46.7975556]]]},"properties":{"id":"alpr-branch-east-13th-street-922","layer":"alpr_corridor","name":"East 13th Street","county":"St. Louis County","state":"MN","countyFips":"27137","confidence":"probabilistic","sourceDate":null,"attributes":{"kind":"branch","road":"East 13th Street","roadName":null,"roadClass":"residential","readerCount":1,"siteCount":1,"operatorCount":0,"operators":null,"unattributedReaders":1,"siteLngs":"-92.109881","siteLats":"46.797443","siteReaders":"1"}}},{"type":"Feature","geometry":{"type":"MultiLineString","coordinates":[[[-92.53046060239333,44.56431856107428],[-92.5303456,44.5642455],[-92.5298047,44.5639048],[-92.52894962141595,44.563363806802116],[-92.5288875,44.5633246],[-92.5287218,44.563207]]]},"properties":{"id":"alpr-branch-mn-58-923","layer":"alpr_corridor","name":"MN 58 — Plum Street","county":"Goodhue County","state":"MN","countyFips":"27049","confidence":"probabilistic","sourceDate":null,"attributes":{"kind":"branch","road":"MN 58","roadName":"Plum Street","roadClass":"primary","readerCount":1,"siteCount":1,"operatorCount":0,"operators":null,"unattributedReaders":1,"siteLngs":"-92.529024","siteLats":"44.563304","siteReaders":"1"}}},{"type":"Feature","geometry":{"type":"MultiLineString","coordinates":[[[-92.5854164,44.5652739],[-92.58533778380784,44.56569034243479],[-92.5852665,44.5660797]]]},"properties":{"id":"alpr-branch-tyler-road-south-924","layer":"alpr_corridor","name":"Tyler Road South","county":"Goodhue County","state":"MN","countyFips":"27049","confidence":"probabilistic","sourceDate":null,"attributes":{"kind":"branch","road":"Tyler Road South","roadName":null,"roadClass":"tertiary","readerCount":1,"siteCount":1,"operatorCount":0,"operators":null,"unattributedReaders":1,"siteLngs":"-92.585280","siteLats":"44.565685","siteReaders":"1"}}},{"type":"Feature","geometry":{"type":"MultiLineString","coordinates":[[[-93.0884564,44.9918234],[-93.0882664,44.9918235],[-93.0880635,44.9918236],[-93.0877961,44.9918254],[-93.08726111547699,44.991827164168946],[-93.0872213,44.9918273],[-93.0864192,44.991826],[-93.086303,44.9918258],[-93.0862024,44.9918271],[-93.0856318,44.9918346],[-93.08522665127897,44.991839412496226]]]},"properties":{"id":"alpr-branch-ch-30-925","layer":"alpr_corridor","name":"CH 30 — Larpenteur Avenue East","county":"Ramsey County","state":"MN","countyFips":"27123","confidence":"probabilistic","sourceDate":null,"attributes":{"kind":"branch","road":"CH 30","roadName":"Larpenteur Avenue East","roadClass":"secondary","readerCount":1,"siteCount":1,"operatorCount":0,"operators":null,"unattributedReaders":1,"siteLngs":"-93.087261","siteLats":"44.991884","siteReaders":"1"}}},{"type":"Feature","geometry":{"type":"MultiLineString","coordinates":[[[-93.37515126831312,45.16622871474572],[-93.3751523,45.1661911],[-93.3751761,45.1653216],[-93.3751624,45.1652214],[-93.3751141,45.1651346],[-93.3750036,45.1650601],[-93.37476282015433,45.16490503425517]]]},"properties":{"id":"alpr-branch-oregon-avenue-north-927","layer":"alpr_corridor","name":"Oregon Avenue North","county":"Hennepin County","state":"MN","countyFips":"27053","confidence":"probabilistic","sourceDate":null,"attributes":{"kind":"branch","road":"Oregon Avenue North","roadName":null,"roadClass":"residential","readerCount":1,"siteCount":1,"operatorCount":0,"operators":null,"unattributedReaders":1,"siteLngs":"-93.375071","siteLats":"45.166228","siteReaders":"1"}}}]}