{"type":"FeatureCollection","metadata":{"layer":"alpr_reported","schema":"https://github.com/ngabantudev/flockoffmn/blob/main/src/layers/types.ts","featureCount":276,"knownGaps":["Only agencies that filed a report with the BCA appear. An agency missing here may not have filed, or may operate only vehicle-mounted readers, which are not fixed locations — it is not evidence the agency operates none.","Positions are resolved from the words in each filing against OpenStreetMap road geometry. The filing is the record; the coordinate is this project’s reading of it, and is marked `locatedBy: osm-intersection` on every feature.","501 of 780 reported locations could not be placed and are deliberately omitted rather than approximated: street addresses and landmark names this method cannot resolve, filings naming roads that do not exist or do not meet — including outright typos in the published list — and a few agencies whose filed name matches neither the jurisdiction nor the building inventory, leaving nowhere to search. Every one of them is listed in reference/alpr-reported-unresolved.json.","A reported location is where the agency says a reader is, not a guarantee it is still there or was ever installed."],"source":"Minnesota Bureau of Criminal Apprehension — agencies reporting LPR use","sourceUrl":"https://dps.mn.gov/divisions/bca/data-and-reports/agencies-use-lprs-lpr","license":"Public government data (Minn. Stat. ch. 13)","licenseUrl":null,"attribution":"Minnesota Bureau of Criminal Apprehension; positions resolved against © OpenStreetMap contributors (ODbL)","sourceDate":null,"refresh":"periodic","secondarySources":[{"key":"osm","name":"OpenStreetMap contributors","url":"https://www.openstreetmap.org/copyright","license":"ODbL 1.0","licenseUrl":"https://opendatacommons.org/licenses/odbl/1-0/","contributes":{"en":"Road geometry used to resolve each reported intersection to a coordinate.","es":"Geometría vial usada para resolver cada intersección reportada a una coordenada."}}],"lastUpdated":"2026-08-14T06:52:58.148Z"},"features":[{"type":"Feature","geometry":{"type":"Point","coordinates":[-95.40412867142857,45.89271924285715]},"properties":{"id":"alpr-reported-alexandria-police-department-viking-trail-at-highway-45-eastbound","layer":"alpr_reported","name":"Reported ALPR — Viking Trail at Highway 45 eastbound","county":"Douglas County","state":"MN","countyFips":"27041","confidence":"confirmed","sourceDate":null,"attributes":{"agencyName":"Alexandria Police Department","reportedLocation":"Viking Trail at Highway 45 eastbound","jurisdictionId":null,"locatedBy":"osm-intersection","ambiguousJunction":false,"statute":"Minn. Stat. § 13.824, subd. 8","sourceUrl":"https://dps.mn.gov/divisions/bca/data-and-reports/agencies-use-lprs-lpr"}}},{"type":"Feature","geometry":{"type":"Point","coordinates":[-95.388092725,45.84599505]},"properties":{"id":"alpr-reported-alexandria-police-department-50th-avenue-at-hwy-29-eastbound","layer":"alpr_reported","name":"Reported ALPR — 50th Avenue at Hwy. 29 eastbound","county":"Douglas County","state":"MN","countyFips":"27041","confidence":"confirmed","sourceDate":null,"attributes":{"agencyName":"Alexandria Police Department","reportedLocation":"50th Avenue at Hwy. 29 eastbound","jurisdictionId":null,"locatedBy":"osm-intersection","ambiguousJunction":false,"statute":"Minn. Stat. § 13.824, subd. 8","sourceUrl":"https://dps.mn.gov/divisions/bca/data-and-reports/agencies-use-lprs-lpr"}}},{"type":"Feature","geometry":{"type":"Point","coordinates":[-95.3780905,45.8515453]},"properties":{"id":"alpr-reported-alexandria-police-department-44th-ave-west-at-s-broadway-street-westbound","layer":"alpr_reported","name":"Reported ALPR — 44th Ave. West at S. Broadway Street westbound","county":"Douglas County","state":"MN","countyFips":"27041","confidence":"confirmed","sourceDate":null,"attributes":{"agencyName":"Alexandria Police Department","reportedLocation":"44th Ave. West at S. Broadway Street westbound","jurisdictionId":null,"locatedBy":"osm-intersection","ambiguousJunction":false,"statute":"Minn. Stat. § 13.824, subd. 8","sourceUrl":"https://dps.mn.gov/divisions/bca/data-and-reports/agencies-use-lprs-lpr"}}},{"type":"Feature","geometry":{"type":"Point","coordinates":[-95.3886641,45.8506108]},"properties":{"id":"alpr-reported-alexandria-police-department-dakota-street-at-frontage-road-westbound","layer":"alpr_reported","name":"Reported ALPR — Dakota Street at Frontage Road westbound","county":"Douglas County","state":"MN","countyFips":"27041","confidence":"confirmed","sourceDate":null,"attributes":{"agencyName":"Alexandria Police Department","reportedLocation":"Dakota Street at Frontage Road westbound","jurisdictionId":null,"locatedBy":"osm-intersection","ambiguousJunction":false,"statute":"Minn. Stat. § 13.824, subd. 8","sourceUrl":"https://dps.mn.gov/divisions/bca/data-and-reports/agencies-use-lprs-lpr"}}},{"type":"Feature","geometry":{"type":"Point","coordinates":[-93.5006968,45.3282772]},"properties":{"id":"alpr-reported-anoka-county-sheriff-s-office-viking-boulevard-nw-and-baugh-street-nw-in-nowthen","layer":"alpr_reported","name":"Reported ALPR — Viking Boulevard NW and Baugh Street NW in Nowthen","county":"Anoka County","state":"MN","countyFips":"27003","confidence":"confirmed","sourceDate":null,"attributes":{"agencyName":"Anoka County Sheriff's Office","reportedLocation":"Viking Boulevard NW and Baugh Street NW in Nowthen","jurisdictionId":"agency-jurisdiction-anoka-county-sheriff","locatedBy":"osm-intersection","ambiguousJunction":false,"statute":"Minn. Stat. § 13.824, subd. 8","sourceUrl":"https://dps.mn.gov/divisions/bca/data-and-reports/agencies-use-lprs-lpr"}}},{"type":"Feature","geometry":{"type":"Point","coordinates":[-93.0195028,45.3421633]},"properties":{"id":"alpr-reported-anoka-county-sheriff-s-office-viking-boulevard-ne-and-lyons-street-ne-in-lynwood","layer":"alpr_reported","name":"Reported ALPR — Viking Boulevard NE and Lyons Street NE in Lynwood","county":"Anoka County","state":"MN","countyFips":"27003","confidence":"confirmed","sourceDate":null,"attributes":{"agencyName":"Anoka County Sheriff's Office","reportedLocation":"Viking Boulevard NE and Lyons Street NE in Lynwood","jurisdictionId":"agency-jurisdiction-anoka-county-sheriff","locatedBy":"osm-intersection","ambiguousJunction":false,"statute":"Minn. Stat. § 13.824, subd. 8","sourceUrl":"https://dps.mn.gov/divisions/bca/data-and-reports/agencies-use-lprs-lpr"}}},{"type":"Feature","geometry":{"type":"Point","coordinates":[-93.31156612,45.21939582]},"properties":{"id":"alpr-reported-anoka-county-sheriff-s-office-jay-street-nw-and-bunker-lake-boulevard-nw-in-andover","layer":"alpr_reported","name":"Reported ALPR — Jay Street NW and Bunker Lake Boulevard NW in Andover","county":"Anoka County","state":"MN","countyFips":"27003","confidence":"confirmed","sourceDate":null,"attributes":{"agencyName":"Anoka County Sheriff's Office","reportedLocation":"Jay Street NW and Bunker Lake Boulevard NW in Andover","jurisdictionId":"agency-jurisdiction-anoka-county-sheriff","locatedBy":"osm-intersection","ambiguousJunction":false,"statute":"Minn. Stat. § 13.824, subd. 8","sourceUrl":"https://dps.mn.gov/divisions/bca/data-and-reports/agencies-use-lprs-lpr"}}},{"type":"Feature","geometry":{"type":"Point","coordinates":[-93.3203024,45.21961954000001]},"properties":{"id":"alpr-reported-anoka-county-sheriff-s-office-bunker-lake-boulevard-nw-and-quinn-street-nw-in-andover","layer":"alpr_reported","name":"Reported ALPR — Bunker Lake Boulevard NW and Quinn Street NW in Andover","county":"Anoka County","state":"MN","countyFips":"27003","confidence":"confirmed","sourceDate":null,"attributes":{"agencyName":"Anoka County Sheriff's Office","reportedLocation":"Bunker Lake Boulevard NW and Quinn Street NW in Andover","jurisdictionId":"agency-jurisdiction-anoka-county-sheriff","locatedBy":"osm-intersection","ambiguousJunction":false,"statute":"Minn. Stat. § 13.824, subd. 8","sourceUrl":"https://dps.mn.gov/divisions/bca/data-and-reports/agencies-use-lprs-lpr"}}},{"type":"Feature","geometry":{"type":"Point","coordinates":[-93.02992655,45.25047075]},"properties":{"id":"alpr-reported-anoka-county-sheriff-s-office-lake-drive-ne-and-freeway-drive-ne-in-columbus","layer":"alpr_reported","name":"Reported ALPR — Lake Drive NE and Freeway Drive NE in Columbus","county":"Anoka County","state":"MN","countyFips":"27003","confidence":"confirmed","sourceDate":null,"attributes":{"agencyName":"Anoka County Sheriff's Office","reportedLocation":"Lake Drive NE and Freeway Drive NE in Columbus","jurisdictionId":"agency-jurisdiction-anoka-county-sheriff","locatedBy":"osm-intersection","ambiguousJunction":false,"statute":"Minn. Stat. § 13.824, subd. 8","sourceUrl":"https://dps.mn.gov/divisions/bca/data-and-reports/agencies-use-lprs-lpr"}}},{"type":"Feature","geometry":{"type":"Point","coordinates":[-93.3989565,45.203574]},"properties":{"id":"alpr-reported-anoka-police-department-west-main-street-and-green-avenue","layer":"alpr_reported","name":"Reported ALPR — West Main Street and Green Avenue","county":"Anoka County","state":"MN","countyFips":"27003","confidence":"confirmed","sourceDate":null,"attributes":{"agencyName":"Anoka Police Department","reportedLocation":"West Main Street and Green Avenue","jurisdictionId":"agency-jurisdiction-anoka-police","locatedBy":"osm-intersection","ambiguousJunction":false,"statute":"Minn. Stat. § 13.824, subd. 8","sourceUrl":"https://dps.mn.gov/divisions/bca/data-and-reports/agencies-use-lprs-lpr"}}},{"type":"Feature","geometry":{"type":"Point","coordinates":[-93.3872156,45.1986677]},"properties":{"id":"alpr-reported-anoka-police-department-jackson-street-and-third-avenue","layer":"alpr_reported","name":"Reported ALPR — Jackson Street and Third Avenue","county":"Anoka County","state":"MN","countyFips":"27003","confidence":"confirmed","sourceDate":null,"attributes":{"agencyName":"Anoka Police Department","reportedLocation":"Jackson Street and Third Avenue","jurisdictionId":"agency-jurisdiction-anoka-police","locatedBy":"osm-intersection","ambiguousJunction":false,"statute":"Minn. Stat. § 13.824, subd. 8","sourceUrl":"https://dps.mn.gov/divisions/bca/data-and-reports/agencies-use-lprs-lpr"}}},{"type":"Feature","geometry":{"type":"Point","coordinates":[-93.36654076666666,45.197488066666665]},"properties":{"id":"alpr-reported-anoka-police-department-east-main-street-and-wedgewood-drive","layer":"alpr_reported","name":"Reported ALPR — East Main Street and Wedgewood Drive","county":"Anoka County","state":"MN","countyFips":"27003","confidence":"confirmed","sourceDate":null,"attributes":{"agencyName":"Anoka Police Department","reportedLocation":"East Main Street and Wedgewood Drive","jurisdictionId":"agency-jurisdiction-anoka-police","locatedBy":"osm-intersection","ambiguousJunction":false,"statute":"Minn. Stat. § 13.824, subd. 8","sourceUrl":"https://dps.mn.gov/divisions/bca/data-and-reports/agencies-use-lprs-lpr"}}},{"type":"Feature","geometry":{"type":"Point","coordinates":[-93.3783311,45.2023189]},"properties":{"id":"alpr-reported-anoka-police-department-seventh-avenue-and-tyler-street","layer":"alpr_reported","name":"Reported ALPR — Seventh Avenue and Tyler Street","county":"Anoka County","state":"MN","countyFips":"27003","confidence":"confirmed","sourceDate":null,"attributes":{"agencyName":"Anoka Police Department","reportedLocation":"Seventh Avenue and Tyler Street","jurisdictionId":"agency-jurisdiction-anoka-police","locatedBy":"osm-intersection","ambiguousJunction":false,"statute":"Minn. Stat. § 13.824, subd. 8","sourceUrl":"https://dps.mn.gov/divisions/bca/data-and-reports/agencies-use-lprs-lpr"}}},{"type":"Feature","geometry":{"type":"Point","coordinates":[-93.3735831,45.1859175]},"properties":{"id":"alpr-reported-anoka-police-department-ninth-avenue-and-east-river-road","layer":"alpr_reported","name":"Reported ALPR — Ninth Avenue and East River Road","county":"Anoka County","state":"MN","countyFips":"27003","confidence":"confirmed","sourceDate":null,"attributes":{"agencyName":"Anoka Police Department","reportedLocation":"Ninth Avenue and East River Road","jurisdictionId":"agency-jurisdiction-anoka-police","locatedBy":"osm-intersection","ambiguousJunction":false,"statute":"Minn. Stat. § 13.824, subd. 8","sourceUrl":"https://dps.mn.gov/divisions/bca/data-and-reports/agencies-use-lprs-lpr"}}},{"type":"Feature","geometry":{"type":"Point","coordinates":[-93.3788409,45.1878833]},"properties":{"id":"alpr-reported-anoka-police-department-east-river-road-and-seventh-avenue","layer":"alpr_reported","name":"Reported ALPR — East River Road and Seventh Avenue","county":"Anoka County","state":"MN","countyFips":"27003","confidence":"confirmed","sourceDate":null,"attributes":{"agencyName":"Anoka Police Department","reportedLocation":"East River Road and Seventh Avenue","jurisdictionId":"agency-jurisdiction-anoka-police","locatedBy":"osm-intersection","ambiguousJunction":false,"statute":"Minn. Stat. § 13.824, subd. 8","sourceUrl":"https://dps.mn.gov/divisions/bca/data-and-reports/agencies-use-lprs-lpr"}}},{"type":"Feature","geometry":{"type":"Point","coordinates":[-93.7682165,44.6156541]},"properties":{"id":"alpr-reported-belle-plaine-police-department-meridian-street-south-and-commerce-drive-west","layer":"alpr_reported","name":"Reported ALPR — Meridian Street South and Commerce Drive West","county":"Scott County","state":"MN","countyFips":"27139","confidence":"confirmed","sourceDate":null,"attributes":{"agencyName":"Belle Plaine Police Department","reportedLocation":"Meridian Street South and Commerce Drive West","jurisdictionId":"agency-jurisdiction-belle-plaine-police","locatedBy":"osm-intersection","ambiguousJunction":false,"statute":"Minn. Stat. § 13.824, subd. 8","sourceUrl":"https://dps.mn.gov/divisions/bca/data-and-reports/agencies-use-lprs-lpr"}}},{"type":"Feature","geometry":{"type":"Point","coordinates":[-93.7681751,44.6115591]},"properties":{"id":"alpr-reported-belle-plaine-police-department-enterprise-drive-west-and-meridian-street-south","layer":"alpr_reported","name":"Reported ALPR — Enterprise Drive West and Meridian Street South","county":"Scott County","state":"MN","countyFips":"27139","confidence":"confirmed","sourceDate":null,"attributes":{"agencyName":"Belle Plaine Police Department","reportedLocation":"Enterprise Drive West and Meridian Street South","jurisdictionId":"agency-jurisdiction-belle-plaine-police","locatedBy":"osm-intersection","ambiguousJunction":false,"statute":"Minn. Stat. § 13.824, subd. 8","sourceUrl":"https://dps.mn.gov/divisions/bca/data-and-reports/agencies-use-lprs-lpr"}}},{"type":"Feature","geometry":{"type":"Point","coordinates":[-93.7681751,44.6115591]},"properties":{"id":"alpr-reported-belle-plaine-police-department-enterprise-drive-east-and-meridian-street-south","layer":"alpr_reported","name":"Reported ALPR — Enterprise Drive East and Meridian Street South","county":"Scott County","state":"MN","countyFips":"27139","confidence":"confirmed","sourceDate":null,"attributes":{"agencyName":"Belle Plaine Police Department","reportedLocation":"Enterprise Drive East and Meridian Street South","jurisdictionId":"agency-jurisdiction-belle-plaine-police","locatedBy":"osm-intersection","ambiguousJunction":false,"statute":"Minn. Stat. § 13.824, subd. 8","sourceUrl":"https://dps.mn.gov/divisions/bca/data-and-reports/agencies-use-lprs-lpr"}}},{"type":"Feature","geometry":{"type":"Point","coordinates":[-93.759665,44.6104294]},"properties":{"id":"alpr-reported-belle-plaine-police-department-orchard-street-east-and-ash-street-south","layer":"alpr_reported","name":"Reported ALPR — Orchard Street East and Ash Street South","county":"Scott County","state":"MN","countyFips":"27139","confidence":"confirmed","sourceDate":null,"attributes":{"agencyName":"Belle Plaine Police Department","reportedLocation":"Orchard Street East and Ash Street South","jurisdictionId":"agency-jurisdiction-belle-plaine-police","locatedBy":"osm-intersection","ambiguousJunction":false,"statute":"Minn. Stat. § 13.824, subd. 8","sourceUrl":"https://dps.mn.gov/divisions/bca/data-and-reports/agencies-use-lprs-lpr"}}},{"type":"Feature","geometry":{"type":"Point","coordinates":[-93.18423745,45.12890485]},"properties":{"id":"alpr-reported-blaine-police-department-naples-street-ne-and-lake-drive-ne-northbound","layer":"alpr_reported","name":"Reported ALPR — Naples Street NE and Lake Drive NE, northbound","county":"Anoka County","state":"MN","countyFips":"27003","confidence":"confirmed","sourceDate":null,"attributes":{"agencyName":"Blaine Police Department","reportedLocation":"Naples Street NE and Lake Drive NE, northbound","jurisdictionId":"agency-jurisdiction-blaine-police","locatedBy":"osm-intersection","ambiguousJunction":false,"statute":"Minn. Stat. § 13.824, subd. 8","sourceUrl":"https://dps.mn.gov/divisions/bca/data-and-reports/agencies-use-lprs-lpr"}}},{"type":"Feature","geometry":{"type":"Point","coordinates":[-93.2350622,45.16082933333333]},"properties":{"id":"alpr-reported-blaine-police-department-105th-avenue-ne-and-central-avenue-ne-eastbound","layer":"alpr_reported","name":"Reported ALPR — 105th Avenue NE and Central Avenue NE, eastbound","county":"Anoka County","state":"MN","countyFips":"27003","confidence":"confirmed","sourceDate":null,"attributes":{"agencyName":"Blaine Police Department","reportedLocation":"105th Avenue NE and Central Avenue NE, eastbound","jurisdictionId":"agency-jurisdiction-blaine-police","locatedBy":"osm-intersection","ambiguousJunction":false,"statute":"Minn. Stat. § 13.824, subd. 8","sourceUrl":"https://dps.mn.gov/divisions/bca/data-and-reports/agencies-use-lprs-lpr"}}},{"type":"Feature","geometry":{"type":"Point","coordinates":[-93.2349684,45.1830181]},"properties":{"id":"alpr-reported-blaine-police-department-117th-avenue-ne-and-central-avenue-ne-westbound","layer":"alpr_reported","name":"Reported ALPR — 117th Avenue NE and Central Avenue NE westbound","county":"Anoka County","state":"MN","countyFips":"27003","confidence":"confirmed","sourceDate":null,"attributes":{"agencyName":"Blaine Police Department","reportedLocation":"117th Avenue NE and Central Avenue NE westbound","jurisdictionId":"agency-jurisdiction-blaine-police","locatedBy":"osm-intersection","ambiguousJunction":false,"statute":"Minn. Stat. § 13.824, subd. 8","sourceUrl":"https://dps.mn.gov/divisions/bca/data-and-reports/agencies-use-lprs-lpr"}}},{"type":"Feature","geometry":{"type":"Point","coordinates":[-93.2352635,45.1318115]},"properties":{"id":"alpr-reported-blaine-police-department-89th-avenue-ne-and-central-avenue-ne","layer":"alpr_reported","name":"Reported ALPR — 89th Avenue NE and Central Avenue NE","county":"Anoka County","state":"MN","countyFips":"27003","confidence":"confirmed","sourceDate":null,"attributes":{"agencyName":"Blaine Police Department","reportedLocation":"89th Avenue NE and Central Avenue NE","jurisdictionId":"agency-jurisdiction-blaine-police","locatedBy":"osm-intersection","ambiguousJunction":false,"statute":"Minn. Stat. § 13.824, subd. 8","sourceUrl":"https://dps.mn.gov/divisions/bca/data-and-reports/agencies-use-lprs-lpr"}}},{"type":"Feature","geometry":{"type":"Point","coordinates":[-93.212965,45.1664223]},"properties":{"id":"alpr-reported-blaine-police-department-radisson-road-ne-at-108th-avenue-ne-southbound","layer":"alpr_reported","name":"Reported ALPR — Radisson Road NE at 108th Avenue NE southbound","county":"Anoka County","state":"MN","countyFips":"27003","confidence":"confirmed","sourceDate":null,"attributes":{"agencyName":"Blaine Police Department","reportedLocation":"Radisson Road NE at 108th Avenue NE southbound","jurisdictionId":"agency-jurisdiction-blaine-police","locatedBy":"osm-intersection","ambiguousJunction":false,"statute":"Minn. Stat. § 13.824, subd. 8","sourceUrl":"https://dps.mn.gov/divisions/bca/data-and-reports/agencies-use-lprs-lpr"}}},{"type":"Feature","geometry":{"type":"Point","coordinates":[-93.26586649999999,45.1971346]},"properties":{"id":"alpr-reported-blaine-police-department-main-street-ne-at-university-avenue-ne-eastbound","layer":"alpr_reported","name":"Reported ALPR — Main Street NE at University Avenue NE eastbound","county":"Anoka County","state":"MN","countyFips":"27003","confidence":"confirmed","sourceDate":null,"attributes":{"agencyName":"Blaine Police Department","reportedLocation":"Main Street NE at University Avenue NE eastbound","jurisdictionId":"agency-jurisdiction-blaine-police","locatedBy":"osm-intersection","ambiguousJunction":false,"statute":"Minn. Stat. § 13.824, subd. 8","sourceUrl":"https://dps.mn.gov/divisions/bca/data-and-reports/agencies-use-lprs-lpr"}}},{"type":"Feature","geometry":{"type":"Point","coordinates":[-93.16322466666668,45.16236203333333]},"properties":{"id":"alpr-reported-blaine-police-department-pheasant-ridge-ne-at-lexington-avenue-ne-northbound","layer":"alpr_reported","name":"Reported ALPR — Pheasant Ridge NE at Lexington Avenue NE northbound","county":"Anoka County","state":"MN","countyFips":"27003","confidence":"confirmed","sourceDate":null,"attributes":{"agencyName":"Blaine Police Department","reportedLocation":"Pheasant Ridge NE at Lexington Avenue NE northbound","jurisdictionId":"agency-jurisdiction-blaine-police","locatedBy":"osm-intersection","ambiguousJunction":false,"statute":"Minn. Stat. § 13.824, subd. 8","sourceUrl":"https://dps.mn.gov/divisions/bca/data-and-reports/agencies-use-lprs-lpr"}}},{"type":"Feature","geometry":{"type":"Point","coordinates":[-93.26585423333331,45.197115000000004]},"properties":{"id":"alpr-reported-blaine-police-department-university-avenue-ne-at-main-street-ne-southbound","layer":"alpr_reported","name":"Reported ALPR — University Avenue NE at Main Street NE southbound","county":"Anoka County","state":"MN","countyFips":"27003","confidence":"confirmed","sourceDate":null,"attributes":{"agencyName":"Blaine Police Department","reportedLocation":"University Avenue NE at Main Street NE southbound","jurisdictionId":"agency-jurisdiction-blaine-police","locatedBy":"osm-intersection","ambiguousJunction":false,"statute":"Minn. Stat. § 13.824, subd. 8","sourceUrl":"https://dps.mn.gov/divisions/bca/data-and-reports/agencies-use-lprs-lpr"}}},{"type":"Feature","geometry":{"type":"Point","coordinates":[-93.2661196,45.1824972]},"properties":{"id":"alpr-reported-blaine-police-department-117th-avenue-ne-at-university-avenue-ne-eastbound","layer":"alpr_reported","name":"Reported ALPR — 117th Avenue NE at University Avenue NE eastbound","county":"Anoka County","state":"MN","countyFips":"27003","confidence":"confirmed","sourceDate":null,"attributes":{"agencyName":"Blaine Police Department","reportedLocation":"117th Avenue NE at University Avenue NE eastbound","jurisdictionId":"agency-jurisdiction-blaine-police","locatedBy":"osm-intersection","ambiguousJunction":false,"statute":"Minn. Stat. § 13.824, subd. 8","sourceUrl":"https://dps.mn.gov/divisions/bca/data-and-reports/agencies-use-lprs-lpr"}}},{"type":"Feature","geometry":{"type":"Point","coordinates":[-93.26619735,45.168158700000006]},"properties":{"id":"alpr-reported-blaine-police-department-109th-avenue-ne-at-university-avenue-ne-eastbound","layer":"alpr_reported","name":"Reported ALPR — 109th Avenue NE at University Avenue NE eastbound","county":"Anoka County","state":"MN","countyFips":"27003","confidence":"confirmed","sourceDate":null,"attributes":{"agencyName":"Blaine Police Department","reportedLocation":"109th Avenue NE at University Avenue NE eastbound","jurisdictionId":"agency-jurisdiction-blaine-police","locatedBy":"osm-intersection","ambiguousJunction":false,"statute":"Minn. Stat. § 13.824, subd. 8","sourceUrl":"https://dps.mn.gov/divisions/bca/data-and-reports/agencies-use-lprs-lpr"}}},{"type":"Feature","geometry":{"type":"Point","coordinates":[-93.26648555,45.15274719999999]},"properties":{"id":"alpr-reported-blaine-police-department-101st-avenue-ne-at-university-avenue-ne-eastbound","layer":"alpr_reported","name":"Reported ALPR — 101st Avenue NE at University Avenue NE eastbound","county":"Anoka County","state":"MN","countyFips":"27003","confidence":"confirmed","sourceDate":null,"attributes":{"agencyName":"Blaine Police Department","reportedLocation":"101st Avenue NE at University Avenue NE eastbound","jurisdictionId":"agency-jurisdiction-blaine-police","locatedBy":"osm-intersection","ambiguousJunction":false,"statute":"Minn. Stat. § 13.824, subd. 8","sourceUrl":"https://dps.mn.gov/divisions/bca/data-and-reports/agencies-use-lprs-lpr"}}},{"type":"Feature","geometry":{"type":"Point","coordinates":[-93.16339845,45.15666468333333]},"properties":{"id":"alpr-reported-blaine-police-department-ball-road-ne-at-lexington-avenue-ne-eastbound","layer":"alpr_reported","name":"Reported ALPR — Ball Road NE at Lexington Avenue NE eastbound","county":"Anoka County","state":"MN","countyFips":"27003","confidence":"confirmed","sourceDate":null,"attributes":{"agencyName":"Blaine Police Department","reportedLocation":"Ball Road NE at Lexington Avenue NE eastbound","jurisdictionId":"agency-jurisdiction-blaine-police","locatedBy":"osm-intersection","ambiguousJunction":false,"statute":"Minn. Stat. § 13.824, subd. 8","sourceUrl":"https://dps.mn.gov/divisions/bca/data-and-reports/agencies-use-lprs-lpr"}}},{"type":"Feature","geometry":{"type":"Point","coordinates":[-93.3209463,45.047633600000005]},"properties":{"id":"alpr-reported-brooklyn-center-police-department-51st-avenue-north-and-brooklyn-boulevard-northbound","layer":"alpr_reported","name":"Reported ALPR — 51st Avenue North and Brooklyn Boulevard, northbound","county":"Hennepin County","state":"MN","countyFips":"27053","confidence":"confirmed","sourceDate":null,"attributes":{"agencyName":"Brooklyn Center Police Department","reportedLocation":"51st Avenue North and Brooklyn Boulevard, northbound","jurisdictionId":"agency-jurisdiction-brooklyn-center-police","locatedBy":"osm-intersection","ambiguousJunction":false,"statute":"Minn. Stat. § 13.824, subd. 8","sourceUrl":"https://dps.mn.gov/divisions/bca/data-and-reports/agencies-use-lprs-lpr"}}},{"type":"Feature","geometry":{"type":"Point","coordinates":[-93.3209463,45.047633600000005]},"properties":{"id":"alpr-reported-brooklyn-center-police-department-51st-avenue-north-and-brooklyn-boulevard-southbound","layer":"alpr_reported","name":"Reported ALPR — 51st Avenue North and Brooklyn Boulevard, southbound","county":"Hennepin County","state":"MN","countyFips":"27053","confidence":"confirmed","sourceDate":null,"attributes":{"agencyName":"Brooklyn Center Police Department","reportedLocation":"51st Avenue North and Brooklyn Boulevard, southbound","jurisdictionId":"agency-jurisdiction-brooklyn-center-police","locatedBy":"osm-intersection","ambiguousJunction":false,"statute":"Minn. Stat. § 13.824, subd. 8","sourceUrl":"https://dps.mn.gov/divisions/bca/data-and-reports/agencies-use-lprs-lpr"}}},{"type":"Feature","geometry":{"type":"Point","coordinates":[-93.31377215,45.0591254]},"properties":{"id":"alpr-reported-brooklyn-center-police-department-shingle-creek-parkway-and-county-road-10-westbound","layer":"alpr_reported","name":"Reported ALPR — Shingle Creek Parkway and County Road 10, westbound","county":"Hennepin County","state":"MN","countyFips":"27053","confidence":"confirmed","sourceDate":null,"attributes":{"agencyName":"Brooklyn Center Police Department","reportedLocation":"Shingle Creek Parkway and County Road 10, westbound","jurisdictionId":"agency-jurisdiction-brooklyn-center-police","locatedBy":"osm-intersection","ambiguousJunction":false,"statute":"Minn. Stat. § 13.824, subd. 8","sourceUrl":"https://dps.mn.gov/divisions/bca/data-and-reports/agencies-use-lprs-lpr"}}},{"type":"Feature","geometry":{"type":"Point","coordinates":[-93.31377215,45.0591254]},"properties":{"id":"alpr-reported-brooklyn-center-police-department-shingle-creek-parkway-and-county-road-10-eastbound","layer":"alpr_reported","name":"Reported ALPR — Shingle Creek Parkway and County Road 10, eastbound","county":"Hennepin County","state":"MN","countyFips":"27053","confidence":"confirmed","sourceDate":null,"attributes":{"agencyName":"Brooklyn Center Police Department","reportedLocation":"Shingle Creek Parkway and County Road 10, eastbound","jurisdictionId":"agency-jurisdiction-brooklyn-center-police","locatedBy":"osm-intersection","ambiguousJunction":false,"statute":"Minn. Stat. § 13.824, subd. 8","sourceUrl":"https://dps.mn.gov/divisions/bca/data-and-reports/agencies-use-lprs-lpr"}}},{"type":"Feature","geometry":{"type":"Point","coordinates":[-93.336858125,45.080102625]},"properties":{"id":"alpr-reported-brooklyn-center-police-department-brooklyn-boulevard-and-69th-avenue-north-northbound","layer":"alpr_reported","name":"Reported ALPR — Brooklyn Boulevard and 69th Avenue North, northbound","county":"Hennepin County","state":"MN","countyFips":"27053","confidence":"confirmed","sourceDate":null,"attributes":{"agencyName":"Brooklyn Center Police Department","reportedLocation":"Brooklyn Boulevard and 69th Avenue North, northbound","jurisdictionId":"agency-jurisdiction-brooklyn-center-police","locatedBy":"osm-intersection","ambiguousJunction":false,"statute":"Minn. Stat. § 13.824, subd. 8","sourceUrl":"https://dps.mn.gov/divisions/bca/data-and-reports/agencies-use-lprs-lpr"}}},{"type":"Feature","geometry":{"type":"Point","coordinates":[-93.33513785,45.078359000000006]},"properties":{"id":"alpr-reported-brooklyn-center-police-department-brooklyn-boulevard-and-68th-avenue-north-southbound","layer":"alpr_reported","name":"Reported ALPR — Brooklyn Boulevard and 68th Avenue North, southbound","county":"Hennepin County","state":"MN","countyFips":"27053","confidence":"confirmed","sourceDate":null,"attributes":{"agencyName":"Brooklyn Center Police Department","reportedLocation":"Brooklyn Boulevard and 68th Avenue North, southbound","jurisdictionId":"agency-jurisdiction-brooklyn-center-police","locatedBy":"osm-intersection","ambiguousJunction":false,"statute":"Minn. Stat. § 13.824, subd. 8","sourceUrl":"https://dps.mn.gov/divisions/bca/data-and-reports/agencies-use-lprs-lpr"}}},{"type":"Feature","geometry":{"type":"Point","coordinates":[-93.30896633333334,45.066519199999995]},"properties":{"id":"alpr-reported-brooklyn-center-police-department-shingle-creek-parkway-and-summit-drive-north","layer":"alpr_reported","name":"Reported ALPR — Shingle Creek Parkway and Summit Drive North","county":"Hennepin County","state":"MN","countyFips":"27053","confidence":"confirmed","sourceDate":null,"attributes":{"agencyName":"Brooklyn Center Police Department","reportedLocation":"Shingle Creek Parkway and Summit Drive North","jurisdictionId":"agency-jurisdiction-brooklyn-center-police","locatedBy":"osm-intersection","ambiguousJunction":false,"statute":"Minn. Stat. § 13.824, subd. 8","sourceUrl":"https://dps.mn.gov/divisions/bca/data-and-reports/agencies-use-lprs-lpr"}}},{"type":"Feature","geometry":{"type":"Point","coordinates":[-93.30589305000001,45.07324865]},"properties":{"id":"alpr-reported-brooklyn-center-police-department-shingle-creek-parkway-and-freeway-boulevard","layer":"alpr_reported","name":"Reported ALPR — Shingle Creek Parkway and Freeway Boulevard","county":"Hennepin County","state":"MN","countyFips":"27053","confidence":"confirmed","sourceDate":null,"attributes":{"agencyName":"Brooklyn Center Police Department","reportedLocation":"Shingle Creek Parkway and Freeway Boulevard","jurisdictionId":"agency-jurisdiction-brooklyn-center-police","locatedBy":"osm-intersection","ambiguousJunction":true,"statute":"Minn. Stat. § 13.824, subd. 8","sourceUrl":"https://dps.mn.gov/divisions/bca/data-and-reports/agencies-use-lprs-lpr"}}},{"type":"Feature","geometry":{"type":"Point","coordinates":[-93.304242,45.053]},"properties":{"id":"alpr-reported-brooklyn-center-police-department-54th-avenue-north-and-logan-avenue-north","layer":"alpr_reported","name":"Reported ALPR — 54th Avenue North and Logan Avenue North","county":"Hennepin County","state":"MN","countyFips":"27053","confidence":"confirmed","sourceDate":null,"attributes":{"agencyName":"Brooklyn Center Police Department","reportedLocation":"54th Avenue North and Logan Avenue North","jurisdictionId":"agency-jurisdiction-brooklyn-center-police","locatedBy":"osm-intersection","ambiguousJunction":false,"statute":"Minn. Stat. § 13.824, subd. 8","sourceUrl":"https://dps.mn.gov/divisions/bca/data-and-reports/agencies-use-lprs-lpr"}}},{"type":"Feature","geometry":{"type":"Point","coordinates":[-93.2991461,45.0529693]},"properties":{"id":"alpr-reported-brooklyn-center-police-department-54th-avenue-north-and-humboldt-avenue-north","layer":"alpr_reported","name":"Reported ALPR — 54th Avenue North and Humboldt Avenue North","county":"Hennepin County","state":"MN","countyFips":"27053","confidence":"confirmed","sourceDate":null,"attributes":{"agencyName":"Brooklyn Center Police Department","reportedLocation":"54th Avenue North and Humboldt Avenue North","jurisdictionId":"agency-jurisdiction-brooklyn-center-police","locatedBy":"osm-intersection","ambiguousJunction":false,"statute":"Minn. Stat. § 13.824, subd. 8","sourceUrl":"https://dps.mn.gov/divisions/bca/data-and-reports/agencies-use-lprs-lpr"}}},{"type":"Feature","geometry":{"type":"Point","coordinates":[-92.9864131,45.6842255]},"properties":{"id":"alpr-reported-chisago-county-sheriff-s-office-west-4th-street-at-south-oneill-ave-in-rush-city","layer":"alpr_reported","name":"Reported ALPR — West 4th Street at South Oneill Ave. in Rush City","county":"Chisago County","state":"MN","countyFips":"27025","confidence":"confirmed","sourceDate":null,"attributes":{"agencyName":"Chisago County Sheriff's Office","reportedLocation":"West 4th Street at South Oneill Ave. in Rush City","jurisdictionId":"agency-jurisdiction-chisago-county-sheriff","locatedBy":"osm-intersection","ambiguousJunction":false,"statute":"Minn. Stat. § 13.824, subd. 8","sourceUrl":"https://dps.mn.gov/divisions/bca/data-and-reports/agencies-use-lprs-lpr"}}},{"type":"Feature","geometry":{"type":"Point","coordinates":[-92.7290793,45.3379424]},"properties":{"id":"alpr-reported-chisago-county-sheriff-s-office-pleasant-valley-road-at-sierra-ave-in-franconia-township","layer":"alpr_reported","name":"Reported ALPR — Pleasant Valley Road at Sierra Ave. in Franconia Township","county":"Chisago County","state":"MN","countyFips":"27025","confidence":"confirmed","sourceDate":null,"attributes":{"agencyName":"Chisago County Sheriff's Office","reportedLocation":"Pleasant Valley Road at Sierra Ave. in Franconia Township","jurisdictionId":"agency-jurisdiction-chisago-county-sheriff","locatedBy":"osm-intersection","ambiguousJunction":false,"statute":"Minn. Stat. § 13.824, subd. 8","sourceUrl":"https://dps.mn.gov/divisions/bca/data-and-reports/agencies-use-lprs-lpr"}}},{"type":"Feature","geometry":{"type":"Point","coordinates":[-93.1346545,45.5907354]},"properties":{"id":"alpr-reported-chisago-county-sheriff-s-office-stark-road-w-at-acacia-trail-in-fish-lake-township","layer":"alpr_reported","name":"Reported ALPR — Stark Road W. at Acacia Trail in Fish Lake Township","county":"Chisago County","state":"MN","countyFips":"27025","confidence":"confirmed","sourceDate":null,"attributes":{"agencyName":"Chisago County Sheriff's Office","reportedLocation":"Stark Road W. at Acacia Trail in Fish Lake Township","jurisdictionId":"agency-jurisdiction-chisago-county-sheriff","locatedBy":"osm-intersection","ambiguousJunction":false,"statute":"Minn. Stat. § 13.824, subd. 8","sourceUrl":"https://dps.mn.gov/divisions/bca/data-and-reports/agencies-use-lprs-lpr"}}},{"type":"Feature","geometry":{"type":"Point","coordinates":[-92.835014,45.359639]},"properties":{"id":"alpr-reported-chisago-county-sheriff-s-office-olinda-trail-at-morgan-ave-in-chisago-lakes-township","layer":"alpr_reported","name":"Reported ALPR — Olinda Trail at Morgan Ave. in Chisago Lakes Township","county":"Chisago County","state":"MN","countyFips":"27025","confidence":"confirmed","sourceDate":null,"attributes":{"agencyName":"Chisago County Sheriff's Office","reportedLocation":"Olinda Trail at Morgan Ave. in Chisago Lakes Township","jurisdictionId":"agency-jurisdiction-chisago-county-sheriff","locatedBy":"osm-intersection","ambiguousJunction":false,"statute":"Minn. Stat. § 13.824, subd. 8","sourceUrl":"https://dps.mn.gov/divisions/bca/data-and-reports/agencies-use-lprs-lpr"}}},{"type":"Feature","geometry":{"type":"Point","coordinates":[-93.2732185,45.1380495]},"properties":{"id":"alpr-reported-coon-rapids-police-department-springbrook-drive-northwest-at-coon-rapids-boulevard-northwest","layer":"alpr_reported","name":"Reported ALPR — Springbrook Drive Northwest at Coon Rapids Boulevard Northwest","county":"Anoka County","state":"MN","countyFips":"27003","confidence":"confirmed","sourceDate":null,"attributes":{"agencyName":"Coon Rapids Police Department","reportedLocation":"Springbrook Drive Northwest at Coon Rapids Boulevard Northwest","jurisdictionId":"agency-jurisdiction-coon-rapids-police","locatedBy":"osm-intersection","ambiguousJunction":false,"statute":"Minn. Stat. § 13.824, subd. 8","sourceUrl":"https://dps.mn.gov/divisions/bca/data-and-reports/agencies-use-lprs-lpr"}}},{"type":"Feature","geometry":{"type":"Point","coordinates":[-93.26708529999999,45.124579499999996]},"properties":{"id":"alpr-reported-coon-rapids-police-department-springbrook-drive-northwest-at-85th-avenue-northwest","layer":"alpr_reported","name":"Reported ALPR — Springbrook Drive Northwest at 85th Avenue Northwest","county":"Anoka County","state":"MN","countyFips":"27003","confidence":"confirmed","sourceDate":null,"attributes":{"agencyName":"Coon Rapids Police Department","reportedLocation":"Springbrook Drive Northwest at 85th Avenue Northwest","jurisdictionId":"agency-jurisdiction-coon-rapids-police","locatedBy":"osm-intersection","ambiguousJunction":false,"statute":"Minn. Stat. § 13.824, subd. 8","sourceUrl":"https://dps.mn.gov/divisions/bca/data-and-reports/agencies-use-lprs-lpr"}}},{"type":"Feature","geometry":{"type":"Point","coordinates":[-93.37075586666667,45.18484083333333]},"properties":{"id":"alpr-reported-coon-rapids-police-department-coon-rapids-boulevard-northwest-at-dakotah-street-northwest","layer":"alpr_reported","name":"Reported ALPR — Coon Rapids Boulevard Northwest at Dakotah Street Northwest","county":"Anoka County","state":"MN","countyFips":"27003","confidence":"confirmed","sourceDate":null,"attributes":{"agencyName":"Coon Rapids Police Department","reportedLocation":"Coon Rapids Boulevard Northwest at Dakotah Street Northwest","jurisdictionId":"agency-jurisdiction-coon-rapids-police","locatedBy":"osm-intersection","ambiguousJunction":false,"statute":"Minn. Stat. § 13.824, subd. 8","sourceUrl":"https://dps.mn.gov/divisions/bca/data-and-reports/agencies-use-lprs-lpr"}}},{"type":"Feature","geometry":{"type":"Point","coordinates":[-93.3578819,45.20106396666667]},"properties":{"id":"alpr-reported-coon-rapids-police-department-riverdale-boulevard-northwest-at-round-lake-boulevard-northwest-riverdale-village","layer":"alpr_reported","name":"Reported ALPR — Riverdale Boulevard Northwest at Round Lake Boulevard Northwest (Riverdale Village)","county":"Anoka County","state":"MN","countyFips":"27003","confidence":"confirmed","sourceDate":null,"attributes":{"agencyName":"Coon Rapids Police Department","reportedLocation":"Riverdale Boulevard Northwest at Round Lake Boulevard Northwest (Riverdale Village)","jurisdictionId":"agency-jurisdiction-coon-rapids-police","locatedBy":"osm-intersection","ambiguousJunction":false,"statute":"Minn. Stat. § 13.824, subd. 8","sourceUrl":"https://dps.mn.gov/divisions/bca/data-and-reports/agencies-use-lprs-lpr"}}},{"type":"Feature","geometry":{"type":"Point","coordinates":[-93.35034389999998,45.197546525]},"properties":{"id":"alpr-reported-coon-rapids-police-department-riverdale-boulevard-northwest-at-main-street-northwest-riverdale-village","layer":"alpr_reported","name":"Reported ALPR — Riverdale Boulevard Northwest at Main Street Northwest (Riverdale Village)","county":"Anoka County","state":"MN","countyFips":"27003","confidence":"confirmed","sourceDate":null,"attributes":{"agencyName":"Coon Rapids Police Department","reportedLocation":"Riverdale Boulevard Northwest at Main Street Northwest (Riverdale Village)","jurisdictionId":"agency-jurisdiction-coon-rapids-police","locatedBy":"osm-intersection","ambiguousJunction":false,"statute":"Minn. Stat. § 13.824, subd. 8","sourceUrl":"https://dps.mn.gov/divisions/bca/data-and-reports/agencies-use-lprs-lpr"}}},{"type":"Feature","geometry":{"type":"Point","coordinates":[-93.5221144,45.1310936]},"properties":{"id":"alpr-reported-corcoran-police-department-county-road-30-at-brockton-lane","layer":"alpr_reported","name":"Reported ALPR — County Road 30 at Brockton Lane","county":"Hennepin County","state":"MN","countyFips":"27053","confidence":"confirmed","sourceDate":null,"attributes":{"agencyName":"Corcoran Police Department","reportedLocation":"County Road 30 at Brockton Lane","jurisdictionId":"agency-jurisdiction-corcoran-police","locatedBy":"osm-intersection","ambiguousJunction":false,"statute":"Minn. Stat. § 13.824, subd. 8","sourceUrl":"https://dps.mn.gov/divisions/bca/data-and-reports/agencies-use-lprs-lpr"}}},{"type":"Feature","geometry":{"type":"Point","coordinates":[-93.5425094,45.152802]},"properties":{"id":"alpr-reported-corcoran-police-department-county-road-116-at-county-road-117","layer":"alpr_reported","name":"Reported ALPR — County Road 116 at County Road 117","county":"Hennepin County","state":"MN","countyFips":"27053","confidence":"confirmed","sourceDate":null,"attributes":{"agencyName":"Corcoran Police Department","reportedLocation":"County Road 116 at County Road 117","jurisdictionId":"agency-jurisdiction-corcoran-police","locatedBy":"osm-intersection","ambiguousJunction":false,"statute":"Minn. Stat. § 13.824, subd. 8","sourceUrl":"https://dps.mn.gov/divisions/bca/data-and-reports/agencies-use-lprs-lpr"}}},{"type":"Feature","geometry":{"type":"Point","coordinates":[-93.542587,45.065685]},"properties":{"id":"alpr-reported-corcoran-police-department-county-road-116-at-hackamore-road","layer":"alpr_reported","name":"Reported ALPR — County Road 116 at Hackamore Road","county":"Hennepin County","state":"MN","countyFips":"27053","confidence":"confirmed","sourceDate":null,"attributes":{"agencyName":"Corcoran Police Department","reportedLocation":"County Road 116 at Hackamore Road","jurisdictionId":"agency-jurisdiction-corcoran-police","locatedBy":"osm-intersection","ambiguousJunction":false,"statute":"Minn. Stat. § 13.824, subd. 8","sourceUrl":"https://dps.mn.gov/divisions/bca/data-and-reports/agencies-use-lprs-lpr"}}},{"type":"Feature","geometry":{"type":"Point","coordinates":[-93.635612,45.0946102]},"properties":{"id":"alpr-reported-corcoran-police-department-county-road-50-at-county-road-19","layer":"alpr_reported","name":"Reported ALPR — County Road 50 at County Road 19","county":"Hennepin County","state":"MN","countyFips":"27053","confidence":"confirmed","sourceDate":null,"attributes":{"agencyName":"Corcoran Police Department","reportedLocation":"County Road 50 at County Road 19","jurisdictionId":"agency-jurisdiction-corcoran-police","locatedBy":"osm-intersection","ambiguousJunction":false,"statute":"Minn. Stat. § 13.824, subd. 8","sourceUrl":"https://dps.mn.gov/divisions/bca/data-and-reports/agencies-use-lprs-lpr"}}},{"type":"Feature","geometry":{"type":"Point","coordinates":[-93.6358341,45.1235625]},"properties":{"id":"alpr-reported-corcoran-police-department-county-road-10-at-county-road-19","layer":"alpr_reported","name":"Reported ALPR — County Road 10 at County Road 19","county":"Hennepin County","state":"MN","countyFips":"27053","confidence":"confirmed","sourceDate":null,"attributes":{"agencyName":"Corcoran Police Department","reportedLocation":"County Road 10 at County Road 19","jurisdictionId":"agency-jurisdiction-corcoran-police","locatedBy":"osm-intersection","ambiguousJunction":false,"statute":"Minn. Stat. § 13.824, subd. 8","sourceUrl":"https://dps.mn.gov/divisions/bca/data-and-reports/agencies-use-lprs-lpr"}}},{"type":"Feature","geometry":{"type":"Point","coordinates":[-93.635696,45.130775]},"properties":{"id":"alpr-reported-corcoran-police-department-county-road-30-at-county-road-19","layer":"alpr_reported","name":"Reported ALPR — County Road 30 at County Road 19","county":"Hennepin County","state":"MN","countyFips":"27053","confidence":"confirmed","sourceDate":null,"attributes":{"agencyName":"Corcoran Police Department","reportedLocation":"County Road 30 at County Road 19","jurisdictionId":"agency-jurisdiction-corcoran-police","locatedBy":"osm-intersection","ambiguousJunction":false,"statute":"Minn. Stat. § 13.824, subd. 8","sourceUrl":"https://dps.mn.gov/divisions/bca/data-and-reports/agencies-use-lprs-lpr"}}},{"type":"Feature","geometry":{"type":"Point","coordinates":[-93.6355051,45.1452949]},"properties":{"id":"alpr-reported-corcoran-police-department-county-road-19-at-oakdale-drive","layer":"alpr_reported","name":"Reported ALPR — County Road 19 at Oakdale Drive","county":"Hennepin County","state":"MN","countyFips":"27053","confidence":"confirmed","sourceDate":null,"attributes":{"agencyName":"Corcoran Police Department","reportedLocation":"County Road 19 at Oakdale Drive","jurisdictionId":"agency-jurisdiction-corcoran-police","locatedBy":"osm-intersection","ambiguousJunction":false,"statute":"Minn. Stat. § 13.824, subd. 8","sourceUrl":"https://dps.mn.gov/divisions/bca/data-and-reports/agencies-use-lprs-lpr"}}},{"type":"Feature","geometry":{"type":"Point","coordinates":[-92.97945603333335,44.85509653703704]},"properties":{"id":"alpr-reported-cottage-grove-police-department-65th-street-at-goodview-avenue-eastbound","layer":"alpr_reported","name":"Reported ALPR — 65th Street at Goodview Avenue eastbound","county":"Washington County","state":"MN","countyFips":"27163","confidence":"confirmed","sourceDate":null,"attributes":{"agencyName":"Cottage Grove Police Department","reportedLocation":"65th Street at Goodview Avenue eastbound","jurisdictionId":"agency-jurisdiction-cottage-grove-police","locatedBy":"osm-intersection","ambiguousJunction":false,"statute":"Minn. Stat. § 13.824, subd. 8","sourceUrl":"https://dps.mn.gov/divisions/bca/data-and-reports/agencies-use-lprs-lpr"}}},{"type":"Feature","geometry":{"type":"Point","coordinates":[-92.950218,44.8613321]},"properties":{"id":"alpr-reported-cottage-grove-police-department-61st-street-south-at-hedgecroft-avenue-south-southbound","layer":"alpr_reported","name":"Reported ALPR — 61st Street South at Hedgecroft Avenue South southbound","county":"Washington County","state":"MN","countyFips":"27163","confidence":"confirmed","sourceDate":null,"attributes":{"agencyName":"Cottage Grove Police Department","reportedLocation":"61st Street South at Hedgecroft Avenue South southbound","jurisdictionId":"agency-jurisdiction-cottage-grove-police","locatedBy":"osm-intersection","ambiguousJunction":false,"statute":"Minn. Stat. § 13.824, subd. 8","sourceUrl":"https://dps.mn.gov/divisions/bca/data-and-reports/agencies-use-lprs-lpr"}}},{"type":"Feature","geometry":{"type":"Point","coordinates":[-92.9583192,44.833542425000005]},"properties":{"id":"alpr-reported-cottage-grove-police-department-east-point-douglas-road-south-at-80th-street-southbound","layer":"alpr_reported","name":"Reported ALPR — East Point Douglas Road South at 80th Street southbound","county":"Washington County","state":"MN","countyFips":"27163","confidence":"confirmed","sourceDate":null,"attributes":{"agencyName":"Cottage Grove Police Department","reportedLocation":"East Point Douglas Road South at 80th Street southbound","jurisdictionId":"agency-jurisdiction-cottage-grove-police","locatedBy":"osm-intersection","ambiguousJunction":false,"statute":"Minn. Stat. § 13.824, subd. 8","sourceUrl":"https://dps.mn.gov/divisions/bca/data-and-reports/agencies-use-lprs-lpr"}}},{"type":"Feature","geometry":{"type":"Point","coordinates":[-92.93194936666667,44.817690666666664]},"properties":{"id":"alpr-reported-cottage-grove-police-department-jamaica-avenue-south-at-east-point-douglas-road-northbound","layer":"alpr_reported","name":"Reported ALPR — Jamaica Avenue South at East Point Douglas Road northbound","county":"Washington County","state":"MN","countyFips":"27163","confidence":"confirmed","sourceDate":null,"attributes":{"agencyName":"Cottage Grove Police Department","reportedLocation":"Jamaica Avenue South at East Point Douglas Road northbound","jurisdictionId":"agency-jurisdiction-cottage-grove-police","locatedBy":"osm-intersection","ambiguousJunction":false,"statute":"Minn. Stat. § 13.824, subd. 8","sourceUrl":"https://dps.mn.gov/divisions/bca/data-and-reports/agencies-use-lprs-lpr"}}},{"type":"Feature","geometry":{"type":"Point","coordinates":[-92.95831896666668,44.83352155]},"properties":{"id":"alpr-reported-cottage-grove-police-department-80th-street-south-at-east-point-douglas-road-eastbound","layer":"alpr_reported","name":"Reported ALPR — 80th Street South at East Point Douglas Road eastbound","county":"Washington County","state":"MN","countyFips":"27163","confidence":"confirmed","sourceDate":null,"attributes":{"agencyName":"Cottage Grove Police Department","reportedLocation":"80th Street South at East Point Douglas Road eastbound","jurisdictionId":"agency-jurisdiction-cottage-grove-police","locatedBy":"osm-intersection","ambiguousJunction":false,"statute":"Minn. Stat. § 13.824, subd. 8","sourceUrl":"https://dps.mn.gov/divisions/bca/data-and-reports/agencies-use-lprs-lpr"}}},{"type":"Feature","geometry":{"type":"Point","coordinates":[-92.9842827,44.8484074]},"properties":{"id":"alpr-reported-cottage-grove-police-department-70th-street-at-east-point-douglas-road-eastbound","layer":"alpr_reported","name":"Reported ALPR — 70th Street at East Point Douglas Road eastbound","county":"Washington County","state":"MN","countyFips":"27163","confidence":"confirmed","sourceDate":null,"attributes":{"agencyName":"Cottage Grove Police Department","reportedLocation":"70th Street at East Point Douglas Road eastbound","jurisdictionId":"agency-jurisdiction-cottage-grove-police","locatedBy":"osm-intersection","ambiguousJunction":false,"statute":"Minn. Stat. § 13.824, subd. 8","sourceUrl":"https://dps.mn.gov/divisions/bca/data-and-reports/agencies-use-lprs-lpr"}}},{"type":"Feature","geometry":{"type":"Point","coordinates":[-92.93518817500001,44.814445825]},"properties":{"id":"alpr-reported-cottage-grove-police-department-jamaica-avenue-south-at-west-point-douglas-road-southbound","layer":"alpr_reported","name":"Reported ALPR — Jamaica Avenue South at West Point Douglas Road southbound","county":"Washington County","state":"MN","countyFips":"27163","confidence":"confirmed","sourceDate":null,"attributes":{"agencyName":"Cottage Grove Police Department","reportedLocation":"Jamaica Avenue South at West Point Douglas Road southbound","jurisdictionId":"agency-jurisdiction-cottage-grove-police","locatedBy":"osm-intersection","ambiguousJunction":false,"statute":"Minn. Stat. § 13.824, subd. 8","sourceUrl":"https://dps.mn.gov/divisions/bca/data-and-reports/agencies-use-lprs-lpr"}}},{"type":"Feature","geometry":{"type":"Point","coordinates":[-92.93194936666667,44.817690666666664]},"properties":{"id":"alpr-reported-cottage-grove-police-department-east-point-douglas-road-at-jamaica-avenue-eastbound","layer":"alpr_reported","name":"Reported ALPR — East Point Douglas Road at Jamaica Avenue eastbound","county":"Washington County","state":"MN","countyFips":"27163","confidence":"confirmed","sourceDate":null,"attributes":{"agencyName":"Cottage Grove Police Department","reportedLocation":"East Point Douglas Road at Jamaica Avenue eastbound","jurisdictionId":"agency-jurisdiction-cottage-grove-police","locatedBy":"osm-intersection","ambiguousJunction":false,"statute":"Minn. Stat. § 13.824, subd. 8","sourceUrl":"https://dps.mn.gov/divisions/bca/data-and-reports/agencies-use-lprs-lpr"}}},{"type":"Feature","geometry":{"type":"Point","coordinates":[-93.3507799,45.021718]},"properties":{"id":"alpr-reported-crystal-police-department-36th-avenue-north-at-welcome-avenue-north","layer":"alpr_reported","name":"Reported ALPR — 36th Avenue North at Welcome Avenue North","county":"Hennepin County","state":"MN","countyFips":"27053","confidence":"confirmed","sourceDate":null,"attributes":{"agencyName":"Crystal Police Department","reportedLocation":"36th Avenue North at Welcome Avenue North","jurisdictionId":"agency-jurisdiction-crystal-police","locatedBy":"osm-intersection","ambiguousJunction":false,"statute":"Minn. Stat. § 13.824, subd. 8","sourceUrl":"https://dps.mn.gov/divisions/bca/data-and-reports/agencies-use-lprs-lpr"}}},{"type":"Feature","geometry":{"type":"Point","coordinates":[-93.3485561,45.0400064]},"properties":{"id":"alpr-reported-crystal-police-department-west-broadway-at-47th-avenue-north","layer":"alpr_reported","name":"Reported ALPR — West Broadway at 47th Avenue North","county":"Hennepin County","state":"MN","countyFips":"27053","confidence":"confirmed","sourceDate":null,"attributes":{"agencyName":"Crystal Police Department","reportedLocation":"West Broadway at 47th Avenue North","jurisdictionId":"agency-jurisdiction-crystal-police","locatedBy":"osm-intersection","ambiguousJunction":false,"statute":"Minn. Stat. § 13.824, subd. 8","sourceUrl":"https://dps.mn.gov/divisions/bca/data-and-reports/agencies-use-lprs-lpr"}}},{"type":"Feature","geometry":{"type":"Point","coordinates":[-93.3726793,45.0218978]},"properties":{"id":"alpr-reported-crystal-police-department-nevada-avenue-north-at-36th-avenue-north","layer":"alpr_reported","name":"Reported ALPR — Nevada Avenue North at 36th Avenue North","county":"Hennepin County","state":"MN","countyFips":"27053","confidence":"confirmed","sourceDate":null,"attributes":{"agencyName":"Crystal Police Department","reportedLocation":"Nevada Avenue North at 36th Avenue North","jurisdictionId":"agency-jurisdiction-crystal-police","locatedBy":"osm-intersection","ambiguousJunction":false,"statute":"Minn. Stat. § 13.824, subd. 8","sourceUrl":"https://dps.mn.gov/divisions/bca/data-and-reports/agencies-use-lprs-lpr"}}},{"type":"Feature","geometry":{"type":"Point","coordinates":[-93.3727674,45.06201435]},"properties":{"id":"alpr-reported-crystal-police-department-west-broadway-at-60th-avenue-north","layer":"alpr_reported","name":"Reported ALPR — West Broadway at 60th Avenue North","county":"Hennepin County","state":"MN","countyFips":"27053","confidence":"confirmed","sourceDate":null,"attributes":{"agencyName":"Crystal Police Department","reportedLocation":"West Broadway at 60th Avenue North","jurisdictionId":"agency-jurisdiction-crystal-police","locatedBy":"osm-intersection","ambiguousJunction":false,"statute":"Minn. Stat. § 13.824, subd. 8","sourceUrl":"https://dps.mn.gov/divisions/bca/data-and-reports/agencies-use-lprs-lpr"}}},{"type":"Feature","geometry":{"type":"Point","coordinates":[-93.424866,45.198864]},"properties":{"id":"alpr-reported-dayton-police-department-south-diamond-lake-road-and-arrowood-lane","layer":"alpr_reported","name":"Reported ALPR — South Diamond Lake Road and Arrowood Lane","county":"Hennepin County","state":"MN","countyFips":"27053","confidence":"confirmed","sourceDate":null,"attributes":{"agencyName":"Dayton Police Department","reportedLocation":"South Diamond Lake Road and Arrowood Lane","jurisdictionId":"agency-jurisdiction-dayton-police","locatedBy":"osm-intersection","ambiguousJunction":false,"statute":"Minn. Stat. § 13.824, subd. 8","sourceUrl":"https://dps.mn.gov/divisions/bca/data-and-reports/agencies-use-lprs-lpr"}}},{"type":"Feature","geometry":{"type":"Point","coordinates":[-93.4619538,45.1559729]},"properties":{"id":"alpr-reported-dayton-police-department-fernbrook-lane-and-elm-creek-road","layer":"alpr_reported","name":"Reported ALPR — Fernbrook Lane and Elm Creek Road","county":"Hennepin County","state":"MN","countyFips":"27053","confidence":"confirmed","sourceDate":null,"attributes":{"agencyName":"Dayton Police Department","reportedLocation":"Fernbrook Lane and Elm Creek Road","jurisdictionId":"agency-jurisdiction-dayton-police","locatedBy":"osm-intersection","ambiguousJunction":false,"statute":"Minn. Stat. § 13.824, subd. 8","sourceUrl":"https://dps.mn.gov/divisions/bca/data-and-reports/agencies-use-lprs-lpr"}}},{"type":"Feature","geometry":{"type":"Point","coordinates":[-93.5055208,45.1623011]},"properties":{"id":"alpr-reported-dayton-police-department-dayton-parkway-and-county-road-81","layer":"alpr_reported","name":"Reported ALPR — Dayton Parkway and County Road 81","county":"Hennepin County","state":"MN","countyFips":"27053","confidence":"confirmed","sourceDate":null,"attributes":{"agencyName":"Dayton Police Department","reportedLocation":"Dayton Parkway and County Road 81","jurisdictionId":"agency-jurisdiction-dayton-police","locatedBy":"osm-intersection","ambiguousJunction":false,"statute":"Minn. Stat. § 13.824, subd. 8","sourceUrl":"https://dps.mn.gov/divisions/bca/data-and-reports/agencies-use-lprs-lpr"}}},{"type":"Feature","geometry":{"type":"Point","coordinates":[-93.424739,45.2026281]},"properties":{"id":"alpr-reported-dayton-police-department-dayton-river-road-and-balsam-lane","layer":"alpr_reported","name":"Reported ALPR — Dayton River Road and Balsam Lane","county":"Hennepin County","state":"MN","countyFips":"27053","confidence":"confirmed","sourceDate":null,"attributes":{"agencyName":"Dayton Police Department","reportedLocation":"Dayton River Road and Balsam Lane","jurisdictionId":"agency-jurisdiction-dayton-police","locatedBy":"osm-intersection","ambiguousJunction":false,"statute":"Minn. Stat. § 13.824, subd. 8","sourceUrl":"https://dps.mn.gov/divisions/bca/data-and-reports/agencies-use-lprs-lpr"}}},{"type":"Feature","geometry":{"type":"Point","coordinates":[-93.535999,44.9222812]},"properties":{"id":"alpr-reported-deephaven-police-department-minnetonka-boulevard-at-cottagewood-road","layer":"alpr_reported","name":"Reported ALPR — Minnetonka Boulevard at Cottagewood Road","county":"Hennepin County","state":"MN","countyFips":"27053","confidence":"confirmed","sourceDate":null,"attributes":{"agencyName":"Deephaven Police Department","reportedLocation":"Minnetonka Boulevard at Cottagewood Road","jurisdictionId":"agency-jurisdiction-deephaven-police","locatedBy":"osm-intersection","ambiguousJunction":false,"statute":"Minn. Stat. § 13.824, subd. 8","sourceUrl":"https://dps.mn.gov/divisions/bca/data-and-reports/agencies-use-lprs-lpr"}}},{"type":"Feature","geometry":{"type":"Point","coordinates":[-93.525685,44.9114668]},"properties":{"id":"alpr-reported-deephaven-police-department-vine-hill-road-at-excelsior-boulevard","layer":"alpr_reported","name":"Reported ALPR — Vine Hill Road at Excelsior Boulevard","county":"Hennepin County","state":"MN","countyFips":"27053","confidence":"confirmed","sourceDate":null,"attributes":{"agencyName":"Deephaven Police Department","reportedLocation":"Vine Hill Road at Excelsior Boulevard","jurisdictionId":"agency-jurisdiction-deephaven-police","locatedBy":"osm-intersection","ambiguousJunction":false,"statute":"Minn. Stat. § 13.824, subd. 8","sourceUrl":"https://dps.mn.gov/divisions/bca/data-and-reports/agencies-use-lprs-lpr"}}},{"type":"Feature","geometry":{"type":"Point","coordinates":[-92.1311316,46.7608393]},"properties":{"id":"alpr-reported-duluth-police-department-south-27th-avenue-west-at-west-michigan-street-2","layer":"alpr_reported","name":"Reported ALPR — South 27th Avenue West at West Michigan Street (2)","county":"St. Louis County","state":"MN","countyFips":"27137","confidence":"confirmed","sourceDate":null,"attributes":{"agencyName":"Duluth Police Department","reportedLocation":"South 27th Avenue West at West Michigan Street (2)","jurisdictionId":null,"locatedBy":"osm-intersection","ambiguousJunction":false,"statute":"Minn. Stat. § 13.824, subd. 8","sourceUrl":"https://dps.mn.gov/divisions/bca/data-and-reports/agencies-use-lprs-lpr"}}},{"type":"Feature","geometry":{"type":"Point","coordinates":[-92.1559479,46.7440258]},"properties":{"id":"alpr-reported-duluth-police-department-west-michigan-street-at-north-46th-avenue-west","layer":"alpr_reported","name":"Reported ALPR — West Michigan Street at North 46th Avenue West","county":"St. Louis County","state":"MN","countyFips":"27137","confidence":"confirmed","sourceDate":null,"attributes":{"agencyName":"Duluth Police Department","reportedLocation":"West Michigan Street at North 46th Avenue West","jurisdictionId":null,"locatedBy":"osm-intersection","ambiguousJunction":false,"statute":"Minn. Stat. § 13.824, subd. 8","sourceUrl":"https://dps.mn.gov/divisions/bca/data-and-reports/agencies-use-lprs-lpr"}}},{"type":"Feature","geometry":{"type":"Point","coordinates":[-92.1082229,46.7808008]},"properties":{"id":"alpr-reported-duluth-police-department-mesaba-avenue-at-west-first-street","layer":"alpr_reported","name":"Reported ALPR — Mesaba Avenue at West First Street","county":"St. Louis County","state":"MN","countyFips":"27137","confidence":"confirmed","sourceDate":null,"attributes":{"agencyName":"Duluth Police Department","reportedLocation":"Mesaba Avenue at West First Street","jurisdictionId":null,"locatedBy":"osm-intersection","ambiguousJunction":false,"statute":"Minn. Stat. § 13.824, subd. 8","sourceUrl":"https://dps.mn.gov/divisions/bca/data-and-reports/agencies-use-lprs-lpr"}}},{"type":"Feature","geometry":{"type":"Point","coordinates":[-92.0981979,46.7869534]},"properties":{"id":"alpr-reported-duluth-police-department-lake-avenue-at-superior-street","layer":"alpr_reported","name":"Reported ALPR — Lake Avenue at Superior Street","county":"St. Louis County","state":"MN","countyFips":"27137","confidence":"confirmed","sourceDate":null,"attributes":{"agencyName":"Duluth Police Department","reportedLocation":"Lake Avenue at Superior Street","jurisdictionId":null,"locatedBy":"osm-intersection","ambiguousJunction":false,"statute":"Minn. Stat. § 13.824, subd. 8","sourceUrl":"https://dps.mn.gov/divisions/bca/data-and-reports/agencies-use-lprs-lpr"}}},{"type":"Feature","geometry":{"type":"Point","coordinates":[-92.1559479,46.7440258]},"properties":{"id":"alpr-reported-duluth-police-department-46th-avenue-west-at-michigan-street","layer":"alpr_reported","name":"Reported ALPR — 46th Avenue West at Michigan Street","county":"St. Louis County","state":"MN","countyFips":"27137","confidence":"confirmed","sourceDate":null,"attributes":{"agencyName":"Duluth Police Department","reportedLocation":"46th Avenue West at Michigan Street","jurisdictionId":null,"locatedBy":"osm-intersection","ambiguousJunction":false,"statute":"Minn. Stat. § 13.824, subd. 8","sourceUrl":"https://dps.mn.gov/divisions/bca/data-and-reports/agencies-use-lprs-lpr"}}},{"type":"Feature","geometry":{"type":"Point","coordinates":[-93.167321775,44.83355080000001]},"properties":{"id":"alpr-reported-eagan-police-department-pilot-knob-road-at-yankee-doodle-road-northbound","layer":"alpr_reported","name":"Reported ALPR — Pilot Knob Road at Yankee Doodle Road, northbound","county":"Dakota County","state":"MN","countyFips":"27037","confidence":"confirmed","sourceDate":null,"attributes":{"agencyName":"Eagan Police Department","reportedLocation":"Pilot Knob Road at Yankee Doodle Road, northbound","jurisdictionId":"agency-jurisdiction-eagan-police","locatedBy":"osm-intersection","ambiguousJunction":false,"statute":"Minn. Stat. § 13.824, subd. 8","sourceUrl":"https://dps.mn.gov/divisions/bca/data-and-reports/agencies-use-lprs-lpr"}}},{"type":"Feature","geometry":{"type":"Point","coordinates":[-93.2210877,44.7899059]},"properties":{"id":"alpr-reported-eagan-police-department-cliff-road-at-cedar-avenue-eastbound","layer":"alpr_reported","name":"Reported ALPR — Cliff Road at Cedar Avenue, eastbound","county":"Dakota County","state":"MN","countyFips":"27037","confidence":"confirmed","sourceDate":null,"attributes":{"agencyName":"Eagan Police Department","reportedLocation":"Cliff Road at Cedar Avenue, eastbound","jurisdictionId":"agency-jurisdiction-eagan-police","locatedBy":"osm-intersection","ambiguousJunction":false,"statute":"Minn. Stat. § 13.824, subd. 8","sourceUrl":"https://dps.mn.gov/divisions/bca/data-and-reports/agencies-use-lprs-lpr"}}},{"type":"Feature","geometry":{"type":"Point","coordinates":[-93.1596683,44.83352035]},"properties":{"id":"alpr-reported-eagan-police-department-denmark-avenue-at-yankee-doodle-road-southbound","layer":"alpr_reported","name":"Reported ALPR — Denmark Avenue at Yankee Doodle Road, southbound","county":"Dakota County","state":"MN","countyFips":"27037","confidence":"confirmed","sourceDate":null,"attributes":{"agencyName":"Eagan Police Department","reportedLocation":"Denmark Avenue at Yankee Doodle Road, southbound","jurisdictionId":"agency-jurisdiction-eagan-police","locatedBy":"osm-intersection","ambiguousJunction":false,"statute":"Minn. Stat. § 13.824, subd. 8","sourceUrl":"https://dps.mn.gov/divisions/bca/data-and-reports/agencies-use-lprs-lpr"}}},{"type":"Feature","geometry":{"type":"Point","coordinates":[-93.16727797499999,44.827164624999995]},"properties":{"id":"alpr-reported-eagan-police-department-duckwood-drive-at-pilot-knob-road-eastbound","layer":"alpr_reported","name":"Reported ALPR — Duckwood Drive at Pilot Knob Road, eastbound","county":"Dakota County","state":"MN","countyFips":"27037","confidence":"confirmed","sourceDate":null,"attributes":{"agencyName":"Eagan Police Department","reportedLocation":"Duckwood Drive at Pilot Knob Road, eastbound","jurisdictionId":"agency-jurisdiction-eagan-police","locatedBy":"osm-intersection","ambiguousJunction":false,"statute":"Minn. Stat. § 13.824, subd. 8","sourceUrl":"https://dps.mn.gov/divisions/bca/data-and-reports/agencies-use-lprs-lpr"}}},{"type":"Feature","geometry":{"type":"Point","coordinates":[-93.217912,44.8121067]},"properties":{"id":"alpr-reported-eagan-police-department-cedar-grove-parkway-at-nicols-road","layer":"alpr_reported","name":"Reported ALPR — Cedar Grove Parkway at Nicols Road","county":"Dakota County","state":"MN","countyFips":"27037","confidence":"confirmed","sourceDate":null,"attributes":{"agencyName":"Eagan Police Department","reportedLocation":"Cedar Grove Parkway at Nicols Road","jurisdictionId":"agency-jurisdiction-eagan-police","locatedBy":"osm-intersection","ambiguousJunction":false,"statute":"Minn. Stat. § 13.824, subd. 8","sourceUrl":"https://dps.mn.gov/divisions/bca/data-and-reports/agencies-use-lprs-lpr"}}},{"type":"Feature","geometry":{"type":"Point","coordinates":[-93.2078783,44.818830420000005]},"properties":{"id":"alpr-reported-eagan-police-department-cedar-grove-parkway-at-silver-bell-road-northbound","layer":"alpr_reported","name":"Reported ALPR — Cedar Grove Parkway at Silver Bell Road, northbound","county":"Dakota County","state":"MN","countyFips":"27037","confidence":"confirmed","sourceDate":null,"attributes":{"agencyName":"Eagan Police Department","reportedLocation":"Cedar Grove Parkway at Silver Bell Road, northbound","jurisdictionId":"agency-jurisdiction-eagan-police","locatedBy":"osm-intersection","ambiguousJunction":false,"statute":"Minn. Stat. § 13.824, subd. 8","sourceUrl":"https://dps.mn.gov/divisions/bca/data-and-reports/agencies-use-lprs-lpr"}}},{"type":"Feature","geometry":{"type":"Point","coordinates":[-93.2183565,44.8191888]},"properties":{"id":"alpr-reported-eagan-police-department-silver-bell-road-at-nicols-road-northbound","layer":"alpr_reported","name":"Reported ALPR — Silver Bell Road at Nicols Road, northbound","county":"Dakota County","state":"MN","countyFips":"27037","confidence":"confirmed","sourceDate":null,"attributes":{"agencyName":"Eagan Police Department","reportedLocation":"Silver Bell Road at Nicols Road, northbound","jurisdictionId":"agency-jurisdiction-eagan-police","locatedBy":"osm-intersection","ambiguousJunction":false,"statute":"Minn. Stat. § 13.824, subd. 8","sourceUrl":"https://dps.mn.gov/divisions/bca/data-and-reports/agencies-use-lprs-lpr"}}},{"type":"Feature","geometry":{"type":"Point","coordinates":[-93.2183565,44.8191888]},"properties":{"id":"alpr-reported-eagan-police-department-silver-bell-road-at-nicols-road-southbound","layer":"alpr_reported","name":"Reported ALPR — Silver Bell Road at Nicols Road, southbound","county":"Dakota County","state":"MN","countyFips":"27037","confidence":"confirmed","sourceDate":null,"attributes":{"agencyName":"Eagan Police Department","reportedLocation":"Silver Bell Road at Nicols Road, southbound","jurisdictionId":"agency-jurisdiction-eagan-police","locatedBy":"osm-intersection","ambiguousJunction":false,"statute":"Minn. Stat. § 13.824, subd. 8","sourceUrl":"https://dps.mn.gov/divisions/bca/data-and-reports/agencies-use-lprs-lpr"}}},{"type":"Feature","geometry":{"type":"Point","coordinates":[-93.2183565,44.8191888]},"properties":{"id":"alpr-reported-eagan-police-department-silver-bell-road-at-nicols-road-westbound","layer":"alpr_reported","name":"Reported ALPR — Silver Bell Road at Nicols Road, westbound","county":"Dakota County","state":"MN","countyFips":"27037","confidence":"confirmed","sourceDate":null,"attributes":{"agencyName":"Eagan Police Department","reportedLocation":"Silver Bell Road at Nicols Road, westbound","jurisdictionId":"agency-jurisdiction-eagan-police","locatedBy":"osm-intersection","ambiguousJunction":false,"statute":"Minn. Stat. § 13.824, subd. 8","sourceUrl":"https://dps.mn.gov/divisions/bca/data-and-reports/agencies-use-lprs-lpr"}}},{"type":"Feature","geometry":{"type":"Point","coordinates":[-93.577379,45.311544]},"properties":{"id":"alpr-reported-elk-river-police-department-school-street-nw-at-proctor-avenue-nw-eastbound","layer":"alpr_reported","name":"Reported ALPR — School Street NW at Proctor Avenue NW eastbound","county":"Sherburne County","state":"MN","countyFips":"27141","confidence":"confirmed","sourceDate":null,"attributes":{"agencyName":"Elk River Police Department","reportedLocation":"School Street NW at Proctor Avenue NW eastbound","jurisdictionId":"agency-jurisdiction-elk-river-police","locatedBy":"osm-intersection","ambiguousJunction":false,"statute":"Minn. Stat. § 13.824, subd. 8","sourceUrl":"https://dps.mn.gov/divisions/bca/data-and-reports/agencies-use-lprs-lpr"}}},{"type":"Feature","geometry":{"type":"Point","coordinates":[-93.5669795,45.305551]},"properties":{"id":"alpr-reported-elk-river-police-department-jackson-avenue-nw-at-4th-street-northbound","layer":"alpr_reported","name":"Reported ALPR — Jackson Avenue NW at 4th Street northbound","county":"Sherburne County","state":"MN","countyFips":"27141","confidence":"confirmed","sourceDate":null,"attributes":{"agencyName":"Elk River Police Department","reportedLocation":"Jackson Avenue NW at 4th Street northbound","jurisdictionId":"agency-jurisdiction-elk-river-police","locatedBy":"osm-intersection","ambiguousJunction":false,"statute":"Minn. Stat. § 13.824, subd. 8","sourceUrl":"https://dps.mn.gov/divisions/bca/data-and-reports/agencies-use-lprs-lpr"}}},{"type":"Feature","geometry":{"type":"Point","coordinates":[-93.5160706,45.2998518]},"properties":{"id":"alpr-reported-elk-river-police-department-181st-avenue-nw-at-cleveland-street-nw-westbound","layer":"alpr_reported","name":"Reported ALPR — 181st Avenue NW at Cleveland Street NW westbound","county":"Sherburne County","state":"MN","countyFips":"27141","confidence":"confirmed","sourceDate":null,"attributes":{"agencyName":"Elk River Police Department","reportedLocation":"181st Avenue NW at Cleveland Street NW westbound","jurisdictionId":"agency-jurisdiction-elk-river-police","locatedBy":"osm-intersection","ambiguousJunction":false,"statute":"Minn. Stat. § 13.824, subd. 8","sourceUrl":"https://dps.mn.gov/divisions/bca/data-and-reports/agencies-use-lprs-lpr"}}},{"type":"Feature","geometry":{"type":"Point","coordinates":[-93.5971182,45.3238402]},"properties":{"id":"alpr-reported-elk-river-police-department-elk-lake-road-nw-at-meadowvale-road-nw-northbound","layer":"alpr_reported","name":"Reported ALPR — Elk Lake Road NW at Meadowvale Road NW northbound","county":"Sherburne County","state":"MN","countyFips":"27141","confidence":"confirmed","sourceDate":null,"attributes":{"agencyName":"Elk River Police Department","reportedLocation":"Elk Lake Road NW at Meadowvale Road NW northbound","jurisdictionId":"agency-jurisdiction-elk-river-police","locatedBy":"osm-intersection","ambiguousJunction":true,"statute":"Minn. Stat. § 13.824, subd. 8","sourceUrl":"https://dps.mn.gov/divisions/bca/data-and-reports/agencies-use-lprs-lpr"}}},{"type":"Feature","geometry":{"type":"Point","coordinates":[-93.52148352857144,45.321499300000006]},"properties":{"id":"alpr-reported-elk-river-police-department-twin-lakes-road-nw-at-cleveland-road-nw-westbound","layer":"alpr_reported","name":"Reported ALPR — Twin Lakes Road NW at Cleveland Road NW westbound","county":"Sherburne County","state":"MN","countyFips":"27141","confidence":"confirmed","sourceDate":null,"attributes":{"agencyName":"Elk River Police Department","reportedLocation":"Twin Lakes Road NW at Cleveland Road NW westbound","jurisdictionId":"agency-jurisdiction-elk-river-police","locatedBy":"osm-intersection","ambiguousJunction":false,"statute":"Minn. Stat. § 13.824, subd. 8","sourceUrl":"https://dps.mn.gov/divisions/bca/data-and-reports/agencies-use-lprs-lpr"}}},{"type":"Feature","geometry":{"type":"Point","coordinates":[-93.56017944,45.32139972]},"properties":{"id":"alpr-reported-elk-river-police-department-193rd-avenue-nw-at-evans-street-nw-eastbound","layer":"alpr_reported","name":"Reported ALPR — 193rd Avenue NW at Evans Street NW eastbound","county":"Sherburne County","state":"MN","countyFips":"27141","confidence":"confirmed","sourceDate":null,"attributes":{"agencyName":"Elk River Police Department","reportedLocation":"193rd Avenue NW at Evans Street NW eastbound","jurisdictionId":"agency-jurisdiction-elk-river-police","locatedBy":"osm-intersection","ambiguousJunction":false,"statute":"Minn. Stat. § 13.824, subd. 8","sourceUrl":"https://dps.mn.gov/divisions/bca/data-and-reports/agencies-use-lprs-lpr"}}},{"type":"Feature","geometry":{"type":"Point","coordinates":[-93.5419428,45.299524950000006]},"properties":{"id":"alpr-reported-elk-river-police-department-181st-avenue-nw-at-tyler-drive-nw","layer":"alpr_reported","name":"Reported ALPR — 181st Avenue NW at Tyler Drive NW","county":"Sherburne County","state":"MN","countyFips":"27141","confidence":"confirmed","sourceDate":null,"attributes":{"agencyName":"Elk River Police Department","reportedLocation":"181st Avenue NW at Tyler Drive NW","jurisdictionId":"agency-jurisdiction-elk-river-police","locatedBy":"osm-intersection","ambiguousJunction":false,"statute":"Minn. Stat. § 13.824, subd. 8","sourceUrl":"https://dps.mn.gov/divisions/bca/data-and-reports/agencies-use-lprs-lpr"}}},{"type":"Feature","geometry":{"type":"Point","coordinates":[-93.272758,44.267616]},"properties":{"id":"alpr-reported-faribault-police-department-willow-street-and-allen-path","layer":"alpr_reported","name":"Reported ALPR — Willow Street and Allen Path","county":"Rice County","state":"MN","countyFips":"27131","confidence":"confirmed","sourceDate":null,"attributes":{"agencyName":"Faribault Police Department","reportedLocation":"Willow Street and Allen Path","jurisdictionId":null,"locatedBy":"osm-intersection","ambiguousJunction":false,"statute":"Minn. Stat. § 13.824, subd. 8","sourceUrl":"https://dps.mn.gov/divisions/bca/data-and-reports/agencies-use-lprs-lpr"}}},{"type":"Feature","geometry":{"type":"Point","coordinates":[-93.2715787,44.2981164]},"properties":{"id":"alpr-reported-faribault-police-department-7th-street-nw-at-2nd-ave-nw","layer":"alpr_reported","name":"Reported ALPR — 7th Street NW at 2nd Ave. NW","county":"Rice County","state":"MN","countyFips":"27131","confidence":"confirmed","sourceDate":null,"attributes":{"agencyName":"Faribault Police Department","reportedLocation":"7th Street NW at 2nd Ave. NW","jurisdictionId":null,"locatedBy":"osm-intersection","ambiguousJunction":false,"statute":"Minn. Stat. § 13.824, subd. 8","sourceUrl":"https://dps.mn.gov/divisions/bca/data-and-reports/agencies-use-lprs-lpr"}}},{"type":"Feature","geometry":{"type":"Point","coordinates":[-93.0060338,45.2685531]},"properties":{"id":"alpr-reported-forest-lake-police-department-11th-avenue-sw-at-eureka-avenue-north","layer":"alpr_reported","name":"Reported ALPR — 11th Avenue SW at Eureka Avenue North","county":"Washington County","state":"MN","countyFips":"27163","confidence":"confirmed","sourceDate":null,"attributes":{"agencyName":"Forest Lake Police Department","reportedLocation":"11th Avenue SW at Eureka Avenue North","jurisdictionId":"agency-jurisdiction-forest-lake-police","locatedBy":"osm-intersection","ambiguousJunction":false,"statute":"Minn. Stat. § 13.824, subd. 8","sourceUrl":"https://dps.mn.gov/divisions/bca/data-and-reports/agencies-use-lprs-lpr"}}},{"type":"Feature","geometry":{"type":"Point","coordinates":[-93.421776,44.922575]},"properties":{"id":"alpr-reported-hopkins-police-department-17th-avenue-south-and-first-street-south","layer":"alpr_reported","name":"Reported ALPR — 17th Avenue South and First Street South","county":"Hennepin County","state":"MN","countyFips":"27053","confidence":"confirmed","sourceDate":null,"attributes":{"agencyName":"Hopkins Police Department","reportedLocation":"17th Avenue South and First Street South","jurisdictionId":"agency-jurisdiction-hopkins-police","locatedBy":"osm-intersection","ambiguousJunction":false,"statute":"Minn. Stat. § 13.824, subd. 8","sourceUrl":"https://dps.mn.gov/divisions/bca/data-and-reports/agencies-use-lprs-lpr"}}},{"type":"Feature","geometry":{"type":"Point","coordinates":[-93.38577434999999,44.93554225]},"properties":{"id":"alpr-reported-hopkins-police-department-blake-road-north-and-highway-7","layer":"alpr_reported","name":"Reported ALPR — Blake Road North and Highway 7","county":"Hennepin County","state":"MN","countyFips":"27053","confidence":"confirmed","sourceDate":null,"attributes":{"agencyName":"Hopkins Police Department","reportedLocation":"Blake Road North and Highway 7","jurisdictionId":"agency-jurisdiction-hopkins-police","locatedBy":"osm-intersection","ambiguousJunction":false,"statute":"Minn. Stat. § 13.824, subd. 8","sourceUrl":"https://dps.mn.gov/divisions/bca/data-and-reports/agencies-use-lprs-lpr"}}},{"type":"Feature","geometry":{"type":"Point","coordinates":[-93.38576725,44.92574425]},"properties":{"id":"alpr-reported-hopkins-police-department-excelsior-boulevard-and-blake-road-north","layer":"alpr_reported","name":"Reported ALPR — Excelsior Boulevard and Blake Road North","county":"Hennepin County","state":"MN","countyFips":"27053","confidence":"confirmed","sourceDate":null,"attributes":{"agencyName":"Hopkins Police Department","reportedLocation":"Excelsior Boulevard and Blake Road North","jurisdictionId":"agency-jurisdiction-hopkins-police","locatedBy":"osm-intersection","ambiguousJunction":false,"statute":"Minn. Stat. § 13.824, subd. 8","sourceUrl":"https://dps.mn.gov/divisions/bca/data-and-reports/agencies-use-lprs-lpr"}}},{"type":"Feature","geometry":{"type":"Point","coordinates":[-93.38576725,44.92574425]},"properties":{"id":"alpr-reported-hopkins-police-department-blake-road-north-and-excelsior-boulevard","layer":"alpr_reported","name":"Reported ALPR — Blake Road North and Excelsior Boulevard","county":"Hennepin County","state":"MN","countyFips":"27053","confidence":"confirmed","sourceDate":null,"attributes":{"agencyName":"Hopkins Police Department","reportedLocation":"Blake Road North and Excelsior Boulevard","jurisdictionId":"agency-jurisdiction-hopkins-police","locatedBy":"osm-intersection","ambiguousJunction":false,"statute":"Minn. Stat. § 13.824, subd. 8","sourceUrl":"https://dps.mn.gov/divisions/bca/data-and-reports/agencies-use-lprs-lpr"}}},{"type":"Feature","geometry":{"type":"Point","coordinates":[-93.42114534999999,44.931588899999994]},"properties":{"id":"alpr-reported-hopkins-police-department-17th-avenue-north-and-fourth-street-north","layer":"alpr_reported","name":"Reported ALPR — 17th Avenue North and Fourth Street North","county":"Hennepin County","state":"MN","countyFips":"27053","confidence":"confirmed","sourceDate":null,"attributes":{"agencyName":"Hopkins Police Department","reportedLocation":"17th Avenue North and Fourth Street North","jurisdictionId":"agency-jurisdiction-hopkins-police","locatedBy":"osm-intersection","ambiguousJunction":false,"statute":"Minn. Stat. § 13.824, subd. 8","sourceUrl":"https://dps.mn.gov/divisions/bca/data-and-reports/agencies-use-lprs-lpr"}}},{"type":"Feature","geometry":{"type":"Point","coordinates":[-93.4057548,44.9335555]},"properties":{"id":"alpr-reported-hopkins-police-department-5th-avenue-north-and-highway-7","layer":"alpr_reported","name":"Reported ALPR — 5th Avenue North and Highway 7","county":"Hennepin County","state":"MN","countyFips":"27053","confidence":"confirmed","sourceDate":null,"attributes":{"agencyName":"Hopkins Police Department","reportedLocation":"5th Avenue North and Highway 7","jurisdictionId":"agency-jurisdiction-hopkins-police","locatedBy":"osm-intersection","ambiguousJunction":false,"statute":"Minn. Stat. § 13.824, subd. 8","sourceUrl":"https://dps.mn.gov/divisions/bca/data-and-reports/agencies-use-lprs-lpr"}}},{"type":"Feature","geometry":{"type":"Point","coordinates":[-93.41423,44.906227]},"properties":{"id":"alpr-reported-hopkins-police-department-11th-avenue-south-and-smetana-road","layer":"alpr_reported","name":"Reported ALPR — 11th Avenue South and Smetana Road","county":"Hennepin County","state":"MN","countyFips":"27053","confidence":"confirmed","sourceDate":null,"attributes":{"agencyName":"Hopkins Police Department","reportedLocation":"11th Avenue South and Smetana Road","jurisdictionId":"agency-jurisdiction-hopkins-police","locatedBy":"osm-intersection","ambiguousJunction":false,"statute":"Minn. Stat. § 13.824, subd. 8","sourceUrl":"https://dps.mn.gov/divisions/bca/data-and-reports/agencies-use-lprs-lpr"}}},{"type":"Feature","geometry":{"type":"Point","coordinates":[-94.4331033,44.8988857]},"properties":{"id":"alpr-reported-hutchinson-police-department-minnesota-highway-7-at-vale-avenue","layer":"alpr_reported","name":"Reported ALPR — Minnesota Highway 7 at Vale Avenue","county":"McLeod County","state":"MN","countyFips":"27085","confidence":"confirmed","sourceDate":null,"attributes":{"agencyName":"Hutchinson Police Department","reportedLocation":"Minnesota Highway 7 at Vale Avenue","jurisdictionId":null,"locatedBy":"osm-intersection","ambiguousJunction":true,"statute":"Minn. Stat. § 13.824, subd. 8","sourceUrl":"https://dps.mn.gov/divisions/bca/data-and-reports/agencies-use-lprs-lpr"}}},{"type":"Feature","geometry":{"type":"Point","coordinates":[-94.3756108,44.8571909]},"properties":{"id":"alpr-reported-hutchinson-police-department-minnesota-highway-15-at-county-road-89","layer":"alpr_reported","name":"Reported ALPR — Minnesota Highway 15 at County Road 89","county":"McLeod County","state":"MN","countyFips":"27085","confidence":"confirmed","sourceDate":null,"attributes":{"agencyName":"Hutchinson Police Department","reportedLocation":"Minnesota Highway 15 at County Road 89","jurisdictionId":null,"locatedBy":"osm-intersection","ambiguousJunction":false,"statute":"Minn. Stat. § 13.824, subd. 8","sourceUrl":"https://dps.mn.gov/divisions/bca/data-and-reports/agencies-use-lprs-lpr"}}},{"type":"Feature","geometry":{"type":"Point","coordinates":[-93.29909738333333,44.645276816666666]},"properties":{"id":"alpr-reported-lakeville-police-department-210th-street-at-keokuk-avenue-2","layer":"alpr_reported","name":"Reported ALPR — 210th Street at Keokuk Avenue (2)","county":"Dakota County","state":"MN","countyFips":"27037","confidence":"confirmed","sourceDate":null,"attributes":{"agencyName":"Lakeville Police Department","reportedLocation":"210th Street at Keokuk Avenue (2)","jurisdictionId":"agency-jurisdiction-lakeville-police","locatedBy":"osm-intersection","ambiguousJunction":false,"statute":"Minn. Stat. § 13.824, subd. 8","sourceUrl":"https://dps.mn.gov/divisions/bca/data-and-reports/agencies-use-lprs-lpr"}}},{"type":"Feature","geometry":{"type":"Point","coordinates":[-93.31839000000001,44.6814049]},"properties":{"id":"alpr-reported-lakeville-police-department-185th-street-at-judicial-road","layer":"alpr_reported","name":"Reported ALPR — 185th Street at Judicial Road","county":"Dakota County","state":"MN","countyFips":"27037","confidence":"confirmed","sourceDate":null,"attributes":{"agencyName":"Lakeville Police Department","reportedLocation":"185th Street at Judicial Road","jurisdictionId":"agency-jurisdiction-lakeville-police","locatedBy":"osm-intersection","ambiguousJunction":false,"statute":"Minn. Stat. § 13.824, subd. 8","sourceUrl":"https://dps.mn.gov/divisions/bca/data-and-reports/agencies-use-lprs-lpr"}}},{"type":"Feature","geometry":{"type":"Point","coordinates":[-93.3022431,44.6523579]},"properties":{"id":"alpr-reported-lakeville-police-department-205th-street-at-keystone-avenue","layer":"alpr_reported","name":"Reported ALPR — 205th Street at Keystone Avenue","county":"Dakota County","state":"MN","countyFips":"27037","confidence":"confirmed","sourceDate":null,"attributes":{"agencyName":"Lakeville Police Department","reportedLocation":"205th Street at Keystone Avenue","jurisdictionId":"agency-jurisdiction-lakeville-police","locatedBy":"osm-intersection","ambiguousJunction":false,"statute":"Minn. Stat. § 13.824, subd. 8","sourceUrl":"https://dps.mn.gov/divisions/bca/data-and-reports/agencies-use-lprs-lpr"}}},{"type":"Feature","geometry":{"type":"Point","coordinates":[-93.2176359,44.6432488]},"properties":{"id":"alpr-reported-lakeville-police-department-cedar-avenue-at-lakeville-boulevard","layer":"alpr_reported","name":"Reported ALPR — Cedar Avenue at Lakeville Boulevard","county":"Dakota County","state":"MN","countyFips":"27037","confidence":"confirmed","sourceDate":null,"attributes":{"agencyName":"Lakeville Police Department","reportedLocation":"Cedar Avenue at Lakeville Boulevard","jurisdictionId":"agency-jurisdiction-lakeville-police","locatedBy":"osm-intersection","ambiguousJunction":false,"statute":"Minn. Stat. § 13.824, subd. 8","sourceUrl":"https://dps.mn.gov/divisions/bca/data-and-reports/agencies-use-lprs-lpr"}}},{"type":"Feature","geometry":{"type":"Point","coordinates":[-93.21773735,44.71505745]},"properties":{"id":"alpr-reported-lakeville-police-department-cedar-avenue-at-162nd-street","layer":"alpr_reported","name":"Reported ALPR — Cedar Avenue at 162nd Street","county":"Dakota County","state":"MN","countyFips":"27037","confidence":"confirmed","sourceDate":null,"attributes":{"agencyName":"Lakeville Police Department","reportedLocation":"Cedar Avenue at 162nd Street","jurisdictionId":"agency-jurisdiction-lakeville-police","locatedBy":"osm-intersection","ambiguousJunction":false,"statute":"Minn. Stat. § 13.824, subd. 8","sourceUrl":"https://dps.mn.gov/divisions/bca/data-and-reports/agencies-use-lprs-lpr"}}},{"type":"Feature","geometry":{"type":"Point","coordinates":[-93.29032082500001,44.68134310000001]},"properties":{"id":"alpr-reported-lakeville-police-department-kenrick-avenue-at-185th-street-2","layer":"alpr_reported","name":"Reported ALPR — Kenrick Avenue at 185th Street (2)","county":"Dakota County","state":"MN","countyFips":"27037","confidence":"confirmed","sourceDate":null,"attributes":{"agencyName":"Lakeville Police Department","reportedLocation":"Kenrick Avenue at 185th Street (2)","jurisdictionId":"agency-jurisdiction-lakeville-police","locatedBy":"osm-intersection","ambiguousJunction":false,"statute":"Minn. Stat. § 13.824, subd. 8","sourceUrl":"https://dps.mn.gov/divisions/bca/data-and-reports/agencies-use-lprs-lpr"}}},{"type":"Feature","geometry":{"type":"Point","coordinates":[-93.2793161,44.7138897]},"properties":{"id":"alpr-reported-lakeville-police-department-kenrick-avenue-at-162nd-street","layer":"alpr_reported","name":"Reported ALPR — Kenrick Avenue at 162nd Street","county":"Dakota County","state":"MN","countyFips":"27037","confidence":"confirmed","sourceDate":null,"attributes":{"agencyName":"Lakeville Police Department","reportedLocation":"Kenrick Avenue at 162nd Street","jurisdictionId":"agency-jurisdiction-lakeville-police","locatedBy":"osm-intersection","ambiguousJunction":false,"statute":"Minn. Stat. § 13.824, subd. 8","sourceUrl":"https://dps.mn.gov/divisions/bca/data-and-reports/agencies-use-lprs-lpr"}}},{"type":"Feature","geometry":{"type":"Point","coordinates":[-93.2176359,44.6432488]},"properties":{"id":"alpr-reported-lakeville-police-department-lakeville-boulevard-at-cedar-avenue","layer":"alpr_reported","name":"Reported ALPR — Lakeville Boulevard at Cedar Avenue","county":"Dakota County","state":"MN","countyFips":"27037","confidence":"confirmed","sourceDate":null,"attributes":{"agencyName":"Lakeville Police Department","reportedLocation":"Lakeville Boulevard at Cedar Avenue","jurisdictionId":"agency-jurisdiction-lakeville-police","locatedBy":"osm-intersection","ambiguousJunction":false,"statute":"Minn. Stat. § 13.824, subd. 8","sourceUrl":"https://dps.mn.gov/divisions/bca/data-and-reports/agencies-use-lprs-lpr"}}},{"type":"Feature","geometry":{"type":"Point","coordinates":[-93.2969327,44.7145329]},"properties":{"id":"alpr-reported-lakeville-police-department-kenwood-trail-at-klamath-trail","layer":"alpr_reported","name":"Reported ALPR — Kenwood Trail at Klamath Trail","county":"Dakota County","state":"MN","countyFips":"27037","confidence":"confirmed","sourceDate":null,"attributes":{"agencyName":"Lakeville Police Department","reportedLocation":"Kenwood Trail at Klamath Trail","jurisdictionId":"agency-jurisdiction-lakeville-police","locatedBy":"osm-intersection","ambiguousJunction":true,"statute":"Minn. Stat. § 13.824, subd. 8","sourceUrl":"https://dps.mn.gov/divisions/bca/data-and-reports/agencies-use-lprs-lpr"}}},{"type":"Feature","geometry":{"type":"Point","coordinates":[-93.17689967499999,44.71728655]},"properties":{"id":"alpr-reported-lakeville-police-department-pilot-knob-road-at-160th-street","layer":"alpr_reported","name":"Reported ALPR — Pilot Knob Road at 160th Street","county":"Dakota County","state":"MN","countyFips":"27037","confidence":"confirmed","sourceDate":null,"attributes":{"agencyName":"Lakeville Police Department","reportedLocation":"Pilot Knob Road at 160th Street","jurisdictionId":"agency-jurisdiction-lakeville-police","locatedBy":"osm-intersection","ambiguousJunction":false,"statute":"Minn. Stat. § 13.824, subd. 8","sourceUrl":"https://dps.mn.gov/divisions/bca/data-and-reports/agencies-use-lprs-lpr"}}},{"type":"Feature","geometry":{"type":"Point","coordinates":[-93.217441525,44.69156265]},"properties":{"id":"alpr-reported-lakeville-police-department-179th-street-at-cedar-avenue-2","layer":"alpr_reported","name":"Reported ALPR — 179th Street at Cedar Avenue (2)","county":"Dakota County","state":"MN","countyFips":"27037","confidence":"confirmed","sourceDate":null,"attributes":{"agencyName":"Lakeville Police Department","reportedLocation":"179th Street at Cedar Avenue (2)","jurisdictionId":"agency-jurisdiction-lakeville-police","locatedBy":"osm-intersection","ambiguousJunction":false,"statute":"Minn. Stat. § 13.824, subd. 8","sourceUrl":"https://dps.mn.gov/divisions/bca/data-and-reports/agencies-use-lprs-lpr"}}},{"type":"Feature","geometry":{"type":"Point","coordinates":[-93.9973608,44.1730602]},"properties":{"id":"alpr-reported-mankato-department-of-public-safety-north-riverfront-drive-at-rock-street","layer":"alpr_reported","name":"Reported ALPR — North Riverfront Drive at Rock Street","county":"Blue Earth County","state":"MN","countyFips":"27013","confidence":"confirmed","sourceDate":null,"attributes":{"agencyName":"Mankato Department of Public Safety","reportedLocation":"North Riverfront Drive at Rock Street","jurisdictionId":null,"locatedBy":"osm-intersection","ambiguousJunction":false,"statute":"Minn. Stat. § 13.824, subd. 8","sourceUrl":"https://dps.mn.gov/divisions/bca/data-and-reports/agencies-use-lprs-lpr"}}},{"type":"Feature","geometry":{"type":"Point","coordinates":[-93.996077,44.168308]},"properties":{"id":"alpr-reported-mankato-department-of-public-safety-north-4th-street-at-washington-street","layer":"alpr_reported","name":"Reported ALPR — North 4th Street at Washington Street","county":"Blue Earth County","state":"MN","countyFips":"27013","confidence":"confirmed","sourceDate":null,"attributes":{"agencyName":"Mankato Department of Public Safety","reportedLocation":"North 4th Street at Washington Street","jurisdictionId":null,"locatedBy":"osm-intersection","ambiguousJunction":false,"statute":"Minn. Stat. § 13.824, subd. 8","sourceUrl":"https://dps.mn.gov/divisions/bca/data-and-reports/agencies-use-lprs-lpr"}}},{"type":"Feature","geometry":{"type":"Point","coordinates":[-93.6352579,45.0511676]},"properties":{"id":"alpr-reported-medina-police-department-county-road-19-and-county-road-11","layer":"alpr_reported","name":"Reported ALPR — County Road 19 and County Road 11","county":"Hennepin County","state":"MN","countyFips":"27053","confidence":"confirmed","sourceDate":null,"attributes":{"agencyName":"Medina Police Department","reportedLocation":"County Road 19 and County Road 11","jurisdictionId":"agency-jurisdiction-medina-police","locatedBy":"osm-intersection","ambiguousJunction":false,"statute":"Minn. Stat. § 13.824, subd. 8","sourceUrl":"https://dps.mn.gov/divisions/bca/data-and-reports/agencies-use-lprs-lpr"}}},{"type":"Feature","geometry":{"type":"Point","coordinates":[-93.5301847,45.0129433]},"properties":{"id":"alpr-reported-medina-police-department-northridge-drive-and-county-road-24","layer":"alpr_reported","name":"Reported ALPR — Northridge Drive and County Road 24","county":"Hennepin County","state":"MN","countyFips":"27053","confidence":"confirmed","sourceDate":null,"attributes":{"agencyName":"Medina Police Department","reportedLocation":"Northridge Drive and County Road 24","jurisdictionId":"agency-jurisdiction-medina-police","locatedBy":"osm-intersection","ambiguousJunction":false,"statute":"Minn. Stat. § 13.824, subd. 8","sourceUrl":"https://dps.mn.gov/divisions/bca/data-and-reports/agencies-use-lprs-lpr"}}},{"type":"Feature","geometry":{"type":"Point","coordinates":[-93.5326004,45.0086552]},"properties":{"id":"alpr-reported-medina-police-department-northridge-drive-and-hunter-drive","layer":"alpr_reported","name":"Reported ALPR — Northridge Drive and Hunter Drive","county":"Hennepin County","state":"MN","countyFips":"27053","confidence":"confirmed","sourceDate":null,"attributes":{"agencyName":"Medina Police Department","reportedLocation":"Northridge Drive and Hunter Drive","jurisdictionId":"agency-jurisdiction-medina-police","locatedBy":"osm-intersection","ambiguousJunction":false,"statute":"Minn. Stat. § 13.824, subd. 8","sourceUrl":"https://dps.mn.gov/divisions/bca/data-and-reports/agencies-use-lprs-lpr"}}},{"type":"Feature","geometry":{"type":"Point","coordinates":[-93.599121,45.000072]},"properties":{"id":"alpr-reported-medina-police-department-deer-hill-road-and-homestead-trail","layer":"alpr_reported","name":"Reported ALPR — Deer Hill Road and Homestead Trail","county":"Hennepin County","state":"MN","countyFips":"27053","confidence":"confirmed","sourceDate":null,"attributes":{"agencyName":"Medina Police Department","reportedLocation":"Deer Hill Road and Homestead Trail","jurisdictionId":"agency-jurisdiction-medina-police","locatedBy":"osm-intersection","ambiguousJunction":false,"statute":"Minn. Stat. § 13.824, subd. 8","sourceUrl":"https://dps.mn.gov/divisions/bca/data-and-reports/agencies-use-lprs-lpr"}}},{"type":"Feature","geometry":{"type":"Point","coordinates":[-93.2626731,44.9483581]},"properties":{"id":"alpr-reported-minneapolis-police-department-chicago-avenue-and-lake-street-east","layer":"alpr_reported","name":"Reported ALPR — Chicago Avenue and Lake Street East","county":"Hennepin County","state":"MN","countyFips":"27053","confidence":"confirmed","sourceDate":null,"attributes":{"agencyName":"Minneapolis Police Department","reportedLocation":"Chicago Avenue and Lake Street East","jurisdictionId":"agency-jurisdiction-minneapolis-police","locatedBy":"osm-intersection","ambiguousJunction":false,"statute":"Minn. Stat. § 13.824, subd. 8","sourceUrl":"https://dps.mn.gov/divisions/bca/data-and-reports/agencies-use-lprs-lpr"}}},{"type":"Feature","geometry":{"type":"Point","coordinates":[-93.3146164,45.0132616]},"properties":{"id":"alpr-reported-minneapolis-police-department-lowry-avenue-and-upton-avenue-north","layer":"alpr_reported","name":"Reported ALPR — Lowry Avenue and Upton Avenue North","county":"Hennepin County","state":"MN","countyFips":"27053","confidence":"confirmed","sourceDate":null,"attributes":{"agencyName":"Minneapolis Police Department","reportedLocation":"Lowry Avenue and Upton Avenue North","jurisdictionId":"agency-jurisdiction-minneapolis-police","locatedBy":"osm-intersection","ambiguousJunction":false,"statute":"Minn. Stat. § 13.824, subd. 8","sourceUrl":"https://dps.mn.gov/divisions/bca/data-and-reports/agencies-use-lprs-lpr"}}},{"type":"Feature","geometry":{"type":"Point","coordinates":[-93.2713344,44.983713]},"properties":{"id":"alpr-reported-minneapolis-police-department-washington-avenue-north-and-2nd-avenue-north","layer":"alpr_reported","name":"Reported ALPR — Washington Avenue North and 2nd Avenue North","county":"Hennepin County","state":"MN","countyFips":"27053","confidence":"confirmed","sourceDate":null,"attributes":{"agencyName":"Minneapolis Police Department","reportedLocation":"Washington Avenue North and 2nd Avenue North","jurisdictionId":"agency-jurisdiction-minneapolis-police","locatedBy":"osm-intersection","ambiguousJunction":false,"statute":"Minn. Stat. § 13.824, subd. 8","sourceUrl":"https://dps.mn.gov/divisions/bca/data-and-reports/agencies-use-lprs-lpr"}}},{"type":"Feature","geometry":{"type":"Point","coordinates":[-93.2349993,44.981471]},"properties":{"id":"alpr-reported-minneapolis-police-department-5th-street-se-and-14th-avenue-se","layer":"alpr_reported","name":"Reported ALPR — 5th Street SE and 14th Avenue SE","county":"Hennepin County","state":"MN","countyFips":"27053","confidence":"confirmed","sourceDate":null,"attributes":{"agencyName":"Minneapolis Police Department","reportedLocation":"5th Street SE and 14th Avenue SE","jurisdictionId":"agency-jurisdiction-minneapolis-police","locatedBy":"osm-intersection","ambiguousJunction":false,"statute":"Minn. Stat. § 13.824, subd. 8","sourceUrl":"https://dps.mn.gov/divisions/bca/data-and-reports/agencies-use-lprs-lpr"}}},{"type":"Feature","geometry":{"type":"Point","coordinates":[-93.272534,44.9828795]},"properties":{"id":"alpr-reported-minneapolis-police-department-2nd-avenue-north-and-3rd-street-north","layer":"alpr_reported","name":"Reported ALPR — 2nd Avenue North and 3rd Street North","county":"Hennepin County","state":"MN","countyFips":"27053","confidence":"confirmed","sourceDate":null,"attributes":{"agencyName":"Minneapolis Police Department","reportedLocation":"2nd Avenue North and 3rd Street North","jurisdictionId":"agency-jurisdiction-minneapolis-police","locatedBy":"osm-intersection","ambiguousJunction":false,"statute":"Minn. Stat. § 13.824, subd. 8","sourceUrl":"https://dps.mn.gov/divisions/bca/data-and-reports/agencies-use-lprs-lpr"}}},{"type":"Feature","geometry":{"type":"Point","coordinates":[-93.2625606,44.962708]},"properties":{"id":"alpr-reported-minneapolis-police-department-chicago-avenue-and-franklin-avenue-east","layer":"alpr_reported","name":"Reported ALPR — Chicago Avenue and Franklin Avenue East","county":"Hennepin County","state":"MN","countyFips":"27053","confidence":"confirmed","sourceDate":null,"attributes":{"agencyName":"Minneapolis Police Department","reportedLocation":"Chicago Avenue and Franklin Avenue East","jurisdictionId":"agency-jurisdiction-minneapolis-police","locatedBy":"osm-intersection","ambiguousJunction":false,"statute":"Minn. Stat. § 13.824, subd. 8","sourceUrl":"https://dps.mn.gov/divisions/bca/data-and-reports/agencies-use-lprs-lpr"}}},{"type":"Feature","geometry":{"type":"Point","coordinates":[-93.2621797,44.9713219]},"properties":{"id":"alpr-reported-minneapolis-police-department-8th-street-south-and-chicago-avenue","layer":"alpr_reported","name":"Reported ALPR — 8th Street south and Chicago Avenue","county":"Hennepin County","state":"MN","countyFips":"27053","confidence":"confirmed","sourceDate":null,"attributes":{"agencyName":"Minneapolis Police Department","reportedLocation":"8th Street south and Chicago Avenue","jurisdictionId":"agency-jurisdiction-minneapolis-police","locatedBy":"osm-intersection","ambiguousJunction":false,"statute":"Minn. Stat. § 13.824, subd. 8","sourceUrl":"https://dps.mn.gov/divisions/bca/data-and-reports/agencies-use-lprs-lpr"}}},{"type":"Feature","geometry":{"type":"Point","coordinates":[-93.24035276666666,44.94834943333334]},"properties":{"id":"alpr-reported-minneapolis-police-department-lake-street-east-and-22nd-avenue-south","layer":"alpr_reported","name":"Reported ALPR — Lake Street East and 22nd Avenue South","county":"Hennepin County","state":"MN","countyFips":"27053","confidence":"confirmed","sourceDate":null,"attributes":{"agencyName":"Minneapolis Police Department","reportedLocation":"Lake Street East and 22nd Avenue South","jurisdictionId":"agency-jurisdiction-minneapolis-police","locatedBy":"osm-intersection","ambiguousJunction":false,"statute":"Minn. Stat. § 13.824, subd. 8","sourceUrl":"https://dps.mn.gov/divisions/bca/data-and-reports/agencies-use-lprs-lpr"}}},{"type":"Feature","geometry":{"type":"Point","coordinates":[-93.2472805,44.9622211]},"properties":{"id":"alpr-reported-minneapolis-police-department-franklin-avenue-east-and-cedar-avenue","layer":"alpr_reported","name":"Reported ALPR — Franklin Avenue East and Cedar Avenue","county":"Hennepin County","state":"MN","countyFips":"27053","confidence":"confirmed","sourceDate":null,"attributes":{"agencyName":"Minneapolis Police Department","reportedLocation":"Franklin Avenue East and Cedar Avenue","jurisdictionId":"agency-jurisdiction-minneapolis-police","locatedBy":"osm-intersection","ambiguousJunction":false,"statute":"Minn. Stat. § 13.824, subd. 8","sourceUrl":"https://dps.mn.gov/divisions/bca/data-and-reports/agencies-use-lprs-lpr"}}},{"type":"Feature","geometry":{"type":"Point","coordinates":[-93.25180785,44.97484005]},"properties":{"id":"alpr-reported-minneapolis-police-department-washington-avenue-south-and-12th-avenue-south","layer":"alpr_reported","name":"Reported ALPR — Washington Avenue South and 12th Avenue South","county":"Hennepin County","state":"MN","countyFips":"27053","confidence":"confirmed","sourceDate":null,"attributes":{"agencyName":"Minneapolis Police Department","reportedLocation":"Washington Avenue South and 12th Avenue South","jurisdictionId":"agency-jurisdiction-minneapolis-police","locatedBy":"osm-intersection","ambiguousJunction":false,"statute":"Minn. Stat. § 13.824, subd. 8","sourceUrl":"https://dps.mn.gov/divisions/bca/data-and-reports/agencies-use-lprs-lpr"}}},{"type":"Feature","geometry":{"type":"Point","coordinates":[-93.3083364,44.9807363]},"properties":{"id":"alpr-reported-minneapolis-police-department-penn-avenue-north-and-glenwood-avenue","layer":"alpr_reported","name":"Reported ALPR — Penn Avenue North and Glenwood Avenue","county":"Hennepin County","state":"MN","countyFips":"27053","confidence":"confirmed","sourceDate":null,"attributes":{"agencyName":"Minneapolis Police Department","reportedLocation":"Penn Avenue North and Glenwood Avenue","jurisdictionId":"agency-jurisdiction-minneapolis-police","locatedBy":"osm-intersection","ambiguousJunction":false,"statute":"Minn. Stat. § 13.824, subd. 8","sourceUrl":"https://dps.mn.gov/divisions/bca/data-and-reports/agencies-use-lprs-lpr"}}},{"type":"Feature","geometry":{"type":"Point","coordinates":[-93.427803,44.971313]},"properties":{"id":"alpr-reported-minnetonka-police-department-wayzata-boulevard-and-fairfield-road","layer":"alpr_reported","name":"Reported ALPR — Wayzata Boulevard and Fairfield Road","county":"Hennepin County","state":"MN","countyFips":"27053","confidence":"confirmed","sourceDate":null,"attributes":{"agencyName":"Minnetonka Police Department","reportedLocation":"Wayzata Boulevard and Fairfield Road","jurisdictionId":"agency-jurisdiction-minnetonka-police","locatedBy":"osm-intersection","ambiguousJunction":false,"statute":"Minn. Stat. § 13.824, subd. 8","sourceUrl":"https://dps.mn.gov/divisions/bca/data-and-reports/agencies-use-lprs-lpr"}}},{"type":"Feature","geometry":{"type":"Point","coordinates":[-93.44249331428571,44.96564622857143]},"properties":{"id":"alpr-reported-minnetonka-police-department-ridgedale-drive-and-plymouth-road","layer":"alpr_reported","name":"Reported ALPR — Ridgedale Drive and Plymouth Road","county":"Hennepin County","state":"MN","countyFips":"27053","confidence":"confirmed","sourceDate":null,"attributes":{"agencyName":"Minnetonka Police Department","reportedLocation":"Ridgedale Drive and Plymouth Road","jurisdictionId":"agency-jurisdiction-minnetonka-police","locatedBy":"osm-intersection","ambiguousJunction":false,"statute":"Minn. Stat. § 13.824, subd. 8","sourceUrl":"https://dps.mn.gov/divisions/bca/data-and-reports/agencies-use-lprs-lpr"}}},{"type":"Feature","geometry":{"type":"Point","coordinates":[-93.4429844,44.967672900000004]},"properties":{"id":"alpr-reported-minnetonka-police-department-cartway-lane-and-plymouth-road","layer":"alpr_reported","name":"Reported ALPR — Cartway Lane and Plymouth Road","county":"Hennepin County","state":"MN","countyFips":"27053","confidence":"confirmed","sourceDate":null,"attributes":{"agencyName":"Minnetonka Police Department","reportedLocation":"Cartway Lane and Plymouth Road","jurisdictionId":"agency-jurisdiction-minnetonka-police","locatedBy":"osm-intersection","ambiguousJunction":false,"statute":"Minn. Stat. § 13.824, subd. 8","sourceUrl":"https://dps.mn.gov/divisions/bca/data-and-reports/agencies-use-lprs-lpr"}}},{"type":"Feature","geometry":{"type":"Point","coordinates":[-93.42049353333334,44.89426773333333]},"properties":{"id":"alpr-reported-minnetonka-police-department-shady-oak-road-and-red-circle-drive","layer":"alpr_reported","name":"Reported ALPR — Shady Oak Road and Red Circle Drive","county":"Hennepin County","state":"MN","countyFips":"27053","confidence":"confirmed","sourceDate":null,"attributes":{"agencyName":"Minnetonka Police Department","reportedLocation":"Shady Oak Road and Red Circle Drive","jurisdictionId":"agency-jurisdiction-minnetonka-police","locatedBy":"osm-intersection","ambiguousJunction":true,"statute":"Minn. Stat. § 13.824, subd. 8","sourceUrl":"https://dps.mn.gov/divisions/bca/data-and-reports/agencies-use-lprs-lpr"}}},{"type":"Feature","geometry":{"type":"Point","coordinates":[-93.44411686666666,44.9694493]},"properties":{"id":"alpr-reported-minnetonka-police-department-plymouth-road-and-ridgehaven-lane","layer":"alpr_reported","name":"Reported ALPR — Plymouth Road and Ridgehaven Lane","county":"Hennepin County","state":"MN","countyFips":"27053","confidence":"confirmed","sourceDate":null,"attributes":{"agencyName":"Minnetonka Police Department","reportedLocation":"Plymouth Road and Ridgehaven Lane","jurisdictionId":"agency-jurisdiction-minnetonka-police","locatedBy":"osm-intersection","ambiguousJunction":false,"statute":"Minn. Stat. § 13.824, subd. 8","sourceUrl":"https://dps.mn.gov/divisions/bca/data-and-reports/agencies-use-lprs-lpr"}}},{"type":"Feature","geometry":{"type":"Point","coordinates":[-93.5032411,44.913747225]},"properties":{"id":"alpr-reported-minnetonka-police-department-highway-7-and-county-road-101","layer":"alpr_reported","name":"Reported ALPR — Highway 7 and County Road 101","county":"Hennepin County","state":"MN","countyFips":"27053","confidence":"confirmed","sourceDate":null,"attributes":{"agencyName":"Minnetonka Police Department","reportedLocation":"Highway 7 and County Road 101","jurisdictionId":"agency-jurisdiction-minnetonka-police","locatedBy":"osm-intersection","ambiguousJunction":false,"statute":"Minn. Stat. § 13.824, subd. 8","sourceUrl":"https://dps.mn.gov/divisions/bca/data-and-reports/agencies-use-lprs-lpr"}}},{"type":"Feature","geometry":{"type":"Point","coordinates":[-93.50310297142859,44.916849414285714]},"properties":{"id":"alpr-reported-minnetonka-police-department-seven-hi-drive-and-county-road-101","layer":"alpr_reported","name":"Reported ALPR — Seven Hi Drive and County Road 101","county":"Hennepin County","state":"MN","countyFips":"27053","confidence":"confirmed","sourceDate":null,"attributes":{"agencyName":"Minnetonka Police Department","reportedLocation":"Seven Hi Drive and County Road 101","jurisdictionId":"agency-jurisdiction-minnetonka-police","locatedBy":"osm-intersection","ambiguousJunction":false,"statute":"Minn. Stat. § 13.824, subd. 8","sourceUrl":"https://dps.mn.gov/divisions/bca/data-and-reports/agencies-use-lprs-lpr"}}},{"type":"Feature","geometry":{"type":"Point","coordinates":[-93.4448988,44.9695951]},"properties":{"id":"alpr-reported-minnetonka-police-department-ridgedale-drive-and-ridgehaven-lane","layer":"alpr_reported","name":"Reported ALPR — Ridgedale Drive and Ridgehaven Lane","county":"Hennepin County","state":"MN","countyFips":"27053","confidence":"confirmed","sourceDate":null,"attributes":{"agencyName":"Minnetonka Police Department","reportedLocation":"Ridgedale Drive and Ridgehaven Lane","jurisdictionId":"agency-jurisdiction-minnetonka-police","locatedBy":"osm-intersection","ambiguousJunction":false,"statute":"Minn. Stat. § 13.824, subd. 8","sourceUrl":"https://dps.mn.gov/divisions/bca/data-and-reports/agencies-use-lprs-lpr"}}},{"type":"Feature","geometry":{"type":"Point","coordinates":[-93.7325314,44.9699971]},"properties":{"id":"alpr-reported-minnetrista-police-department-county-road-92-at-county-road-26-southbound","layer":"alpr_reported","name":"Reported ALPR — County Road 92 at County Road 26 southbound","county":"Hennepin County","state":"MN","countyFips":"27053","confidence":"confirmed","sourceDate":null,"attributes":{"agencyName":"Minnetrista Police Department","reportedLocation":"County Road 92 at County Road 26 southbound","jurisdictionId":"agency-jurisdiction-minnetrista-police","locatedBy":"osm-intersection","ambiguousJunction":true,"statute":"Minn. Stat. § 13.824, subd. 8","sourceUrl":"https://dps.mn.gov/divisions/bca/data-and-reports/agencies-use-lprs-lpr"}}},{"type":"Feature","geometry":{"type":"Point","coordinates":[-93.7492758,44.8909402]},"properties":{"id":"alpr-reported-minnetrista-police-department-county-road-92-at-hunters-trail-northbound","layer":"alpr_reported","name":"Reported ALPR — County Road 92 at Hunters Trail northbound","county":"Hennepin County","state":"MN","countyFips":"27053","confidence":"confirmed","sourceDate":null,"attributes":{"agencyName":"Minnetrista Police Department","reportedLocation":"County Road 92 at Hunters Trail northbound","jurisdictionId":"agency-jurisdiction-minnetrista-police","locatedBy":"osm-intersection","ambiguousJunction":false,"statute":"Minn. Stat. § 13.824, subd. 8","sourceUrl":"https://dps.mn.gov/divisions/bca/data-and-reports/agencies-use-lprs-lpr"}}},{"type":"Feature","geometry":{"type":"Point","coordinates":[-93.2211413,45.1123524]},"properties":{"id":"alpr-reported-mounds-view-police-department-mounds-view-boulevard-at-groveland-road-eastbound","layer":"alpr_reported","name":"Reported ALPR — Mounds View Boulevard at Groveland Road eastbound","county":"Ramsey County","state":"MN","countyFips":"27123","confidence":"confirmed","sourceDate":null,"attributes":{"agencyName":"Mounds View Police Department","reportedLocation":"Mounds View Boulevard at Groveland Road eastbound","jurisdictionId":"agency-jurisdiction-mounds-view-police","locatedBy":"osm-intersection","ambiguousJunction":false,"statute":"Minn. Stat. § 13.824, subd. 8","sourceUrl":"https://dps.mn.gov/divisions/bca/data-and-reports/agencies-use-lprs-lpr"}}},{"type":"Feature","geometry":{"type":"Point","coordinates":[-93.1931096,45.0952082]},"properties":{"id":"alpr-reported-mounds-view-police-department-mounds-view-boulevard-at-program-avenue-northbound","layer":"alpr_reported","name":"Reported ALPR — Mounds View Boulevard at Program Avenue northbound","county":"Ramsey County","state":"MN","countyFips":"27123","confidence":"confirmed","sourceDate":null,"attributes":{"agencyName":"Mounds View Police Department","reportedLocation":"Mounds View Boulevard at Program Avenue northbound","jurisdictionId":"agency-jurisdiction-mounds-view-police","locatedBy":"osm-intersection","ambiguousJunction":false,"statute":"Minn. Stat. § 13.824, subd. 8","sourceUrl":"https://dps.mn.gov/divisions/bca/data-and-reports/agencies-use-lprs-lpr"}}},{"type":"Feature","geometry":{"type":"Point","coordinates":[-93.208939,45.105098]},"properties":{"id":"alpr-reported-mounds-view-police-department-mounds-view-boulevard-at-long-lake-road-westbound","layer":"alpr_reported","name":"Reported ALPR — Mounds View Boulevard at Long Lake Road westbound","county":"Ramsey County","state":"MN","countyFips":"27123","confidence":"confirmed","sourceDate":null,"attributes":{"agencyName":"Mounds View Police Department","reportedLocation":"Mounds View Boulevard at Long Lake Road westbound","jurisdictionId":"agency-jurisdiction-mounds-view-police","locatedBy":"osm-intersection","ambiguousJunction":false,"statute":"Minn. Stat. § 13.824, subd. 8","sourceUrl":"https://dps.mn.gov/divisions/bca/data-and-reports/agencies-use-lprs-lpr"}}},{"type":"Feature","geometry":{"type":"Point","coordinates":[-93.208939,45.105098]},"properties":{"id":"alpr-reported-mounds-view-police-department-mounds-view-boulevard-at-long-lake-road-eastbound","layer":"alpr_reported","name":"Reported ALPR — Mounds View Boulevard at Long Lake Road eastbound","county":"Ramsey County","state":"MN","countyFips":"27123","confidence":"confirmed","sourceDate":null,"attributes":{"agencyName":"Mounds View Police Department","reportedLocation":"Mounds View Boulevard at Long Lake Road eastbound","jurisdictionId":"agency-jurisdiction-mounds-view-police","locatedBy":"osm-intersection","ambiguousJunction":false,"statute":"Minn. Stat. § 13.824, subd. 8","sourceUrl":"https://dps.mn.gov/divisions/bca/data-and-reports/agencies-use-lprs-lpr"}}},{"type":"Feature","geometry":{"type":"Point","coordinates":[-93.1936774,45.1080656]},"properties":{"id":"alpr-reported-mounds-view-police-department-county-road-i-at-quincy-street-westbound","layer":"alpr_reported","name":"Reported ALPR — County Road I at Quincy Street westbound","county":"Ramsey County","state":"MN","countyFips":"27123","confidence":"confirmed","sourceDate":null,"attributes":{"agencyName":"Mounds View Police Department","reportedLocation":"County Road I at Quincy Street westbound","jurisdictionId":"agency-jurisdiction-mounds-view-police","locatedBy":"osm-intersection","ambiguousJunction":false,"statute":"Minn. Stat. § 13.824, subd. 8","sourceUrl":"https://dps.mn.gov/divisions/bca/data-and-reports/agencies-use-lprs-lpr"}}},{"type":"Feature","geometry":{"type":"Point","coordinates":[-93.21898435,45.095597850000004]},"properties":{"id":"alpr-reported-mounds-view-police-department-silver-lake-road-at-woodcrest-drive-northbound","layer":"alpr_reported","name":"Reported ALPR — Silver Lake Road at Woodcrest Drive northbound","county":"Ramsey County","state":"MN","countyFips":"27123","confidence":"confirmed","sourceDate":null,"attributes":{"agencyName":"Mounds View Police Department","reportedLocation":"Silver Lake Road at Woodcrest Drive northbound","jurisdictionId":"agency-jurisdiction-mounds-view-police","locatedBy":"osm-intersection","ambiguousJunction":false,"statute":"Minn. Stat. § 13.824, subd. 8","sourceUrl":"https://dps.mn.gov/divisions/bca/data-and-reports/agencies-use-lprs-lpr"}}},{"type":"Feature","geometry":{"type":"Point","coordinates":[-93.2190602,45.1005975]},"properties":{"id":"alpr-reported-mounds-view-police-department-county-road-h2-at-silver-lake-road-eastbound","layer":"alpr_reported","name":"Reported ALPR — County Road H2 at Silver Lake Road eastbound","county":"Ramsey County","state":"MN","countyFips":"27123","confidence":"confirmed","sourceDate":null,"attributes":{"agencyName":"Mounds View Police Department","reportedLocation":"County Road H2 at Silver Lake Road eastbound","jurisdictionId":"agency-jurisdiction-mounds-view-police","locatedBy":"osm-intersection","ambiguousJunction":false,"statute":"Minn. Stat. § 13.824, subd. 8","sourceUrl":"https://dps.mn.gov/divisions/bca/data-and-reports/agencies-use-lprs-lpr"}}},{"type":"Feature","geometry":{"type":"Point","coordinates":[-93.2192176,45.1078153]},"properties":{"id":"alpr-reported-mounds-view-police-department-county-road-i-at-silver-lake-road-eastbound","layer":"alpr_reported","name":"Reported ALPR — County Road I at Silver Lake Road eastbound","county":"Ramsey County","state":"MN","countyFips":"27123","confidence":"confirmed","sourceDate":null,"attributes":{"agencyName":"Mounds View Police Department","reportedLocation":"County Road I at Silver Lake Road eastbound","jurisdictionId":"agency-jurisdiction-mounds-view-police","locatedBy":"osm-intersection","ambiguousJunction":false,"statute":"Minn. Stat. § 13.824, subd. 8","sourceUrl":"https://dps.mn.gov/divisions/bca/data-and-reports/agencies-use-lprs-lpr"}}},{"type":"Feature","geometry":{"type":"Point","coordinates":[-93.2180484,45.06095885]},"properties":{"id":"alpr-reported-new-brighton-police-department-silver-lake-road-and-7th-street-northwest","layer":"alpr_reported","name":"Reported ALPR — Silver Lake Road and 7th Street Northwest","county":"Ramsey County","state":"MN","countyFips":"27123","confidence":"confirmed","sourceDate":null,"attributes":{"agencyName":"New Brighton Police Department","reportedLocation":"Silver Lake Road and 7th Street Northwest","jurisdictionId":"agency-jurisdiction-new-brighton-police","locatedBy":"osm-intersection","ambiguousJunction":false,"statute":"Minn. Stat. § 13.824, subd. 8","sourceUrl":"https://dps.mn.gov/divisions/bca/data-and-reports/agencies-use-lprs-lpr"}}},{"type":"Feature","geometry":{"type":"Point","coordinates":[-93.18822109999999,45.07908035]},"properties":{"id":"alpr-reported-new-brighton-police-department-old-highway-8-and-state-highway-96","layer":"alpr_reported","name":"Reported ALPR — Old Highway 8 and State Highway 96","county":"Ramsey County","state":"MN","countyFips":"27123","confidence":"confirmed","sourceDate":null,"attributes":{"agencyName":"New Brighton Police Department","reportedLocation":"Old Highway 8 and State Highway 96","jurisdictionId":"agency-jurisdiction-new-brighton-police","locatedBy":"osm-intersection","ambiguousJunction":false,"statute":"Minn. Stat. § 13.824, subd. 8","sourceUrl":"https://dps.mn.gov/divisions/bca/data-and-reports/agencies-use-lprs-lpr"}}},{"type":"Feature","geometry":{"type":"Point","coordinates":[-93.1892487,45.0574023]},"properties":{"id":"alpr-reported-new-brighton-police-department-county-road-e2-and-2nd-avenue-northwest","layer":"alpr_reported","name":"Reported ALPR — County Road E2 and 2nd Avenue Northwest","county":"Ramsey County","state":"MN","countyFips":"27123","confidence":"confirmed","sourceDate":null,"attributes":{"agencyName":"New Brighton Police Department","reportedLocation":"County Road E2 and 2nd Avenue Northwest","jurisdictionId":"agency-jurisdiction-new-brighton-police","locatedBy":"osm-intersection","ambiguousJunction":false,"statute":"Minn. Stat. § 13.824, subd. 8","sourceUrl":"https://dps.mn.gov/divisions/bca/data-and-reports/agencies-use-lprs-lpr"}}},{"type":"Feature","geometry":{"type":"Point","coordinates":[-93.199453,45.064619]},"properties":{"id":"alpr-reported-new-brighton-police-department-10th-street-northwest-and-9th-avenue-northwest","layer":"alpr_reported","name":"Reported ALPR — 10th Street Northwest and 9th Avenue Northwest","county":"Ramsey County","state":"MN","countyFips":"27123","confidence":"confirmed","sourceDate":null,"attributes":{"agencyName":"New Brighton Police Department","reportedLocation":"10th Street Northwest and 9th Avenue Northwest","jurisdictionId":"agency-jurisdiction-new-brighton-police","locatedBy":"osm-intersection","ambiguousJunction":false,"statute":"Minn. Stat. § 13.824, subd. 8","sourceUrl":"https://dps.mn.gov/divisions/bca/data-and-reports/agencies-use-lprs-lpr"}}},{"type":"Feature","geometry":{"type":"Point","coordinates":[-93.1978922,45.035793]},"properties":{"id":"alpr-reported-new-brighton-police-department-county-road-d-west-and-long-lake-road","layer":"alpr_reported","name":"Reported ALPR — County Road D West and Long Lake Road","county":"Ramsey County","state":"MN","countyFips":"27123","confidence":"confirmed","sourceDate":null,"attributes":{"agencyName":"New Brighton Police Department","reportedLocation":"County Road D West and Long Lake Road","jurisdictionId":"agency-jurisdiction-new-brighton-police","locatedBy":"osm-intersection","ambiguousJunction":true,"statute":"Minn. Stat. § 13.824, subd. 8","sourceUrl":"https://dps.mn.gov/divisions/bca/data-and-reports/agencies-use-lprs-lpr"}}},{"type":"Feature","geometry":{"type":"Point","coordinates":[-93.2190168,45.0861105]},"properties":{"id":"alpr-reported-new-brighton-police-department-silver-lake-road-and-mississippi-street","layer":"alpr_reported","name":"Reported ALPR — Silver Lake Road and Mississippi Street","county":"Ramsey County","state":"MN","countyFips":"27123","confidence":"confirmed","sourceDate":null,"attributes":{"agencyName":"New Brighton Police Department","reportedLocation":"Silver Lake Road and Mississippi Street","jurisdictionId":"agency-jurisdiction-new-brighton-police","locatedBy":"osm-intersection","ambiguousJunction":false,"statute":"Minn. Stat. § 13.824, subd. 8","sourceUrl":"https://dps.mn.gov/divisions/bca/data-and-reports/agencies-use-lprs-lpr"}}},{"type":"Feature","geometry":{"type":"Point","coordinates":[-93.3753402,45.0657056]},"properties":{"id":"alpr-reported-new-hope-police-department-62nd-avenue-north-at-west-broadway-avenue","layer":"alpr_reported","name":"Reported ALPR — 62nd Avenue North at West Broadway Avenue","county":"Hennepin County","state":"MN","countyFips":"27053","confidence":"confirmed","sourceDate":null,"attributes":{"agencyName":"New Hope Police Department","reportedLocation":"62nd Avenue North at West Broadway Avenue","jurisdictionId":"agency-jurisdiction-new-hope-police","locatedBy":"osm-intersection","ambiguousJunction":false,"statute":"Minn. Stat. § 13.824, subd. 8","sourceUrl":"https://dps.mn.gov/divisions/bca/data-and-reports/agencies-use-lprs-lpr"}}},{"type":"Feature","geometry":{"type":"Point","coordinates":[-93.37119225000001,45.0546936]},"properties":{"id":"alpr-reported-new-hope-police-department-bass-lake-road-at-maryland-avenue","layer":"alpr_reported","name":"Reported ALPR — Bass Lake Road at Maryland Avenue","county":"Hennepin County","state":"MN","countyFips":"27053","confidence":"confirmed","sourceDate":null,"attributes":{"agencyName":"New Hope Police Department","reportedLocation":"Bass Lake Road at Maryland Avenue","jurisdictionId":"agency-jurisdiction-new-hope-police","locatedBy":"osm-intersection","ambiguousJunction":false,"statute":"Minn. Stat. § 13.824, subd. 8","sourceUrl":"https://dps.mn.gov/divisions/bca/data-and-reports/agencies-use-lprs-lpr"}}},{"type":"Feature","geometry":{"type":"Point","coordinates":[-93.3947431,45.0580455]},"properties":{"id":"alpr-reported-new-hope-police-department-bass-lake-road-at-international-parkway","layer":"alpr_reported","name":"Reported ALPR — Bass Lake Road at International Parkway","county":"Hennepin County","state":"MN","countyFips":"27053","confidence":"confirmed","sourceDate":null,"attributes":{"agencyName":"New Hope Police Department","reportedLocation":"Bass Lake Road at International Parkway","jurisdictionId":"agency-jurisdiction-new-hope-police","locatedBy":"osm-intersection","ambiguousJunction":false,"statute":"Minn. Stat. § 13.824, subd. 8","sourceUrl":"https://dps.mn.gov/divisions/bca/data-and-reports/agencies-use-lprs-lpr"}}},{"type":"Feature","geometry":{"type":"Point","coordinates":[-93.3702777,45.0328224]},"properties":{"id":"alpr-reported-new-hope-police-department-42nd-avenue-at-louisiana-avenue","layer":"alpr_reported","name":"Reported ALPR — 42nd Avenue at Louisiana Avenue","county":"Hennepin County","state":"MN","countyFips":"27053","confidence":"confirmed","sourceDate":null,"attributes":{"agencyName":"New Hope Police Department","reportedLocation":"42nd Avenue at Louisiana Avenue","jurisdictionId":"agency-jurisdiction-new-hope-police","locatedBy":"osm-intersection","ambiguousJunction":false,"statute":"Minn. Stat. § 13.824, subd. 8","sourceUrl":"https://dps.mn.gov/divisions/bca/data-and-reports/agencies-use-lprs-lpr"}}},{"type":"Feature","geometry":{"type":"Point","coordinates":[-93.3803408,45.007329999999996]},"properties":{"id":"alpr-reported-new-hope-police-department-winnetka-avenue-at-medicine-lake-road","layer":"alpr_reported","name":"Reported ALPR — Winnetka Avenue at Medicine Lake Road","county":"Hennepin County","state":"MN","countyFips":"27053","confidence":"confirmed","sourceDate":null,"attributes":{"agencyName":"New Hope Police Department","reportedLocation":"Winnetka Avenue at Medicine Lake Road","jurisdictionId":"agency-jurisdiction-new-hope-police","locatedBy":"osm-intersection","ambiguousJunction":false,"statute":"Minn. Stat. § 13.824, subd. 8","sourceUrl":"https://dps.mn.gov/divisions/bca/data-and-reports/agencies-use-lprs-lpr"}}},{"type":"Feature","geometry":{"type":"Point","coordinates":[-93.3718106,45.0218937]},"properties":{"id":"alpr-reported-new-hope-police-department-36th-avenue-and-maryland-avenue","layer":"alpr_reported","name":"Reported ALPR — 36th Avenue and Maryland Avenue","county":"Hennepin County","state":"MN","countyFips":"27053","confidence":"confirmed","sourceDate":null,"attributes":{"agencyName":"New Hope Police Department","reportedLocation":"36th Avenue and Maryland Avenue","jurisdictionId":"agency-jurisdiction-new-hope-police","locatedBy":"osm-intersection","ambiguousJunction":false,"statute":"Minn. Stat. § 13.824, subd. 8","sourceUrl":"https://dps.mn.gov/divisions/bca/data-and-reports/agencies-use-lprs-lpr"}}},{"type":"Feature","geometry":{"type":"Point","coordinates":[-93.57379377500001,44.55086757499999]},"properties":{"id":"alpr-reported-new-prague-police-department-columbus-avenue-n-at-7th-street-ne","layer":"alpr_reported","name":"Reported ALPR — Columbus Avenue N. at 7th Street NE","county":"Scott County","state":"MN","countyFips":"27139","confidence":"confirmed","sourceDate":null,"attributes":{"agencyName":"New Prague Police Department","reportedLocation":"Columbus Avenue N. at 7th Street NE","jurisdictionId":"agency-jurisdiction-new-prague-police","locatedBy":"osm-intersection","ambiguousJunction":false,"statute":"Minn. Stat. § 13.824, subd. 8","sourceUrl":"https://dps.mn.gov/divisions/bca/data-and-reports/agencies-use-lprs-lpr"}}},{"type":"Feature","geometry":{"type":"Point","coordinates":[-93.56148495,44.5435067]},"properties":{"id":"alpr-reported-new-prague-police-department-10th-avenue-se-at-main-street-e","layer":"alpr_reported","name":"Reported ALPR — 10th Avenue SE at Main Street E.","county":"Scott County","state":"MN","countyFips":"27139","confidence":"confirmed","sourceDate":null,"attributes":{"agencyName":"New Prague Police Department","reportedLocation":"10th Avenue SE at Main Street E.","jurisdictionId":"agency-jurisdiction-new-prague-police","locatedBy":"osm-intersection","ambiguousJunction":false,"statute":"Minn. Stat. § 13.824, subd. 8","sourceUrl":"https://dps.mn.gov/divisions/bca/data-and-reports/agencies-use-lprs-lpr"}}},{"type":"Feature","geometry":{"type":"Point","coordinates":[-92.980278,45.470429]},"properties":{"id":"alpr-reported-north-branch-police-department-forest-boulevard-at-360th-street","layer":"alpr_reported","name":"Reported ALPR — Forest Boulevard at 360th Street","county":"Chisago County","state":"MN","countyFips":"27025","confidence":"confirmed","sourceDate":null,"attributes":{"agencyName":"North Branch Police Department","reportedLocation":"Forest Boulevard at 360th Street","jurisdictionId":"agency-jurisdiction-north-branch-police","locatedBy":"osm-intersection","ambiguousJunction":false,"statute":"Minn. Stat. § 13.824, subd. 8","sourceUrl":"https://dps.mn.gov/divisions/bca/data-and-reports/agencies-use-lprs-lpr"}}},{"type":"Feature","geometry":{"type":"Point","coordinates":[-92.9776637,45.5571721]},"properties":{"id":"alpr-reported-north-branch-police-department-forest-boulevard-at-420th-street","layer":"alpr_reported","name":"Reported ALPR — Forest Boulevard at 420th Street","county":"Chisago County","state":"MN","countyFips":"27025","confidence":"confirmed","sourceDate":null,"attributes":{"agencyName":"North Branch Police Department","reportedLocation":"Forest Boulevard at 420th Street","jurisdictionId":"agency-jurisdiction-north-branch-police","locatedBy":"osm-intersection","ambiguousJunction":false,"statute":"Minn. Stat. § 13.824, subd. 8","sourceUrl":"https://dps.mn.gov/divisions/bca/data-and-reports/agencies-use-lprs-lpr"}}},{"type":"Feature","geometry":{"type":"Point","coordinates":[-92.918703,45.470012]},"properties":{"id":"alpr-reported-north-branch-police-department-lincoln-trail-at-360th-street","layer":"alpr_reported","name":"Reported ALPR — Lincoln Trail at 360th Street","county":"Chisago County","state":"MN","countyFips":"27025","confidence":"confirmed","sourceDate":null,"attributes":{"agencyName":"North Branch Police Department","reportedLocation":"Lincoln Trail at 360th Street","jurisdictionId":"agency-jurisdiction-north-branch-police","locatedBy":"osm-intersection","ambiguousJunction":false,"statute":"Minn. Stat. § 13.824, subd. 8","sourceUrl":"https://dps.mn.gov/divisions/bca/data-and-reports/agencies-use-lprs-lpr"}}},{"type":"Feature","geometry":{"type":"Point","coordinates":[-93.4020985,45.1221608]},"properties":{"id":"alpr-reported-osseo-police-department-central-avenue-at-6th-street-northeast-northbound","layer":"alpr_reported","name":"Reported ALPR — Central Avenue at 6th Street Northeast northbound","county":"Hennepin County","state":"MN","countyFips":"27053","confidence":"confirmed","sourceDate":null,"attributes":{"agencyName":"Osseo Police Department","reportedLocation":"Central Avenue at 6th Street Northeast northbound","jurisdictionId":"agency-jurisdiction-osseo-police","locatedBy":"osm-intersection","ambiguousJunction":false,"statute":"Minn. Stat. § 13.824, subd. 8","sourceUrl":"https://dps.mn.gov/divisions/bca/data-and-reports/agencies-use-lprs-lpr"}}},{"type":"Feature","geometry":{"type":"Point","coordinates":[-93.4020785,45.1232401]},"properties":{"id":"alpr-reported-osseo-police-department-central-avenue-at-93rd-avenue-north-county-road-30-southbound","layer":"alpr_reported","name":"Reported ALPR — Central Avenue at 93rd Avenue North (County Road 30) southbound","county":"Hennepin County","state":"MN","countyFips":"27053","confidence":"confirmed","sourceDate":null,"attributes":{"agencyName":"Osseo Police Department","reportedLocation":"Central Avenue at 93rd Avenue North (County Road 30) southbound","jurisdictionId":"agency-jurisdiction-osseo-police","locatedBy":"osm-intersection","ambiguousJunction":false,"statute":"Minn. Stat. § 13.824, subd. 8","sourceUrl":"https://dps.mn.gov/divisions/bca/data-and-reports/agencies-use-lprs-lpr"}}},{"type":"Feature","geometry":{"type":"Point","coordinates":[-93.4022405,45.1160814]},"properties":{"id":"alpr-reported-osseo-police-department-central-avenue-at-county-road-81-northbound","layer":"alpr_reported","name":"Reported ALPR — Central Avenue at County Road 81 northbound","county":"Hennepin County","state":"MN","countyFips":"27053","confidence":"confirmed","sourceDate":null,"attributes":{"agencyName":"Osseo Police Department","reportedLocation":"Central Avenue at County Road 81 northbound","jurisdictionId":"agency-jurisdiction-osseo-police","locatedBy":"osm-intersection","ambiguousJunction":false,"statute":"Minn. Stat. § 13.824, subd. 8","sourceUrl":"https://dps.mn.gov/divisions/bca/data-and-reports/agencies-use-lprs-lpr"}}},{"type":"Feature","geometry":{"type":"Point","coordinates":[-93.4021944,45.1170969]},"properties":{"id":"alpr-reported-osseo-police-department-central-avenue-at-1st-street-northwest-southbound","layer":"alpr_reported","name":"Reported ALPR — Central Avenue at 1st Street Northwest southbound","county":"Hennepin County","state":"MN","countyFips":"27053","confidence":"confirmed","sourceDate":null,"attributes":{"agencyName":"Osseo Police Department","reportedLocation":"Central Avenue at 1st Street Northwest southbound","jurisdictionId":"agency-jurisdiction-osseo-police","locatedBy":"osm-intersection","ambiguousJunction":false,"statute":"Minn. Stat. § 13.824, subd. 8","sourceUrl":"https://dps.mn.gov/divisions/bca/data-and-reports/agencies-use-lprs-lpr"}}},{"type":"Feature","geometry":{"type":"Point","coordinates":[-93.226102,44.061805]},"properties":{"id":"alpr-reported-owatonna-police-department-south-cedar-at-22nd-street-northbound","layer":"alpr_reported","name":"Reported ALPR — South Cedar at 22nd Street northbound","county":"Steele County","state":"MN","countyFips":"27147","confidence":"confirmed","sourceDate":null,"attributes":{"agencyName":"Owatonna Police Department","reportedLocation":"South Cedar at 22nd Street northbound","jurisdictionId":null,"locatedBy":"osm-intersection","ambiguousJunction":false,"statute":"Minn. Stat. § 13.824, subd. 8","sourceUrl":"https://dps.mn.gov/divisions/bca/data-and-reports/agencies-use-lprs-lpr"}}},{"type":"Feature","geometry":{"type":"Point","coordinates":[-93.24232018333333,44.109989816666676]},"properties":{"id":"alpr-reported-owatonna-police-department-26th-street-northwest-at-county-road-45-eastbound","layer":"alpr_reported","name":"Reported ALPR — 26th Street northwest at County Road 45 eastbound","county":"Steele County","state":"MN","countyFips":"27147","confidence":"confirmed","sourceDate":null,"attributes":{"agencyName":"Owatonna Police Department","reportedLocation":"26th Street northwest at County Road 45 eastbound","jurisdictionId":null,"locatedBy":"osm-intersection","ambiguousJunction":false,"statute":"Minn. Stat. § 13.824, subd. 8","sourceUrl":"https://dps.mn.gov/divisions/bca/data-and-reports/agencies-use-lprs-lpr"}}},{"type":"Feature","geometry":{"type":"Point","coordinates":[-93.195218875,44.066307195]},"properties":{"id":"alpr-reported-owatonna-police-department-bixby-road-at-18th-street-northbound","layer":"alpr_reported","name":"Reported ALPR — Bixby Road at 18th Street northbound","county":"Steele County","state":"MN","countyFips":"27147","confidence":"confirmed","sourceDate":null,"attributes":{"agencyName":"Owatonna Police Department","reportedLocation":"Bixby Road at 18th Street northbound","jurisdictionId":null,"locatedBy":"osm-intersection","ambiguousJunction":false,"statute":"Minn. Stat. § 13.824, subd. 8","sourceUrl":"https://dps.mn.gov/divisions/bca/data-and-reports/agencies-use-lprs-lpr"}}},{"type":"Feature","geometry":{"type":"Point","coordinates":[-93.226619,44.107857]},"properties":{"id":"alpr-reported-owatonna-police-department-north-cedar-avenue-at-24th-street-southbound","layer":"alpr_reported","name":"Reported ALPR — North Cedar Avenue at 24th Street southbound","county":"Steele County","state":"MN","countyFips":"27147","confidence":"confirmed","sourceDate":null,"attributes":{"agencyName":"Owatonna Police Department","reportedLocation":"North Cedar Avenue at 24th Street southbound","jurisdictionId":null,"locatedBy":"osm-intersection","ambiguousJunction":false,"statute":"Minn. Stat. § 13.824, subd. 8","sourceUrl":"https://dps.mn.gov/divisions/bca/data-and-reports/agencies-use-lprs-lpr"}}},{"type":"Feature","geometry":{"type":"Point","coordinates":[-92.1793029,44.15794]},"properties":{"id":"alpr-reported-plainview-police-department-minnesota-highway-42-at-10th-street-sw","layer":"alpr_reported","name":"Reported ALPR — Minnesota Highway 42 at 10th Street SW","county":"Wabasha County","state":"MN","countyFips":"27157","confidence":"confirmed","sourceDate":null,"attributes":{"agencyName":"Plainview Police Department","reportedLocation":"Minnesota Highway 42 at 10th Street SW","jurisdictionId":null,"locatedBy":"osm-intersection","ambiguousJunction":false,"statute":"Minn. Stat. § 13.824, subd. 8","sourceUrl":"https://dps.mn.gov/divisions/bca/data-and-reports/agencies-use-lprs-lpr"}}},{"type":"Feature","geometry":{"type":"Point","coordinates":[-92.189532,44.165051]},"properties":{"id":"alpr-reported-plainview-police-department-minnesota-highway-247-at-west-broadway","layer":"alpr_reported","name":"Reported ALPR — Minnesota Highway 247 at West Broadway","county":"Wabasha County","state":"MN","countyFips":"27157","confidence":"confirmed","sourceDate":null,"attributes":{"agencyName":"Plainview Police Department","reportedLocation":"Minnesota Highway 247 at West Broadway","jurisdictionId":null,"locatedBy":"osm-intersection","ambiguousJunction":false,"statute":"Minn. Stat. § 13.824, subd. 8","sourceUrl":"https://dps.mn.gov/divisions/bca/data-and-reports/agencies-use-lprs-lpr"}}},{"type":"Feature","geometry":{"type":"Point","coordinates":[-93.452696,44.9818106]},"properties":{"id":"alpr-reported-plymouth-police-department-xenium-lane-at-sunset-trail","layer":"alpr_reported","name":"Reported ALPR — Xenium Lane at Sunset Trail","county":"Hennepin County","state":"MN","countyFips":"27053","confidence":"confirmed","sourceDate":null,"attributes":{"agencyName":"Plymouth Police Department","reportedLocation":"Xenium Lane at Sunset Trail","jurisdictionId":"agency-jurisdiction-plymouth-police","locatedBy":"osm-intersection","ambiguousJunction":false,"statute":"Minn. Stat. § 13.824, subd. 8","sourceUrl":"https://dps.mn.gov/divisions/bca/data-and-reports/agencies-use-lprs-lpr"}}},{"type":"Feature","geometry":{"type":"Point","coordinates":[-93.4538788,44.996731999999994]},"properties":{"id":"alpr-reported-plymouth-police-department-county-road-6-at-annapolis-lane","layer":"alpr_reported","name":"Reported ALPR — County Road 6 at Annapolis Lane","county":"Hennepin County","state":"MN","countyFips":"27053","confidence":"confirmed","sourceDate":null,"attributes":{"agencyName":"Plymouth Police Department","reportedLocation":"County Road 6 at Annapolis Lane","jurisdictionId":"agency-jurisdiction-plymouth-police","locatedBy":"osm-intersection","ambiguousJunction":false,"statute":"Minn. Stat. § 13.824, subd. 8","sourceUrl":"https://dps.mn.gov/divisions/bca/data-and-reports/agencies-use-lprs-lpr"}}},{"type":"Feature","geometry":{"type":"Point","coordinates":[-93.4028551,45.0220309]},"properties":{"id":"alpr-reported-plymouth-police-department-36th-avenue-at-lancaster-lane","layer":"alpr_reported","name":"Reported ALPR — 36th Avenue at Lancaster Lane","county":"Hennepin County","state":"MN","countyFips":"27053","confidence":"confirmed","sourceDate":null,"attributes":{"agencyName":"Plymouth Police Department","reportedLocation":"36th Avenue at Lancaster Lane","jurisdictionId":"agency-jurisdiction-plymouth-police","locatedBy":"osm-intersection","ambiguousJunction":false,"statute":"Minn. Stat. § 13.824, subd. 8","sourceUrl":"https://dps.mn.gov/divisions/bca/data-and-reports/agencies-use-lprs-lpr"}}},{"type":"Feature","geometry":{"type":"Point","coordinates":[-93.5020883,44.9804569]},"properties":{"id":"alpr-reported-plymouth-police-department-county-road-101-at-1st-avenue-north","layer":"alpr_reported","name":"Reported ALPR — County Road 101 at 1st Avenue North","county":"Hennepin County","state":"MN","countyFips":"27053","confidence":"confirmed","sourceDate":null,"attributes":{"agencyName":"Plymouth Police Department","reportedLocation":"County Road 101 at 1st Avenue North","jurisdictionId":"agency-jurisdiction-plymouth-police","locatedBy":"osm-intersection","ambiguousJunction":false,"statute":"Minn. Stat. § 13.824, subd. 8","sourceUrl":"https://dps.mn.gov/divisions/bca/data-and-reports/agencies-use-lprs-lpr"}}},{"type":"Feature","geometry":{"type":"Point","coordinates":[-93.40852337499999,45.0333117]},"properties":{"id":"alpr-reported-plymouth-police-department-rockford-road-at-nathan-lane","layer":"alpr_reported","name":"Reported ALPR — Rockford Road at Nathan Lane","county":"Hennepin County","state":"MN","countyFips":"27053","confidence":"confirmed","sourceDate":null,"attributes":{"agencyName":"Plymouth Police Department","reportedLocation":"Rockford Road at Nathan Lane","jurisdictionId":"agency-jurisdiction-plymouth-police","locatedBy":"osm-intersection","ambiguousJunction":false,"statute":"Minn. Stat. § 13.824, subd. 8","sourceUrl":"https://dps.mn.gov/divisions/bca/data-and-reports/agencies-use-lprs-lpr"}}},{"type":"Feature","geometry":{"type":"Point","coordinates":[-93.40859551999999,45.03323548]},"properties":{"id":"alpr-reported-plymouth-police-department-lancaster-lane-at-rockford-road","layer":"alpr_reported","name":"Reported ALPR — Lancaster Lane at Rockford Road","county":"Hennepin County","state":"MN","countyFips":"27053","confidence":"confirmed","sourceDate":null,"attributes":{"agencyName":"Plymouth Police Department","reportedLocation":"Lancaster Lane at Rockford Road","jurisdictionId":"agency-jurisdiction-plymouth-police","locatedBy":"osm-intersection","ambiguousJunction":false,"statute":"Minn. Stat. § 13.824, subd. 8","sourceUrl":"https://dps.mn.gov/divisions/bca/data-and-reports/agencies-use-lprs-lpr"}}},{"type":"Feature","geometry":{"type":"Point","coordinates":[-93.46154050000001,44.996635375000004]},"properties":{"id":"alpr-reported-plymouth-police-department-county-road-6-at-fernbrook-lane","layer":"alpr_reported","name":"Reported ALPR — County Road 6 at Fernbrook Lane","county":"Hennepin County","state":"MN","countyFips":"27053","confidence":"confirmed","sourceDate":null,"attributes":{"agencyName":"Plymouth Police Department","reportedLocation":"County Road 6 at Fernbrook Lane","jurisdictionId":"agency-jurisdiction-plymouth-police","locatedBy":"osm-intersection","ambiguousJunction":false,"statute":"Minn. Stat. § 13.824, subd. 8","sourceUrl":"https://dps.mn.gov/divisions/bca/data-and-reports/agencies-use-lprs-lpr"}}},{"type":"Feature","geometry":{"type":"Point","coordinates":[-93.44876231428573,45.02795772857143]},"properties":{"id":"alpr-reported-plymouth-police-department-vinewood-lane-at-rockford-road","layer":"alpr_reported","name":"Reported ALPR — Vinewood Lane at Rockford Road","county":"Hennepin County","state":"MN","countyFips":"27053","confidence":"confirmed","sourceDate":null,"attributes":{"agencyName":"Plymouth Police Department","reportedLocation":"Vinewood Lane at Rockford Road","jurisdictionId":"agency-jurisdiction-plymouth-police","locatedBy":"osm-intersection","ambiguousJunction":false,"statute":"Minn. Stat. § 13.824, subd. 8","sourceUrl":"https://dps.mn.gov/divisions/bca/data-and-reports/agencies-use-lprs-lpr"}}},{"type":"Feature","geometry":{"type":"Point","coordinates":[-93.43841646666668,45.06279305]},"properties":{"id":"alpr-reported-plymouth-police-department-northwest-boulevard-at-bass-lake-road-southbound","layer":"alpr_reported","name":"Reported ALPR — Northwest Boulevard at Bass Lake Road (southbound)","county":"Hennepin County","state":"MN","countyFips":"27053","confidence":"confirmed","sourceDate":null,"attributes":{"agencyName":"Plymouth Police Department","reportedLocation":"Northwest Boulevard at Bass Lake Road (southbound)","jurisdictionId":"agency-jurisdiction-plymouth-police","locatedBy":"osm-intersection","ambiguousJunction":false,"statute":"Minn. Stat. § 13.824, subd. 8","sourceUrl":"https://dps.mn.gov/divisions/bca/data-and-reports/agencies-use-lprs-lpr"}}},{"type":"Feature","geometry":{"type":"Point","coordinates":[-93.46968290000002,44.74037721999999]},"properties":{"id":"alpr-reported-prior-lake-police-department-wilds-parkway-northwest-at-mystic-lake-drive","layer":"alpr_reported","name":"Reported ALPR — Wilds Parkway Northwest at Mystic Lake Drive","county":"Scott County","state":"MN","countyFips":"27139","confidence":"confirmed","sourceDate":null,"attributes":{"agencyName":"Prior Lake Police Department","reportedLocation":"Wilds Parkway Northwest at Mystic Lake Drive","jurisdictionId":"agency-jurisdiction-prior-lake-police","locatedBy":"osm-intersection","ambiguousJunction":false,"statute":"Minn. Stat. § 13.824, subd. 8","sourceUrl":"https://dps.mn.gov/divisions/bca/data-and-reports/agencies-use-lprs-lpr"}}},{"type":"Feature","geometry":{"type":"Point","coordinates":[-93.45027606666667,44.74685313333333]},"properties":{"id":"alpr-reported-prior-lake-police-department-mckenna-road-at-140th-street-northwest","layer":"alpr_reported","name":"Reported ALPR — McKenna Road at 140th Street Northwest","county":"Scott County","state":"MN","countyFips":"27139","confidence":"confirmed","sourceDate":null,"attributes":{"agencyName":"Prior Lake Police Department","reportedLocation":"McKenna Road at 140th Street Northwest","jurisdictionId":"agency-jurisdiction-prior-lake-police","locatedBy":"osm-intersection","ambiguousJunction":false,"statute":"Minn. Stat. § 13.824, subd. 8","sourceUrl":"https://dps.mn.gov/divisions/bca/data-and-reports/agencies-use-lprs-lpr"}}},{"type":"Feature","geometry":{"type":"Point","coordinates":[-93.45897819999999,44.7249121]},"properties":{"id":"alpr-reported-prior-lake-police-department-bobcat-trail-northwest-at-154th-street","layer":"alpr_reported","name":"Reported ALPR — Bobcat Trail Northwest at 154th Street","county":"Scott County","state":"MN","countyFips":"27139","confidence":"confirmed","sourceDate":null,"attributes":{"agencyName":"Prior Lake Police Department","reportedLocation":"Bobcat Trail Northwest at 154th Street","jurisdictionId":"agency-jurisdiction-prior-lake-police","locatedBy":"osm-intersection","ambiguousJunction":false,"statute":"Minn. Stat. § 13.824, subd. 8","sourceUrl":"https://dps.mn.gov/divisions/bca/data-and-reports/agencies-use-lprs-lpr"}}},{"type":"Feature","geometry":{"type":"Point","coordinates":[-93.4423364,44.7247098]},"properties":{"id":"alpr-reported-prior-lake-police-department-majestic-lane-northwest-at-154th-street","layer":"alpr_reported","name":"Reported ALPR — Majestic Lane Northwest at 154th Street","county":"Scott County","state":"MN","countyFips":"27139","confidence":"confirmed","sourceDate":null,"attributes":{"agencyName":"Prior Lake Police Department","reportedLocation":"Majestic Lane Northwest at 154th Street","jurisdictionId":"agency-jurisdiction-prior-lake-police","locatedBy":"osm-intersection","ambiguousJunction":false,"statute":"Minn. Stat. § 13.824, subd. 8","sourceUrl":"https://dps.mn.gov/divisions/bca/data-and-reports/agencies-use-lprs-lpr"}}},{"type":"Feature","geometry":{"type":"Point","coordinates":[-93.056349,45.1045838]},"properties":{"id":"alpr-reported-ramsey-county-sheriff-s-office-spring-farm-road-and-centerville-road-in-north-oaks","layer":"alpr_reported","name":"Reported ALPR — Spring Farm Road and Centerville Road in North Oaks","county":"Ramsey County","state":"MN","countyFips":"27123","confidence":"confirmed","sourceDate":null,"attributes":{"agencyName":"Ramsey County Sheriff's Office","reportedLocation":"Spring Farm Road and Centerville Road in North Oaks","jurisdictionId":"agency-jurisdiction-ramsey-county-sheriff","locatedBy":"osm-intersection","ambiguousJunction":false,"statute":"Minn. Stat. § 13.824, subd. 8","sourceUrl":"https://dps.mn.gov/divisions/bca/data-and-reports/agencies-use-lprs-lpr"}}},{"type":"Feature","geometry":{"type":"Point","coordinates":[-93.05968039999999,45.120632549999996]},"properties":{"id":"alpr-reported-ramsey-county-sheriff-s-office-phoebe-lane-and-wilkinson-lake-boulevard-in-north-oaks","layer":"alpr_reported","name":"Reported ALPR — Phoebe Lane and Wilkinson Lake Boulevard in North Oaks","county":"Ramsey County","state":"MN","countyFips":"27123","confidence":"confirmed","sourceDate":null,"attributes":{"agencyName":"Ramsey County Sheriff's Office","reportedLocation":"Phoebe Lane and Wilkinson Lake Boulevard in North Oaks","jurisdictionId":"agency-jurisdiction-ramsey-county-sheriff","locatedBy":"osm-intersection","ambiguousJunction":false,"statute":"Minn. Stat. § 13.824, subd. 8","sourceUrl":"https://dps.mn.gov/divisions/bca/data-and-reports/agencies-use-lprs-lpr"}}},{"type":"Feature","geometry":{"type":"Point","coordinates":[-93.058607,45.1194604]},"properties":{"id":"alpr-reported-ramsey-county-sheriff-s-office-kestrel-court-and-wilkinson-lake-boulevard-in-north-oaks","layer":"alpr_reported","name":"Reported ALPR — Kestrel Court and Wilkinson Lake Boulevard in North Oaks","county":"Ramsey County","state":"MN","countyFips":"27123","confidence":"confirmed","sourceDate":null,"attributes":{"agencyName":"Ramsey County Sheriff's Office","reportedLocation":"Kestrel Court and Wilkinson Lake Boulevard in North Oaks","jurisdictionId":"agency-jurisdiction-ramsey-county-sheriff","locatedBy":"osm-intersection","ambiguousJunction":false,"statute":"Minn. Stat. § 13.824, subd. 8","sourceUrl":"https://dps.mn.gov/divisions/bca/data-and-reports/agencies-use-lprs-lpr"}}},{"type":"Feature","geometry":{"type":"Point","coordinates":[-93.0575847,45.119066700000005]},"properties":{"id":"alpr-reported-ramsey-county-sheriff-s-office-osprey-court-and-wilkinson-lake-boulevard-in-north-oaks","layer":"alpr_reported","name":"Reported ALPR — Osprey Court and Wilkinson Lake Boulevard in North Oaks","county":"Ramsey County","state":"MN","countyFips":"27123","confidence":"confirmed","sourceDate":null,"attributes":{"agencyName":"Ramsey County Sheriff's Office","reportedLocation":"Osprey Court and Wilkinson Lake Boulevard in North Oaks","jurisdictionId":"agency-jurisdiction-ramsey-county-sheriff","locatedBy":"osm-intersection","ambiguousJunction":false,"statute":"Minn. Stat. § 13.824, subd. 8","sourceUrl":"https://dps.mn.gov/divisions/bca/data-and-reports/agencies-use-lprs-lpr"}}},{"type":"Feature","geometry":{"type":"Point","coordinates":[-93.040553,45.0386448]},"properties":{"id":"alpr-reported-ramsey-county-sheriff-s-office-minnesota-highway-61-and-fanum-road-northbound-in-vadnais-heights","layer":"alpr_reported","name":"Reported ALPR — Minnesota Highway 61 and Fanum Road northbound in Vadnais Heights","county":"Ramsey County","state":"MN","countyFips":"27123","confidence":"confirmed","sourceDate":null,"attributes":{"agencyName":"Ramsey County Sheriff's Office","reportedLocation":"Minnesota Highway 61 and Fanum Road northbound in Vadnais Heights","jurisdictionId":"agency-jurisdiction-ramsey-county-sheriff","locatedBy":"osm-intersection","ambiguousJunction":false,"statute":"Minn. Stat. § 13.824, subd. 8","sourceUrl":"https://dps.mn.gov/divisions/bca/data-and-reports/agencies-use-lprs-lpr"}}},{"type":"Feature","geometry":{"type":"Point","coordinates":[-93.44976530000001,45.2323753]},"properties":{"id":"alpr-reported-ramsey-police-department-ramsey-boulevard-nw-and-sunwood-drive-nw","layer":"alpr_reported","name":"Reported ALPR — Ramsey Boulevard NW and Sunwood Drive NW","county":"Anoka County","state":"MN","countyFips":"27003","confidence":"confirmed","sourceDate":null,"attributes":{"agencyName":"Ramsey Police Department","reportedLocation":"Ramsey Boulevard NW and Sunwood Drive NW","jurisdictionId":"agency-jurisdiction-ramsey-police","locatedBy":"osm-intersection","ambiguousJunction":false,"statute":"Minn. Stat. § 13.824, subd. 8","sourceUrl":"https://dps.mn.gov/divisions/bca/data-and-reports/agencies-use-lprs-lpr"}}},{"type":"Feature","geometry":{"type":"Point","coordinates":[-92.5287218,44.563207]},"properties":{"id":"alpr-reported-red-wing-police-department-plum-street-at-7th-street","layer":"alpr_reported","name":"Reported ALPR — Plum Street at 7th Street","county":"Goodhue County","state":"MN","countyFips":"27049","confidence":"confirmed","sourceDate":null,"attributes":{"agencyName":"Red Wing Police Department","reportedLocation":"Plum Street at 7th Street","jurisdictionId":null,"locatedBy":"osm-intersection","ambiguousJunction":false,"statute":"Minn. Stat. § 13.824, subd. 8","sourceUrl":"https://dps.mn.gov/divisions/bca/data-and-reports/agencies-use-lprs-lpr"}}},{"type":"Feature","geometry":{"type":"Point","coordinates":[-92.5681199,44.551351399999994]},"properties":{"id":"alpr-reported-red-wing-police-department-bench-street-at-featherstone-road","layer":"alpr_reported","name":"Reported ALPR — Bench Street at Featherstone Road","county":"Goodhue County","state":"MN","countyFips":"27049","confidence":"confirmed","sourceDate":null,"attributes":{"agencyName":"Red Wing Police Department","reportedLocation":"Bench Street at Featherstone Road","jurisdictionId":null,"locatedBy":"osm-intersection","ambiguousJunction":false,"statute":"Minn. Stat. § 13.824, subd. 8","sourceUrl":"https://dps.mn.gov/divisions/bca/data-and-reports/agencies-use-lprs-lpr"}}},{"type":"Feature","geometry":{"type":"Point","coordinates":[-92.58531813333333,44.56608753333334]},"properties":{"id":"alpr-reported-red-wing-police-department-tyler-road-south-at-lawrence-street","layer":"alpr_reported","name":"Reported ALPR — Tyler Road South at Lawrence Street","county":"Goodhue County","state":"MN","countyFips":"27049","confidence":"confirmed","sourceDate":null,"attributes":{"agencyName":"Red Wing Police Department","reportedLocation":"Tyler Road South at Lawrence Street","jurisdictionId":null,"locatedBy":"osm-intersection","ambiguousJunction":false,"statute":"Minn. Stat. § 13.824, subd. 8","sourceUrl":"https://dps.mn.gov/divisions/bca/data-and-reports/agencies-use-lprs-lpr"}}},{"type":"Feature","geometry":{"type":"Point","coordinates":[-95.0240409,44.7780978]},"properties":{"id":"alpr-reported-renville-county-sheriff-s-office-west-lincoln-avenue-at-26th-street-in-olivia","layer":"alpr_reported","name":"Reported ALPR — West Lincoln Avenue at 26th Street in Olivia","county":"Renville County","state":"MN","countyFips":"27129","confidence":"confirmed","sourceDate":null,"attributes":{"agencyName":"Renville County Sheriff's Office","reportedLocation":"West Lincoln Avenue at 26th Street in Olivia","jurisdictionId":null,"locatedBy":"osm-intersection","ambiguousJunction":false,"statute":"Minn. Stat. § 13.824, subd. 8","sourceUrl":"https://dps.mn.gov/divisions/bca/data-and-reports/agencies-use-lprs-lpr"}}},{"type":"Feature","geometry":{"type":"Point","coordinates":[-93.2883672,44.8887984]},"properties":{"id":"alpr-reported-richfield-police-department-lyndale-avenue-south-and-west-63rd-street","layer":"alpr_reported","name":"Reported ALPR — Lyndale Avenue South and West 63rd Street","county":"Hennepin County","state":"MN","countyFips":"27053","confidence":"confirmed","sourceDate":null,"attributes":{"agencyName":"Richfield Police Department","reportedLocation":"Lyndale Avenue South and West 63rd Street","jurisdictionId":"agency-jurisdiction-richfield-police","locatedBy":"osm-intersection","ambiguousJunction":false,"statute":"Minn. Stat. § 13.824, subd. 8","sourceUrl":"https://dps.mn.gov/divisions/bca/data-and-reports/agencies-use-lprs-lpr"}}},{"type":"Feature","geometry":{"type":"Point","coordinates":[-93.28836592500001,44.863767325]},"properties":{"id":"alpr-reported-richfield-police-department-lyndale-avenue-south-and-west-77th-street","layer":"alpr_reported","name":"Reported ALPR — Lyndale Avenue South and West 77th Street","county":"Hennepin County","state":"MN","countyFips":"27053","confidence":"confirmed","sourceDate":null,"attributes":{"agencyName":"Richfield Police Department","reportedLocation":"Lyndale Avenue South and West 77th Street","jurisdictionId":"agency-jurisdiction-richfield-police","locatedBy":"osm-intersection","ambiguousJunction":false,"statute":"Minn. Stat. § 13.824, subd. 8","sourceUrl":"https://dps.mn.gov/divisions/bca/data-and-reports/agencies-use-lprs-lpr"}}},{"type":"Feature","geometry":{"type":"Point","coordinates":[-93.249148125,44.863873375]},"properties":{"id":"alpr-reported-richfield-police-department-east-77th-street-and-richfield-parkway","layer":"alpr_reported","name":"Reported ALPR — East 77th Street and Richfield Parkway","county":"Hennepin County","state":"MN","countyFips":"27053","confidence":"confirmed","sourceDate":null,"attributes":{"agencyName":"Richfield Police Department","reportedLocation":"East 77th Street and Richfield Parkway","jurisdictionId":"agency-jurisdiction-richfield-police","locatedBy":"osm-intersection","ambiguousJunction":false,"statute":"Minn. Stat. § 13.824, subd. 8","sourceUrl":"https://dps.mn.gov/divisions/bca/data-and-reports/agencies-use-lprs-lpr"}}},{"type":"Feature","geometry":{"type":"Point","coordinates":[-93.2491675,44.8834731]},"properties":{"id":"alpr-reported-richfield-police-department-east-66th-street-and-richfield-parkway","layer":"alpr_reported","name":"Reported ALPR — East 66th Street and Richfield Parkway","county":"Hennepin County","state":"MN","countyFips":"27053","confidence":"confirmed","sourceDate":null,"attributes":{"agencyName":"Richfield Police Department","reportedLocation":"East 66th Street and Richfield Parkway","jurisdictionId":"agency-jurisdiction-richfield-police","locatedBy":"osm-intersection","ambiguousJunction":false,"statute":"Minn. Stat. § 13.824, subd. 8","sourceUrl":"https://dps.mn.gov/divisions/bca/data-and-reports/agencies-use-lprs-lpr"}}},{"type":"Feature","geometry":{"type":"Point","coordinates":[-93.3086679,44.8889403]},"properties":{"id":"alpr-reported-richfield-police-department-penn-avenue-south-and-west-63rd-street","layer":"alpr_reported","name":"Reported ALPR — Penn Avenue South and West 63rd Street","county":"Hennepin County","state":"MN","countyFips":"27053","confidence":"confirmed","sourceDate":null,"attributes":{"agencyName":"Richfield Police Department","reportedLocation":"Penn Avenue South and West 63rd Street","jurisdictionId":"agency-jurisdiction-richfield-police","locatedBy":"osm-intersection","ambiguousJunction":false,"statute":"Minn. Stat. § 13.824, subd. 8","sourceUrl":"https://dps.mn.gov/divisions/bca/data-and-reports/agencies-use-lprs-lpr"}}},{"type":"Feature","geometry":{"type":"Point","coordinates":[-92.4973449,44.0653197]},"properties":{"id":"alpr-reported-rochester-police-department-41st-street-at-east-frontage-road-northwest","layer":"alpr_reported","name":"Reported ALPR — 41st Street at East Frontage Road Northwest","county":"Olmsted County","state":"MN","countyFips":"27109","confidence":"confirmed","sourceDate":null,"attributes":{"agencyName":"Rochester Police Department","reportedLocation":"41st Street at East Frontage Road Northwest","jurisdictionId":null,"locatedBy":"osm-intersection","ambiguousJunction":true,"statute":"Minn. Stat. § 13.824, subd. 8","sourceUrl":"https://dps.mn.gov/divisions/bca/data-and-reports/agencies-use-lprs-lpr"}}},{"type":"Feature","geometry":{"type":"Point","coordinates":[-92.4889296,44.0652702]},"properties":{"id":"alpr-reported-rochester-police-department-41st-street-at-18th-avenue-northwest","layer":"alpr_reported","name":"Reported ALPR — 41st Street at 18th Avenue Northwest","county":"Olmsted County","state":"MN","countyFips":"27109","confidence":"confirmed","sourceDate":null,"attributes":{"agencyName":"Rochester Police Department","reportedLocation":"41st Street at 18th Avenue Northwest","jurisdictionId":null,"locatedBy":"osm-intersection","ambiguousJunction":false,"statute":"Minn. Stat. § 13.824, subd. 8","sourceUrl":"https://dps.mn.gov/divisions/bca/data-and-reports/agencies-use-lprs-lpr"}}},{"type":"Feature","geometry":{"type":"Point","coordinates":[-93.5526128,45.1900634]},"properties":{"id":"alpr-reported-rogers-police-department-main-street-and-john-deere-lane-southbound","layer":"alpr_reported","name":"Reported ALPR — Main Street and John Deere Lane southbound","county":"Hennepin County","state":"MN","countyFips":"27053","confidence":"confirmed","sourceDate":null,"attributes":{"agencyName":"Rogers Police Department","reportedLocation":"Main Street and John Deere Lane southbound","jurisdictionId":"agency-jurisdiction-rogers-police","locatedBy":"osm-intersection","ambiguousJunction":false,"statute":"Minn. Stat. § 13.824, subd. 8","sourceUrl":"https://dps.mn.gov/divisions/bca/data-and-reports/agencies-use-lprs-lpr"}}},{"type":"Feature","geometry":{"type":"Point","coordinates":[-93.550004,45.210268600000006]},"properties":{"id":"alpr-reported-rogers-police-department-141st-avenue-and-rogers-drive-eastbound","layer":"alpr_reported","name":"Reported ALPR — 141st Avenue and Rogers Drive eastbound","county":"Hennepin County","state":"MN","countyFips":"27053","confidence":"confirmed","sourceDate":null,"attributes":{"agencyName":"Rogers Police Department","reportedLocation":"141st Avenue and Rogers Drive eastbound","jurisdictionId":"agency-jurisdiction-rogers-police","locatedBy":"osm-intersection","ambiguousJunction":false,"statute":"Minn. Stat. § 13.824, subd. 8","sourceUrl":"https://dps.mn.gov/divisions/bca/data-and-reports/agencies-use-lprs-lpr"}}},{"type":"Feature","geometry":{"type":"Point","coordinates":[-93.55575876666667,45.2103785]},"properties":{"id":"alpr-reported-rogers-police-department-141st-avenue-north-and-northdale-boulevard-eastbound","layer":"alpr_reported","name":"Reported ALPR — 141st Avenue North and Northdale Boulevard eastbound","county":"Hennepin County","state":"MN","countyFips":"27053","confidence":"confirmed","sourceDate":null,"attributes":{"agencyName":"Rogers Police Department","reportedLocation":"141st Avenue North and Northdale Boulevard eastbound","jurisdictionId":"agency-jurisdiction-rogers-police","locatedBy":"osm-intersection","ambiguousJunction":false,"statute":"Minn. Stat. § 13.824, subd. 8","sourceUrl":"https://dps.mn.gov/divisions/bca/data-and-reports/agencies-use-lprs-lpr"}}},{"type":"Feature","geometry":{"type":"Point","coordinates":[-93.55272855000001,45.192290150000005]},"properties":{"id":"alpr-reported-rogers-police-department-main-street-and-industrial-boulevard-southbound","layer":"alpr_reported","name":"Reported ALPR — Main Street and Industrial Boulevard southbound","county":"Hennepin County","state":"MN","countyFips":"27053","confidence":"confirmed","sourceDate":null,"attributes":{"agencyName":"Rogers Police Department","reportedLocation":"Main Street and Industrial Boulevard southbound","jurisdictionId":"agency-jurisdiction-rogers-police","locatedBy":"osm-intersection","ambiguousJunction":false,"statute":"Minn. Stat. § 13.824, subd. 8","sourceUrl":"https://dps.mn.gov/divisions/bca/data-and-reports/agencies-use-lprs-lpr"}}},{"type":"Feature","geometry":{"type":"Point","coordinates":[-93.182175,45.017875]},"properties":{"id":"alpr-reported-roseville-police-department-prior-avenue-and-oakcrest-avenue","layer":"alpr_reported","name":"Reported ALPR — Prior Avenue and Oakcrest Avenue","county":"Ramsey County","state":"MN","countyFips":"27123","confidence":"confirmed","sourceDate":null,"attributes":{"agencyName":"Roseville Police Department","reportedLocation":"Prior Avenue and Oakcrest Avenue","jurisdictionId":"agency-jurisdiction-roseville-police","locatedBy":"osm-intersection","ambiguousJunction":false,"statute":"Minn. Stat. § 13.824, subd. 8","sourceUrl":"https://dps.mn.gov/divisions/bca/data-and-reports/agencies-use-lprs-lpr"}}},{"type":"Feature","geometry":{"type":"Point","coordinates":[-93.5511066,44.75982555]},"properties":{"id":"alpr-reported-shakopee-police-department-zumbro-avenue-at-highview-terrace","layer":"alpr_reported","name":"Reported ALPR — Zumbro Avenue at Highview Terrace","county":"Scott County","state":"MN","countyFips":"27139","confidence":"confirmed","sourceDate":null,"attributes":{"agencyName":"Shakopee Police Department","reportedLocation":"Zumbro Avenue at Highview Terrace","jurisdictionId":"agency-jurisdiction-shakopee-police","locatedBy":"osm-intersection","ambiguousJunction":false,"statute":"Minn. Stat. § 13.824, subd. 8","sourceUrl":"https://dps.mn.gov/divisions/bca/data-and-reports/agencies-use-lprs-lpr"}}},{"type":"Feature","geometry":{"type":"Point","coordinates":[-94.0278415,45.4255743]},"properties":{"id":"alpr-reported-sherburne-county-sheriff-s-office-state-highway-24-at-river-road-southeast-in-clear-lake","layer":"alpr_reported","name":"Reported ALPR — State Highway 24 at River Road Southeast in Clear Lake","county":"Sherburne County","state":"MN","countyFips":"27141","confidence":"confirmed","sourceDate":null,"attributes":{"agencyName":"Sherburne County Sheriff's Office","reportedLocation":"State Highway 24 at River Road Southeast in Clear Lake","jurisdictionId":"agency-jurisdiction-sherburne-county-sheriff","locatedBy":"osm-intersection","ambiguousJunction":false,"statute":"Minn. Stat. § 13.824, subd. 8","sourceUrl":"https://dps.mn.gov/divisions/bca/data-and-reports/agencies-use-lprs-lpr"}}},{"type":"Feature","geometry":{"type":"Point","coordinates":[-94.133746,45.527376]},"properties":{"id":"alpr-reported-sherburne-county-sheriff-s-office-county-road-8-at-29th-street-se-in-st-cloud","layer":"alpr_reported","name":"Reported ALPR — County Road 8 at 29th Street SE in St. Cloud","county":"Sherburne County","state":"MN","countyFips":"27141","confidence":"confirmed","sourceDate":null,"attributes":{"agencyName":"Sherburne County Sheriff's Office","reportedLocation":"County Road 8 at 29th Street SE in St. Cloud","jurisdictionId":"agency-jurisdiction-sherburne-county-sheriff","locatedBy":"osm-intersection","ambiguousJunction":false,"statute":"Minn. Stat. § 13.824, subd. 8","sourceUrl":"https://dps.mn.gov/divisions/bca/data-and-reports/agencies-use-lprs-lpr"}}},{"type":"Feature","geometry":{"type":"Point","coordinates":[-93.7888456,45.3103494]},"properties":{"id":"alpr-reported-sherburne-county-sheriff-s-office-state-highway-25-at-county-road-14-in-big-lake","layer":"alpr_reported","name":"Reported ALPR — State Highway 25 at County Road 14 in Big Lake","county":"Sherburne County","state":"MN","countyFips":"27141","confidence":"confirmed","sourceDate":null,"attributes":{"agencyName":"Sherburne County Sheriff's Office","reportedLocation":"State Highway 25 at County Road 14 in Big Lake","jurisdictionId":"agency-jurisdiction-sherburne-county-sheriff","locatedBy":"osm-intersection","ambiguousJunction":false,"statute":"Minn. Stat. § 13.824, subd. 8","sourceUrl":"https://dps.mn.gov/divisions/bca/data-and-reports/agencies-use-lprs-lpr"}}},{"type":"Feature","geometry":{"type":"Point","coordinates":[-93.062316,44.9123427]},"properties":{"id":"alpr-reported-south-st-paul-police-department-butler-avenue-and-wilde-avenue","layer":"alpr_reported","name":"Reported ALPR — Butler Avenue and Wilde Avenue","county":"Dakota County","state":"MN","countyFips":"27037","confidence":"confirmed","sourceDate":null,"attributes":{"agencyName":"South St. Paul Police Department","reportedLocation":"Butler Avenue and Wilde Avenue","jurisdictionId":"agency-jurisdiction-south-saint-paul-police","locatedBy":"osm-intersection","ambiguousJunction":false,"statute":"Minn. Stat. § 13.824, subd. 8","sourceUrl":"https://dps.mn.gov/divisions/bca/data-and-reports/agencies-use-lprs-lpr"}}},{"type":"Feature","geometry":{"type":"Point","coordinates":[-93.0627865,44.9015425]},"properties":{"id":"alpr-reported-south-st-paul-police-department-thompson-avenue-and-levander-way","layer":"alpr_reported","name":"Reported ALPR — Thompson Avenue and Levander Way","county":"Dakota County","state":"MN","countyFips":"27037","confidence":"confirmed","sourceDate":null,"attributes":{"agencyName":"South St. Paul Police Department","reportedLocation":"Thompson Avenue and Levander Way","jurisdictionId":"agency-jurisdiction-south-saint-paul-police","locatedBy":"osm-intersection","ambiguousJunction":false,"statute":"Minn. Stat. § 13.824, subd. 8","sourceUrl":"https://dps.mn.gov/divisions/bca/data-and-reports/agencies-use-lprs-lpr"}}},{"type":"Feature","geometry":{"type":"Point","coordinates":[-93.062062,44.8979553]},"properties":{"id":"alpr-reported-south-st-paul-police-department-wentworth-avenue-and-jewell-lane","layer":"alpr_reported","name":"Reported ALPR — Wentworth Avenue and Jewell Lane","county":"Dakota County","state":"MN","countyFips":"27037","confidence":"confirmed","sourceDate":null,"attributes":{"agencyName":"South St. Paul Police Department","reportedLocation":"Wentworth Avenue and Jewell Lane","jurisdictionId":"agency-jurisdiction-south-saint-paul-police","locatedBy":"osm-intersection","ambiguousJunction":false,"statute":"Minn. Stat. § 13.824, subd. 8","sourceUrl":"https://dps.mn.gov/divisions/bca/data-and-reports/agencies-use-lprs-lpr"}}},{"type":"Feature","geometry":{"type":"Point","coordinates":[-93.0592224,44.91914]},"properties":{"id":"alpr-reported-south-st-paul-police-department-concord-street-north-and-homer-street","layer":"alpr_reported","name":"Reported ALPR — Concord Street North and Homer Street","county":"Dakota County","state":"MN","countyFips":"27037","confidence":"confirmed","sourceDate":null,"attributes":{"agencyName":"South St. Paul Police Department","reportedLocation":"Concord Street North and Homer Street","jurisdictionId":"agency-jurisdiction-south-saint-paul-police","locatedBy":"osm-intersection","ambiguousJunction":false,"statute":"Minn. Stat. § 13.824, subd. 8","sourceUrl":"https://dps.mn.gov/divisions/bca/data-and-reports/agencies-use-lprs-lpr"}}},{"type":"Feature","geometry":{"type":"Point","coordinates":[-92.817952,45.053292]},"properties":{"id":"alpr-reported-stillwater-police-department-olive-street-at-william-street-westbound","layer":"alpr_reported","name":"Reported ALPR — Olive Street at William Street westbound","county":"Washington County","state":"MN","countyFips":"27163","confidence":"confirmed","sourceDate":null,"attributes":{"agencyName":"Stillwater Police Department","reportedLocation":"Olive Street at William Street westbound","jurisdictionId":"agency-jurisdiction-stillwater-police","locatedBy":"osm-intersection","ambiguousJunction":false,"statute":"Minn. Stat. § 13.824, subd. 8","sourceUrl":"https://dps.mn.gov/divisions/bca/data-and-reports/agencies-use-lprs-lpr"}}},{"type":"Feature","geometry":{"type":"Point","coordinates":[-92.8390717,45.0579135]},"properties":{"id":"alpr-reported-stillwater-police-department-75th-street-north-at-maryknoll-drive-north-westbound","layer":"alpr_reported","name":"Reported ALPR — 75th Street North at Maryknoll Drive North westbound","county":"Washington County","state":"MN","countyFips":"27163","confidence":"confirmed","sourceDate":null,"attributes":{"agencyName":"Stillwater Police Department","reportedLocation":"75th Street North at Maryknoll Drive North westbound","jurisdictionId":"agency-jurisdiction-stillwater-police","locatedBy":"osm-intersection","ambiguousJunction":false,"statute":"Minn. Stat. § 13.824, subd. 8","sourceUrl":"https://dps.mn.gov/divisions/bca/data-and-reports/agencies-use-lprs-lpr"}}},{"type":"Feature","geometry":{"type":"Point","coordinates":[-92.8179605,45.0548586]},"properties":{"id":"alpr-reported-stillwater-police-department-myrtle-street-west-at-william-street-eastbound","layer":"alpr_reported","name":"Reported ALPR — Myrtle Street West at William Street eastbound","county":"Washington County","state":"MN","countyFips":"27163","confidence":"confirmed","sourceDate":null,"attributes":{"agencyName":"Stillwater Police Department","reportedLocation":"Myrtle Street West at William Street eastbound","jurisdictionId":"agency-jurisdiction-stillwater-police","locatedBy":"osm-intersection","ambiguousJunction":false,"statute":"Minn. Stat. § 13.824, subd. 8","sourceUrl":"https://dps.mn.gov/divisions/bca/data-and-reports/agencies-use-lprs-lpr"}}},{"type":"Feature","geometry":{"type":"Point","coordinates":[-92.8428965,45.0398435]},"properties":{"id":"alpr-reported-stillwater-police-department-stillwater-boulevard-at-curve-crest-boulevard","layer":"alpr_reported","name":"Reported ALPR — Stillwater Boulevard at Curve Crest Boulevard","county":"Washington County","state":"MN","countyFips":"27163","confidence":"confirmed","sourceDate":null,"attributes":{"agencyName":"Stillwater Police Department","reportedLocation":"Stillwater Boulevard at Curve Crest Boulevard","jurisdictionId":"agency-jurisdiction-stillwater-police","locatedBy":"osm-intersection","ambiguousJunction":false,"statute":"Minn. Stat. § 13.824, subd. 8","sourceUrl":"https://dps.mn.gov/divisions/bca/data-and-reports/agencies-use-lprs-lpr"}}},{"type":"Feature","geometry":{"type":"Point","coordinates":[-92.8075828,45.0391803]},"properties":{"id":"alpr-reported-stillwater-police-department-osgood-avenue-north-at-62nd-street-northbound","layer":"alpr_reported","name":"Reported ALPR — Osgood Avenue North at 62nd Street northbound","county":"Washington County","state":"MN","countyFips":"27163","confidence":"confirmed","sourceDate":null,"attributes":{"agencyName":"Stillwater Police Department","reportedLocation":"Osgood Avenue North at 62nd Street northbound","jurisdictionId":"agency-jurisdiction-stillwater-police","locatedBy":"osm-intersection","ambiguousJunction":false,"statute":"Minn. Stat. § 13.824, subd. 8","sourceUrl":"https://dps.mn.gov/divisions/bca/data-and-reports/agencies-use-lprs-lpr"}}},{"type":"Feature","geometry":{"type":"Point","coordinates":[-92.8075828,45.0391803]},"properties":{"id":"alpr-reported-stillwater-police-department-osgood-avenue-north-at-62nd-street-southbound","layer":"alpr_reported","name":"Reported ALPR — Osgood Avenue North at 62nd Street southbound","county":"Washington County","state":"MN","countyFips":"27163","confidence":"confirmed","sourceDate":null,"attributes":{"agencyName":"Stillwater Police Department","reportedLocation":"Osgood Avenue North at 62nd Street southbound","jurisdictionId":"agency-jurisdiction-stillwater-police","locatedBy":"osm-intersection","ambiguousJunction":false,"statute":"Minn. Stat. § 13.824, subd. 8","sourceUrl":"https://dps.mn.gov/divisions/bca/data-and-reports/agencies-use-lprs-lpr"}}},{"type":"Feature","geometry":{"type":"Point","coordinates":[-92.83288214999999,45.03672965]},"properties":{"id":"alpr-reported-stillwater-police-department-washington-avenue-at-frontage-road-northbound","layer":"alpr_reported","name":"Reported ALPR — Washington Avenue at Frontage Road northbound","county":"Washington County","state":"MN","countyFips":"27163","confidence":"confirmed","sourceDate":null,"attributes":{"agencyName":"Stillwater Police Department","reportedLocation":"Washington Avenue at Frontage Road northbound","jurisdictionId":"agency-jurisdiction-stillwater-police","locatedBy":"osm-intersection","ambiguousJunction":false,"statute":"Minn. Stat. § 13.824, subd. 8","sourceUrl":"https://dps.mn.gov/divisions/bca/data-and-reports/agencies-use-lprs-lpr"}}},{"type":"Feature","geometry":{"type":"Point","coordinates":[-94.1573268,45.5602057]},"properties":{"id":"alpr-reported-st-cloud-police-department-fifth-avenue-south-and-first-street-south","layer":"alpr_reported","name":"Reported ALPR — Fifth Avenue South and First Street South","county":"Stearns County","state":"MN","countyFips":"27145","confidence":"confirmed","sourceDate":null,"attributes":{"agencyName":"St. Cloud Police Department","reportedLocation":"Fifth Avenue South and First Street South","jurisdictionId":null,"locatedBy":"osm-intersection","ambiguousJunction":true,"statute":"Minn. Stat. § 13.824, subd. 8","sourceUrl":"https://dps.mn.gov/divisions/bca/data-and-reports/agencies-use-lprs-lpr"}}},{"type":"Feature","geometry":{"type":"Point","coordinates":[-94.1622286,45.5885219]},"properties":{"id":"alpr-reported-st-cloud-police-department-2nd-street-south-at-3rd-avenue-south","layer":"alpr_reported","name":"Reported ALPR — 2nd Street South at 3rd Avenue South","county":"Stearns County","state":"MN","countyFips":"27145","confidence":"confirmed","sourceDate":null,"attributes":{"agencyName":"St. Cloud Police Department","reportedLocation":"2nd Street South at 3rd Avenue South","jurisdictionId":null,"locatedBy":"osm-intersection","ambiguousJunction":false,"statute":"Minn. Stat. § 13.824, subd. 8","sourceUrl":"https://dps.mn.gov/divisions/bca/data-and-reports/agencies-use-lprs-lpr"}}},{"type":"Feature","geometry":{"type":"Point","coordinates":[-94.14898346666666,45.54941553333333]},"properties":{"id":"alpr-reported-st-cloud-police-department-university-drive-south-at-1st-avenue-south","layer":"alpr_reported","name":"Reported ALPR — University Drive South at 1st Avenue South","county":"Stearns County","state":"MN","countyFips":"27145","confidence":"confirmed","sourceDate":null,"attributes":{"agencyName":"St. Cloud Police Department","reportedLocation":"University Drive South at 1st Avenue South","jurisdictionId":null,"locatedBy":"osm-intersection","ambiguousJunction":false,"statute":"Minn. Stat. § 13.824, subd. 8","sourceUrl":"https://dps.mn.gov/divisions/bca/data-and-reports/agencies-use-lprs-lpr"}}},{"type":"Feature","geometry":{"type":"Point","coordinates":[-92.2171551,46.8654926]},"properties":{"id":"alpr-reported-st-louis-county-sheriff-s-office-lavaque-road-southbound-at-martin-road","layer":"alpr_reported","name":"Reported ALPR — Lavaque Road southbound at Martin Road","county":"St. Louis County","state":"MN","countyFips":"27137","confidence":"confirmed","sourceDate":null,"attributes":{"agencyName":"St. Louis County Sheriff's Office","reportedLocation":"Lavaque Road southbound at Martin Road","jurisdictionId":null,"locatedBy":"osm-intersection","ambiguousJunction":false,"statute":"Minn. Stat. § 13.824, subd. 8","sourceUrl":"https://dps.mn.gov/divisions/bca/data-and-reports/agencies-use-lprs-lpr"}}},{"type":"Feature","geometry":{"type":"Point","coordinates":[-92.1530597,46.8655712]},"properties":{"id":"alpr-reported-st-louis-county-sheriff-s-office-rice-lake-road-northbound-at-martin-road","layer":"alpr_reported","name":"Reported ALPR — Rice Lake Road northbound at Martin Road","county":"St. Louis County","state":"MN","countyFips":"27137","confidence":"confirmed","sourceDate":null,"attributes":{"agencyName":"St. Louis County Sheriff's Office","reportedLocation":"Rice Lake Road northbound at Martin Road","jurisdictionId":null,"locatedBy":"osm-intersection","ambiguousJunction":false,"statute":"Minn. Stat. § 13.824, subd. 8","sourceUrl":"https://dps.mn.gov/divisions/bca/data-and-reports/agencies-use-lprs-lpr"}}},{"type":"Feature","geometry":{"type":"Point","coordinates":[-93.3706967,44.970199699999995]},"properties":{"id":"alpr-reported-st-louis-park-police-department-louisiana-avenue-at-wayzata-boulevard","layer":"alpr_reported","name":"Reported ALPR — Louisiana Avenue at Wayzata Boulevard","county":"Hennepin County","state":"MN","countyFips":"27053","confidence":"confirmed","sourceDate":null,"attributes":{"agencyName":"St. Louis Park Police Department","reportedLocation":"Louisiana Avenue at Wayzata Boulevard","jurisdictionId":"agency-jurisdiction-saint-louis-park-police","locatedBy":"osm-intersection","ambiguousJunction":false,"statute":"Minn. Stat. § 13.824, subd. 8","sourceUrl":"https://dps.mn.gov/divisions/bca/data-and-reports/agencies-use-lprs-lpr"}}},{"type":"Feature","geometry":{"type":"Point","coordinates":[-93.349401175,44.967631325]},"properties":{"id":"alpr-reported-st-louis-park-police-department-16th-street-west-at-park-place-boulevard-2","layer":"alpr_reported","name":"Reported ALPR — 16th Street West at Park Place Boulevard (2)","county":"Hennepin County","state":"MN","countyFips":"27053","confidence":"confirmed","sourceDate":null,"attributes":{"agencyName":"St. Louis Park Police Department","reportedLocation":"16th Street West at Park Place Boulevard (2)","jurisdictionId":"agency-jurisdiction-saint-louis-park-police","locatedBy":"osm-intersection","ambiguousJunction":false,"statute":"Minn. Stat. § 13.824, subd. 8","sourceUrl":"https://dps.mn.gov/divisions/bca/data-and-reports/agencies-use-lprs-lpr"}}},{"type":"Feature","geometry":{"type":"Point","coordinates":[-93.3492865,44.96321225]},"properties":{"id":"alpr-reported-st-louis-park-police-department-parkdale-drive-at-park-place-boulevard","layer":"alpr_reported","name":"Reported ALPR — Parkdale Drive at Park Place Boulevard","county":"Hennepin County","state":"MN","countyFips":"27053","confidence":"confirmed","sourceDate":null,"attributes":{"agencyName":"St. Louis Park Police Department","reportedLocation":"Parkdale Drive at Park Place Boulevard","jurisdictionId":"agency-jurisdiction-saint-louis-park-police","locatedBy":"osm-intersection","ambiguousJunction":false,"statute":"Minn. Stat. § 13.824, subd. 8","sourceUrl":"https://dps.mn.gov/divisions/bca/data-and-reports/agencies-use-lprs-lpr"}}},{"type":"Feature","geometry":{"type":"Point","coordinates":[-93.3290487,44.940552350000004]},"properties":{"id":"alpr-reported-st-louis-park-police-department-excelsior-boulevard-at-france-avenue-south","layer":"alpr_reported","name":"Reported ALPR — Excelsior Boulevard at France Avenue South","county":"Hennepin County","state":"MN","countyFips":"27053","confidence":"confirmed","sourceDate":null,"attributes":{"agencyName":"St. Louis Park Police Department","reportedLocation":"Excelsior Boulevard at France Avenue South","jurisdictionId":"agency-jurisdiction-saint-louis-park-police","locatedBy":"osm-intersection","ambiguousJunction":false,"statute":"Minn. Stat. § 13.824, subd. 8","sourceUrl":"https://dps.mn.gov/divisions/bca/data-and-reports/agencies-use-lprs-lpr"}}},{"type":"Feature","geometry":{"type":"Point","coordinates":[-93.336121,44.946838]},"properties":{"id":"alpr-reported-st-louis-park-police-department-state-highway-7-at-lynn-avenue-south","layer":"alpr_reported","name":"Reported ALPR — State Highway 7 at Lynn Avenue South","county":"Hennepin County","state":"MN","countyFips":"27053","confidence":"confirmed","sourceDate":null,"attributes":{"agencyName":"St. Louis Park Police Department","reportedLocation":"State Highway 7 at Lynn Avenue South","jurisdictionId":"agency-jurisdiction-saint-louis-park-police","locatedBy":"osm-intersection","ambiguousJunction":false,"statute":"Minn. Stat. § 13.824, subd. 8","sourceUrl":"https://dps.mn.gov/divisions/bca/data-and-reports/agencies-use-lprs-lpr"}}},{"type":"Feature","geometry":{"type":"Point","coordinates":[-93.0584267,44.9655573]},"properties":{"id":"alpr-reported-st-paul-police-department-7th-street-east-at-north-cypress-street","layer":"alpr_reported","name":"Reported ALPR — 7th Street East at North Cypress Street","county":"Ramsey County","state":"MN","countyFips":"27123","confidence":"confirmed","sourceDate":null,"attributes":{"agencyName":"St. Paul Police Department","reportedLocation":"7th Street East at North Cypress Street","jurisdictionId":"agency-jurisdiction-saint-paul-police","locatedBy":"osm-intersection","ambiguousJunction":false,"statute":"Minn. Stat. § 13.824, subd. 8","sourceUrl":"https://dps.mn.gov/divisions/bca/data-and-reports/agencies-use-lprs-lpr"}}},{"type":"Feature","geometry":{"type":"Point","coordinates":[-93.4908287,44.9721657]},"properties":{"id":"alpr-reported-wayzata-police-department-wayzata-boulevard-at-gleason-lake-road-westbound","layer":"alpr_reported","name":"Reported ALPR — Wayzata Boulevard at Gleason Lake Road, westbound","county":"Hennepin County","state":"MN","countyFips":"27053","confidence":"confirmed","sourceDate":null,"attributes":{"agencyName":"Wayzata Police Department","reportedLocation":"Wayzata Boulevard at Gleason Lake Road, westbound","jurisdictionId":"agency-jurisdiction-wayzata-police","locatedBy":"osm-intersection","ambiguousJunction":false,"statute":"Minn. Stat. § 13.824, subd. 8","sourceUrl":"https://dps.mn.gov/divisions/bca/data-and-reports/agencies-use-lprs-lpr"}}},{"type":"Feature","geometry":{"type":"Point","coordinates":[-93.5203719,44.9705259]},"properties":{"id":"alpr-reported-wayzata-police-department-lake-street-east-at-edgewood-court-eastbound","layer":"alpr_reported","name":"Reported ALPR — Lake Street East at Edgewood Court, eastbound","county":"Hennepin County","state":"MN","countyFips":"27053","confidence":"confirmed","sourceDate":null,"attributes":{"agencyName":"Wayzata Police Department","reportedLocation":"Lake Street East at Edgewood Court, eastbound","jurisdictionId":"agency-jurisdiction-wayzata-police","locatedBy":"osm-intersection","ambiguousJunction":false,"statute":"Minn. Stat. § 13.824, subd. 8","sourceUrl":"https://dps.mn.gov/divisions/bca/data-and-reports/agencies-use-lprs-lpr"}}},{"type":"Feature","geometry":{"type":"Point","coordinates":[-93.528245,44.9702542]},"properties":{"id":"alpr-reported-wayzata-police-department-shoreline-drive-at-peavey-road-eastbound","layer":"alpr_reported","name":"Reported ALPR — Shoreline Drive at Peavey Road, eastbound","county":"Hennepin County","state":"MN","countyFips":"27053","confidence":"confirmed","sourceDate":null,"attributes":{"agencyName":"Wayzata Police Department","reportedLocation":"Shoreline Drive at Peavey Road, eastbound","jurisdictionId":"agency-jurisdiction-wayzata-police","locatedBy":"osm-intersection","ambiguousJunction":false,"statute":"Minn. Stat. § 13.824, subd. 8","sourceUrl":"https://dps.mn.gov/divisions/bca/data-and-reports/agencies-use-lprs-lpr"}}},{"type":"Feature","geometry":{"type":"Point","coordinates":[-93.493552,44.97126865]},"properties":{"id":"alpr-reported-wayzata-police-department-wayzata-boulevard-west-at-gleason-lake-road-eastbound","layer":"alpr_reported","name":"Reported ALPR — Wayzata Boulevard West at Gleason Lake Road, eastbound","county":"Hennepin County","state":"MN","countyFips":"27053","confidence":"confirmed","sourceDate":null,"attributes":{"agencyName":"Wayzata Police Department","reportedLocation":"Wayzata Boulevard West at Gleason Lake Road, eastbound","jurisdictionId":"agency-jurisdiction-wayzata-police","locatedBy":"osm-intersection","ambiguousJunction":false,"statute":"Minn. Stat. § 13.824, subd. 8","sourceUrl":"https://dps.mn.gov/divisions/bca/data-and-reports/agencies-use-lprs-lpr"}}},{"type":"Feature","geometry":{"type":"Point","coordinates":[-93.4964443,44.96428]},"properties":{"id":"alpr-reported-wayzata-police-department-bushaway-road-at-mcginty-road-west-northbound","layer":"alpr_reported","name":"Reported ALPR — Bushaway Road at McGinty Road West, northbound","county":"Hennepin County","state":"MN","countyFips":"27053","confidence":"confirmed","sourceDate":null,"attributes":{"agencyName":"Wayzata Police Department","reportedLocation":"Bushaway Road at McGinty Road West, northbound","jurisdictionId":"agency-jurisdiction-wayzata-police","locatedBy":"osm-intersection","ambiguousJunction":false,"statute":"Minn. Stat. § 13.824, subd. 8","sourceUrl":"https://dps.mn.gov/divisions/bca/data-and-reports/agencies-use-lprs-lpr"}}},{"type":"Feature","geometry":{"type":"Point","coordinates":[-93.5172431,44.9703732]},"properties":{"id":"alpr-reported-wayzata-police-department-grove-lane-at-lake-street-east-southbound","layer":"alpr_reported","name":"Reported ALPR — Grove Lane at Lake Street East southbound","county":"Hennepin County","state":"MN","countyFips":"27053","confidence":"confirmed","sourceDate":null,"attributes":{"agencyName":"Wayzata Police Department","reportedLocation":"Grove Lane at Lake Street East southbound","jurisdictionId":"agency-jurisdiction-wayzata-police","locatedBy":"osm-intersection","ambiguousJunction":false,"statute":"Minn. Stat. § 13.824, subd. 8","sourceUrl":"https://dps.mn.gov/divisions/bca/data-and-reports/agencies-use-lprs-lpr"}}},{"type":"Feature","geometry":{"type":"Point","coordinates":[-93.5115935,44.9692172]},"properties":{"id":"alpr-reported-wayzata-police-department-lake-street-east-at-broadway-avenue-westbound","layer":"alpr_reported","name":"Reported ALPR — Lake Street East at Broadway Avenue westbound","county":"Hennepin County","state":"MN","countyFips":"27053","confidence":"confirmed","sourceDate":null,"attributes":{"agencyName":"Wayzata Police Department","reportedLocation":"Lake Street East at Broadway Avenue westbound","jurisdictionId":"agency-jurisdiction-wayzata-police","locatedBy":"osm-intersection","ambiguousJunction":false,"statute":"Minn. Stat. § 13.824, subd. 8","sourceUrl":"https://dps.mn.gov/divisions/bca/data-and-reports/agencies-use-lprs-lpr"}}},{"type":"Feature","geometry":{"type":"Point","coordinates":[-93.5319638,44.9770894]},"properties":{"id":"alpr-reported-wayzata-police-department-wayzata-boulevard-at-old-long-lake-road-westbound","layer":"alpr_reported","name":"Reported ALPR — Wayzata Boulevard at Old Long Lake Road westbound","county":"Hennepin County","state":"MN","countyFips":"27053","confidence":"confirmed","sourceDate":null,"attributes":{"agencyName":"Wayzata Police Department","reportedLocation":"Wayzata Boulevard at Old Long Lake Road westbound","jurisdictionId":"agency-jurisdiction-wayzata-police","locatedBy":"osm-intersection","ambiguousJunction":true,"statute":"Minn. Stat. § 13.824, subd. 8","sourceUrl":"https://dps.mn.gov/divisions/bca/data-and-reports/agencies-use-lprs-lpr"}}},{"type":"Feature","geometry":{"type":"Point","coordinates":[-93.07633,44.918692]},"properties":{"id":"alpr-reported-west-saint-paul-police-department-oakdale-avenue-and-hurley-street-east","layer":"alpr_reported","name":"Reported ALPR — Oakdale Avenue and Hurley Street East","county":"Dakota County","state":"MN","countyFips":"27037","confidence":"confirmed","sourceDate":null,"attributes":{"agencyName":"West Saint Paul Police Department","reportedLocation":"Oakdale Avenue and Hurley Street East","jurisdictionId":"agency-jurisdiction-west-saint-paul-police","locatedBy":"osm-intersection","ambiguousJunction":false,"statute":"Minn. Stat. § 13.824, subd. 8","sourceUrl":"https://dps.mn.gov/divisions/bca/data-and-reports/agencies-use-lprs-lpr"}}},{"type":"Feature","geometry":{"type":"Point","coordinates":[-93.0880349,44.9196993]},"properties":{"id":"alpr-reported-west-saint-paul-police-department-stryker-avenue-and-annapolis-street-west","layer":"alpr_reported","name":"Reported ALPR — Stryker Avenue and Annapolis Street West","county":"Dakota County","state":"MN","countyFips":"27037","confidence":"confirmed","sourceDate":null,"attributes":{"agencyName":"West Saint Paul Police Department","reportedLocation":"Stryker Avenue and Annapolis Street West","jurisdictionId":"agency-jurisdiction-west-saint-paul-police","locatedBy":"osm-intersection","ambiguousJunction":false,"statute":"Minn. Stat. § 13.824, subd. 8","sourceUrl":"https://dps.mn.gov/divisions/bca/data-and-reports/agencies-use-lprs-lpr"}}},{"type":"Feature","geometry":{"type":"Point","coordinates":[-93.0806437,44.9187269]},"properties":{"id":"alpr-reported-west-saint-paul-police-department-robert-street-south-and-hurley-street-east","layer":"alpr_reported","name":"Reported ALPR — Robert Street South and Hurley Street East","county":"Dakota County","state":"MN","countyFips":"27037","confidence":"confirmed","sourceDate":null,"attributes":{"agencyName":"West Saint Paul Police Department","reportedLocation":"Robert Street South and Hurley Street East","jurisdictionId":"agency-jurisdiction-west-saint-paul-police","locatedBy":"osm-intersection","ambiguousJunction":false,"statute":"Minn. Stat. § 13.824, subd. 8","sourceUrl":"https://dps.mn.gov/divisions/bca/data-and-reports/agencies-use-lprs-lpr"}}},{"type":"Feature","geometry":{"type":"Point","coordinates":[-93.0678805,44.9015417]},"properties":{"id":"alpr-reported-west-saint-paul-police-department-thompson-avenue-east-and-christensen-avenue","layer":"alpr_reported","name":"Reported ALPR — Thompson Avenue East and Christensen Avenue","county":"Dakota County","state":"MN","countyFips":"27037","confidence":"confirmed","sourceDate":null,"attributes":{"agencyName":"West Saint Paul Police Department","reportedLocation":"Thompson Avenue East and Christensen Avenue","jurisdictionId":"agency-jurisdiction-west-saint-paul-police","locatedBy":"osm-intersection","ambiguousJunction":false,"statute":"Minn. Stat. § 13.824, subd. 8","sourceUrl":"https://dps.mn.gov/divisions/bca/data-and-reports/agencies-use-lprs-lpr"}}},{"type":"Feature","geometry":{"type":"Point","coordinates":[-93.0678535,44.8979598]},"properties":{"id":"alpr-reported-west-saint-paul-police-department-wentworth-avenue-east-and-christensen-avenue","layer":"alpr_reported","name":"Reported ALPR — Wentworth Avenue East and Christensen Avenue","county":"Dakota County","state":"MN","countyFips":"27037","confidence":"confirmed","sourceDate":null,"attributes":{"agencyName":"West Saint Paul Police Department","reportedLocation":"Wentworth Avenue East and Christensen Avenue","jurisdictionId":"agency-jurisdiction-west-saint-paul-police","locatedBy":"osm-intersection","ambiguousJunction":false,"statute":"Minn. Stat. § 13.824, subd. 8","sourceUrl":"https://dps.mn.gov/divisions/bca/data-and-reports/agencies-use-lprs-lpr"}}},{"type":"Feature","geometry":{"type":"Point","coordinates":[-93.0703336,44.8835377]},"properties":{"id":"alpr-reported-west-saint-paul-police-department-mendota-road-east-and-oakdale-avenue","layer":"alpr_reported","name":"Reported ALPR — Mendota Road East and Oakdale Avenue","county":"Dakota County","state":"MN","countyFips":"27037","confidence":"confirmed","sourceDate":null,"attributes":{"agencyName":"West Saint Paul Police Department","reportedLocation":"Mendota Road East and Oakdale Avenue","jurisdictionId":"agency-jurisdiction-west-saint-paul-police","locatedBy":"osm-intersection","ambiguousJunction":false,"statute":"Minn. Stat. § 13.824, subd. 8","sourceUrl":"https://dps.mn.gov/divisions/bca/data-and-reports/agencies-use-lprs-lpr"}}},{"type":"Feature","geometry":{"type":"Point","coordinates":[-93.0703937,44.8903617]},"properties":{"id":"alpr-reported-west-saint-paul-police-department-marie-avenue-east-and-oakdale-avenue","layer":"alpr_reported","name":"Reported ALPR — Marie Avenue East and Oakdale Avenue","county":"Dakota County","state":"MN","countyFips":"27037","confidence":"confirmed","sourceDate":null,"attributes":{"agencyName":"West Saint Paul Police Department","reportedLocation":"Marie Avenue East and Oakdale Avenue","jurisdictionId":"agency-jurisdiction-west-saint-paul-police","locatedBy":"osm-intersection","ambiguousJunction":false,"statute":"Minn. Stat. § 13.824, subd. 8","sourceUrl":"https://dps.mn.gov/divisions/bca/data-and-reports/agencies-use-lprs-lpr"}}},{"type":"Feature","geometry":{"type":"Point","coordinates":[-93.08065375,44.9124013]},"properties":{"id":"alpr-reported-west-saint-paul-police-department-robert-street-south-and-butler-avenue-east","layer":"alpr_reported","name":"Reported ALPR — Robert Street South and Butler Avenue East","county":"Dakota County","state":"MN","countyFips":"27037","confidence":"confirmed","sourceDate":null,"attributes":{"agencyName":"West Saint Paul Police Department","reportedLocation":"Robert Street South and Butler Avenue East","jurisdictionId":"agency-jurisdiction-west-saint-paul-police","locatedBy":"osm-intersection","ambiguousJunction":false,"statute":"Minn. Stat. § 13.824, subd. 8","sourceUrl":"https://dps.mn.gov/divisions/bca/data-and-reports/agencies-use-lprs-lpr"}}},{"type":"Feature","geometry":{"type":"Point","coordinates":[-95.0222539,45.1171248]},"properties":{"id":"alpr-reported-willmar-police-department-lakeland-drive-and-seventh-avenue-se","layer":"alpr_reported","name":"Reported ALPR — Lakeland Drive and Seventh Avenue SE","county":"Kandiyohi County","state":"MN","countyFips":"27067","confidence":"confirmed","sourceDate":null,"attributes":{"agencyName":"Willmar Police Department","reportedLocation":"Lakeland Drive and Seventh Avenue SE","jurisdictionId":null,"locatedBy":"osm-intersection","ambiguousJunction":false,"statute":"Minn. Stat. § 13.824, subd. 8","sourceUrl":"https://dps.mn.gov/divisions/bca/data-and-reports/agencies-use-lprs-lpr"}}},{"type":"Feature","geometry":{"type":"Point","coordinates":[-95.0835954,45.1275502]},"properties":{"id":"alpr-reported-willmar-police-department-30th-street-and-second-avenue-nw","layer":"alpr_reported","name":"Reported ALPR — 30th Street and Second Avenue NW","county":"Kandiyohi County","state":"MN","countyFips":"27067","confidence":"confirmed","sourceDate":null,"attributes":{"agencyName":"Willmar Police Department","reportedLocation":"30th Street and Second Avenue NW","jurisdictionId":null,"locatedBy":"osm-intersection","ambiguousJunction":false,"statute":"Minn. Stat. § 13.824, subd. 8","sourceUrl":"https://dps.mn.gov/divisions/bca/data-and-reports/agencies-use-lprs-lpr"}}},{"type":"Feature","geometry":{"type":"Point","coordinates":[-95.03819665,45.11055655]},"properties":{"id":"alpr-reported-willmar-police-department-willmar-avenue-and-5th-street-se","layer":"alpr_reported","name":"Reported ALPR — Willmar Avenue and 5th Street SE","county":"Kandiyohi County","state":"MN","countyFips":"27067","confidence":"confirmed","sourceDate":null,"attributes":{"agencyName":"Willmar Police Department","reportedLocation":"Willmar Avenue and 5th Street SE","jurisdictionId":null,"locatedBy":"osm-intersection","ambiguousJunction":false,"statute":"Minn. Stat. § 13.824, subd. 8","sourceUrl":"https://dps.mn.gov/divisions/bca/data-and-reports/agencies-use-lprs-lpr"}}},{"type":"Feature","geometry":{"type":"Point","coordinates":[-92.90331415,44.944884525]},"properties":{"id":"alpr-reported-woodbury-police-department-hudson-road-at-woodbury-drive-eastbound","layer":"alpr_reported","name":"Reported ALPR — Hudson Road at Woodbury Drive eastbound","county":"Washington County","state":"MN","countyFips":"27163","confidence":"confirmed","sourceDate":null,"attributes":{"agencyName":"Woodbury Police Department","reportedLocation":"Hudson Road at Woodbury Drive eastbound","jurisdictionId":"agency-jurisdiction-woodbury-police","locatedBy":"osm-intersection","ambiguousJunction":false,"statute":"Minn. Stat. § 13.824, subd. 8","sourceUrl":"https://dps.mn.gov/divisions/bca/data-and-reports/agencies-use-lprs-lpr"}}},{"type":"Feature","geometry":{"type":"Point","coordinates":[-92.903444625,44.941673]},"properties":{"id":"alpr-reported-woodbury-police-department-commerce-drive-at-woodbury-drive","layer":"alpr_reported","name":"Reported ALPR — Commerce Drive at Woodbury Drive","county":"Washington County","state":"MN","countyFips":"27163","confidence":"confirmed","sourceDate":null,"attributes":{"agencyName":"Woodbury Police Department","reportedLocation":"Commerce Drive at Woodbury Drive","jurisdictionId":"agency-jurisdiction-woodbury-police","locatedBy":"osm-intersection","ambiguousJunction":false,"statute":"Minn. Stat. § 13.824, subd. 8","sourceUrl":"https://dps.mn.gov/divisions/bca/data-and-reports/agencies-use-lprs-lpr"}}},{"type":"Feature","geometry":{"type":"Point","coordinates":[-92.9297084,44.9483125]},"properties":{"id":"alpr-reported-woodbury-police-department-woodbury-lakes-road-at-spring-hill-drive","layer":"alpr_reported","name":"Reported ALPR — Woodbury Lakes Road at Spring Hill Drive","county":"Washington County","state":"MN","countyFips":"27163","confidence":"confirmed","sourceDate":null,"attributes":{"agencyName":"Woodbury Police Department","reportedLocation":"Woodbury Lakes Road at Spring Hill Drive","jurisdictionId":"agency-jurisdiction-woodbury-police","locatedBy":"osm-intersection","ambiguousJunction":false,"statute":"Minn. Stat. § 13.824, subd. 8","sourceUrl":"https://dps.mn.gov/divisions/bca/data-and-reports/agencies-use-lprs-lpr"}}},{"type":"Feature","geometry":{"type":"Point","coordinates":[-92.93431125000001,44.94401810000001]},"properties":{"id":"alpr-reported-woodbury-police-department-hudson-road-at-radio-drive","layer":"alpr_reported","name":"Reported ALPR — Hudson Road at Radio Drive","county":"Washington County","state":"MN","countyFips":"27163","confidence":"confirmed","sourceDate":null,"attributes":{"agencyName":"Woodbury Police Department","reportedLocation":"Hudson Road at Radio Drive","jurisdictionId":"agency-jurisdiction-woodbury-police","locatedBy":"osm-intersection","ambiguousJunction":true,"statute":"Minn. Stat. § 13.824, subd. 8","sourceUrl":"https://dps.mn.gov/divisions/bca/data-and-reports/agencies-use-lprs-lpr"}}},{"type":"Feature","geometry":{"type":"Point","coordinates":[-92.96610795000001,44.925287850000004]},"properties":{"id":"alpr-reported-woodbury-police-department-woodlane-drive-at-valley-creek-road","layer":"alpr_reported","name":"Reported ALPR — Woodlane Drive at Valley Creek Road","county":"Washington County","state":"MN","countyFips":"27163","confidence":"confirmed","sourceDate":null,"attributes":{"agencyName":"Woodbury Police Department","reportedLocation":"Woodlane Drive at Valley Creek Road","jurisdictionId":"agency-jurisdiction-woodbury-police","locatedBy":"osm-intersection","ambiguousJunction":false,"statute":"Minn. Stat. § 13.824, subd. 8","sourceUrl":"https://dps.mn.gov/divisions/bca/data-and-reports/agencies-use-lprs-lpr"}}},{"type":"Feature","geometry":{"type":"Point","coordinates":[-92.95959459999999,44.92449690000001]},"properties":{"id":"alpr-reported-woodbury-police-department-queens-drive-at-valley-creek-road","layer":"alpr_reported","name":"Reported ALPR — Queens Drive at Valley Creek Road","county":"Washington County","state":"MN","countyFips":"27163","confidence":"confirmed","sourceDate":null,"attributes":{"agencyName":"Woodbury Police Department","reportedLocation":"Queens Drive at Valley Creek Road","jurisdictionId":"agency-jurisdiction-woodbury-police","locatedBy":"osm-intersection","ambiguousJunction":false,"statute":"Minn. Stat. § 13.824, subd. 8","sourceUrl":"https://dps.mn.gov/divisions/bca/data-and-reports/agencies-use-lprs-lpr"}}},{"type":"Feature","geometry":{"type":"Point","coordinates":[-92.96453034285715,44.93640862857143]},"properties":{"id":"alpr-reported-woodbury-police-department-weir-drive-at-tamarack-road-southbound","layer":"alpr_reported","name":"Reported ALPR — Weir Drive at Tamarack Road southbound","county":"Washington County","state":"MN","countyFips":"27163","confidence":"confirmed","sourceDate":null,"attributes":{"agencyName":"Woodbury Police Department","reportedLocation":"Weir Drive at Tamarack Road southbound","jurisdictionId":"agency-jurisdiction-woodbury-police","locatedBy":"osm-intersection","ambiguousJunction":false,"statute":"Minn. Stat. § 13.824, subd. 8","sourceUrl":"https://dps.mn.gov/divisions/bca/data-and-reports/agencies-use-lprs-lpr"}}},{"type":"Feature","geometry":{"type":"Point","coordinates":[-92.97276508333334,44.92648185000001]},"properties":{"id":"alpr-reported-woodbury-police-department-weir-drive-at-valley-creek-road","layer":"alpr_reported","name":"Reported ALPR — Weir Drive at Valley Creek Road","county":"Washington County","state":"MN","countyFips":"27163","confidence":"confirmed","sourceDate":null,"attributes":{"agencyName":"Woodbury Police Department","reportedLocation":"Weir Drive at Valley Creek Road","jurisdictionId":"agency-jurisdiction-woodbury-police","locatedBy":"osm-intersection","ambiguousJunction":false,"statute":"Minn. Stat. § 13.824, subd. 8","sourceUrl":"https://dps.mn.gov/divisions/bca/data-and-reports/agencies-use-lprs-lpr"}}},{"type":"Feature","geometry":{"type":"Point","coordinates":[-92.96453034285715,44.93640862857143]},"properties":{"id":"alpr-reported-woodbury-police-department-weir-drive-at-tamarack-road","layer":"alpr_reported","name":"Reported ALPR — Weir Drive at Tamarack Road","county":"Washington County","state":"MN","countyFips":"27163","confidence":"confirmed","sourceDate":null,"attributes":{"agencyName":"Woodbury Police Department","reportedLocation":"Weir Drive at Tamarack Road","jurisdictionId":"agency-jurisdiction-woodbury-police","locatedBy":"osm-intersection","ambiguousJunction":false,"statute":"Minn. Stat. § 13.824, subd. 8","sourceUrl":"https://dps.mn.gov/divisions/bca/data-and-reports/agencies-use-lprs-lpr"}}},{"type":"Feature","geometry":{"type":"Point","coordinates":[-92.90331415,44.944884525]},"properties":{"id":"alpr-reported-woodbury-police-department-hudson-road-at-woodbury-drive","layer":"alpr_reported","name":"Reported ALPR — Hudson Road at Woodbury Drive","county":"Washington County","state":"MN","countyFips":"27163","confidence":"confirmed","sourceDate":null,"attributes":{"agencyName":"Woodbury Police Department","reportedLocation":"Hudson Road at Woodbury Drive","jurisdictionId":"agency-jurisdiction-woodbury-police","locatedBy":"osm-intersection","ambiguousJunction":false,"statute":"Minn. Stat. § 13.824, subd. 8","sourceUrl":"https://dps.mn.gov/divisions/bca/data-and-reports/agencies-use-lprs-lpr"}}},{"type":"Feature","geometry":{"type":"Point","coordinates":[-92.98455552857142,44.92797025714286]},"properties":{"id":"alpr-reported-woodbury-police-department-valley-creek-road-at-century-avenue-south","layer":"alpr_reported","name":"Reported ALPR — Valley Creek Road at Century Avenue South","county":"Washington County","state":"MN","countyFips":"27163","confidence":"confirmed","sourceDate":null,"attributes":{"agencyName":"Woodbury Police Department","reportedLocation":"Valley Creek Road at Century Avenue South","jurisdictionId":"agency-jurisdiction-woodbury-police","locatedBy":"osm-intersection","ambiguousJunction":false,"statute":"Minn. Stat. § 13.824, subd. 8","sourceUrl":"https://dps.mn.gov/divisions/bca/data-and-reports/agencies-use-lprs-lpr"}}},{"type":"Feature","geometry":{"type":"Point","coordinates":[-92.93788850000001,44.937276049999994]},"properties":{"id":"alpr-reported-woodbury-police-department-tamarack-village-at-tamarack-road","layer":"alpr_reported","name":"Reported ALPR — Tamarack Village at Tamarack Road","county":"Washington County","state":"MN","countyFips":"27163","confidence":"confirmed","sourceDate":null,"attributes":{"agencyName":"Woodbury Police Department","reportedLocation":"Tamarack Village at Tamarack Road","jurisdictionId":"agency-jurisdiction-woodbury-police","locatedBy":"osm-intersection","ambiguousJunction":false,"statute":"Minn. Stat. § 13.824, subd. 8","sourceUrl":"https://dps.mn.gov/divisions/bca/data-and-reports/agencies-use-lprs-lpr"}}},{"type":"Feature","geometry":{"type":"Point","coordinates":[-93.8003932,45.2967228]},"properties":{"id":"alpr-reported-wright-county-sheriff-s-office-minnesota-highway-25-at-oakwood-drive-in-monticello","layer":"alpr_reported","name":"Reported ALPR — Minnesota Highway 25 at Oakwood Drive in Monticello","county":"Wright County","state":"MN","countyFips":"27171","confidence":"confirmed","sourceDate":null,"attributes":{"agencyName":"Wright County Sheriff's Office","reportedLocation":"Minnesota Highway 25 at Oakwood Drive in Monticello","jurisdictionId":null,"locatedBy":"osm-intersection","ambiguousJunction":false,"statute":"Minn. Stat. § 13.824, subd. 8","sourceUrl":"https://dps.mn.gov/divisions/bca/data-and-reports/agencies-use-lprs-lpr"}}},{"type":"Feature","geometry":{"type":"Point","coordinates":[-93.0072099,45.3365464]},"properties":{"id":"alpr-reported-wyoming-police-department-east-viking-boulevard-at-kettle-river-boulevard-westbound","layer":"alpr_reported","name":"Reported ALPR — East Viking Boulevard at Kettle River Boulevard westbound","county":"Chisago County","state":"MN","countyFips":"27025","confidence":"confirmed","sourceDate":null,"attributes":{"agencyName":"Wyoming Police Department","reportedLocation":"East Viking Boulevard at Kettle River Boulevard westbound","jurisdictionId":"agency-jurisdiction-wyoming-police","locatedBy":"osm-intersection","ambiguousJunction":false,"statute":"Minn. Stat. § 13.824, subd. 8","sourceUrl":"https://dps.mn.gov/divisions/bca/data-and-reports/agencies-use-lprs-lpr"}}},{"type":"Feature","geometry":{"type":"Point","coordinates":[-92.9520179,45.3330196]},"properties":{"id":"alpr-reported-wyoming-police-department-wyoming-trail-at-pioneer-road-westbound","layer":"alpr_reported","name":"Reported ALPR — Wyoming Trail at Pioneer Road westbound","county":"Chisago County","state":"MN","countyFips":"27025","confidence":"confirmed","sourceDate":null,"attributes":{"agencyName":"Wyoming Police Department","reportedLocation":"Wyoming Trail at Pioneer Road westbound","jurisdictionId":"agency-jurisdiction-wyoming-police","locatedBy":"osm-intersection","ambiguousJunction":false,"statute":"Minn. Stat. § 13.824, subd. 8","sourceUrl":"https://dps.mn.gov/divisions/bca/data-and-reports/agencies-use-lprs-lpr"}}}]}