id,name,county,state,countyFips,lat,lng,confidence,sourceDate,agencyName,reportedLocation,jurisdictionId,locatedBy,ambiguousJunction,statute,sourceUrl,crossSourceSiteId,crossSourceCount,crossSourceMeters,crossSourceThresholdM,crossSourceContested,crossSourceAnchorAmbiguous,crossSourceNearMiss,crossSourceNearMissMeters,crossSourceNearMissSiteId
alpr-reported-alexandria-police-department-viking-trail-at-highway-45-eastbound,Reported ALPR — Viking Trail at Highway 45 eastbound,Douglas County,MN,27041,45.89271924285715,-95.40412867142857,confirmed,,Alexandria Police Department,Viking Trail at Highway 45 eastbound,,osm-intersection,false,"Minn. Stat. § 13.824, subd. 8",https://dps.mn.gov/divisions/bca/data-and-reports/agencies-use-lprs-lpr,,0,,50,false,false,false,,
alpr-reported-alexandria-police-department-50th-avenue-at-hwy-29-eastbound,Reported ALPR — 50th Avenue at Hwy. 29 eastbound,Douglas County,MN,27041,45.84599505,-95.388092725,confirmed,,Alexandria Police Department,50th Avenue at Hwy. 29 eastbound,,osm-intersection,false,"Minn. Stat. § 13.824, subd. 8",https://dps.mn.gov/divisions/bca/data-and-reports/agencies-use-lprs-lpr,,0,,50,false,false,false,,
alpr-reported-alexandria-police-department-44th-ave-west-at-s-broadway-street-westbound,Reported ALPR — 44th Ave. West at S. Broadway Street westbound,Douglas County,MN,27041,45.8515453,-95.3780905,confirmed,,Alexandria Police Department,44th Ave. West at S. Broadway Street westbound,,osm-intersection,false,"Minn. Stat. § 13.824, subd. 8",https://dps.mn.gov/divisions/bca/data-and-reports/agencies-use-lprs-lpr,,0,,50,false,false,false,,
alpr-reported-alexandria-police-department-dakota-street-at-frontage-road-westbound,Reported ALPR — Dakota Street at Frontage Road westbound,Douglas County,MN,27041,45.8506108,-95.3886641,confirmed,,Alexandria Police Department,Dakota Street at Frontage Road westbound,,osm-intersection,false,"Minn. Stat. § 13.824, subd. 8",https://dps.mn.gov/divisions/bca/data-and-reports/agencies-use-lprs-lpr,,0,,50,false,false,false,,
alpr-reported-anoka-county-sheriff-s-office-viking-boulevard-nw-and-baugh-street-nw-in-nowthen,Reported ALPR — Viking Boulevard NW and Baugh Street NW in Nowthen,Anoka County,MN,27003,45.3282772,-93.5006968,confirmed,,Anoka County Sheriff's Office,Viking Boulevard NW and Baugh Street NW in Nowthen,agency-jurisdiction-anoka-county-sheriff,osm-intersection,false,"Minn. Stat. § 13.824, subd. 8",https://dps.mn.gov/divisions/bca/data-and-reports/agencies-use-lprs-lpr,cross-alpr-reported-anoka-county-sheriff-s-office-viking-boulevard-nw-and-baugh-street-nw-in-nowthen,1,18,50,false,false,false,,
alpr-reported-anoka-county-sheriff-s-office-viking-boulevard-ne-and-lyons-street-ne-in-lynwood,Reported ALPR — Viking Boulevard NE and Lyons Street NE in Lynwood,Anoka County,MN,27003,45.3421633,-93.0195028,confirmed,,Anoka County Sheriff's Office,Viking Boulevard NE and Lyons Street NE in Lynwood,agency-jurisdiction-anoka-county-sheriff,osm-intersection,false,"Minn. Stat. § 13.824, subd. 8",https://dps.mn.gov/divisions/bca/data-and-reports/agencies-use-lprs-lpr,,0,,50,false,false,false,,
alpr-reported-anoka-county-sheriff-s-office-jay-street-nw-and-bunker-lake-boulevard-nw-in-andover,Reported ALPR — Jay Street NW and Bunker Lake Boulevard NW in Andover,Anoka County,MN,27003,45.21939582,-93.31156612,confirmed,,Anoka County Sheriff's Office,Jay Street NW and Bunker Lake Boulevard NW in Andover,agency-jurisdiction-anoka-county-sheriff,osm-intersection,false,"Minn. Stat. § 13.824, subd. 8",https://dps.mn.gov/divisions/bca/data-and-reports/agencies-use-lprs-lpr,cross-alpr-reported-anoka-county-sheriff-s-office-jay-street-nw-and-bunker-lake-boulevard-nw-in-andover,1,29,50,false,false,false,,
alpr-reported-anoka-county-sheriff-s-office-bunker-lake-boulevard-nw-and-quinn-street-nw-in-andover,Reported ALPR — Bunker Lake Boulevard NW and Quinn Street NW in Andover,Anoka County,MN,27003,45.21961954000001,-93.3203024,confirmed,,Anoka County Sheriff's Office,Bunker Lake Boulevard NW and Quinn Street NW in Andover,agency-jurisdiction-anoka-county-sheriff,osm-intersection,false,"Minn. Stat. § 13.824, subd. 8",https://dps.mn.gov/divisions/bca/data-and-reports/agencies-use-lprs-lpr,cross-alpr-reported-anoka-county-sheriff-s-office-bunker-lake-boulevard-nw-and-quinn-street-nw-in-andover,1,21,50,false,false,false,,
alpr-reported-anoka-county-sheriff-s-office-lake-drive-ne-and-freeway-drive-ne-in-columbus,Reported ALPR — Lake Drive NE and Freeway Drive NE in Columbus,Anoka County,MN,27003,45.25047075,-93.02992655,confirmed,,Anoka County Sheriff's Office,Lake Drive NE and Freeway Drive NE in Columbus,agency-jurisdiction-anoka-county-sheriff,osm-intersection,false,"Minn. Stat. § 13.824, subd. 8",https://dps.mn.gov/divisions/bca/data-and-reports/agencies-use-lprs-lpr,,0,,50,false,false,false,,
alpr-reported-anoka-police-department-west-main-street-and-green-avenue,Reported ALPR — West Main Street and Green Avenue,Anoka County,MN,27003,45.203574,-93.3989565,confirmed,,Anoka Police Department,West Main Street and Green Avenue,agency-jurisdiction-anoka-police,osm-intersection,false,"Minn. Stat. § 13.824, subd. 8",https://dps.mn.gov/divisions/bca/data-and-reports/agencies-use-lprs-lpr,,0,,50,false,false,false,,
alpr-reported-anoka-police-department-jackson-street-and-third-avenue,Reported ALPR — Jackson Street and Third Avenue,Anoka County,MN,27003,45.1986677,-93.3872156,confirmed,,Anoka Police Department,Jackson Street and Third Avenue,agency-jurisdiction-anoka-police,osm-intersection,false,"Minn. Stat. § 13.824, subd. 8",https://dps.mn.gov/divisions/bca/data-and-reports/agencies-use-lprs-lpr,,0,,50,false,false,false,,
alpr-reported-anoka-police-department-east-main-street-and-wedgewood-drive,Reported ALPR — East Main Street and Wedgewood Drive,Anoka County,MN,27003,45.197488066666665,-93.36654076666666,confirmed,,Anoka Police Department,East Main Street and Wedgewood Drive,agency-jurisdiction-anoka-police,osm-intersection,false,"Minn. Stat. § 13.824, subd. 8",https://dps.mn.gov/divisions/bca/data-and-reports/agencies-use-lprs-lpr,,0,,50,false,false,false,,
alpr-reported-anoka-police-department-seventh-avenue-and-tyler-street,Reported ALPR — Seventh Avenue and Tyler Street,Anoka County,MN,27003,45.2023189,-93.3783311,confirmed,,Anoka Police Department,Seventh Avenue and Tyler Street,agency-jurisdiction-anoka-police,osm-intersection,false,"Minn. Stat. § 13.824, subd. 8",https://dps.mn.gov/divisions/bca/data-and-reports/agencies-use-lprs-lpr,cross-alpr-reported-anoka-police-department-seventh-avenue-and-tyler-street,1,14,50,false,false,false,,
alpr-reported-anoka-police-department-ninth-avenue-and-east-river-road,Reported ALPR — Ninth Avenue and East River Road,Anoka County,MN,27003,45.1859175,-93.3735831,confirmed,,Anoka Police Department,Ninth Avenue and East River Road,agency-jurisdiction-anoka-police,osm-intersection,false,"Minn. Stat. § 13.824, subd. 8",https://dps.mn.gov/divisions/bca/data-and-reports/agencies-use-lprs-lpr,,0,,50,false,false,false,,
alpr-reported-anoka-police-department-east-river-road-and-seventh-avenue,Reported ALPR — East River Road and Seventh Avenue,Anoka County,MN,27003,45.1878833,-93.3788409,confirmed,,Anoka Police Department,East River Road and Seventh Avenue,agency-jurisdiction-anoka-police,osm-intersection,false,"Minn. Stat. § 13.824, subd. 8",https://dps.mn.gov/divisions/bca/data-and-reports/agencies-use-lprs-lpr,cross-alpr-reported-anoka-police-department-east-river-road-and-seventh-avenue,1,9,50,false,false,false,,
alpr-reported-belle-plaine-police-department-meridian-street-south-and-commerce-drive-west,Reported ALPR — Meridian Street South and Commerce Drive West,Scott County,MN,27139,44.6156541,-93.7682165,confirmed,,Belle Plaine Police Department,Meridian Street South and Commerce Drive West,agency-jurisdiction-belle-plaine-police,osm-intersection,false,"Minn. Stat. § 13.824, subd. 8",https://dps.mn.gov/divisions/bca/data-and-reports/agencies-use-lprs-lpr,,0,,50,false,false,false,,
alpr-reported-belle-plaine-police-department-enterprise-drive-west-and-meridian-street-south,Reported ALPR — Enterprise Drive West and Meridian Street South,Scott County,MN,27139,44.6115591,-93.7681751,confirmed,,Belle Plaine Police Department,Enterprise Drive West and Meridian Street South,agency-jurisdiction-belle-plaine-police,osm-intersection,false,"Minn. Stat. § 13.824, subd. 8",https://dps.mn.gov/divisions/bca/data-and-reports/agencies-use-lprs-lpr,cross-alpr-reported-belle-plaine-police-department-enterprise-drive-west-and-meridian-street-south,1,38,50,false,false,false,,
alpr-reported-belle-plaine-police-department-enterprise-drive-east-and-meridian-street-south,Reported ALPR — Enterprise Drive East and Meridian Street South,Scott County,MN,27139,44.6115591,-93.7681751,confirmed,,Belle Plaine Police Department,Enterprise Drive East and Meridian Street South,agency-jurisdiction-belle-plaine-police,osm-intersection,false,"Minn. Stat. § 13.824, subd. 8",https://dps.mn.gov/divisions/bca/data-and-reports/agencies-use-lprs-lpr,,0,,50,false,false,true,38,cross-alpr-reported-belle-plaine-police-department-enterprise-drive-west-and-meridian-street-south
alpr-reported-belle-plaine-police-department-orchard-street-east-and-ash-street-south,Reported ALPR — Orchard Street East and Ash Street South,Scott County,MN,27139,44.6104294,-93.759665,confirmed,,Belle Plaine Police Department,Orchard Street East and Ash Street South,agency-jurisdiction-belle-plaine-police,osm-intersection,false,"Minn. Stat. § 13.824, subd. 8",https://dps.mn.gov/divisions/bca/data-and-reports/agencies-use-lprs-lpr,cross-alpr-reported-belle-plaine-police-department-orchard-street-east-and-ash-street-south,1,19,50,false,false,false,,
alpr-reported-blaine-police-department-naples-street-ne-and-lake-drive-ne-northbound,"Reported ALPR — Naples Street NE and Lake Drive NE, northbound",Anoka County,MN,27003,45.12890485,-93.18423745,confirmed,,Blaine Police Department,"Naples Street NE and Lake Drive NE, northbound",agency-jurisdiction-blaine-police,osm-intersection,false,"Minn. Stat. § 13.824, subd. 8",https://dps.mn.gov/divisions/bca/data-and-reports/agencies-use-lprs-lpr,,0,,50,false,false,false,,
alpr-reported-blaine-police-department-105th-avenue-ne-and-central-avenue-ne-eastbound,"Reported ALPR — 105th Avenue NE and Central Avenue NE, eastbound",Anoka County,MN,27003,45.16082933333333,-93.2350622,confirmed,,Blaine Police Department,"105th Avenue NE and Central Avenue NE, eastbound",agency-jurisdiction-blaine-police,osm-intersection,false,"Minn. Stat. § 13.824, subd. 8",https://dps.mn.gov/divisions/bca/data-and-reports/agencies-use-lprs-lpr,,0,,50,false,false,false,,
alpr-reported-blaine-police-department-117th-avenue-ne-and-central-avenue-ne-westbound,Reported ALPR — 117th Avenue NE and Central Avenue NE westbound,Anoka County,MN,27003,45.1830181,-93.2349684,confirmed,,Blaine Police Department,117th Avenue NE and Central Avenue NE westbound,agency-jurisdiction-blaine-police,osm-intersection,false,"Minn. Stat. § 13.824, subd. 8",https://dps.mn.gov/divisions/bca/data-and-reports/agencies-use-lprs-lpr,cross-alpr-reported-blaine-police-department-117th-avenue-ne-and-central-avenue-ne-westbound,1,34,50,false,false,false,,
alpr-reported-blaine-police-department-89th-avenue-ne-and-central-avenue-ne,Reported ALPR — 89th Avenue NE and Central Avenue NE,Anoka County,MN,27003,45.1318115,-93.2352635,confirmed,,Blaine Police Department,89th Avenue NE and Central Avenue NE,agency-jurisdiction-blaine-police,osm-intersection,false,"Minn. Stat. § 13.824, subd. 8",https://dps.mn.gov/divisions/bca/data-and-reports/agencies-use-lprs-lpr,cross-alpr-reported-blaine-police-department-89th-avenue-ne-and-central-avenue-ne,1,42,50,false,false,false,,
alpr-reported-blaine-police-department-radisson-road-ne-at-108th-avenue-ne-southbound,Reported ALPR — Radisson Road NE at 108th Avenue NE southbound,Anoka County,MN,27003,45.1664223,-93.212965,confirmed,,Blaine Police Department,Radisson Road NE at 108th Avenue NE southbound,agency-jurisdiction-blaine-police,osm-intersection,false,"Minn. Stat. § 13.824, subd. 8",https://dps.mn.gov/divisions/bca/data-and-reports/agencies-use-lprs-lpr,,0,,50,false,false,false,,
alpr-reported-blaine-police-department-main-street-ne-at-university-avenue-ne-eastbound,Reported ALPR — Main Street NE at University Avenue NE eastbound,Anoka County,MN,27003,45.1971346,-93.26586649999999,confirmed,,Blaine Police Department,Main Street NE at University Avenue NE eastbound,agency-jurisdiction-blaine-police,osm-intersection,false,"Minn. Stat. § 13.824, subd. 8",https://dps.mn.gov/divisions/bca/data-and-reports/agencies-use-lprs-lpr,,0,,50,false,false,true,30,cross-alpr-reported-blaine-police-department-university-avenue-ne-at-main-street-ne-southbound
alpr-reported-blaine-police-department-pheasant-ridge-ne-at-lexington-avenue-ne-northbound,Reported ALPR — Pheasant Ridge NE at Lexington Avenue NE northbound,Anoka County,MN,27003,45.16236203333333,-93.16322466666668,confirmed,,Blaine Police Department,Pheasant Ridge NE at Lexington Avenue NE northbound,agency-jurisdiction-blaine-police,osm-intersection,false,"Minn. Stat. § 13.824, subd. 8",https://dps.mn.gov/divisions/bca/data-and-reports/agencies-use-lprs-lpr,cross-alpr-reported-blaine-police-department-pheasant-ridge-ne-at-lexington-avenue-ne-northbound,1,45,50,false,false,false,,
alpr-reported-blaine-police-department-university-avenue-ne-at-main-street-ne-southbound,Reported ALPR — University Avenue NE at Main Street NE southbound,Anoka County,MN,27003,45.197115000000004,-93.26585423333331,confirmed,,Blaine Police Department,University Avenue NE at Main Street NE southbound,agency-jurisdiction-blaine-police,osm-intersection,false,"Minn. Stat. § 13.824, subd. 8",https://dps.mn.gov/divisions/bca/data-and-reports/agencies-use-lprs-lpr,cross-alpr-reported-blaine-police-department-university-avenue-ne-at-main-street-ne-southbound,2,27,50,false,false,false,,
alpr-reported-blaine-police-department-117th-avenue-ne-at-university-avenue-ne-eastbound,Reported ALPR — 117th Avenue NE at University Avenue NE eastbound,Anoka County,MN,27003,45.1824972,-93.2661196,confirmed,,Blaine Police Department,117th Avenue NE at University Avenue NE eastbound,agency-jurisdiction-blaine-police,osm-intersection,false,"Minn. Stat. § 13.824, subd. 8",https://dps.mn.gov/divisions/bca/data-and-reports/agencies-use-lprs-lpr,cross-alpr-reported-blaine-police-department-117th-avenue-ne-at-university-avenue-ne-eastbound,1,19,50,false,false,false,,
alpr-reported-blaine-police-department-109th-avenue-ne-at-university-avenue-ne-eastbound,Reported ALPR — 109th Avenue NE at University Avenue NE eastbound,Anoka County,MN,27003,45.168158700000006,-93.26619735,confirmed,,Blaine Police Department,109th Avenue NE at University Avenue NE eastbound,agency-jurisdiction-blaine-police,osm-intersection,false,"Minn. Stat. § 13.824, subd. 8",https://dps.mn.gov/divisions/bca/data-and-reports/agencies-use-lprs-lpr,cross-alpr-reported-blaine-police-department-109th-avenue-ne-at-university-avenue-ne-eastbound,1,17,50,false,false,false,,
alpr-reported-blaine-police-department-101st-avenue-ne-at-university-avenue-ne-eastbound,Reported ALPR — 101st Avenue NE at University Avenue NE eastbound,Anoka County,MN,27003,45.15274719999999,-93.26648555,confirmed,,Blaine Police Department,101st Avenue NE at University Avenue NE eastbound,agency-jurisdiction-blaine-police,osm-intersection,false,"Minn. Stat. § 13.824, subd. 8",https://dps.mn.gov/divisions/bca/data-and-reports/agencies-use-lprs-lpr,cross-alpr-reported-blaine-police-department-101st-avenue-ne-at-university-avenue-ne-eastbound,1,22,50,false,false,false,,
alpr-reported-blaine-police-department-ball-road-ne-at-lexington-avenue-ne-eastbound,Reported ALPR — Ball Road NE at Lexington Avenue NE eastbound,Anoka County,MN,27003,45.15666468333333,-93.16339845,confirmed,,Blaine Police Department,Ball Road NE at Lexington Avenue NE eastbound,agency-jurisdiction-blaine-police,osm-intersection,false,"Minn. Stat. § 13.824, subd. 8",https://dps.mn.gov/divisions/bca/data-and-reports/agencies-use-lprs-lpr,cross-alpr-reported-blaine-police-department-ball-road-ne-at-lexington-avenue-ne-eastbound,2,23,50,false,false,false,,
alpr-reported-brooklyn-center-police-department-51st-avenue-north-and-brooklyn-boulevard-northbound,"Reported ALPR — 51st Avenue North and Brooklyn Boulevard, northbound",Hennepin County,MN,27053,45.047633600000005,-93.3209463,confirmed,,Brooklyn Center Police Department,"51st Avenue North and Brooklyn Boulevard, northbound",agency-jurisdiction-brooklyn-center-police,osm-intersection,false,"Minn. Stat. § 13.824, subd. 8",https://dps.mn.gov/divisions/bca/data-and-reports/agencies-use-lprs-lpr,cross-alpr-reported-brooklyn-center-police-department-51st-avenue-north-and-brooklyn-boulevard-northbound,2,10,50,false,false,false,,
alpr-reported-brooklyn-center-police-department-51st-avenue-north-and-brooklyn-boulevard-southbound,"Reported ALPR — 51st Avenue North and Brooklyn Boulevard, southbound",Hennepin County,MN,27053,45.047633600000005,-93.3209463,confirmed,,Brooklyn Center Police Department,"51st Avenue North and Brooklyn Boulevard, southbound",agency-jurisdiction-brooklyn-center-police,osm-intersection,false,"Minn. Stat. § 13.824, subd. 8",https://dps.mn.gov/divisions/bca/data-and-reports/agencies-use-lprs-lpr,,0,,50,false,false,true,10,cross-alpr-reported-brooklyn-center-police-department-51st-avenue-north-and-brooklyn-boulevard-northbound
alpr-reported-brooklyn-center-police-department-shingle-creek-parkway-and-county-road-10-westbound,"Reported ALPR — Shingle Creek Parkway and County Road 10, westbound",Hennepin County,MN,27053,45.0591254,-93.31377215,confirmed,,Brooklyn Center Police Department,"Shingle Creek Parkway and County Road 10, westbound",agency-jurisdiction-brooklyn-center-police,osm-intersection,false,"Minn. Stat. § 13.824, subd. 8",https://dps.mn.gov/divisions/bca/data-and-reports/agencies-use-lprs-lpr,,0,,50,false,false,false,,
alpr-reported-brooklyn-center-police-department-shingle-creek-parkway-and-county-road-10-eastbound,"Reported ALPR — Shingle Creek Parkway and County Road 10, eastbound",Hennepin County,MN,27053,45.0591254,-93.31377215,confirmed,,Brooklyn Center Police Department,"Shingle Creek Parkway and County Road 10, eastbound",agency-jurisdiction-brooklyn-center-police,osm-intersection,false,"Minn. Stat. § 13.824, subd. 8",https://dps.mn.gov/divisions/bca/data-and-reports/agencies-use-lprs-lpr,,0,,50,false,false,false,,
alpr-reported-brooklyn-center-police-department-brooklyn-boulevard-and-69th-avenue-north-northbound,"Reported ALPR — Brooklyn Boulevard and 69th Avenue North, northbound",Hennepin County,MN,27053,45.080102625,-93.336858125,confirmed,,Brooklyn Center Police Department,"Brooklyn Boulevard and 69th Avenue North, northbound",agency-jurisdiction-brooklyn-center-police,osm-intersection,false,"Minn. Stat. § 13.824, subd. 8",https://dps.mn.gov/divisions/bca/data-and-reports/agencies-use-lprs-lpr,,0,,50,false,false,false,,
alpr-reported-brooklyn-center-police-department-brooklyn-boulevard-and-68th-avenue-north-southbound,"Reported ALPR — Brooklyn Boulevard and 68th Avenue North, southbound",Hennepin County,MN,27053,45.078359000000006,-93.33513785,confirmed,,Brooklyn Center Police Department,"Brooklyn Boulevard and 68th Avenue North, southbound",agency-jurisdiction-brooklyn-center-police,osm-intersection,false,"Minn. Stat. § 13.824, subd. 8",https://dps.mn.gov/divisions/bca/data-and-reports/agencies-use-lprs-lpr,,0,,50,false,false,false,,
alpr-reported-brooklyn-center-police-department-shingle-creek-parkway-and-summit-drive-north,Reported ALPR — Shingle Creek Parkway and Summit Drive North,Hennepin County,MN,27053,45.066519199999995,-93.30896633333334,confirmed,,Brooklyn Center Police Department,Shingle Creek Parkway and Summit Drive North,agency-jurisdiction-brooklyn-center-police,osm-intersection,false,"Minn. Stat. § 13.824, subd. 8",https://dps.mn.gov/divisions/bca/data-and-reports/agencies-use-lprs-lpr,cross-alpr-reported-brooklyn-center-police-department-shingle-creek-parkway-and-summit-drive-north,1,11,50,false,false,false,,
alpr-reported-brooklyn-center-police-department-shingle-creek-parkway-and-freeway-boulevard,Reported ALPR — Shingle Creek Parkway and Freeway Boulevard,Hennepin County,MN,27053,45.07324865,-93.30589305000001,confirmed,,Brooklyn Center Police Department,Shingle Creek Parkway and Freeway Boulevard,agency-jurisdiction-brooklyn-center-police,osm-intersection,true,"Minn. Stat. § 13.824, subd. 8",https://dps.mn.gov/divisions/bca/data-and-reports/agencies-use-lprs-lpr,,0,,50,false,false,false,,
alpr-reported-brooklyn-center-police-department-54th-avenue-north-and-logan-avenue-north,Reported ALPR — 54th Avenue North and Logan Avenue North,Hennepin County,MN,27053,45.053,-93.304242,confirmed,,Brooklyn Center Police Department,54th Avenue North and Logan Avenue North,agency-jurisdiction-brooklyn-center-police,osm-intersection,false,"Minn. Stat. § 13.824, subd. 8",https://dps.mn.gov/divisions/bca/data-and-reports/agencies-use-lprs-lpr,cross-alpr-reported-brooklyn-center-police-department-54th-avenue-north-and-logan-avenue-north,1,32,50,false,false,false,,
alpr-reported-brooklyn-center-police-department-54th-avenue-north-and-humboldt-avenue-north,Reported ALPR — 54th Avenue North and Humboldt Avenue North,Hennepin County,MN,27053,45.0529693,-93.2991461,confirmed,,Brooklyn Center Police Department,54th Avenue North and Humboldt Avenue North,agency-jurisdiction-brooklyn-center-police,osm-intersection,false,"Minn. Stat. § 13.824, subd. 8",https://dps.mn.gov/divisions/bca/data-and-reports/agencies-use-lprs-lpr,cross-alpr-reported-brooklyn-center-police-department-54th-avenue-north-and-humboldt-avenue-north,1,11,50,false,false,false,,
alpr-reported-chisago-county-sheriff-s-office-west-4th-street-at-south-oneill-ave-in-rush-city,Reported ALPR — West 4th Street at South Oneill Ave. in Rush City,Chisago County,MN,27025,45.6842255,-92.9864131,confirmed,,Chisago County Sheriff's Office,West 4th Street at South Oneill Ave. in Rush City,agency-jurisdiction-chisago-county-sheriff,osm-intersection,false,"Minn. Stat. § 13.824, subd. 8",https://dps.mn.gov/divisions/bca/data-and-reports/agencies-use-lprs-lpr,,0,,50,false,false,false,,
alpr-reported-chisago-county-sheriff-s-office-pleasant-valley-road-at-sierra-ave-in-franconia-township,Reported ALPR — Pleasant Valley Road at Sierra Ave. in Franconia Township,Chisago County,MN,27025,45.3379424,-92.7290793,confirmed,,Chisago County Sheriff's Office,Pleasant Valley Road at Sierra Ave. in Franconia Township,agency-jurisdiction-chisago-county-sheriff,osm-intersection,false,"Minn. Stat. § 13.824, subd. 8",https://dps.mn.gov/divisions/bca/data-and-reports/agencies-use-lprs-lpr,,0,,50,false,false,false,,
alpr-reported-chisago-county-sheriff-s-office-stark-road-w-at-acacia-trail-in-fish-lake-township,Reported ALPR — Stark Road W. at Acacia Trail in Fish Lake Township,Chisago County,MN,27025,45.5907354,-93.1346545,confirmed,,Chisago County Sheriff's Office,Stark Road W. at Acacia Trail in Fish Lake Township,agency-jurisdiction-chisago-county-sheriff,osm-intersection,false,"Minn. Stat. § 13.824, subd. 8",https://dps.mn.gov/divisions/bca/data-and-reports/agencies-use-lprs-lpr,,0,,50,false,false,false,,
alpr-reported-chisago-county-sheriff-s-office-olinda-trail-at-morgan-ave-in-chisago-lakes-township,Reported ALPR — Olinda Trail at Morgan Ave. in Chisago Lakes Township,Chisago County,MN,27025,45.359639,-92.835014,confirmed,,Chisago County Sheriff's Office,Olinda Trail at Morgan Ave. in Chisago Lakes Township,agency-jurisdiction-chisago-county-sheriff,osm-intersection,false,"Minn. Stat. § 13.824, subd. 8",https://dps.mn.gov/divisions/bca/data-and-reports/agencies-use-lprs-lpr,cross-alpr-reported-chisago-county-sheriff-s-office-olinda-trail-at-morgan-ave-in-chisago-lakes-township,1,20,50,false,false,false,,
alpr-reported-coon-rapids-police-department-springbrook-drive-northwest-at-coon-rapids-boulevard-northwest,Reported ALPR — Springbrook Drive Northwest at Coon Rapids Boulevard Northwest,Anoka County,MN,27003,45.1380495,-93.2732185,confirmed,,Coon Rapids Police Department,Springbrook Drive Northwest at Coon Rapids Boulevard Northwest,agency-jurisdiction-coon-rapids-police,osm-intersection,false,"Minn. Stat. § 13.824, subd. 8",https://dps.mn.gov/divisions/bca/data-and-reports/agencies-use-lprs-lpr,,0,,50,false,false,false,,
alpr-reported-coon-rapids-police-department-springbrook-drive-northwest-at-85th-avenue-northwest,Reported ALPR — Springbrook Drive Northwest at 85th Avenue Northwest,Anoka County,MN,27003,45.124579499999996,-93.26708529999999,confirmed,,Coon Rapids Police Department,Springbrook Drive Northwest at 85th Avenue Northwest,agency-jurisdiction-coon-rapids-police,osm-intersection,false,"Minn. Stat. § 13.824, subd. 8",https://dps.mn.gov/divisions/bca/data-and-reports/agencies-use-lprs-lpr,,0,,50,false,false,false,,
alpr-reported-coon-rapids-police-department-coon-rapids-boulevard-northwest-at-dakotah-street-northwest,Reported ALPR — Coon Rapids Boulevard Northwest at Dakotah Street Northwest,Anoka County,MN,27003,45.18484083333333,-93.37075586666667,confirmed,,Coon Rapids Police Department,Coon Rapids Boulevard Northwest at Dakotah Street Northwest,agency-jurisdiction-coon-rapids-police,osm-intersection,false,"Minn. Stat. § 13.824, subd. 8",https://dps.mn.gov/divisions/bca/data-and-reports/agencies-use-lprs-lpr,,0,,50,false,false,false,,
alpr-reported-coon-rapids-police-department-riverdale-boulevard-northwest-at-round-lake-boulevard-northwest-riverdale-village,Reported ALPR — Riverdale Boulevard Northwest at Round Lake Boulevard Northwest (Riverdale Village),Anoka County,MN,27003,45.20106396666667,-93.3578819,confirmed,,Coon Rapids Police Department,Riverdale Boulevard Northwest at Round Lake Boulevard Northwest (Riverdale Village),agency-jurisdiction-coon-rapids-police,osm-intersection,false,"Minn. Stat. § 13.824, subd. 8",https://dps.mn.gov/divisions/bca/data-and-reports/agencies-use-lprs-lpr,,0,,50,false,false,false,,
alpr-reported-coon-rapids-police-department-riverdale-boulevard-northwest-at-main-street-northwest-riverdale-village,Reported ALPR — Riverdale Boulevard Northwest at Main Street Northwest (Riverdale Village),Anoka County,MN,27003,45.197546525,-93.35034389999998,confirmed,,Coon Rapids Police Department,Riverdale Boulevard Northwest at Main Street Northwest (Riverdale Village),agency-jurisdiction-coon-rapids-police,osm-intersection,false,"Minn. Stat. § 13.824, subd. 8",https://dps.mn.gov/divisions/bca/data-and-reports/agencies-use-lprs-lpr,cross-alpr-reported-coon-rapids-police-department-riverdale-boulevard-northwest-at-main-street-northwest-riverdale-village,2,28,50,false,false,false,,
alpr-reported-corcoran-police-department-county-road-30-at-brockton-lane,Reported ALPR — County Road 30 at Brockton Lane,Hennepin County,MN,27053,45.1310936,-93.5221144,confirmed,,Corcoran Police Department,County Road 30 at Brockton Lane,agency-jurisdiction-corcoran-police,osm-intersection,false,"Minn. Stat. § 13.824, subd. 8",https://dps.mn.gov/divisions/bca/data-and-reports/agencies-use-lprs-lpr,cross-alpr-reported-corcoran-police-department-county-road-30-at-brockton-lane,1,27,50,false,false,false,,
alpr-reported-corcoran-police-department-county-road-116-at-county-road-117,Reported ALPR — County Road 116 at County Road 117,Hennepin County,MN,27053,45.152802,-93.5425094,confirmed,,Corcoran Police Department,County Road 116 at County Road 117,agency-jurisdiction-corcoran-police,osm-intersection,false,"Minn. Stat. § 13.824, subd. 8",https://dps.mn.gov/divisions/bca/data-and-reports/agencies-use-lprs-lpr,cross-alpr-reported-corcoran-police-department-county-road-116-at-county-road-117,1,36,50,false,false,false,,
alpr-reported-corcoran-police-department-county-road-116-at-hackamore-road,Reported ALPR — County Road 116 at Hackamore Road,Hennepin County,MN,27053,45.065685,-93.542587,confirmed,,Corcoran Police Department,County Road 116 at Hackamore Road,agency-jurisdiction-corcoran-police,osm-intersection,false,"Minn. Stat. § 13.824, subd. 8",https://dps.mn.gov/divisions/bca/data-and-reports/agencies-use-lprs-lpr,cross-alpr-reported-corcoran-police-department-county-road-116-at-hackamore-road,1,19,50,false,false,false,,
alpr-reported-corcoran-police-department-county-road-50-at-county-road-19,Reported ALPR — County Road 50 at County Road 19,Hennepin County,MN,27053,45.0946102,-93.635612,confirmed,,Corcoran Police Department,County Road 50 at County Road 19,agency-jurisdiction-corcoran-police,osm-intersection,false,"Minn. Stat. § 13.824, subd. 8",https://dps.mn.gov/divisions/bca/data-and-reports/agencies-use-lprs-lpr,cross-alpr-reported-corcoran-police-department-county-road-50-at-county-road-19,1,43,50,false,false,false,,
alpr-reported-corcoran-police-department-county-road-10-at-county-road-19,Reported ALPR — County Road 10 at County Road 19,Hennepin County,MN,27053,45.1235625,-93.6358341,confirmed,,Corcoran Police Department,County Road 10 at County Road 19,agency-jurisdiction-corcoran-police,osm-intersection,false,"Minn. Stat. § 13.824, subd. 8",https://dps.mn.gov/divisions/bca/data-and-reports/agencies-use-lprs-lpr,,0,,50,false,false,false,,
alpr-reported-corcoran-police-department-county-road-30-at-county-road-19,Reported ALPR — County Road 30 at County Road 19,Hennepin County,MN,27053,45.130775,-93.635696,confirmed,,Corcoran Police Department,County Road 30 at County Road 19,agency-jurisdiction-corcoran-police,osm-intersection,false,"Minn. Stat. § 13.824, subd. 8",https://dps.mn.gov/divisions/bca/data-and-reports/agencies-use-lprs-lpr,,0,,50,false,false,false,,
alpr-reported-corcoran-police-department-county-road-19-at-oakdale-drive,Reported ALPR — County Road 19 at Oakdale Drive,Hennepin County,MN,27053,45.1452949,-93.6355051,confirmed,,Corcoran Police Department,County Road 19 at Oakdale Drive,agency-jurisdiction-corcoran-police,osm-intersection,false,"Minn. Stat. § 13.824, subd. 8",https://dps.mn.gov/divisions/bca/data-and-reports/agencies-use-lprs-lpr,cross-alpr-reported-corcoran-police-department-county-road-19-at-oakdale-drive,1,15,50,false,false,false,,
alpr-reported-cottage-grove-police-department-65th-street-at-goodview-avenue-eastbound,Reported ALPR — 65th Street at Goodview Avenue eastbound,Washington County,MN,27163,44.85509653703704,-92.97945603333335,confirmed,,Cottage Grove Police Department,65th Street at Goodview Avenue eastbound,agency-jurisdiction-cottage-grove-police,osm-intersection,false,"Minn. Stat. § 13.824, subd. 8",https://dps.mn.gov/divisions/bca/data-and-reports/agencies-use-lprs-lpr,,0,,50,false,false,false,,
alpr-reported-cottage-grove-police-department-61st-street-south-at-hedgecroft-avenue-south-southbound,Reported ALPR — 61st Street South at Hedgecroft Avenue South southbound,Washington County,MN,27163,44.8613321,-92.950218,confirmed,,Cottage Grove Police Department,61st Street South at Hedgecroft Avenue South southbound,agency-jurisdiction-cottage-grove-police,osm-intersection,false,"Minn. Stat. § 13.824, subd. 8",https://dps.mn.gov/divisions/bca/data-and-reports/agencies-use-lprs-lpr,,0,,50,false,false,false,,
alpr-reported-cottage-grove-police-department-east-point-douglas-road-south-at-80th-street-southbound,Reported ALPR — East Point Douglas Road South at 80th Street southbound,Washington County,MN,27163,44.833542425000005,-92.9583192,confirmed,,Cottage Grove Police Department,East Point Douglas Road South at 80th Street southbound,agency-jurisdiction-cottage-grove-police,osm-intersection,false,"Minn. Stat. § 13.824, subd. 8",https://dps.mn.gov/divisions/bca/data-and-reports/agencies-use-lprs-lpr,cross-alpr-reported-cottage-grove-police-department-east-point-douglas-road-south-at-80th-street-southbound,1,31,50,false,false,false,,
alpr-reported-cottage-grove-police-department-jamaica-avenue-south-at-east-point-douglas-road-northbound,Reported ALPR — Jamaica Avenue South at East Point Douglas Road northbound,Washington County,MN,27163,44.817690666666664,-92.93194936666667,confirmed,,Cottage Grove Police Department,Jamaica Avenue South at East Point Douglas Road northbound,agency-jurisdiction-cottage-grove-police,osm-intersection,false,"Minn. Stat. § 13.824, subd. 8",https://dps.mn.gov/divisions/bca/data-and-reports/agencies-use-lprs-lpr,cross-alpr-reported-cottage-grove-police-department-jamaica-avenue-south-at-east-point-douglas-road-northbound,2,21,50,false,false,false,,
alpr-reported-cottage-grove-police-department-80th-street-south-at-east-point-douglas-road-eastbound,Reported ALPR — 80th Street South at East Point Douglas Road eastbound,Washington County,MN,27163,44.83352155,-92.95831896666668,confirmed,,Cottage Grove Police Department,80th Street South at East Point Douglas Road eastbound,agency-jurisdiction-cottage-grove-police,osm-intersection,false,"Minn. Stat. § 13.824, subd. 8",https://dps.mn.gov/divisions/bca/data-and-reports/agencies-use-lprs-lpr,cross-alpr-reported-cottage-grove-police-department-80th-street-south-at-east-point-douglas-road-eastbound,1,25,50,false,false,false,,
alpr-reported-cottage-grove-police-department-70th-street-at-east-point-douglas-road-eastbound,Reported ALPR — 70th Street at East Point Douglas Road eastbound,Washington County,MN,27163,44.8484074,-92.9842827,confirmed,,Cottage Grove Police Department,70th Street at East Point Douglas Road eastbound,agency-jurisdiction-cottage-grove-police,osm-intersection,false,"Minn. Stat. § 13.824, subd. 8",https://dps.mn.gov/divisions/bca/data-and-reports/agencies-use-lprs-lpr,,0,,50,false,false,false,,
alpr-reported-cottage-grove-police-department-jamaica-avenue-south-at-west-point-douglas-road-southbound,Reported ALPR — Jamaica Avenue South at West Point Douglas Road southbound,Washington County,MN,27163,44.814445825,-92.93518817500001,confirmed,,Cottage Grove Police Department,Jamaica Avenue South at West Point Douglas Road southbound,agency-jurisdiction-cottage-grove-police,osm-intersection,false,"Minn. Stat. § 13.824, subd. 8",https://dps.mn.gov/divisions/bca/data-and-reports/agencies-use-lprs-lpr,,0,,50,false,false,false,,
alpr-reported-cottage-grove-police-department-east-point-douglas-road-at-jamaica-avenue-eastbound,Reported ALPR — East Point Douglas Road at Jamaica Avenue eastbound,Washington County,MN,27163,44.817690666666664,-92.93194936666667,confirmed,,Cottage Grove Police Department,East Point Douglas Road at Jamaica Avenue eastbound,agency-jurisdiction-cottage-grove-police,osm-intersection,false,"Minn. Stat. § 13.824, subd. 8",https://dps.mn.gov/divisions/bca/data-and-reports/agencies-use-lprs-lpr,,0,,50,false,false,true,21,cross-alpr-reported-cottage-grove-police-department-jamaica-avenue-south-at-east-point-douglas-road-northbound
alpr-reported-crystal-police-department-36th-avenue-north-at-welcome-avenue-north,Reported ALPR — 36th Avenue North at Welcome Avenue North,Hennepin County,MN,27053,45.021718,-93.3507799,confirmed,,Crystal Police Department,36th Avenue North at Welcome Avenue North,agency-jurisdiction-crystal-police,osm-intersection,false,"Minn. Stat. § 13.824, subd. 8",https://dps.mn.gov/divisions/bca/data-and-reports/agencies-use-lprs-lpr,,0,,50,false,false,false,,
alpr-reported-crystal-police-department-west-broadway-at-47th-avenue-north,Reported ALPR — West Broadway at 47th Avenue North,Hennepin County,MN,27053,45.0400064,-93.3485561,confirmed,,Crystal Police Department,West Broadway at 47th Avenue North,agency-jurisdiction-crystal-police,osm-intersection,false,"Minn. Stat. § 13.824, subd. 8",https://dps.mn.gov/divisions/bca/data-and-reports/agencies-use-lprs-lpr,cross-alpr-reported-crystal-police-department-west-broadway-at-47th-avenue-north,1,17,50,false,false,false,,
alpr-reported-crystal-police-department-nevada-avenue-north-at-36th-avenue-north,Reported ALPR — Nevada Avenue North at 36th Avenue North,Hennepin County,MN,27053,45.0218978,-93.3726793,confirmed,,Crystal Police Department,Nevada Avenue North at 36th Avenue North,agency-jurisdiction-crystal-police,osm-intersection,false,"Minn. Stat. § 13.824, subd. 8",https://dps.mn.gov/divisions/bca/data-and-reports/agencies-use-lprs-lpr,cross-alpr-reported-crystal-police-department-nevada-avenue-north-at-36th-avenue-north,1,20,50,false,false,false,,
alpr-reported-crystal-police-department-west-broadway-at-60th-avenue-north,Reported ALPR — West Broadway at 60th Avenue North,Hennepin County,MN,27053,45.06201435,-93.3727674,confirmed,,Crystal Police Department,West Broadway at 60th Avenue North,agency-jurisdiction-crystal-police,osm-intersection,false,"Minn. Stat. § 13.824, subd. 8",https://dps.mn.gov/divisions/bca/data-and-reports/agencies-use-lprs-lpr,,0,,50,false,false,false,,
alpr-reported-dayton-police-department-south-diamond-lake-road-and-arrowood-lane,Reported ALPR — South Diamond Lake Road and Arrowood Lane,Hennepin County,MN,27053,45.198864,-93.424866,confirmed,,Dayton Police Department,South Diamond Lake Road and Arrowood Lane,agency-jurisdiction-dayton-police,osm-intersection,false,"Minn. Stat. § 13.824, subd. 8",https://dps.mn.gov/divisions/bca/data-and-reports/agencies-use-lprs-lpr,cross-alpr-reported-dayton-police-department-south-diamond-lake-road-and-arrowood-lane,2,15,50,false,false,false,,
alpr-reported-dayton-police-department-fernbrook-lane-and-elm-creek-road,Reported ALPR — Fernbrook Lane and Elm Creek Road,Hennepin County,MN,27053,45.1559729,-93.4619538,confirmed,,Dayton Police Department,Fernbrook Lane and Elm Creek Road,agency-jurisdiction-dayton-police,osm-intersection,false,"Minn. Stat. § 13.824, subd. 8",https://dps.mn.gov/divisions/bca/data-and-reports/agencies-use-lprs-lpr,cross-alpr-reported-dayton-police-department-fernbrook-lane-and-elm-creek-road,1,27,50,false,false,false,,
alpr-reported-dayton-police-department-dayton-parkway-and-county-road-81,Reported ALPR — Dayton Parkway and County Road 81,Hennepin County,MN,27053,45.1623011,-93.5055208,confirmed,,Dayton Police Department,Dayton Parkway and County Road 81,agency-jurisdiction-dayton-police,osm-intersection,false,"Minn. Stat. § 13.824, subd. 8",https://dps.mn.gov/divisions/bca/data-and-reports/agencies-use-lprs-lpr,,0,,50,false,false,false,,
alpr-reported-dayton-police-department-dayton-river-road-and-balsam-lane,Reported ALPR — Dayton River Road and Balsam Lane,Hennepin County,MN,27053,45.2026281,-93.424739,confirmed,,Dayton Police Department,Dayton River Road and Balsam Lane,agency-jurisdiction-dayton-police,osm-intersection,false,"Minn. Stat. § 13.824, subd. 8",https://dps.mn.gov/divisions/bca/data-and-reports/agencies-use-lprs-lpr,,0,,50,false,false,false,,
alpr-reported-deephaven-police-department-minnetonka-boulevard-at-cottagewood-road,Reported ALPR — Minnetonka Boulevard at Cottagewood Road,Hennepin County,MN,27053,44.9222812,-93.535999,confirmed,,Deephaven Police Department,Minnetonka Boulevard at Cottagewood Road,agency-jurisdiction-deephaven-police,osm-intersection,false,"Minn. Stat. § 13.824, subd. 8",https://dps.mn.gov/divisions/bca/data-and-reports/agencies-use-lprs-lpr,cross-alpr-reported-deephaven-police-department-minnetonka-boulevard-at-cottagewood-road,1,38,50,false,false,false,,
alpr-reported-deephaven-police-department-vine-hill-road-at-excelsior-boulevard,Reported ALPR — Vine Hill Road at Excelsior Boulevard,Hennepin County,MN,27053,44.9114668,-93.525685,confirmed,,Deephaven Police Department,Vine Hill Road at Excelsior Boulevard,agency-jurisdiction-deephaven-police,osm-intersection,false,"Minn. Stat. § 13.824, subd. 8",https://dps.mn.gov/divisions/bca/data-and-reports/agencies-use-lprs-lpr,cross-alpr-reported-deephaven-police-department-vine-hill-road-at-excelsior-boulevard,1,23,50,false,false,false,,
alpr-reported-duluth-police-department-south-27th-avenue-west-at-west-michigan-street-2,Reported ALPR — South 27th Avenue West at West Michigan Street (2),St. Louis County,MN,27137,46.7608393,-92.1311316,confirmed,,Duluth Police Department,South 27th Avenue West at West Michigan Street (2),,osm-intersection,false,"Minn. Stat. § 13.824, subd. 8",https://dps.mn.gov/divisions/bca/data-and-reports/agencies-use-lprs-lpr,cross-alpr-reported-duluth-police-department-south-27th-avenue-west-at-west-michigan-street-2,2,16,50,false,false,false,,
alpr-reported-duluth-police-department-west-michigan-street-at-north-46th-avenue-west,Reported ALPR — West Michigan Street at North 46th Avenue West,St. Louis County,MN,27137,46.7440258,-92.1559479,confirmed,,Duluth Police Department,West Michigan Street at North 46th Avenue West,,osm-intersection,false,"Minn. Stat. § 13.824, subd. 8",https://dps.mn.gov/divisions/bca/data-and-reports/agencies-use-lprs-lpr,,0,,50,false,false,false,,
alpr-reported-duluth-police-department-mesaba-avenue-at-west-first-street,Reported ALPR — Mesaba Avenue at West First Street,St. Louis County,MN,27137,46.7808008,-92.1082229,confirmed,,Duluth Police Department,Mesaba Avenue at West First Street,,osm-intersection,false,"Minn. Stat. § 13.824, subd. 8",https://dps.mn.gov/divisions/bca/data-and-reports/agencies-use-lprs-lpr,,0,,50,false,false,false,,
alpr-reported-duluth-police-department-lake-avenue-at-superior-street,Reported ALPR — Lake Avenue at Superior Street,St. Louis County,MN,27137,46.7869534,-92.0981979,confirmed,,Duluth Police Department,Lake Avenue at Superior Street,,osm-intersection,false,"Minn. Stat. § 13.824, subd. 8",https://dps.mn.gov/divisions/bca/data-and-reports/agencies-use-lprs-lpr,cross-alpr-reported-duluth-police-department-lake-avenue-at-superior-street,1,19,50,false,false,false,,
alpr-reported-duluth-police-department-46th-avenue-west-at-michigan-street,Reported ALPR — 46th Avenue West at Michigan Street,St. Louis County,MN,27137,46.7440258,-92.1559479,confirmed,,Duluth Police Department,46th Avenue West at Michigan Street,,osm-intersection,false,"Minn. Stat. § 13.824, subd. 8",https://dps.mn.gov/divisions/bca/data-and-reports/agencies-use-lprs-lpr,,0,,50,false,false,false,,
alpr-reported-eagan-police-department-pilot-knob-road-at-yankee-doodle-road-northbound,"Reported ALPR — Pilot Knob Road at Yankee Doodle Road, northbound",Dakota County,MN,27037,44.83355080000001,-93.167321775,confirmed,,Eagan Police Department,"Pilot Knob Road at Yankee Doodle Road, northbound",agency-jurisdiction-eagan-police,osm-intersection,false,"Minn. Stat. § 13.824, subd. 8",https://dps.mn.gov/divisions/bca/data-and-reports/agencies-use-lprs-lpr,cross-alpr-reported-eagan-police-department-pilot-knob-road-at-yankee-doodle-road-northbound,1,26,50,false,false,false,,
alpr-reported-eagan-police-department-cliff-road-at-cedar-avenue-eastbound,"Reported ALPR — Cliff Road at Cedar Avenue, eastbound",Dakota County,MN,27037,44.7899059,-93.2210877,confirmed,,Eagan Police Department,"Cliff Road at Cedar Avenue, eastbound",agency-jurisdiction-eagan-police,osm-intersection,false,"Minn. Stat. § 13.824, subd. 8",https://dps.mn.gov/divisions/bca/data-and-reports/agencies-use-lprs-lpr,,0,,50,false,false,false,,
alpr-reported-eagan-police-department-denmark-avenue-at-yankee-doodle-road-southbound,"Reported ALPR — Denmark Avenue at Yankee Doodle Road, southbound",Dakota County,MN,27037,44.83352035,-93.1596683,confirmed,,Eagan Police Department,"Denmark Avenue at Yankee Doodle Road, southbound",agency-jurisdiction-eagan-police,osm-intersection,false,"Minn. Stat. § 13.824, subd. 8",https://dps.mn.gov/divisions/bca/data-and-reports/agencies-use-lprs-lpr,cross-alpr-reported-eagan-police-department-denmark-avenue-at-yankee-doodle-road-southbound,1,30,50,false,false,false,,
alpr-reported-eagan-police-department-duckwood-drive-at-pilot-knob-road-eastbound,"Reported ALPR — Duckwood Drive at Pilot Knob Road, eastbound",Dakota County,MN,27037,44.827164624999995,-93.16727797499999,confirmed,,Eagan Police Department,"Duckwood Drive at Pilot Knob Road, eastbound",agency-jurisdiction-eagan-police,osm-intersection,false,"Minn. Stat. § 13.824, subd. 8",https://dps.mn.gov/divisions/bca/data-and-reports/agencies-use-lprs-lpr,cross-alpr-reported-eagan-police-department-duckwood-drive-at-pilot-knob-road-eastbound,1,43,50,false,false,false,,
alpr-reported-eagan-police-department-cedar-grove-parkway-at-nicols-road,Reported ALPR — Cedar Grove Parkway at Nicols Road,Dakota County,MN,27037,44.8121067,-93.217912,confirmed,,Eagan Police Department,Cedar Grove Parkway at Nicols Road,agency-jurisdiction-eagan-police,osm-intersection,false,"Minn. Stat. § 13.824, subd. 8",https://dps.mn.gov/divisions/bca/data-and-reports/agencies-use-lprs-lpr,cross-alpr-reported-eagan-police-department-cedar-grove-parkway-at-nicols-road,1,50,50,false,false,false,,
alpr-reported-eagan-police-department-cedar-grove-parkway-at-silver-bell-road-northbound,"Reported ALPR — Cedar Grove Parkway at Silver Bell Road, northbound",Dakota County,MN,27037,44.818830420000005,-93.2078783,confirmed,,Eagan Police Department,"Cedar Grove Parkway at Silver Bell Road, northbound",agency-jurisdiction-eagan-police,osm-intersection,false,"Minn. Stat. § 13.824, subd. 8",https://dps.mn.gov/divisions/bca/data-and-reports/agencies-use-lprs-lpr,,0,,50,false,false,false,,
alpr-reported-eagan-police-department-silver-bell-road-at-nicols-road-northbound,"Reported ALPR — Silver Bell Road at Nicols Road, northbound",Dakota County,MN,27037,44.8191888,-93.2183565,confirmed,,Eagan Police Department,"Silver Bell Road at Nicols Road, northbound",agency-jurisdiction-eagan-police,osm-intersection,false,"Minn. Stat. § 13.824, subd. 8",https://dps.mn.gov/divisions/bca/data-and-reports/agencies-use-lprs-lpr,,0,,50,false,false,false,,
alpr-reported-eagan-police-department-silver-bell-road-at-nicols-road-southbound,"Reported ALPR — Silver Bell Road at Nicols Road, southbound",Dakota County,MN,27037,44.8191888,-93.2183565,confirmed,,Eagan Police Department,"Silver Bell Road at Nicols Road, southbound",agency-jurisdiction-eagan-police,osm-intersection,false,"Minn. Stat. § 13.824, subd. 8",https://dps.mn.gov/divisions/bca/data-and-reports/agencies-use-lprs-lpr,,0,,50,false,false,false,,
alpr-reported-eagan-police-department-silver-bell-road-at-nicols-road-westbound,"Reported ALPR — Silver Bell Road at Nicols Road, westbound",Dakota County,MN,27037,44.8191888,-93.2183565,confirmed,,Eagan Police Department,"Silver Bell Road at Nicols Road, westbound",agency-jurisdiction-eagan-police,osm-intersection,false,"Minn. Stat. § 13.824, subd. 8",https://dps.mn.gov/divisions/bca/data-and-reports/agencies-use-lprs-lpr,,0,,50,false,false,false,,
alpr-reported-elk-river-police-department-school-street-nw-at-proctor-avenue-nw-eastbound,Reported ALPR — School Street NW at Proctor Avenue NW eastbound,Sherburne County,MN,27141,45.311544,-93.577379,confirmed,,Elk River Police Department,School Street NW at Proctor Avenue NW eastbound,agency-jurisdiction-elk-river-police,osm-intersection,false,"Minn. Stat. § 13.824, subd. 8",https://dps.mn.gov/divisions/bca/data-and-reports/agencies-use-lprs-lpr,cross-alpr-reported-elk-river-police-department-school-street-nw-at-proctor-avenue-nw-eastbound,1,15,50,false,false,false,,
alpr-reported-elk-river-police-department-jackson-avenue-nw-at-4th-street-northbound,Reported ALPR — Jackson Avenue NW at 4th Street northbound,Sherburne County,MN,27141,45.305551,-93.5669795,confirmed,,Elk River Police Department,Jackson Avenue NW at 4th Street northbound,agency-jurisdiction-elk-river-police,osm-intersection,false,"Minn. Stat. § 13.824, subd. 8",https://dps.mn.gov/divisions/bca/data-and-reports/agencies-use-lprs-lpr,,0,,50,false,false,false,,
alpr-reported-elk-river-police-department-181st-avenue-nw-at-cleveland-street-nw-westbound,Reported ALPR — 181st Avenue NW at Cleveland Street NW westbound,Sherburne County,MN,27141,45.2998518,-93.5160706,confirmed,,Elk River Police Department,181st Avenue NW at Cleveland Street NW westbound,agency-jurisdiction-elk-river-police,osm-intersection,false,"Minn. Stat. § 13.824, subd. 8",https://dps.mn.gov/divisions/bca/data-and-reports/agencies-use-lprs-lpr,,0,,50,false,false,false,,
alpr-reported-elk-river-police-department-elk-lake-road-nw-at-meadowvale-road-nw-northbound,Reported ALPR — Elk Lake Road NW at Meadowvale Road NW northbound,Sherburne County,MN,27141,45.3238402,-93.5971182,confirmed,,Elk River Police Department,Elk Lake Road NW at Meadowvale Road NW northbound,agency-jurisdiction-elk-river-police,osm-intersection,true,"Minn. Stat. § 13.824, subd. 8",https://dps.mn.gov/divisions/bca/data-and-reports/agencies-use-lprs-lpr,,0,,50,false,false,false,,
alpr-reported-elk-river-police-department-twin-lakes-road-nw-at-cleveland-road-nw-westbound,Reported ALPR — Twin Lakes Road NW at Cleveland Road NW westbound,Sherburne County,MN,27141,45.321499300000006,-93.52148352857144,confirmed,,Elk River Police Department,Twin Lakes Road NW at Cleveland Road NW westbound,agency-jurisdiction-elk-river-police,osm-intersection,false,"Minn. Stat. § 13.824, subd. 8",https://dps.mn.gov/divisions/bca/data-and-reports/agencies-use-lprs-lpr,,0,,50,false,false,false,,
alpr-reported-elk-river-police-department-193rd-avenue-nw-at-evans-street-nw-eastbound,Reported ALPR — 193rd Avenue NW at Evans Street NW eastbound,Sherburne County,MN,27141,45.32139972,-93.56017944,confirmed,,Elk River Police Department,193rd Avenue NW at Evans Street NW eastbound,agency-jurisdiction-elk-river-police,osm-intersection,false,"Minn. Stat. § 13.824, subd. 8",https://dps.mn.gov/divisions/bca/data-and-reports/agencies-use-lprs-lpr,cross-alpr-reported-elk-river-police-department-193rd-avenue-nw-at-evans-street-nw-eastbound,1,39,50,false,false,false,,
alpr-reported-elk-river-police-department-181st-avenue-nw-at-tyler-drive-nw,Reported ALPR — 181st Avenue NW at Tyler Drive NW,Sherburne County,MN,27141,45.299524950000006,-93.5419428,confirmed,,Elk River Police Department,181st Avenue NW at Tyler Drive NW,agency-jurisdiction-elk-river-police,osm-intersection,false,"Minn. Stat. § 13.824, subd. 8",https://dps.mn.gov/divisions/bca/data-and-reports/agencies-use-lprs-lpr,,0,,50,false,false,false,,
alpr-reported-faribault-police-department-willow-street-and-allen-path,Reported ALPR — Willow Street and Allen Path,Rice County,MN,27131,44.267616,-93.272758,confirmed,,Faribault Police Department,Willow Street and Allen Path,,osm-intersection,false,"Minn. Stat. § 13.824, subd. 8",https://dps.mn.gov/divisions/bca/data-and-reports/agencies-use-lprs-lpr,,0,,50,false,false,false,,
alpr-reported-faribault-police-department-7th-street-nw-at-2nd-ave-nw,Reported ALPR — 7th Street NW at 2nd Ave. NW,Rice County,MN,27131,44.2981164,-93.2715787,confirmed,,Faribault Police Department,7th Street NW at 2nd Ave. NW,,osm-intersection,false,"Minn. Stat. § 13.824, subd. 8",https://dps.mn.gov/divisions/bca/data-and-reports/agencies-use-lprs-lpr,cross-alpr-reported-faribault-police-department-7th-street-nw-at-2nd-ave-nw,1,47,50,false,false,false,,
alpr-reported-forest-lake-police-department-11th-avenue-sw-at-eureka-avenue-north,Reported ALPR — 11th Avenue SW at Eureka Avenue North,Washington County,MN,27163,45.2685531,-93.0060338,confirmed,,Forest Lake Police Department,11th Avenue SW at Eureka Avenue North,agency-jurisdiction-forest-lake-police,osm-intersection,false,"Minn. Stat. § 13.824, subd. 8",https://dps.mn.gov/divisions/bca/data-and-reports/agencies-use-lprs-lpr,cross-alpr-reported-forest-lake-police-department-11th-avenue-sw-at-eureka-avenue-north,1,23,50,false,false,false,,
alpr-reported-hopkins-police-department-17th-avenue-south-and-first-street-south,Reported ALPR — 17th Avenue South and First Street South,Hennepin County,MN,27053,44.922575,-93.421776,confirmed,,Hopkins Police Department,17th Avenue South and First Street South,agency-jurisdiction-hopkins-police,osm-intersection,false,"Minn. Stat. § 13.824, subd. 8",https://dps.mn.gov/divisions/bca/data-and-reports/agencies-use-lprs-lpr,cross-alpr-reported-hopkins-police-department-17th-avenue-south-and-first-street-south,1,45,50,false,false,false,,
alpr-reported-hopkins-police-department-blake-road-north-and-highway-7,Reported ALPR — Blake Road North and Highway 7,Hennepin County,MN,27053,44.93554225,-93.38577434999999,confirmed,,Hopkins Police Department,Blake Road North and Highway 7,agency-jurisdiction-hopkins-police,osm-intersection,false,"Minn. Stat. § 13.824, subd. 8",https://dps.mn.gov/divisions/bca/data-and-reports/agencies-use-lprs-lpr,cross-alpr-reported-hopkins-police-department-blake-road-north-and-highway-7,1,49,50,false,false,false,,
alpr-reported-hopkins-police-department-excelsior-boulevard-and-blake-road-north,Reported ALPR — Excelsior Boulevard and Blake Road North,Hennepin County,MN,27053,44.92574425,-93.38576725,confirmed,,Hopkins Police Department,Excelsior Boulevard and Blake Road North,agency-jurisdiction-hopkins-police,osm-intersection,false,"Minn. Stat. § 13.824, subd. 8",https://dps.mn.gov/divisions/bca/data-and-reports/agencies-use-lprs-lpr,,0,,50,false,false,false,,
alpr-reported-hopkins-police-department-blake-road-north-and-excelsior-boulevard,Reported ALPR — Blake Road North and Excelsior Boulevard,Hennepin County,MN,27053,44.92574425,-93.38576725,confirmed,,Hopkins Police Department,Blake Road North and Excelsior Boulevard,agency-jurisdiction-hopkins-police,osm-intersection,false,"Minn. Stat. § 13.824, subd. 8",https://dps.mn.gov/divisions/bca/data-and-reports/agencies-use-lprs-lpr,,0,,50,false,false,false,,
alpr-reported-hopkins-police-department-17th-avenue-north-and-fourth-street-north,Reported ALPR — 17th Avenue North and Fourth Street North,Hennepin County,MN,27053,44.931588899999994,-93.42114534999999,confirmed,,Hopkins Police Department,17th Avenue North and Fourth Street North,agency-jurisdiction-hopkins-police,osm-intersection,false,"Minn. Stat. § 13.824, subd. 8",https://dps.mn.gov/divisions/bca/data-and-reports/agencies-use-lprs-lpr,,0,,50,false,false,false,,
alpr-reported-hopkins-police-department-5th-avenue-north-and-highway-7,Reported ALPR — 5th Avenue North and Highway 7,Hennepin County,MN,27053,44.9335555,-93.4057548,confirmed,,Hopkins Police Department,5th Avenue North and Highway 7,agency-jurisdiction-hopkins-police,osm-intersection,false,"Minn. Stat. § 13.824, subd. 8",https://dps.mn.gov/divisions/bca/data-and-reports/agencies-use-lprs-lpr,,0,,50,false,false,false,,
alpr-reported-hopkins-police-department-11th-avenue-south-and-smetana-road,Reported ALPR — 11th Avenue South and Smetana Road,Hennepin County,MN,27053,44.906227,-93.41423,confirmed,,Hopkins Police Department,11th Avenue South and Smetana Road,agency-jurisdiction-hopkins-police,osm-intersection,false,"Minn. Stat. § 13.824, subd. 8",https://dps.mn.gov/divisions/bca/data-and-reports/agencies-use-lprs-lpr,cross-alpr-reported-hopkins-police-department-11th-avenue-south-and-smetana-road,1,47,50,false,false,false,,
alpr-reported-hutchinson-police-department-minnesota-highway-7-at-vale-avenue,Reported ALPR — Minnesota Highway 7 at Vale Avenue,McLeod County,MN,27085,44.8988857,-94.4331033,confirmed,,Hutchinson Police Department,Minnesota Highway 7 at Vale Avenue,,osm-intersection,true,"Minn. Stat. § 13.824, subd. 8",https://dps.mn.gov/divisions/bca/data-and-reports/agencies-use-lprs-lpr,,0,,50,false,false,false,,
alpr-reported-hutchinson-police-department-minnesota-highway-15-at-county-road-89,Reported ALPR — Minnesota Highway 15 at County Road 89,McLeod County,MN,27085,44.8571909,-94.3756108,confirmed,,Hutchinson Police Department,Minnesota Highway 15 at County Road 89,,osm-intersection,false,"Minn. Stat. § 13.824, subd. 8",https://dps.mn.gov/divisions/bca/data-and-reports/agencies-use-lprs-lpr,,0,,50,false,false,false,,
alpr-reported-lakeville-police-department-210th-street-at-keokuk-avenue-2,Reported ALPR — 210th Street at Keokuk Avenue (2),Dakota County,MN,27037,44.645276816666666,-93.29909738333333,confirmed,,Lakeville Police Department,210th Street at Keokuk Avenue (2),agency-jurisdiction-lakeville-police,osm-intersection,false,"Minn. Stat. § 13.824, subd. 8",https://dps.mn.gov/divisions/bca/data-and-reports/agencies-use-lprs-lpr,cross-alpr-reported-lakeville-police-department-210th-street-at-keokuk-avenue-2,1,34,50,false,false,false,,
alpr-reported-lakeville-police-department-185th-street-at-judicial-road,Reported ALPR — 185th Street at Judicial Road,Dakota County,MN,27037,44.6814049,-93.31839000000001,confirmed,,Lakeville Police Department,185th Street at Judicial Road,agency-jurisdiction-lakeville-police,osm-intersection,false,"Minn. Stat. § 13.824, subd. 8",https://dps.mn.gov/divisions/bca/data-and-reports/agencies-use-lprs-lpr,,0,,50,false,false,false,,
alpr-reported-lakeville-police-department-205th-street-at-keystone-avenue,Reported ALPR — 205th Street at Keystone Avenue,Dakota County,MN,27037,44.6523579,-93.3022431,confirmed,,Lakeville Police Department,205th Street at Keystone Avenue,agency-jurisdiction-lakeville-police,osm-intersection,false,"Minn. Stat. § 13.824, subd. 8",https://dps.mn.gov/divisions/bca/data-and-reports/agencies-use-lprs-lpr,,0,,50,false,false,false,,
alpr-reported-lakeville-police-department-cedar-avenue-at-lakeville-boulevard,Reported ALPR — Cedar Avenue at Lakeville Boulevard,Dakota County,MN,27037,44.6432488,-93.2176359,confirmed,,Lakeville Police Department,Cedar Avenue at Lakeville Boulevard,agency-jurisdiction-lakeville-police,osm-intersection,false,"Minn. Stat. § 13.824, subd. 8",https://dps.mn.gov/divisions/bca/data-and-reports/agencies-use-lprs-lpr,,0,,50,false,false,false,,
alpr-reported-lakeville-police-department-cedar-avenue-at-162nd-street,Reported ALPR — Cedar Avenue at 162nd Street,Dakota County,MN,27037,44.71505745,-93.21773735,confirmed,,Lakeville Police Department,Cedar Avenue at 162nd Street,agency-jurisdiction-lakeville-police,osm-intersection,false,"Minn. Stat. § 13.824, subd. 8",https://dps.mn.gov/divisions/bca/data-and-reports/agencies-use-lprs-lpr,,0,,50,false,false,false,,
alpr-reported-lakeville-police-department-kenrick-avenue-at-185th-street-2,Reported ALPR — Kenrick Avenue at 185th Street (2),Dakota County,MN,27037,44.68134310000001,-93.29032082500001,confirmed,,Lakeville Police Department,Kenrick Avenue at 185th Street (2),agency-jurisdiction-lakeville-police,osm-intersection,false,"Minn. Stat. § 13.824, subd. 8",https://dps.mn.gov/divisions/bca/data-and-reports/agencies-use-lprs-lpr,cross-alpr-reported-lakeville-police-department-kenrick-avenue-at-185th-street-2,2,31,50,false,false,false,,
alpr-reported-lakeville-police-department-kenrick-avenue-at-162nd-street,Reported ALPR — Kenrick Avenue at 162nd Street,Dakota County,MN,27037,44.7138897,-93.2793161,confirmed,,Lakeville Police Department,Kenrick Avenue at 162nd Street,agency-jurisdiction-lakeville-police,osm-intersection,false,"Minn. Stat. § 13.824, subd. 8",https://dps.mn.gov/divisions/bca/data-and-reports/agencies-use-lprs-lpr,cross-alpr-reported-lakeville-police-department-kenrick-avenue-at-162nd-street,1,35,50,false,false,false,,
alpr-reported-lakeville-police-department-lakeville-boulevard-at-cedar-avenue,Reported ALPR — Lakeville Boulevard at Cedar Avenue,Dakota County,MN,27037,44.6432488,-93.2176359,confirmed,,Lakeville Police Department,Lakeville Boulevard at Cedar Avenue,agency-jurisdiction-lakeville-police,osm-intersection,false,"Minn. Stat. § 13.824, subd. 8",https://dps.mn.gov/divisions/bca/data-and-reports/agencies-use-lprs-lpr,,0,,50,false,false,false,,
alpr-reported-lakeville-police-department-kenwood-trail-at-klamath-trail,Reported ALPR — Kenwood Trail at Klamath Trail,Dakota County,MN,27037,44.7145329,-93.2969327,confirmed,,Lakeville Police Department,Kenwood Trail at Klamath Trail,agency-jurisdiction-lakeville-police,osm-intersection,true,"Minn. Stat. § 13.824, subd. 8",https://dps.mn.gov/divisions/bca/data-and-reports/agencies-use-lprs-lpr,cross-alpr-reported-lakeville-police-department-kenwood-trail-at-klamath-trail,1,19,50,false,true,false,,
alpr-reported-lakeville-police-department-pilot-knob-road-at-160th-street,Reported ALPR — Pilot Knob Road at 160th Street,Dakota County,MN,27037,44.71728655,-93.17689967499999,confirmed,,Lakeville Police Department,Pilot Knob Road at 160th Street,agency-jurisdiction-lakeville-police,osm-intersection,false,"Minn. Stat. § 13.824, subd. 8",https://dps.mn.gov/divisions/bca/data-and-reports/agencies-use-lprs-lpr,,0,,50,false,false,false,,
alpr-reported-lakeville-police-department-179th-street-at-cedar-avenue-2,Reported ALPR — 179th Street at Cedar Avenue (2),Dakota County,MN,27037,44.69156265,-93.217441525,confirmed,,Lakeville Police Department,179th Street at Cedar Avenue (2),agency-jurisdiction-lakeville-police,osm-intersection,false,"Minn. Stat. § 13.824, subd. 8",https://dps.mn.gov/divisions/bca/data-and-reports/agencies-use-lprs-lpr,,0,,50,false,false,false,,
alpr-reported-mankato-department-of-public-safety-north-riverfront-drive-at-rock-street,Reported ALPR — North Riverfront Drive at Rock Street,Blue Earth County,MN,27013,44.1730602,-93.9973608,confirmed,,Mankato Department of Public Safety,North Riverfront Drive at Rock Street,,osm-intersection,false,"Minn. Stat. § 13.824, subd. 8",https://dps.mn.gov/divisions/bca/data-and-reports/agencies-use-lprs-lpr,,0,,50,false,false,false,,
alpr-reported-mankato-department-of-public-safety-north-4th-street-at-washington-street,Reported ALPR — North 4th Street at Washington Street,Blue Earth County,MN,27013,44.168308,-93.996077,confirmed,,Mankato Department of Public Safety,North 4th Street at Washington Street,,osm-intersection,false,"Minn. Stat. § 13.824, subd. 8",https://dps.mn.gov/divisions/bca/data-and-reports/agencies-use-lprs-lpr,,0,,50,false,false,false,,
alpr-reported-medina-police-department-county-road-19-and-county-road-11,Reported ALPR — County Road 19 and County Road 11,Hennepin County,MN,27053,45.0511676,-93.6352579,confirmed,,Medina Police Department,County Road 19 and County Road 11,agency-jurisdiction-medina-police,osm-intersection,false,"Minn. Stat. § 13.824, subd. 8",https://dps.mn.gov/divisions/bca/data-and-reports/agencies-use-lprs-lpr,cross-alpr-reported-medina-police-department-county-road-19-and-county-road-11,1,17,50,false,false,false,,
alpr-reported-medina-police-department-northridge-drive-and-county-road-24,Reported ALPR — Northridge Drive and County Road 24,Hennepin County,MN,27053,45.0129433,-93.5301847,confirmed,,Medina Police Department,Northridge Drive and County Road 24,agency-jurisdiction-medina-police,osm-intersection,false,"Minn. Stat. § 13.824, subd. 8",https://dps.mn.gov/divisions/bca/data-and-reports/agencies-use-lprs-lpr,cross-alpr-reported-medina-police-department-northridge-drive-and-county-road-24,1,7,50,false,false,false,,
alpr-reported-medina-police-department-northridge-drive-and-hunter-drive,Reported ALPR — Northridge Drive and Hunter Drive,Hennepin County,MN,27053,45.0086552,-93.5326004,confirmed,,Medina Police Department,Northridge Drive and Hunter Drive,agency-jurisdiction-medina-police,osm-intersection,false,"Minn. Stat. § 13.824, subd. 8",https://dps.mn.gov/divisions/bca/data-and-reports/agencies-use-lprs-lpr,cross-alpr-reported-medina-police-department-northridge-drive-and-hunter-drive,1,5,50,false,false,false,,
alpr-reported-medina-police-department-deer-hill-road-and-homestead-trail,Reported ALPR — Deer Hill Road and Homestead Trail,Hennepin County,MN,27053,45.000072,-93.599121,confirmed,,Medina Police Department,Deer Hill Road and Homestead Trail,agency-jurisdiction-medina-police,osm-intersection,false,"Minn. Stat. § 13.824, subd. 8",https://dps.mn.gov/divisions/bca/data-and-reports/agencies-use-lprs-lpr,cross-alpr-reported-medina-police-department-deer-hill-road-and-homestead-trail,1,26,50,false,false,false,,
alpr-reported-minneapolis-police-department-chicago-avenue-and-lake-street-east,Reported ALPR — Chicago Avenue and Lake Street East,Hennepin County,MN,27053,44.9483581,-93.2626731,confirmed,,Minneapolis Police Department,Chicago Avenue and Lake Street East,agency-jurisdiction-minneapolis-police,osm-intersection,false,"Minn. Stat. § 13.824, subd. 8",https://dps.mn.gov/divisions/bca/data-and-reports/agencies-use-lprs-lpr,cross-alpr-reported-minneapolis-police-department-chicago-avenue-and-lake-street-east,4,12,50,false,false,false,,
alpr-reported-minneapolis-police-department-lowry-avenue-and-upton-avenue-north,Reported ALPR — Lowry Avenue and Upton Avenue North,Hennepin County,MN,27053,45.0132616,-93.3146164,confirmed,,Minneapolis Police Department,Lowry Avenue and Upton Avenue North,agency-jurisdiction-minneapolis-police,osm-intersection,false,"Minn. Stat. § 13.824, subd. 8",https://dps.mn.gov/divisions/bca/data-and-reports/agencies-use-lprs-lpr,,0,,50,false,false,false,,
alpr-reported-minneapolis-police-department-washington-avenue-north-and-2nd-avenue-north,Reported ALPR — Washington Avenue North and 2nd Avenue North,Hennepin County,MN,27053,44.983713,-93.2713344,confirmed,,Minneapolis Police Department,Washington Avenue North and 2nd Avenue North,agency-jurisdiction-minneapolis-police,osm-intersection,false,"Minn. Stat. § 13.824, subd. 8",https://dps.mn.gov/divisions/bca/data-and-reports/agencies-use-lprs-lpr,cross-alpr-reported-minneapolis-police-department-washington-avenue-north-and-2nd-avenue-north,1,17,50,false,false,false,,
alpr-reported-minneapolis-police-department-5th-street-se-and-14th-avenue-se,Reported ALPR — 5th Street SE and 14th Avenue SE,Hennepin County,MN,27053,44.981471,-93.2349993,confirmed,,Minneapolis Police Department,5th Street SE and 14th Avenue SE,agency-jurisdiction-minneapolis-police,osm-intersection,false,"Minn. Stat. § 13.824, subd. 8",https://dps.mn.gov/divisions/bca/data-and-reports/agencies-use-lprs-lpr,cross-alpr-reported-minneapolis-police-department-5th-street-se-and-14th-avenue-se,1,15,50,false,false,false,,
alpr-reported-minneapolis-police-department-2nd-avenue-north-and-3rd-street-north,Reported ALPR — 2nd Avenue North and 3rd Street North,Hennepin County,MN,27053,44.9828795,-93.272534,confirmed,,Minneapolis Police Department,2nd Avenue North and 3rd Street North,agency-jurisdiction-minneapolis-police,osm-intersection,false,"Minn. Stat. § 13.824, subd. 8",https://dps.mn.gov/divisions/bca/data-and-reports/agencies-use-lprs-lpr,cross-alpr-reported-minneapolis-police-department-2nd-avenue-north-and-3rd-street-north,2,14,50,false,false,false,,
alpr-reported-minneapolis-police-department-chicago-avenue-and-franklin-avenue-east,Reported ALPR — Chicago Avenue and Franklin Avenue East,Hennepin County,MN,27053,44.962708,-93.2625606,confirmed,,Minneapolis Police Department,Chicago Avenue and Franklin Avenue East,agency-jurisdiction-minneapolis-police,osm-intersection,false,"Minn. Stat. § 13.824, subd. 8",https://dps.mn.gov/divisions/bca/data-and-reports/agencies-use-lprs-lpr,cross-alpr-reported-minneapolis-police-department-chicago-avenue-and-franklin-avenue-east,2,13,50,false,false,false,,
alpr-reported-minneapolis-police-department-8th-street-south-and-chicago-avenue,Reported ALPR — 8th Street south and Chicago Avenue,Hennepin County,MN,27053,44.9713219,-93.2621797,confirmed,,Minneapolis Police Department,8th Street south and Chicago Avenue,agency-jurisdiction-minneapolis-police,osm-intersection,false,"Minn. Stat. § 13.824, subd. 8",https://dps.mn.gov/divisions/bca/data-and-reports/agencies-use-lprs-lpr,cross-alpr-reported-minneapolis-police-department-8th-street-south-and-chicago-avenue,1,13,50,false,false,false,,
alpr-reported-minneapolis-police-department-lake-street-east-and-22nd-avenue-south,Reported ALPR — Lake Street East and 22nd Avenue South,Hennepin County,MN,27053,44.94834943333334,-93.24035276666666,confirmed,,Minneapolis Police Department,Lake Street East and 22nd Avenue South,agency-jurisdiction-minneapolis-police,osm-intersection,false,"Minn. Stat. § 13.824, subd. 8",https://dps.mn.gov/divisions/bca/data-and-reports/agencies-use-lprs-lpr,cross-alpr-reported-minneapolis-police-department-lake-street-east-and-22nd-avenue-south,2,14,50,false,false,false,,
alpr-reported-minneapolis-police-department-franklin-avenue-east-and-cedar-avenue,Reported ALPR — Franklin Avenue East and Cedar Avenue,Hennepin County,MN,27053,44.9622211,-93.2472805,confirmed,,Minneapolis Police Department,Franklin Avenue East and Cedar Avenue,agency-jurisdiction-minneapolis-police,osm-intersection,false,"Minn. Stat. § 13.824, subd. 8",https://dps.mn.gov/divisions/bca/data-and-reports/agencies-use-lprs-lpr,,0,,50,false,false,false,,
alpr-reported-minneapolis-police-department-washington-avenue-south-and-12th-avenue-south,Reported ALPR — Washington Avenue South and 12th Avenue South,Hennepin County,MN,27053,44.97484005,-93.25180785,confirmed,,Minneapolis Police Department,Washington Avenue South and 12th Avenue South,agency-jurisdiction-minneapolis-police,osm-intersection,false,"Minn. Stat. § 13.824, subd. 8",https://dps.mn.gov/divisions/bca/data-and-reports/agencies-use-lprs-lpr,,0,,50,false,false,false,,
alpr-reported-minneapolis-police-department-penn-avenue-north-and-glenwood-avenue,Reported ALPR — Penn Avenue North and Glenwood Avenue,Hennepin County,MN,27053,44.9807363,-93.3083364,confirmed,,Minneapolis Police Department,Penn Avenue North and Glenwood Avenue,agency-jurisdiction-minneapolis-police,osm-intersection,false,"Minn. Stat. § 13.824, subd. 8",https://dps.mn.gov/divisions/bca/data-and-reports/agencies-use-lprs-lpr,cross-alpr-reported-minneapolis-police-department-penn-avenue-north-and-glenwood-avenue,1,14,50,false,false,false,,
alpr-reported-minnetonka-police-department-wayzata-boulevard-and-fairfield-road,Reported ALPR — Wayzata Boulevard and Fairfield Road,Hennepin County,MN,27053,44.971313,-93.427803,confirmed,,Minnetonka Police Department,Wayzata Boulevard and Fairfield Road,agency-jurisdiction-minnetonka-police,osm-intersection,false,"Minn. Stat. § 13.824, subd. 8",https://dps.mn.gov/divisions/bca/data-and-reports/agencies-use-lprs-lpr,,0,,50,false,false,false,,
alpr-reported-minnetonka-police-department-ridgedale-drive-and-plymouth-road,Reported ALPR — Ridgedale Drive and Plymouth Road,Hennepin County,MN,27053,44.96564622857143,-93.44249331428571,confirmed,,Minnetonka Police Department,Ridgedale Drive and Plymouth Road,agency-jurisdiction-minnetonka-police,osm-intersection,false,"Minn. Stat. § 13.824, subd. 8",https://dps.mn.gov/divisions/bca/data-and-reports/agencies-use-lprs-lpr,,0,,50,false,false,false,,
alpr-reported-minnetonka-police-department-cartway-lane-and-plymouth-road,Reported ALPR — Cartway Lane and Plymouth Road,Hennepin County,MN,27053,44.967672900000004,-93.4429844,confirmed,,Minnetonka Police Department,Cartway Lane and Plymouth Road,agency-jurisdiction-minnetonka-police,osm-intersection,false,"Minn. Stat. § 13.824, subd. 8",https://dps.mn.gov/divisions/bca/data-and-reports/agencies-use-lprs-lpr,,0,,50,false,false,false,,
alpr-reported-minnetonka-police-department-shady-oak-road-and-red-circle-drive,Reported ALPR — Shady Oak Road and Red Circle Drive,Hennepin County,MN,27053,44.89426773333333,-93.42049353333334,confirmed,,Minnetonka Police Department,Shady Oak Road and Red Circle Drive,agency-jurisdiction-minnetonka-police,osm-intersection,true,"Minn. Stat. § 13.824, subd. 8",https://dps.mn.gov/divisions/bca/data-and-reports/agencies-use-lprs-lpr,cross-alpr-reported-minnetonka-police-department-shady-oak-road-and-red-circle-drive,1,36,50,false,true,false,,
alpr-reported-minnetonka-police-department-plymouth-road-and-ridgehaven-lane,Reported ALPR — Plymouth Road and Ridgehaven Lane,Hennepin County,MN,27053,44.9694493,-93.44411686666666,confirmed,,Minnetonka Police Department,Plymouth Road and Ridgehaven Lane,agency-jurisdiction-minnetonka-police,osm-intersection,false,"Minn. Stat. § 13.824, subd. 8",https://dps.mn.gov/divisions/bca/data-and-reports/agencies-use-lprs-lpr,,0,,50,false,false,false,,
alpr-reported-minnetonka-police-department-highway-7-and-county-road-101,Reported ALPR — Highway 7 and County Road 101,Hennepin County,MN,27053,44.913747225,-93.5032411,confirmed,,Minnetonka Police Department,Highway 7 and County Road 101,agency-jurisdiction-minnetonka-police,osm-intersection,false,"Minn. Stat. § 13.824, subd. 8",https://dps.mn.gov/divisions/bca/data-and-reports/agencies-use-lprs-lpr,cross-alpr-reported-minnetonka-police-department-highway-7-and-county-road-101,1,37,50,false,false,false,,
alpr-reported-minnetonka-police-department-seven-hi-drive-and-county-road-101,Reported ALPR — Seven Hi Drive and County Road 101,Hennepin County,MN,27053,44.916849414285714,-93.50310297142859,confirmed,,Minnetonka Police Department,Seven Hi Drive and County Road 101,agency-jurisdiction-minnetonka-police,osm-intersection,false,"Minn. Stat. § 13.824, subd. 8",https://dps.mn.gov/divisions/bca/data-and-reports/agencies-use-lprs-lpr,cross-alpr-reported-minnetonka-police-department-seven-hi-drive-and-county-road-101,1,29,50,false,false,false,,
alpr-reported-minnetonka-police-department-ridgedale-drive-and-ridgehaven-lane,Reported ALPR — Ridgedale Drive and Ridgehaven Lane,Hennepin County,MN,27053,44.9695951,-93.4448988,confirmed,,Minnetonka Police Department,Ridgedale Drive and Ridgehaven Lane,agency-jurisdiction-minnetonka-police,osm-intersection,false,"Minn. Stat. § 13.824, subd. 8",https://dps.mn.gov/divisions/bca/data-and-reports/agencies-use-lprs-lpr,cross-alpr-reported-minnetonka-police-department-ridgedale-drive-and-ridgehaven-lane,1,44,50,false,false,false,,
alpr-reported-minnetrista-police-department-county-road-92-at-county-road-26-southbound,Reported ALPR — County Road 92 at County Road 26 southbound,Hennepin County,MN,27053,44.9699971,-93.7325314,confirmed,,Minnetrista Police Department,County Road 92 at County Road 26 southbound,agency-jurisdiction-minnetrista-police,osm-intersection,true,"Minn. Stat. § 13.824, subd. 8",https://dps.mn.gov/divisions/bca/data-and-reports/agencies-use-lprs-lpr,,0,,50,false,false,false,,
alpr-reported-minnetrista-police-department-county-road-92-at-hunters-trail-northbound,Reported ALPR — County Road 92 at Hunters Trail northbound,Hennepin County,MN,27053,44.8909402,-93.7492758,confirmed,,Minnetrista Police Department,County Road 92 at Hunters Trail northbound,agency-jurisdiction-minnetrista-police,osm-intersection,false,"Minn. Stat. § 13.824, subd. 8",https://dps.mn.gov/divisions/bca/data-and-reports/agencies-use-lprs-lpr,cross-alpr-reported-minnetrista-police-department-county-road-92-at-hunters-trail-northbound,1,15,50,false,false,false,,
alpr-reported-mounds-view-police-department-mounds-view-boulevard-at-groveland-road-eastbound,Reported ALPR — Mounds View Boulevard at Groveland Road eastbound,Ramsey County,MN,27123,45.1123524,-93.2211413,confirmed,,Mounds View Police Department,Mounds View Boulevard at Groveland Road eastbound,agency-jurisdiction-mounds-view-police,osm-intersection,false,"Minn. Stat. § 13.824, subd. 8",https://dps.mn.gov/divisions/bca/data-and-reports/agencies-use-lprs-lpr,,0,,50,false,false,false,,
alpr-reported-mounds-view-police-department-mounds-view-boulevard-at-program-avenue-northbound,Reported ALPR — Mounds View Boulevard at Program Avenue northbound,Ramsey County,MN,27123,45.0952082,-93.1931096,confirmed,,Mounds View Police Department,Mounds View Boulevard at Program Avenue northbound,agency-jurisdiction-mounds-view-police,osm-intersection,false,"Minn. Stat. § 13.824, subd. 8",https://dps.mn.gov/divisions/bca/data-and-reports/agencies-use-lprs-lpr,,0,,50,false,false,false,,
alpr-reported-mounds-view-police-department-mounds-view-boulevard-at-long-lake-road-westbound,Reported ALPR — Mounds View Boulevard at Long Lake Road westbound,Ramsey County,MN,27123,45.105098,-93.208939,confirmed,,Mounds View Police Department,Mounds View Boulevard at Long Lake Road westbound,agency-jurisdiction-mounds-view-police,osm-intersection,false,"Minn. Stat. § 13.824, subd. 8",https://dps.mn.gov/divisions/bca/data-and-reports/agencies-use-lprs-lpr,cross-alpr-reported-mounds-view-police-department-mounds-view-boulevard-at-long-lake-road-westbound,1,49,50,false,false,false,,
alpr-reported-mounds-view-police-department-mounds-view-boulevard-at-long-lake-road-eastbound,Reported ALPR — Mounds View Boulevard at Long Lake Road eastbound,Ramsey County,MN,27123,45.105098,-93.208939,confirmed,,Mounds View Police Department,Mounds View Boulevard at Long Lake Road eastbound,agency-jurisdiction-mounds-view-police,osm-intersection,false,"Minn. Stat. § 13.824, subd. 8",https://dps.mn.gov/divisions/bca/data-and-reports/agencies-use-lprs-lpr,,0,,50,false,false,true,49,cross-alpr-reported-mounds-view-police-department-mounds-view-boulevard-at-long-lake-road-westbound
alpr-reported-mounds-view-police-department-county-road-i-at-quincy-street-westbound,Reported ALPR — County Road I at Quincy Street westbound,Ramsey County,MN,27123,45.1080656,-93.1936774,confirmed,,Mounds View Police Department,County Road I at Quincy Street westbound,agency-jurisdiction-mounds-view-police,osm-intersection,false,"Minn. Stat. § 13.824, subd. 8",https://dps.mn.gov/divisions/bca/data-and-reports/agencies-use-lprs-lpr,,0,,50,false,false,false,,
alpr-reported-mounds-view-police-department-silver-lake-road-at-woodcrest-drive-northbound,Reported ALPR — Silver Lake Road at Woodcrest Drive northbound,Ramsey County,MN,27123,45.095597850000004,-93.21898435,confirmed,,Mounds View Police Department,Silver Lake Road at Woodcrest Drive northbound,agency-jurisdiction-mounds-view-police,osm-intersection,false,"Minn. Stat. § 13.824, subd. 8",https://dps.mn.gov/divisions/bca/data-and-reports/agencies-use-lprs-lpr,cross-alpr-reported-mounds-view-police-department-silver-lake-road-at-woodcrest-drive-northbound,1,33,50,false,false,false,,
alpr-reported-mounds-view-police-department-county-road-h2-at-silver-lake-road-eastbound,Reported ALPR — County Road H2 at Silver Lake Road eastbound,Ramsey County,MN,27123,45.1005975,-93.2190602,confirmed,,Mounds View Police Department,County Road H2 at Silver Lake Road eastbound,agency-jurisdiction-mounds-view-police,osm-intersection,false,"Minn. Stat. § 13.824, subd. 8",https://dps.mn.gov/divisions/bca/data-and-reports/agencies-use-lprs-lpr,cross-alpr-reported-mounds-view-police-department-county-road-h2-at-silver-lake-road-eastbound,1,23,50,false,false,false,,
alpr-reported-mounds-view-police-department-county-road-i-at-silver-lake-road-eastbound,Reported ALPR — County Road I at Silver Lake Road eastbound,Ramsey County,MN,27123,45.1078153,-93.2192176,confirmed,,Mounds View Police Department,County Road I at Silver Lake Road eastbound,agency-jurisdiction-mounds-view-police,osm-intersection,false,"Minn. Stat. § 13.824, subd. 8",https://dps.mn.gov/divisions/bca/data-and-reports/agencies-use-lprs-lpr,cross-alpr-reported-mounds-view-police-department-county-road-i-at-silver-lake-road-eastbound,1,30,50,false,false,false,,
alpr-reported-new-brighton-police-department-silver-lake-road-and-7th-street-northwest,Reported ALPR — Silver Lake Road and 7th Street Northwest,Ramsey County,MN,27123,45.06095885,-93.2180484,confirmed,,New Brighton Police Department,Silver Lake Road and 7th Street Northwest,agency-jurisdiction-new-brighton-police,osm-intersection,false,"Minn. Stat. § 13.824, subd. 8",https://dps.mn.gov/divisions/bca/data-and-reports/agencies-use-lprs-lpr,,0,,50,false,false,false,,
alpr-reported-new-brighton-police-department-old-highway-8-and-state-highway-96,Reported ALPR — Old Highway 8 and State Highway 96,Ramsey County,MN,27123,45.07908035,-93.18822109999999,confirmed,,New Brighton Police Department,Old Highway 8 and State Highway 96,agency-jurisdiction-new-brighton-police,osm-intersection,false,"Minn. Stat. § 13.824, subd. 8",https://dps.mn.gov/divisions/bca/data-and-reports/agencies-use-lprs-lpr,,0,,50,false,false,false,,
alpr-reported-new-brighton-police-department-county-road-e2-and-2nd-avenue-northwest,Reported ALPR — County Road E2 and 2nd Avenue Northwest,Ramsey County,MN,27123,45.0574023,-93.1892487,confirmed,,New Brighton Police Department,County Road E2 and 2nd Avenue Northwest,agency-jurisdiction-new-brighton-police,osm-intersection,false,"Minn. Stat. § 13.824, subd. 8",https://dps.mn.gov/divisions/bca/data-and-reports/agencies-use-lprs-lpr,,0,,50,false,false,false,,
alpr-reported-new-brighton-police-department-10th-street-northwest-and-9th-avenue-northwest,Reported ALPR — 10th Street Northwest and 9th Avenue Northwest,Ramsey County,MN,27123,45.064619,-93.199453,confirmed,,New Brighton Police Department,10th Street Northwest and 9th Avenue Northwest,agency-jurisdiction-new-brighton-police,osm-intersection,false,"Minn. Stat. § 13.824, subd. 8",https://dps.mn.gov/divisions/bca/data-and-reports/agencies-use-lprs-lpr,,0,,50,false,false,false,,
alpr-reported-new-brighton-police-department-county-road-d-west-and-long-lake-road,Reported ALPR — County Road D West and Long Lake Road,Ramsey County,MN,27123,45.035793,-93.1978922,confirmed,,New Brighton Police Department,County Road D West and Long Lake Road,agency-jurisdiction-new-brighton-police,osm-intersection,true,"Minn. Stat. § 13.824, subd. 8",https://dps.mn.gov/divisions/bca/data-and-reports/agencies-use-lprs-lpr,,0,,50,false,false,false,,
alpr-reported-new-brighton-police-department-silver-lake-road-and-mississippi-street,Reported ALPR — Silver Lake Road and Mississippi Street,Ramsey County,MN,27123,45.0861105,-93.2190168,confirmed,,New Brighton Police Department,Silver Lake Road and Mississippi Street,agency-jurisdiction-new-brighton-police,osm-intersection,false,"Minn. Stat. § 13.824, subd. 8",https://dps.mn.gov/divisions/bca/data-and-reports/agencies-use-lprs-lpr,,0,,50,false,false,false,,
alpr-reported-new-hope-police-department-62nd-avenue-north-at-west-broadway-avenue,Reported ALPR — 62nd Avenue North at West Broadway Avenue,Hennepin County,MN,27053,45.0657056,-93.3753402,confirmed,,New Hope Police Department,62nd Avenue North at West Broadway Avenue,agency-jurisdiction-new-hope-police,osm-intersection,false,"Minn. Stat. § 13.824, subd. 8",https://dps.mn.gov/divisions/bca/data-and-reports/agencies-use-lprs-lpr,cross-alpr-reported-new-hope-police-department-62nd-avenue-north-at-west-broadway-avenue,1,47,50,false,false,false,,
alpr-reported-new-hope-police-department-bass-lake-road-at-maryland-avenue,Reported ALPR — Bass Lake Road at Maryland Avenue,Hennepin County,MN,27053,45.0546936,-93.37119225000001,confirmed,,New Hope Police Department,Bass Lake Road at Maryland Avenue,agency-jurisdiction-new-hope-police,osm-intersection,false,"Minn. Stat. § 13.824, subd. 8",https://dps.mn.gov/divisions/bca/data-and-reports/agencies-use-lprs-lpr,cross-alpr-reported-new-hope-police-department-bass-lake-road-at-maryland-avenue,1,31,50,false,false,false,,
alpr-reported-new-hope-police-department-bass-lake-road-at-international-parkway,Reported ALPR — Bass Lake Road at International Parkway,Hennepin County,MN,27053,45.0580455,-93.3947431,confirmed,,New Hope Police Department,Bass Lake Road at International Parkway,agency-jurisdiction-new-hope-police,osm-intersection,false,"Minn. Stat. § 13.824, subd. 8",https://dps.mn.gov/divisions/bca/data-and-reports/agencies-use-lprs-lpr,,0,,50,false,false,false,,
alpr-reported-new-hope-police-department-42nd-avenue-at-louisiana-avenue,Reported ALPR — 42nd Avenue at Louisiana Avenue,Hennepin County,MN,27053,45.0328224,-93.3702777,confirmed,,New Hope Police Department,42nd Avenue at Louisiana Avenue,agency-jurisdiction-new-hope-police,osm-intersection,false,"Minn. Stat. § 13.824, subd. 8",https://dps.mn.gov/divisions/bca/data-and-reports/agencies-use-lprs-lpr,,0,,50,false,false,false,,
alpr-reported-new-hope-police-department-winnetka-avenue-at-medicine-lake-road,Reported ALPR — Winnetka Avenue at Medicine Lake Road,Hennepin County,MN,27053,45.007329999999996,-93.3803408,confirmed,,New Hope Police Department,Winnetka Avenue at Medicine Lake Road,agency-jurisdiction-new-hope-police,osm-intersection,false,"Minn. Stat. § 13.824, subd. 8",https://dps.mn.gov/divisions/bca/data-and-reports/agencies-use-lprs-lpr,cross-alpr-reported-new-hope-police-department-winnetka-avenue-at-medicine-lake-road,1,36,50,false,false,false,,
alpr-reported-new-hope-police-department-36th-avenue-and-maryland-avenue,Reported ALPR — 36th Avenue and Maryland Avenue,Hennepin County,MN,27053,45.0218937,-93.3718106,confirmed,,New Hope Police Department,36th Avenue and Maryland Avenue,agency-jurisdiction-new-hope-police,osm-intersection,false,"Minn. Stat. § 13.824, subd. 8",https://dps.mn.gov/divisions/bca/data-and-reports/agencies-use-lprs-lpr,,0,,50,false,false,false,,
alpr-reported-new-prague-police-department-columbus-avenue-n-at-7th-street-ne,Reported ALPR — Columbus Avenue N. at 7th Street NE,Scott County,MN,27139,44.55086757499999,-93.57379377500001,confirmed,,New Prague Police Department,Columbus Avenue N. at 7th Street NE,agency-jurisdiction-new-prague-police,osm-intersection,false,"Minn. Stat. § 13.824, subd. 8",https://dps.mn.gov/divisions/bca/data-and-reports/agencies-use-lprs-lpr,,0,,50,false,false,false,,
alpr-reported-new-prague-police-department-10th-avenue-se-at-main-street-e,Reported ALPR — 10th Avenue SE at Main Street E.,Scott County,MN,27139,44.5435067,-93.56148495,confirmed,,New Prague Police Department,10th Avenue SE at Main Street E.,agency-jurisdiction-new-prague-police,osm-intersection,false,"Minn. Stat. § 13.824, subd. 8",https://dps.mn.gov/divisions/bca/data-and-reports/agencies-use-lprs-lpr,cross-alpr-reported-new-prague-police-department-10th-avenue-se-at-main-street-e,1,37,50,false,false,false,,
alpr-reported-north-branch-police-department-forest-boulevard-at-360th-street,Reported ALPR — Forest Boulevard at 360th Street,Chisago County,MN,27025,45.470429,-92.980278,confirmed,,North Branch Police Department,Forest Boulevard at 360th Street,agency-jurisdiction-north-branch-police,osm-intersection,false,"Minn. Stat. § 13.824, subd. 8",https://dps.mn.gov/divisions/bca/data-and-reports/agencies-use-lprs-lpr,cross-alpr-reported-north-branch-police-department-forest-boulevard-at-360th-street,1,12,50,false,false,false,,
alpr-reported-north-branch-police-department-forest-boulevard-at-420th-street,Reported ALPR — Forest Boulevard at 420th Street,Chisago County,MN,27025,45.5571721,-92.9776637,confirmed,,North Branch Police Department,Forest Boulevard at 420th Street,agency-jurisdiction-north-branch-police,osm-intersection,false,"Minn. Stat. § 13.824, subd. 8",https://dps.mn.gov/divisions/bca/data-and-reports/agencies-use-lprs-lpr,,0,,50,false,false,false,,
alpr-reported-north-branch-police-department-lincoln-trail-at-360th-street,Reported ALPR — Lincoln Trail at 360th Street,Chisago County,MN,27025,45.470012,-92.918703,confirmed,,North Branch Police Department,Lincoln Trail at 360th Street,agency-jurisdiction-north-branch-police,osm-intersection,false,"Minn. Stat. § 13.824, subd. 8",https://dps.mn.gov/divisions/bca/data-and-reports/agencies-use-lprs-lpr,cross-alpr-reported-north-branch-police-department-lincoln-trail-at-360th-street,1,32,50,false,false,false,,
alpr-reported-osseo-police-department-central-avenue-at-6th-street-northeast-northbound,Reported ALPR — Central Avenue at 6th Street Northeast northbound,Hennepin County,MN,27053,45.1221608,-93.4020985,confirmed,,Osseo Police Department,Central Avenue at 6th Street Northeast northbound,agency-jurisdiction-osseo-police,osm-intersection,false,"Minn. Stat. § 13.824, subd. 8",https://dps.mn.gov/divisions/bca/data-and-reports/agencies-use-lprs-lpr,cross-alpr-reported-osseo-police-department-central-avenue-at-6th-street-northeast-northbound,1,48,50,false,false,false,,
alpr-reported-osseo-police-department-central-avenue-at-93rd-avenue-north-county-road-30-southbound,Reported ALPR — Central Avenue at 93rd Avenue North (County Road 30) southbound,Hennepin County,MN,27053,45.1232401,-93.4020785,confirmed,,Osseo Police Department,Central Avenue at 93rd Avenue North (County Road 30) southbound,agency-jurisdiction-osseo-police,osm-intersection,false,"Minn. Stat. § 13.824, subd. 8",https://dps.mn.gov/divisions/bca/data-and-reports/agencies-use-lprs-lpr,cross-alpr-reported-osseo-police-department-central-avenue-at-93rd-avenue-north-county-road-30-southbound,1,31,50,false,false,false,,
alpr-reported-osseo-police-department-central-avenue-at-county-road-81-northbound,Reported ALPR — Central Avenue at County Road 81 northbound,Hennepin County,MN,27053,45.1160814,-93.4022405,confirmed,,Osseo Police Department,Central Avenue at County Road 81 northbound,agency-jurisdiction-osseo-police,osm-intersection,false,"Minn. Stat. § 13.824, subd. 8",https://dps.mn.gov/divisions/bca/data-and-reports/agencies-use-lprs-lpr,cross-alpr-reported-osseo-police-department-central-avenue-at-county-road-81-northbound,1,27,50,false,false,false,,
alpr-reported-osseo-police-department-central-avenue-at-1st-street-northwest-southbound,Reported ALPR — Central Avenue at 1st Street Northwest southbound,Hennepin County,MN,27053,45.1170969,-93.4021944,confirmed,,Osseo Police Department,Central Avenue at 1st Street Northwest southbound,agency-jurisdiction-osseo-police,osm-intersection,false,"Minn. Stat. § 13.824, subd. 8",https://dps.mn.gov/divisions/bca/data-and-reports/agencies-use-lprs-lpr,cross-alpr-reported-osseo-police-department-central-avenue-at-1st-street-northwest-southbound,1,11,50,false,false,false,,
alpr-reported-owatonna-police-department-south-cedar-at-22nd-street-northbound,Reported ALPR — South Cedar at 22nd Street northbound,Steele County,MN,27147,44.061805,-93.226102,confirmed,,Owatonna Police Department,South Cedar at 22nd Street northbound,,osm-intersection,false,"Minn. Stat. § 13.824, subd. 8",https://dps.mn.gov/divisions/bca/data-and-reports/agencies-use-lprs-lpr,cross-alpr-reported-owatonna-police-department-south-cedar-at-22nd-street-northbound,1,15,50,false,false,false,,
alpr-reported-owatonna-police-department-26th-street-northwest-at-county-road-45-eastbound,Reported ALPR — 26th Street northwest at County Road 45 eastbound,Steele County,MN,27147,44.109989816666676,-93.24232018333333,confirmed,,Owatonna Police Department,26th Street northwest at County Road 45 eastbound,,osm-intersection,false,"Minn. Stat. § 13.824, subd. 8",https://dps.mn.gov/divisions/bca/data-and-reports/agencies-use-lprs-lpr,,0,,50,false,false,false,,
alpr-reported-owatonna-police-department-bixby-road-at-18th-street-northbound,Reported ALPR — Bixby Road at 18th Street northbound,Steele County,MN,27147,44.066307195,-93.195218875,confirmed,,Owatonna Police Department,Bixby Road at 18th Street northbound,,osm-intersection,false,"Minn. Stat. § 13.824, subd. 8",https://dps.mn.gov/divisions/bca/data-and-reports/agencies-use-lprs-lpr,cross-alpr-reported-owatonna-police-department-bixby-road-at-18th-street-northbound,1,23,50,false,false,false,,
alpr-reported-owatonna-police-department-north-cedar-avenue-at-24th-street-southbound,Reported ALPR — North Cedar Avenue at 24th Street southbound,Steele County,MN,27147,44.107857,-93.226619,confirmed,,Owatonna Police Department,North Cedar Avenue at 24th Street southbound,,osm-intersection,false,"Minn. Stat. § 13.824, subd. 8",https://dps.mn.gov/divisions/bca/data-and-reports/agencies-use-lprs-lpr,cross-alpr-reported-owatonna-police-department-north-cedar-avenue-at-24th-street-southbound,1,15,50,false,false,false,,
alpr-reported-plainview-police-department-minnesota-highway-42-at-10th-street-sw,Reported ALPR — Minnesota Highway 42 at 10th Street SW,Wabasha County,MN,27157,44.15794,-92.1793029,confirmed,,Plainview Police Department,Minnesota Highway 42 at 10th Street SW,,osm-intersection,false,"Minn. Stat. § 13.824, subd. 8",https://dps.mn.gov/divisions/bca/data-and-reports/agencies-use-lprs-lpr,,0,,50,false,false,false,,
alpr-reported-plainview-police-department-minnesota-highway-247-at-west-broadway,Reported ALPR — Minnesota Highway 247 at West Broadway,Wabasha County,MN,27157,44.165051,-92.189532,confirmed,,Plainview Police Department,Minnesota Highway 247 at West Broadway,,osm-intersection,false,"Minn. Stat. § 13.824, subd. 8",https://dps.mn.gov/divisions/bca/data-and-reports/agencies-use-lprs-lpr,,0,,50,false,false,false,,
alpr-reported-plymouth-police-department-xenium-lane-at-sunset-trail,Reported ALPR — Xenium Lane at Sunset Trail,Hennepin County,MN,27053,44.9818106,-93.452696,confirmed,,Plymouth Police Department,Xenium Lane at Sunset Trail,agency-jurisdiction-plymouth-police,osm-intersection,false,"Minn. Stat. § 13.824, subd. 8",https://dps.mn.gov/divisions/bca/data-and-reports/agencies-use-lprs-lpr,cross-alpr-reported-plymouth-police-department-xenium-lane-at-sunset-trail,2,34,50,false,false,false,,
alpr-reported-plymouth-police-department-county-road-6-at-annapolis-lane,Reported ALPR — County Road 6 at Annapolis Lane,Hennepin County,MN,27053,44.996731999999994,-93.4538788,confirmed,,Plymouth Police Department,County Road 6 at Annapolis Lane,agency-jurisdiction-plymouth-police,osm-intersection,false,"Minn. Stat. § 13.824, subd. 8",https://dps.mn.gov/divisions/bca/data-and-reports/agencies-use-lprs-lpr,,0,,50,false,false,false,,
alpr-reported-plymouth-police-department-36th-avenue-at-lancaster-lane,Reported ALPR — 36th Avenue at Lancaster Lane,Hennepin County,MN,27053,45.0220309,-93.4028551,confirmed,,Plymouth Police Department,36th Avenue at Lancaster Lane,agency-jurisdiction-plymouth-police,osm-intersection,false,"Minn. Stat. § 13.824, subd. 8",https://dps.mn.gov/divisions/bca/data-and-reports/agencies-use-lprs-lpr,cross-alpr-reported-plymouth-police-department-36th-avenue-at-lancaster-lane,1,48,50,false,false,false,,
alpr-reported-plymouth-police-department-county-road-101-at-1st-avenue-north,Reported ALPR — County Road 101 at 1st Avenue North,Hennepin County,MN,27053,44.9804569,-93.5020883,confirmed,,Plymouth Police Department,County Road 101 at 1st Avenue North,agency-jurisdiction-plymouth-police,osm-intersection,false,"Minn. Stat. § 13.824, subd. 8",https://dps.mn.gov/divisions/bca/data-and-reports/agencies-use-lprs-lpr,,0,,50,false,false,false,,
alpr-reported-plymouth-police-department-rockford-road-at-nathan-lane,Reported ALPR — Rockford Road at Nathan Lane,Hennepin County,MN,27053,45.0333117,-93.40852337499999,confirmed,,Plymouth Police Department,Rockford Road at Nathan Lane,agency-jurisdiction-plymouth-police,osm-intersection,false,"Minn. Stat. § 13.824, subd. 8",https://dps.mn.gov/divisions/bca/data-and-reports/agencies-use-lprs-lpr,,0,,50,false,false,false,,
alpr-reported-plymouth-police-department-lancaster-lane-at-rockford-road,Reported ALPR — Lancaster Lane at Rockford Road,Hennepin County,MN,27053,45.03323548,-93.40859551999999,confirmed,,Plymouth Police Department,Lancaster Lane at Rockford Road,agency-jurisdiction-plymouth-police,osm-intersection,false,"Minn. Stat. § 13.824, subd. 8",https://dps.mn.gov/divisions/bca/data-and-reports/agencies-use-lprs-lpr,,0,,50,false,false,false,,
alpr-reported-plymouth-police-department-county-road-6-at-fernbrook-lane,Reported ALPR — County Road 6 at Fernbrook Lane,Hennepin County,MN,27053,44.996635375000004,-93.46154050000001,confirmed,,Plymouth Police Department,County Road 6 at Fernbrook Lane,agency-jurisdiction-plymouth-police,osm-intersection,false,"Minn. Stat. § 13.824, subd. 8",https://dps.mn.gov/divisions/bca/data-and-reports/agencies-use-lprs-lpr,,0,,50,false,false,false,,
alpr-reported-plymouth-police-department-vinewood-lane-at-rockford-road,Reported ALPR — Vinewood Lane at Rockford Road,Hennepin County,MN,27053,45.02795772857143,-93.44876231428573,confirmed,,Plymouth Police Department,Vinewood Lane at Rockford Road,agency-jurisdiction-plymouth-police,osm-intersection,false,"Minn. Stat. § 13.824, subd. 8",https://dps.mn.gov/divisions/bca/data-and-reports/agencies-use-lprs-lpr,cross-alpr-reported-plymouth-police-department-vinewood-lane-at-rockford-road,1,38,50,false,false,false,,
alpr-reported-plymouth-police-department-northwest-boulevard-at-bass-lake-road-southbound,Reported ALPR — Northwest Boulevard at Bass Lake Road (southbound),Hennepin County,MN,27053,45.06279305,-93.43841646666668,confirmed,,Plymouth Police Department,Northwest Boulevard at Bass Lake Road (southbound),agency-jurisdiction-plymouth-police,osm-intersection,false,"Minn. Stat. § 13.824, subd. 8",https://dps.mn.gov/divisions/bca/data-and-reports/agencies-use-lprs-lpr,,0,,50,false,false,false,,
alpr-reported-prior-lake-police-department-wilds-parkway-northwest-at-mystic-lake-drive,Reported ALPR — Wilds Parkway Northwest at Mystic Lake Drive,Scott County,MN,27139,44.74037721999999,-93.46968290000002,confirmed,,Prior Lake Police Department,Wilds Parkway Northwest at Mystic Lake Drive,agency-jurisdiction-prior-lake-police,osm-intersection,false,"Minn. Stat. § 13.824, subd. 8",https://dps.mn.gov/divisions/bca/data-and-reports/agencies-use-lprs-lpr,,0,,50,false,false,false,,
alpr-reported-prior-lake-police-department-mckenna-road-at-140th-street-northwest,Reported ALPR — McKenna Road at 140th Street Northwest,Scott County,MN,27139,44.74685313333333,-93.45027606666667,confirmed,,Prior Lake Police Department,McKenna Road at 140th Street Northwest,agency-jurisdiction-prior-lake-police,osm-intersection,false,"Minn. Stat. § 13.824, subd. 8",https://dps.mn.gov/divisions/bca/data-and-reports/agencies-use-lprs-lpr,cross-alpr-reported-prior-lake-police-department-mckenna-road-at-140th-street-northwest,1,41,50,false,false,false,,
alpr-reported-prior-lake-police-department-bobcat-trail-northwest-at-154th-street,Reported ALPR — Bobcat Trail Northwest at 154th Street,Scott County,MN,27139,44.7249121,-93.45897819999999,confirmed,,Prior Lake Police Department,Bobcat Trail Northwest at 154th Street,agency-jurisdiction-prior-lake-police,osm-intersection,false,"Minn. Stat. § 13.824, subd. 8",https://dps.mn.gov/divisions/bca/data-and-reports/agencies-use-lprs-lpr,cross-alpr-reported-prior-lake-police-department-bobcat-trail-northwest-at-154th-street,1,28,50,false,false,false,,
alpr-reported-prior-lake-police-department-majestic-lane-northwest-at-154th-street,Reported ALPR — Majestic Lane Northwest at 154th Street,Scott County,MN,27139,44.7247098,-93.4423364,confirmed,,Prior Lake Police Department,Majestic Lane Northwest at 154th Street,agency-jurisdiction-prior-lake-police,osm-intersection,false,"Minn. Stat. § 13.824, subd. 8",https://dps.mn.gov/divisions/bca/data-and-reports/agencies-use-lprs-lpr,,0,,50,false,false,false,,
alpr-reported-ramsey-county-sheriff-s-office-spring-farm-road-and-centerville-road-in-north-oaks,Reported ALPR — Spring Farm Road and Centerville Road in North Oaks,Ramsey County,MN,27123,45.1045838,-93.056349,confirmed,,Ramsey County Sheriff's Office,Spring Farm Road and Centerville Road in North Oaks,agency-jurisdiction-ramsey-county-sheriff,osm-intersection,false,"Minn. Stat. § 13.824, subd. 8",https://dps.mn.gov/divisions/bca/data-and-reports/agencies-use-lprs-lpr,cross-alpr-reported-ramsey-county-sheriff-s-office-spring-farm-road-and-centerville-road-in-north-oaks,1,30,50,false,false,false,,
alpr-reported-ramsey-county-sheriff-s-office-phoebe-lane-and-wilkinson-lake-boulevard-in-north-oaks,Reported ALPR — Phoebe Lane and Wilkinson Lake Boulevard in North Oaks,Ramsey County,MN,27123,45.120632549999996,-93.05968039999999,confirmed,,Ramsey County Sheriff's Office,Phoebe Lane and Wilkinson Lake Boulevard in North Oaks,agency-jurisdiction-ramsey-county-sheriff,osm-intersection,false,"Minn. Stat. § 13.824, subd. 8",https://dps.mn.gov/divisions/bca/data-and-reports/agencies-use-lprs-lpr,cross-alpr-reported-ramsey-county-sheriff-s-office-phoebe-lane-and-wilkinson-lake-boulevard-in-north-oaks,1,17,50,false,false,false,,
alpr-reported-ramsey-county-sheriff-s-office-kestrel-court-and-wilkinson-lake-boulevard-in-north-oaks,Reported ALPR — Kestrel Court and Wilkinson Lake Boulevard in North Oaks,Ramsey County,MN,27123,45.1194604,-93.058607,confirmed,,Ramsey County Sheriff's Office,Kestrel Court and Wilkinson Lake Boulevard in North Oaks,agency-jurisdiction-ramsey-county-sheriff,osm-intersection,false,"Minn. Stat. § 13.824, subd. 8",https://dps.mn.gov/divisions/bca/data-and-reports/agencies-use-lprs-lpr,cross-alpr-reported-ramsey-county-sheriff-s-office-kestrel-court-and-wilkinson-lake-boulevard-in-north-oaks,1,10,50,false,false,false,,
alpr-reported-ramsey-county-sheriff-s-office-osprey-court-and-wilkinson-lake-boulevard-in-north-oaks,Reported ALPR — Osprey Court and Wilkinson Lake Boulevard in North Oaks,Ramsey County,MN,27123,45.119066700000005,-93.0575847,confirmed,,Ramsey County Sheriff's Office,Osprey Court and Wilkinson Lake Boulevard in North Oaks,agency-jurisdiction-ramsey-county-sheriff,osm-intersection,false,"Minn. Stat. § 13.824, subd. 8",https://dps.mn.gov/divisions/bca/data-and-reports/agencies-use-lprs-lpr,cross-alpr-reported-ramsey-county-sheriff-s-office-osprey-court-and-wilkinson-lake-boulevard-in-north-oaks,1,21,50,false,false,false,,
alpr-reported-ramsey-county-sheriff-s-office-minnesota-highway-61-and-fanum-road-northbound-in-vadnais-heights,Reported ALPR — Minnesota Highway 61 and Fanum Road northbound in Vadnais Heights,Ramsey County,MN,27123,45.0386448,-93.040553,confirmed,,Ramsey County Sheriff's Office,Minnesota Highway 61 and Fanum Road northbound in Vadnais Heights,agency-jurisdiction-ramsey-county-sheriff,osm-intersection,false,"Minn. Stat. § 13.824, subd. 8",https://dps.mn.gov/divisions/bca/data-and-reports/agencies-use-lprs-lpr,,0,,50,false,false,false,,
alpr-reported-ramsey-police-department-ramsey-boulevard-nw-and-sunwood-drive-nw,Reported ALPR — Ramsey Boulevard NW and Sunwood Drive NW,Anoka County,MN,27003,45.2323753,-93.44976530000001,confirmed,,Ramsey Police Department,Ramsey Boulevard NW and Sunwood Drive NW,agency-jurisdiction-ramsey-police,osm-intersection,false,"Minn. Stat. § 13.824, subd. 8",https://dps.mn.gov/divisions/bca/data-and-reports/agencies-use-lprs-lpr,cross-alpr-reported-ramsey-police-department-ramsey-boulevard-nw-and-sunwood-drive-nw,1,47,50,false,false,false,,
alpr-reported-red-wing-police-department-plum-street-at-7th-street,Reported ALPR — Plum Street at 7th Street,Goodhue County,MN,27049,44.563207,-92.5287218,confirmed,,Red Wing Police Department,Plum Street at 7th Street,,osm-intersection,false,"Minn. Stat. § 13.824, subd. 8",https://dps.mn.gov/divisions/bca/data-and-reports/agencies-use-lprs-lpr,cross-alpr-reported-red-wing-police-department-plum-street-at-7th-street,1,26,50,false,false,false,,
alpr-reported-red-wing-police-department-bench-street-at-featherstone-road,Reported ALPR — Bench Street at Featherstone Road,Goodhue County,MN,27049,44.551351399999994,-92.5681199,confirmed,,Red Wing Police Department,Bench Street at Featherstone Road,,osm-intersection,false,"Minn. Stat. § 13.824, subd. 8",https://dps.mn.gov/divisions/bca/data-and-reports/agencies-use-lprs-lpr,cross-alpr-reported-red-wing-police-department-bench-street-at-featherstone-road,1,21,50,false,false,false,,
alpr-reported-red-wing-police-department-tyler-road-south-at-lawrence-street,Reported ALPR — Tyler Road South at Lawrence Street,Goodhue County,MN,27049,44.56608753333334,-92.58531813333333,confirmed,,Red Wing Police Department,Tyler Road South at Lawrence Street,,osm-intersection,false,"Minn. Stat. § 13.824, subd. 8",https://dps.mn.gov/divisions/bca/data-and-reports/agencies-use-lprs-lpr,cross-alpr-reported-red-wing-police-department-tyler-road-south-at-lawrence-street,1,45,50,false,false,false,,
alpr-reported-renville-county-sheriff-s-office-west-lincoln-avenue-at-26th-street-in-olivia,Reported ALPR — West Lincoln Avenue at 26th Street in Olivia,Renville County,MN,27129,44.7780978,-95.0240409,confirmed,,Renville County Sheriff's Office,West Lincoln Avenue at 26th Street in Olivia,,osm-intersection,false,"Minn. Stat. § 13.824, subd. 8",https://dps.mn.gov/divisions/bca/data-and-reports/agencies-use-lprs-lpr,,0,,50,false,false,false,,
alpr-reported-richfield-police-department-lyndale-avenue-south-and-west-63rd-street,Reported ALPR — Lyndale Avenue South and West 63rd Street,Hennepin County,MN,27053,44.8887984,-93.2883672,confirmed,,Richfield Police Department,Lyndale Avenue South and West 63rd Street,agency-jurisdiction-richfield-police,osm-intersection,false,"Minn. Stat. § 13.824, subd. 8",https://dps.mn.gov/divisions/bca/data-and-reports/agencies-use-lprs-lpr,,0,,50,false,false,false,,
alpr-reported-richfield-police-department-lyndale-avenue-south-and-west-77th-street,Reported ALPR — Lyndale Avenue South and West 77th Street,Hennepin County,MN,27053,44.863767325,-93.28836592500001,confirmed,,Richfield Police Department,Lyndale Avenue South and West 77th Street,agency-jurisdiction-richfield-police,osm-intersection,false,"Minn. Stat. § 13.824, subd. 8",https://dps.mn.gov/divisions/bca/data-and-reports/agencies-use-lprs-lpr,,0,,50,false,false,false,,
alpr-reported-richfield-police-department-east-77th-street-and-richfield-parkway,Reported ALPR — East 77th Street and Richfield Parkway,Hennepin County,MN,27053,44.863873375,-93.249148125,confirmed,,Richfield Police Department,East 77th Street and Richfield Parkway,agency-jurisdiction-richfield-police,osm-intersection,false,"Minn. Stat. § 13.824, subd. 8",https://dps.mn.gov/divisions/bca/data-and-reports/agencies-use-lprs-lpr,cross-alpr-reported-richfield-police-department-east-77th-street-and-richfield-parkway,1,35,50,false,false,false,,
alpr-reported-richfield-police-department-east-66th-street-and-richfield-parkway,Reported ALPR — East 66th Street and Richfield Parkway,Hennepin County,MN,27053,44.8834731,-93.2491675,confirmed,,Richfield Police Department,East 66th Street and Richfield Parkway,agency-jurisdiction-richfield-police,osm-intersection,false,"Minn. Stat. § 13.824, subd. 8",https://dps.mn.gov/divisions/bca/data-and-reports/agencies-use-lprs-lpr,,0,,50,false,false,false,,
alpr-reported-richfield-police-department-penn-avenue-south-and-west-63rd-street,Reported ALPR — Penn Avenue South and West 63rd Street,Hennepin County,MN,27053,44.8889403,-93.3086679,confirmed,,Richfield Police Department,Penn Avenue South and West 63rd Street,agency-jurisdiction-richfield-police,osm-intersection,false,"Minn. Stat. § 13.824, subd. 8",https://dps.mn.gov/divisions/bca/data-and-reports/agencies-use-lprs-lpr,cross-alpr-reported-richfield-police-department-penn-avenue-south-and-west-63rd-street,1,50,50,false,false,false,,
alpr-reported-rochester-police-department-41st-street-at-east-frontage-road-northwest,Reported ALPR — 41st Street at East Frontage Road Northwest,Olmsted County,MN,27109,44.0653197,-92.4973449,confirmed,,Rochester Police Department,41st Street at East Frontage Road Northwest,,osm-intersection,true,"Minn. Stat. § 13.824, subd. 8",https://dps.mn.gov/divisions/bca/data-and-reports/agencies-use-lprs-lpr,,0,,50,false,false,false,,
alpr-reported-rochester-police-department-41st-street-at-18th-avenue-northwest,Reported ALPR — 41st Street at 18th Avenue Northwest,Olmsted County,MN,27109,44.0652702,-92.4889296,confirmed,,Rochester Police Department,41st Street at 18th Avenue Northwest,,osm-intersection,false,"Minn. Stat. § 13.824, subd. 8",https://dps.mn.gov/divisions/bca/data-and-reports/agencies-use-lprs-lpr,cross-alpr-reported-rochester-police-department-41st-street-at-18th-avenue-northwest,1,35,50,false,false,false,,
alpr-reported-rogers-police-department-main-street-and-john-deere-lane-southbound,Reported ALPR — Main Street and John Deere Lane southbound,Hennepin County,MN,27053,45.1900634,-93.5526128,confirmed,,Rogers Police Department,Main Street and John Deere Lane southbound,agency-jurisdiction-rogers-police,osm-intersection,false,"Minn. Stat. § 13.824, subd. 8",https://dps.mn.gov/divisions/bca/data-and-reports/agencies-use-lprs-lpr,cross-alpr-reported-rogers-police-department-main-street-and-john-deere-lane-southbound,1,26,50,false,false,false,,
alpr-reported-rogers-police-department-141st-avenue-and-rogers-drive-eastbound,Reported ALPR — 141st Avenue and Rogers Drive eastbound,Hennepin County,MN,27053,45.210268600000006,-93.550004,confirmed,,Rogers Police Department,141st Avenue and Rogers Drive eastbound,agency-jurisdiction-rogers-police,osm-intersection,false,"Minn. Stat. § 13.824, subd. 8",https://dps.mn.gov/divisions/bca/data-and-reports/agencies-use-lprs-lpr,,0,,50,false,false,false,,
alpr-reported-rogers-police-department-141st-avenue-north-and-northdale-boulevard-eastbound,Reported ALPR — 141st Avenue North and Northdale Boulevard eastbound,Hennepin County,MN,27053,45.2103785,-93.55575876666667,confirmed,,Rogers Police Department,141st Avenue North and Northdale Boulevard eastbound,agency-jurisdiction-rogers-police,osm-intersection,false,"Minn. Stat. § 13.824, subd. 8",https://dps.mn.gov/divisions/bca/data-and-reports/agencies-use-lprs-lpr,,0,,50,false,false,false,,
alpr-reported-rogers-police-department-main-street-and-industrial-boulevard-southbound,Reported ALPR — Main Street and Industrial Boulevard southbound,Hennepin County,MN,27053,45.192290150000005,-93.55272855000001,confirmed,,Rogers Police Department,Main Street and Industrial Boulevard southbound,agency-jurisdiction-rogers-police,osm-intersection,false,"Minn. Stat. § 13.824, subd. 8",https://dps.mn.gov/divisions/bca/data-and-reports/agencies-use-lprs-lpr,,0,,50,false,false,false,,
alpr-reported-roseville-police-department-prior-avenue-and-oakcrest-avenue,Reported ALPR — Prior Avenue and Oakcrest Avenue,Ramsey County,MN,27123,45.017875,-93.182175,confirmed,,Roseville Police Department,Prior Avenue and Oakcrest Avenue,agency-jurisdiction-roseville-police,osm-intersection,false,"Minn. Stat. § 13.824, subd. 8",https://dps.mn.gov/divisions/bca/data-and-reports/agencies-use-lprs-lpr,cross-alpr-reported-roseville-police-department-prior-avenue-and-oakcrest-avenue,1,27,50,false,false,false,,
alpr-reported-shakopee-police-department-zumbro-avenue-at-highview-terrace,Reported ALPR — Zumbro Avenue at Highview Terrace,Scott County,MN,27139,44.75982555,-93.5511066,confirmed,,Shakopee Police Department,Zumbro Avenue at Highview Terrace,agency-jurisdiction-shakopee-police,osm-intersection,false,"Minn. Stat. § 13.824, subd. 8",https://dps.mn.gov/divisions/bca/data-and-reports/agencies-use-lprs-lpr,cross-alpr-reported-shakopee-police-department-zumbro-avenue-at-highview-terrace,1,17,50,false,false,false,,
alpr-reported-sherburne-county-sheriff-s-office-state-highway-24-at-river-road-southeast-in-clear-lake,Reported ALPR — State Highway 24 at River Road Southeast in Clear Lake,Sherburne County,MN,27141,45.4255743,-94.0278415,confirmed,,Sherburne County Sheriff's Office,State Highway 24 at River Road Southeast in Clear Lake,agency-jurisdiction-sherburne-county-sheriff,osm-intersection,false,"Minn. Stat. § 13.824, subd. 8",https://dps.mn.gov/divisions/bca/data-and-reports/agencies-use-lprs-lpr,,0,,50,false,false,false,,
alpr-reported-sherburne-county-sheriff-s-office-county-road-8-at-29th-street-se-in-st-cloud,Reported ALPR — County Road 8 at 29th Street SE in St. Cloud,Sherburne County,MN,27141,45.527376,-94.133746,confirmed,,Sherburne County Sheriff's Office,County Road 8 at 29th Street SE in St. Cloud,agency-jurisdiction-sherburne-county-sheriff,osm-intersection,false,"Minn. Stat. § 13.824, subd. 8",https://dps.mn.gov/divisions/bca/data-and-reports/agencies-use-lprs-lpr,,0,,50,false,false,false,,
alpr-reported-sherburne-county-sheriff-s-office-state-highway-25-at-county-road-14-in-big-lake,Reported ALPR — State Highway 25 at County Road 14 in Big Lake,Sherburne County,MN,27141,45.3103494,-93.7888456,confirmed,,Sherburne County Sheriff's Office,State Highway 25 at County Road 14 in Big Lake,agency-jurisdiction-sherburne-county-sheriff,osm-intersection,false,"Minn. Stat. § 13.824, subd. 8",https://dps.mn.gov/divisions/bca/data-and-reports/agencies-use-lprs-lpr,,0,,50,false,false,false,,
alpr-reported-south-st-paul-police-department-butler-avenue-and-wilde-avenue,Reported ALPR — Butler Avenue and Wilde Avenue,Dakota County,MN,27037,44.9123427,-93.062316,confirmed,,South St. Paul Police Department,Butler Avenue and Wilde Avenue,agency-jurisdiction-south-saint-paul-police,osm-intersection,false,"Minn. Stat. § 13.824, subd. 8",https://dps.mn.gov/divisions/bca/data-and-reports/agencies-use-lprs-lpr,cross-alpr-reported-south-st-paul-police-department-butler-avenue-and-wilde-avenue,1,35,50,false,false,false,,
alpr-reported-south-st-paul-police-department-thompson-avenue-and-levander-way,Reported ALPR — Thompson Avenue and Levander Way,Dakota County,MN,27037,44.9015425,-93.0627865,confirmed,,South St. Paul Police Department,Thompson Avenue and Levander Way,agency-jurisdiction-south-saint-paul-police,osm-intersection,false,"Minn. Stat. § 13.824, subd. 8",https://dps.mn.gov/divisions/bca/data-and-reports/agencies-use-lprs-lpr,cross-alpr-reported-south-st-paul-police-department-thompson-avenue-and-levander-way,1,17,50,false,false,false,,
alpr-reported-south-st-paul-police-department-wentworth-avenue-and-jewell-lane,Reported ALPR — Wentworth Avenue and Jewell Lane,Dakota County,MN,27037,44.8979553,-93.062062,confirmed,,South St. Paul Police Department,Wentworth Avenue and Jewell Lane,agency-jurisdiction-south-saint-paul-police,osm-intersection,false,"Minn. Stat. § 13.824, subd. 8",https://dps.mn.gov/divisions/bca/data-and-reports/agencies-use-lprs-lpr,,0,,50,false,false,false,,
alpr-reported-south-st-paul-police-department-concord-street-north-and-homer-street,Reported ALPR — Concord Street North and Homer Street,Dakota County,MN,27037,44.91914,-93.0592224,confirmed,,South St. Paul Police Department,Concord Street North and Homer Street,agency-jurisdiction-south-saint-paul-police,osm-intersection,false,"Minn. Stat. § 13.824, subd. 8",https://dps.mn.gov/divisions/bca/data-and-reports/agencies-use-lprs-lpr,,0,,50,false,false,false,,
alpr-reported-stillwater-police-department-olive-street-at-william-street-westbound,Reported ALPR — Olive Street at William Street westbound,Washington County,MN,27163,45.053292,-92.817952,confirmed,,Stillwater Police Department,Olive Street at William Street westbound,agency-jurisdiction-stillwater-police,osm-intersection,false,"Minn. Stat. § 13.824, subd. 8",https://dps.mn.gov/divisions/bca/data-and-reports/agencies-use-lprs-lpr,cross-alpr-reported-stillwater-police-department-olive-street-at-william-street-westbound,1,13,50,false,false,false,,
alpr-reported-stillwater-police-department-75th-street-north-at-maryknoll-drive-north-westbound,Reported ALPR — 75th Street North at Maryknoll Drive North westbound,Washington County,MN,27163,45.0579135,-92.8390717,confirmed,,Stillwater Police Department,75th Street North at Maryknoll Drive North westbound,agency-jurisdiction-stillwater-police,osm-intersection,false,"Minn. Stat. § 13.824, subd. 8",https://dps.mn.gov/divisions/bca/data-and-reports/agencies-use-lprs-lpr,cross-alpr-reported-stillwater-police-department-75th-street-north-at-maryknoll-drive-north-westbound,1,19,50,false,false,false,,
alpr-reported-stillwater-police-department-myrtle-street-west-at-william-street-eastbound,Reported ALPR — Myrtle Street West at William Street eastbound,Washington County,MN,27163,45.0548586,-92.8179605,confirmed,,Stillwater Police Department,Myrtle Street West at William Street eastbound,agency-jurisdiction-stillwater-police,osm-intersection,false,"Minn. Stat. § 13.824, subd. 8",https://dps.mn.gov/divisions/bca/data-and-reports/agencies-use-lprs-lpr,cross-alpr-reported-stillwater-police-department-myrtle-street-west-at-william-street-eastbound,1,18,50,false,false,false,,
alpr-reported-stillwater-police-department-stillwater-boulevard-at-curve-crest-boulevard,Reported ALPR — Stillwater Boulevard at Curve Crest Boulevard,Washington County,MN,27163,45.0398435,-92.8428965,confirmed,,Stillwater Police Department,Stillwater Boulevard at Curve Crest Boulevard,agency-jurisdiction-stillwater-police,osm-intersection,false,"Minn. Stat. § 13.824, subd. 8",https://dps.mn.gov/divisions/bca/data-and-reports/agencies-use-lprs-lpr,cross-alpr-reported-stillwater-police-department-stillwater-boulevard-at-curve-crest-boulevard,1,32,50,false,false,false,,
alpr-reported-stillwater-police-department-osgood-avenue-north-at-62nd-street-northbound,Reported ALPR — Osgood Avenue North at 62nd Street northbound,Washington County,MN,27163,45.0391803,-92.8075828,confirmed,,Stillwater Police Department,Osgood Avenue North at 62nd Street northbound,agency-jurisdiction-stillwater-police,osm-intersection,false,"Minn. Stat. § 13.824, subd. 8",https://dps.mn.gov/divisions/bca/data-and-reports/agencies-use-lprs-lpr,cross-alpr-reported-stillwater-police-department-osgood-avenue-north-at-62nd-street-northbound,2,25,50,false,false,false,,
alpr-reported-stillwater-police-department-osgood-avenue-north-at-62nd-street-southbound,Reported ALPR — Osgood Avenue North at 62nd Street southbound,Washington County,MN,27163,45.0391803,-92.8075828,confirmed,,Stillwater Police Department,Osgood Avenue North at 62nd Street southbound,agency-jurisdiction-stillwater-police,osm-intersection,false,"Minn. Stat. § 13.824, subd. 8",https://dps.mn.gov/divisions/bca/data-and-reports/agencies-use-lprs-lpr,,0,,50,false,false,true,25,cross-alpr-reported-stillwater-police-department-osgood-avenue-north-at-62nd-street-northbound
alpr-reported-stillwater-police-department-washington-avenue-at-frontage-road-northbound,Reported ALPR — Washington Avenue at Frontage Road northbound,Washington County,MN,27163,45.03672965,-92.83288214999999,confirmed,,Stillwater Police Department,Washington Avenue at Frontage Road northbound,agency-jurisdiction-stillwater-police,osm-intersection,false,"Minn. Stat. § 13.824, subd. 8",https://dps.mn.gov/divisions/bca/data-and-reports/agencies-use-lprs-lpr,,0,,50,false,false,false,,
alpr-reported-st-cloud-police-department-fifth-avenue-south-and-first-street-south,Reported ALPR — Fifth Avenue South and First Street South,Stearns County,MN,27145,45.5602057,-94.1573268,confirmed,,St. Cloud Police Department,Fifth Avenue South and First Street South,,osm-intersection,true,"Minn. Stat. § 13.824, subd. 8",https://dps.mn.gov/divisions/bca/data-and-reports/agencies-use-lprs-lpr,cross-alpr-reported-st-cloud-police-department-fifth-avenue-south-and-first-street-south,1,14,50,false,true,false,,
alpr-reported-st-cloud-police-department-2nd-street-south-at-3rd-avenue-south,Reported ALPR — 2nd Street South at 3rd Avenue South,Stearns County,MN,27145,45.5885219,-94.1622286,confirmed,,St. Cloud Police Department,2nd Street South at 3rd Avenue South,,osm-intersection,false,"Minn. Stat. § 13.824, subd. 8",https://dps.mn.gov/divisions/bca/data-and-reports/agencies-use-lprs-lpr,,0,,50,false,false,false,,
alpr-reported-st-cloud-police-department-university-drive-south-at-1st-avenue-south,Reported ALPR — University Drive South at 1st Avenue South,Stearns County,MN,27145,45.54941553333333,-94.14898346666666,confirmed,,St. Cloud Police Department,University Drive South at 1st Avenue South,,osm-intersection,false,"Minn. Stat. § 13.824, subd. 8",https://dps.mn.gov/divisions/bca/data-and-reports/agencies-use-lprs-lpr,cross-alpr-reported-st-cloud-police-department-university-drive-south-at-1st-avenue-south,1,25,50,false,false,false,,
alpr-reported-st-louis-county-sheriff-s-office-lavaque-road-southbound-at-martin-road,Reported ALPR — Lavaque Road southbound at Martin Road,St. Louis County,MN,27137,46.8654926,-92.2171551,confirmed,,St. Louis County Sheriff's Office,Lavaque Road southbound at Martin Road,,osm-intersection,false,"Minn. Stat. § 13.824, subd. 8",https://dps.mn.gov/divisions/bca/data-and-reports/agencies-use-lprs-lpr,,0,,50,false,false,false,,
alpr-reported-st-louis-county-sheriff-s-office-rice-lake-road-northbound-at-martin-road,Reported ALPR — Rice Lake Road northbound at Martin Road,St. Louis County,MN,27137,46.8655712,-92.1530597,confirmed,,St. Louis County Sheriff's Office,Rice Lake Road northbound at Martin Road,,osm-intersection,false,"Minn. Stat. § 13.824, subd. 8",https://dps.mn.gov/divisions/bca/data-and-reports/agencies-use-lprs-lpr,,0,,50,false,false,false,,
alpr-reported-st-louis-park-police-department-louisiana-avenue-at-wayzata-boulevard,Reported ALPR — Louisiana Avenue at Wayzata Boulevard,Hennepin County,MN,27053,44.970199699999995,-93.3706967,confirmed,,St. Louis Park Police Department,Louisiana Avenue at Wayzata Boulevard,agency-jurisdiction-saint-louis-park-police,osm-intersection,false,"Minn. Stat. § 13.824, subd. 8",https://dps.mn.gov/divisions/bca/data-and-reports/agencies-use-lprs-lpr,,0,,50,false,false,false,,
alpr-reported-st-louis-park-police-department-16th-street-west-at-park-place-boulevard-2,Reported ALPR — 16th Street West at Park Place Boulevard (2),Hennepin County,MN,27053,44.967631325,-93.349401175,confirmed,,St. Louis Park Police Department,16th Street West at Park Place Boulevard (2),agency-jurisdiction-saint-louis-park-police,osm-intersection,false,"Minn. Stat. § 13.824, subd. 8",https://dps.mn.gov/divisions/bca/data-and-reports/agencies-use-lprs-lpr,cross-alpr-reported-st-louis-park-police-department-16th-street-west-at-park-place-boulevard-2,2,29,50,false,false,false,,
alpr-reported-st-louis-park-police-department-parkdale-drive-at-park-place-boulevard,Reported ALPR — Parkdale Drive at Park Place Boulevard,Hennepin County,MN,27053,44.96321225,-93.3492865,confirmed,,St. Louis Park Police Department,Parkdale Drive at Park Place Boulevard,agency-jurisdiction-saint-louis-park-police,osm-intersection,false,"Minn. Stat. § 13.824, subd. 8",https://dps.mn.gov/divisions/bca/data-and-reports/agencies-use-lprs-lpr,,0,,50,false,false,false,,
alpr-reported-st-louis-park-police-department-excelsior-boulevard-at-france-avenue-south,Reported ALPR — Excelsior Boulevard at France Avenue South,Hennepin County,MN,27053,44.940552350000004,-93.3290487,confirmed,,St. Louis Park Police Department,Excelsior Boulevard at France Avenue South,agency-jurisdiction-saint-louis-park-police,osm-intersection,false,"Minn. Stat. § 13.824, subd. 8",https://dps.mn.gov/divisions/bca/data-and-reports/agencies-use-lprs-lpr,,0,,50,false,false,false,,
alpr-reported-st-louis-park-police-department-state-highway-7-at-lynn-avenue-south,Reported ALPR — State Highway 7 at Lynn Avenue South,Hennepin County,MN,27053,44.946838,-93.336121,confirmed,,St. Louis Park Police Department,State Highway 7 at Lynn Avenue South,agency-jurisdiction-saint-louis-park-police,osm-intersection,false,"Minn. Stat. § 13.824, subd. 8",https://dps.mn.gov/divisions/bca/data-and-reports/agencies-use-lprs-lpr,cross-alpr-reported-st-louis-park-police-department-state-highway-7-at-lynn-avenue-south,1,16,50,false,false,false,,
alpr-reported-st-paul-police-department-7th-street-east-at-north-cypress-street,Reported ALPR — 7th Street East at North Cypress Street,Ramsey County,MN,27123,44.9655573,-93.0584267,confirmed,,St. Paul Police Department,7th Street East at North Cypress Street,agency-jurisdiction-saint-paul-police,osm-intersection,false,"Minn. Stat. § 13.824, subd. 8",https://dps.mn.gov/divisions/bca/data-and-reports/agencies-use-lprs-lpr,,0,,50,false,false,false,,
alpr-reported-wayzata-police-department-wayzata-boulevard-at-gleason-lake-road-westbound,"Reported ALPR — Wayzata Boulevard at Gleason Lake Road, westbound",Hennepin County,MN,27053,44.9721657,-93.4908287,confirmed,,Wayzata Police Department,"Wayzata Boulevard at Gleason Lake Road, westbound",agency-jurisdiction-wayzata-police,osm-intersection,false,"Minn. Stat. § 13.824, subd. 8",https://dps.mn.gov/divisions/bca/data-and-reports/agencies-use-lprs-lpr,,0,,50,false,false,false,,
alpr-reported-wayzata-police-department-lake-street-east-at-edgewood-court-eastbound,"Reported ALPR — Lake Street East at Edgewood Court, eastbound",Hennepin County,MN,27053,44.9705259,-93.5203719,confirmed,,Wayzata Police Department,"Lake Street East at Edgewood Court, eastbound",agency-jurisdiction-wayzata-police,osm-intersection,false,"Minn. Stat. § 13.824, subd. 8",https://dps.mn.gov/divisions/bca/data-and-reports/agencies-use-lprs-lpr,,0,,50,false,false,false,,
alpr-reported-wayzata-police-department-shoreline-drive-at-peavey-road-eastbound,"Reported ALPR — Shoreline Drive at Peavey Road, eastbound",Hennepin County,MN,27053,44.9702542,-93.528245,confirmed,,Wayzata Police Department,"Shoreline Drive at Peavey Road, eastbound",agency-jurisdiction-wayzata-police,osm-intersection,false,"Minn. Stat. § 13.824, subd. 8",https://dps.mn.gov/divisions/bca/data-and-reports/agencies-use-lprs-lpr,,0,,50,false,false,false,,
alpr-reported-wayzata-police-department-wayzata-boulevard-west-at-gleason-lake-road-eastbound,"Reported ALPR — Wayzata Boulevard West at Gleason Lake Road, eastbound",Hennepin County,MN,27053,44.97126865,-93.493552,confirmed,,Wayzata Police Department,"Wayzata Boulevard West at Gleason Lake Road, eastbound",agency-jurisdiction-wayzata-police,osm-intersection,false,"Minn. Stat. § 13.824, subd. 8",https://dps.mn.gov/divisions/bca/data-and-reports/agencies-use-lprs-lpr,cross-alpr-reported-wayzata-police-department-wayzata-boulevard-west-at-gleason-lake-road-eastbound,1,31,50,false,false,false,,
alpr-reported-wayzata-police-department-bushaway-road-at-mcginty-road-west-northbound,"Reported ALPR — Bushaway Road at McGinty Road West, northbound",Hennepin County,MN,27053,44.96428,-93.4964443,confirmed,,Wayzata Police Department,"Bushaway Road at McGinty Road West, northbound",agency-jurisdiction-wayzata-police,osm-intersection,false,"Minn. Stat. § 13.824, subd. 8",https://dps.mn.gov/divisions/bca/data-and-reports/agencies-use-lprs-lpr,,0,,50,false,false,false,,
alpr-reported-wayzata-police-department-grove-lane-at-lake-street-east-southbound,Reported ALPR — Grove Lane at Lake Street East southbound,Hennepin County,MN,27053,44.9703732,-93.5172431,confirmed,,Wayzata Police Department,Grove Lane at Lake Street East southbound,agency-jurisdiction-wayzata-police,osm-intersection,false,"Minn. Stat. § 13.824, subd. 8",https://dps.mn.gov/divisions/bca/data-and-reports/agencies-use-lprs-lpr,cross-alpr-reported-wayzata-police-department-grove-lane-at-lake-street-east-southbound,2,19,50,false,false,false,,
alpr-reported-wayzata-police-department-lake-street-east-at-broadway-avenue-westbound,Reported ALPR — Lake Street East at Broadway Avenue westbound,Hennepin County,MN,27053,44.9692172,-93.5115935,confirmed,,Wayzata Police Department,Lake Street East at Broadway Avenue westbound,agency-jurisdiction-wayzata-police,osm-intersection,false,"Minn. Stat. § 13.824, subd. 8",https://dps.mn.gov/divisions/bca/data-and-reports/agencies-use-lprs-lpr,cross-alpr-reported-wayzata-police-department-lake-street-east-at-broadway-avenue-westbound,1,4,50,false,false,false,,
alpr-reported-wayzata-police-department-wayzata-boulevard-at-old-long-lake-road-westbound,Reported ALPR — Wayzata Boulevard at Old Long Lake Road westbound,Hennepin County,MN,27053,44.9770894,-93.5319638,confirmed,,Wayzata Police Department,Wayzata Boulevard at Old Long Lake Road westbound,agency-jurisdiction-wayzata-police,osm-intersection,true,"Minn. Stat. § 13.824, subd. 8",https://dps.mn.gov/divisions/bca/data-and-reports/agencies-use-lprs-lpr,,0,,50,false,false,false,,
alpr-reported-west-saint-paul-police-department-oakdale-avenue-and-hurley-street-east,Reported ALPR — Oakdale Avenue and Hurley Street East,Dakota County,MN,27037,44.918692,-93.07633,confirmed,,West Saint Paul Police Department,Oakdale Avenue and Hurley Street East,agency-jurisdiction-west-saint-paul-police,osm-intersection,false,"Minn. Stat. § 13.824, subd. 8",https://dps.mn.gov/divisions/bca/data-and-reports/agencies-use-lprs-lpr,,0,,50,false,false,false,,
alpr-reported-west-saint-paul-police-department-stryker-avenue-and-annapolis-street-west,Reported ALPR — Stryker Avenue and Annapolis Street West,Dakota County,MN,27037,44.9196993,-93.0880349,confirmed,,West Saint Paul Police Department,Stryker Avenue and Annapolis Street West,agency-jurisdiction-west-saint-paul-police,osm-intersection,false,"Minn. Stat. § 13.824, subd. 8",https://dps.mn.gov/divisions/bca/data-and-reports/agencies-use-lprs-lpr,cross-alpr-reported-west-saint-paul-police-department-stryker-avenue-and-annapolis-street-west,1,17,50,false,false,false,,
alpr-reported-west-saint-paul-police-department-robert-street-south-and-hurley-street-east,Reported ALPR — Robert Street South and Hurley Street East,Dakota County,MN,27037,44.9187269,-93.0806437,confirmed,,West Saint Paul Police Department,Robert Street South and Hurley Street East,agency-jurisdiction-west-saint-paul-police,osm-intersection,false,"Minn. Stat. § 13.824, subd. 8",https://dps.mn.gov/divisions/bca/data-and-reports/agencies-use-lprs-lpr,cross-alpr-reported-west-saint-paul-police-department-robert-street-south-and-hurley-street-east,1,20,50,false,false,false,,
alpr-reported-west-saint-paul-police-department-thompson-avenue-east-and-christensen-avenue,Reported ALPR — Thompson Avenue East and Christensen Avenue,Dakota County,MN,27037,44.9015417,-93.0678805,confirmed,,West Saint Paul Police Department,Thompson Avenue East and Christensen Avenue,agency-jurisdiction-west-saint-paul-police,osm-intersection,false,"Minn. Stat. § 13.824, subd. 8",https://dps.mn.gov/divisions/bca/data-and-reports/agencies-use-lprs-lpr,cross-alpr-reported-west-saint-paul-police-department-thompson-avenue-east-and-christensen-avenue,1,30,50,false,false,false,,
alpr-reported-west-saint-paul-police-department-wentworth-avenue-east-and-christensen-avenue,Reported ALPR — Wentworth Avenue East and Christensen Avenue,Dakota County,MN,27037,44.8979598,-93.0678535,confirmed,,West Saint Paul Police Department,Wentworth Avenue East and Christensen Avenue,agency-jurisdiction-west-saint-paul-police,osm-intersection,false,"Minn. Stat. § 13.824, subd. 8",https://dps.mn.gov/divisions/bca/data-and-reports/agencies-use-lprs-lpr,cross-alpr-reported-west-saint-paul-police-department-wentworth-avenue-east-and-christensen-avenue,1,41,50,false,false,false,,
alpr-reported-west-saint-paul-police-department-mendota-road-east-and-oakdale-avenue,Reported ALPR — Mendota Road East and Oakdale Avenue,Dakota County,MN,27037,44.8835377,-93.0703336,confirmed,,West Saint Paul Police Department,Mendota Road East and Oakdale Avenue,agency-jurisdiction-west-saint-paul-police,osm-intersection,false,"Minn. Stat. § 13.824, subd. 8",https://dps.mn.gov/divisions/bca/data-and-reports/agencies-use-lprs-lpr,cross-alpr-reported-west-saint-paul-police-department-mendota-road-east-and-oakdale-avenue,1,20,50,false,false,false,,
alpr-reported-west-saint-paul-police-department-marie-avenue-east-and-oakdale-avenue,Reported ALPR — Marie Avenue East and Oakdale Avenue,Dakota County,MN,27037,44.8903617,-93.0703937,confirmed,,West Saint Paul Police Department,Marie Avenue East and Oakdale Avenue,agency-jurisdiction-west-saint-paul-police,osm-intersection,false,"Minn. Stat. § 13.824, subd. 8",https://dps.mn.gov/divisions/bca/data-and-reports/agencies-use-lprs-lpr,cross-alpr-reported-west-saint-paul-police-department-marie-avenue-east-and-oakdale-avenue,1,22,50,false,false,false,,
alpr-reported-west-saint-paul-police-department-robert-street-south-and-butler-avenue-east,Reported ALPR — Robert Street South and Butler Avenue East,Dakota County,MN,27037,44.9124013,-93.08065375,confirmed,,West Saint Paul Police Department,Robert Street South and Butler Avenue East,agency-jurisdiction-west-saint-paul-police,osm-intersection,false,"Minn. Stat. § 13.824, subd. 8",https://dps.mn.gov/divisions/bca/data-and-reports/agencies-use-lprs-lpr,,0,,50,false,false,false,,
alpr-reported-willmar-police-department-lakeland-drive-and-seventh-avenue-se,Reported ALPR — Lakeland Drive and Seventh Avenue SE,Kandiyohi County,MN,27067,45.1171248,-95.0222539,confirmed,,Willmar Police Department,Lakeland Drive and Seventh Avenue SE,,osm-intersection,false,"Minn. Stat. § 13.824, subd. 8",https://dps.mn.gov/divisions/bca/data-and-reports/agencies-use-lprs-lpr,,0,,50,false,false,false,,
alpr-reported-willmar-police-department-30th-street-and-second-avenue-nw,Reported ALPR — 30th Street and Second Avenue NW,Kandiyohi County,MN,27067,45.1275502,-95.0835954,confirmed,,Willmar Police Department,30th Street and Second Avenue NW,,osm-intersection,false,"Minn. Stat. § 13.824, subd. 8",https://dps.mn.gov/divisions/bca/data-and-reports/agencies-use-lprs-lpr,cross-alpr-reported-willmar-police-department-30th-street-and-second-avenue-nw,1,48,50,false,false,false,,
alpr-reported-willmar-police-department-willmar-avenue-and-5th-street-se,Reported ALPR — Willmar Avenue and 5th Street SE,Kandiyohi County,MN,27067,45.11055655,-95.03819665,confirmed,,Willmar Police Department,Willmar Avenue and 5th Street SE,,osm-intersection,false,"Minn. Stat. § 13.824, subd. 8",https://dps.mn.gov/divisions/bca/data-and-reports/agencies-use-lprs-lpr,cross-alpr-reported-willmar-police-department-willmar-avenue-and-5th-street-se,2,11,50,false,false,false,,
alpr-reported-woodbury-police-department-hudson-road-at-woodbury-drive-eastbound,Reported ALPR — Hudson Road at Woodbury Drive eastbound,Washington County,MN,27163,44.944884525,-92.90331415,confirmed,,Woodbury Police Department,Hudson Road at Woodbury Drive eastbound,agency-jurisdiction-woodbury-police,osm-intersection,false,"Minn. Stat. § 13.824, subd. 8",https://dps.mn.gov/divisions/bca/data-and-reports/agencies-use-lprs-lpr,cross-alpr-reported-woodbury-police-department-hudson-road-at-woodbury-drive-eastbound,1,40,50,false,false,false,,
alpr-reported-woodbury-police-department-commerce-drive-at-woodbury-drive,Reported ALPR — Commerce Drive at Woodbury Drive,Washington County,MN,27163,44.941673,-92.903444625,confirmed,,Woodbury Police Department,Commerce Drive at Woodbury Drive,agency-jurisdiction-woodbury-police,osm-intersection,false,"Minn. Stat. § 13.824, subd. 8",https://dps.mn.gov/divisions/bca/data-and-reports/agencies-use-lprs-lpr,cross-alpr-reported-woodbury-police-department-commerce-drive-at-woodbury-drive,1,36,50,false,false,false,,
alpr-reported-woodbury-police-department-woodbury-lakes-road-at-spring-hill-drive,Reported ALPR — Woodbury Lakes Road at Spring Hill Drive,Washington County,MN,27163,44.9483125,-92.9297084,confirmed,,Woodbury Police Department,Woodbury Lakes Road at Spring Hill Drive,agency-jurisdiction-woodbury-police,osm-intersection,false,"Minn. Stat. § 13.824, subd. 8",https://dps.mn.gov/divisions/bca/data-and-reports/agencies-use-lprs-lpr,,0,,50,false,false,false,,
alpr-reported-woodbury-police-department-hudson-road-at-radio-drive,Reported ALPR — Hudson Road at Radio Drive,Washington County,MN,27163,44.94401810000001,-92.93431125000001,confirmed,,Woodbury Police Department,Hudson Road at Radio Drive,agency-jurisdiction-woodbury-police,osm-intersection,true,"Minn. Stat. § 13.824, subd. 8",https://dps.mn.gov/divisions/bca/data-and-reports/agencies-use-lprs-lpr,,0,,50,false,false,false,,
alpr-reported-woodbury-police-department-woodlane-drive-at-valley-creek-road,Reported ALPR — Woodlane Drive at Valley Creek Road,Washington County,MN,27163,44.925287850000004,-92.96610795000001,confirmed,,Woodbury Police Department,Woodlane Drive at Valley Creek Road,agency-jurisdiction-woodbury-police,osm-intersection,false,"Minn. Stat. § 13.824, subd. 8",https://dps.mn.gov/divisions/bca/data-and-reports/agencies-use-lprs-lpr,cross-alpr-reported-woodbury-police-department-woodlane-drive-at-valley-creek-road,1,29,50,false,false,false,,
alpr-reported-woodbury-police-department-queens-drive-at-valley-creek-road,Reported ALPR — Queens Drive at Valley Creek Road,Washington County,MN,27163,44.92449690000001,-92.95959459999999,confirmed,,Woodbury Police Department,Queens Drive at Valley Creek Road,agency-jurisdiction-woodbury-police,osm-intersection,false,"Minn. Stat. § 13.824, subd. 8",https://dps.mn.gov/divisions/bca/data-and-reports/agencies-use-lprs-lpr,cross-alpr-reported-woodbury-police-department-queens-drive-at-valley-creek-road,1,30,50,false,false,false,,
alpr-reported-woodbury-police-department-weir-drive-at-tamarack-road-southbound,Reported ALPR — Weir Drive at Tamarack Road southbound,Washington County,MN,27163,44.93640862857143,-92.96453034285715,confirmed,,Woodbury Police Department,Weir Drive at Tamarack Road southbound,agency-jurisdiction-woodbury-police,osm-intersection,false,"Minn. Stat. § 13.824, subd. 8",https://dps.mn.gov/divisions/bca/data-and-reports/agencies-use-lprs-lpr,cross-alpr-reported-woodbury-police-department-weir-drive-at-tamarack-road-southbound,1,16,50,false,false,false,,
alpr-reported-woodbury-police-department-weir-drive-at-valley-creek-road,Reported ALPR — Weir Drive at Valley Creek Road,Washington County,MN,27163,44.92648185000001,-92.97276508333334,confirmed,,Woodbury Police Department,Weir Drive at Valley Creek Road,agency-jurisdiction-woodbury-police,osm-intersection,false,"Minn. Stat. § 13.824, subd. 8",https://dps.mn.gov/divisions/bca/data-and-reports/agencies-use-lprs-lpr,cross-alpr-reported-woodbury-police-department-weir-drive-at-valley-creek-road,1,24,50,false,false,false,,
alpr-reported-woodbury-police-department-weir-drive-at-tamarack-road,Reported ALPR — Weir Drive at Tamarack Road,Washington County,MN,27163,44.93640862857143,-92.96453034285715,confirmed,,Woodbury Police Department,Weir Drive at Tamarack Road,agency-jurisdiction-woodbury-police,osm-intersection,false,"Minn. Stat. § 13.824, subd. 8",https://dps.mn.gov/divisions/bca/data-and-reports/agencies-use-lprs-lpr,,0,,50,false,false,true,16,cross-alpr-reported-woodbury-police-department-weir-drive-at-tamarack-road-southbound
alpr-reported-woodbury-police-department-hudson-road-at-woodbury-drive,Reported ALPR — Hudson Road at Woodbury Drive,Washington County,MN,27163,44.944884525,-92.90331415,confirmed,,Woodbury Police Department,Hudson Road at Woodbury Drive,agency-jurisdiction-woodbury-police,osm-intersection,false,"Minn. Stat. § 13.824, subd. 8",https://dps.mn.gov/divisions/bca/data-and-reports/agencies-use-lprs-lpr,,0,,50,false,false,true,40,cross-alpr-reported-woodbury-police-department-hudson-road-at-woodbury-drive-eastbound
alpr-reported-woodbury-police-department-valley-creek-road-at-century-avenue-south,Reported ALPR — Valley Creek Road at Century Avenue South,Washington County,MN,27163,44.92797025714286,-92.98455552857142,confirmed,,Woodbury Police Department,Valley Creek Road at Century Avenue South,agency-jurisdiction-woodbury-police,osm-intersection,false,"Minn. Stat. § 13.824, subd. 8",https://dps.mn.gov/divisions/bca/data-and-reports/agencies-use-lprs-lpr,cross-alpr-reported-woodbury-police-department-valley-creek-road-at-century-avenue-south,1,37,50,false,false,false,,
alpr-reported-woodbury-police-department-tamarack-village-at-tamarack-road,Reported ALPR — Tamarack Village at Tamarack Road,Washington County,MN,27163,44.937276049999994,-92.93788850000001,confirmed,,Woodbury Police Department,Tamarack Village at Tamarack Road,agency-jurisdiction-woodbury-police,osm-intersection,false,"Minn. Stat. § 13.824, subd. 8",https://dps.mn.gov/divisions/bca/data-and-reports/agencies-use-lprs-lpr,cross-alpr-reported-woodbury-police-department-tamarack-village-at-tamarack-road,1,36,50,false,false,false,,
alpr-reported-wright-county-sheriff-s-office-minnesota-highway-25-at-oakwood-drive-in-monticello,Reported ALPR — Minnesota Highway 25 at Oakwood Drive in Monticello,Wright County,MN,27171,45.2967228,-93.8003932,confirmed,,Wright County Sheriff's Office,Minnesota Highway 25 at Oakwood Drive in Monticello,,osm-intersection,false,"Minn. Stat. § 13.824, subd. 8",https://dps.mn.gov/divisions/bca/data-and-reports/agencies-use-lprs-lpr,cross-alpr-reported-wright-county-sheriff-s-office-minnesota-highway-25-at-oakwood-drive-in-monticello,1,34,50,false,false,false,,
alpr-reported-wyoming-police-department-east-viking-boulevard-at-kettle-river-boulevard-westbound,Reported ALPR — East Viking Boulevard at Kettle River Boulevard westbound,Chisago County,MN,27025,45.3365464,-93.0072099,confirmed,,Wyoming Police Department,East Viking Boulevard at Kettle River Boulevard westbound,agency-jurisdiction-wyoming-police,osm-intersection,false,"Minn. Stat. § 13.824, subd. 8",https://dps.mn.gov/divisions/bca/data-and-reports/agencies-use-lprs-lpr,,0,,50,false,false,false,,
alpr-reported-wyoming-police-department-wyoming-trail-at-pioneer-road-westbound,Reported ALPR — Wyoming Trail at Pioneer Road westbound,Chisago County,MN,27025,45.3330196,-92.9520179,confirmed,,Wyoming Police Department,Wyoming Trail at Pioneer Road westbound,agency-jurisdiction-wyoming-police,osm-intersection,false,"Minn. Stat. § 13.824, subd. 8",https://dps.mn.gov/divisions/bca/data-and-reports/agencies-use-lprs-lpr,,0,,50,false,false,false,,