id,name,county,state,countyFips,lat,lng,confidence,sourceDate,operator,manufacturer,cameraType,direction,zone,surveillance,osmId,osmUrl
alpr-osm-33331297,ALPR camera — (Edina Police),Hennepin County,MN,27053,44.908913,-93.339218,probabilistic,,(Edina Police),Flock Safety,fixed,0,traffic,public,33331297,https://www.openstreetmap.org/node/33331297
alpr-osm-1685994889,ALPR camera,Beltrami County,MN,27007,47.4343337,-94.8690924,probabilistic,,,Flock Safety,fixed,,traffic,public,1685994889,https://www.openstreetmap.org/node/1685994889
alpr-osm-4011704792,ALPR camera,Ramsey County,MN,27123,45.0958797,-93.2188681,probabilistic,,,Flock Safety,fixed,340,traffic,traffic,4011704792,https://www.openstreetmap.org/node/4011704792
alpr-osm-4184747855,ALPR camera — St louis park PD,Hennepin County,MN,27053,44.9675125,-93.3517561,probabilistic,,St louis park PD,Flock Safety,fixed,180,,traffic,4184747855,https://www.openstreetmap.org/node/4184747855
alpr-osm-5903676347,ALPR camera,Hennepin County,MN,27053,45.1075494,-93.3903872,probabilistic,,,Flock Safety,fixed,141,traffic,public,5903676347,https://www.openstreetmap.org/node/5903676347
alpr-osm-8577448251,ALPR camera,Steele County,MN,27147,44.0952781,-93.2475702,probabilistic,,,Flock Safety,fixed,270,traffic,public,8577448251,https://www.openstreetmap.org/node/8577448251
alpr-osm-8577448262,ALPR camera,Steele County,MN,27147,44.0948174,-93.2411994,probabilistic,,,Flock Safety,fixed,54,traffic,public,8577448262,https://www.openstreetmap.org/node/8577448262
alpr-osm-10118113557,ALPR camera,Becker County,MN,27005,46.8188776,-95.8531688,probabilistic,,,,,180,residential,private,10118113557,https://www.openstreetmap.org/node/10118113557
alpr-osm-12335591443,ALPR camera — Eagan,Dakota County,MN,27037,44.7900944,-93.2194531,probabilistic,,Eagan,,fixed,60,traffic,traffic,12335591443,https://www.openstreetmap.org/node/12335591443
alpr-osm-12336223737,ALPR camera — Stillwater Police Department,Washington County,MN,27163,45.0532652,-92.8032164,probabilistic,,Stillwater Police Department,,fixed,195,traffic,traffic,12336223737,https://www.openstreetmap.org/node/12336223737
alpr-osm-12337393374,ALPR camera — Eagan,Dakota County,MN,27037,44.7902553,-93.2047251,probabilistic,,Eagan,,fixed,240,traffic,traffic,12337393374,https://www.openstreetmap.org/node/12337393374
alpr-osm-12337965797,ALPR camera — University of Minnesota Police Department,Hennepin County,MN,27053,44.9747728,-93.2247682,probabilistic,,University of Minnesota Police Department,Flock Safety,fixed,155,traffic,public,12337965797,https://www.openstreetmap.org/node/12337965797
alpr-osm-12338315750,ALPR camera,Washington County,MN,27163,44.9450356,-92.9039987,probabilistic,,,,fixed,260,traffic,traffic,12338315750,https://www.openstreetmap.org/node/12338315750
alpr-osm-12338315751,ALPR camera,Washington County,MN,27163,44.9447464,-92.9028513,probabilistic,,,,fixed,80,traffic,traffic,12338315751,https://www.openstreetmap.org/node/12338315751
alpr-osm-12338315752,ALPR camera — Flock Safety,Washington County,MN,27163,44.9416068,-92.9345482,probabilistic,,Flock Safety,,fixed,260,traffic,traffic,12338315752,https://www.openstreetmap.org/node/12338315752
alpr-osm-12338315753,ALPR camera — Flock Safety,Washington County,MN,27163,44.9251755,-92.9626198,probabilistic,,Flock Safety,,fixed,25,traffic,traffic,12338315753,https://www.openstreetmap.org/node/12338315753
alpr-osm-12338315754,ALPR camera,Washington County,MN,27163,44.9418186,-92.9038545,probabilistic,,,,fixed,260,traffic,traffic,12338315754,https://www.openstreetmap.org/node/12338315754
alpr-osm-12338315755,ALPR camera,Washington County,MN,27163,44.9481677,-92.9315286,probabilistic,,,,fixed,70,traffic,traffic,12338315755,https://www.openstreetmap.org/node/12338315755
alpr-osm-12338315756,ALPR camera — Flock Safety,Washington County,MN,27163,44.924731,-92.9594085,probabilistic,,Flock Safety,,fixed,330,traffic,traffic,12338315756,https://www.openstreetmap.org/node/12338315756
alpr-osm-12338315757,ALPR camera — Flock Safety,Washington County,MN,27163,44.9255202,-92.965938,probabilistic,,Flock Safety,,fixed,355,traffic,traffic,12338315757,https://www.openstreetmap.org/node/12338315757
alpr-osm-12338315758,ALPR camera,Washington County,MN,27163,44.9452923,-92.8995976,probabilistic,,,Flock Safety,fixed,15,traffic,public,12338315758,https://www.openstreetmap.org/node/12338315758
alpr-osm-12338315759,ALPR camera — Flock Safety,Washington County,MN,27163,44.9413461,-92.9334245,probabilistic,,Flock Safety,,fixed,80,traffic,traffic,12338315759,https://www.openstreetmap.org/node/12338315759
alpr-osm-12345076316,ALPR camera — Eagan,Dakota County,MN,27037,44.8046079,-93.1944414,probabilistic,,Eagan,,fixed,240,traffic,traffic,12345076316,https://www.openstreetmap.org/node/12345076316
alpr-osm-12345076317,ALPR camera — Eagan,Dakota County,MN,27037,44.8270752,-93.1667537,probabilistic,,Eagan,,fixed,60,traffic,traffic,12345076317,https://www.openstreetmap.org/node/12345076317
alpr-osm-12345076318,ALPR camera — Eagan,Dakota County,MN,27037,44.8481113,-93.1568516,probabilistic,,Eagan,,fixed,240,traffic,traffic,12345076318,https://www.openstreetmap.org/node/12345076318
alpr-osm-12345076319,ALPR camera — Eagan,Dakota County,MN,27037,44.8116642,-93.2178193,probabilistic,,Eagan,,fixed,330,traffic,traffic,12345076319,https://www.openstreetmap.org/node/12345076319
alpr-osm-12346208823,ALPR camera — Flock Safety,Washington County,MN,27163,44.9375926,-92.9377968,probabilistic,,Flock Safety,,fixed,350,traffic,traffic,12346208823,https://www.openstreetmap.org/node/12346208823
alpr-osm-12346226406,ALPR camera — Flock Safety,Washington County,MN,27163,44.9358656,-92.9647569,probabilistic,,Flock Safety,,fixed,150,traffic,traffic,12346226406,https://www.openstreetmap.org/node/12346226406
alpr-osm-12349134101,ALPR camera — Flock Safety,Dakota County,MN,27037,44.8333091,-93.1598993,probabilistic,,Flock Safety,,fixed,135,traffic,traffic,12349134101,https://www.openstreetmap.org/node/12349134101
alpr-osm-12366492318,ALPR camera,Hennepin County,MN,27053,44.9837709,-93.2314753,probabilistic,,,Flock Safety,fixed,45,traffic,public,12366492318,https://www.openstreetmap.org/node/12366492318
alpr-osm-12377347836,ALPR camera,Hennepin County,MN,27053,44.9700555,-93.2230483,probabilistic,,,Flock Safety,fixed,155,traffic,public,12377347836,https://www.openstreetmap.org/node/12377347836
alpr-osm-12484693623,ALPR camera,Scott County,MN,27139,44.6116631,-93.7686286,probabilistic,,,Flock Safety,fixed,260,traffic,public,12484693623,https://www.openstreetmap.org/node/12484693623
alpr-osm-12484696470,ALPR camera,Scott County,MN,27139,44.6119316,-93.7666542,probabilistic,,,Flock Safety,fixed,5,traffic,public,12484696470,https://www.openstreetmap.org/node/12484696470
alpr-osm-12484696471,ALPR camera,Scott County,MN,27139,44.6104923,-93.7598854,probabilistic,,,Flock Safety,fixed,260,traffic,public,12484696471,https://www.openstreetmap.org/node/12484696471
alpr-osm-12484696472,ALPR camera,Scott County,MN,27139,44.6210222,-93.743259,probabilistic,,,Flock Safety,fixed,260,traffic,public,12484696472,https://www.openstreetmap.org/node/12484696472
alpr-osm-12484696473,ALPR camera,Scott County,MN,27139,44.6157409,-93.7690586,probabilistic,,,Flock Safety,fixed,235,traffic,public,12484696473,https://www.openstreetmap.org/node/12484696473
alpr-osm-12485295270,ALPR camera,St. Louis County,MN,27137,47.0694624,-92.5989162,probabilistic,,,Flock Safety,fixed,170,traffic,public,12485295270,https://www.openstreetmap.org/node/12485295270
alpr-osm-12485295276,ALPR camera — St. Louis County Sheriff's Department,St. Louis County,MN,27137,47.685596,-92.1984649,probabilistic,,St. Louis County Sheriff's Department,Flock Safety,fixed,180,traffic,public,12485295276,https://www.openstreetmap.org/node/12485295276
alpr-osm-12485295277,ALPR camera — St. Louis County Sheriff's Department,St. Louis County,MN,27137,47.3720926,-92.2638815,probabilistic,,St. Louis County Sheriff's Department,Flock Safety,fixed,330,traffic,public,12485295277,https://www.openstreetmap.org/node/12485295277
alpr-osm-12564359404,ALPR camera — Flock Safety,Ramsey County,MN,27123,44.9482789,-93.1944739,probabilistic,,Flock Safety,,,65,,,12564359404,https://www.openstreetmap.org/node/12564359404
alpr-osm-12581547504,ALPR camera,Hennepin County,MN,27053,44.9874767,-93.2305263,probabilistic,,,Flock Safety,fixed,150,traffic,public,12581547504,https://www.openstreetmap.org/node/12581547504
alpr-osm-12597231689,ALPR camera,Hennepin County,MN,27053,45.1349864,-93.374536,probabilistic,,,Flock Safety,fixed,50,traffic,public,12597231689,https://www.openstreetmap.org/node/12597231689
alpr-osm-12621231258,ALPR camera — University of Minnesota Police Department,Hennepin County,MN,27053,44.9722082,-93.2440999,probabilistic,,University of Minnesota Police Department,Flock Safety,fixed,50,traffic,public,12621231258,https://www.openstreetmap.org/node/12621231258
alpr-osm-12629284500,ALPR camera — Flock Safety,Ramsey County,MN,27123,45.0060407,-93.165017,probabilistic,,Flock Safety,,,159,,,12629284500,https://www.openstreetmap.org/node/12629284500
alpr-osm-12629683482,"ALPR camera — Richfield, MN PD",Hennepin County,MN,27053,44.8628834,-93.2680323,probabilistic,,"Richfield, MN PD",Flock Safety,fixed,340,traffic,public,12629683482,https://www.openstreetmap.org/node/12629683482
alpr-osm-12629697841,"ALPR camera — Minneapolis, MN PD",Hennepin County,MN,27053,44.9811305,-93.2724937,probabilistic,,"Minneapolis, MN PD",Motorola Solutions,fixed,135,traffic,public,12629697841,https://www.openstreetmap.org/node/12629697841
alpr-osm-12634104472,ALPR camera — Flock Safety,Ramsey County,MN,27123,45.0059851,-93.1632874,probabilistic,,Flock Safety,,,159,,,12634104472,https://www.openstreetmap.org/node/12634104472
alpr-osm-12634104473,ALPR camera — Flock Safety,Ramsey County,MN,27123,45.0060578,-93.1623692,probabilistic,,Flock Safety,,,159,,,12634104473,https://www.openstreetmap.org/node/12634104473
alpr-osm-12634104474,ALPR camera — Flock Safety,Ramsey County,MN,27123,45.0032167,-93.1654501,probabilistic,,Flock Safety,,,45,,,12634104474,https://www.openstreetmap.org/node/12634104474
alpr-osm-12648860401,ALPR camera — Faribault Police Department,Rice County,MN,27131,44.2796513,-93.2958926,probabilistic,,Faribault Police Department,Flock Safety,fixed,360,traffic,public,12648860401,https://www.openstreetmap.org/node/12648860401
alpr-osm-12650851813,ALPR camera — Faribault Police Department,Rice County,MN,27131,44.3097803,-93.2726013,probabilistic,,Faribault Police Department,Flock Safety,fixed,140,traffic,public,12650851813,https://www.openstreetmap.org/node/12650851813
alpr-osm-12650862954,ALPR camera — Faribault Police Department,Rice County,MN,27131,44.2776093,-93.2729891,probabilistic,,Faribault Police Department,Flock Safety,fixed,320,traffic,public,12650862954,https://www.openstreetmap.org/node/12650862954
alpr-osm-12650870613,ALPR camera — Faribault Police Department,Rice County,MN,27131,44.2936152,-93.3030709,probabilistic,,Faribault Police Department,Flock Safety,fixed,145,traffic,public,12650870613,https://www.openstreetmap.org/node/12650870613
alpr-osm-12671180634,ALPR camera — Flock Safety,Washington County,MN,27163,45.0398836,-92.8424974,probabilistic,,Flock Safety,Flock Safety,,10,,,12671180634,https://www.openstreetmap.org/node/12671180634
alpr-osm-12671180635,ALPR camera — Flock Safety,Washington County,MN,27163,45.0392877,-92.8436103,probabilistic,,Flock Safety,Flock Safety,,180,,,12671180635,https://www.openstreetmap.org/node/12671180635
alpr-osm-12700685930,ALPR camera — Flock Safety,Hennepin County,MN,27053,44.9212156,-93.3304239,probabilistic,,Flock Safety,,,213,,outdoor,12700685930,https://www.openstreetmap.org/node/12700685930
alpr-osm-12719742427,ALPR camera — Eagan,Dakota County,MN,27037,44.8194564,-93.2085976,probabilistic,,Eagan,,fixed,110,traffic,traffic,12719742427,https://www.openstreetmap.org/node/12719742427
alpr-osm-12719742428,ALPR camera,Hennepin County,MN,27053,44.8837834,-93.2480454,probabilistic,,,,fixed,240,traffic,traffic,12719742428,https://www.openstreetmap.org/node/12719742428
alpr-osm-12719742429,ALPR camera — Edina Police Department,Hennepin County,MN,27053,44.8833991,-93.3260877,probabilistic,,Edina Police Department,Flock Safety,fixed,120,traffic,,12719742429,https://www.openstreetmap.org/node/12719742429
alpr-osm-12719742430,ALPR camera — Edina Police Department,Hennepin County,MN,27053,44.9307013,-93.3291969,probabilistic,,Edina Police Department,,fixed,165,traffic,traffic,12719742430,https://www.openstreetmap.org/node/12719742430
alpr-osm-12729940856,ALPR camera,Clay County,MN,27027,46.8890699,-96.7713922,probabilistic,,,Flock Safety,fixed,,traffic,public,12729940856,https://www.openstreetmap.org/node/12729940856
alpr-osm-12731691865,ALPR camera — Flock Safety,Hennepin County,MN,27053,44.8629476,-93.2781374,probabilistic,,Flock Safety,,,327,traffic,public,12731691865,https://www.openstreetmap.org/node/12731691865
alpr-osm-12731694342,ALPR camera — City of Rogers MN,Hennepin County,MN,27053,45.1990884,-93.5502632,probabilistic,,City of Rogers MN,Flock Safety,fixed,163,traffic,public,12731694342,https://www.openstreetmap.org/node/12731694342
alpr-osm-12731718636,ALPR camera,Hennepin County,MN,27053,45.1998413,-93.549847,probabilistic,,,Flock Safety,,334,traffic,public,12731718636,https://www.openstreetmap.org/node/12731718636
alpr-osm-12737523025,ALPR camera,Scott County,MN,27139,44.5518511,-93.5737431,probabilistic,,,Flock Safety,fixed,340,traffic,public,12737523025,https://www.openstreetmap.org/node/12737523025
alpr-osm-12737554760,ALPR camera,Le Sueur County,MN,27079,44.5431848,-93.5616056,probabilistic,,,Flock Safety,fixed,155,traffic,public,12737554760,https://www.openstreetmap.org/node/12737554760
alpr-osm-12737569436,ALPR camera,Scott County,MN,27139,44.5585463,-93.5841667,probabilistic,,,Flock Safety,fixed,330,traffic,public,12737569436,https://www.openstreetmap.org/node/12737569436
alpr-osm-12750321224,ALPR camera,Hennepin County,MN,27053,45.1993897,-93.5541858,probabilistic,,,Flock Safety,fixed,65,traffic,public,12750321224,https://www.openstreetmap.org/node/12750321224
alpr-osm-12780169418,ALPR camera — Flock Safety,Hennepin County,MN,27053,44.9706488,-93.5299706,probabilistic,,Flock Safety,,,86,traffic,public,12780169418,https://www.openstreetmap.org/node/12780169418
alpr-osm-12781090181,ALPR camera,Hennepin County,MN,27053,44.9365172,-93.6428849,probabilistic,,,Flock Safety,fixed,,traffic,outdoor,12781090181,https://www.openstreetmap.org/node/12781090181
alpr-osm-12781277922,ALPR camera,Hennepin County,MN,27053,45.0086132,-93.5325648,probabilistic,,,Flock Safety,fixed,,traffic,outdoor,12781277922,https://www.openstreetmap.org/node/12781277922
alpr-osm-12781277923,ALPR camera,Hennepin County,MN,27053,45.0128827,-93.5302234,probabilistic,,,Flock Safety,fixed,,traffic,outdoor,12781277923,https://www.openstreetmap.org/node/12781277923
alpr-osm-12781289220,ALPR camera,Hennepin County,MN,27053,44.9347198,-93.6072209,probabilistic,,,Flock Safety,fixed,,traffic,outdoor,12781289220,https://www.openstreetmap.org/node/12781289220
alpr-osm-12781289684,ALPR camera,Hennepin County,MN,27053,44.9849506,-93.5499942,probabilistic,,,Flock Safety,fixed,,traffic,outdoor,12781289684,https://www.openstreetmap.org/node/12781289684
alpr-osm-12781299885,ALPR camera,Hennepin County,MN,27053,45.0510349,-93.6353731,probabilistic,,,Flock Safety,fixed,,traffic,outdoor,12781299885,https://www.openstreetmap.org/node/12781299885
alpr-osm-12781389513,ALPR camera,Hennepin County,MN,27053,44.9741645,-93.5021236,probabilistic,,,Flock Safety,fixed,,traffic,outdoor,12781389513,https://www.openstreetmap.org/node/12781389513
alpr-osm-12781389514,ALPR camera,Hennepin County,MN,27053,44.9713532,-93.4939322,probabilistic,,,Flock Safety,fixed,274,traffic,outdoor,12781389514,https://www.openstreetmap.org/node/12781389514
alpr-osm-12781997601,ALPR camera,Hennepin County,MN,27053,44.9692361,-93.5116322,probabilistic,,,Flock Safety,fixed,,traffic,outdoor,12781997601,https://www.openstreetmap.org/node/12781997601
alpr-osm-12781997602,ALPR camera,Hennepin County,MN,27053,44.9704712,-93.5188102,probabilistic,,,Flock Safety,fixed,,traffic,public,12781997602,https://www.openstreetmap.org/node/12781997602
alpr-osm-12782060094,ALPR camera,Hennepin County,MN,27053,44.9780657,-93.540819,probabilistic,,,Flock Safety,fixed,,traffic,outdoor,12782060094,https://www.openstreetmap.org/node/12782060094
alpr-osm-12782066111,ALPR camera,Hennepin County,MN,27053,44.9715232,-93.4904176,probabilistic,,,Flock Safety,fixed,,traffic,outdoor,12782066111,https://www.openstreetmap.org/node/12782066111
alpr-osm-12782077977,ALPR camera,Hennepin County,MN,27053,44.9623407,-93.4969382,probabilistic,,,Flock Safety,fixed,,traffic,outdoor,12782077977,https://www.openstreetmap.org/node/12782077977
alpr-osm-12782084758,ALPR camera,Hennepin County,MN,27053,45.0158614,-93.4407462,probabilistic,,,Flock Safety,fixed,,traffic,outdoor,12782084758,https://www.openstreetmap.org/node/12782084758
alpr-osm-12782087668,ALPR camera,Hennepin County,MN,27053,44.9702085,-93.5172926,probabilistic,,,Flock Safety,fixed,,traffic,outdoor,12782087668,https://www.openstreetmap.org/node/12782087668
alpr-osm-12782242953,ALPR camera,Hennepin County,MN,27053,45.0625767,-93.4393256,probabilistic,,,Flock Safety,fixed,,traffic,outdoor,12782242953,https://www.openstreetmap.org/node/12782242953
alpr-osm-12782272362,ALPR camera,Hennepin County,MN,27053,45.0577014,-93.3963587,probabilistic,,,Flock Safety,fixed,,traffic,outdoor,12782272362,https://www.openstreetmap.org/node/12782272362
alpr-osm-12785052329,ALPR camera,Hennepin County,MN,27053,45.0291916,-93.4543895,probabilistic,,,Flock Safety,fixed,,traffic,,12785052329,https://www.openstreetmap.org/node/12785052329
alpr-osm-12785052401,ALPR camera,Hennepin County,MN,27053,45.0191855,-93.4816406,probabilistic,,,Flock Safety,fixed,355,traffic,public,12785052401,https://www.openstreetmap.org/node/12785052401
alpr-osm-12785202257,ALPR camera — Flock Safety,Anoka County,MN,27003,45.2505045,-93.5093457,probabilistic,,Flock Safety,,,24,traffic,public,12785202257,https://www.openstreetmap.org/node/12785202257
alpr-osm-12788439758,ALPR camera,Hennepin County,MN,27053,45.0163815,-93.4821756,probabilistic,,,Flock Safety,fixed,,traffic,outdoor,12788439758,https://www.openstreetmap.org/node/12788439758
alpr-osm-12788631480,ALPR camera,Hennepin County,MN,27053,45.0640242,-93.4819223,probabilistic,,,Flock Safety,fixed,156,traffic,outdoor,12788631480,https://www.openstreetmap.org/node/12788631480
alpr-osm-12796136244,ALPR camera — Edina Police Department,Hennepin County,MN,27053,44.8870411,-93.3189673,probabilistic,,Edina Police Department,Flock Safety,fixed,215,traffic,public,12796136244,https://www.openstreetmap.org/node/12796136244
alpr-osm-12796151047,ALPR camera — Hopkins Police Department,Hennepin County,MN,27053,44.9208422,-93.4217949,probabilistic,,Hopkins Police Department,Motorola Solutions,fixed,270,traffic,public,12796151047,https://www.openstreetmap.org/node/12796151047
alpr-osm-12796156082,ALPR camera — Edina Police Department,Hennepin County,MN,27053,44.920356,-93.3859635,probabilistic,,Edina Police Department,Flock Safety,fixed,0,traffic,public,12796156082,https://www.openstreetmap.org/node/12796156082
alpr-osm-12796161907,ALPR camera — Hopkins Police Department,Hennepin County,MN,27053,44.920948,-93.4220762,probabilistic,,Hopkins Police Department,Motorola Solutions,fixed,90,traffic,public,12796161907,https://www.openstreetmap.org/node/12796161907
alpr-osm-12801343662,ALPR camera,Hennepin County,MN,27053,45.0444623,-93.5257351,probabilistic,,,,fixed,,,outdoor,12801343662,https://www.openstreetmap.org/node/12801343662
alpr-osm-12801353799,ALPR camera,Hennepin County,MN,27053,44.9791103,-93.5019789,probabilistic,,,,fixed,,,outdoor,12801353799,https://www.openstreetmap.org/node/12801353799
alpr-osm-12801399983,ALPR camera,Hennepin County,MN,27053,45.0659383,-93.6354072,probabilistic,,,,fixed,,,outdoor,12801399983,https://www.openstreetmap.org/node/12801399983
alpr-osm-12804186579,ALPR camera — Minnetonka Police Department,Hennepin County,MN,27053,44.9134663,-93.5034991,probabilistic,,Minnetonka Police Department,Motorola Solutions,fixed,50,traffic,public,12804186579,https://www.openstreetmap.org/node/12804186579
alpr-osm-12804187432,ALPR camera — Minnetonka Police Department,Hennepin County,MN,27053,44.9156025,-93.4475884,probabilistic,,Minnetonka Police Department,Motorola Solutions,fixed,0,traffic,public,12804187432,https://www.openstreetmap.org/node/12804187432
alpr-osm-12804187433,ALPR camera — Minnetonka Police Department,Hennepin County,MN,27053,44.915765,-93.4477389,probabilistic,,Minnetonka Police Department,Motorola Solutions,fixed,55,traffic,public,12804187433,https://www.openstreetmap.org/node/12804187433
alpr-osm-12804187434,ALPR camera — Minnetonka Police Department,Hennepin County,MN,27053,44.9160642,-93.4475484,probabilistic,,Minnetonka Police Department,Motorola Solutions,fixed,180,traffic,public,12804187434,https://www.openstreetmap.org/node/12804187434
alpr-osm-12804187435,ALPR camera — Minnetonka Police Department,Hennepin County,MN,27053,44.915954,-93.4473283,probabilistic,,Minnetonka Police Department,Motorola Solutions,fixed,225,traffic,public,12804187435,https://www.openstreetmap.org/node/12804187435
alpr-osm-12804191829,ALPR camera — Minnetonka Police Department,Hennepin County,MN,27053,44.9155444,-93.4477002,probabilistic,,Minnetonka Police Department,Motorola Solutions,fixed,20,traffic,public,12804191829,https://www.openstreetmap.org/node/12804191829
alpr-osm-12817842887,ALPR camera,Ramsey County,MN,27123,44.9559822,-93.1058236,probabilistic,,,Flock Safety,fixed,0,traffic,public,12817842887,https://www.openstreetmap.org/node/12817842887
alpr-osm-12817842888,ALPR camera,Ramsey County,MN,27123,44.9556253,-93.1061131,probabilistic,,,Flock Safety,fixed,180,traffic,public,12817842888,https://www.openstreetmap.org/node/12817842888
alpr-osm-12817842889,ALPR camera,Ramsey County,MN,27123,44.9559475,-93.1062125,probabilistic,,,Flock Safety,fixed,270,traffic,public,12817842889,https://www.openstreetmap.org/node/12817842889
alpr-osm-12817842890,ALPR camera,Ramsey County,MN,27123,44.9557628,-93.1058381,probabilistic,,,Flock Safety,fixed,90,traffic,public,12817842890,https://www.openstreetmap.org/node/12817842890
alpr-osm-12817842891,ALPR camera,Ramsey County,MN,27123,44.9490484,-93.1981444,probabilistic,,,Flock Safety,fixed,270,traffic,public,12817842891,https://www.openstreetmap.org/node/12817842891
alpr-osm-12817842892,ALPR camera,Ramsey County,MN,27123,44.9500515,-93.1984494,probabilistic,,,Flock Safety,fixed,250,traffic,public,12817842892,https://www.openstreetmap.org/node/12817842892
alpr-osm-12817842893,ALPR camera,Ramsey County,MN,27123,44.9506189,-93.1986667,probabilistic,,,Flock Safety,fixed,250,traffic,public,12817842893,https://www.openstreetmap.org/node/12817842893
alpr-osm-12817842894,ALPR camera,Ramsey County,MN,27123,44.9774473,-93.0251262,probabilistic,,,Flock Safety,fixed,90,traffic,public,12817842894,https://www.openstreetmap.org/node/12817842894
alpr-osm-12817842895,ALPR camera,Ramsey County,MN,27123,44.9773999,-93.025449,probabilistic,,,Flock Safety,fixed,180,traffic,public,12817842895,https://www.openstreetmap.org/node/12817842895
alpr-osm-12817842896,ALPR camera,Ramsey County,MN,27123,44.9776042,-93.0355859,probabilistic,,,Flock Safety,fixed,270,traffic,public,12817842896,https://www.openstreetmap.org/node/12817842896
alpr-osm-12817842897,ALPR camera,Ramsey County,MN,27123,44.9774665,-93.0353302,probabilistic,,,Flock Safety,fixed,90,traffic,public,12817842897,https://www.openstreetmap.org/node/12817842897
alpr-osm-12817842898,ALPR camera,Ramsey County,MN,27123,44.9777179,-93.0470624,probabilistic,,,Flock Safety,fixed,0,traffic,public,12817842898,https://www.openstreetmap.org/node/12817842898
alpr-osm-12817842899,ALPR camera,Ramsey County,MN,27123,44.9774114,-93.047362,probabilistic,,,Flock Safety,fixed,180,traffic,public,12817842899,https://www.openstreetmap.org/node/12817842899
alpr-osm-12819090112,ALPR camera,Washington County,MN,27163,44.9441144,-92.9358288,probabilistic,,,Flock Safety,fixed,260,traffic,public,12819090112,https://www.openstreetmap.org/node/12819090112
alpr-osm-12819106846,ALPR camera,Ramsey County,MN,27123,44.9178053,-93.1952966,probabilistic,,,Flock Safety,fixed,90,traffic,public,12819106846,https://www.openstreetmap.org/node/12819106846
alpr-osm-12820364665,ALPR camera,Ramsey County,MN,27123,44.9456292,-93.1037739,probabilistic,,,Flock Safety,fixed,330,traffic,public,12820364665,https://www.openstreetmap.org/node/12820364665
alpr-osm-12827088372,ALPR camera — Anoka County Sheriff’s Office,Anoka County,MN,27003,45.3281702,-93.5005158,probabilistic,,Anoka County Sheriff’s Office,Flock Safety,,60,traffic,public,12827088372,https://www.openstreetmap.org/node/12827088372
alpr-osm-12830508512,ALPR camera,Le Sueur County,MN,27079,44.5403061,-93.5839145,probabilistic,,,Flock Safety,fixed,320,traffic,public,12830508512,https://www.openstreetmap.org/node/12830508512
alpr-osm-12837329325,ALPR camera — Unknown,Hennepin County,MN,27053,44.8690253,-93.4358942,probabilistic,,Unknown,Flock Safety,fixed,240,traffic,public,12837329325,https://www.openstreetmap.org/node/12837329325
alpr-osm-12844986964,ALPR camera — Lowes,Anoka County,MN,27003,45.1807558,-93.2384199,probabilistic,,Lowes,Flock Safety,,54,traffic,public,12844986964,https://www.openstreetmap.org/node/12844986964
alpr-osm-12844986965,ALPR camera — Lowes,Anoka County,MN,27003,45.1807302,-93.2371681,probabilistic,,Lowes,Flock Safety,,340,traffic,public,12844986965,https://www.openstreetmap.org/node/12844986965
alpr-osm-12847226791,ALPR camera,Hennepin County,MN,27053,45.19333,-93.5528526,probabilistic,,,Flock Safety,,157,traffic,public,12847226791,https://www.openstreetmap.org/node/12847226791
alpr-osm-12854943206,ALPR camera,Hennepin County,MN,27053,45.0324139,-93.4061485,probabilistic,,,Flock Safety,fixed,,,outdoor,12854943206,https://www.openstreetmap.org/node/12854943206
alpr-osm-12863324547,ALPR camera,Washington County,MN,27163,45.0379003,-92.8340634,probabilistic,,,Flock Safety,fixed,108-153,traffic,public,12863324547,https://www.openstreetmap.org/node/12863324547
alpr-osm-12873115822,ALPR camera,Hennepin County,MN,27053,44.8886147,-93.2783087,probabilistic,,,,fixed,160,traffic,traffic,12873115822,https://www.openstreetmap.org/node/12873115822
alpr-osm-12873115823,ALPR camera,Hennepin County,MN,27053,44.8894379,-93.2883633,probabilistic,,,Flock Safety,fixed,174,traffic,public,12873115823,https://www.openstreetmap.org/node/12873115823
alpr-osm-12873115825,ALPR camera — Edina Police Department,Hennepin County,MN,27053,44.882031,-93.3286965,probabilistic,,Edina Police Department,Flock Safety,fixed,100,traffic,,12873115825,https://www.openstreetmap.org/node/12873115825
alpr-osm-12873115827,ALPR camera,Hennepin County,MN,27053,44.8779691,-93.3276317,probabilistic,,,,fixed,180,traffic,traffic,12873115827,https://www.openstreetmap.org/node/12873115827
alpr-osm-12873115828,ALPR camera,Hennepin County,MN,27053,44.8779675,-93.326623,probabilistic,,,,fixed,180,traffic,traffic,12873115828,https://www.openstreetmap.org/node/12873115828
alpr-osm-12873115829,ALPR camera,Hennepin County,MN,27053,44.8780105,-93.3243837,probabilistic,,,,fixed,140,traffic,traffic,12873115829,https://www.openstreetmap.org/node/12873115829
alpr-osm-12873115830,ALPR camera,Hennepin County,MN,27053,44.8779923,-93.3232746,probabilistic,,,,fixed,140,traffic,traffic,12873115830,https://www.openstreetmap.org/node/12873115830
alpr-osm-12873115832,ALPR camera,Hennepin County,MN,27053,44.8771964,-93.3215397,probabilistic,,,,fixed,270,traffic,traffic,12873115832,https://www.openstreetmap.org/node/12873115832
alpr-osm-12873115833,ALPR camera,Hennepin County,MN,27053,44.8770475,-93.3215584,probabilistic,,,,fixed,90,traffic,traffic,12873115833,https://www.openstreetmap.org/node/12873115833
alpr-osm-12873115834,ALPR camera,Hennepin County,MN,27053,44.8764932,-93.3229617,probabilistic,,,,fixed,300,traffic,traffic,12873115834,https://www.openstreetmap.org/node/12873115834
alpr-osm-12873115835,ALPR camera,Hennepin County,MN,27053,44.8764793,-93.3251234,probabilistic,,,,fixed,310,traffic,traffic,12873115835,https://www.openstreetmap.org/node/12873115835
alpr-osm-12873115836,ALPR camera,Hennepin County,MN,27053,44.8764849,-93.3275593,probabilistic,,,,fixed,310,traffic,traffic,12873115836,https://www.openstreetmap.org/node/12873115836
alpr-osm-12873115838,ALPR camera — Edina Police Department,Hennepin County,MN,27053,44.8816853,-93.3215021,probabilistic,,Edina Police Department,Flock Safety,fixed,260,traffic,,12873115838,https://www.openstreetmap.org/node/12873115838
alpr-osm-12873773346,ALPR camera,Hennepin County,MN,27053,44.9972552,-93.4676742,probabilistic,,,Flock Safety,fixed,,traffic,outdoor,12873773346,https://www.openstreetmap.org/node/12873773346
alpr-osm-12876335806,ALPR camera,Hennepin County,MN,27053,45.1311846,-93.5224306,probabilistic,,,Flock Safety,,240,traffic,public,12876335806,https://www.openstreetmap.org/node/12876335806
alpr-osm-12877479253,ALPR camera,Anoka County,MN,27003,45.1831582,-93.2353523,probabilistic,,,Flock Safety,,235,traffic,public,12877479253,https://www.openstreetmap.org/node/12877479253
alpr-osm-12879216594,ALPR camera,Hennepin County,MN,27053,45.0530424,-93.2992333,probabilistic,,,Flock Safety,fixed,160,,,12879216594,https://www.openstreetmap.org/node/12879216594
alpr-osm-12882570609,ALPR camera — Edina Police Department,Hennepin County,MN,27053,44.8783327,-93.3235277,probabilistic,,Edina Police Department,Flock Safety,fixed,330,traffic,,12882570609,https://www.openstreetmap.org/node/12882570609
alpr-osm-12903369165,ALPR camera,Hennepin County,MN,27053,44.9143676,-93.4501515,probabilistic,,,Motorola Solutions,fixed,25,,,12903369165,https://www.openstreetmap.org/node/12903369165
alpr-osm-12903390752,ALPR camera,Hennepin County,MN,27053,44.899157,-93.4018967,probabilistic,,,Motorola Solutions,fixed,145,,,12903390752,https://www.openstreetmap.org/node/12903390752
alpr-osm-12903390753,ALPR camera,Hennepin County,MN,27053,44.8647033,-93.4594659,probabilistic,,,Motorola Solutions,fixed,135,,,12903390753,https://www.openstreetmap.org/node/12903390753
alpr-osm-12903390754,ALPR camera,Hennepin County,MN,27053,44.8646957,-93.459191,probabilistic,,,Motorola Solutions,fixed,180,,,12903390754,https://www.openstreetmap.org/node/12903390754
alpr-osm-12903390755,ALPR camera,Hennepin County,MN,27053,44.8645588,-93.4590864,probabilistic,,,Motorola Solutions,fixed,270,,,12903390755,https://www.openstreetmap.org/node/12903390755
alpr-osm-12903390756,ALPR camera,Hennepin County,MN,27053,44.8645902,-93.4594163,probabilistic,,,Motorola Solutions,fixed,90,,,12903390756,https://www.openstreetmap.org/node/12903390756
alpr-osm-12903390757,ALPR camera,Hennepin County,MN,27053,44.864479,-93.4593291,probabilistic,,,Motorola Solutions,fixed,10,,,12903390757,https://www.openstreetmap.org/node/12903390757
alpr-osm-12903393828,ALPR camera,Hennepin County,MN,27053,44.9033088,-93.4676883,probabilistic,,,Motorola Solutions,fixed,340,,,12903393828,https://www.openstreetmap.org/node/12903393828
alpr-osm-12903393829,ALPR camera,Hennepin County,MN,27053,44.9033386,-93.4678154,probabilistic,,,Motorola Solutions,fixed,55,,,12903393829,https://www.openstreetmap.org/node/12903393829
alpr-osm-12903393830,ALPR camera,Hennepin County,MN,27053,44.9034433,-93.4675485,probabilistic,,,Motorola Solutions,fixed,240,,,12903393830,https://www.openstreetmap.org/node/12903393830
alpr-osm-12903393831,ALPR camera,Hennepin County,MN,27053,44.903498,-93.4677503,probabilistic,,,Motorola Solutions,fixed,155,,,12903393831,https://www.openstreetmap.org/node/12903393831
alpr-osm-12906183469,ALPR camera,Hennepin County,MN,27053,45.0532811,-93.3043063,probabilistic,,,Flock Safety,fixed,160,,,12906183469,https://www.openstreetmap.org/node/12906183469
alpr-osm-12919778518,ALPR camera,Hennepin County,MN,27053,44.9223694,-93.4142696,probabilistic,,,Genetec,fixed,170,,,12919778518,https://www.openstreetmap.org/node/12919778518
alpr-osm-12919780044,ALPR camera,Hennepin County,MN,27053,44.8915266,-93.4467874,probabilistic,,,Motorola Solutions,fixed,270,,,12919780044,https://www.openstreetmap.org/node/12919780044
alpr-osm-12919780045,ALPR camera,Hennepin County,MN,27053,44.8916567,-93.4471013,probabilistic,,,Motorola Solutions,fixed,90,,,12919780045,https://www.openstreetmap.org/node/12919780045
alpr-osm-12919780046,ALPR camera,Hennepin County,MN,27053,44.8917166,-93.4469189,probabilistic,,,Motorola Solutions,fixed,180,,,12919780046,https://www.openstreetmap.org/node/12919780046
alpr-osm-12919780047,ALPR camera,Hennepin County,MN,27053,44.8914914,-93.4469578,probabilistic,,,Motorola Solutions,fixed,0,,,12919780047,https://www.openstreetmap.org/node/12919780047
alpr-osm-12919780048,ALPR camera,Hennepin County,MN,27053,44.8914496,-93.446825,probabilistic,,,Motorola Solutions,fixed,330,,,12919780048,https://www.openstreetmap.org/node/12919780048
alpr-osm-12919788791,ALPR camera,Hennepin County,MN,27053,44.9302052,-93.4292593,probabilistic,,,Motorola Solutions,fixed,10,,,12919788791,https://www.openstreetmap.org/node/12919788791
alpr-osm-12919800624,ALPR camera,Hennepin County,MN,27053,44.9243749,-93.4270259,probabilistic,,,Motorola Solutions,fixed,90,,,12919800624,https://www.openstreetmap.org/node/12919800624
alpr-osm-12919800625,ALPR camera,Hennepin County,MN,27053,44.9244598,-93.4268047,probabilistic,,,Motorola Solutions,fixed,180,,,12919800625,https://www.openstreetmap.org/node/12919800625
alpr-osm-12919800626,ALPR camera,Hennepin County,MN,27053,44.9242432,-93.4269618,probabilistic,,,Motorola Solutions,fixed,10,,,12919800626,https://www.openstreetmap.org/node/12919800626
alpr-osm-12919800627,ALPR camera,Hennepin County,MN,27053,44.9242578,-93.426658,probabilistic,,,Motorola Solutions,fixed,335,,,12919800627,https://www.openstreetmap.org/node/12919800627
alpr-osm-12919800628,ALPR camera,Hennepin County,MN,27053,44.9242607,-93.4266332,probabilistic,,,Motorola Solutions,fixed,285,,,12919800628,https://www.openstreetmap.org/node/12919800628
alpr-osm-12919802842,ALPR camera,Hennepin County,MN,27053,44.9243099,-93.415127,probabilistic,,,Genetec,fixed,71,traffic,public,12919802842,https://www.openstreetmap.org/node/12919802842
alpr-osm-12919802843,ALPR camera,Hennepin County,MN,27053,44.9244506,-93.4153537,probabilistic,,,Motorola Solutions,fixed,145,,,12919802843,https://www.openstreetmap.org/node/12919802843
alpr-osm-12919802844,ALPR camera,Hennepin County,MN,27053,44.924643,-93.4153451,probabilistic,,,Genetec,fixed,155,,,12919802844,https://www.openstreetmap.org/node/12919802844
alpr-osm-12919816397,ALPR camera,Hennepin County,MN,27053,44.920709,-93.4273174,probabilistic,,,Motorola Solutions,fixed,45,,,12919816397,https://www.openstreetmap.org/node/12919816397
alpr-osm-12919816398,ALPR camera,Hennepin County,MN,27053,44.9208846,-93.4272926,probabilistic,,,Motorola Solutions,fixed,90,,,12919816398,https://www.openstreetmap.org/node/12919816398
alpr-osm-12919816399,ALPR camera,Hennepin County,MN,27053,44.9207588,-93.4269412,probabilistic,,,Motorola Solutions,fixed,270,,,12919816399,https://www.openstreetmap.org/node/12919816399
alpr-osm-12919816400,ALPR camera,Hennepin County,MN,27053,44.9209666,-93.4270218,probabilistic,,,Motorola Solutions,fixed,180,,,12919816400,https://www.openstreetmap.org/node/12919816400
alpr-osm-12919823414,ALPR camera,Hennepin County,MN,27053,44.920709,-93.4273174,probabilistic,,,Motorola Solutions,fixed,45,,,12919823414,https://www.openstreetmap.org/node/12919823414
alpr-osm-12919823415,ALPR camera,Hennepin County,MN,27053,44.9208846,-93.4272926,probabilistic,,,Motorola Solutions,fixed,90,,,12919823415,https://www.openstreetmap.org/node/12919823415
alpr-osm-12919823416,ALPR camera,Hennepin County,MN,27053,44.9207588,-93.4269412,probabilistic,,,Motorola Solutions,fixed,270,,,12919823416,https://www.openstreetmap.org/node/12919823416
alpr-osm-12919823417,ALPR camera,Hennepin County,MN,27053,44.9209666,-93.4270218,probabilistic,,,Motorola Solutions,fixed,180,,,12919823417,https://www.openstreetmap.org/node/12919823417
alpr-osm-12919823418,ALPR camera,Hennepin County,MN,27053,44.9206607,-93.4271892,probabilistic,,,Motorola Solutions,fixed,0,,,12919823418,https://www.openstreetmap.org/node/12919823418
alpr-osm-12919831201,ALPR camera,Hennepin County,MN,27053,44.9206607,-93.4271892,probabilistic,,,Motorola Solutions,fixed,0,,,12919831201,https://www.openstreetmap.org/node/12919831201
alpr-osm-12919849784,ALPR camera,Hennepin County,MN,27053,44.9066417,-93.4141223,probabilistic,,,Genetec,fixed,330,,,12919849784,https://www.openstreetmap.org/node/12919849784
alpr-osm-12919925627,ALPR camera,Hennepin County,MN,27053,44.9244934,-93.4068331,probabilistic,,,Genetec,fixed,240,,,12919925627,https://www.openstreetmap.org/node/12919925627
alpr-osm-12919938803,ALPR camera,Hennepin County,MN,27053,44.9221705,-93.4216992,probabilistic,,,Genetec,fixed,330,,,12919938803,https://www.openstreetmap.org/node/12919938803
alpr-osm-12922407282,ALPR camera,Clay County,MN,27027,46.8563944,-96.7678819,probabilistic,,,Flock Safety,fixed,335,traffic,camera,12922407282,https://www.openstreetmap.org/node/12922407282
alpr-osm-12943489205,ALPR camera — Bet Shalom Congregation,Hennepin County,MN,27053,44.9338214,-93.4521343,probabilistic,,Bet Shalom Congregation,Flock Safety,fixed,215,,camera,12943489205,https://www.openstreetmap.org/node/12943489205
alpr-osm-12957892308,ALPR camera,Ramsey County,MN,27123,45.0798804,-93.1067959,probabilistic,,,Flock Safety,fixed,160,,,12957892308,https://www.openstreetmap.org/node/12957892308
alpr-osm-12957892309,ALPR camera,Ramsey County,MN,27123,45.0794624,-93.1063895,probabilistic,,,Flock Safety,fixed,350,,,12957892309,https://www.openstreetmap.org/node/12957892309
alpr-osm-12957892310,ALPR camera,Ramsey County,MN,27123,45.1189972,-93.0578352,probabilistic,,,Flock Safety,fixed,200,,,12957892310,https://www.openstreetmap.org/node/12957892310
alpr-osm-12957892311,ALPR camera,Ramsey County,MN,27123,45.0867263,-93.0595494,probabilistic,,,Flock Safety,fixed,,traffic,outdoor,12957892311,https://www.openstreetmap.org/node/12957892311
alpr-osm-12957892314,ALPR camera,Ramsey County,MN,27123,45.0867149,-93.0595279,probabilistic,,,Flock Safety,fixed,,traffic,outdoor,12957892314,https://www.openstreetmap.org/node/12957892314
alpr-osm-12957892315,ALPR camera,Hennepin County,MN,27053,45.2017644,-93.4227555,probabilistic,,,Flock Safety,fixed,280,,,12957892315,https://www.openstreetmap.org/node/12957892315
alpr-osm-12960238530,ALPR camera,Hennepin County,MN,27053,44.9900446,-93.3901856,probabilistic,,,Flock Safety,fixed,60,,,12960238530,https://www.openstreetmap.org/node/12960238530
alpr-osm-12960238531,ALPR camera,Hennepin County,MN,27053,44.989786,-93.3901848,probabilistic,,,Flock Safety,fixed,65,,,12960238531,https://www.openstreetmap.org/node/12960238531
alpr-osm-12960238532,ALPR camera,Hennepin County,MN,27053,44.9900782,-93.389845,probabilistic,,,Flock Safety,fixed,270,,,12960238532,https://www.openstreetmap.org/node/12960238532
alpr-osm-12960238533,ALPR camera,Hennepin County,MN,27053,44.9898402,-93.3898386,probabilistic,,,Flock Safety,fixed,270,,,12960238533,https://www.openstreetmap.org/node/12960238533
alpr-osm-12960238534,ALPR camera,Hennepin County,MN,27053,44.9894253,-93.3873776,probabilistic,,,Flock Safety,fixed,195,,,12960238534,https://www.openstreetmap.org/node/12960238534
alpr-osm-12965123990,ALPR camera,Washington County,MN,27163,45.0541795,-92.8049832,probabilistic,,,Motorola Solutions,fixed,280,,,12965123990,https://www.openstreetmap.org/node/12965123990
alpr-osm-12965172670,ALPR camera,Carver County,MN,27019,44.8909852,-93.7027929,probabilistic,,,Flock Safety,fixed,250,,,12965172670,https://www.openstreetmap.org/node/12965172670
alpr-osm-12965172671,ALPR camera,Hennepin County,MN,27053,44.8910522,-93.7066301,probabilistic,,,Flock Safety,fixed,70,,,12965172671,https://www.openstreetmap.org/node/12965172671
alpr-osm-12965226545,ALPR camera,Carver County,MN,27019,44.8580457,-93.5365365,probabilistic,,,Motorola Solutions,fixed,45,,,12965226545,https://www.openstreetmap.org/node/12965226545
alpr-osm-12977994343,ALPR camera,Ramsey County,MN,27123,45.1046874,-93.2086962,probabilistic,,,Flock Safety,fixed,80,,,12977994343,https://www.openstreetmap.org/node/12977994343
alpr-osm-12996485494,ALPR camera,Anoka County,MN,27003,45.2075946,-93.3582153,probabilistic,,,Flock Safety,,247,traffic,public,12996485494,https://www.openstreetmap.org/node/12996485494
alpr-osm-12996563969,ALPR camera,Ramsey County,MN,27123,45.0947218,-93.1931371,probabilistic,,,Flock Safety,,100,public,traffic,12996563969,https://www.openstreetmap.org/node/12996563969
alpr-osm-13006584562,ALPR camera,Anoka County,MN,27003,45.1273741,-93.2562241,probabilistic,,,Flock Safety,fixed,160,public,,13006584562,https://www.openstreetmap.org/node/13006584562
alpr-osm-13006584563,ALPR camera,Anoka County,MN,27003,45.3195355,-93.231437,probabilistic,,,Flock Safety,fixed,70,public,,13006584563,https://www.openstreetmap.org/node/13006584563
alpr-osm-13006584564,ALPR camera — Elk River Police Department,Sherburne County,MN,27141,45.3217551,-93.5220645,probabilistic,,Elk River Police Department,Flock Safety,fixed,190,public,,13006584564,https://www.openstreetmap.org/node/13006584564
alpr-osm-13006622915,ALPR camera,Ramsey County,MN,27123,45.1244198,-93.2150878,probabilistic,,,Flock Safety,fixed,70,public,,13006622915,https://www.openstreetmap.org/node/13006622915
alpr-osm-13011048696,ALPR camera,Sherburne County,MN,27141,45.3033014,-93.5561585,probabilistic,,,Flock Safety,fixed,240,public,,13011048696,https://www.openstreetmap.org/node/13011048696
alpr-osm-13011057750,ALPR camera,Anoka County,MN,27003,45.158138,-93.1635686,probabilistic,,,Flock Safety,fixed,160,public,,13011057750,https://www.openstreetmap.org/node/13011057750
alpr-osm-13011077745,ALPR camera,Anoka County,MN,27003,45.1294868,-93.265581,probabilistic,,,Flock Safety,fixed,130,public,,13011077745,https://www.openstreetmap.org/node/13011077745
alpr-osm-13013655663,ALPR camera,Sherburne County,MN,27141,45.2814977,-93.5483539,probabilistic,,,Flock Safety,fixed,90,,,13013655663,https://www.openstreetmap.org/node/13013655663
alpr-osm-13014208042,ALPR camera,Anoka County,MN,27003,45.1960022,-93.3335317,probabilistic,,,Flock Safety,fixed,330,traffic,public,13014208042,https://www.openstreetmap.org/node/13014208042
alpr-osm-13020075543,ALPR camera — Dakota County Sheriff's Office,Dakota County,MN,27037,44.5437144,-93.2039461,probabilistic,,Dakota County Sheriff's Office,Flock Safety,fixed,33-78,traffic,public,13020075543,https://www.openstreetmap.org/node/13020075543
alpr-osm-13020082212,ALPR camera — Dakota County Sheriff's Office,Dakota County,MN,27037,44.48263,-93.143926,probabilistic,,Dakota County Sheriff's Office,Flock Safety,fixed,8-53,traffic,public,13020082212,https://www.openstreetmap.org/node/13020082212
alpr-osm-13025806608,ALPR camera,Hennepin County,MN,27053,44.9344141,-93.3962587,probabilistic,,,Motorola Solutions,fixed,220,,,13025806608,https://www.openstreetmap.org/node/13025806608
alpr-osm-13037690036,ALPR camera,Anoka County,MN,27003,45.3197019,-93.2396303,probabilistic,,,Flock Safety,fixed,270,traffic,public,13037690036,https://www.openstreetmap.org/node/13037690036
alpr-osm-13046336807,ALPR camera,Scott County,MN,27139,44.778441,-93.4128726,probabilistic,,,Flock Safety,fixed,145,traffic,public,13046336807,https://www.openstreetmap.org/node/13046336807
alpr-osm-13071136163,ALPR camera,Hennepin County,MN,27053,45.0872222,-93.5232479,probabilistic,,,Flock Safety,,250,,,13071136163,https://www.openstreetmap.org/node/13071136163
alpr-osm-13071238159,ALPR camera,Becker County,MN,27005,46.99175,-95.9173397,probabilistic,,,Flock Safety,fixed,90,,,13071238159,https://www.openstreetmap.org/node/13071238159
alpr-osm-13085261362,ALPR camera,Ramsey County,MN,27123,45.1005516,-93.2187783,probabilistic,,,,,45,traffic,traffic,13085261362,https://www.openstreetmap.org/node/13085261362
alpr-osm-13085261363,ALPR camera,Ramsey County,MN,27123,45.1077499,-93.2188462,probabilistic,,,,,50,traffic,traffic,13085261363,https://www.openstreetmap.org/node/13085261363
alpr-osm-13088584126,ALPR camera — Elk River Police Department,Sherburne County,MN,27141,45.3030519,-93.5533223,probabilistic,,Elk River Police Department,Flock Safety,fixed,60,public,,13088584126,https://www.openstreetmap.org/node/13088584126
alpr-osm-13101273865,ALPR camera,Ramsey County,MN,27123,44.9541846,-93.1551791,probabilistic,,,Unknown,fixed,,,,13101273865,https://www.openstreetmap.org/node/13101273865
alpr-osm-13104746980,ALPR camera — Elk River Police Department,Sherburne County,MN,27141,45.3088071,-93.6026331,probabilistic,,Elk River Police Department,Flock Safety,fixed,320,,traffic,13104746980,https://www.openstreetmap.org/node/13104746980
alpr-osm-13104746981,ALPR camera — Elk River Police Department,Sherburne County,MN,27141,45.3062212,-93.6089697,probabilistic,,Elk River Police Department,Flock Safety,fixed,140,,traffic,13104746981,https://www.openstreetmap.org/node/13104746981
alpr-osm-13104746982,ALPR camera — Elk River Police Department,Sherburne County,MN,27141,45.3074032,-93.6023653,probabilistic,,Elk River Police Department,Flock Safety,fixed,100,police,traffic,13104746982,https://www.openstreetmap.org/node/13104746982
alpr-osm-13115329799,ALPR camera — Blaine PD,Anoka County,MN,27003,45.16768,-93.2124447,probabilistic,,Blaine PD,Flock Safety,fixed,180,,,13115329799,https://www.openstreetmap.org/node/13115329799
alpr-osm-13115347970,ALPR camera,Anoka County,MN,27003,45.1574175,-93.1474847,probabilistic,,,Flock Safety,fixed,200,,,13115347970,https://www.openstreetmap.org/node/13115347970
alpr-osm-13115364042,ALPR camera — Blaine PD,Anoka County,MN,27003,45.1426948,-93.1888073,probabilistic,,Blaine PD,Flock Safety,fixed,240,traffic,,13115364042,https://www.openstreetmap.org/node/13115364042
alpr-osm-13115549970,ALPR camera — Blaine PD,Anoka County,MN,27003,45.1404592,-93.2349262,probabilistic,,Blaine PD,Flock Safety,fixed,340,traffic,traffic,13115549970,https://www.openstreetmap.org/node/13115549970
alpr-osm-13116870108,ALPR camera — City of Willmar - Police,Kandiyohi County,MN,27067,45.1191683,-95.0223394,probabilistic,,City of Willmar - Police,Flock Safety,fixed,150,,,13116870108,https://www.openstreetmap.org/node/13116870108
alpr-osm-13116870109,ALPR camera — City of Willmar - Police,Kandiyohi County,MN,27067,45.1425074,-95.0207837,probabilistic,,City of Willmar - Police,Flock Safety,fixed,160,,,13116870109,https://www.openstreetmap.org/node/13116870109
alpr-osm-13116930562,ALPR camera,Washington County,MN,27163,45.2876139,-92.9859738,probabilistic,,,Flock Safety,fixed,175,,,13116930562,https://www.openstreetmap.org/node/13116930562
alpr-osm-13118370357,ALPR camera — Elk River Police Department,Sherburne County,MN,27141,45.3000273,-93.5176308,probabilistic,,Elk River Police Department,Flock Safety,fixed,230,,,13118370357,https://www.openstreetmap.org/node/13118370357
alpr-osm-13118370358,ALPR camera — Elk River Police Department,Sherburne County,MN,27141,45.3586359,-93.6020756,probabilistic,,Elk River Police Department,Flock Safety,fixed,5,,,13118370358,https://www.openstreetmap.org/node/13118370358
alpr-osm-13119598416,ALPR camera — City of Willmar - Police,Kandiyohi County,MN,27067,45.1221257,-95.0436692,probabilistic,,City of Willmar - Police,Flock Safety,fixed,300,,,13119598416,https://www.openstreetmap.org/node/13119598416
alpr-osm-13119598417,ALPR camera — City of Willmar - Police,Kandiyohi County,MN,27067,45.1271332,-95.0837504,probabilistic,,City of Willmar - Police,Flock Safety,fixed,150,,,13119598417,https://www.openstreetmap.org/node/13119598417
alpr-osm-13119598418,ALPR camera — City of Willmar - Police,Kandiyohi County,MN,27067,45.0947149,-95.0424293,probabilistic,,City of Willmar - Police,Flock Safety,fixed,330,,,13119598418,https://www.openstreetmap.org/node/13119598418
alpr-osm-13119598419,ALPR camera — City of Willmar - Police,Kandiyohi County,MN,27067,45.1104541,-95.0429349,probabilistic,,City of Willmar - Police,Flock Safety,dome,,,,13119598419,https://www.openstreetmap.org/node/13119598419
alpr-osm-13119598420,ALPR camera — City of Willmar - Police,Kandiyohi County,MN,27067,45.1104421,-95.0379958,probabilistic,,City of Willmar - Police,Flock Safety,dome,,,,13119598420,https://www.openstreetmap.org/node/13119598420
alpr-osm-13120048842,ALPR camera — South Lake Minnetonka Police Department,Hennepin County,MN,27053,44.8996497,-93.5690353,probabilistic,,South Lake Minnetonka Police Department,Flock Safety,fixed,180,traffic,,13120048842,https://www.openstreetmap.org/node/13120048842
alpr-osm-13120128331,ALPR camera — South Lake Minnetonka Police Department,Hennepin County,MN,27053,44.9008049,-93.5892128,probabilistic,,South Lake Minnetonka Police Department,Flock Safety,fixed,190,,,13120128331,https://www.openstreetmap.org/node/13120128331
alpr-osm-13125040564,ALPR camera — Faribault Police Department,Rice County,MN,27131,44.3194145,-93.2988429,probabilistic,,Faribault Police Department,Flock Safety,fixed,100,traffic,public,13125040564,https://www.openstreetmap.org/node/13125040564
alpr-osm-13128356739,ALPR camera — South Lake Minnetonka PD,Hennepin County,MN,27053,44.9267008,-93.5926479,probabilistic,,South Lake Minnetonka PD,Flock Safety,fixed,120,,,13128356739,https://www.openstreetmap.org/node/13128356739
alpr-osm-13128356740,ALPR camera — Orono Police Department,Hennepin County,MN,27053,44.9598694,-93.5587254,probabilistic,,Orono Police Department,Flock Safety,fixed,180,,,13128356740,https://www.openstreetmap.org/node/13128356740
alpr-osm-13137599218,ALPR camera,Blue Earth County,MN,27013,44.1747159,-93.9563751,probabilistic,,,Flock Safety,fixed,218,traffic,public,13137599218,https://www.openstreetmap.org/node/13137599218
alpr-osm-13146060896,ALPR camera — Faribault Police Department,Rice County,MN,27131,44.2926571,-93.3066535,probabilistic,,Faribault Police Department,Flock Safety,fixed,30,,,13146060896,https://www.openstreetmap.org/node/13146060896
alpr-osm-13146069851,ALPR camera — Faribault Police Department,Rice County,MN,27131,44.2944303,-93.2897093,probabilistic,,Faribault Police Department,Flock Safety,fixed,60,,,13146069851,https://www.openstreetmap.org/node/13146069851
alpr-osm-13146069852,ALPR camera — Faribault Police Department,Rice County,MN,27131,44.317731,-93.2958997,probabilistic,,Faribault Police Department,Flock Safety,fixed,20,,,13146069852,https://www.openstreetmap.org/node/13146069852
alpr-osm-13146211557,ALPR camera,Anoka County,MN,27003,45.201081,-93.3568752,probabilistic,,,,fixed,95,traffic,public,13146211557,https://www.openstreetmap.org/node/13146211557
alpr-osm-13146284168,ALPR camera,Chisago County,MN,27025,45.322501,-92.8962908,probabilistic,,,Flock Safety,fixed,5,,,13146284168,https://www.openstreetmap.org/node/13146284168
alpr-osm-13148666942,ALPR camera — Faribault Police Department,Rice County,MN,27131,44.2913585,-93.2427433,probabilistic,,Faribault Police Department,Flock Safety,fixed,255,traffic,public,13148666942,https://www.openstreetmap.org/node/13148666942
alpr-osm-13157311460,ALPR camera,Hennepin County,MN,27053,44.894397,-93.4200715,probabilistic,,,Flock Safety,fixed,95,,,13157311460,https://www.openstreetmap.org/node/13157311460
alpr-osm-13161498850,ALPR camera,St. Louis County,MN,27137,46.7968707,-92.1084192,probabilistic,,,Flock Safety,fixed,285,traffic,public,13161498850,https://www.openstreetmap.org/node/13161498850
alpr-osm-13163033529,ALPR camera,Hennepin County,MN,27053,45.0602228,-93.4059442,probabilistic,,,Flock Safety,fixed,345,,,13163033529,https://www.openstreetmap.org/node/13163033529
alpr-osm-13163033530,ALPR camera,Hennepin County,MN,27053,45.060563,-93.4072463,probabilistic,,,Flock Safety,fixed,325,,,13163033530,https://www.openstreetmap.org/node/13163033530
alpr-osm-13163366303,ALPR camera,Dakota County,MN,27037,44.9014765,-93.0629743,probabilistic,,,Flock Safety,fixed,45,,,13163366303,https://www.openstreetmap.org/node/13163366303
alpr-osm-13165248420,ALPR camera,Anoka County,MN,27003,45.1828344,-93.2375329,probabilistic,,,Flock Safety,fixed,155,,,13165248420,https://www.openstreetmap.org/node/13165248420
alpr-osm-13165309831,ALPR camera,Ramsey County,MN,27123,45.1032847,-93.1268893,probabilistic,,,Flock Safety,fixed,255,,,13165309831,https://www.openstreetmap.org/node/13165309831
alpr-osm-13165311254,ALPR camera,Ramsey County,MN,27123,45.1031711,-93.1266681,probabilistic,,,Flock Safety,fixed,75,,,13165311254,https://www.openstreetmap.org/node/13165311254
alpr-osm-13167927981,ALPR camera,Chisago County,MN,27025,45.3596483,-92.8352675,probabilistic,,,Flock Safety,fixed,125,,,13167927981,https://www.openstreetmap.org/node/13167927981
alpr-osm-13168541800,ALPR camera,Hennepin County,MN,27053,44.9701227,-93.4395737,probabilistic,,,Flock Safety,,80,entrance,traffic,13168541800,https://www.openstreetmap.org/node/13168541800
alpr-osm-13168593268,ALPR camera,Hennepin County,MN,27053,45.0221323,-93.4022611,probabilistic,,,Flock Safety,fixed,215,street,traffic,13168593268,https://www.openstreetmap.org/node/13168593268
alpr-osm-13168605389,ALPR camera,Hennepin County,MN,27053,45.0219943,-93.371059,probabilistic,,,,,245,street,license,13168605389,https://www.openstreetmap.org/node/13168605389
alpr-osm-13173324187,ALPR camera,Hennepin County,MN,27053,45.2102348,-93.5514039,probabilistic,,,Flock Safety,fixed,90,,public,13173324187,https://www.openstreetmap.org/node/13173324187
alpr-osm-13175395716,ALPR camera,Scott County,MN,27139,44.7273116,-93.4898547,probabilistic,,,Flock Safety,fixed,50,traffic,public,13175395716,https://www.openstreetmap.org/node/13175395716
alpr-osm-13175924401,ALPR camera,Hennepin County,MN,27053,45.0329613,-93.3710048,probabilistic,,,Flock Safety,fixed,240,,,13175924401,https://www.openstreetmap.org/node/13175924401
alpr-osm-13175924402,ALPR camera,Hennepin County,MN,27053,45.0331923,-93.4164473,probabilistic,,,Flock Safety,fixed,230,,,13175924402,https://www.openstreetmap.org/node/13175924402
alpr-osm-13175924403,ALPR camera,Hennepin County,MN,27053,45.0301566,-93.3359776,probabilistic,,,Flock Safety,fixed,170,,,13175924403,https://www.openstreetmap.org/node/13175924403
alpr-osm-13175924404,ALPR camera,Hennepin County,MN,27053,45.0333079,-93.3939441,probabilistic,,,Flock Safety,fixed,50,,,13175924404,https://www.openstreetmap.org/node/13175924404
alpr-osm-13193081753,ALPR camera,Chisago County,MN,27025,45.2969708,-92.9867174,probabilistic,,,Flock Safety,fixed,330,street,,13193081753,https://www.openstreetmap.org/node/13193081753
alpr-osm-13193081754,ALPR camera,Chisago County,MN,27025,45.3363462,-93.0030823,probabilistic,,,Flock Safety,fixed,,street,,13193081754,https://www.openstreetmap.org/node/13193081754
alpr-osm-13193081755,ALPR camera,Chisago County,MN,27025,45.3365911,-93.0065177,probabilistic,,,Flock Safety,,260,street,,13193081755,https://www.openstreetmap.org/node/13193081755
alpr-osm-13196928498,ALPR camera,Ramsey County,MN,27123,44.9512398,-93.1366289,probabilistic,,,Flock Safety,fixed,165,,,13196928498,https://www.openstreetmap.org/node/13196928498
alpr-osm-13199676035,ALPR camera — Chisago County Sheriff's Office,Chisago County,MN,27025,45.6841175,-92.9878822,probabilistic,,Chisago County Sheriff's Office,Flock Safety,fixed,70,,,13199676035,https://www.openstreetmap.org/node/13199676035
alpr-osm-13199676036,ALPR camera — Chisago County Sheriff's Office,Chisago County,MN,27025,45.6899034,-92.9811093,probabilistic,,Chisago County Sheriff's Office,Flock Safety,fixed,315,,,13199676036,https://www.openstreetmap.org/node/13199676036
alpr-osm-13201272089,ALPR camera — Faribault Police Department,Rice County,MN,27131,44.298192,-93.2709913,probabilistic,,Faribault Police Department,Flock Safety,fixed,240,,,13201272089,https://www.openstreetmap.org/node/13201272089
alpr-osm-13203943250,ALPR camera,Anoka County,MN,27003,45.199551,-93.3575692,probabilistic,,,,,100,traffic,camera,13203943250,https://www.openstreetmap.org/node/13203943250
alpr-osm-13226694231,ALPR camera,Washington County,MN,27163,45.2536398,-92.8973972,probabilistic,,,Flock Safety,fixed,230,,,13226694231,https://www.openstreetmap.org/node/13226694231
alpr-osm-13226694232,ALPR camera,Anoka County,MN,27003,45.3424384,-93.0204284,probabilistic,,,Flock Safety,fixed,270,,,13226694232,https://www.openstreetmap.org/node/13226694232
alpr-osm-13226899158,ALPR camera,Anoka County,MN,27003,45.2208707,-93.4285077,probabilistic,,,Flock Safety,fixed,306,traffic,public,13226899158,https://www.openstreetmap.org/node/13226899158
alpr-osm-13232009934,ALPR camera,Sherburne County,MN,27141,45.3655229,-93.8196357,probabilistic,,,Flock Safety,fixed,315,,,13232009934,https://www.openstreetmap.org/node/13232009934
alpr-osm-13232685359,ALPR camera,Chisago County,MN,27025,45.6900102,-92.9478473,probabilistic,,,,fixed,,,,13232685359,https://www.openstreetmap.org/node/13232685359
alpr-osm-13248298237,ALPR camera,Hennepin County,MN,27053,44.8894694,-93.2679593,probabilistic,,,Flock Safety,fixed,169,traffic,public,13248298237,https://www.openstreetmap.org/node/13248298237
alpr-osm-13248298462,ALPR camera,Hennepin County,MN,27053,44.8640622,-93.2487955,probabilistic,,,Flock Safety,fixed,225,,,13248298462,https://www.openstreetmap.org/node/13248298462
alpr-osm-13248303436,ALPR camera,Hennepin County,MN,27053,44.8893828,-93.3087747,probabilistic,,,Flock Safety,fixed,145,,,13248303436,https://www.openstreetmap.org/node/13248303436
alpr-osm-13267133643,ALPR camera,Hennepin County,MN,27053,44.9555669,-93.3710302,probabilistic,,,Flock Safety,fixed,180,traffic,traffic,13267133643,https://www.openstreetmap.org/node/13267133643
alpr-osm-13267147072,ALPR camera,Hennepin County,MN,27053,44.9344949,-93.3809509,probabilistic,,,Flock Safety,fixed,165,traffic,traffic,13267147072,https://www.openstreetmap.org/node/13267147072
alpr-osm-13267164487,ALPR camera,Stearns County,MN,27145,45.5492799,-94.1603653,probabilistic,,,Flock Safety,fixed,160,,,13267164487,https://www.openstreetmap.org/node/13267164487
alpr-osm-13267164488,ALPR camera,Stearns County,MN,27145,45.5492896,-94.1600002,probabilistic,,,Flock Safety,fixed,70,,,13267164488,https://www.openstreetmap.org/node/13267164488
alpr-osm-13267164489,ALPR camera,Stearns County,MN,27145,45.5496053,-94.1600488,probabilistic,,,Flock Safety,fixed,335,,,13267164489,https://www.openstreetmap.org/node/13267164489
alpr-osm-13267164490,ALPR camera,Stearns County,MN,27145,45.5495348,-94.1604086,probabilistic,,,Flock Safety,fixed,250,,,13267164490,https://www.openstreetmap.org/node/13267164490
alpr-osm-13267184067,ALPR camera,Hennepin County,MN,27053,44.9371717,-93.3807563,probabilistic,,,Flock Safety,fixed,180,traffic,traffic,13267184067,https://www.openstreetmap.org/node/13267184067
alpr-osm-13267228915,ALPR camera,Hennepin County,MN,27053,44.9187079,-93.3537323,probabilistic,,,Flock Safety,fixed,60,traffic,traffic,13267228915,https://www.openstreetmap.org/node/13267228915
alpr-osm-13274339189,ALPR camera,Anoka County,MN,27003,45.2323316,-93.4620332,probabilistic,,,Flock Safety,fixed,25,,,13274339189,https://www.openstreetmap.org/node/13274339189
alpr-osm-13274363510,ALPR camera,Anoka County,MN,27003,45.2333366,-93.4613592,probabilistic,,,Flock Safety,fixed,205,,,13274363510,https://www.openstreetmap.org/node/13274363510
alpr-osm-13274373108,ALPR camera,Anoka County,MN,27003,45.2048861,-93.4009666,probabilistic,,,Flock Safety,fixed,105,traffic,traffic,13274373108,https://www.openstreetmap.org/node/13274373108
alpr-osm-13274379107,ALPR camera,Anoka County,MN,27003,45.2359461,-93.4703594,probabilistic,,,Flock Safety,fixed,0,,,13274379107,https://www.openstreetmap.org/node/13274379107
alpr-osm-13274379109,ALPR camera,Anoka County,MN,27003,45.2027175,-93.3575306,probabilistic,,,Flock Safety,fixed,135,,,13274379109,https://www.openstreetmap.org/node/13274379109
alpr-osm-13274381939,ALPR camera,Anoka County,MN,27003,45.2327632,-93.4495431,probabilistic,,,Flock Safety,fixed,340,,,13274381939,https://www.openstreetmap.org/node/13274381939
alpr-osm-13274398018,ALPR camera,Anoka County,MN,27003,45.2246396,-93.3979056,probabilistic,,,Flock Safety,fixed,245,,,13274398018,https://www.openstreetmap.org/node/13274398018
alpr-osm-13277706284,ALPR camera,Hennepin County,MN,27053,44.9507845,-93.3340298,probabilistic,,,Flock Safety,fixed,290,,private,13277706284,https://www.openstreetmap.org/node/13277706284
alpr-osm-13277712515,ALPR camera,Hennepin County,MN,27053,44.9458845,-93.340305,probabilistic,,,Flock Safety,fixed,75,building,private,13277712515,https://www.openstreetmap.org/node/13277712515
alpr-osm-13278472061,ALPR camera,Anoka County,MN,27003,45.0481311,-93.2611629,probabilistic,,,Flock Safety,fixed,85,,,13278472061,https://www.openstreetmap.org/node/13278472061
alpr-osm-13278481806,ALPR camera,Anoka County,MN,27003,45.0482682,-93.2642288,probabilistic,,,Flock Safety,fixed,260,,,13278481806,https://www.openstreetmap.org/node/13278481806
alpr-osm-13281622455,ALPR camera,Dakota County,MN,27037,44.8364263,-93.1675552,probabilistic,,,Flock Safety,fixed,140,,,13281622455,https://www.openstreetmap.org/node/13281622455
alpr-osm-13282314000,ALPR camera — Temple of Aaron,Ramsey County,MN,27123,44.9233558,-93.1963494,probabilistic,,Temple of Aaron,Flock Safety,fixed,140,parking,,13282314000,https://www.openstreetmap.org/node/13282314000
alpr-osm-13287747558,ALPR camera,Anoka County,MN,27003,45.2004833,-93.3472553,probabilistic,,,Flock Safety,fixed,150,traffic,,13287747558,https://www.openstreetmap.org/node/13287747558
alpr-osm-13288012951,ALPR camera,Dakota County,MN,27037,44.7017467,-93.2847325,probabilistic,,,Flock Safety,fixed,108,traffic,public,13288012951,https://www.openstreetmap.org/node/13288012951
alpr-osm-13289027253,ALPR camera,Winona County,MN,27169,44.0265584,-91.6073616,probabilistic,,,Flock Safety,fixed,80,traffic,traffic,13289027253,https://www.openstreetmap.org/node/13289027253
alpr-osm-13289027254,ALPR camera,Winona County,MN,27169,44.0268546,-91.6071307,probabilistic,,,Flock Safety,fixed,260,traffic,traffic,13289027254,https://www.openstreetmap.org/node/13289027254
alpr-osm-13289041315,ALPR camera,Winona County,MN,27169,44.0555205,-91.69245,probabilistic,,,Flock Safety,fixed,110,traffic,traffic,13289041315,https://www.openstreetmap.org/node/13289041315
alpr-osm-13289054977,ALPR camera,Winona County,MN,27169,44.0270334,-91.6216685,probabilistic,,,Flock Safety,fixed,150,traffic,traffic,13289054977,https://www.openstreetmap.org/node/13289054977
alpr-osm-13289071395,ALPR camera,Winona County,MN,27169,44.0270135,-91.6211583,probabilistic,,,Flock Safety,fixed,320,traffic,traffic,13289071395,https://www.openstreetmap.org/node/13289071395
alpr-osm-13289074142,ALPR camera,Winona County,MN,27169,44.0557406,-91.692073,probabilistic,,,Flock Safety,fixed,285,traffic,traffic,13289074142,https://www.openstreetmap.org/node/13289074142
alpr-osm-13290865057,ALPR camera,Scott County,MN,27139,44.6949295,-93.4593322,probabilistic,,,Flock Safety,fixed,30,,public,13290865057,https://www.openstreetmap.org/node/13290865057
alpr-osm-13290910615,ALPR camera,Scott County,MN,27139,44.7458241,-93.3800012,probabilistic,,,Flock Safety,fixed,145,traffic,public,13290910615,https://www.openstreetmap.org/node/13290910615
alpr-osm-13293466402,ALPR camera,Scott County,MN,27139,44.8021189,-93.5276818,probabilistic,,,Flock Safety,fixed,90,,public,13293466402,https://www.openstreetmap.org/node/13293466402
alpr-osm-13294889501,ALPR camera,Hennepin County,MN,27053,45.1057703,-93.3564482,probabilistic,,,Flock Safety,fixed,89,traffic,public,13294889501,https://www.openstreetmap.org/node/13294889501
alpr-osm-13298780395,ALPR camera — Shakopee,Scott County,MN,27139,44.7542018,-93.469326,probabilistic,,Shakopee,Flock Safety,fixed,320,traffic,public,13298780395,https://www.openstreetmap.org/node/13298780395
alpr-osm-13298780396,ALPR camera,Scott County,MN,27139,44.7456277,-93.4699739,probabilistic,,,Flock Safety,fixed,140,traffic,public,13298780396,https://www.openstreetmap.org/node/13298780396
alpr-osm-13298784332,ALPR camera — Shakopee,Scott County,MN,27139,44.7736241,-93.5049722,probabilistic,,Shakopee,Flock Safety,fixed,60,traffic,public,13298784332,https://www.openstreetmap.org/node/13298784332
alpr-osm-13298792105,ALPR camera — Shakopee Police,Scott County,MN,27139,44.7834238,-93.4694149,probabilistic,,Shakopee Police,Flock Safety,,310,traffic,public,13298792105,https://www.openstreetmap.org/node/13298792105
alpr-osm-13298797596,ALPR camera — Shakopee,Scott County,MN,27139,44.7953735,-93.4210086,probabilistic,,Shakopee,Flock Safety,fixed,250,traffic,public,13298797596,https://www.openstreetmap.org/node/13298797596
alpr-osm-13300160910,ALPR camera,Le Sueur County,MN,27079,44.5373554,-93.5782869,probabilistic,,,Flock Safety,panning,,park,public,13300160910,https://www.openstreetmap.org/node/13300160910
alpr-osm-13301822484,ALPR camera,Hennepin County,MN,27053,45.0239271,-93.2980833,probabilistic,,,Genetec,fixed,45,traffic,traffic,13301822484,https://www.openstreetmap.org/node/13301822484
alpr-osm-13301828509,ALPR camera,Sherburne County,MN,27141,45.3212,-93.5637667,probabilistic,,,Flock Safety,,180,,camera,13301828509,https://www.openstreetmap.org/node/13301828509
alpr-osm-13305200302,ALPR camera,Dakota County,MN,27037,44.6996682,-93.2867145,probabilistic,,,Flock Safety,fixed,76,traffic,public,13305200302,https://www.openstreetmap.org/node/13305200302
alpr-osm-13305202301,ALPR camera,Dakota County,MN,27037,44.7005166,-93.2862718,probabilistic,,,Flock Safety,fixed,87,traffic,public,13305202301,https://www.openstreetmap.org/node/13305202301
alpr-osm-13305426401,ALPR camera,Hennepin County,MN,27053,44.9803037,-93.501449,probabilistic,,,Flock Safety,fixed,127,traffic,public,13305426401,https://www.openstreetmap.org/node/13305426401
alpr-osm-13306783426,ALPR camera,Washington County,MN,27163,45.030275,-92.9700739,probabilistic,,,Flock Safety,fixed,40,,,13306783426,https://www.openstreetmap.org/node/13306783426
alpr-osm-13309373701,ALPR camera — Hennepin County Sheriff's Office,Hennepin County,MN,27053,44.9586616,-93.2471553,probabilistic,,Hennepin County Sheriff's Office,Flock Safety,fixed,345,traffic,public,13309373701,https://www.openstreetmap.org/node/13309373701
alpr-osm-13310112101,ALPR camera,Hennepin County,MN,27053,45.0806275,-93.3370951,probabilistic,,,Flock Safety,fixed,282,traffic,public,13310112101,https://www.openstreetmap.org/node/13310112101
alpr-osm-13310116002,ALPR camera,Hennepin County,MN,27053,45.0795105,-93.3365682,probabilistic,,,Flock Safety,fixed,109,traffic,public,13310116002,https://www.openstreetmap.org/node/13310116002
alpr-osm-13310116101,ALPR camera,Hennepin County,MN,27053,45.0795105,-93.3365682,probabilistic,,,Flock Safety,fixed,109,traffic,public,13310116101,https://www.openstreetmap.org/node/13310116101
alpr-osm-13310118401,ALPR camera,Hennepin County,MN,27053,45.0589582,-93.3130371,probabilistic,,,Flock Safety,fixed,70,traffic,public,13310118401,https://www.openstreetmap.org/node/13310118401
alpr-osm-13310119701,ALPR camera,Hennepin County,MN,27053,45.0692654,-93.3509909,probabilistic,,,Flock Safety,fixed,73,traffic,public,13310119701,https://www.openstreetmap.org/node/13310119701
alpr-osm-13310120101,ALPR camera,Hennepin County,MN,27053,45.070535,-93.3549023,probabilistic,,,Flock Safety,fixed,149,traffic,public,13310120101,https://www.openstreetmap.org/node/13310120101
alpr-osm-13310120201,ALPR camera,Hennepin County,MN,27053,45.070535,-93.3549023,probabilistic,,,Flock Safety,fixed,149,traffic,public,13310120201,https://www.openstreetmap.org/node/13310120201
alpr-osm-13310120901,ALPR camera,Hennepin County,MN,27053,45.0720313,-93.3554553,probabilistic,,,Flock Safety,fixed,293,traffic,public,13310120901,https://www.openstreetmap.org/node/13310120901
alpr-osm-13310121501,ALPR camera,Hennepin County,MN,27053,45.0802606,-93.3559236,probabilistic,,,Flock Safety,fixed,341,traffic,public,13310121501,https://www.openstreetmap.org/node/13310121501
alpr-osm-13310121701,ALPR camera,Hennepin County,MN,27053,45.0872105,-93.3560174,probabilistic,,,Flock Safety,fixed,60,traffic,public,13310121701,https://www.openstreetmap.org/node/13310121701
alpr-osm-13310124601,ALPR camera,Hennepin County,MN,27053,45.0874629,-93.3513928,probabilistic,,,Flock Safety,fixed,226,traffic,public,13310124601,https://www.openstreetmap.org/node/13310124601
alpr-osm-13310124602,ALPR camera,Hennepin County,MN,27053,45.095517,-93.352806,probabilistic,,,Flock Safety,fixed,226,traffic,public,13310124602,https://www.openstreetmap.org/node/13310124602
alpr-osm-13310125601,ALPR camera,Hennepin County,MN,27053,45.098407,-93.3463636,probabilistic,,,Flock Safety,fixed,162,traffic,public,13310125601,https://www.openstreetmap.org/node/13310125601
alpr-osm-13312085285,ALPR camera,Hennepin County,MN,27053,44.9344611,-93.3960175,probabilistic,,,Motorola Solutions,fixed,320,,,13312085285,https://www.openstreetmap.org/node/13312085285
alpr-osm-13312145223,ALPR camera,Hennepin County,MN,27053,44.9331434,-93.4209055,probabilistic,,,Flock Safety,fixed,341,traffic,public,13312145223,https://www.openstreetmap.org/node/13312145223
alpr-osm-13312156801,ALPR camera,Hennepin County,MN,27053,44.9364334,-93.3872921,probabilistic,,,Motorola Solutions,fixed,310,,,13312156801,https://www.openstreetmap.org/node/13312156801
alpr-osm-13312156802,ALPR camera,Hennepin County,MN,27053,44.9366243,-93.3872204,probabilistic,,,Motorola Solutions,fixed,215,,,13312156802,https://www.openstreetmap.org/node/13312156802
alpr-osm-13312156803,ALPR camera,Hennepin County,MN,27053,44.9366399,-93.387508,probabilistic,,,Motorola Solutions,fixed,115,,,13312156803,https://www.openstreetmap.org/node/13312156803
alpr-osm-13312156804,ALPR camera,Hennepin County,MN,27053,44.9364282,-93.3876569,probabilistic,,,Motorola Solutions,fixed,50,,,13312156804,https://www.openstreetmap.org/node/13312156804
alpr-osm-13312171399,ALPR camera,Hennepin County,MN,27053,44.9451246,-93.4209994,probabilistic,,,Motorola Solutions,fixed,180,,,13312171399,https://www.openstreetmap.org/node/13312171399
alpr-osm-13312171400,ALPR camera,Hennepin County,MN,27053,44.9450183,-93.4213468,probabilistic,,,Motorola Solutions,fixed,90,,,13312171400,https://www.openstreetmap.org/node/13312171400
alpr-osm-13312172201,ALPR camera,Hennepin County,MN,27053,44.944967,-93.4208741,probabilistic,,,Motorola Solutions,fixed,270,,,13312172201,https://www.openstreetmap.org/node/13312172201
alpr-osm-13312172202,ALPR camera,Hennepin County,MN,27053,44.9451194,-93.4208814,probabilistic,,,Motorola Solutions,fixed,220,,,13312172202,https://www.openstreetmap.org/node/13312172202
alpr-osm-13312172203,ALPR camera,Hennepin County,MN,27053,44.9448522,-93.4211872,probabilistic,,,Motorola Solutions,fixed,0,,,13312172203,https://www.openstreetmap.org/node/13312172203
alpr-osm-13312172265,ALPR camera,Hennepin County,MN,27053,44.9275824,-93.502715,probabilistic,,,Motorola Solutions,fixed,310,,,13312172265,https://www.openstreetmap.org/node/13312172265
alpr-osm-13312172266,ALPR camera,Hennepin County,MN,27053,44.9277077,-93.5030556,probabilistic,,,Motorola Solutions,fixed,90,,,13312172266,https://www.openstreetmap.org/node/13312172266
alpr-osm-13312172267,ALPR camera,Hennepin County,MN,27053,44.9276583,-93.502719,probabilistic,,,Motorola Solutions,fixed,270,,,13312172267,https://www.openstreetmap.org/node/13312172267
alpr-osm-13312172268,ALPR camera,Hennepin County,MN,27053,44.9275805,-93.5029443,probabilistic,,,Motorola Solutions,fixed,0,,,13312172268,https://www.openstreetmap.org/node/13312172268
alpr-osm-13312172269,ALPR camera,Hennepin County,MN,27053,44.927833,-93.5028504,probabilistic,,,Motorola Solutions,fixed,180,,,13312172269,https://www.openstreetmap.org/node/13312172269
alpr-osm-13312178643,ALPR camera,Hennepin County,MN,27053,44.9380165,-93.4671415,probabilistic,,,Motorola Solutions,fixed,120,,,13312178643,https://www.openstreetmap.org/node/13312178643
alpr-osm-13312178644,ALPR camera,Hennepin County,MN,27053,44.9388034,-93.4677175,probabilistic,,,Flock Safety,fixed,10,,,13312178644,https://www.openstreetmap.org/node/13312178644
alpr-osm-13312179049,ALPR camera,Hennepin County,MN,27053,44.9220769,-93.4682466,probabilistic,,,Motorola Solutions,fixed,100,,,13312179049,https://www.openstreetmap.org/node/13312179049
alpr-osm-13314616901,ALPR camera,Hennepin County,MN,27053,45.0592895,-93.3144141,probabilistic,,,Flock Safety,fixed,243,traffic,public,13314616901,https://www.openstreetmap.org/node/13314616901
alpr-osm-13314635101,ALPR camera,Hennepin County,MN,27053,45.0601218,-93.3200505,probabilistic,,,Flock Safety,fixed,279,traffic,public,13314635101,https://www.openstreetmap.org/node/13314635101
alpr-osm-13314638301,ALPR camera,Hennepin County,MN,27053,45.0602267,-93.3203709,probabilistic,,,Flock Safety,fixed,139,traffic,public,13314638301,https://www.openstreetmap.org/node/13314638301
alpr-osm-13314920301,ALPR camera,Steele County,MN,27147,44.0616842,-93.2260212,probabilistic,,,Flock Safety,fixed,348,traffic,public,13314920301,https://www.openstreetmap.org/node/13314920301
alpr-osm-13315019301,ALPR camera,Hennepin County,MN,27053,44.9028774,-93.3100914,probabilistic,,,Flock Safety,fixed,0,traffic,public,13315019301,https://www.openstreetmap.org/node/13315019301
alpr-osm-13315690053,ALPR camera,Hennepin County,MN,27053,44.9661339,-93.7472711,probabilistic,,,Flock Safety,,144,traffic,camera,13315690053,https://www.openstreetmap.org/node/13315690053
alpr-osm-13315728001,ALPR camera,Hennepin County,MN,27053,45.0665697,-93.3088463,probabilistic,,,Flock Safety,fixed,343,traffic,public,13315728001,https://www.openstreetmap.org/node/13315728001
alpr-osm-13316074113,ALPR camera,Hennepin County,MN,27053,44.8892927,-93.3687467,probabilistic,,,Flock Safety,fixed,350,traffic,,13316074113,https://www.openstreetmap.org/node/13316074113
alpr-osm-13316322801,ALPR camera,Mille Lacs County,MN,27095,46.0732381,-93.6570376,probabilistic,,,Flock Safety,fixed,0,traffic,public,13316322801,https://www.openstreetmap.org/node/13316322801
alpr-osm-13317114001,ALPR camera — Minneapolis Police Department,Hennepin County,MN,27053,44.9813707,-93.2348775,probabilistic,,Minneapolis Police Department,Insight LPR,fixed,321;109,traffic,public,13317114001,https://www.openstreetmap.org/node/13317114001
alpr-osm-13318027801,ALPR camera — Minneapolis Police Department,Hennepin County,MN,27053,44.983577,-93.2433678,probabilistic,,Minneapolis Police Department,Insight LPR,fixed,310;275,traffic,public,13318027801,https://www.openstreetmap.org/node/13318027801
alpr-osm-13318058501,ALPR camera — Minneapolis Police Department,Hennepin County,MN,27053,44.9700364,-93.2471353,probabilistic,,Minneapolis Police Department,Insight LPR,fixed,190;337,traffic,public,13318058501,https://www.openstreetmap.org/node/13318058501
alpr-osm-13318073401,ALPR camera — Minneapolis Police Department,Hennepin County,MN,27053,44.9628743,-93.2449979,probabilistic,,Minneapolis Police Department,Insight LPR,fixed,0,traffic,public,13318073401,https://www.openstreetmap.org/node/13318073401
alpr-osm-13318086401,ALPR camera — Minneapolis Police Department,Hennepin County,MN,27053,44.9624795,-93.2453029,probabilistic,,Minneapolis Police Department,Insight LPR,fixed,171,traffic,public,13318086401,https://www.openstreetmap.org/node/13318086401
alpr-osm-13318087201,ALPR camera — Minneapolis Police Department,Hennepin County,MN,27053,44.9626225,-93.2449263,probabilistic,,Minneapolis Police Department,Insight LPR,fixed,89,traffic,public,13318087201,https://www.openstreetmap.org/node/13318087201
alpr-osm-13318140001,ALPR camera,St. Louis County,MN,27137,47.5502313,-92.9776113,probabilistic,,,Flock Safety,fixed,108,traffic,public,13318140001,https://www.openstreetmap.org/node/13318140001
alpr-osm-13318143201,ALPR camera — Lowe's,St. Louis County,MN,27137,47.4010059,-92.9530699,probabilistic,,Lowe's,Flock Safety,fixed,68,traffic,public,13318143201,https://www.openstreetmap.org/node/13318143201
alpr-osm-13318380399,ALPR camera,Sherburne County,MN,27141,45.3924065,-93.5612445,probabilistic,,,Flock Safety,fixed,330,,,13318380399,https://www.openstreetmap.org/node/13318380399
alpr-osm-13318380400,ALPR camera,Mille Lacs County,MN,27095,45.5722261,-93.5984814,probabilistic,,,Flock Safety,fixed,325,,,13318380400,https://www.openstreetmap.org/node/13318380400
alpr-osm-13318423601,ALPR camera,Mille Lacs County,MN,27095,45.745861,-93.6694916,probabilistic,,,Flock Safety,fixed,45,,,13318423601,https://www.openstreetmap.org/node/13318423601
alpr-osm-13318423602,ALPR camera,Mille Lacs County,MN,27095,46.1827566,-93.7568059,probabilistic,,,Flock Safety,fixed,155,,,13318423602,https://www.openstreetmap.org/node/13318423602
alpr-osm-13318423603,ALPR camera,Crow Wing County,MN,27035,46.7181083,-93.9540514,probabilistic,,,Flock Safety,fixed,320,,,13318423603,https://www.openstreetmap.org/node/13318423603
alpr-osm-13318423604,ALPR camera,Itasca County,MN,27061,47.2250651,-93.7558032,probabilistic,,,Flock Safety,fixed,320,,,13318423604,https://www.openstreetmap.org/node/13318423604
alpr-osm-13318423605,ALPR camera,Itasca County,MN,27061,47.741748,-93.6557799,probabilistic,,,Flock Safety,fixed,185,,,13318423605,https://www.openstreetmap.org/node/13318423605
alpr-osm-13318432905,ALPR camera,Itasca County,MN,27061,47.3334483,-93.7949687,probabilistic,,,Flock Safety,fixed,270,,,13318432905,https://www.openstreetmap.org/node/13318432905
alpr-osm-13318517501,ALPR camera — Great Wolf Lodge,Hennepin County,MN,27053,44.8601565,-93.2505406,probabilistic,,Great Wolf Lodge,Flock Safety,fixed,154,traffic,public,13318517501,https://www.openstreetmap.org/node/13318517501
alpr-osm-13318518101,ALPR camera — Great Wolf Lodge,Hennepin County,MN,27053,44.860026,-93.250415,probabilistic,,Great Wolf Lodge,Flock Safety,fixed,349,traffic,public,13318518101,https://www.openstreetmap.org/node/13318518101
alpr-osm-13318523101,ALPR camera,Anoka County,MN,27003,45.0409237,-93.2621354,probabilistic,,,Flock Safety,fixed,73,traffic,public,13318523101,https://www.openstreetmap.org/node/13318523101
alpr-osm-13319416601,ALPR camera — Minneapolis Police Department,Hennepin County,MN,27053,44.9627737,-93.2454159,probabilistic,,Minneapolis Police Department,Insight LPR,fixed,268,traffic,public,13319416601,https://www.openstreetmap.org/node/13319416601
alpr-osm-13320082801,ALPR camera,Hennepin County,MN,27053,44.8909714,-93.4176944,probabilistic,,,Flock Safety,fixed,191,traffic,public,13320082801,https://www.openstreetmap.org/node/13320082801
alpr-osm-13320083501,ALPR camera,Hennepin County,MN,27053,44.8890568,-93.4180487,probabilistic,,,Flock Safety,fixed,0,traffic,public,13320083501,https://www.openstreetmap.org/node/13320083501
alpr-osm-13320320301,ALPR camera,Hennepin County,MN,27053,44.9351365,-93.3882453,probabilistic,,,,fixed,,traffic,public,13320320301,https://www.openstreetmap.org/node/13320320301
alpr-osm-13322986560,ALPR camera,Anoka County,MN,27003,45.161992,-93.1629969,probabilistic,,,Flock Safety,fixed,340,public,,13322986560,https://www.openstreetmap.org/node/13322986560
alpr-osm-13324626452,ALPR camera,Hennepin County,MN,27053,45.0126306,-93.4614102,probabilistic,,,Flock Safety,fixed,0,traffic,,13324626452,https://www.openstreetmap.org/node/13324626452
alpr-osm-13325467708,ALPR camera,Hennepin County,MN,27053,44.9696148,-93.2227111,probabilistic,,,Flock Safety,fixed,330,traffic,public,13325467708,https://www.openstreetmap.org/node/13325467708
alpr-osm-13325546601,ALPR camera,Olmsted County,MN,27109,43.9551137,-92.4616604,probabilistic,,,Flock Safety,fixed,46,traffic,public,13325546601,https://www.openstreetmap.org/node/13325546601
alpr-osm-13325546701,ALPR camera,Olmsted County,MN,27109,43.9551058,-92.4616679,probabilistic,,,Flock Safety,fixed,139,traffic,public,13325546701,https://www.openstreetmap.org/node/13325546701
alpr-osm-13325547501,ALPR camera,Olmsted County,MN,27109,43.9551047,-92.4601923,probabilistic,,,Flock Safety,fixed,176,traffic,public,13325547501,https://www.openstreetmap.org/node/13325547501
alpr-osm-13326566301,ALPR camera — Minneapolis Police Department,Hennepin County,MN,27053,44.9483125,-93.2401797,probabilistic,,Minneapolis Police Department,Insight LPR,fixed,100;219,traffic,public,13326566301,https://www.openstreetmap.org/node/13326566301
alpr-osm-13326576501,ALPR camera — Minneapolis Police Department,Hennepin County,MN,27053,44.9554357,-93.2474139,probabilistic,,Minneapolis Police Department,Insight LPR,fixed,15;182;298,traffic,public,13326576501,https://www.openstreetmap.org/node/13326576501
alpr-osm-13326596601,ALPR camera — Hennepin County Sheriff's Office,Hennepin County,MN,27053,44.9489355,-93.252623,probabilistic,,Hennepin County Sheriff's Office,Flock Safety,fixed,149,traffic,public,13326596601,https://www.openstreetmap.org/node/13326596601
alpr-osm-13326601701,ALPR camera — Minneapolis Police Department,Hennepin County,MN,27053,44.948515,-93.2626063,probabilistic,,Minneapolis Police Department,Insight LPR,fixed,0;232,traffic,public,13326601701,https://www.openstreetmap.org/node/13326601701
alpr-osm-13326604001,ALPR camera — Minneapolis Police Department,Hennepin County,MN,27053,44.9482326,-93.262767,probabilistic,,Minneapolis Police Department,Insight LPR,fixed,186;40,traffic,public,13326604001,https://www.openstreetmap.org/node/13326604001
alpr-osm-13326610301,ALPR camera — Minneapolis Police Department,Hennepin County,MN,27053,44.9483047,-93.275263,probabilistic,,Minneapolis Police Department,Insight LPR,fixed,67;321,traffic,public,13326610301,https://www.openstreetmap.org/node/13326610301
alpr-osm-13326636101,ALPR camera — Minneapolis Police Department,Hennepin County,MN,27053,44.9673197,-93.2879838,probabilistic,,Minneapolis Police Department,Insight LPR,fixed,16;342,traffic,public,13326636101,https://www.openstreetmap.org/node/13326636101
alpr-osm-13326638301,ALPR camera — Minneapolis Police Department,Hennepin County,MN,27053,44.9670041,-93.2883549,probabilistic,,Minneapolis Police Department,Insight LPR,fixed,205;165;136,traffic,public,13326638301,https://www.openstreetmap.org/node/13326638301
alpr-osm-13326638601,ALPR camera — Minneapolis Police Department,Hennepin County,MN,27053,44.9484534,-93.2405299,probabilistic,,Minneapolis Police Department,Insight LPR,fixed,264,traffic,public,13326638601,https://www.openstreetmap.org/node/13326638601
alpr-osm-13326643701,ALPR camera — Minneapolis Police Department,Hennepin County,MN,27053,44.9554357,-93.2474139,probabilistic,,Minneapolis Police Department,Insight LPR,fixed,15;182;298,traffic,public,13326643701,https://www.openstreetmap.org/node/13326643701
alpr-osm-13326645101,ALPR camera — Hennepin County Sheriff's Office,Hennepin County,MN,27053,44.9489355,-93.252623,probabilistic,,Hennepin County Sheriff's Office,Flock Safety,fixed,149,traffic,public,13326645101,https://www.openstreetmap.org/node/13326645101
alpr-osm-13326645301,ALPR camera — Minneapolis Police Department,Hennepin County,MN,27053,44.9482326,-93.262767,probabilistic,,Minneapolis Police Department,Insight LPR,fixed,186;40,traffic,public,13326645301,https://www.openstreetmap.org/node/13326645301
alpr-osm-13326646401,ALPR camera — Minneapolis Police Department,Hennepin County,MN,27053,44.9520821,-93.2880043,probabilistic,,Minneapolis Police Department,Insight LPR,fixed,136;227;155;337,traffic,public,13326646401,https://www.openstreetmap.org/node/13326646401
alpr-osm-13326664301,ALPR camera — Minneapolis Police Department,Hennepin County,MN,27053,44.9625962,-93.2778818,probabilistic,,Minneapolis Police Department,Insight LPR,fixed,308;56,traffic,public,13326664301,https://www.openstreetmap.org/node/13326664301
alpr-osm-13326664302,ALPR camera — Minneapolis Police Department,Hennepin County,MN,27053,44.9626684,-93.2624044,probabilistic,,Minneapolis Police Department,Insight LPR,fixed,88;315,traffic,public,13326664302,https://www.openstreetmap.org/node/13326664302
alpr-osm-13326675001,ALPR camera — Minneapolis Police Department,Hennepin County,MN,27053,44.9625929,-93.2626363,probabilistic,,Minneapolis Police Department,Insight LPR,fixed,29;174,traffic,public,13326675001,https://www.openstreetmap.org/node/13326675001
alpr-osm-13326688801,ALPR camera — Minneapolis Police Department,Hennepin County,MN,27053,44.9712488,-93.2623076,probabilistic,,Minneapolis Police Department,Insight LPR,fixed,329;59,traffic,public,13326688801,https://www.openstreetmap.org/node/13326688801
alpr-osm-13326698801,ALPR camera — Minneapolis Police Department,Hennepin County,MN,27053,44.978836,-93.2758222,probabilistic,,Minneapolis Police Department,Insight LPR,fixed,41,traffic,public,13326698801,https://www.openstreetmap.org/node/13326698801
alpr-osm-13326699501,ALPR camera — Minneapolis Police Department,Hennepin County,MN,27053,44.9788418,-93.2761124,probabilistic,,Minneapolis Police Department,Insight LPR,fixed,203,traffic,public,13326699501,https://www.openstreetmap.org/node/13326699501
alpr-osm-13326702502,ALPR camera — Minneapolis Police Department,Hennepin County,MN,27053,44.9812,-93.2727034,probabilistic,,Minneapolis Police Department,Insight LPR,fixed,69;221,traffic,public,13326702502,https://www.openstreetmap.org/node/13326702502
alpr-osm-13326722801,ALPR camera — Minneapolis Police Department,Hennepin County,MN,27053,44.9829873,-93.2726229,probabilistic,,Minneapolis Police Department,Insight LPR,fixed,265;296;318,traffic,public,13326722801,https://www.openstreetmap.org/node/13326722801
alpr-osm-13326724001,ALPR camera — Minneapolis Police Department,Hennepin County,MN,27053,44.9829427,-93.2723777,probabilistic,,Minneapolis Police Department,Insight LPR,fixed,53;17,traffic,public,13326724001,https://www.openstreetmap.org/node/13326724001
alpr-osm-13326727701,ALPR camera — Minneapolis Police Department,Hennepin County,MN,27053,44.9838568,-93.2714216,probabilistic,,Minneapolis Police Department,Insight LPR,fixed,173;321,traffic,public,13326727701,https://www.openstreetmap.org/node/13326727701
alpr-osm-13326820801,ALPR camera — Minneapolis Police Department,Hennepin County,MN,27053,44.9992046,-93.2851212,probabilistic,,Minneapolis Police Department,Insight LPR,fixed,263;125,traffic,public,13326820801,https://www.openstreetmap.org/node/13326820801
alpr-osm-13326820802,ALPR camera — Minneapolis Police Department,Hennepin County,MN,27053,44.9992613,-93.2879496,probabilistic,,Minneapolis Police Department,Insight LPR,fixed,183;0;258,traffic,public,13326820802,https://www.openstreetmap.org/node/13326820802
alpr-osm-13326823401,ALPR camera — Minneapolis Police Department,Hennepin County,MN,27053,44.9991012,-93.2878173,probabilistic,,Minneapolis Police Department,Insight LPR,fixed,95,traffic,public,13326823401,https://www.openstreetmap.org/node/13326823401
alpr-osm-13326829201,ALPR camera — Minneapolis Police Department,Hennepin County,MN,27053,44.9992161,-93.2957962,probabilistic,,Minneapolis Police Department,Insight LPR,fixed,261;132,traffic,public,13326829201,https://www.openstreetmap.org/node/13326829201
alpr-osm-13326846001,ALPR camera — Minneapolis Police Department,Hennepin County,MN,27053,44.991938,-93.2939482,probabilistic,,Minneapolis Police Department,Insight LPR,fixed,97;298;325,traffic,public,13326846001,https://www.openstreetmap.org/node/13326846001
alpr-osm-13326853901,ALPR camera — Minneapolis Police Department,Hennepin County,MN,27053,44.9913821,-93.3082911,probabilistic,,Minneapolis Police Department,Insight LPR,fixed,29;174,traffic,public,13326853901,https://www.openstreetmap.org/node/13326853901
alpr-osm-13326859701,ALPR camera — Minneapolis Police Department,Hennepin County,MN,27053,44.9915229,-93.308395,probabilistic,,Minneapolis Police Department,Insight LPR,fixed,277;75,traffic,public,13326859701,https://www.openstreetmap.org/node/13326859701
alpr-osm-13326867001,ALPR camera — Minneapolis Police Department,Hennepin County,MN,27053,44.9808575,-93.3083,probabilistic,,Minneapolis Police Department,Insight LPR,fixed,0;181,traffic,public,13326867001,https://www.openstreetmap.org/node/13326867001
alpr-osm-13326884601,ALPR camera — Minneapolis Police Department,Hennepin County,MN,27053,45.0096182,-93.3151361,probabilistic,,Minneapolis Police Department,Insight LPR,fixed,86;149;292;340,traffic,public,13326884601,https://www.openstreetmap.org/node/13326884601
alpr-osm-13326912301,ALPR camera — Minneapolis Police Department,Hennepin County,MN,27053,45.0355351,-93.3085214,probabilistic,,Minneapolis Police Department,Insight LPR,fixed,251;197;123,traffic,public,13326912301,https://www.openstreetmap.org/node/13326912301
alpr-osm-13326917001,ALPR camera — Hennepin County Sheriff's Office,Hennepin County,MN,27053,45.0276136,-93.3085054,probabilistic,,Hennepin County Sheriff's Office,Flock Safety,fixed,163,traffic,public,13326917001,https://www.openstreetmap.org/node/13326917001
alpr-osm-13326932401,ALPR camera — Hennepin County Sheriff's Office,Hennepin County,MN,27053,45.0245956,-93.2955345,probabilistic,,Hennepin County Sheriff's Office,Flock Safety,fixed,196,traffic,public,13326932401,https://www.openstreetmap.org/node/13326932401
alpr-osm-13326950801,ALPR camera — Minneapolis Police Department,Hennepin County,MN,27053,45.0132113,-93.2957883,probabilistic,,Minneapolis Police Department,Insight LPR,fixed,100;253,traffic,public,13326950801,https://www.openstreetmap.org/node/13326950801
alpr-osm-13326953701,ALPR camera — Minneapolis Police Department,Hennepin County,MN,27053,45.0130412,-93.2956408,probabilistic,,Minneapolis Police Department,Insight LPR,fixed,176,traffic,public,13326953701,https://www.openstreetmap.org/node/13326953701
alpr-osm-13326975601,ALPR camera — Minneapolis Police Department,Hennepin County,MN,27053,44.9986095,-93.2633712,probabilistic,,Minneapolis Police Department,Insight LPR,fixed,197;39,traffic,public,13326975601,https://www.openstreetmap.org/node/13326975601
alpr-osm-13326976601,ALPR camera — Minneapolis Police Department,Hennepin County,MN,27053,44.9986758,-93.2630673,probabilistic,,Minneapolis Police Department,Insight LPR,fixed,97;270,traffic,public,13326976601,https://www.openstreetmap.org/node/13326976601
alpr-osm-13326990601,ALPR camera — Minneapolis Police Department,Hennepin County,MN,27053,45.0059148,-93.2372209,probabilistic,,Minneapolis Police Department,Insight LPR,fixed,18;183,traffic,public,13326990601,https://www.openstreetmap.org/node/13326990601
alpr-osm-13326994804,ALPR camera,Hennepin County,MN,27053,44.9989121,-93.2121297,probabilistic,,,Flock Safety,fixed,98,traffic,public,13326994804,https://www.openstreetmap.org/node/13326994804
alpr-osm-13326995206,ALPR camera,Hennepin County,MN,27053,44.998847,-93.2138229,probabilistic,,,Flock Safety,fixed,110,traffic,public,13326995206,https://www.openstreetmap.org/node/13326995206
alpr-osm-13326995305,ALPR camera,Hennepin County,MN,27053,44.998847,-93.2138229,probabilistic,,,Flock Safety,fixed,110,traffic,public,13326995305,https://www.openstreetmap.org/node/13326995305
alpr-osm-13327008701,ALPR camera,Hennepin County,MN,27053,44.9999404,-93.2142088,probabilistic,,,Flock Safety,fixed,220,traffic,public,13327008701,https://www.openstreetmap.org/node/13327008701
alpr-osm-13329131100,ALPR camera,Washington County,MN,27163,44.9101164,-92.8576622,probabilistic,,,Flock Safety,fixed,,,,13329131100,https://www.openstreetmap.org/node/13329131100
alpr-osm-13329156569,ALPR camera,Washington County,MN,27163,44.9160383,-92.8591996,probabilistic,,,Flock Safety,fixed,180,,,13329156569,https://www.openstreetmap.org/node/13329156569
alpr-osm-13329539201,ALPR camera,Washington County,MN,27163,45.0315246,-92.9696834,probabilistic,,,Flock Safety,fixed,128-173,traffic,public,13329539201,https://www.openstreetmap.org/node/13329539201
alpr-osm-13334644063,ALPR camera — SLMPD,Hennepin County,MN,27053,44.9024113,-93.5508473,probabilistic,,SLMPD,Flock Safety,,310,,camera,13334644063,https://www.openstreetmap.org/node/13334644063
alpr-osm-13334812602,ALPR camera,Anoka County,MN,27003,45.1151874,-93.2390472,probabilistic,,,Flock Safety,fixed,338-23;155-200,traffic,public,13334812602,https://www.openstreetmap.org/node/13334812602
alpr-osm-13334818703,ALPR camera,Anoka County,MN,27003,45.1161117,-93.2383225,probabilistic,,,Flock Safety,fixed,66-111;250-295,traffic,public,13334818703,https://www.openstreetmap.org/node/13334818703
alpr-osm-13334891302,ALPR camera,Anoka County,MN,27003,45.1152093,-93.2398475,probabilistic,,,Flock Safety,fixed,338-23;162-207,traffic,public,13334891302,https://www.openstreetmap.org/node/13334891302
alpr-osm-13334945361,ALPR camera,Hennepin County,MN,27053,44.8909943,-93.7490977,probabilistic,,,Flock Safety,,360,,camera,13334945361,https://www.openstreetmap.org/node/13334945361
alpr-osm-13336960477,ALPR camera,Ramsey County,MN,27123,44.9991608,-93.0650997,probabilistic,,,Flock Safety,fixed,335-45,,,13336960477,https://www.openstreetmap.org/node/13336960477
alpr-osm-13339585201,ALPR camera,Anoka County,MN,27003,45.1567633,-93.1636523,probabilistic,,,Flock Safety,fixed,242-287,traffic,public,13339585201,https://www.openstreetmap.org/node/13339585201
alpr-osm-13341724501,ALPR camera,Anoka County,MN,27003,45.0356388,-93.2530043,probabilistic,,,Flock Safety,fixed,77-122;239-284,traffic,public,13341724501,https://www.openstreetmap.org/node/13341724501
alpr-osm-13342754301,ALPR camera — Dakota County Sheriff's Office,Dakota County,MN,27037,44.6634468,-92.7401721,probabilistic,,Dakota County Sheriff's Office,Flock Safety,fixed,204-249,traffic,public,13342754301,https://www.openstreetmap.org/node/13342754301
alpr-osm-13342971101,ALPR camera,Hennepin County,MN,27053,44.8565361,-93.2436549,probabilistic,,,Flock Safety,fixed,119,traffic,public,13342971101,https://www.openstreetmap.org/node/13342971101
alpr-osm-13343052301,ALPR camera,Hennepin County,MN,27053,44.8596894,-93.2426432,probabilistic,,,Flock Safety,fixed,136,traffic,public,13343052301,https://www.openstreetmap.org/node/13343052301
alpr-osm-13343141901,ALPR camera — Dakota County Sheriff's Office,Dakota County,MN,27037,44.6637355,-92.7398194,probabilistic,,Dakota County Sheriff's Office,Flock Safety,fixed,254-299,traffic,public,13343141901,https://www.openstreetmap.org/node/13343141901
alpr-osm-13343160903,ALPR camera — Dakota County Sheriff's Office,Dakota County,MN,27037,44.7159463,-93.0549879,probabilistic,,Dakota County Sheriff's Office,Flock Safety,fixed,260-305,traffic,public,13343160903,https://www.openstreetmap.org/node/13343160903
alpr-osm-13345167201,ALPR camera,Itasca County,MN,27061,47.3947373,-93.0857413,probabilistic,,,Flock Safety,fixed,139-184,traffic,public,13345167201,https://www.openstreetmap.org/node/13345167201
alpr-osm-13346880601,ALPR camera,Scott County,MN,27139,44.7463862,-93.4398207,probabilistic,,,Flock Safety,fixed,147,traffic,public,13346880601,https://www.openstreetmap.org/node/13346880601
alpr-osm-13348680201,ALPR camera,Dakota County,MN,27037,44.8337282,-93.1671013,probabilistic,,,Flock Safety,fixed,332,traffic,public,13348680201,https://www.openstreetmap.org/node/13348680201
alpr-osm-13348693401,ALPR camera,Dakota County,MN,27037,44.8193769,-93.2079408,probabilistic,,,Flock Safety,fixed,295,traffic,public,13348693401,https://www.openstreetmap.org/node/13348693401
alpr-osm-13348942501,ALPR camera,Hennepin County,MN,27053,45.1055035,-93.3886649,probabilistic,,,Flock Safety,fixed,340,traffic,public,13348942501,https://www.openstreetmap.org/node/13348942501
alpr-osm-13348950401,ALPR camera,Hennepin County,MN,27053,45.1084341,-93.388757,probabilistic,,,Flock Safety,fixed,156,traffic,public,13348950401,https://www.openstreetmap.org/node/13348950401
alpr-osm-13350707227,ALPR camera,Hennepin County,MN,27053,44.9804719,-93.2391386,probabilistic,,,Flock Safety,fixed,80,,,13350707227,https://www.openstreetmap.org/node/13350707227
alpr-osm-13351572609,ALPR camera — Edina Police Department,Hennepin County,MN,27053,44.896696,-93.3510213,probabilistic,,Edina Police Department,Flock Safety,fixed,240,traffic,,13351572609,https://www.openstreetmap.org/node/13351572609
alpr-osm-13351572611,ALPR camera — Edina Police Department,Hennepin County,MN,27053,44.8754909,-93.3533437,probabilistic,,Edina Police Department,Flock Safety,fixed,190,traffic,traffic,13351572611,https://www.openstreetmap.org/node/13351572611
alpr-osm-13351582492,ALPR camera — Minnetonka High School,Hennepin County,MN,27053,44.9103901,-93.5119273,probabilistic,,Minnetonka High School,Flock Safety,fixed,125,,camera,13351582492,https://www.openstreetmap.org/node/13351582492
alpr-osm-13352228101,ALPR camera — Dakota County Sheriff's Office,Dakota County,MN,27037,44.621191,-92.988621,probabilistic,,Dakota County Sheriff's Office,Flock Safety,fixed,338-23,traffic,public,13352228101,https://www.openstreetmap.org/node/13352228101
alpr-osm-13352374201,ALPR camera,Clay County,MN,27027,46.8439686,-96.7661074,probabilistic,,,Flock Safety,fixed,54-99,traffic,public,13352374201,https://www.openstreetmap.org/node/13352374201
alpr-osm-13352399439,ALPR camera,Sherburne County,MN,27141,45.3213057,-93.560656,probabilistic,,,Flock Safety,fixed,55,,,13352399439,https://www.openstreetmap.org/node/13352399439
alpr-osm-13352518301,ALPR camera,Douglas County,MN,27041,45.8605766,-95.353356,probabilistic,,,Flock Safety,fixed,263-308,traffic,public,13352518301,https://www.openstreetmap.org/node/13352518301
alpr-osm-13353903514,ALPR camera — Eden Prairie PD,Hennepin County,MN,27053,44.8625373,-93.4850498,probabilistic,,Eden Prairie PD,Motorola Solutions,fixed,325,traffic,public,13353903514,https://www.openstreetmap.org/node/13353903514
alpr-osm-13354582603,ALPR camera,St. Louis County,MN,27137,47.4005982,-92.9561332,probabilistic,,,Flock Safety,fixed,345,traffic,public,13354582603,https://www.openstreetmap.org/node/13354582603
alpr-osm-13356346601,ALPR camera,Hennepin County,MN,27053,44.8619414,-93.4260083,probabilistic,,,Motorola Solutions,fixed,302,traffic,public,13356346601,https://www.openstreetmap.org/node/13356346601
alpr-osm-13356399601,ALPR camera,Hennepin County,MN,27053,44.8612648,-93.4411934,probabilistic,,,Motorola Solutions,fixed,37,traffic,public,13356399601,https://www.openstreetmap.org/node/13356399601
alpr-osm-13358041803,ALPR camera,Dakota County,MN,27037,44.7565152,-92.9236116,probabilistic,,,Flock Safety,fixed,34-79,traffic,public,13358041803,https://www.openstreetmap.org/node/13358041803
alpr-osm-13358045801,ALPR camera — Dakota County Sheriff's Office,Dakota County,MN,27037,44.7127286,-93.0239105,probabilistic,,Dakota County Sheriff's Office,Flock Safety,fixed,28-73,traffic,public,13358045801,https://www.openstreetmap.org/node/13358045801
alpr-osm-13358060701,ALPR camera,Dakota County,MN,27037,44.9016066,-93.0675045,probabilistic,,,Flock Safety,fixed,247,traffic,public,13358060701,https://www.openstreetmap.org/node/13358060701
alpr-osm-13358072001,ALPR camera,Dakota County,MN,27037,44.8837012,-93.0702165,probabilistic,,,Flock Safety,fixed,321,traffic,public,13358072001,https://www.openstreetmap.org/node/13358072001
alpr-osm-13358123801,ALPR camera,Douglas County,MN,27041,45.8507392,-95.3894275,probabilistic,,,Flock Safety,fixed,241-286,traffic,public,13358123801,https://www.openstreetmap.org/node/13358123801
alpr-osm-13358132501,ALPR camera,Hennepin County,MN,27053,45.0732806,-93.2901425,probabilistic,,,Flock Safety,fixed,0,traffic,public,13358132501,https://www.openstreetmap.org/node/13358132501
alpr-osm-13358134801,ALPR camera,Hennepin County,MN,27053,45.0605563,-93.3189747,probabilistic,,,Flock Safety,fixed,257,traffic,public,13358134801,https://www.openstreetmap.org/node/13358134801
alpr-osm-13358140101,ALPR camera,Douglas County,MN,27041,45.8506121,-95.382351,probabilistic,,,Flock Safety,fixed,205-250,traffic,public,13358140101,https://www.openstreetmap.org/node/13358140101
alpr-osm-13358163802,ALPR camera,Scott County,MN,27139,44.7773973,-93.4651373,probabilistic,,,Flock Safety,fixed,239,traffic,public,13358163802,https://www.openstreetmap.org/node/13358163802
alpr-osm-13358164901,ALPR camera,Douglas County,MN,27041,45.8498592,-95.3875188,probabilistic,,,Flock Safety,fixed,121-166,traffic,public,13358164901,https://www.openstreetmap.org/node/13358164901
alpr-osm-13358166101,ALPR camera,Scott County,MN,27139,44.7786099,-93.4656097,probabilistic,,,Flock Safety,fixed,277,traffic,public,13358166101,https://www.openstreetmap.org/node/13358166101
alpr-osm-13358167001,ALPR camera,Scott County,MN,27139,44.7781729,-93.4673643,probabilistic,,,Flock Safety,fixed,72,traffic,public,13358167001,https://www.openstreetmap.org/node/13358167001
alpr-osm-13358185501,ALPR camera,Douglas County,MN,27041,45.8883485,-95.3529442,probabilistic,,,Flock Safety,fixed,241-286,traffic,public,13358185501,https://www.openstreetmap.org/node/13358185501
alpr-osm-13358400001,ALPR camera,Dakota County,MN,27037,44.9183069,-93.0583337,probabilistic,,,Flock Safety,fixed,289,traffic,public,13358400001,https://www.openstreetmap.org/node/13358400001
alpr-osm-13358407601,ALPR camera,Goodhue County,MN,27049,44.4852593,-92.3084936,probabilistic,,,Flock Safety,fixed,131,traffic,public,13358407601,https://www.openstreetmap.org/node/13358407601
alpr-osm-13358408101,ALPR camera,Dakota County,MN,27037,44.9192038,-93.0764759,probabilistic,,,Flock Safety,fixed,154,traffic,public,13358408101,https://www.openstreetmap.org/node/13358408101
alpr-osm-13358408201,ALPR camera,Dakota County,MN,27037,44.9122664,-93.0627411,probabilistic,,,Flock Safety,fixed,75,traffic,public,13358408201,https://www.openstreetmap.org/node/13358408201
alpr-osm-13358408203,ALPR camera,Dakota County,MN,27037,44.8980219,-93.0683619,probabilistic,,,Flock Safety,fixed,248,traffic,public,13358408203,https://www.openstreetmap.org/node/13358408203
alpr-osm-13358408204,ALPR camera,Dakota County,MN,27037,44.8751193,-93.0423416,probabilistic,,,Flock Safety,fixed,50,traffic,public,13358408204,https://www.openstreetmap.org/node/13358408204
alpr-osm-13358408501,ALPR camera,Dakota County,MN,27037,44.897878,-93.0647336,probabilistic,,,Flock Safety,fixed,70,traffic,public,13358408501,https://www.openstreetmap.org/node/13358408501
alpr-osm-13358409301,ALPR camera,Dakota County,MN,27037,44.885783,-93.0607012,probabilistic,,,Flock Safety,fixed,39,traffic,public,13358409301,https://www.openstreetmap.org/node/13358409301
alpr-osm-13358409701,ALPR camera,Dakota County,MN,27037,44.8934243,-93.0342772,probabilistic,,,Flock Safety,fixed,297,traffic,public,13358409701,https://www.openstreetmap.org/node/13358409701
alpr-osm-13358409702,ALPR camera,Dakota County,MN,27037,44.878494,-93.0316182,probabilistic,,,Flock Safety,fixed,143,traffic,public,13358409702,https://www.openstreetmap.org/node/13358409702
alpr-osm-13358414401,ALPR camera,Dakota County,MN,27037,44.8755451,-93.0398524,probabilistic,,,Flock Safety,fixed,339,traffic,public,13358414401,https://www.openstreetmap.org/node/13358414401
alpr-osm-13358419502,ALPR camera,Dakota County,MN,27037,44.878494,-93.0316182,probabilistic,,,Flock Safety,fixed,143,traffic,public,13358419502,https://www.openstreetmap.org/node/13358419502
alpr-osm-13360069701,ALPR camera,Hennepin County,MN,27053,45.015636,-93.4848287,probabilistic,,,Flock Safety,fixed,343,traffic,public,13360069701,https://www.openstreetmap.org/node/13360069701
alpr-osm-13360092502,ALPR camera,Hennepin County,MN,27053,45.0902453,-93.4242046,probabilistic,,,Flock Safety,fixed,86,traffic,public,13360092502,https://www.openstreetmap.org/node/13360092502
alpr-osm-13360099201,ALPR camera,Hennepin County,MN,27053,45.0912084,-93.4217174,probabilistic,,,Flock Safety,fixed,269,traffic,public,13360099201,https://www.openstreetmap.org/node/13360099201
alpr-osm-13360099401,ALPR camera,Hennepin County,MN,27053,45.0902937,-93.4214926,probabilistic,,,Flock Safety,fixed,265,traffic,public,13360099401,https://www.openstreetmap.org/node/13360099401
alpr-osm-13360109902,ALPR camera,Hennepin County,MN,27053,45.1063723,-93.3911935,probabilistic,,,Flock Safety,fixed,70,traffic,public,13360109902,https://www.openstreetmap.org/node/13360109902
alpr-osm-13360111501,ALPR camera,Hennepin County,MN,27053,45.1080261,-93.3898292,probabilistic,,,Flock Safety,fixed,132,traffic,public,13360111501,https://www.openstreetmap.org/node/13360111501
alpr-osm-13360188001,ALPR camera,Anoka County,MN,27003,45.1980832,-93.354295,probabilistic,,,Flock Safety,fixed,0,traffic,public,13360188001,https://www.openstreetmap.org/node/13360188001
alpr-osm-13360189601,ALPR camera,Anoka County,MN,27003,45.1978636,-93.3500483,probabilistic,,,Flock Safety,fixed,0,traffic,public,13360189601,https://www.openstreetmap.org/node/13360189601
alpr-osm-13360193201,ALPR camera,Anoka County,MN,27003,45.1973572,-93.3355835,probabilistic,,,Flock Safety,fixed,154,traffic,public,13360193201,https://www.openstreetmap.org/node/13360193201
alpr-osm-13360229101,ALPR camera,Anoka County,MN,27003,45.1683224,-93.2334065,probabilistic,,,Flock Safety,fixed,0,traffic,public,13360229101,https://www.openstreetmap.org/node/13360229101
alpr-osm-13360311901,ALPR camera,Washington County,MN,27163,45.0342701,-92.8296173,probabilistic,,,Flock Safety,fixed,92,traffic,public,13360311901,https://www.openstreetmap.org/node/13360311901
alpr-osm-13360313501,ALPR camera,Washington County,MN,27163,45.0342491,-92.8270472,probabilistic,,,Flock Safety,fixed,270,traffic,public,13360313501,https://www.openstreetmap.org/node/13360313501
alpr-osm-13360313502,ALPR camera,Washington County,MN,27163,45.0333946,-92.8266949,probabilistic,,,Flock Safety,fixed,267,traffic,public,13360313502,https://www.openstreetmap.org/node/13360313502
alpr-osm-13360382401,ALPR camera,Anoka County,MN,27003,45.1972036,-93.2379592,probabilistic,,,Flock Safety,fixed,283,traffic,public,13360382401,https://www.openstreetmap.org/node/13360382401
alpr-osm-13360657854,ALPR camera,Washington County,MN,27163,45.2684223,-93.006268,probabilistic,,,Flock Safety,fixed,75,,,13360657854,https://www.openstreetmap.org/node/13360657854
alpr-osm-13360666215,ALPR camera,Washington County,MN,27163,45.2547005,-92.9864354,probabilistic,,,Flock Safety,fixed,220,,,13360666215,https://www.openstreetmap.org/node/13360666215
alpr-osm-13363507201,ALPR camera,Dakota County,MN,27037,44.745654,-93.2872702,probabilistic,,,Flock Safety,fixed,255,traffic,public,13363507201,https://www.openstreetmap.org/node/13363507201
alpr-osm-13363508101,ALPR camera,Dakota County,MN,27037,44.7459126,-93.2879446,probabilistic,,,Flock Safety,fixed,236,traffic,public,13363508101,https://www.openstreetmap.org/node/13363508101
alpr-osm-13363510101,ALPR camera,Dakota County,MN,27037,44.745841,-93.2903145,probabilistic,,,Flock Safety,fixed,52,traffic,public,13363510101,https://www.openstreetmap.org/node/13363510101
alpr-osm-13363526301,ALPR camera,Hennepin County,MN,27053,44.8646267,-93.3083735,probabilistic,,,Flock Safety,fixed,335,traffic,public,13363526301,https://www.openstreetmap.org/node/13363526301
alpr-osm-13363603901,ALPR camera,Hennepin County,MN,27053,44.8626897,-93.2881645,probabilistic,,,Flock Safety,fixed,333,traffic,public,13363603901,https://www.openstreetmap.org/node/13363603901
alpr-osm-13363720301,ALPR camera,Hennepin County,MN,27053,44.8772698,-93.3287132,probabilistic,,,Flock Safety,fixed,80,traffic,public,13363720301,https://www.openstreetmap.org/node/13363720301
alpr-osm-13363724801,ALPR camera,Hennepin County,MN,27053,44.879724,-93.3286572,probabilistic,,,Flock Safety,fixed,62,traffic,public,13363724801,https://www.openstreetmap.org/node/13363724801
alpr-osm-13363725001,ALPR camera,Hennepin County,MN,27053,44.8799043,-93.3284799,probabilistic,,,Flock Safety,fixed,5,traffic,public,13363725001,https://www.openstreetmap.org/node/13363725001
alpr-osm-13363726001,ALPR camera,Hennepin County,MN,27053,44.8833922,-93.3273389,probabilistic,,,Flock Safety,fixed,111,traffic,public,13363726001,https://www.openstreetmap.org/node/13363726001
alpr-osm-13363735001,ALPR camera,Hennepin County,MN,27053,44.8817721,-93.3217013,probabilistic,,,Flock Safety,fixed,300,traffic,public,13363735001,https://www.openstreetmap.org/node/13363735001
alpr-osm-13363740601,ALPR camera,Hennepin County,MN,27053,44.8783653,-93.3264454,probabilistic,,,Flock Safety,fixed,339,traffic,public,13363740601,https://www.openstreetmap.org/node/13363740601
alpr-osm-13363743501,ALPR camera,Hennepin County,MN,27053,44.8634308,-93.3464441,probabilistic,,,Flock Safety,fixed,99,traffic,public,13363743501,https://www.openstreetmap.org/node/13363743501
alpr-osm-13363743901,ALPR camera,Hennepin County,MN,27053,44.8763097,-93.3479145,probabilistic,,,Flock Safety,fixed,65,traffic,public,13363743901,https://www.openstreetmap.org/node/13363743901
alpr-osm-13363744401,ALPR camera,Hennepin County,MN,27053,44.8783653,-93.3264454,probabilistic,,,Flock Safety,fixed,339,traffic,public,13363744401,https://www.openstreetmap.org/node/13363744401
alpr-osm-13363774601,ALPR camera,Hennepin County,MN,27053,44.8944923,-93.3191744,probabilistic,,,Flock Safety,fixed,248,traffic,public,13363774601,https://www.openstreetmap.org/node/13363774601
alpr-osm-13363774602,ALPR camera,Hennepin County,MN,27053,44.9053769,-93.3390668,probabilistic,,,Flock Safety,fixed,339,traffic,public,13363774602,https://www.openstreetmap.org/node/13363774602
alpr-osm-13363777201,ALPR camera,Hennepin County,MN,27053,44.9128499,-93.3391838,probabilistic,,,Flock Safety,fixed,344,traffic,public,13363777201,https://www.openstreetmap.org/node/13363777201
alpr-osm-13363779501,ALPR camera,Hennepin County,MN,27053,45.0661128,-93.3755175,probabilistic,,,Flock Safety,fixed,161,traffic,public,13363779501,https://www.openstreetmap.org/node/13363779501
alpr-osm-13363810201,ALPR camera,Hennepin County,MN,27053,44.9135171,-93.3673426,probabilistic,,,Flock Safety,fixed,338,traffic,public,13363810201,https://www.openstreetmap.org/node/13363810201
alpr-osm-13363818401,ALPR camera,Hennepin County,MN,27053,44.9140111,-93.3696336,probabilistic,,,Flock Safety,fixed,343,traffic,public,13363818401,https://www.openstreetmap.org/node/13363818401
alpr-osm-13363823501,ALPR camera,Hennepin County,MN,27053,44.9191836,-93.3859531,probabilistic,,,Flock Safety,fixed,151,traffic,public,13363823501,https://www.openstreetmap.org/node/13363823501
alpr-osm-13363855101,ALPR camera,Hennepin County,MN,27053,44.9125959,-93.3317129,probabilistic,,,Flock Safety,fixed,272,traffic,public,13363855101,https://www.openstreetmap.org/node/13363855101
alpr-osm-13363855601,ALPR camera,Hennepin County,MN,27053,44.9222,-93.3315058,probabilistic,,,Flock Safety,fixed,218,traffic,public,13363855601,https://www.openstreetmap.org/node/13363855601
alpr-osm-13363855701,ALPR camera,Hennepin County,MN,27053,44.9135303,-93.3714405,probabilistic,,,Flock Safety,fixed,313,traffic,public,13363855701,https://www.openstreetmap.org/node/13363855701
alpr-osm-13364304701,ALPR camera,Anoka County,MN,27003,45.1976213,-93.3062705,probabilistic,,,Flock Safety,fixed,339,traffic,public,13364304701,https://www.openstreetmap.org/node/13364304701
alpr-osm-13364313703,ALPR camera,Anoka County,MN,27003,45.2196038,-93.3113414,probabilistic,,,Flock Safety,fixed,335,traffic,public,13364313703,https://www.openstreetmap.org/node/13364313703
alpr-osm-13364321701,ALPR camera,Anoka County,MN,27003,45.219056,-93.2357167,probabilistic,,,Flock Safety,fixed,260,traffic,public,13364321701,https://www.openstreetmap.org/node/13364321701
alpr-osm-13364358701,ALPR camera,Anoka County,MN,27003,45.1932268,-93.3940897,probabilistic,,,Flock Safety,fixed,359,traffic,public,13364358701,https://www.openstreetmap.org/node/13364358701
alpr-osm-13364360401,ALPR camera,Anoka County,MN,27003,45.203297,-93.3784598,probabilistic,,,Flock Safety,fixed,149,traffic,public,13364360401,https://www.openstreetmap.org/node/13364360401
alpr-osm-13364376801,ALPR camera,Anoka County,MN,27003,45.1986118,-93.3878673,probabilistic,,,Flock Safety,fixed,270,traffic,public,13364376801,https://www.openstreetmap.org/node/13364376801
alpr-osm-13364376802,ALPR camera,Anoka County,MN,27003,45.1976358,-93.3687145,probabilistic,,,Flock Safety,fixed,247,traffic,public,13364376802,https://www.openstreetmap.org/node/13364376802
alpr-osm-13364654802,ALPR camera,Hubbard County,MN,27057,46.9976327,-94.7267996,probabilistic,,,Flock Safety,fixed,335,traffic,public,13364654802,https://www.openstreetmap.org/node/13364654802
alpr-osm-13364661101,ALPR camera,Cass County,MN,27021,46.7152753,-94.3997416,probabilistic,,,Flock Safety,fixed,271,traffic,public,13364661101,https://www.openstreetmap.org/node/13364661101
alpr-osm-13365236701,ALPR camera,Anoka County,MN,27003,45.1297275,-93.1841591,probabilistic,,,Flock Safety,fixed,328,traffic,public,13365236701,https://www.openstreetmap.org/node/13365236701
alpr-osm-13365245401,ALPR camera,Anoka County,MN,27003,45.1572081,-93.2345266,probabilistic,,,Flock Safety,fixed,83,traffic,public,13365245401,https://www.openstreetmap.org/node/13365245401
alpr-osm-13365258901,ALPR camera,Anoka County,MN,27003,45.1606812,-93.2337852,probabilistic,,,Flock Safety,fixed,78,traffic,public,13365258901,https://www.openstreetmap.org/node/13365258901
alpr-osm-13365264301,ALPR camera,Anoka County,MN,27003,45.1319913,-93.2184152,probabilistic,,,Flock Safety,fixed,279,traffic,public,13365264301,https://www.openstreetmap.org/node/13365264301
alpr-osm-13365402302,ALPR camera,Anoka County,MN,27003,45.1406884,-93.2669842,probabilistic,,,Flock Safety,fixed,158,traffic,public,13365402302,https://www.openstreetmap.org/node/13365402302
alpr-osm-13365500901,ALPR camera,Anoka County,MN,27003,45.1318841,-93.2357864,probabilistic,,,Flock Safety,fixed,246,traffic,public,13365500901,https://www.openstreetmap.org/node/13365500901
alpr-osm-13365534101,ALPR camera,Anoka County,MN,27003,45.1684006,-93.2357619,probabilistic,,,Flock Safety,fixed,248,traffic,public,13365534101,https://www.openstreetmap.org/node/13365534101
alpr-osm-13365628901,ALPR camera,Anoka County,MN,27003,45.1969524,-93.219608,probabilistic,,,Flock Safety,fixed,149,traffic,public,13365628901,https://www.openstreetmap.org/node/13365628901
alpr-osm-13365628902,ALPR camera,Anoka County,MN,27003,45.1969114,-93.2656608,probabilistic,,,Flock Safety,fixed,63,traffic,public,13365628902,https://www.openstreetmap.org/node/13365628902
alpr-osm-13365798802,ALPR camera,Anoka County,MN,27003,45.1972391,-93.2313845,probabilistic,,,Flock Safety,fixed,103,traffic,public,13365798802,https://www.openstreetmap.org/node/13365798802
alpr-osm-13365799101,ALPR camera,Anoka County,MN,27003,45.1969094,-93.2661451,probabilistic,,,Flock Safety,fixed,164,traffic,public,13365799101,https://www.openstreetmap.org/node/13365799101
alpr-osm-13365805201,ALPR camera,Anoka County,MN,27003,45.168034,-93.2660815,probabilistic,,,Flock Safety,fixed,89,traffic,public,13365805201,https://www.openstreetmap.org/node/13365805201
alpr-osm-13365811501,ALPR camera,Anoka County,MN,27003,45.152589,-93.266322,probabilistic,,,Flock Safety,fixed,85,traffic,public,13365811501,https://www.openstreetmap.org/node/13365811501
alpr-osm-13367757590,ALPR camera,Anoka County,MN,27003,45.0875732,-93.275765,probabilistic,,,,fixed,240,,,13367757590,https://www.openstreetmap.org/node/13367757590
alpr-osm-13368295901,ALPR camera,Anoka County,MN,27003,45.1319807,-93.263804,probabilistic,,,Flock Safety,fixed,289,traffic,public,13368295901,https://www.openstreetmap.org/node/13368295901
alpr-osm-13368296001,ALPR camera,Hennepin County,MN,27053,45.0476997,-93.3207904,probabilistic,,,Flock Safety,fixed,315,traffic,public,13368296001,https://www.openstreetmap.org/node/13368296001
alpr-osm-13368296201,ALPR camera,Hennepin County,MN,27053,45.0475651,-93.3210284,probabilistic,,,Flock Safety,fixed,153,traffic,public,13368296201,https://www.openstreetmap.org/node/13368296201
alpr-osm-13368306001,ALPR camera,Hennepin County,MN,27053,45.0957123,-93.3565931,probabilistic,,,Flock Safety,fixed,156,traffic,public,13368306001,https://www.openstreetmap.org/node/13368306001
alpr-osm-13368337701,ALPR camera,Hennepin County,MN,27053,45.1528124,-93.3604669,probabilistic,,,Flock Safety,fixed,348,traffic,public,13368337701,https://www.openstreetmap.org/node/13368337701
alpr-osm-13368356501,ALPR camera,Anoka County,MN,27003,45.1406593,-93.2717534,probabilistic,,,Flock Safety,fixed,346,traffic,public,13368356501,https://www.openstreetmap.org/node/13368356501
alpr-osm-13368357501,ALPR camera,Anoka County,MN,27003,45.1406528,-93.2718967,probabilistic,,,Flock Safety,fixed,179,traffic,public,13368357501,https://www.openstreetmap.org/node/13368357501
alpr-osm-13368399901,ALPR camera,Hennepin County,MN,27053,45.1524866,-93.5426237,probabilistic,,,Flock Safety,fixed,166,traffic,public,13368399901,https://www.openstreetmap.org/node/13368399901
alpr-osm-13368400701,ALPR camera,Hennepin County,MN,27053,45.0658434,-93.5424984,probabilistic,,,Flock Safety,fixed,339,traffic,public,13368400701,https://www.openstreetmap.org/node/13368400701
alpr-osm-13368403101,ALPR camera,Hennepin County,MN,27053,45.0945091,-93.6350782,probabilistic,,,Flock Safety,fixed,79,traffic,public,13368403101,https://www.openstreetmap.org/node/13368403101
alpr-osm-13368598601,ALPR camera,Hennepin County,MN,27053,45.1234724,-93.6350407,probabilistic,,,Flock Safety,fixed,57,traffic,public,13368598601,https://www.openstreetmap.org/node/13368598601
alpr-osm-13368602101,ALPR camera,Hennepin County,MN,27053,45.1452922,-93.6356986,probabilistic,,,Flock Safety,fixed,156,traffic,public,13368602101,https://www.openstreetmap.org/node/13368602101
alpr-osm-13368630001,ALPR camera,Washington County,MN,27163,45.0753623,-92.8073992,probabilistic,,,Flock Safety,fixed,332;54;160,traffic,public,13368630001,https://www.openstreetmap.org/node/13368630001
alpr-osm-13368665501,ALPR camera,Anoka County,MN,27003,45.0809359,-93.2477044,probabilistic,,,Flock Safety,fixed,232,traffic,public,13368665501,https://www.openstreetmap.org/node/13368665501
alpr-osm-13370730906,ALPR camera,Hennepin County,MN,27053,44.935022,-93.3857423,probabilistic,,,Flock Safety,fixed,194,traffic,public,13370730906,https://www.openstreetmap.org/node/13370730906
alpr-osm-13370732602,ALPR camera,Hennepin County,MN,27053,44.9359025,-93.3861321,probabilistic,,,Flock Safety,fixed,323,traffic,public,13370732602,https://www.openstreetmap.org/node/13370732602
alpr-osm-13370738201,ALPR camera,Hennepin County,MN,27053,44.9272322,-93.3856757,probabilistic,,,Flock Safety,fixed,208,traffic,public,13370738201,https://www.openstreetmap.org/node/13370738201
alpr-osm-13370738502,ALPR camera,Hennepin County,MN,27053,44.9259251,-93.3834827,probabilistic,,,Flock Safety,fixed,254,traffic,public,13370738502,https://www.openstreetmap.org/node/13370738502
alpr-osm-13370742001,ALPR camera,Hennepin County,MN,27053,44.9322947,-93.4211594,probabilistic,,,Flock Safety,fixed,217,traffic,public,13370742001,https://www.openstreetmap.org/node/13370742001
alpr-osm-13370746301,ALPR camera,Hennepin County,MN,27053,44.9329448,-93.4059277,probabilistic,,,Flock Safety,fixed,176,traffic,public,13370746301,https://www.openstreetmap.org/node/13370746301
alpr-osm-13370896696,ALPR camera,Hennepin County,MN,27053,45.1708085,-93.5366749,probabilistic,,,Flock Safety,fixed,255,,,13370896696,https://www.openstreetmap.org/node/13370896696
alpr-osm-13371081301,ALPR camera,Hennepin County,MN,27053,44.899291,-93.4075828,probabilistic,,,Flock Safety,fixed,272,traffic,public,13371081301,https://www.openstreetmap.org/node/13371081301
alpr-osm-13371090401,ALPR camera,Hennepin County,MN,27053,44.9558155,-93.3450618,probabilistic,,,Flock Safety,fixed,356,traffic,public,13371090401,https://www.openstreetmap.org/node/13371090401
alpr-osm-13371115901,ALPR camera,Hennepin County,MN,27053,45.0441395,-93.4977708,probabilistic,,,Flock Safety,fixed,299,traffic,public,13371115901,https://www.openstreetmap.org/node/13371115901
alpr-osm-13371116101,ALPR camera,Hennepin County,MN,27053,45.0462203,-93.4972267,probabilistic,,,Flock Safety,fixed,237,traffic,public,13371116101,https://www.openstreetmap.org/node/13371116101
alpr-osm-13371117604,ALPR camera,Hennepin County,MN,27053,45.1957183,-93.5206188,probabilistic,,,Flock Safety,fixed,79,traffic,public,13371117604,https://www.openstreetmap.org/node/13371117604
alpr-osm-13372706896,ALPR camera,Anoka County,MN,27003,45.1008273,-93.2429468,probabilistic,,,Flock Safety,fixed,160,,,13372706896,https://www.openstreetmap.org/node/13372706896
alpr-osm-13372718531,ALPR camera,Anoka County,MN,27003,45.1033949,-93.243121,probabilistic,,,Flock Safety,fixed,130,,,13372718531,https://www.openstreetmap.org/node/13372718531
alpr-osm-13372859703,ALPR camera,Hennepin County,MN,27053,45.0001645,-93.5988128,probabilistic,,,Flock Safety,fixed,235,traffic,public,13372859703,https://www.openstreetmap.org/node/13372859703
alpr-osm-13372868501,ALPR camera,Hennepin County,MN,27053,45.0075547,-93.5943043,probabilistic,,,Flock Safety,fixed,47,traffic,public,13372868501,https://www.openstreetmap.org/node/13372868501
alpr-osm-13372876101,ALPR camera,Hennepin County,MN,27053,44.899024,-93.4213114,probabilistic,,,Flock Safety,fixed,338,traffic,public,13372876101,https://www.openstreetmap.org/node/13372876101
alpr-osm-13372891803,ALPR camera,Hennepin County,MN,27053,44.9699867,-93.4448952,probabilistic,,,Flock Safety,fixed,331,traffic,public,13372891803,https://www.openstreetmap.org/node/13372891803
alpr-osm-13372903202,ALPR camera,Hennepin County,MN,27053,44.9676787,-93.4421417,probabilistic,,,Flock Safety,fixed,118,traffic,public,13372903202,https://www.openstreetmap.org/node/13372903202
alpr-osm-13372912401,ALPR camera,Hennepin County,MN,27053,44.9690839,-93.4333663,probabilistic,,,Flock Safety,fixed,291,traffic,public,13372912401,https://www.openstreetmap.org/node/13372912401
alpr-osm-13372921001,ALPR camera,Hennepin County,MN,27053,44.970285,-93.4448578,probabilistic,,,Flock Safety,fixed,132,traffic,public,13372921001,https://www.openstreetmap.org/node/13372921001
alpr-osm-13372934001,ALPR camera,Hennepin County,MN,27053,44.9169523,-93.5034444,probabilistic,,,Flock Safety,fixed,277,traffic,public,13372934001,https://www.openstreetmap.org/node/13372934001
alpr-osm-13372938302,ALPR camera,Clay County,MN,27027,46.8458809,-96.7478239,probabilistic,,,Flock Safety,fixed,164,traffic,public,13372938302,https://www.openstreetmap.org/node/13372938302
alpr-osm-13372945001,ALPR camera,Clay County,MN,27027,46.8671524,-96.7479583,probabilistic,,,Flock Safety,fixed,170,traffic,public,13372945001,https://www.openstreetmap.org/node/13372945001
alpr-osm-13372945002,ALPR camera,Clay County,MN,27027,46.848991,-96.7214142,probabilistic,,,Flock Safety,fixed,327,traffic,public,13372945002,https://www.openstreetmap.org/node/13372945002
alpr-osm-13372953901,ALPR camera,Clay County,MN,27027,46.8684167,-96.7264418,probabilistic,,,Flock Safety,fixed,183,traffic,public,13372953901,https://www.openstreetmap.org/node/13372953901
alpr-osm-13372959201,ALPR camera,Clay County,MN,27027,46.873721,-96.7729274,probabilistic,,,Flock Safety,fixed,72,traffic,public,13372959201,https://www.openstreetmap.org/node/13372959201
alpr-osm-13373332602,ALPR camera,Sherburne County,MN,27141,45.4234756,-94.0306174,probabilistic,,,Flock Safety,fixed,27,traffic,public,13373332602,https://www.openstreetmap.org/node/13373332602
alpr-osm-13373851201,ALPR camera,Washington County,MN,27163,44.9365883,-92.9628505,probabilistic,,,Flock Safety,fixed,240,traffic,public,13373851201,https://www.openstreetmap.org/node/13373851201
alpr-osm-13373883151,ALPR camera,Hennepin County,MN,27053,44.9844714,-93.2398199,probabilistic,,,Flock Safety,fixed,0,traffic,public,13373883151,https://www.openstreetmap.org/node/13373883151
alpr-osm-13373896301,ALPR camera,Pine County,MN,27115,45.9040637,-92.9595513,probabilistic,,,Flock Safety,fixed,249,traffic,public,13373896301,https://www.openstreetmap.org/node/13373896301
alpr-osm-13373907401,ALPR camera,Pine County,MN,27115,46.0076803,-92.9049044,probabilistic,,,Flock Safety,fixed,209,traffic,public,13373907401,https://www.openstreetmap.org/node/13373907401
alpr-osm-13373907701,ALPR camera,Pine County,MN,27115,46.0099433,-92.8941412,probabilistic,,,Flock Safety,fixed,347,traffic,public,13373907701,https://www.openstreetmap.org/node/13373907701
alpr-osm-13374062201,ALPR camera,Pine County,MN,27115,45.8720171,-93.1146173,probabilistic,,,Flock Safety,fixed,251,traffic,public,13374062201,https://www.openstreetmap.org/node/13374062201
alpr-osm-13374229401,ALPR camera,Mille Lacs County,MN,27095,45.5661739,-93.5800378,probabilistic,,,Flock Safety,fixed,345,traffic,public,13374229401,https://www.openstreetmap.org/node/13374229401
alpr-osm-13375004102,ALPR camera,Dakota County,MN,27037,44.7909665,-93.2352236,probabilistic,,,Flock Safety,fixed,254,traffic,public,13375004102,https://www.openstreetmap.org/node/13375004102
alpr-osm-13375343601,ALPR camera,Hennepin County,MN,27053,45.0840749,-93.3560323,probabilistic,,,Flock Safety,fixed,78,traffic,public,13375343601,https://www.openstreetmap.org/node/13375343601
alpr-osm-13376149202,ALPR camera,Hennepin County,MN,27053,44.9701943,-93.4377154,probabilistic,,,Flock Safety,fixed,144,traffic,public,13376149202,https://www.openstreetmap.org/node/13376149202
alpr-osm-13376202601,ALPR camera,Hennepin County,MN,27053,45.0040039,-93.5328516,probabilistic,,,Flock Safety,fixed,238,traffic,public,13376202601,https://www.openstreetmap.org/node/13376202601
alpr-osm-13376286501,ALPR camera,Hennepin County,MN,27053,45.1817152,-93.3867821,probabilistic,,,Flock Safety,fixed,129,traffic,public,13376286501,https://www.openstreetmap.org/node/13376286501
alpr-osm-13376309502,ALPR camera,Hennepin County,MN,27053,45.152836,-93.3389238,probabilistic,,,Flock Safety,fixed,295,traffic,public,13376309502,https://www.openstreetmap.org/node/13376309502
alpr-osm-13376344701,ALPR camera,Hennepin County,MN,27053,45.0849468,-93.3738703,probabilistic,,,Flock Safety,fixed,143,traffic,public,13376344701,https://www.openstreetmap.org/node/13376344701
alpr-osm-13376378301,ALPR camera,Hennepin County,MN,27053,45.0735625,-93.2997293,probabilistic,,,Flock Safety,fixed,174,traffic,public,13376378301,https://www.openstreetmap.org/node/13376378301
alpr-osm-13376603701,ALPR camera,Hennepin County,MN,27053,45.1989291,-93.4193044,probabilistic,,,Flock Safety,fixed,117,traffic,public,13376603701,https://www.openstreetmap.org/node/13376603701
alpr-osm-13376604901,ALPR camera,Hennepin County,MN,27053,45.15393,-93.3810147,probabilistic,,,Flock Safety,fixed,345,traffic,public,13376604901,https://www.openstreetmap.org/node/13376604901
alpr-osm-13376604902,ALPR camera,Hennepin County,MN,27053,45.0820886,-93.3395284,probabilistic,,,Flock Safety,fixed,0,traffic,public,13376604902,https://www.openstreetmap.org/node/13376604902
alpr-osm-13376605001,ALPR camera,Hennepin County,MN,27053,45.0849958,-93.3755622,probabilistic,,,Flock Safety,fixed,266,traffic,public,13376605001,https://www.openstreetmap.org/node/13376605001
alpr-osm-13376605002,ALPR camera,Hennepin County,MN,27053,44.8568948,-93.4606655,probabilistic,,,Motorola Solutions,fixed,199,traffic,public,13376605002,https://www.openstreetmap.org/node/13376605002
alpr-osm-13376776101,ALPR camera,Blue Earth County,MN,27013,44.1749816,-93.9550916,probabilistic,,,Flock Safety,fixed,166,traffic,public,13376776101,https://www.openstreetmap.org/node/13376776101
alpr-osm-13376866802,ALPR camera,Blue Earth County,MN,27013,44.1803648,-93.9515718,probabilistic,,,Motorola Solutions,fixed,0,traffic,public,13376866802,https://www.openstreetmap.org/node/13376866802
alpr-osm-13376882301,ALPR camera,Blue Earth County,MN,27013,44.1782297,-93.9508121,probabilistic,,,Motorola Solutions,fixed,66,traffic,public,13376882301,https://www.openstreetmap.org/node/13376882301
alpr-osm-13376895101,ALPR camera,Blue Earth County,MN,27013,44.1724718,-93.9570677,probabilistic,,,Flock Safety,fixed,0,traffic,public,13376895101,https://www.openstreetmap.org/node/13376895101
alpr-osm-13381343001,ALPR camera,Hennepin County,MN,27053,45.1557552,-93.4618024,probabilistic,,,Flock Safety,fixed,316-1,traffic,public,13381343001,https://www.openstreetmap.org/node/13381343001
alpr-osm-13381840703,ALPR camera,Hennepin County,MN,27053,45.0606667,-93.3216068,probabilistic,,,Flock Safety,fixed,300,traffic,public,13381840703,https://www.openstreetmap.org/node/13381840703
alpr-osm-13381840704,ALPR camera,Hennepin County,MN,27053,45.0606963,-93.3218919,probabilistic,,,Flock Safety,fixed,106,traffic,public,13381840704,https://www.openstreetmap.org/node/13381840704
alpr-osm-13382261601,ALPR camera,Washington County,MN,27163,45.2788972,-92.998786,probabilistic,,,Flock Safety,fixed,180,traffic,public,13382261601,https://www.openstreetmap.org/node/13382261601
alpr-osm-13382313502,ALPR camera,Scott County,MN,27139,44.7425957,-93.4494033,probabilistic,,,Flock Safety,fixed,285,traffic,public,13382313502,https://www.openstreetmap.org/node/13382313502
alpr-osm-13382317801,ALPR camera,Scott County,MN,27139,44.7465043,-93.4504556,probabilistic,,,Flock Safety,fixed,164,traffic,public,13382317801,https://www.openstreetmap.org/node/13382317801
alpr-osm-13382322801,ALPR camera,Scott County,MN,27139,44.741435,-93.4667588,probabilistic,,,Flock Safety,fixed,67,traffic,public,13382322801,https://www.openstreetmap.org/node/13382322801
alpr-osm-13382328001,ALPR camera,Scott County,MN,27139,44.7251318,-93.4588027,probabilistic,,,Flock Safety,fixed,333,traffic,public,13382328001,https://www.openstreetmap.org/node/13382328001
alpr-osm-13382408901,ALPR camera,Hennepin County,MN,27053,45.0089089,-93.4500781,probabilistic,,,Flock Safety,fixed,4,traffic,public,13382408901,https://www.openstreetmap.org/node/13382408901
alpr-osm-13382425201,ALPR camera,Hennepin County,MN,27053,44.9965861,-93.4550625,probabilistic,,,Flock Safety,fixed,53,traffic,public,13382425201,https://www.openstreetmap.org/node/13382425201
alpr-osm-13383628701,ALPR camera,Sherburne County,MN,27141,45.3107835,-93.6419519,probabilistic,,,Flock Safety,fixed,277,traffic,public,13383628701,https://www.openstreetmap.org/node/13383628701
alpr-osm-13388764501,ALPR camera,Hennepin County,MN,27053,44.9396498,-93.3984667,probabilistic,,,Flock Safety,fixed,72,traffic,public,13388764501,https://www.openstreetmap.org/node/13388764501
alpr-osm-13388776001,ALPR camera,Hennepin County,MN,27053,44.9361474,-93.3863358,probabilistic,,,Flock Safety,fixed,20,traffic,public,13388776001,https://www.openstreetmap.org/node/13388776001
alpr-osm-13388844101,ALPR camera,Hennepin County,MN,27053,44.9820817,-93.4524913,probabilistic,,,Flock Safety,fixed,356,traffic,public,13388844101,https://www.openstreetmap.org/node/13388844101
alpr-osm-13388844702,ALPR camera,Hennepin County,MN,27053,44.9820817,-93.4524913,probabilistic,,,Flock Safety,fixed,356,traffic,public,13388844702,https://www.openstreetmap.org/node/13388844702
alpr-osm-13388844703,ALPR camera,Hennepin County,MN,27053,44.9840461,-93.4075238,probabilistic,,,Flock Safety,fixed,252,traffic,public,13388844703,https://www.openstreetmap.org/node/13388844703
alpr-osm-13388847301,ALPR camera,Hennepin County,MN,27053,44.9840461,-93.4075238,probabilistic,,,Flock Safety,fixed,252,traffic,public,13388847301,https://www.openstreetmap.org/node/13388847301
alpr-osm-13388865101,ALPR camera,Hennepin County,MN,27053,44.9333938,-93.4150444,probabilistic,,,Flock Safety,fixed,252,traffic,public,13388865101,https://www.openstreetmap.org/node/13388865101
alpr-osm-13388878501,ALPR camera,Hennepin County,MN,27053,45.0438079,-93.3998715,probabilistic,,,Flock Safety,fixed,69,traffic,public,13388878501,https://www.openstreetmap.org/node/13388878501
alpr-osm-13388878801,ALPR camera,Hennepin County,MN,27053,45.0439601,-93.4024919,probabilistic,,,Flock Safety,fixed,251,traffic,public,13388878801,https://www.openstreetmap.org/node/13388878801
alpr-osm-13388914701,ALPR camera,Hennepin County,MN,27053,45.0401596,-93.3485711,probabilistic,,,Flock Safety,fixed,308,traffic,public,13388914701,https://www.openstreetmap.org/node/13388914701
alpr-osm-13388946101,ALPR camera,Hennepin County,MN,27053,45.0513594,-93.3261414,probabilistic,,,Flock Safety,fixed,72,traffic,public,13388946101,https://www.openstreetmap.org/node/13388946101
alpr-osm-13388948001,ALPR camera,Hennepin County,MN,27053,45.0512618,-93.32635,probabilistic,,,Flock Safety,fixed,158,traffic,public,13388948001,https://www.openstreetmap.org/node/13388948001
alpr-osm-13388992801,ALPR camera,Anoka County,MN,27003,45.035629,-93.261319,probabilistic,,,Flock Safety,fixed,106,traffic,public,13388992801,https://www.openstreetmap.org/node/13388992801
alpr-osm-13389002403,ALPR camera,Anoka County,MN,27003,45.0389736,-93.2431321,probabilistic,,,Flock Safety,fixed,32,traffic,public,13389002403,https://www.openstreetmap.org/node/13389002403
alpr-osm-13389040601,ALPR camera,Anoka County,MN,27003,45.046297,-93.247533,probabilistic,,,Flock Safety,fixed,158,traffic,public,13389040601,https://www.openstreetmap.org/node/13389040601
alpr-osm-13389045601,ALPR camera,Anoka County,MN,27003,45.0599242,-93.2473448,probabilistic,,,Flock Safety,fixed,343,traffic,public,13389045601,https://www.openstreetmap.org/node/13389045601
alpr-osm-13389049701,ALPR camera,Anoka County,MN,27003,45.035629,-93.261319,probabilistic,,,Flock Safety,fixed,238,traffic,public,13389049701,https://www.openstreetmap.org/node/13389049701
alpr-osm-13389050101,ALPR camera,Anoka County,MN,27003,45.0357152,-93.2298657,probabilistic,,,Flock Safety,fixed,233,traffic,public,13389050101,https://www.openstreetmap.org/node/13389050101
alpr-osm-13389065101,ALPR camera,Anoka County,MN,27003,45.0645369,-93.2484829,probabilistic,,,Flock Safety,fixed,246,traffic,public,13389065101,https://www.openstreetmap.org/node/13389065101
alpr-osm-13389076101,ALPR camera,Anoka County,MN,27003,45.0745863,-93.242666,probabilistic,,,Flock Safety,fixed,214,traffic,public,13389076101,https://www.openstreetmap.org/node/13389076101
alpr-osm-13389078901,ALPR camera,Anoka County,MN,27003,45.069621,-93.2278388,probabilistic,,,Flock Safety,fixed,312,traffic,public,13389078901,https://www.openstreetmap.org/node/13389078901
alpr-osm-13389093801,ALPR camera,Anoka County,MN,27003,45.0770981,-93.2627056,probabilistic,,,Flock Safety,fixed,3,traffic,public,13389093801,https://www.openstreetmap.org/node/13389093801
alpr-osm-13389094101,ALPR camera,Anoka County,MN,27003,45.0770981,-93.2627056,probabilistic,,,Flock Safety,fixed,180,traffic,public,13389094101,https://www.openstreetmap.org/node/13389094101
alpr-osm-13389094102,ALPR camera,Anoka County,MN,27003,45.0809583,-93.2631684,probabilistic,,,Flock Safety,fixed,64,traffic,public,13389094102,https://www.openstreetmap.org/node/13389094102
alpr-osm-13389108501,ALPR camera,Anoka County,MN,27003,45.086431,-93.2661618,probabilistic,,,Flock Safety,fixed,183,traffic,public,13389108501,https://www.openstreetmap.org/node/13389108501
alpr-osm-13389112101,ALPR camera,Anoka County,MN,27003,45.0862613,-93.2760873,probabilistic,,,Flock Safety,fixed,112,traffic,public,13389112101,https://www.openstreetmap.org/node/13389112101
alpr-osm-13389134801,ALPR camera,Anoka County,MN,27003,45.071733,-93.2646273,probabilistic,,,Flock Safety,fixed,112,traffic,public,13389134801,https://www.openstreetmap.org/node/13389134801
alpr-osm-13389135001,ALPR camera,Anoka County,MN,27003,45.0714825,-93.2646008,probabilistic,,,Flock Safety,fixed,70,traffic,public,13389135001,https://www.openstreetmap.org/node/13389135001
alpr-osm-13389140201,ALPR camera,Anoka County,MN,27003,45.071501,-93.2679647,probabilistic,,,Flock Safety,fixed,64,traffic,public,13389140201,https://www.openstreetmap.org/node/13389140201
alpr-osm-13389154555,ALPR camera,Steele County,MN,27147,44.1096394,-93.2417342,probabilistic,,,Flock Safety,fixed,45,traffic,webcam,13389154555,https://www.openstreetmap.org/node/13389154555
alpr-osm-13389175001,ALPR camera,Anoka County,MN,27003,45.0701651,-93.2684392,probabilistic,,,Flock Safety,fixed,232,traffic,public,13389175001,https://www.openstreetmap.org/node/13389175001
alpr-osm-13389175101,ALPR camera,Anoka County,MN,27003,45.0701651,-93.2684392,probabilistic,,,Flock Safety,fixed,201,traffic,public,13389175101,https://www.openstreetmap.org/node/13389175101
alpr-osm-13389183501,ALPR camera,Anoka County,MN,27003,45.0716795,-93.2684588,probabilistic,,,Flock Safety,fixed,239,traffic,public,13389183501,https://www.openstreetmap.org/node/13389183501
alpr-osm-13389213701,ALPR camera,Anoka County,MN,27003,45.1188614,-93.2667703,probabilistic,,,Flock Safety,fixed,331,traffic,public,13389213701,https://www.openstreetmap.org/node/13389213701
alpr-osm-13389216001,ALPR camera,Anoka County,MN,27003,45.1247244,-93.2696707,probabilistic,,,Flock Safety,fixed,340,traffic,public,13389216001,https://www.openstreetmap.org/node/13389216001
alpr-osm-13389241401,ALPR camera,Anoka County,MN,27003,45.1199186,-93.2849916,probabilistic,,,Flock Safety,fixed,140,traffic,public,13389241401,https://www.openstreetmap.org/node/13389241401
alpr-osm-13389250201,ALPR camera,Anoka County,MN,27003,45.1332538,-93.2675191,probabilistic,,,Flock Safety,fixed,118,traffic,public,13389250201,https://www.openstreetmap.org/node/13389250201
alpr-osm-13389273602,ALPR camera,Anoka County,MN,27003,45.1824222,-93.2659032,probabilistic,,,Flock Safety,fixed,67,traffic,public,13389273602,https://www.openstreetmap.org/node/13389273602
alpr-osm-13389311001,ALPR camera,Anoka County,MN,27003,45.2197656,-93.3204642,probabilistic,,,Flock Safety,fixed,254,traffic,public,13389311001,https://www.openstreetmap.org/node/13389311001
alpr-osm-13389345101,ALPR camera,Anoka County,MN,27003,45.16585,-93.1572438,probabilistic,,,Flock Safety,fixed,53,traffic,public,13389345101,https://www.openstreetmap.org/node/13389345101
alpr-osm-13389353901,ALPR camera,Anoka County,MN,27003,45.1565002,-93.1630728,probabilistic,,,Flock Safety,fixed,70,traffic,public,13389353901,https://www.openstreetmap.org/node/13389353901
alpr-osm-13390948401,ALPR camera,Hennepin County,MN,27053,44.9742913,-93.2667803,probabilistic,,,Flock Safety,fixed,0;288;66;135;214,traffic,public,13390948401,https://www.openstreetmap.org/node/13390948401
alpr-osm-13391236401,ALPR camera,Ramsey County,MN,27123,45.0128921,-93.1763468,probabilistic,,,Flock Safety,fixed,99,traffic,public,13391236401,https://www.openstreetmap.org/node/13391236401
alpr-osm-13391236701,ALPR camera,Ramsey County,MN,27123,45.0143104,-93.1753219,probabilistic,,,Flock Safety,fixed,163,traffic,public,13391236701,https://www.openstreetmap.org/node/13391236701
alpr-osm-13391240601,ALPR camera,Ramsey County,MN,27123,45.0139701,-93.1688436,probabilistic,,,Flock Safety,fixed,245,traffic,public,13391240601,https://www.openstreetmap.org/node/13391240601
alpr-osm-13391252501,ALPR camera,Ramsey County,MN,27123,45.0110833,-93.1841754,probabilistic,,,Flock Safety,fixed,0,traffic,public,13391252501,https://www.openstreetmap.org/node/13391252501
alpr-osm-13391330201,ALPR camera,Stearns County,MN,27145,45.5963996,-94.193047,probabilistic,,,Flock Safety,fixed,137,traffic,public,13391330201,https://www.openstreetmap.org/node/13391330201
alpr-osm-13391330902,ALPR camera,Benton County,MN,27009,45.617137,-94.1837678,probabilistic,,,Flock Safety,fixed,69,traffic,public,13391330902,https://www.openstreetmap.org/node/13391330902
alpr-osm-13391331101,ALPR camera,Stearns County,MN,27145,45.5969993,-94.1931006,probabilistic,,,Flock Safety,fixed,314,traffic,public,13391331101,https://www.openstreetmap.org/node/13391331101
alpr-osm-13391410601,ALPR camera,Anoka County,MN,27003,45.1240584,-93.2486214,probabilistic,,,Flock Safety,fixed,160,traffic,public,13391410601,https://www.openstreetmap.org/node/13391410601
alpr-osm-13391426003,ALPR camera,Washington County,MN,27163,45.0368784,-92.8206319,probabilistic,,,Flock Safety,fixed,331,traffic,public,13391426003,https://www.openstreetmap.org/node/13391426003
alpr-osm-13391483201,ALPR camera,Hennepin County,MN,27053,44.9361645,-93.3837852,probabilistic,,,Flock Safety,fixed,0,traffic,public,13391483201,https://www.openstreetmap.org/node/13391483201
alpr-osm-13391486701,ALPR camera,Hennepin County,MN,27053,44.9696501,-93.3708625,probabilistic,,,Flock Safety,fixed,152,traffic,public,13391486701,https://www.openstreetmap.org/node/13391486701
alpr-osm-13391490601,ALPR camera,Hennepin County,MN,27053,44.9706237,-93.3690935,probabilistic,,,Flock Safety,fixed,39,traffic,public,13391490601,https://www.openstreetmap.org/node/13391490601
alpr-osm-13391496701,ALPR camera,Hennepin County,MN,27053,44.9697404,-93.3509778,probabilistic,,,Flock Safety,fixed,126,traffic,public,13391496701,https://www.openstreetmap.org/node/13391496701
alpr-osm-13391509401,ALPR camera,Hennepin County,MN,27053,44.9637808,-93.3492989,probabilistic,,,Flock Safety,fixed,12,traffic,public,13391509401,https://www.openstreetmap.org/node/13391509401
alpr-osm-13391511401,ALPR camera,Hennepin County,MN,27053,44.9654558,-93.3498729,probabilistic,,,Flock Safety,fixed,278,traffic,public,13391511401,https://www.openstreetmap.org/node/13391511401
alpr-osm-13391512701,ALPR camera,Dakota County,MN,27037,44.7372409,-92.8895253,probabilistic,,,Flock Safety,fixed,96,traffic,public,13391512701,https://www.openstreetmap.org/node/13391512701
alpr-osm-13391512901,ALPR camera,Dakota County,MN,27037,44.7372984,-92.8875247,probabilistic,,,Flock Safety,fixed,242,traffic,public,13391512901,https://www.openstreetmap.org/node/13391512901
alpr-osm-13391514201,ALPR camera,Hennepin County,MN,27053,44.9676584,-93.3497725,probabilistic,,,Flock Safety,fixed,300,traffic,public,13391514201,https://www.openstreetmap.org/node/13391514201
alpr-osm-13391539601,ALPR camera,Hennepin County,MN,27053,44.9931674,-93.6468852,probabilistic,,,Flock Safety,fixed,251,traffic,public,13391539601,https://www.openstreetmap.org/node/13391539601
alpr-osm-13391550502,ALPR camera,Hennepin County,MN,27053,44.9787339,-93.7654819,probabilistic,,,Flock Safety,fixed,24,traffic,public,13391550502,https://www.openstreetmap.org/node/13391550502
alpr-osm-13392146701,ALPR camera,Hennepin County,MN,27053,45.1898364,-93.5527114,probabilistic,,,Flock Safety,fixed,166,traffic,public,13392146701,https://www.openstreetmap.org/node/13392146701
alpr-osm-13392253573,ALPR camera,Becker County,MN,27005,46.7968527,-95.8791316,probabilistic,,,Flock Safety,fixed,250,,,13392253573,https://www.openstreetmap.org/node/13392253573
alpr-osm-13393039601,ALPR camera,Sherburne County,MN,27141,45.3029273,-93.5654819,probabilistic,,,Flock Safety,fixed,283,traffic,public,13393039601,https://www.openstreetmap.org/node/13393039601
alpr-osm-13393045001,ALPR camera,Sherburne County,MN,27141,45.3061481,-93.5669196,probabilistic,,,Flock Safety,fixed,346,traffic,public,13393045001,https://www.openstreetmap.org/node/13393045001
alpr-osm-13393050601,ALPR camera — Elk River PD,Sherburne County,MN,27141,45.3114431,-93.5772525,probabilistic,,Elk River PD,Flock Safety,fixed,53,traffic,public,13393050601,https://www.openstreetmap.org/node/13393050601
alpr-osm-13393052601,ALPR camera — Elk River PD,Sherburne County,MN,27141,45.3084748,-93.5773307,probabilistic,,Elk River PD,Flock Safety,fixed,342,traffic,public,13393052601,https://www.openstreetmap.org/node/13393052601
alpr-osm-13393088201,ALPR camera,Sherburne County,MN,27141,45.3369454,-93.6008258,probabilistic,,,Flock Safety,fixed,70,traffic,public,13393088201,https://www.openstreetmap.org/node/13393088201
alpr-osm-13393106901,ALPR camera,Becker County,MN,27005,46.8232537,-95.8554984,probabilistic,,,Flock Safety,fixed,357-42,traffic,public,13393106901,https://www.openstreetmap.org/node/13393106901
alpr-osm-13393109802,ALPR camera,Sherburne County,MN,27141,45.3119072,-93.5595452,probabilistic,,,Flock Safety,fixed,249,traffic,public,13393109802,https://www.openstreetmap.org/node/13393109802
alpr-osm-13393109902,ALPR camera,Becker County,MN,27005,46.9204777,-95.2577751,probabilistic,,,Flock Safety,fixed,231-276,traffic,public,13393109902,https://www.openstreetmap.org/node/13393109902
alpr-osm-13393134501,ALPR camera,Anoka County,MN,27003,45.298987,-93.5004406,probabilistic,,,Flock Safety,fixed,158,traffic,public,13393134501,https://www.openstreetmap.org/node/13393134501
alpr-osm-13395290137,ALPR camera,Anoka County,MN,27003,45.1250123,-93.2611932,probabilistic,,,Flock Safety,fixed,55,,,13395290137,https://www.openstreetmap.org/node/13395290137
alpr-osm-13395817614,ALPR camera — Plainview Police Department,Wabasha County,MN,27157,44.1649563,-92.186815,probabilistic,,Plainview Police Department,Flock Safety,fixed,65,traffic,outdoor,13395817614,https://www.openstreetmap.org/node/13395817614
alpr-osm-13395976601,ALPR camera,Ramsey County,MN,27123,44.9276877,-92.984304,probabilistic,,,Flock Safety,fixed,101;201,traffic,public,13395976601,https://www.openstreetmap.org/node/13395976601
alpr-osm-13396066901,ALPR camera,Crow Wing County,MN,27035,46.4680067,-93.915536,probabilistic,,,Flock Safety,fixed,239-284,traffic,public,13396066901,https://www.openstreetmap.org/node/13396066901
alpr-osm-13396370597,ALPR camera — The Home Depot,Dakota County,MN,27037,44.8396645,-93.1566525,probabilistic,,The Home Depot,Flock Safety,fixed,85,,,13396370597,https://www.openstreetmap.org/node/13396370597
alpr-osm-13396370598,ALPR camera,Dakota County,MN,27037,44.8393666,-93.1566844,probabilistic,,,Flock Safety,fixed,120,traffic,public,13396370598,https://www.openstreetmap.org/node/13396370598
alpr-osm-13396370599,ALPR camera,Dakota County,MN,27037,44.8392744,-93.1566788,probabilistic,,,Flock Safety,fixed,39,traffic,public,13396370599,https://www.openstreetmap.org/node/13396370599
alpr-osm-13396656902,ALPR camera,Washington County,MN,27163,44.8550775,-92.9807014,probabilistic,,,Flock Safety,fixed,87,traffic,public,13396656902,https://www.openstreetmap.org/node/13396656902
alpr-osm-13396670401,ALPR camera,Washington County,MN,27163,44.8550797,-92.9807573,probabilistic,,,Flock Safety,fixed,81,traffic,public,13396670401,https://www.openstreetmap.org/node/13396670401
alpr-osm-13396672201,ALPR camera,Washington County,MN,27163,44.9251719,-92.9724623,probabilistic,,,Flock Safety,fixed,136,traffic,public,13396672201,https://www.openstreetmap.org/node/13396672201
alpr-osm-13396684101,ALPR camera,Washington County,MN,27163,44.8069021,-92.9131855,probabilistic,,,Flock Safety,fixed,271,traffic,public,13396684101,https://www.openstreetmap.org/node/13396684101
alpr-osm-13398055901,ALPR camera,Hennepin County,MN,27053,45.1997539,-93.5535709,probabilistic,,,Flock Safety,fixed,229,traffic,public,13398055901,https://www.openstreetmap.org/node/13398055901
alpr-osm-13398783237,ALPR camera,Becker County,MN,27005,46.8159086,-95.8406646,probabilistic,,,Flock Safety,fixed,250,traffic,public,13398783237,https://www.openstreetmap.org/node/13398783237
alpr-osm-13398812483,ALPR camera,Becker County,MN,27005,46.8296453,-95.8847105,probabilistic,,,Flock Safety,fixed,,traffic,public,13398812483,https://www.openstreetmap.org/node/13398812483
alpr-osm-13398879686,ALPR camera,Becker County,MN,27005,46.8275164,-95.8742088,probabilistic,,,Flock Safety,fixed,,traffic,public,13398879686,https://www.openstreetmap.org/node/13398879686
alpr-osm-13401836032,ALPR camera — Plainview Police Department,Wabasha County,MN,27157,44.157869,-92.1816657,probabilistic,,Plainview Police Department,Flock Safety,fixed,65,traffic,outdoor,13401836032,https://www.openstreetmap.org/node/13401836032
alpr-osm-13403648549,ALPR camera — Minnetonka High School,Hennepin County,MN,27053,44.9103707,-93.513162,probabilistic,,Minnetonka High School,Flock Safety,fixed,210,,camera,13403648549,https://www.openstreetmap.org/node/13403648549
alpr-osm-13403697515,ALPR camera — Minnetonka High School,Hennepin County,MN,27053,44.9011348,-93.5106372,probabilistic,,Minnetonka High School,Flock Safety,fixed,0,,,13403697515,https://www.openstreetmap.org/node/13403697515
alpr-osm-13403715532,ALPR camera — Minnetonka High School,Hennepin County,MN,27053,44.9109303,-93.509241,probabilistic,,Minnetonka High School,Flock Safety,fixed,180,parking,camera,13403715532,https://www.openstreetmap.org/node/13403715532
alpr-osm-13406404901,ALPR camera,Steele County,MN,27147,44.1390302,-93.2514106,probabilistic,,,Flock Safety,fixed,240,traffic,public,13406404901,https://www.openstreetmap.org/node/13406404901
alpr-osm-13409456903,ALPR camera,Dakota County,MN,27037,44.744963,-93.2880107,probabilistic,,,Flock Safety,fixed,318,traffic,public,13409456903,https://www.openstreetmap.org/node/13409456903
alpr-osm-13409496501,ALPR camera,Douglas County,MN,27041,45.8456398,-95.3867853,probabilistic,,,Flock Safety,fixed,97,traffic,public,13409496501,https://www.openstreetmap.org/node/13409496501
alpr-osm-13410845901,ALPR camera,Ramsey County,MN,27123,45.0211848,-93.1630516,probabilistic,,,Flock Safety,fixed,343,traffic,public,13410845901,https://www.openstreetmap.org/node/13410845901
alpr-osm-13410851901,ALPR camera,Ramsey County,MN,27123,45.0176586,-93.1823237,probabilistic,,,Flock Safety,fixed,139,traffic,public,13410851901,https://www.openstreetmap.org/node/13410851901
alpr-osm-13410869601,ALPR camera,Ramsey County,MN,27123,45.0358694,-93.2027913,probabilistic,,,Flock Safety,fixed,0,traffic,public,13410869601,https://www.openstreetmap.org/node/13410869601
alpr-osm-13410870701,ALPR camera,Ramsey County,MN,27123,45.0359205,-93.2014279,probabilistic,,,Flock Safety,fixed,0,traffic,public,13410870701,https://www.openstreetmap.org/node/13410870701
alpr-osm-13410874301,ALPR camera,Ramsey County,MN,27123,45.0371631,-93.1986269,probabilistic,,,Flock Safety,fixed,317,traffic,public,13410874301,https://www.openstreetmap.org/node/13410874301
alpr-osm-13410874501,ALPR camera,Ramsey County,MN,27123,45.038469,-93.1982496,probabilistic,,,Flock Safety,fixed,248,traffic,public,13410874501,https://www.openstreetmap.org/node/13410874501
alpr-osm-13410925101,ALPR camera,Anoka County,MN,27003,45.107998,-93.2483487,probabilistic,,,Flock Safety,fixed,0,traffic,public,13410925101,https://www.openstreetmap.org/node/13410925101
alpr-osm-13410973501,ALPR camera,Anoka County,MN,27003,45.2505247,-93.0314319,probabilistic,,,Flock Safety,fixed,256,traffic,public,13410973501,https://www.openstreetmap.org/node/13410973501
alpr-osm-13410978501,ALPR camera,Anoka County,MN,27003,45.2505695,-93.0206169,probabilistic,,,Flock Safety,fixed,59,traffic,public,13410978501,https://www.openstreetmap.org/node/13410978501
alpr-osm-13410984001,ALPR camera,Washington County,MN,27163,45.2604595,-92.9774489,probabilistic,,,Flock Safety,fixed,57,traffic,public,13410984001,https://www.openstreetmap.org/node/13410984001
alpr-osm-13411004801,ALPR camera,Washington County,MN,27163,45.278793,-93.006755,probabilistic,,,Flock Safety,fixed,172,traffic,public,13411004801,https://www.openstreetmap.org/node/13411004801
alpr-osm-13411031601,ALPR camera,Chisago County,MN,27025,45.3328422,-92.9526689,probabilistic,,,Flock Safety,fixed,241,traffic,public,13411031601,https://www.openstreetmap.org/node/13411031601
alpr-osm-13411279901,ALPR camera,Hennepin County,MN,27053,44.8512813,-93.4245842,probabilistic,,,Flock Safety,fixed,3,traffic,public,13411279901,https://www.openstreetmap.org/node/13411279901
alpr-osm-13411351401,ALPR camera,Hennepin County,MN,27053,44.8516262,-93.4286289,probabilistic,,,Flock Safety,fixed,60,traffic,public,13411351401,https://www.openstreetmap.org/node/13411351401
alpr-osm-13411353201,ALPR camera,Hennepin County,MN,27053,44.8546591,-93.4290778,probabilistic,,,Flock Safety,fixed,151,traffic,public,13411353201,https://www.openstreetmap.org/node/13411353201
alpr-osm-13411359101,ALPR camera,Hennepin County,MN,27053,44.8597649,-93.4249631,probabilistic,,,Motorola Solutions,fixed,71,traffic,public,13411359101,https://www.openstreetmap.org/node/13411359101
alpr-osm-13411419303,ALPR camera,Hennepin County,MN,27053,44.8565206,-93.4267007,probabilistic,,,Motorola Solutions,fixed,168,traffic,public,13411419303,https://www.openstreetmap.org/node/13411419303
alpr-osm-13411503801,ALPR camera,Hennepin County,MN,27053,44.8577038,-93.4231411,probabilistic,,,Motorola Solutions,fixed,195,traffic,public,13411503801,https://www.openstreetmap.org/node/13411503801
alpr-osm-13411504401,ALPR camera,Hennepin County,MN,27053,44.8562426,-93.4207834,probabilistic,,,Motorola Solutions,fixed,289,traffic,public,13411504401,https://www.openstreetmap.org/node/13411504401
alpr-osm-13414827601,ALPR camera,Washington County,MN,27163,44.9642309,-92.9618102,probabilistic,,,Flock Safety,fixed,91,traffic,public,13414827601,https://www.openstreetmap.org/node/13414827601
alpr-osm-13418219801,ALPR camera,Washington County,MN,27163,44.9142719,-92.9772733,probabilistic,,,Flock Safety,fixed,122,traffic,public,13418219801,https://www.openstreetmap.org/node/13418219801
alpr-osm-13418229801,ALPR camera,Washington County,MN,27163,44.9335175,-92.954531,probabilistic,,,Flock Safety,fixed,162,traffic,public,13418229801,https://www.openstreetmap.org/node/13418229801
alpr-osm-13418238301,ALPR camera,Washington County,MN,27163,44.9426539,-92.9385616,probabilistic,,,Flock Safety,fixed,327,traffic,public,13418238301,https://www.openstreetmap.org/node/13418238301
alpr-osm-13418238601,ALPR camera,Washington County,MN,27163,44.9432117,-92.9399379,probabilistic,,,Flock Safety,fixed,0,traffic,public,13418238601,https://www.openstreetmap.org/node/13418238601
alpr-osm-13418240901,ALPR camera,Washington County,MN,27163,44.9434652,-92.9384721,probabilistic,,,Flock Safety,fixed,36,traffic,public,13418240901,https://www.openstreetmap.org/node/13418240901
alpr-osm-13418241801,ALPR camera,Washington County,MN,27163,44.944712,-92.9376163,probabilistic,,,Flock Safety,fixed,208,traffic,public,13418241801,https://www.openstreetmap.org/node/13418241801
alpr-osm-13419310501,ALPR camera,Washington County,MN,27163,44.833372,-92.9585476,probabilistic,,,Flock Safety,fixed,178,traffic,public,13419310501,https://www.openstreetmap.org/node/13419310501
alpr-osm-13419313002,ALPR camera,Washington County,MN,27163,44.8331682,-92.9624851,probabilistic,,,Flock Safety,fixed,65,traffic,public,13419313002,https://www.openstreetmap.org/node/13419313002
alpr-osm-13423358301,ALPR camera,Yellow Medicine County,MN,27173,44.7632046,-95.527971,probabilistic,,,Flock Safety,fixed,297,traffic,public,13423358301,https://www.openstreetmap.org/node/13423358301
alpr-osm-13424264801,ALPR camera,Hennepin County,MN,27053,45.1500961,-93.4862964,probabilistic,,,Flock Safety,fixed,297,traffic,public,13424264801,https://www.openstreetmap.org/node/13424264801
alpr-osm-13426817801,ALPR camera,Chisago County,MN,27025,45.6424108,-93.1306811,probabilistic,,,Flock Safety,fixed,9,traffic,public,13426817801,https://www.openstreetmap.org/node/13426817801
alpr-osm-13426824102,ALPR camera,Chisago County,MN,27025,45.5907312,-93.1360727,probabilistic,,,Flock Safety,fixed,72,traffic,public,13426824102,https://www.openstreetmap.org/node/13426824102
alpr-osm-13426858402,ALPR camera,Chisago County,MN,27025,45.6734917,-92.9603018,probabilistic,,,Flock Safety,fixed,347,traffic,public,13426858402,https://www.openstreetmap.org/node/13426858402
alpr-osm-13426866801,ALPR camera,Chisago County,MN,27025,45.5844404,-92.9166863,probabilistic,,,Flock Safety,fixed,275,traffic,public,13426866801,https://www.openstreetmap.org/node/13426866801
alpr-osm-13426866901,ALPR camera,Chisago County,MN,27025,45.6768489,-92.9821124,probabilistic,,,Flock Safety,fixed,20,traffic,public,13426866901,https://www.openstreetmap.org/node/13426866901
alpr-osm-13426867001,ALPR camera,Chisago County,MN,27025,45.6743585,-92.9760995,probabilistic,,,Flock Safety,fixed,326,traffic,public,13426867001,https://www.openstreetmap.org/node/13426867001
alpr-osm-13426884201,ALPR camera,Chisago County,MN,27025,45.7022163,-92.9604354,probabilistic,,,Flock Safety,fixed,160,traffic,public,13426884201,https://www.openstreetmap.org/node/13426884201
alpr-osm-13426889001,ALPR camera,Chisago County,MN,27025,45.7297278,-92.9603178,probabilistic,,,Flock Safety,fixed,345,traffic,public,13426889001,https://www.openstreetmap.org/node/13426889001
alpr-osm-13427037601,ALPR camera,Chisago County,MN,27025,45.4475426,-92.8843412,probabilistic,,,Flock Safety,fixed,308,traffic,public,13427037601,https://www.openstreetmap.org/node/13427037601
alpr-osm-13427038301,ALPR camera,Chisago County,MN,27025,45.4483825,-92.8857178,probabilistic,,,Flock Safety,fixed,115,traffic,public,13427038301,https://www.openstreetmap.org/node/13427038301
alpr-osm-13427074501,ALPR camera,Chisago County,MN,27025,45.3402719,-92.7313897,probabilistic,,,Flock Safety,fixed,295,traffic,public,13427074501,https://www.openstreetmap.org/node/13427074501
alpr-osm-13427187901,ALPR camera,Ramsey County,MN,27123,45.1206432,-93.0599022,probabilistic,,,Flock Safety,fixed,224,traffic,public,13427187901,https://www.openstreetmap.org/node/13427187901
alpr-osm-13427188501,ALPR camera,Ramsey County,MN,27123,45.1194382,-93.0587339,probabilistic,,,Flock Safety,fixed,207,traffic,public,13427188501,https://www.openstreetmap.org/node/13427188501
alpr-osm-13427194001,ALPR camera,Ramsey County,MN,27123,45.1046981,-93.0566938,probabilistic,,,Flock Safety,fixed,249,traffic,public,13427194001,https://www.openstreetmap.org/node/13427194001
alpr-osm-13427196301,ALPR camera,Ramsey County,MN,27123,45.1013549,-93.0574198,probabilistic,,,Flock Safety,fixed,308,traffic,public,13427196301,https://www.openstreetmap.org/node/13427196301
alpr-osm-13427206101,ALPR camera,Ramsey County,MN,27123,45.0794916,-93.0775357,probabilistic,,,Flock Safety,fixed,352,traffic,public,13427206101,https://www.openstreetmap.org/node/13427206101
alpr-osm-13427208261,ALPR camera,Ramsey County,MN,27123,45.0967738,-93.1270582,probabilistic,,,Flock Safety,fixed,118,traffic,public,13427208261,https://www.openstreetmap.org/node/13427208261
alpr-osm-13427208884,ALPR camera,Ramsey County,MN,27123,45.0949103,-93.1267385,probabilistic,,,Flock Safety,fixed,125,traffic,public,13427208884,https://www.openstreetmap.org/node/13427208884
alpr-osm-13427212401,ALPR camera,Ramsey County,MN,27123,45.0949103,-93.1267385,probabilistic,,,Flock Safety,fixed,297,traffic,public,13427212401,https://www.openstreetmap.org/node/13427212401
alpr-osm-13427213201,ALPR camera,Ramsey County,MN,27123,45.0967738,-93.1270582,probabilistic,,,Flock Safety,fixed,323,traffic,public,13427213201,https://www.openstreetmap.org/node/13427213201
alpr-osm-13427509102,ALPR camera,Hennepin County,MN,27053,45.0295331,-93.2879653,probabilistic,,,Axis Communications,fixed,185;0;92;271;0,traffic,public,13427509102,https://www.openstreetmap.org/node/13427509102
alpr-osm-13427509501,ALPR camera,Scott County,MN,27139,44.7742622,-93.4117793,probabilistic,,,Flock Safety,fixed,161,traffic,public,13427509501,https://www.openstreetmap.org/node/13427509501
alpr-osm-13428548201,ALPR camera,Pine County,MN,27115,46.3344064,-92.8384015,probabilistic,,,Flock Safety,fixed,0,traffic,public,13428548201,https://www.openstreetmap.org/node/13428548201
alpr-osm-13429057401,ALPR camera,Chippewa County,MN,27023,44.9492573,-95.6972162,probabilistic,,,Flock Safety,fixed,183,traffic,public,13429057401,https://www.openstreetmap.org/node/13429057401
alpr-osm-13429167968,ALPR camera,Steele County,MN,27147,44.0968343,-93.255159,probabilistic,,,Flock Safety,fixed,20,parking,public,13429167968,https://www.openstreetmap.org/node/13429167968
alpr-osm-13429170576,ALPR camera,Steele County,MN,27147,44.096601,-93.2542207,probabilistic,,,Flock Safety,fixed,40,parking,public,13429170576,https://www.openstreetmap.org/node/13429170576
alpr-osm-13429171710,ALPR camera,Steele County,MN,27147,44.0842717,-93.2445435,probabilistic,,,Flock Safety,fixed,90,traffic,public,13429171710,https://www.openstreetmap.org/node/13429171710
alpr-osm-13429183452,ALPR camera,Steele County,MN,27147,44.0974636,-93.2533368,probabilistic,,,Flock Safety,fixed,310,parking,public,13429183452,https://www.openstreetmap.org/node/13429183452
alpr-osm-13429192309,ALPR camera,Steele County,MN,27147,44.0661065,-93.1951472,probabilistic,,,Flock Safety,fixed,330,traffic,public,13429192309,https://www.openstreetmap.org/node/13429192309
alpr-osm-13429780201,ALPR camera,Hennepin County,MN,27053,44.9656321,-93.3507216,probabilistic,,,Flock Safety,fixed,0,traffic,public,13429780201,https://www.openstreetmap.org/node/13429780201
alpr-osm-13430688701,ALPR camera,Anoka County,MN,27003,45.1331733,-93.2675118,probabilistic,,,Flock Safety,fixed,0,traffic,public,13430688701,https://www.openstreetmap.org/node/13430688701
alpr-osm-13431006802,ALPR camera — The Home Depot,Anoka County,MN,27003,45.1957511,-93.3543432,probabilistic,,The Home Depot,Flock Safety,fixed,251-296,traffic,public,13431006802,https://www.openstreetmap.org/node/13431006802
alpr-osm-13431010701,ALPR camera — The Home Depot,Anoka County,MN,27003,45.1950183,-93.3549366,probabilistic,,The Home Depot,Flock Safety,fixed,264-309,traffic,public,13431010701,https://www.openstreetmap.org/node/13431010701
alpr-osm-13431011301,ALPR camera — The Home Depot,Anoka County,MN,27003,45.1964105,-93.3561891,probabilistic,,The Home Depot,Flock Safety,fixed,71-116,traffic,public,13431011301,https://www.openstreetmap.org/node/13431011301
alpr-osm-13431012701,ALPR camera — The Home Depot,Anoka County,MN,27003,45.1959951,-93.3563682,probabilistic,,The Home Depot,Flock Safety,fixed,149-194,traffic,public,13431012701,https://www.openstreetmap.org/node/13431012701
alpr-osm-13431096301,ALPR camera,Dakota County,MN,27037,44.7310154,-93.2001297,probabilistic,,,Flock Safety,fixed,58,traffic,public,13431096301,https://www.openstreetmap.org/node/13431096301
alpr-osm-13431097001,ALPR camera,Dakota County,MN,27037,44.7302036,-93.2008604,probabilistic,,,Flock Safety,fixed,134,traffic,public,13431097001,https://www.openstreetmap.org/node/13431097001
alpr-osm-13431399617,ALPR camera,Beltrami County,MN,27007,47.4978198,-94.896123,probabilistic,,,Flock Safety,fixed,130,traffic,public,13431399617,https://www.openstreetmap.org/node/13431399617
alpr-osm-13431414996,ALPR camera — Paul Bunyan Drug Task Force,Beltrami County,MN,27007,47.471726,-94.8976373,probabilistic,,Paul Bunyan Drug Task Force,Flock Safety,fixed,35,traffic,public,13431414996,https://www.openstreetmap.org/node/13431414996
alpr-osm-13431422681,ALPR camera — Paul Bunyan Drug Task Force,Beltrami County,MN,27007,47.4841046,-94.8855549,probabilistic,,Paul Bunyan Drug Task Force,,fixed,160,traffic,public,13431422681,https://www.openstreetmap.org/node/13431422681
alpr-osm-13431429968,ALPR camera — Paul Bunyan Drug Task Force,Beltrami County,MN,27007,47.4607479,-94.8501729,probabilistic,,Paul Bunyan Drug Task Force,Flock Safety,fixed,60,traffic,public,13431429968,https://www.openstreetmap.org/node/13431429968
alpr-osm-13431439668,ALPR camera — Paul Bunyan Drug Task Force,Beltrami County,MN,27007,47.483008,-94.8898528,probabilistic,,Paul Bunyan Drug Task Force,Flock Safety,fixed,70,traffic,public,13431439668,https://www.openstreetmap.org/node/13431439668
alpr-osm-13431443044,ALPR camera — Paul Bunyan Drug Task Force,Beltrami County,MN,27007,47.4534477,-94.8423284,probabilistic,,Paul Bunyan Drug Task Force,Flock Safety,fixed,295,traffic,public,13431443044,https://www.openstreetmap.org/node/13431443044
alpr-osm-13431450931,ALPR camera — Paul Bunyan Drug Task Force,Beltrami County,MN,27007,47.4916286,-94.8882217,probabilistic,,Paul Bunyan Drug Task Force,,fixed,345,traffic,public,13431450931,https://www.openstreetmap.org/node/13431450931
alpr-osm-13432495510,ALPR camera,Hennepin County,MN,27053,44.8916271,-93.4181822,probabilistic,,,Flock Safety,fixed,132,traffic,public,13432495510,https://www.openstreetmap.org/node/13432495510
alpr-osm-13432530601,ALPR camera,Hennepin County,MN,27053,44.9650533,-93.3513273,probabilistic,,,Flock Safety,fixed,275,traffic,public,13432530601,https://www.openstreetmap.org/node/13432530601
alpr-osm-13432532101,ALPR camera,Hennepin County,MN,27053,44.9662287,-93.3515692,probabilistic,,,Flock Safety,fixed,240,traffic,public,13432532101,https://www.openstreetmap.org/node/13432532101
alpr-osm-13432542601,ALPR camera,Hennepin County,MN,27053,45.0217988,-93.3724594,probabilistic,,,Flock Safety,fixed,60,traffic,public,13432542601,https://www.openstreetmap.org/node/13432542601
alpr-osm-13434523001,ALPR camera,Washington County,MN,27163,44.9631075,-92.9634443,probabilistic,,,Flock Safety,fixed,75,traffic,public,13434523001,https://www.openstreetmap.org/node/13434523001
alpr-osm-13434560801,ALPR camera,Ramsey County,MN,27123,45.0500729,-93.0626099,probabilistic,,,Flock Safety,fixed,146,traffic,public,13434560801,https://www.openstreetmap.org/node/13434560801
alpr-osm-13436975302,ALPR camera,Dakota County,MN,27037,44.9123969,-93.0651481,probabilistic,,,Flock Safety,fixed,219-264,traffic,public,13436975302,https://www.openstreetmap.org/node/13436975302
alpr-osm-13438070801,ALPR camera,Ramsey County,MN,27123,44.9366417,-93.1087284,probabilistic,,,Flock Safety,fixed,316,traffic,public,13438070801,https://www.openstreetmap.org/node/13438070801
alpr-osm-13438083101,ALPR camera,Ramsey County,MN,27123,44.9563452,-93.0737465,probabilistic,,,Flock Safety,fixed,51,traffic,public,13438083101,https://www.openstreetmap.org/node/13438083101
alpr-osm-13438131302,ALPR camera,Anoka County,MN,27003,45.1533081,-93.1638212,probabilistic,,,Flock Safety,fixed,232,traffic,public,13438131302,https://www.openstreetmap.org/node/13438131302
alpr-osm-13438632302,ALPR camera,Anoka County,MN,27003,45.25056,-93.0206247,probabilistic,,,Flock Safety,fixed,57,traffic,public,13438632302,https://www.openstreetmap.org/node/13438632302
alpr-osm-13439950701,ALPR camera,Hennepin County,MN,27053,45.0048449,-93.2351801,probabilistic,,,Flock Safety,fixed,112,traffic,public,13439950701,https://www.openstreetmap.org/node/13439950701
alpr-osm-13440759701,ALPR camera,Dakota County,MN,27037,44.8917966,-93.0808962,probabilistic,,,Flock Safety,fixed,249,traffic,public,13440759701,https://www.openstreetmap.org/node/13440759701
alpr-osm-13440760201,ALPR camera,Dakota County,MN,27037,44.8909862,-93.0817357,probabilistic,,,Flock Safety,fixed,333,traffic,public,13440760201,https://www.openstreetmap.org/node/13440760201
alpr-osm-13440766202,ALPR camera,Dakota County,MN,27037,44.882722,-93.0776026,probabilistic,,,Flock Safety,fixed,64,traffic,public,13440766202,https://www.openstreetmap.org/node/13440766202
alpr-osm-13440769301,ALPR camera,Dakota County,MN,27037,44.8901895,-93.070539,probabilistic,,,Flock Safety,fixed,158,traffic,public,13440769301,https://www.openstreetmap.org/node/13440769301
alpr-osm-13440770201,ALPR camera,Dakota County,MN,27037,44.8828592,-93.0775872,probabilistic,,,Flock Safety,fixed,210,traffic,public,13440770201,https://www.openstreetmap.org/node/13440770201
alpr-osm-13440770901,ALPR camera,Dakota County,MN,27037,44.882397,-93.0775505,probabilistic,,,Flock Safety,fixed,226,traffic,public,13440770901,https://www.openstreetmap.org/node/13440770901
alpr-osm-13440771301,ALPR camera,Dakota County,MN,27037,44.8822233,-93.0774555,probabilistic,,,Flock Safety,fixed,316,traffic,public,13440771301,https://www.openstreetmap.org/node/13440771301
alpr-osm-13441758201,ALPR camera,Anoka County,MN,27003,45.2022316,-93.3784665,probabilistic,,,Flock Safety,fixed,132-177,traffic,public,13441758201,https://www.openstreetmap.org/node/13441758201
alpr-osm-13443726001,ALPR camera,Douglas County,MN,27041,45.8601021,-95.4232088,probabilistic,,,Flock Safety,fixed,48-93,traffic,public,13443726001,https://www.openstreetmap.org/node/13443726001
alpr-osm-13444010901,ALPR camera,Hennepin County,MN,27053,45.0038643,-93.2336211,probabilistic,,,Flock Safety,fixed,268,traffic,public,13444010901,https://www.openstreetmap.org/node/13444010901
alpr-osm-13446793402,ALPR camera,Douglas County,MN,27041,45.8928293,-95.4028657,probabilistic,,,Flock Safety,fixed,55-100,traffic,public,13446793402,https://www.openstreetmap.org/node/13446793402
alpr-osm-13446797401,ALPR camera,Douglas County,MN,27041,45.8962947,-95.3666874,probabilistic,,,Flock Safety,fixed,131-176,traffic,public,13446797401,https://www.openstreetmap.org/node/13446797401
alpr-osm-13446816301,ALPR camera,Anoka County,MN,27003,45.1402434,-93.1843624,probabilistic,,,Flock Safety,fixed,147,traffic,public,13446816301,https://www.openstreetmap.org/node/13446816301
alpr-osm-13447113301,ALPR camera,Steele County,MN,27147,44.0981016,-93.2531442,probabilistic,,,Flock Safety,fixed,304,traffic,public,13447113301,https://www.openstreetmap.org/node/13447113301
alpr-osm-13448700401,ALPR camera,Wright County,MN,27171,45.2945216,-93.7765901,probabilistic,,,Flock Safety,fixed,336;56,traffic,public,13448700401,https://www.openstreetmap.org/node/13448700401
alpr-osm-13448709401,ALPR camera,Wright County,MN,27171,45.2950527,-93.7760538,probabilistic,,,Flock Safety,fixed,325,traffic,public,13448709401,https://www.openstreetmap.org/node/13448709401
alpr-osm-13451532027,ALPR camera,Steele County,MN,27147,44.107964,-93.2267412,probabilistic,,,Flock Safety,fixed,161,traffic,public,13451532027,https://www.openstreetmap.org/node/13451532027
alpr-osm-13451609794,ALPR camera,Hennepin County,MN,27053,45.0282707,-93.4485756,probabilistic,,,Flock Safety,,340,traffic,public,13451609794,https://www.openstreetmap.org/node/13451609794
alpr-osm-13454334901,ALPR camera,Hennepin County,MN,27053,45.1627863,-93.5061111,probabilistic,,,Flock Safety,fixed,271-316,traffic,public,13454334901,https://www.openstreetmap.org/node/13454334901
alpr-osm-13454369301,ALPR camera,Hennepin County,MN,27053,45.2441161,-93.5205664,probabilistic,,,Flock Safety,fixed,54-99,traffic,public,13454369301,https://www.openstreetmap.org/node/13454369301
alpr-osm-13460987167,ALPR camera,Pine County,MN,27115,45.8198113,-92.9660021,probabilistic,,,Flock Safety,fixed,,,,13460987167,https://www.openstreetmap.org/node/13460987167
alpr-osm-13461439401,ALPR camera,Crow Wing County,MN,27035,46.1676887,-94.3602067,probabilistic,,,Flock Safety,fixed,327,traffic,public,13461439401,https://www.openstreetmap.org/node/13461439401
alpr-osm-13462395801,ALPR camera,Hennepin County,MN,27053,44.9676708,-93.3489192,probabilistic,,,Flock Safety,fixed,70,traffic,public,13462395801,https://www.openstreetmap.org/node/13462395801
alpr-osm-13464451801,ALPR camera,Crow Wing County,MN,27035,46.2927513,-94.2732438,probabilistic,,,Flock Safety,fixed,197,traffic,public,13464451801,https://www.openstreetmap.org/node/13464451801
alpr-osm-13464718601,ALPR camera,Scott County,MN,27139,44.7458166,-93.4632708,probabilistic,,,Flock Safety,fixed,104,traffic,public,13464718601,https://www.openstreetmap.org/node/13464718601
alpr-osm-13464718602,ALPR camera,Scott County,MN,27139,44.7433666,-93.4671349,probabilistic,,,Flock Safety,fixed,75,traffic,public,13464718602,https://www.openstreetmap.org/node/13464718602
alpr-osm-13464732801,ALPR camera,Scott County,MN,27139,44.725424,-93.450868,probabilistic,,,Flock Safety,fixed,38,traffic,public,13464732801,https://www.openstreetmap.org/node/13464732801
alpr-osm-13464734401,ALPR camera,Scott County,MN,27139,44.7278194,-93.4513057,probabilistic,,,Flock Safety,fixed,47,traffic,public,13464734401,https://www.openstreetmap.org/node/13464734401
alpr-osm-13466489101,ALPR camera,Hennepin County,MN,27053,44.8502213,-93.4374395,probabilistic,,,Flock Safety,fixed,0,traffic,public,13466489101,https://www.openstreetmap.org/node/13466489101
alpr-osm-13475095351,ALPR camera,Washington County,MN,27163,45.2638444,-93.011765,probabilistic,,,Flock Safety,fixed,190,,,13475095351,https://www.openstreetmap.org/node/13475095351
alpr-osm-13475281301,ALPR camera,Mille Lacs County,MN,27095,46.0721737,-93.6589301,probabilistic,,,Flock Safety,fixed,178,traffic,public,13475281301,https://www.openstreetmap.org/node/13475281301
alpr-osm-13480328501,ALPR camera,Washington County,MN,27163,44.8714649,-92.9999024,probabilistic,,,Flock Safety,fixed,180-180,traffic,public,13480328501,https://www.openstreetmap.org/node/13480328501
alpr-osm-13480329702,ALPR camera,Washington County,MN,27163,44.8324964,-92.9654817,probabilistic,,,Flock Safety,fixed,180-180,traffic,public,13480329702,https://www.openstreetmap.org/node/13480329702
alpr-osm-13481904001,ALPR camera,Carver County,MN,27019,44.8308751,-93.6012733,probabilistic,,,Flock Safety,fixed,338,traffic,public,13481904001,https://www.openstreetmap.org/node/13481904001
alpr-osm-13481904501,ALPR camera,Carver County,MN,27019,44.8305309,-93.60056,probabilistic,,,Flock Safety,fixed,137,traffic,public,13481904501,https://www.openstreetmap.org/node/13481904501
alpr-osm-13481905901,ALPR camera,Carver County,MN,27019,44.8310167,-93.5987801,probabilistic,,,Flock Safety,fixed,258,traffic,public,13481905901,https://www.openstreetmap.org/node/13481905901
alpr-osm-13481924102,ALPR camera,Hennepin County,MN,27053,44.866798,-93.4447005,probabilistic,,,Flock Safety,fixed,341,traffic,public,13481924102,https://www.openstreetmap.org/node/13481924102
alpr-osm-13481925201,ALPR camera,Hennepin County,MN,27053,44.8669307,-93.4433521,probabilistic,,,Flock Safety,fixed,340,traffic,public,13481925201,https://www.openstreetmap.org/node/13481925201
alpr-osm-13481926801,ALPR camera,Hennepin County,MN,27053,44.8672002,-93.4416383,probabilistic,,,Flock Safety,fixed,359,traffic,public,13481926801,https://www.openstreetmap.org/node/13481926801
alpr-osm-13481955701,ALPR camera,Scott County,MN,27139,44.7740767,-93.4129652,probabilistic,,,Flock Safety,fixed,149,traffic,public,13481955701,https://www.openstreetmap.org/node/13481955701
alpr-osm-13481958701,ALPR camera,Scott County,MN,27139,44.7727017,-93.4105932,probabilistic,,,Flock Safety,fixed,235,traffic,public,13481958701,https://www.openstreetmap.org/node/13481958701
alpr-osm-13483009820,ALPR camera,Ramsey County,MN,27123,45.0066979,-93.1668297,probabilistic,,,Flock Safety,,0,,,13483009820,https://www.openstreetmap.org/node/13483009820
alpr-osm-13485382401,ALPR camera,Hennepin County,MN,27053,44.9628046,-93.2523047,probabilistic,,,Flock Safety,fixed,215,traffic,public,13485382401,https://www.openstreetmap.org/node/13485382401
alpr-osm-13485384101,ALPR camera,Hennepin County,MN,27053,44.9626622,-93.2522649,probabilistic,,,Flock Safety,fixed,272,traffic,public,13485384101,https://www.openstreetmap.org/node/13485384101
alpr-osm-13485384102,ALPR camera,Hennepin County,MN,27053,44.9626615,-93.2610247,probabilistic,,,Flock Safety,fixed,238,traffic,public,13485384102,https://www.openstreetmap.org/node/13485384102
alpr-osm-13485384301,ALPR camera,Hennepin County,MN,27053,44.9627757,-93.2582751,probabilistic,,,Flock Safety,fixed,101,traffic,public,13485384301,https://www.openstreetmap.org/node/13485384301
alpr-osm-13485390901,ALPR camera,Hennepin County,MN,27053,44.9591688,-93.2626608,probabilistic,,,Flock Safety,fixed,137,traffic,public,13485390901,https://www.openstreetmap.org/node/13485390901
alpr-osm-13485392701,ALPR camera,Hennepin County,MN,27053,44.9520161,-93.2625544,probabilistic,,,Flock Safety,fixed,130,traffic,public,13485392701,https://www.openstreetmap.org/node/13485392701
alpr-osm-13485394101,ALPR camera,Hennepin County,MN,27053,44.9484338,-93.2627834,probabilistic,,,Flock Safety,fixed,90,traffic,public,13485394101,https://www.openstreetmap.org/node/13485394101
alpr-osm-13485395401,ALPR camera,Hennepin County,MN,27053,44.9447959,-93.2625294,probabilistic,,,Flock Safety,fixed,306,traffic,public,13485395401,https://www.openstreetmap.org/node/13485395401
alpr-osm-13485396902,ALPR camera,Hennepin County,MN,27053,44.9555984,-93.2472828,probabilistic,,,Flock Safety,fixed,228,traffic,public,13485396902,https://www.openstreetmap.org/node/13485396902
alpr-osm-13485398101,ALPR camera,Hennepin County,MN,27053,44.9564219,-93.2472532,probabilistic,,,Flock Safety,fixed,311,traffic,public,13485398101,https://www.openstreetmap.org/node/13485398101
alpr-osm-13485406101,ALPR camera,Hennepin County,MN,27053,44.9626702,-93.2486998,probabilistic,,,Flock Safety,fixed,168,traffic,public,13485406101,https://www.openstreetmap.org/node/13485406101
alpr-osm-13485406501,ALPR camera,Hennepin County,MN,27053,44.9628044,-93.2553364,probabilistic,,,Flock Safety,fixed,231,traffic,public,13485406501,https://www.openstreetmap.org/node/13485406501
alpr-osm-13485407101,ALPR camera,Hennepin County,MN,27053,44.962647,-93.2595587,probabilistic,,,Flock Safety,fixed,307,traffic,public,13485407101,https://www.openstreetmap.org/node/13485407101
alpr-osm-13485407201,ALPR camera,Hennepin County,MN,27053,44.9626339,-93.2650116,probabilistic,,,Flock Safety,fixed,310,traffic,public,13485407201,https://www.openstreetmap.org/node/13485407201
alpr-osm-13485407301,ALPR camera,Hennepin County,MN,27053,44.9626447,-93.2726797,probabilistic,,,Flock Safety,fixed,49,traffic,public,13485407301,https://www.openstreetmap.org/node/13485407301
alpr-osm-13485408301,ALPR camera,Hennepin County,MN,27053,44.9625962,-93.2778818,probabilistic,,,Flock Safety,fixed,149,traffic,public,13485408301,https://www.openstreetmap.org/node/13485408301
alpr-osm-13485410101,ALPR camera,Hennepin County,MN,27053,44.9518695,-93.279576,probabilistic,,,Flock Safety,fixed,54,traffic,public,13485410101,https://www.openstreetmap.org/node/13485410101
alpr-osm-13496102987,ALPR camera,Washington County,MN,27163,45.0533719,-92.8180658,probabilistic,,,Flock Safety,fixed,260,,,13496102987,https://www.openstreetmap.org/node/13496102987
alpr-osm-13502707301,ALPR camera,Ramsey County,MN,27123,44.9637956,-93.0040837,probabilistic,,,Flock Safety,fixed,192,traffic,public,13502707301,https://www.openstreetmap.org/node/13502707301
alpr-osm-13505565501,ALPR camera,Washington County,MN,27163,45.0371635,-92.9811776,probabilistic,,,Flock Safety,fixed,224-269,traffic,public,13505565501,https://www.openstreetmap.org/node/13505565501
alpr-osm-13505566601,ALPR camera,Washington County,MN,27163,45.0370471,-92.9812144,probabilistic,,,Flock Safety,fixed,47-92,traffic,public,13505566601,https://www.openstreetmap.org/node/13505566601
alpr-osm-13507829601,ALPR camera,Hennepin County,MN,27053,45.1989762,-93.4249772,probabilistic,,,Flock Safety,fixed,223-268,traffic,public,13507829601,https://www.openstreetmap.org/node/13507829601
alpr-osm-13508172442,ALPR camera,Ramsey County,MN,27123,45.1081471,-93.1916901,probabilistic,,,Flock Safety,fixed,245,,,13508172442,https://www.openstreetmap.org/node/13508172442
alpr-osm-13510399201,ALPR camera — The Home Depot,Hennepin County,MN,27053,45.004782,-93.2332734,probabilistic,,The Home Depot,Flock Safety,fixed,228,traffic,public,13510399201,https://www.openstreetmap.org/node/13510399201
alpr-osm-13511182001,ALPR camera,Washington County,MN,27163,44.9365036,-92.9643768,probabilistic,,,Flock Safety,fixed,0,traffic,public,13511182001,https://www.openstreetmap.org/node/13511182001
alpr-osm-13512145801,ALPR camera,Hennepin County,MN,27053,45.1989762,-93.4249772,probabilistic,,,Flock Safety,fixed,223-268,traffic,public,13512145801,https://www.openstreetmap.org/node/13512145801
alpr-osm-13513440501,ALPR camera,Hennepin County,MN,27053,44.9600073,-93.2955314,probabilistic,,,Flock Safety,fixed,45,parking,public,13513440501,https://www.openstreetmap.org/node/13513440501
alpr-osm-13517030601,ALPR camera — The Home Depot,Hennepin County,MN,27053,45.135204,-93.4809871,probabilistic,,The Home Depot,Flock Safety,fixed,54,traffic,public,13517030601,https://www.openstreetmap.org/node/13517030601
alpr-osm-13522223603,ALPR camera,Dakota County,MN,27037,44.7306091,-93.1987078,probabilistic,,,Flock Safety,fixed,294,traffic,public,13522223603,https://www.openstreetmap.org/node/13522223603
alpr-osm-13525129858,ALPR camera,Pine County,MN,27115,46.0109983,-92.9087457,probabilistic,,,Flock Safety,fixed,70,,,13525129858,https://www.openstreetmap.org/node/13525129858
alpr-osm-13525204103,ALPR camera,Hennepin County,MN,27053,45.1307477,-93.6284343,probabilistic,,,Flock Safety,fixed,45,,,13525204103,https://www.openstreetmap.org/node/13525204103
alpr-osm-13527123801,ALPR camera,Hennepin County,MN,27053,44.8567855,-93.2425235,probabilistic,,,Flock Safety,fixed,304,traffic,public,13527123801,https://www.openstreetmap.org/node/13527123801
alpr-osm-13527681822,ALPR camera,Hennepin County,MN,27053,44.8655219,-93.3273283,probabilistic,,,Flock Safety,fixed,20,,,13527681822,https://www.openstreetmap.org/node/13527681822
alpr-osm-13527681823,ALPR camera,Hennepin County,MN,27053,44.8669046,-93.3285682,probabilistic,,,Flock Safety,fixed,90,,,13527681823,https://www.openstreetmap.org/node/13527681823
alpr-osm-13532690401,ALPR camera,Chisago County,MN,27025,45.3150003,-92.9381588,probabilistic,,,Flock Safety,fixed,201,traffic,public,13532690401,https://www.openstreetmap.org/node/13532690401
alpr-osm-13532690701,ALPR camera,Chisago County,MN,27025,45.3147257,-92.9383675,probabilistic,,,Flock Safety,fixed,26,traffic,public,13532690701,https://www.openstreetmap.org/node/13532690701
alpr-osm-13535484401,ALPR camera,Hennepin County,MN,27053,45.117035,-93.4022997,probabilistic,,,Flock Safety,fixed,165,traffic,public,13535484401,https://www.openstreetmap.org/node/13535484401
alpr-osm-13535509004,ALPR camera,Hennepin County,MN,27053,45.1163152,-93.402141,probabilistic,,,Flock Safety,fixed,347,traffic,public,13535509004,https://www.openstreetmap.org/node/13535509004
alpr-osm-13535509601,ALPR camera,Hennepin County,MN,27053,45.1225858,-93.4020009,probabilistic,,,Flock Safety,fixed,350,traffic,public,13535509601,https://www.openstreetmap.org/node/13535509601
alpr-osm-13535509701,ALPR camera,Hennepin County,MN,27053,45.122966,-93.4021736,probabilistic,,,Flock Safety,fixed,162,traffic,public,13535509701,https://www.openstreetmap.org/node/13535509701
alpr-osm-13535735101,ALPR camera,Hennepin County,MN,27053,44.8679782,-93.4368301,probabilistic,,,Flock Safety,fixed,156,traffic,public,13535735101,https://www.openstreetmap.org/node/13535735101
alpr-osm-13537240301,ALPR camera,Anoka County,MN,27003,45.1884373,-93.0411904,probabilistic,,,Flock Safety,fixed,264,traffic,public,13537240301,https://www.openstreetmap.org/node/13537240301
alpr-osm-13540694793,ALPR camera — Paul Bunyan Drug Task Force,Beltrami County,MN,27007,47.4978198,-94.8961279,probabilistic,,Paul Bunyan Drug Task Force,Flock Safety,fixed,230,traffic,public,13540694793,https://www.openstreetmap.org/node/13540694793
alpr-osm-13543373601,ALPR camera,Washington County,MN,27163,45.2690521,-93.0111851,probabilistic,,,Flock Safety,fixed,0,traffic,public,13543373601,https://www.openstreetmap.org/node/13543373601
alpr-osm-13544820413,ALPR camera,Hennepin County,MN,27053,44.8597717,-93.2843019,probabilistic,,,Flock Safety,fixed,53,traffic,public,13544820413,https://www.openstreetmap.org/node/13544820413
alpr-osm-13546632901,ALPR camera,Sherburne County,MN,27141,45.5372793,-93.5841023,probabilistic,,,Flock Safety,fixed,178,traffic,public,13546632901,https://www.openstreetmap.org/node/13546632901
alpr-osm-13551085301,ALPR camera,Hennepin County,MN,27053,45.0043936,-93.308499,probabilistic,,,Flock Safety,fixed,164,traffic,public,13551085301,https://www.openstreetmap.org/node/13551085301
alpr-osm-13556635501,ALPR camera,Winona County,MN,27169,44.044377,-91.7006394,probabilistic,,,Flock Safety,fixed,202,traffic,public,13556635501,https://www.openstreetmap.org/node/13556635501
alpr-osm-13556635901,ALPR camera,Winona County,MN,27169,44.0448416,-91.6997666,probabilistic,,,Flock Safety,fixed,30,traffic,public,13556635901,https://www.openstreetmap.org/node/13556635901
alpr-osm-13556704801,ALPR camera — Lake City Police Department,Wabasha County,MN,27157,44.4238535,-92.2408334,probabilistic,,Lake City Police Department,Flock Safety,fixed,279,traffic,public,13556704801,https://www.openstreetmap.org/node/13556704801
alpr-osm-13556713101,ALPR camera — Lake City Police Department,Wabasha County,MN,27157,44.4340521,-92.2853194,probabilistic,,Lake City Police Department,Flock Safety,fixed,25,traffic,public,13556713101,https://www.openstreetmap.org/node/13556713101
alpr-osm-13563477501,ALPR camera,Hennepin County,MN,27053,44.9656382,-93.4415281,probabilistic,,,Flock Safety,fixed,88,traffic,public,13563477501,https://www.openstreetmap.org/node/13563477501
alpr-osm-13563477701,ALPR camera,Hennepin County,MN,27053,44.9682067,-93.4331032,probabilistic,,,Flock Safety,fixed,23,traffic,public,13563477701,https://www.openstreetmap.org/node/13563477701
alpr-osm-13563479401,ALPR camera,Chisago County,MN,27025,45.3897016,-92.8267979,probabilistic,,,Flock Safety,fixed,250,traffic,public,13563479401,https://www.openstreetmap.org/node/13563479401
alpr-osm-13563480401,ALPR camera,Chisago County,MN,27025,45.3908129,-92.8314131,probabilistic,,,Flock Safety,fixed,71,traffic,public,13563480401,https://www.openstreetmap.org/node/13563480401
alpr-osm-13564647001,ALPR camera,Ramsey County,MN,27123,44.9992085,-93.0442996,probabilistic,,,Flock Safety,fixed,77,traffic,public,13564647001,https://www.openstreetmap.org/node/13564647001
alpr-osm-13565630001,ALPR camera,Hennepin County,MN,27053,44.9137978,-93.5048852,probabilistic,,,Flock Safety,fixed,340,traffic,public,13565630001,https://www.openstreetmap.org/node/13565630001
alpr-osm-13568182301,ALPR camera,Dakota County,MN,27037,44.9195577,-93.0879695,probabilistic,,,Flock Safety,fixed,182,traffic,public,13568182301,https://www.openstreetmap.org/node/13568182301
alpr-osm-13569892301,ALPR camera,Washington County,MN,27163,45.2687029,-92.9986867,probabilistic,,,Flock Safety,fixed,317-27,traffic,public,13569892301,https://www.openstreetmap.org/node/13569892301
alpr-osm-13571050301,ALPR camera — The Home Depot,Hennepin County,MN,27053,45.1360373,-93.4797943,probabilistic,,The Home Depot,Flock Safety,fixed,39,traffic,public,13571050301,https://www.openstreetmap.org/node/13571050301
alpr-osm-13572730065,ALPR camera,Stearns County,MN,27145,45.6087392,-94.2428779,probabilistic,,,Flock Safety,fixed,215,traffic,,13572730065,https://www.openstreetmap.org/node/13572730065
alpr-osm-13572730067,ALPR camera,Stearns County,MN,27145,45.5873495,-94.221589,probabilistic,,,Flock Safety,fixed,155,,,13572730067,https://www.openstreetmap.org/node/13572730067
alpr-osm-13574275201,ALPR camera,Washington County,MN,27163,44.9421227,-92.9383514,probabilistic,,,Flock Safety,fixed,0,traffic,public,13574275201,https://www.openstreetmap.org/node/13574275201
alpr-osm-13574280201,ALPR camera,Hennepin County,MN,27053,44.9658983,-93.3530426,probabilistic,,,Flock Safety,fixed,144,traffic,public,13574280201,https://www.openstreetmap.org/node/13574280201
alpr-osm-13574354801,ALPR camera,Anoka County,MN,27003,45.2363539,-93.4679087,probabilistic,,,Flock Safety,fixed,73,traffic,public,13574354801,https://www.openstreetmap.org/node/13574354801
alpr-osm-13574354802,ALPR camera,Anoka County,MN,27003,45.2353645,-93.4667019,probabilistic,,,Flock Safety,fixed,0;89;180;273,traffic,public,13574354802,https://www.openstreetmap.org/node/13574354802
alpr-osm-13579093927,ALPR camera,Washington County,MN,27163,45.0885272,-92.9440923,probabilistic,,,Flock Safety,fixed,90,traffic,public,13579093927,https://www.openstreetmap.org/node/13579093927
alpr-osm-13582990695,ALPR camera,Washington County,MN,27163,45.0547664,-92.8177723,probabilistic,,,Flock Safety,fixed,75,traffic,public,13582990695,https://www.openstreetmap.org/node/13582990695
alpr-osm-13583892801,ALPR camera,Pine County,MN,27115,46.1253072,-92.8943995,probabilistic,,,Flock Safety,fixed,256,traffic,public,13583892801,https://www.openstreetmap.org/node/13583892801
alpr-osm-13585729801,ALPR camera,Hennepin County,MN,27053,45.2104968,-93.5542385,probabilistic,,,Flock Safety,fixed,244,traffic,public,13585729801,https://www.openstreetmap.org/node/13585729801
alpr-osm-13588040201,ALPR camera,Sherburne County,MN,27141,45.2994029,-93.5398896,probabilistic,,,Flock Safety,fixed,180,traffic,public,13588040201,https://www.openstreetmap.org/node/13588040201
alpr-osm-13601117702,ALPR camera,Ramsey County,MN,27123,44.9040788,-93.1733037,probabilistic,,,Flock Safety,fixed,158,traffic,public,13601117702,https://www.openstreetmap.org/node/13601117702
alpr-osm-13601118001,ALPR camera,Ramsey County,MN,27123,44.903525,-93.1722678,probabilistic,,,Flock Safety,fixed,282,traffic,public,13601118001,https://www.openstreetmap.org/node/13601118001
alpr-osm-13603623501,ALPR camera,Hennepin County,MN,27053,44.8632481,-93.442038,probabilistic,,,Flock Safety,fixed,80,traffic,public,13603623501,https://www.openstreetmap.org/node/13603623501
alpr-osm-13603624501,ALPR camera,Hennepin County,MN,27053,44.8614908,-93.4409754,probabilistic,,,Flock Safety,fixed,52,traffic,public,13603624501,https://www.openstreetmap.org/node/13603624501
alpr-osm-13606155801,ALPR camera,Anoka County,MN,27003,45.2075918,-93.3574597,probabilistic,,,Flock Safety,fixed,349,traffic,public,13606155801,https://www.openstreetmap.org/node/13606155801
alpr-osm-13609820601,ALPR camera,Dakota County,MN,27037,44.838596,-93.1544826,probabilistic,,,Flock Safety,fixed,0,traffic,public,13609820601,https://www.openstreetmap.org/node/13609820601
alpr-osm-13610631683,ALPR camera,Hennepin County,MN,27053,45.043822,-93.319102,probabilistic,,,Flock Safety,dome,,area,public,13610631683,https://www.openstreetmap.org/node/13610631683
alpr-osm-13616130901,ALPR camera,Washington County,MN,27163,44.8489215,-92.9854692,probabilistic,,,Flock Safety,fixed,103,traffic,public,13616130901,https://www.openstreetmap.org/node/13616130901
alpr-osm-13621369402,ALPR camera,Aitkin County,MN,27001,46.9874492,-93.5945853,probabilistic,,,Flock Safety,fixed,231,traffic,public,13621369402,https://www.openstreetmap.org/node/13621369402
alpr-osm-13621454901,ALPR camera,Aitkin County,MN,27001,47.0253291,-93.3130684,probabilistic,,,Flock Safety,fixed,277,traffic,public,13621454901,https://www.openstreetmap.org/node/13621454901
alpr-osm-13621529301,ALPR camera,Itasca County,MN,27061,47.2359599,-93.5464794,probabilistic,,,Flock Safety,fixed,74,traffic,public,13621529301,https://www.openstreetmap.org/node/13621529301
alpr-osm-13621533201,ALPR camera,Itasca County,MN,27061,47.2360443,-93.5495745,probabilistic,,,Flock Safety,fixed,243,traffic,public,13621533201,https://www.openstreetmap.org/node/13621533201
alpr-osm-13621613401,ALPR camera,Itasca County,MN,27061,47.2470385,-93.5328865,probabilistic,,,Flock Safety,fixed,351,traffic,public,13621613401,https://www.openstreetmap.org/node/13621613401
alpr-osm-13621620901,ALPR camera — The Home Depot,Itasca County,MN,27061,47.2805682,-93.5338623,probabilistic,,The Home Depot,Flock Safety,fixed,343,traffic,public,13621620901,https://www.openstreetmap.org/node/13621620901
alpr-osm-13621663801,ALPR camera,Itasca County,MN,27061,47.2038378,-93.5293713,probabilistic,,,Flock Safety,fixed,0,traffic,public,13621663801,https://www.openstreetmap.org/node/13621663801
alpr-osm-13621675301,ALPR camera,Itasca County,MN,27061,47.1636518,-93.5531163,probabilistic,,,Flock Safety,fixed,12,traffic,public,13621675301,https://www.openstreetmap.org/node/13621675301
alpr-osm-13623426909,ALPR camera,Washington County,MN,27163,44.7965289,-92.8927494,probabilistic,,,Flock Safety,fixed,334,traffic,public,13623426909,https://www.openstreetmap.org/node/13623426909
alpr-osm-13623427122,ALPR camera,Washington County,MN,27163,44.8883743,-92.9942331,probabilistic,,,Motorola Solutions,fixed,82,traffic,public,13623427122,https://www.openstreetmap.org/node/13623427122
alpr-osm-13623430301,ALPR camera,Washington County,MN,27163,44.8046277,-92.9132979,probabilistic,,,Flock Safety,fixed,187,traffic,public,13623430301,https://www.openstreetmap.org/node/13623430301
alpr-osm-13623431301,ALPR camera,Washington County,MN,27163,44.8095722,-92.908868,probabilistic,,,Flock Safety,fixed,24,traffic,public,13623431301,https://www.openstreetmap.org/node/13623431301
alpr-osm-13623435501,ALPR camera,Washington County,MN,27163,44.83377,-92.9580879,probabilistic,,,Flock Safety,fixed,329,traffic,public,13623435501,https://www.openstreetmap.org/node/13623435501
alpr-osm-13623436501,ALPR camera,Washington County,MN,27163,44.8481132,-92.8657311,probabilistic,,,Flock Safety,fixed,249,traffic,public,13623436501,https://www.openstreetmap.org/node/13623436501
alpr-osm-13623440701,ALPR camera,Washington County,MN,27163,44.8366417,-92.9728168,probabilistic,,,Flock Safety,fixed,112,traffic,public,13623440701,https://www.openstreetmap.org/node/13623440701
alpr-osm-13623441501,ALPR camera,Washington County,MN,27163,44.79649,-92.8664338,probabilistic,,,Flock Safety,fixed,311,traffic,public,13623441501,https://www.openstreetmap.org/node/13623441501
alpr-osm-13623617601,ALPR camera,Washington County,MN,27163,44.861838,-92.9494235,probabilistic,,,Flock Safety,fixed,149,traffic,public,13623617601,https://www.openstreetmap.org/node/13623617601
alpr-osm-13623718701,ALPR camera,Dakota County,MN,27037,44.9186501,-93.0808682,probabilistic,,,Flock Safety,fixed,163,traffic,public,13623718701,https://www.openstreetmap.org/node/13623718701
alpr-osm-13624548961,ALPR camera,Anoka County,MN,27003,45.1454403,-93.2666317,probabilistic,,,Flock Safety,fixed,350,traffic,,13624548961,https://www.openstreetmap.org/node/13624548961
alpr-osm-13625514601,ALPR camera,Anoka County,MN,27003,45.1862985,-93.3742397,probabilistic,,,Flock Safety,fixed,224-269,traffic,public,13625514601,https://www.openstreetmap.org/node/13625514601
alpr-osm-13625516201,ALPR camera,Anoka County,MN,27003,45.1862985,-93.3742397,probabilistic,,,Flock Safety,fixed,218-263,traffic,public,13625516201,https://www.openstreetmap.org/node/13625516201
alpr-osm-13625677101,ALPR camera,Washington County,MN,27163,44.8009485,-92.971262,probabilistic,,,Flock Safety,fixed,70,traffic,public,13625677101,https://www.openstreetmap.org/node/13625677101
alpr-osm-13626079301,ALPR camera,Hennepin County,MN,27053,45.1855616,-93.3928041,probabilistic,,,Flock Safety,fixed,115-185,traffic,public,13626079301,https://www.openstreetmap.org/node/13626079301
alpr-osm-13627091001,ALPR camera,Washington County,MN,27163,44.8619299,-92.9248674,probabilistic,,,Flock Safety,fixed,108,traffic,public,13627091001,https://www.openstreetmap.org/node/13627091001
alpr-osm-13630660001,ALPR camera,Aitkin County,MN,27001,46.9973183,-93.598649,probabilistic,,,Flock Safety,fixed,132,traffic,public,13630660001,https://www.openstreetmap.org/node/13630660001
alpr-osm-13631074801,ALPR camera,Itasca County,MN,27061,47.2277957,-93.5177593,probabilistic,,,Flock Safety,fixed,348,traffic,public,13631074801,https://www.openstreetmap.org/node/13631074801
alpr-osm-13631538501,ALPR camera,Washington County,MN,27163,44.926631,-92.9725504,probabilistic,,,Flock Safety,fixed,0,traffic,public,13631538501,https://www.openstreetmap.org/node/13631538501
alpr-osm-13632910001,ALPR camera,Wright County,MN,27171,45.1614569,-93.8681856,probabilistic,,,Flock Safety,fixed,22,traffic,public,13632910001,https://www.openstreetmap.org/node/13632910001
alpr-osm-13634052301,ALPR camera,Anoka County,MN,27003,45.1384073,-93.2725897,probabilistic,,,Flock Safety,fixed,23-68,traffic,public,13634052301,https://www.openstreetmap.org/node/13634052301
alpr-osm-13634266401,ALPR camera,Washington County,MN,27163,45.0502347,-92.8009291,probabilistic,,,Flock Safety,fixed,303;162,traffic,public,13634266401,https://www.openstreetmap.org/node/13634266401
alpr-osm-13634475702,ALPR camera,Hennepin County,MN,27053,44.9974558,-93.4541457,probabilistic,,,Flock Safety,fixed,214,traffic,public,13634475702,https://www.openstreetmap.org/node/13634475702
alpr-osm-13634477501,ALPR camera,Hennepin County,MN,27053,44.9974558,-93.4541457,probabilistic,,,Flock Safety,fixed,321,traffic,public,13634477501,https://www.openstreetmap.org/node/13634477501
alpr-osm-13634478401,ALPR camera,Hennepin County,MN,27053,44.9981872,-93.4540444,probabilistic,,,Flock Safety,fixed,246,traffic,public,13634478401,https://www.openstreetmap.org/node/13634478401
alpr-osm-13634479201,ALPR camera,Hennepin County,MN,27053,44.998203,-93.4569146,probabilistic,,,Flock Safety,fixed,124,traffic,public,13634479201,https://www.openstreetmap.org/node/13634479201
alpr-osm-13634771520,ALPR camera,Hennepin County,MN,27053,45.0238498,-93.2879678,probabilistic,,,Flock Safety,,,,public,13634771520,https://www.openstreetmap.org/node/13634771520
alpr-osm-13635062501,ALPR camera,Itasca County,MN,27061,47.1989992,-93.5320537,probabilistic,,,Flock Safety,fixed,194,traffic,public,13635062501,https://www.openstreetmap.org/node/13635062501
alpr-osm-13639267501,ALPR camera,Itasca County,MN,27061,47.3394682,-93.8136867,probabilistic,,,Flock Safety,fixed,55,traffic,public,13639267501,https://www.openstreetmap.org/node/13639267501
alpr-osm-13639490201,ALPR camera,Itasca County,MN,27061,47.2923331,-93.4018189,probabilistic,,,Flock Safety,fixed,243,traffic,public,13639490201,https://www.openstreetmap.org/node/13639490201
alpr-osm-13644538901,ALPR camera,Hennepin County,MN,27053,45.0394648,-93.766687,probabilistic,,,Flock Safety,fixed,302,traffic,public,13644538901,https://www.openstreetmap.org/node/13644538901
alpr-osm-13644540601,ALPR camera,Hennepin County,MN,27053,45.035328,-93.7666091,probabilistic,,,Flock Safety,fixed,321,traffic,public,13644540601,https://www.openstreetmap.org/node/13644540601
alpr-osm-13644540801,ALPR camera,Wright County,MN,27171,45.035729,-93.7670538,probabilistic,,,Flock Safety,fixed,121,traffic,public,13644540801,https://www.openstreetmap.org/node/13644540801
alpr-osm-13653755034,ALPR camera — Minnesota State Patrol,Beltrami County,MN,27007,47.4390187,-94.8755853,probabilistic,,Minnesota State Patrol,Flock Safety,fixed,290,traffic,public,13653755034,https://www.openstreetmap.org/node/13653755034
alpr-osm-13653807186,ALPR camera — Minnesota State Patrol,Beltrami County,MN,27007,47.5347618,-95.0134024,probabilistic,,Minnesota State Patrol,Flock Safety,pole,180;0,traffic,public,13653807186,https://www.openstreetmap.org/node/13653807186
alpr-osm-13656342902,ALPR camera,Sherburne County,MN,27141,45.3095154,-93.7896137,probabilistic,,,Flock Safety,fixed,12,traffic,public,13656342902,https://www.openstreetmap.org/node/13656342902
alpr-osm-13658460901,ALPR camera,Hennepin County,MN,27053,44.8882587,-93.2491828,probabilistic,,,Flock Safety,fixed,54,traffic,public,13658460901,https://www.openstreetmap.org/node/13658460901
alpr-osm-13658465401,ALPR camera,Hennepin County,MN,27053,44.887264,-93.2488191,probabilistic,,,Flock Safety,fixed,22,traffic,public,13658465401,https://www.openstreetmap.org/node/13658465401
alpr-osm-13659026252,ALPR camera,Hennepin County,MN,27053,44.9484418,-93.3463631,probabilistic,,,Flock Safety,fixed,,traffic,public,13659026252,https://www.openstreetmap.org/node/13659026252
alpr-osm-13659262401,ALPR camera,Ramsey County,MN,27123,45.1056101,-93.2094037,probabilistic,,,Flock Safety,fixed,293,traffic,public,13659262401,https://www.openstreetmap.org/node/13659262401
alpr-osm-13667107101,ALPR camera,Hennepin County,MN,27053,44.9224295,-93.4062581,probabilistic,,,Genetec,fixed,353,traffic,public,13667107101,https://www.openstreetmap.org/node/13667107101
alpr-osm-13667324201,ALPR camera,Hennepin County,MN,27053,44.9213825,-93.414089,probabilistic,,,Genetec,fixed,349,traffic,public,13667324201,https://www.openstreetmap.org/node/13667324201
alpr-osm-13667324202,ALPR camera,Hennepin County,MN,27053,44.9204334,-93.4141897,probabilistic,,,Genetec,fixed,182,traffic,public,13667324202,https://www.openstreetmap.org/node/13667324202
alpr-osm-13667801201,ALPR camera,Hennepin County,MN,27053,44.9482653,-93.3317952,probabilistic,,,Flock Safety,fixed,285,traffic,public,13667801201,https://www.openstreetmap.org/node/13667801201
alpr-osm-13676529901,ALPR camera,Dakota County,MN,27037,44.7504824,-93.2803038,probabilistic,,,Flock Safety,fixed,225;143,traffic,public,13676529901,https://www.openstreetmap.org/node/13676529901
alpr-osm-13676530102,ALPR camera,Dakota County,MN,27037,44.7489684,-93.2826816,probabilistic,,,Flock Safety,fixed,111,traffic,public,13676530102,https://www.openstreetmap.org/node/13676530102
alpr-osm-13676530501,ALPR camera,Dakota County,MN,27037,44.7499802,-93.2799828,probabilistic,,,Flock Safety,fixed,359;268;180,traffic,public,13676530501,https://www.openstreetmap.org/node/13676530501
alpr-osm-13679615801,ALPR camera,St. Louis County,MN,27137,47.4755568,-92.5334965,probabilistic,,,Flock Safety,dome,0-360,,public,13679615801,https://www.openstreetmap.org/node/13679615801
alpr-osm-13679684101,ALPR camera,St. Louis County,MN,27137,47.4595502,-92.6002217,probabilistic,,,Flock Safety,fixed,5,traffic,public,13679684101,https://www.openstreetmap.org/node/13679684101
alpr-osm-13682716801,ALPR camera,Ramsey County,MN,27123,45.0137734,-93.0190883,probabilistic,,,Flock Safety,fixed,180,traffic,public,13682716801,https://www.openstreetmap.org/node/13682716801
alpr-osm-13683542601,ALPR camera,Anoka County,MN,27003,45.1977053,-93.3465925,probabilistic,,,Flock Safety,fixed,335,traffic,public,13683542601,https://www.openstreetmap.org/node/13683542601
alpr-osm-13683855577,ALPR camera — Minnesota State Patrol,Beltrami County,MN,27007,47.4389815,-94.8765363,probabilistic,,Minnesota State Patrol,Flock Safety,fixed,110,traffic,public,13683855577,https://www.openstreetmap.org/node/13683855577
alpr-osm-13683855578,ALPR camera — Minnesota State Patrol,Beltrami County,MN,27007,47.5030924,-94.9403092,probabilistic,,Minnesota State Patrol,Flock Safety,fixed,110,traffic,public,13683855578,https://www.openstreetmap.org/node/13683855578
alpr-osm-13683855579,ALPR camera — Minnesota State Patrol / Paul Bunyan Task Force,Beltrami County,MN,27007,47.4909478,-94.8801036,probabilistic,,Minnesota State Patrol / Paul Bunyan Task Force,Flock Safety,fixed,270,traffic,public,13683855579,https://www.openstreetmap.org/node/13683855579
alpr-osm-13686483001,ALPR camera,Washington County,MN,27163,45.2793254,-92.9873555,probabilistic,,,Flock Safety,fixed,253,traffic,public,13686483001,https://www.openstreetmap.org/node/13686483001
alpr-osm-13686750401,ALPR camera,Hennepin County,MN,27053,44.9136754,-93.3786833,probabilistic,,,Flock Safety,fixed,336,traffic,public,13686750401,https://www.openstreetmap.org/node/13686750401
alpr-osm-13687013501,ALPR camera,Ramsey County,MN,27123,44.9559344,-93.103615,probabilistic,,,Flock Safety,fixed,179,traffic,public,13687013501,https://www.openstreetmap.org/node/13687013501
alpr-osm-13687013701,ALPR camera,Ramsey County,MN,27123,44.9559247,-93.1038903,probabilistic,,,Flock Safety,fixed,93,traffic,public,13687013701,https://www.openstreetmap.org/node/13687013701
alpr-osm-13687165801,ALPR camera,Hennepin County,MN,27053,44.8641728,-93.3540651,probabilistic,,,Flock Safety,fixed,148,traffic,public,13687165801,https://www.openstreetmap.org/node/13687165801
alpr-osm-13689598101,ALPR camera,Stearns County,MN,27145,45.6626395,-94.2220969,probabilistic,,,,fixed,220,traffic,public,13689598101,https://www.openstreetmap.org/node/13689598101
alpr-osm-13695366402,ALPR camera,Hennepin County,MN,27053,44.9676915,-93.4421561,probabilistic,,,Flock Safety,fixed,118,traffic,public,13695366402,https://www.openstreetmap.org/node/13695366402
alpr-osm-13695375302,ALPR camera,Hennepin County,MN,27053,44.9675027,-93.4330293,probabilistic,,,Flock Safety,fixed,156,traffic,public,13695375302,https://www.openstreetmap.org/node/13695375302
alpr-osm-13695375312,ALPR camera,Hennepin County,MN,27053,45.1081074,-93.3855403,probabilistic,,,Flock Safety,fixed,329,traffic,public,13695375312,https://www.openstreetmap.org/node/13695375312
alpr-osm-13695379601,ALPR camera,Hennepin County,MN,27053,45.1080926,-93.385949,probabilistic,,,Flock Safety,fixed,324,traffic,public,13695379601,https://www.openstreetmap.org/node/13695379601
alpr-osm-13695380203,ALPR camera,Hennepin County,MN,27053,45.1081781,-93.3866241,probabilistic,,,Flock Safety,fixed,347,traffic,public,13695380203,https://www.openstreetmap.org/node/13695380203
alpr-osm-13695463901,ALPR camera,Hennepin County,MN,27053,45.0547759,-93.3708178,probabilistic,,,Flock Safety,fixed,242,traffic,public,13695463901,https://www.openstreetmap.org/node/13695463901
alpr-osm-13695897206,ALPR camera,Olmsted County,MN,27109,44.0653631,-92.4893474,probabilistic,,,Axon Enterprise,fixed,239,traffic,public,13695897206,https://www.openstreetmap.org/node/13695897206
alpr-osm-13700180401,ALPR camera,Koochiching County,MN,27071,48.599475,-93.4184628,probabilistic,,,Flock Safety,fixed,0,traffic,public,13700180401,https://www.openstreetmap.org/node/13700180401
alpr-osm-13701860901,ALPR camera,Anoka County,MN,27003,45.1974117,-93.3469544,probabilistic,,,Flock Safety,fixed,162,traffic,public,13701860901,https://www.openstreetmap.org/node/13701860901
alpr-osm-13703978783,ALPR camera,Hennepin County,MN,27053,44.8530647,-93.2414045,probabilistic,,,,fixed,,entrance;parking,indoor,13703978783,https://www.openstreetmap.org/node/13703978783
alpr-osm-13705370401,ALPR camera,Redwood County,MN,27127,44.2129874,-95.128818,probabilistic,,,Flock Safety,fixed,359,traffic,public,13705370401,https://www.openstreetmap.org/node/13705370401
alpr-osm-13705505701,ALPR camera,Sherburne County,MN,27141,45.5564002,-94.1275171,probabilistic,,,Flock Safety,fixed,124,traffic,public,13705505701,https://www.openstreetmap.org/node/13705505701
alpr-osm-13706929101,ALPR camera,Washington County,MN,27163,44.8619644,-92.9642264,probabilistic,,,Flock Safety,fixed,156,traffic,public,13706929101,https://www.openstreetmap.org/node/13706929101
alpr-osm-13706930901,ALPR camera,Washington County,MN,27163,44.7493654,-92.8527112,probabilistic,,,Motorola Solutions,fixed,341,traffic,public,13706930901,https://www.openstreetmap.org/node/13706930901
alpr-osm-13706931301,ALPR camera,Washington County,MN,27163,44.850522,-92.9906596,probabilistic,,,Motorola Solutions,fixed,202,traffic,public,13706931301,https://www.openstreetmap.org/node/13706931301
alpr-osm-13706997701,ALPR camera,Le Sueur County,MN,27079,44.2863732,-93.9667625,probabilistic,,,Axis Communications,fixed,307,traffic,public,13706997701,https://www.openstreetmap.org/node/13706997701
alpr-osm-13706999601,ALPR camera,Le Sueur County,MN,27079,44.2912657,-93.9662686,probabilistic,,,Flock Safety,fixed,359,traffic,public,13706999601,https://www.openstreetmap.org/node/13706999601
alpr-osm-13716261089,ALPR camera — Duluth Police Department,St. Louis County,MN,27137,46.7867818,-92.0982381,probabilistic,,Duluth Police Department,Flock Safety,fixed,110,traffic,public,13716261089,https://www.openstreetmap.org/node/13716261089
alpr-osm-13716408301,ALPR camera,Ramsey County,MN,27123,44.9180129,-93.1957054,probabilistic,,,Flock Safety,fixed,246,traffic,public,13716408301,https://www.openstreetmap.org/node/13716408301
alpr-osm-13717072401,ALPR camera,Washington County,MN,27163,44.8164279,-92.9329647,probabilistic,,,Flock Safety,fixed,26,traffic,public,13717072401,https://www.openstreetmap.org/node/13717072401
alpr-osm-13717073001,ALPR camera,Washington County,MN,27163,44.8174362,-92.9318105,probabilistic,,,Flock Safety,fixed,116,traffic,public,13717073001,https://www.openstreetmap.org/node/13717073001
alpr-osm-13717391395,ALPR camera,Sherburne County,MN,27141,45.2981098,-93.5505223,probabilistic,,,Flock Safety,fixed,213;75,parking,public,13717391395,https://www.openstreetmap.org/node/13717391395
alpr-osm-13717391396,ALPR camera,Sherburne County,MN,27141,45.2982165,-93.5494583,probabilistic,,,Flock Safety,fixed,160,parking,public,13717391396,https://www.openstreetmap.org/node/13717391396
alpr-osm-13717391397,ALPR camera,Sherburne County,MN,27141,45.296749,-93.549162,probabilistic,,,Flock Safety,fixed,280;355,traffic,public,13717391397,https://www.openstreetmap.org/node/13717391397
alpr-osm-13717414201,ALPR camera,Anoka County,MN,27003,45.1650827,-93.1569445,probabilistic,,,Flock Safety,fixed,0;127,traffic,public,13717414201,https://www.openstreetmap.org/node/13717414201
alpr-osm-13719550399,ALPR camera,Dakota County,MN,27037,44.6968987,-93.2874094,probabilistic,,,Flock Safety,fixed,100,traffic,public,13719550399,https://www.openstreetmap.org/node/13719550399
alpr-osm-13719832002,ALPR camera,Dakota County,MN,27037,44.7149362,-93.286008,probabilistic,,,Flock Safety,fixed,255,traffic,public,13719832002,https://www.openstreetmap.org/node/13719832002
alpr-osm-13719892001,ALPR camera,Hennepin County,MN,27053,44.9619668,-93.4122807,probabilistic,,,Flock Safety,fixed,21,traffic,public,13719892001,https://www.openstreetmap.org/node/13719892001
alpr-osm-13720720702,ALPR camera,Hennepin County,MN,27053,44.9226222,-93.5359418,probabilistic,,,Flock Safety,fixed,34,traffic,public,13720720702,https://www.openstreetmap.org/node/13720720702
alpr-osm-13720742501,ALPR camera,Hennepin County,MN,27053,44.9420658,-93.5126098,probabilistic,,,Flock Safety,fixed,153,traffic,public,13720742501,https://www.openstreetmap.org/node/13720742501
alpr-osm-13720744301,ALPR camera,Hennepin County,MN,27053,44.9422133,-93.5077609,probabilistic,,,Flock Safety,fixed,248,traffic,public,13720744301,https://www.openstreetmap.org/node/13720744301
alpr-osm-13720806101,ALPR camera,Hennepin County,MN,27053,45.0167633,-93.6875951,probabilistic,,,Flock Safety,fixed,258,traffic,public,13720806101,https://www.openstreetmap.org/node/13720806101
alpr-osm-13720821301,ALPR camera,Hennepin County,MN,27053,45.0654087,-93.6339552,probabilistic,,,Flock Safety,fixed,70,traffic,public,13720821301,https://www.openstreetmap.org/node/13720821301
alpr-osm-13722027801,ALPR camera,Wright County,MN,27171,45.2995849,-93.798262,probabilistic,,,Flock Safety,fixed,359,traffic,public,13722027801,https://www.openstreetmap.org/node/13722027801
alpr-osm-13726361301,ALPR camera,Washington County,MN,27163,44.9415169,-92.9403743,probabilistic,,,Flock Safety,fixed,346,traffic,public,13726361301,https://www.openstreetmap.org/node/13726361301
alpr-osm-13726415001,ALPR camera,Washington County,MN,27163,44.9415198,-92.9391432,probabilistic,,,Flock Safety,fixed,342,traffic,public,13726415001,https://www.openstreetmap.org/node/13726415001
alpr-osm-13727861101,ALPR camera,Chippewa County,MN,27023,44.9369921,-95.7267415,probabilistic,,,Flock Safety,fixed,293,traffic,public,13727861101,https://www.openstreetmap.org/node/13727861101
alpr-osm-13728339501,ALPR camera,Hennepin County,MN,27053,44.9702414,-93.5177181,probabilistic,,,Flock Safety,fixed,69,traffic,public,13728339501,https://www.openstreetmap.org/node/13728339501
alpr-osm-13730348301,ALPR camera,Washington County,MN,27163,45.0548437,-92.8053161,probabilistic,,,Flock Safety,fixed,164,traffic,public,13730348301,https://www.openstreetmap.org/node/13730348301
alpr-osm-13730400001,ALPR camera,Washington County,MN,27163,45.0557293,-92.805664,probabilistic,,,Flock Safety,fixed,313,traffic,public,13730400001,https://www.openstreetmap.org/node/13730400001
alpr-osm-13730401201,ALPR camera,Washington County,MN,27163,45.0564742,-92.8062337,probabilistic,,,Flock Safety,fixed,26,traffic,public,13730401201,https://www.openstreetmap.org/node/13730401201
alpr-osm-13730402401,ALPR camera,Washington County,MN,27163,45.0565711,-92.8067507,probabilistic,,,Flock Safety,fixed,237;153;77,traffic,public,13730402401,https://www.openstreetmap.org/node/13730402401
alpr-osm-13730402402,ALPR camera,Washington County,MN,27163,45.0588031,-92.8058112,probabilistic,,,Flock Safety,fixed,111;172;237;41,traffic,public,13730402402,https://www.openstreetmap.org/node/13730402402
alpr-osm-13730404301,ALPR camera,Washington County,MN,27163,45.0565711,-92.8067507,probabilistic,,,Flock Safety,fixed,237;153;77,traffic,public,13730404301,https://www.openstreetmap.org/node/13730404301
alpr-osm-13730409301,ALPR camera,Washington County,MN,27163,45.0570805,-92.8070586,probabilistic,,,Flock Safety,fixed,51;0;286,traffic,public,13730409301,https://www.openstreetmap.org/node/13730409301
alpr-osm-13730412901,ALPR camera,Washington County,MN,27163,45.0568151,-92.8052038,probabilistic,,,Flock Safety,fixed,359;51;114;158;0,traffic,public,13730412901,https://www.openstreetmap.org/node/13730412901
alpr-osm-13730413701,ALPR camera,Washington County,MN,27163,45.0562801,-92.8048862,probabilistic,,,Flock Safety,fixed,166;103;34,traffic,public,13730413701,https://www.openstreetmap.org/node/13730413701
alpr-osm-13730414101,ALPR camera,Washington County,MN,27163,45.0545171,-92.8042023,probabilistic,,,Flock Safety,fixed,252;318;25;96;0,traffic,public,13730414101,https://www.openstreetmap.org/node/13730414101
alpr-osm-13730415202,ALPR camera,Washington County,MN,27163,45.0563448,-92.8034629,probabilistic,,,Flock Safety,fixed,64,traffic,public,13730415202,https://www.openstreetmap.org/node/13730415202
alpr-osm-13730415802,ALPR camera,Washington County,MN,27163,45.0565792,-92.8028318,probabilistic,,,Flock Safety,fixed,238,traffic,public,13730415802,https://www.openstreetmap.org/node/13730415802
alpr-osm-13730436502,ALPR camera,Washington County,MN,27163,45.0561505,-92.8088061,probabilistic,,,Flock Safety,fixed,103;172;238,traffic,public,13730436502,https://www.openstreetmap.org/node/13730436502
alpr-osm-13730441401,ALPR camera,Washington County,MN,27163,45.0566905,-92.8024408,probabilistic,,,Flock Safety,fixed,242,traffic,public,13730441401,https://www.openstreetmap.org/node/13730441401
alpr-osm-13730444501,ALPR camera,Washington County,MN,27163,45.0553724,-92.808438,probabilistic,,,Flock Safety,fixed,108;168;236,traffic,public,13730444501,https://www.openstreetmap.org/node/13730444501
alpr-osm-13730444801,ALPR camera,Washington County,MN,27163,45.0541862,-92.8083367,probabilistic,,,Flock Safety,fixed,298;10;77;136,traffic,public,13730444801,https://www.openstreetmap.org/node/13730444801
alpr-osm-13730476801,ALPR camera,Washington County,MN,27163,45.032753,-92.8502485,probabilistic,,,Flock Safety,fixed,34;101;166;230,traffic,public,13730476801,https://www.openstreetmap.org/node/13730476801
alpr-osm-13730477101,ALPR camera,Washington County,MN,27163,45.035155,-92.8477461,probabilistic,,,Flock Safety,fixed,318;22;80;136;197,traffic,public,13730477101,https://www.openstreetmap.org/node/13730477101
alpr-osm-13730506401,ALPR camera,Washington County,MN,27163,44.9923324,-92.8628361,probabilistic,,,Flock Safety,fixed,0,traffic,public,13730506401,https://www.openstreetmap.org/node/13730506401
alpr-osm-13730506402,ALPR camera,Washington County,MN,27163,44.9927312,-92.8628157,probabilistic,,,Flock Safety,fixed,179,traffic,public,13730506402,https://www.openstreetmap.org/node/13730506402
alpr-osm-13730512301,ALPR camera,Washington County,MN,27163,44.9925595,-92.8625007,probabilistic,,,Flock Safety,fixed,266,traffic,public,13730512301,https://www.openstreetmap.org/node/13730512301
alpr-osm-13730513101,ALPR camera,Washington County,MN,27163,44.99256,-92.8631435,probabilistic,,,Flock Safety,fixed,98,traffic,public,13730513101,https://www.openstreetmap.org/node/13730513101
alpr-osm-13730542801,ALPR camera,Washington County,MN,27163,44.9927072,-92.8626139,probabilistic,,,Flock Safety,fixed,0;69;126;184;245;302,traffic,public,13730542801,https://www.openstreetmap.org/node/13730542801
alpr-osm-13730547503,ALPR camera,Washington County,MN,27163,44.9381299,-92.9321128,probabilistic,,,Flock Safety,fixed,0,traffic,public,13730547503,https://www.openstreetmap.org/node/13730547503
alpr-osm-13730647303,ALPR camera,Kandiyohi County,MN,27067,45.1105187,-95.0428625,probabilistic,,,Flock Safety,fixed,57,traffic,public,13730647303,https://www.openstreetmap.org/node/13730647303
alpr-osm-13730652401,ALPR camera,Kandiyohi County,MN,27067,45.1105162,-95.0380632,probabilistic,,,Flock Safety,fixed,294,traffic,public,13730652401,https://www.openstreetmap.org/node/13730652401
alpr-osm-13730691803,ALPR camera,Hennepin County,MN,27053,44.8538116,-93.4214666,probabilistic,,,Flock Safety,fixed,193,traffic,public,13730691803,https://www.openstreetmap.org/node/13730691803
alpr-osm-13733340202,ALPR camera,Anoka County,MN,27003,45.2158644,-93.389816,probabilistic,,,Flock Safety,fixed,203,traffic,public,13733340202,https://www.openstreetmap.org/node/13733340202
alpr-osm-13735448901,ALPR camera,St. Louis County,MN,27137,47.4905785,-92.4633742,probabilistic,,,Flock Safety,dome,0-360,,public,13735448901,https://www.openstreetmap.org/node/13735448901
alpr-osm-13736045201,ALPR camera,St. Louis County,MN,27137,47.4752865,-92.5336285,probabilistic,,,Flock Safety,dome,0-360,,public,13736045201,https://www.openstreetmap.org/node/13736045201
alpr-osm-13736052301,ALPR camera,St. Louis County,MN,27137,47.4821632,-92.4713997,probabilistic,,,Flock Safety,dome,0-360,,public,13736052301,https://www.openstreetmap.org/node/13736052301
alpr-osm-13738441501,ALPR camera,Washington County,MN,27163,45.2795791,-93.0065916,probabilistic,,,Flock Safety,fixed,326,traffic,public,13738441501,https://www.openstreetmap.org/node/13738441501
alpr-osm-13738475101,ALPR camera — The Home Depot,Washington County,MN,27163,45.2811217,-93.0091203,probabilistic,,The Home Depot,Flock Safety,fixed,108,traffic,public,13738475101,https://www.openstreetmap.org/node/13738475101
alpr-osm-13738532401,ALPR camera — The Home Depot,Washington County,MN,27163,45.2811217,-93.0091203,probabilistic,,The Home Depot,Flock Safety,fixed,108,traffic,public,13738532401,https://www.openstreetmap.org/node/13738532401
alpr-osm-13739901407,ALPR camera,Todd County,MN,27153,46.3248781,-95.0940564,probabilistic,,,Flock Safety,fixed,333,traffic,public,13739901407,https://www.openstreetmap.org/node/13739901407
alpr-osm-13740136442,ALPR camera,Hennepin County,MN,27053,45.0598019,-93.3396679,probabilistic,,,Flock Safety,fixed,200,traffic,public,13740136442,https://www.openstreetmap.org/node/13740136442
alpr-osm-13740919435,ALPR camera,Olmsted County,MN,27109,44.0652328,-92.4984934,probabilistic,,,Axon Enterprise,fixed,70,traffic,public,13740919435,https://www.openstreetmap.org/node/13740919435
alpr-osm-13743189201,ALPR camera,Dakota County,MN,27037,44.6436158,-93.2172473,probabilistic,,,Flock Safety,fixed,342,traffic,public,13743189201,https://www.openstreetmap.org/node/13743189201
alpr-osm-13746936001,ALPR camera,Dakota County,MN,27037,44.7498943,-93.279887,probabilistic,,,Flock Safety,fixed,334,traffic,public,13746936001,https://www.openstreetmap.org/node/13746936001
alpr-osm-13746936002,ALPR camera,Dakota County,MN,27037,44.7500773,-93.2799041,probabilistic,,,Flock Safety,fixed,195;263,traffic,public,13746936002,https://www.openstreetmap.org/node/13746936002
alpr-osm-13751189982,ALPR camera,Dakota County,MN,27037,44.7135919,-93.2794727,probabilistic,,,Flock Safety,fixed,150,traffic,public,13751189982,https://www.openstreetmap.org/node/13751189982
alpr-osm-13751428401,ALPR camera,Dakota County,MN,27037,44.6450878,-93.2932588,probabilistic,,,Flock Safety,fixed,90,traffic,public,13751428401,https://www.openstreetmap.org/node/13751428401
alpr-osm-13755566201,ALPR camera,Dakota County,MN,27037,44.7132053,-93.2177269,probabilistic,,,Flock Safety,fixed,176,traffic,public,13755566201,https://www.openstreetmap.org/node/13755566201
alpr-osm-13762151301,ALPR camera,Dakota County,MN,27037,44.699469,-93.2888964,probabilistic,,,Flock Safety,fixed,330,traffic,public,13762151301,https://www.openstreetmap.org/node/13762151301
alpr-osm-13764528801,ALPR camera,Stearns County,MN,27145,45.5577684,-94.2099597,probabilistic,,,Flock Safety,fixed,93;249,traffic,public,13764528801,https://www.openstreetmap.org/node/13764528801
alpr-osm-13764917401,ALPR camera,Dakota County,MN,27037,44.7143613,-93.2969712,probabilistic,,,Flock Safety,fixed,133,traffic,public,13764917401,https://www.openstreetmap.org/node/13764917401
alpr-osm-13767095501,ALPR camera,Dakota County,MN,27037,44.652302,-93.3006788,probabilistic,,,Flock Safety,fixed,63,traffic,public,13767095501,https://www.openstreetmap.org/node/13767095501
alpr-osm-13767831202,ALPR camera,Wright County,MN,27171,45.4107012,-94.0588676,probabilistic,,,Flock Safety,fixed,164,traffic,public,13767831202,https://www.openstreetmap.org/node/13767831202
alpr-osm-13772879601,ALPR camera,Hennepin County,MN,27053,44.8579535,-93.4254595,probabilistic,,,Flock Safety,fixed,88,traffic,public,13772879601,https://www.openstreetmap.org/node/13772879601
alpr-osm-13775321184,ALPR camera,Hennepin County,MN,27053,45.0219414,-93.3998001,probabilistic,,,Flock Safety,fixed,55,street,traffic,13775321184,https://www.openstreetmap.org/node/13775321184
alpr-osm-13775856601,ALPR camera,Crow Wing County,MN,27035,46.2489162,-93.8143599,probabilistic,,,Flock Safety,fixed,290,traffic,public,13775856601,https://www.openstreetmap.org/node/13775856601
alpr-osm-13775865901,ALPR camera — The Home Depot,Hennepin County,MN,27053,45.0781544,-93.3927682,probabilistic,,The Home Depot,Flock Safety,fixed,226,traffic,public,13775865901,https://www.openstreetmap.org/node/13775865901
alpr-osm-13777576971,ALPR camera,Ramsey County,MN,27123,44.9692812,-93.0761859,probabilistic,,,,fixed,145,traffic,camera,13777576971,https://www.openstreetmap.org/node/13777576971
alpr-osm-13778539401,ALPR camera,Dakota County,MN,27037,44.7166834,-93.1770708,probabilistic,,,Flock Safety,fixed,163,traffic,public,13778539401,https://www.openstreetmap.org/node/13778539401
alpr-osm-13784824501,ALPR camera,Ramsey County,MN,27123,45.0401764,-93.0399815,probabilistic,,,Flock Safety,fixed,0,traffic,public,13784824501,https://www.openstreetmap.org/node/13784824501
alpr-osm-13785503301,ALPR camera,Washington County,MN,27163,45.0006072,-92.9583478,probabilistic,,,"Neology, Inc.",fixed,335,traffic,public,13785503301,https://www.openstreetmap.org/node/13785503301
alpr-osm-13785506101,ALPR camera,Ramsey County,MN,27123,45.0373696,-93.0640063,probabilistic,,,"Neology, Inc.",fixed,42,traffic,public,13785506101,https://www.openstreetmap.org/node/13785506101
alpr-osm-13785520201,ALPR camera,Ramsey County,MN,27123,45.0663101,-93.1655855,probabilistic,,,"Neology, Inc.",fixed,170,traffic,public,13785520201,https://www.openstreetmap.org/node/13785520201
alpr-osm-13785523201,ALPR camera,Ramsey County,MN,27123,45.0669914,-93.1930701,probabilistic,,,"Neology, Inc.",fixed,120,traffic,public,13785523201,https://www.openstreetmap.org/node/13785523201
alpr-osm-13785524501,ALPR camera,Ramsey County,MN,27123,45.0652803,-93.2183913,probabilistic,,,"Neology, Inc.",fixed,133,traffic,public,13785524501,https://www.openstreetmap.org/node/13785524501
alpr-osm-13785530901,ALPR camera,Anoka County,MN,27003,45.0664389,-93.23649,probabilistic,,,"Neology, Inc.",fixed,131,traffic,public,13785530901,https://www.openstreetmap.org/node/13785530901
alpr-osm-13785969301,ALPR camera,Washington County,MN,27163,44.8178711,-92.9320224,probabilistic,,,Flock Safety,fixed,286,traffic,public,13785969301,https://www.openstreetmap.org/node/13785969301
alpr-osm-13785969901,ALPR camera,Washington County,MN,27163,44.8604292,-92.883342,probabilistic,,,Flock Safety,fixed,159,traffic,public,13785969901,https://www.openstreetmap.org/node/13785969901
alpr-osm-13785971401,ALPR camera,Washington County,MN,27163,44.8737168,-92.9436951,probabilistic,,,Flock Safety,fixed,336,traffic,public,13785971401,https://www.openstreetmap.org/node/13785971401
alpr-osm-13785971402,ALPR camera,Washington County,MN,27163,44.8169596,-92.9311782,probabilistic,,,Flock Safety,fixed,177,traffic,public,13785971402,https://www.openstreetmap.org/node/13785971402
alpr-osm-13785972601,ALPR camera,Washington County,MN,27163,44.8470396,-92.9219939,probabilistic,,,Flock Safety,fixed,164,traffic,public,13785972601,https://www.openstreetmap.org/node/13785972601
alpr-osm-13785972602,ALPR camera,Washington County,MN,27163,44.8468986,-92.9492407,probabilistic,,,Flock Safety,fixed,166,traffic,public,13785972602,https://www.openstreetmap.org/node/13785972602
alpr-osm-13785973401,ALPR camera,Washington County,MN,27163,44.8321015,-92.9589762,probabilistic,,,Flock Safety,fixed,111,traffic,public,13785973401,https://www.openstreetmap.org/node/13785973401
alpr-osm-13785974101,ALPR camera,Washington County,MN,27163,44.8304619,-92.9593166,probabilistic,,,Flock Safety,fixed,30,traffic,public,13785974101,https://www.openstreetmap.org/node/13785974101
alpr-osm-13785974102,ALPR camera,Washington County,MN,27163,44.8146111,-92.9291451,probabilistic,,,Flock Safety,fixed,241,traffic,public,13785974102,https://www.openstreetmap.org/node/13785974102
alpr-osm-13785974103,ALPR camera,Dakota County,MN,27037,44.7353678,-92.8527489,probabilistic,,,Motorola Solutions,fixed,254,traffic,public,13785974103,https://www.openstreetmap.org/node/13785974103
alpr-osm-13785974401,ALPR camera,Washington County,MN,27163,44.8166707,-92.9300313,probabilistic,,,Flock Safety,fixed,148,traffic,public,13785974401,https://www.openstreetmap.org/node/13785974401
alpr-osm-13785975001,ALPR camera,Washington County,MN,27163,44.8084475,-92.9163927,probabilistic,,,Flock Safety,fixed,280,traffic,public,13785975001,https://www.openstreetmap.org/node/13785975001
alpr-osm-13785975002,ALPR camera,Washington County,MN,27163,44.8095287,-92.9201103,probabilistic,,,Flock Safety,fixed,344,traffic,public,13785975002,https://www.openstreetmap.org/node/13785975002
alpr-osm-13785975101,ALPR camera,Dakota County,MN,27037,44.7443995,-92.8528658,probabilistic,,,Motorola Solutions,fixed,150,traffic,public,13785975101,https://www.openstreetmap.org/node/13785975101
alpr-osm-13791128503,ALPR camera,Washington County,MN,27163,44.979697,-92.9342557,probabilistic,,,Flock Safety,fixed,287,traffic,public,13791128503,https://www.openstreetmap.org/node/13791128503
alpr-osm-13792891823,ALPR camera — Minnesota State Patrol / Paul Bunyan Task Force,Beltrami County,MN,27007,47.4525216,-94.8635251,probabilistic,,Minnesota State Patrol / Paul Bunyan Task Force,Flock Safety,fixed,330,traffic,public,13792891823,https://www.openstreetmap.org/node/13792891823
alpr-osm-13792891824,ALPR camera — Minnesota State Patrol / Paul Bunyan Task Force,Beltrami County,MN,27007,47.4531702,-94.8638732,probabilistic,,Minnesota State Patrol / Paul Bunyan Task Force,Flock Safety,fixed,165,traffic,public,13792891824,https://www.openstreetmap.org/node/13792891824
alpr-osm-13792891825,ALPR camera — BSU Department of Public Safety,Beltrami County,MN,27007,47.4831673,-94.8753393,probabilistic,,BSU Department of Public Safety,Flock Safety,fixed,350,traffic,public,13792891825,https://www.openstreetmap.org/node/13792891825
alpr-osm-13792891826,ALPR camera — Minnesota State Patrol / Paul Bunyan Task Force,Beltrami County,MN,27007,47.493421,-94.9021608,probabilistic,,Minnesota State Patrol / Paul Bunyan Task Force,Flock Safety,fixed,250,traffic,public,13792891826,https://www.openstreetmap.org/node/13792891826
alpr-osm-13792891827,ALPR camera — Minnesota State Patrol / Paul Bunyan Task Force,Beltrami County,MN,27007,47.4931028,-94.9019818,probabilistic,,Minnesota State Patrol / Paul Bunyan Task Force,Flock Safety,fixed,80,traffic,public,13792891827,https://www.openstreetmap.org/node/13792891827
alpr-osm-13811521001,ALPR camera,Itasca County,MN,27061,47.3791369,-93.1684674,probabilistic,,,Flock Safety,fixed,197,traffic,public,13811521001,https://www.openstreetmap.org/node/13811521001
alpr-osm-13812250901,ALPR camera,Goodhue County,MN,27049,44.407582,-92.8547879,probabilistic,,,Flock Safety,fixed,160,traffic,public,13812250901,https://www.openstreetmap.org/node/13812250901
alpr-osm-13826036001,ALPR camera,Anoka County,MN,27003,45.2105618,-93.3374534,probabilistic,,,Flock Safety,fixed,250,traffic,public,13826036001,https://www.openstreetmap.org/node/13826036001
alpr-osm-13826036901,ALPR camera,Anoka County,MN,27003,45.2095858,-93.3392377,probabilistic,,,Flock Safety,fixed,226,traffic,public,13826036901,https://www.openstreetmap.org/node/13826036901
alpr-osm-13829815101,ALPR camera,Morrison County,MN,27097,45.9838777,-94.1052783,probabilistic,,,Motorola Solutions,fixed,150;168,traffic,public,13829815101,https://www.openstreetmap.org/node/13829815101
alpr-osm-13829892201,ALPR camera,Dakota County,MN,27037,44.6812056,-93.2899785,probabilistic,,,Flock Safety,fixed,56,traffic,public,13829892201,https://www.openstreetmap.org/node/13829892201
alpr-osm-13831320301,ALPR camera,Dakota County,MN,27037,44.7504713,-93.2803999,probabilistic,,,Flock Safety,fixed,123,traffic,public,13831320301,https://www.openstreetmap.org/node/13831320301
alpr-osm-13831320401,ALPR camera,Dakota County,MN,27037,44.7504713,-93.2803999,probabilistic,,,Flock Safety,fixed,226,traffic,public,13831320401,https://www.openstreetmap.org/node/13831320401
alpr-osm-13831341601,ALPR camera,Dakota County,MN,27037,44.6814778,-93.2956693,probabilistic,,,Flock Safety,fixed,201,traffic,public,13831341601,https://www.openstreetmap.org/node/13831341601
alpr-osm-13831351401,ALPR camera,Dakota County,MN,27037,44.6454698,-93.2994283,probabilistic,,,Flock Safety,fixed,262,traffic,public,13831351401,https://www.openstreetmap.org/node/13831351401
alpr-osm-13831369002,ALPR camera,Dakota County,MN,27037,44.9195886,-93.0958713,probabilistic,,,Flock Safety,fixed,58,traffic,public,13831369002,https://www.openstreetmap.org/node/13831369002
alpr-osm-13831375901,ALPR camera,Dakota County,MN,27037,44.6914296,-93.2165782,probabilistic,,,Flock Safety,fixed,85,traffic,public,13831375901,https://www.openstreetmap.org/node/13831375901
alpr-osm-13831376001,ALPR camera,Dakota County,MN,27037,44.6916799,-93.2192168,probabilistic,,,Flock Safety,fixed,252,traffic,public,13831376001,https://www.openstreetmap.org/node/13831376001
alpr-osm-13831376405,ALPR camera,Dakota County,MN,27037,44.6811849,-93.3114201,probabilistic,,,Flock Safety,fixed,76,traffic,public,13831376405,https://www.openstreetmap.org/node/13831376405
alpr-osm-13831533801,ALPR camera,Scott County,MN,27139,44.7597745,-93.5508975,probabilistic,,,Flock Safety,fixed,73,traffic,public,13831533801,https://www.openstreetmap.org/node/13831533801
alpr-osm-13832239201,ALPR camera,Chippewa County,MN,27023,44.9370135,-95.7267152,probabilistic,,,Flock Safety,fixed,17,traffic,public,13832239201,https://www.openstreetmap.org/node/13832239201
alpr-osm-13836822601,ALPR camera,Hennepin County,MN,27053,44.9366764,-93.3807554,probabilistic,,,Flock Safety,fixed,325,traffic,public,13836822601,https://www.openstreetmap.org/node/13836822601
alpr-osm-13840533601,ALPR camera,Isanti County,MN,27059,45.5200693,-93.0268785,probabilistic,,,Flock Safety,fixed,283,traffic,public,13840533601,https://www.openstreetmap.org/node/13840533601
alpr-osm-13843899101,ALPR camera,Redwood County,MN,27127,44.2092394,-95.1285648,probabilistic,,,Flock Safety,fixed,0,traffic,public,13843899101,https://www.openstreetmap.org/node/13843899101
alpr-osm-13843923702,ALPR camera,Redwood County,MN,27127,44.5415522,-95.1005617,probabilistic,,,Flock Safety,fixed,183,traffic,public,13843923702,https://www.openstreetmap.org/node/13843923702
alpr-osm-13843923703,ALPR camera,Redwood County,MN,27127,44.5412549,-95.0960539,probabilistic,,,Flock Safety,fixed,0,traffic,public,13843923703,https://www.openstreetmap.org/node/13843923703
alpr-osm-13843924501,ALPR camera,Redwood County,MN,27127,44.5412802,-95.1007524,probabilistic,,,Flock Safety,fixed,0,traffic,public,13843924501,https://www.openstreetmap.org/node/13843924501
alpr-osm-13843924502,ALPR camera,Redwood County,MN,27127,44.5413429,-95.1004588,probabilistic,,,Flock Safety,fixed,271,traffic,public,13843924502,https://www.openstreetmap.org/node/13843924502
alpr-osm-13843926101,ALPR camera,Redwood County,MN,27127,44.5414332,-95.1008553,probabilistic,,,Flock Safety,fixed,101,traffic,public,13843926101,https://www.openstreetmap.org/node/13843926101
alpr-osm-13843926102,ALPR camera,Redwood County,MN,27127,44.541367,-95.1096294,probabilistic,,,Flock Safety,fixed,259,traffic,public,13843926102,https://www.openstreetmap.org/node/13843926102
alpr-osm-13843927401,ALPR camera,Redwood County,MN,27127,44.5415439,-95.095878,probabilistic,,,Flock Safety,fixed,187,traffic,public,13843927401,https://www.openstreetmap.org/node/13843927401
alpr-osm-13843927402,ALPR camera,Redwood County,MN,27127,44.5413611,-95.0957364,probabilistic,,,Flock Safety,fixed,266,traffic,public,13843927402,https://www.openstreetmap.org/node/13843927402
alpr-osm-13843928301,ALPR camera,Redwood County,MN,27127,44.5414302,-95.0961761,probabilistic,,,Flock Safety,fixed,91,traffic,public,13843928301,https://www.openstreetmap.org/node/13843928301
alpr-osm-13843931001,ALPR camera,Redwood County,MN,27127,44.5414293,-95.1099692,probabilistic,,,Flock Safety,fixed,87,traffic,public,13843931001,https://www.openstreetmap.org/node/13843931001
alpr-osm-13843931002,ALPR camera,Redwood County,MN,27127,44.5412932,-95.1098769,probabilistic,,,Flock Safety,fixed,0,traffic,public,13843931002,https://www.openstreetmap.org/node/13843931002
alpr-osm-13843932401,ALPR camera,Redwood County,MN,27127,44.541544,-95.1097572,probabilistic,,,Flock Safety,fixed,184,traffic,public,13843932401,https://www.openstreetmap.org/node/13843932401
alpr-osm-13854463601,ALPR camera,Isanti County,MN,27059,45.7292253,-93.2251611,probabilistic,,,Flock Safety,fixed,123,traffic,public,13854463601,https://www.openstreetmap.org/node/13854463601
alpr-osm-13859062602,ALPR camera,Kanabec County,MN,27065,45.7354763,-93.2331688,probabilistic,,,Flock Safety,fixed,325,traffic,public,13859062602,https://www.openstreetmap.org/node/13859062602
alpr-osm-13863529482,ALPR camera,Hennepin County,MN,27053,44.9467239,-93.3362536,probabilistic,,,Flock Safety,fixed,220,traffic,public,13863529482,https://www.openstreetmap.org/node/13863529482
alpr-osm-13864024801,ALPR camera,Dakota County,MN,27037,44.6008474,-92.8238452,probabilistic,,,Flock Safety,fixed,221,traffic,public,13864024801,https://www.openstreetmap.org/node/13864024801
alpr-osm-13867897001,ALPR camera,Anoka County,MN,27003,45.1973487,-93.3505626,probabilistic,,,Flock Safety,fixed,166,traffic,public,13867897001,https://www.openstreetmap.org/node/13867897001
alpr-osm-13874030701,ALPR camera,Hennepin County,MN,27053,44.8871348,-93.2501883,probabilistic,,,Flock Safety,fixed,41;326,traffic,public,13874030701,https://www.openstreetmap.org/node/13874030701
alpr-osm-13874616401,ALPR camera,Dakota County,MN,27037,44.8916603,-93.0831934,probabilistic,,,Flock Safety,fixed,74,traffic,public,13874616401,https://www.openstreetmap.org/node/13874616401
alpr-osm-13876997203,ALPR camera,Morrison County,MN,27097,45.9698182,-94.1064277,probabilistic,,,Flock Safety,fixed,353,traffic,public,13876997203,https://www.openstreetmap.org/node/13876997203
alpr-osm-13876997204,ALPR camera,Morrison County,MN,27097,45.9698166,-94.1064433,probabilistic,,,Flock Safety,fixed,285,traffic,public,13876997204,https://www.openstreetmap.org/node/13876997204
alpr-osm-13879012702,ALPR camera,Carver County,MN,27019,44.8304486,-93.6004035,probabilistic,,,Flock Safety,fixed,288,traffic,public,13879012702,https://www.openstreetmap.org/node/13879012702
alpr-osm-13879037601,ALPR camera,Ramsey County,MN,27123,44.9768292,-93.0440606,probabilistic,,,Flock Safety,fixed,0,traffic,public,13879037601,https://www.openstreetmap.org/node/13879037601
alpr-osm-13882609729,ALPR camera,Hennepin County,MN,27053,44.8924424,-93.2526196,probabilistic,,,Flock Safety,fixed,170,traffic,public,13882609729,https://www.openstreetmap.org/node/13882609729
alpr-osm-13887050801,ALPR camera,Isanti County,MN,27059,45.4433874,-93.5099053,probabilistic,,,Flock Safety,fixed,89,traffic,public,13887050801,https://www.openstreetmap.org/node/13887050801
alpr-osm-13889098301,ALPR camera,Becker County,MN,27005,46.847374,-95.8366098,probabilistic,,,Flock Safety,fixed,0,traffic,public,13889098301,https://www.openstreetmap.org/node/13889098301
alpr-osm-13889671045,ALPR camera,Washington County,MN,27163,44.8306855,-92.9660768,probabilistic,,,Flock Safety,fixed,120,traffic,public,13889671045,https://www.openstreetmap.org/node/13889671045
alpr-osm-13889702601,ALPR camera,Hennepin County,MN,27053,44.9401607,-93.3297871,probabilistic,,,Flock Safety,fixed,199,traffic,public,13889702601,https://www.openstreetmap.org/node/13889702601
alpr-osm-13889974002,ALPR camera,Hennepin County,MN,27053,45.060619,-93.3716578,probabilistic,,,Flock Safety,fixed,125,traffic,public,13889974002,https://www.openstreetmap.org/node/13889974002
alpr-osm-13892142202,ALPR camera,Isanti County,MN,27059,45.4514486,-93.0231241,probabilistic,,,Flock Safety,fixed,244,traffic,public,13892142202,https://www.openstreetmap.org/node/13892142202
alpr-osm-13902538501,ALPR camera,Mower County,MN,27099,43.6651494,-92.9897289,probabilistic,,,Flock Safety,fixed,285,traffic,public,13902538501,https://www.openstreetmap.org/node/13902538501
alpr-osm-13902751702,ALPR camera,Dakota County,MN,27037,44.6816955,-93.2900819,probabilistic,,,Flock Safety,fixed,326,traffic,public,13902751702,https://www.openstreetmap.org/node/13902751702
alpr-osm-13905342501,ALPR camera,Dakota County,MN,27037,44.7490092,-93.28273,probabilistic,,,Flock Safety,fixed,116,traffic,public,13905342501,https://www.openstreetmap.org/node/13905342501
alpr-osm-13905455301,ALPR camera,Chisago County,MN,27025,45.4177055,-92.6535513,probabilistic,,,Motorola Solutions,fixed,192,traffic,public,13905455301,https://www.openstreetmap.org/node/13905455301
alpr-osm-13909737701,ALPR camera,Wright County,MN,27171,45.2964425,-93.8002296,probabilistic,,,Flock Safety,fixed,92,traffic,public,13909737701,https://www.openstreetmap.org/node/13909737701
alpr-osm-13909740701,ALPR camera,Wright County,MN,27171,45.2963393,-93.8010003,probabilistic,,,Flock Safety,fixed,175,traffic,public,13909740701,https://www.openstreetmap.org/node/13909740701
alpr-osm-13910785101,ALPR camera,Aitkin County,MN,27001,46.710224,-93.6014373,probabilistic,,,Flock Safety,fixed,179,traffic,public,13910785101,https://www.openstreetmap.org/node/13910785101
alpr-osm-13910969724,ALPR camera,Hennepin County,MN,27053,44.9112734,-93.5255732,probabilistic,,,Flock Safety,fixed,310,traffic,public,13910969724,https://www.openstreetmap.org/node/13910969724
alpr-osm-13912248101,ALPR camera — Wright County Sheriff,Wright County,MN,27171,45.2923172,-94.2120814,probabilistic,,Wright County Sheriff,Flock Safety,fixed,74,traffic,public,13912248101,https://www.openstreetmap.org/node/13912248101
alpr-osm-13912616002,ALPR camera,Blue Earth County,MN,27013,44.1812242,-93.9519693,probabilistic,,,Flock Safety,fixed,0,traffic,public,13912616002,https://www.openstreetmap.org/node/13912616002
alpr-osm-13912616102,ALPR camera,Blue Earth County,MN,27013,44.1816195,-93.951852,probabilistic,,,Flock Safety,fixed,178,traffic,public,13912616102,https://www.openstreetmap.org/node/13912616102
alpr-osm-13912616103,ALPR camera,Blue Earth County,MN,27013,44.1814424,-93.9520742,probabilistic,,,Flock Safety,fixed,100,traffic,public,13912616103,https://www.openstreetmap.org/node/13912616103
alpr-osm-13912616803,ALPR camera,Blue Earth County,MN,27013,44.1813179,-93.9516841,probabilistic,,,Flock Safety,fixed,258,traffic,public,13912616803,https://www.openstreetmap.org/node/13912616803
alpr-osm-13913043701,ALPR camera,McLeod County,MN,27085,44.9010383,-94.4354983,probabilistic,,,,fixed,106,Traffic,Public,13913043701,https://www.openstreetmap.org/node/13913043701
alpr-osm-13913652801,ALPR camera,Kanabec County,MN,27065,45.8011902,-93.5127673,probabilistic,,,Flock Safety,fixed,30,traffic,public,13913652801,https://www.openstreetmap.org/node/13913652801
alpr-osm-13915392501,ALPR camera,Itasca County,MN,27061,47.0868124,-93.1945557,probabilistic,,,Flock Safety,fixed,251,traffic,public,13915392501,https://www.openstreetmap.org/node/13915392501
alpr-osm-13915578401,ALPR camera,Kandiyohi County,MN,27067,45.1476038,-95.1778957,probabilistic,,,Flock Safety,fixed,71,traffic,public,13915578401,https://www.openstreetmap.org/node/13915578401
alpr-osm-13917974198,ALPR camera,Blue Earth County,MN,27013,44.159776,-93.9718019,probabilistic,,,,,,,,13917974198,https://www.openstreetmap.org/node/13917974198
alpr-osm-13919226101,ALPR camera,Isanti County,MN,27059,45.4226104,-93.2351306,probabilistic,,,Flock Safety,fixed,0,traffic,public,13919226101,https://www.openstreetmap.org/node/13919226101
alpr-osm-13923122060,ALPR camera,Hennepin County,MN,27053,44.9716913,-93.21679,probabilistic,,,Flock Safety,fixed,300,traffic,public,13923122060,https://www.openstreetmap.org/node/13923122060
alpr-osm-13929637838,ALPR camera,Stearns County,MN,27145,45.5491889,-94.1489882,probabilistic,,,,,88,traffic,outdoor,13929637838,https://www.openstreetmap.org/node/13929637838
alpr-osm-13929647985,ALPR camera,Sherburne County,MN,27141,45.5488706,-94.1447755,probabilistic,,,,,256,traffic,traffic,13929647985,https://www.openstreetmap.org/node/13929647985
alpr-osm-13932052701,ALPR camera,Anoka County,MN,27003,45.4138692,-93.3677796,probabilistic,,,Flock Safety,fixed,18,traffic,public,13932052701,https://www.openstreetmap.org/node/13932052701
alpr-osm-13932087802,ALPR camera,Hennepin County,MN,27053,44.8931006,-93.6068188,probabilistic,,,Axis Communications,fixed,172,traffic,public,13932087802,https://www.openstreetmap.org/node/13932087802
alpr-osm-13932098601,ALPR camera,Isanti County,MN,27059,45.73045,-93.415344,probabilistic,,,Flock Safety,fixed,137,traffic,public,13932098601,https://www.openstreetmap.org/node/13932098601
alpr-osm-13932100601,ALPR camera,Kanabec County,MN,27065,45.760804,-93.409711,probabilistic,,,Flock Safety,fixed,335,traffic,public,13932100601,https://www.openstreetmap.org/node/13932100601
alpr-osm-13937128601,ALPR camera,Kanabec County,MN,27065,45.734575,-93.232548,probabilistic,,,Flock Safety,fixed,0,traffic,public,13937128601,https://www.openstreetmap.org/node/13937128601
alpr-osm-13939516501,ALPR camera,Wabasha County,MN,27157,44.2892682,-92.4197676,probabilistic,,,Flock Safety,fixed,359,traffic,public,13939516501,https://www.openstreetmap.org/node/13939516501
alpr-osm-13941081601,ALPR camera,Ramsey County,MN,27123,45.0095837,-93.0051767,probabilistic,,,Flock Safety,fixed,148,traffic,public,13941081601,https://www.openstreetmap.org/node/13941081601
alpr-osm-13943588402,ALPR camera,Wright County,MN,27171,45.0792926,-94.1810146,probabilistic,,,Flock Safety,fixed,73,traffic,public,13943588402,https://www.openstreetmap.org/node/13943588402
alpr-osm-13943958000,ALPR camera,Benton County,MN,27009,45.5637451,-94.1429744,probabilistic,,,,fixed,130;0,,traffic,13943958000,https://www.openstreetmap.org/node/13943958000
alpr-osm-13944019601,ALPR camera,Itasca County,MN,27061,47.4727675,-93.3652395,probabilistic,,,Flock Safety,fixed,331,traffic,public,13944019601,https://www.openstreetmap.org/node/13944019601
alpr-osm-13944484101,ALPR camera,McLeod County,MN,27085,44.911213,-94.3678666,probabilistic,,,Flock Safety,fixed,160,traffic,public,13944484101,https://www.openstreetmap.org/node/13944484101
alpr-osm-13944484102,ALPR camera,McLeod County,MN,27085,44.9017931,-94.4364162,probabilistic,,,Flock Safety,fixed,119,traffic,public,13944484102,https://www.openstreetmap.org/node/13944484102
alpr-osm-13944485501,ALPR camera,McLeod County,MN,27085,44.8962956,-94.3333096,probabilistic,,,Flock Safety,fixed,248,traffic,public,13944485501,https://www.openstreetmap.org/node/13944485501
alpr-osm-13946550001,ALPR camera,Dakota County,MN,27037,44.6433912,-93.2183003,probabilistic,,,Flock Safety,fixed,258,traffic,public,13946550001,https://www.openstreetmap.org/node/13946550001
alpr-osm-13946692201,ALPR camera,Hennepin County,MN,27053,44.8942731,-93.2678444,probabilistic,,,Flock Safety,fixed,88,traffic,public,13946692201,https://www.openstreetmap.org/node/13946692201
alpr-osm-13948084801,ALPR camera,Crow Wing County,MN,27035,46.6027573,-94.296311,probabilistic,,,Flock Safety,fixed,53,traffic,public,13948084801,https://www.openstreetmap.org/node/13948084801
alpr-osm-13950989901,ALPR camera,Hennepin County,MN,27053,44.9197045,-93.2780533,probabilistic,,,Flock Safety,fixed,177,traffic,public,13950989901,https://www.openstreetmap.org/node/13950989901
alpr-osm-13950998401,ALPR camera,Pine County,MN,27115,46.325403,-92.8395257,probabilistic,,,Flock Safety,fixed,188,traffic,public,13950998401,https://www.openstreetmap.org/node/13950998401
alpr-osm-13951021581,ALPR camera — Temple of Aaron,Ramsey County,MN,27123,44.9232204,-93.1971822,probabilistic,,Temple of Aaron,Flock Safety,fixed,60,traffic,public,13951021581,https://www.openstreetmap.org/node/13951021581
alpr-osm-13952709801,ALPR camera,Redwood County,MN,27127,44.2097598,-95.1287957,probabilistic,,,Flock Safety,fixed,118,traffic,public,13952709801,https://www.openstreetmap.org/node/13952709801
alpr-osm-13952723701,ALPR camera,Kanabec County,MN,27065,46.1155974,-93.2837028,probabilistic,,,Flock Safety,fixed,148,traffic,public,13952723701,https://www.openstreetmap.org/node/13952723701
alpr-osm-13952730401,ALPR camera,Aitkin County,MN,27001,46.2186412,-93.2773655,probabilistic,,,Flock Safety,fixed,324,traffic,public,13952730401,https://www.openstreetmap.org/node/13952730401
alpr-osm-13952879801,ALPR camera,Itasca County,MN,27061,47.0864525,-93.1948619,probabilistic,,,Flock Safety,fixed,332,traffic,public,13952879801,https://www.openstreetmap.org/node/13952879801
alpr-osm-13953158001,ALPR camera,Becker County,MN,27005,46.7292793,-96.0639095,probabilistic,,,Flock Safety,fixed,325,traffic,public,13953158001,https://www.openstreetmap.org/node/13953158001
alpr-osm-13953203001,ALPR camera,Stearns County,MN,27145,45.5560965,-94.2133628,probabilistic,,,Flock Safety,fixed,63,traffic,public,13953203001,https://www.openstreetmap.org/node/13953203001
alpr-osm-13954450102,ALPR camera,Hennepin County,MN,27053,44.9954475,-93.277596,probabilistic,,,Flock Safety,fixed,0,traffic,public,13954450102,https://www.openstreetmap.org/node/13954450102
alpr-osm-13954566501,ALPR camera,Hennepin County,MN,27053,44.9981835,-93.2985901,probabilistic,,,Genetec,fixed,0,traffic,public,13954566501,https://www.openstreetmap.org/node/13954566501
alpr-osm-13955939201,ALPR camera,Itasca County,MN,27061,47.3385602,-93.2026994,probabilistic,,,Flock Safety,fixed,260,traffic,public,13955939201,https://www.openstreetmap.org/node/13955939201
alpr-osm-13956000401,ALPR camera,Aitkin County,MN,27001,46.680477,-93.3171638,probabilistic,,,Flock Safety,fixed,136,traffic,public,13956000401,https://www.openstreetmap.org/node/13956000401
alpr-osm-13956082601,ALPR camera,Stearns County,MN,27145,45.5544067,-94.2132414,probabilistic,,,Flock Safety,fixed,13,traffic,public,13956082601,https://www.openstreetmap.org/node/13956082601
alpr-osm-13956101001,ALPR camera,Stearns County,MN,27145,45.5600841,-94.1572908,probabilistic,,,Flock Safety,fixed,121,traffic,public,13956101001,https://www.openstreetmap.org/node/13956101001
alpr-osm-13956101101,ALPR camera,Benton County,MN,27009,45.5617856,-94.1509956,probabilistic,,,Flock Safety,fixed,209,traffic,public,13956101101,https://www.openstreetmap.org/node/13956101101
alpr-osm-13956102001,ALPR camera,,MN,,45.5606007,-94.1531302,probabilistic,,,Flock Safety,fixed,48,traffic,public,13956102001,https://www.openstreetmap.org/node/13956102001
alpr-osm-13956128301,ALPR camera,Washington County,MN,27163,44.8476552,-92.9036405,probabilistic,,,Flock Safety,fixed,156,traffic,public,13956128301,https://www.openstreetmap.org/node/13956128301
alpr-osm-13956318201,ALPR camera — The Home Depot,Hennepin County,MN,27053,44.9670056,-93.288357,probabilistic,,The Home Depot,Flock Safety,fixed,201,traffic,public,13956318201,https://www.openstreetmap.org/node/13956318201
alpr-osm-13956324001,ALPR camera,Hennepin County,MN,27053,44.9670045,-93.2883573,probabilistic,,,Flock Safety,fixed,152,traffic,public,13956324001,https://www.openstreetmap.org/node/13956324001
alpr-osm-13956749401,ALPR camera,Hennepin County,MN,27053,44.9810634,-93.2374086,probabilistic,,,Flock Safety,fixed,329,traffic,public,13956749401,https://www.openstreetmap.org/node/13956749401
alpr-osm-13958028401,ALPR camera,Ramsey County,MN,27123,45.0385988,-93.0174861,probabilistic,,,Flock Safety,fixed,0,traffic,public,13958028401,https://www.openstreetmap.org/node/13958028401
alpr-osm-13959917401,ALPR camera,Hennepin County,MN,27053,44.8571959,-93.5115732,probabilistic,,,Motorola Solutions,fixed,163,traffic,public,13959917401,https://www.openstreetmap.org/node/13959917401
alpr-osm-13960966501,ALPR camera,Otter Tail County,MN,27111,46.2824459,-96.0728514,probabilistic,,,Flock Safety,fixed,188;117;255,traffic,public,13960966501,https://www.openstreetmap.org/node/13960966501
alpr-osm-13960967301,ALPR camera,Otter Tail County,MN,27111,46.2865609,-96.0762364,probabilistic,,,Motorola Solutions,fixed,163,traffic,public,13960967301,https://www.openstreetmap.org/node/13960967301
alpr-osm-13960969701,ALPR camera,Otter Tail County,MN,27111,46.2852466,-96.0742652,probabilistic,,,Motorola Solutions,fixed,134,traffic,public,13960969701,https://www.openstreetmap.org/node/13960969701
alpr-osm-13960970701,ALPR camera,Otter Tail County,MN,27111,46.2846751,-96.0725078,probabilistic,,,Motorola Solutions,fixed,137,traffic,public,13960970701,https://www.openstreetmap.org/node/13960970701
alpr-osm-13961350526,ALPR camera — Gustavus Adolphus College Campus Safety,Nicollet County,MN,27103,44.3236717,-93.96862,probabilistic,,Gustavus Adolphus College Campus Safety,Flock Safety,fixed,200,traffic,public,13961350526,https://www.openstreetmap.org/node/13961350526
alpr-osm-13962153802,ALPR camera,Kandiyohi County,MN,27067,45.2309349,-94.940196,probabilistic,,,Flock Safety,fixed,154;49,traffic,public,13962153802,https://www.openstreetmap.org/node/13962153802
alpr-osm-13962159402,ALPR camera,Kandiyohi County,MN,27067,45.2319475,-94.9395429,probabilistic,,,Flock Safety,fixed,221,traffic,public,13962159402,https://www.openstreetmap.org/node/13962159402
alpr-osm-13962808701,ALPR camera,St. Louis County,MN,27137,47.8051769,-92.3723737,probabilistic,,,Flock Safety,fixed,337,traffic,public,13962808701,https://www.openstreetmap.org/node/13962808701
alpr-osm-13962818702,ALPR camera,St. Louis County,MN,27137,47.5192344,-92.1465761,probabilistic,,,Flock Safety,fixed,284,traffic,public,13962818702,https://www.openstreetmap.org/node/13962818702
alpr-osm-13963110801,ALPR camera,Itasca County,MN,27061,47.3989718,-93.075467,probabilistic,,,Flock Safety,fixed,340,traffic,public,13963110801,https://www.openstreetmap.org/node/13963110801
alpr-osm-13965724717,ALPR camera — City of Willmar - Police,Kandiyohi County,MN,27067,45.2341336,-94.9398512,probabilistic,,City of Willmar - Police,Flock Safety,fixed,140;30,,,13965724717,https://www.openstreetmap.org/node/13965724717
alpr-osm-13965757101,ALPR camera,Sherburne County,MN,27141,45.5266818,-94.1335384,probabilistic,,,Flock Safety,fixed,137,traffic,public,13965757101,https://www.openstreetmap.org/node/13965757101
alpr-osm-13968448602,ALPR camera,Ramsey County,MN,27123,44.9671497,-93.0964081,probabilistic,,,Flock Safety,fixed,180,traffic,public,13968448602,https://www.openstreetmap.org/node/13968448602
alpr-osm-13968789043,ALPR camera,Anoka County,MN,27003,45.1754493,-93.2547957,probabilistic,,,,panorama,,traffic,public,13968789043,https://www.openstreetmap.org/node/13968789043
alpr-osm-13969110701,ALPR camera,Hennepin County,MN,27053,44.9855559,-93.239193,probabilistic,,,Flock Safety,fixed,165,traffic,public,13969110701,https://www.openstreetmap.org/node/13969110701
alpr-osm-13969349101,ALPR camera,Otter Tail County,MN,27111,46.2845023,-96.1034773,probabilistic,,,Motorola Solutions,fixed,282,traffic,public,13969349101,https://www.openstreetmap.org/node/13969349101
alpr-osm-13970647001,ALPR camera,Dakota County,MN,27037,44.7455002,-93.2888395,probabilistic,,,Flock Safety,fixed,266,traffic,public,13970647001,https://www.openstreetmap.org/node/13970647001
alpr-osm-13970908302,ALPR camera,Dakota County,MN,27037,44.7121299,-93.2717191,probabilistic,,,Flock Safety,fixed,27,traffic,public,13970908302,https://www.openstreetmap.org/node/13970908302
alpr-osm-13970909201,ALPR camera,Dakota County,MN,27037,44.7121027,-93.2713906,probabilistic,,,Flock Safety,fixed,341,traffic,public,13970909201,https://www.openstreetmap.org/node/13970909201
alpr-osm-13970912001,ALPR camera,Dakota County,MN,27037,44.7120327,-93.2717246,probabilistic,,,Motorola Solutions,fixed,151,traffic,public,13970912001,https://www.openstreetmap.org/node/13970912001
alpr-osm-13970912002,ALPR camera,Dakota County,MN,27037,44.7120365,-93.2714617,probabilistic,,,Axis Communications,fixed,188,traffic,public,13970912002,https://www.openstreetmap.org/node/13970912002
alpr-osm-13971341302,ALPR camera,Todd County,MN,27153,45.8303408,-94.9361941,probabilistic,,,Flock Safety,fixed,359,traffic,public,13971341302,https://www.openstreetmap.org/node/13971341302
alpr-osm-13971867101,ALPR camera,Washington County,MN,27163,44.9438017,-92.8961968,probabilistic,,,Flock Safety,fixed,73,traffic,public,13971867101,https://www.openstreetmap.org/node/13971867101
alpr-osm-13972956002,ALPR camera,Washington County,MN,27163,44.8136321,-92.9357631,probabilistic,,,Flock Safety,fixed,170,traffic,public,13972956002,https://www.openstreetmap.org/node/13972956002
alpr-osm-13973765401,ALPR camera,Washington County,MN,27163,45.0969734,-92.9834863,probabilistic,,,Motorola Solutions,fixed,113,traffic,public,13973765401,https://www.openstreetmap.org/node/13973765401
alpr-osm-13973765402,ALPR camera — The Home Depot,Ramsey County,MN,27123,45.0137945,-93.0176731,probabilistic,,The Home Depot,Flock Safety,fixed,166,traffic,public,13973765402,https://www.openstreetmap.org/node/13973765402
alpr-osm-13974964528,ALPR camera,Kandiyohi County,MN,27067,45.3554612,-94.7827202,probabilistic,,,Flock Safety,fixed,250,traffic,public,13974964528,https://www.openstreetmap.org/node/13974964528
alpr-osm-13976487201,ALPR camera,Hennepin County,MN,27053,44.9635091,-93.3472177,probabilistic,,,Flock Safety,fixed,256,traffic,public,13976487201,https://www.openstreetmap.org/node/13976487201
alpr-osm-13977870601,ALPR camera,Hennepin County,MN,27053,44.9631274,-93.3510703,probabilistic,,,Flock Safety,fixed,288,traffic,public,13977870601,https://www.openstreetmap.org/node/13977870601
alpr-osm-13979233601,ALPR camera,Itasca County,MN,27061,47.6122942,-93.194276,probabilistic,,,Flock Safety,dome,0-360,traffic,public,13979233601,https://www.openstreetmap.org/node/13979233601
alpr-osm-13979236706,ALPR camera,Washington County,MN,27163,45.0580593,-92.839201,probabilistic,,,Flock Safety,fixed,240,traffic,public,13979236706,https://www.openstreetmap.org/node/13979236706
alpr-osm-13979415601,ALPR camera,Ramsey County,MN,27123,44.9554398,-93.1093305,probabilistic,,,Flock Safety,fixed,175,traffic,public,13979415601,https://www.openstreetmap.org/node/13979415601
alpr-osm-13982985701,ALPR camera,Hennepin County,MN,27053,44.9650064,-93.2211619,probabilistic,,,Flock Safety,fixed,303,traffic,public,13982985701,https://www.openstreetmap.org/node/13982985701
alpr-osm-13983623202,ALPR camera,Carlton County,MN,27017,46.4531189,-92.7297904,probabilistic,,,Flock Safety,fixed,0;180;90;270,traffic,public,13983623202,https://www.openstreetmap.org/node/13983623202
alpr-osm-13983632001,ALPR camera,Hennepin County,MN,27053,44.9644689,-93.3347871,probabilistic,,,Flock Safety,fixed,63,traffic,public,13983632001,https://www.openstreetmap.org/node/13983632001
alpr-osm-13983841001,ALPR camera,Hennepin County,MN,27053,44.9561286,-93.3435881,probabilistic,,,Flock Safety,fixed,237,traffic,public,13983841001,https://www.openstreetmap.org/node/13983841001
alpr-osm-13983842301,ALPR camera,Hennepin County,MN,27053,44.9562697,-93.3435479,probabilistic,,,Flock Safety,fixed,257,traffic,public,13983842301,https://www.openstreetmap.org/node/13983842301
alpr-osm-13987072701,ALPR camera,Ramsey County,MN,27123,44.9472458,-92.9856717,probabilistic,,,Flock Safety,fixed,125,traffic,public,13987072701,https://www.openstreetmap.org/node/13987072701
alpr-osm-13987310201,ALPR camera,Crow Wing County,MN,27035,46.3987634,-94.176924,probabilistic,,,Flock Safety,fixed,352,traffic,public,13987310201,https://www.openstreetmap.org/node/13987310201
alpr-osm-13988044501,ALPR camera,Anoka County,MN,27003,45.1878144,-93.3787897,probabilistic,,,Flock Safety,fixed,96,traffic,public,13988044501,https://www.openstreetmap.org/node/13988044501
alpr-osm-13988656701,ALPR camera,Ramsey County,MN,27123,45.0153869,-93.0150448,probabilistic,,,Flock Safety,fixed,227,traffic,public,13988656701,https://www.openstreetmap.org/node/13988656701
alpr-osm-13989135001,ALPR camera,Mahnomen County,MN,27087,47.3150298,-95.9651598,probabilistic,,,Flock Safety,fixed,344,traffic,public,13989135001,https://www.openstreetmap.org/node/13989135001
alpr-osm-13990921161,ALPR camera,Hennepin County,MN,27053,44.9841575,-93.3590168,probabilistic,,,Flock Safety,fixed,25,traffic,public,13990921161,https://www.openstreetmap.org/node/13990921161
alpr-osm-13991464401,ALPR camera,Kandiyohi County,MN,27067,44.93593,-94.7630843,probabilistic,,,Flock Safety,fixed,220,traffic,public,13991464401,https://www.openstreetmap.org/node/13991464401
alpr-osm-13993270802,ALPR camera,Hennepin County,MN,27053,44.9972067,-93.4740256,probabilistic,,,Flock Safety,fixed,132,traffic,public,13993270802,https://www.openstreetmap.org/node/13993270802
alpr-osm-13993273701,ALPR camera,Hennepin County,MN,27053,44.9966555,-93.4774846,probabilistic,,,Flock Safety,fixed,47;310;160,traffic,public,13993273701,https://www.openstreetmap.org/node/13993273701
alpr-osm-13995938474,ALPR camera,Hennepin County,MN,27053,44.9421788,-93.5022866,probabilistic,,,Motorola Solutions,fixed,180,,,13995938474,https://www.openstreetmap.org/node/13995938474
alpr-osm-13995938475,ALPR camera,Hennepin County,MN,27053,44.9420472,-93.5025124,probabilistic,,,Motorola Solutions,fixed,90,,,13995938475,https://www.openstreetmap.org/node/13995938475
alpr-osm-13995938476,ALPR camera,Hennepin County,MN,27053,44.941867,-93.5023005,probabilistic,,,Motorola Solutions,fixed,0,,,13995938476,https://www.openstreetmap.org/node/13995938476
alpr-osm-13995938477,ALPR camera,Hennepin County,MN,27053,44.9420243,-93.5020765,probabilistic,,,Motorola Solutions,fixed,270,,,13995938477,https://www.openstreetmap.org/node/13995938477
alpr-osm-13995938478,ALPR camera,Hennepin County,MN,27053,44.9380621,-93.4669043,probabilistic,,,Motorola Solutions,fixed,180,,,13995938478,https://www.openstreetmap.org/node/13995938478
alpr-osm-13995938479,ALPR camera,Hennepin County,MN,27053,44.9379338,-93.4670429,probabilistic,,,Motorola Solutions,fixed,80,,,13995938479,https://www.openstreetmap.org/node/13995938479
alpr-osm-13995938480,ALPR camera,Hennepin County,MN,27053,44.9378097,-93.4668961,probabilistic,,,Motorola Solutions,fixed,0,,,13995938480,https://www.openstreetmap.org/node/13995938480
alpr-osm-13995938481,ALPR camera,Hennepin County,MN,27053,44.9379536,-93.4667493,probabilistic,,,Motorola Solutions,fixed,270,,,13995938481,https://www.openstreetmap.org/node/13995938481
alpr-osm-13995993201,ALPR camera,Pine County,MN,27115,46.3750195,-92.7917089,probabilistic,,,Flock Safety,fixed,231,traffic,public,13995993201,https://www.openstreetmap.org/node/13995993201
alpr-osm-13996490001,ALPR camera,Sherburne County,MN,27141,45.282247,-93.541467,probabilistic,,,Genetec,fixed,311,traffic,public,13996490001,https://www.openstreetmap.org/node/13996490001
alpr-osm-13996540601,ALPR camera,Renville County,MN,27129,44.7238634,-94.5123394,probabilistic,,,Flock Safety,fixed,117;233,traffic,public,13996540601,https://www.openstreetmap.org/node/13996540601
alpr-osm-13996544301,ALPR camera,Renville County,MN,27129,44.7852511,-95.0512601,probabilistic,,,Flock Safety,fixed,268,traffic,public,13996544301,https://www.openstreetmap.org/node/13996544301
alpr-osm-14000380401,ALPR camera,Crow Wing County,MN,27035,46.6483269,-94.3366659,probabilistic,,,Flock Safety,fixed,138,traffic,public,14000380401,https://www.openstreetmap.org/node/14000380401
alpr-osm-14001094001,ALPR camera,Hubbard County,MN,27057,46.9056552,-95.0586445,probabilistic,,,Flock Safety,fixed,348,traffic,public,14001094001,https://www.openstreetmap.org/node/14001094001
alpr-osm-14001679601,ALPR camera,Hennepin County,MN,27053,44.8115413,-93.4118601,probabilistic,,,Flock Safety,fixed,152,traffic,public,14001679601,https://www.openstreetmap.org/node/14001679601
alpr-osm-14002125501,ALPR camera,Stearns County,MN,27145,45.6554804,-94.2079697,probabilistic,,,Flock Safety,fixed,0,traffic,public,14002125501,https://www.openstreetmap.org/node/14002125501
alpr-osm-14002332201,ALPR camera,Hennepin County,MN,27053,44.8478067,-93.5035973,probabilistic,,,Motorola Solutions,fixed,141,traffic,public,14002332201,https://www.openstreetmap.org/node/14002332201
alpr-osm-14002738303,ALPR camera,Hennepin County,MN,27053,44.8110825,-93.4116099,probabilistic,,,Flock Safety,fixed,0,traffic,public,14002738303,https://www.openstreetmap.org/node/14002738303
alpr-osm-14003028901,ALPR camera,Wright County,MN,27171,45.0871029,-93.7358991,probabilistic,,,Flock Safety,fixed,199,traffic,public,14003028901,https://www.openstreetmap.org/node/14003028901
alpr-osm-14003609801,ALPR camera,Dakota County,MN,27037,44.8034187,-93.143342,probabilistic,,,Flock Safety,fixed,323,traffic,public,14003609801,https://www.openstreetmap.org/node/14003609801
alpr-osm-14004133428,ALPR camera,Anoka County,MN,27003,45.1403516,-93.2915314,probabilistic,,,Flock Safety,fixed,310,traffic,public,14004133428,https://www.openstreetmap.org/node/14004133428
alpr-osm-14004493476,ALPR camera,Anoka County,MN,27003,45.141505,-93.2779467,probabilistic,,,Flock Safety,fixed,202,traffic,public,14004493476,https://www.openstreetmap.org/node/14004493476
alpr-osm-14004515201,ALPR camera,Hennepin County,MN,27053,44.9710663,-93.217677,probabilistic,,,Flock Safety,fixed,0,traffic,public,14004515201,https://www.openstreetmap.org/node/14004515201
alpr-osm-14004717902,ALPR camera,Pine County,MN,27115,45.8463006,-92.9683231,probabilistic,,,Flock Safety,fixed,278,traffic,public,14004717902,https://www.openstreetmap.org/node/14004717902
alpr-osm-14007318001,ALPR camera,Hubbard County,MN,27057,46.9107869,-95.043222,probabilistic,,,Flock Safety,fixed,261,traffic,public,14007318001,https://www.openstreetmap.org/node/14007318001
alpr-osm-14011193701,ALPR camera,St. Louis County,MN,27137,47.4586056,-92.6006646,probabilistic,,,Flock Safety,fixed,223,traffic,public,14011193701,https://www.openstreetmap.org/node/14011193701
alpr-osm-14012171001,ALPR camera,Kandiyohi County,MN,27067,45.1391195,-94.7772503,probabilistic,,,Flock Safety,fixed,241,traffic,public,14012171001,https://www.openstreetmap.org/node/14012171001
alpr-osm-14013629186,ALPR camera,Wright County,MN,27171,45.4129915,-94.0559828,probabilistic,,,Flock Safety,fixed,22,traffic,public,14013629186,https://www.openstreetmap.org/node/14013629186
alpr-osm-14014972277,ALPR camera,Hennepin County,MN,27053,44.9085065,-93.5037947,probabilistic,,,Motorola Solutions,fixed,300,,,14014972277,https://www.openstreetmap.org/node/14014972277
alpr-osm-14014972278,ALPR camera,Hennepin County,MN,27053,44.9088558,-93.5040748,probabilistic,,,Motorola Solutions,fixed,130,,,14014972278,https://www.openstreetmap.org/node/14014972278
alpr-osm-14014972279,ALPR camera,Hennepin County,MN,27053,44.9087786,-93.5037543,probabilistic,,,Motorola Solutions,fixed,210,,,14014972279,https://www.openstreetmap.org/node/14014972279
alpr-osm-14014972280,ALPR camera,Hennepin County,MN,27053,44.908579,-93.5041501,probabilistic,,,Motorola Solutions,fixed,30,,,14014972280,https://www.openstreetmap.org/node/14014972280
alpr-osm-14015092001,ALPR camera,Kandiyohi County,MN,27067,44.9359051,-94.7735548,probabilistic,,,Flock Safety,fixed,240,traffic,public,14015092001,https://www.openstreetmap.org/node/14015092001
alpr-osm-14016499401,ALPR camera,Crow Wing County,MN,27035,46.3406477,-94.3203684,probabilistic,,,Flock Safety,fixed,81,traffic,public,14016499401,https://www.openstreetmap.org/node/14016499401
alpr-osm-14017705001,ALPR camera,Ramsey County,MN,27123,45.01547,-93.0199396,probabilistic,,,Flock Safety,fixed,26,traffic,public,14017705001,https://www.openstreetmap.org/node/14017705001
alpr-osm-14017707701,ALPR camera,Ramsey County,MN,27123,45.0156243,-93.0174319,probabilistic,,,Flock Safety,fixed,250,traffic,public,14017707701,https://www.openstreetmap.org/node/14017707701
alpr-osm-14017780901,ALPR camera,Kandiyohi County,MN,27067,45.3511067,-95.2399501,probabilistic,,,Flock Safety,fixed,85,traffic,public,14017780901,https://www.openstreetmap.org/node/14017780901
alpr-osm-14018627901,ALPR camera,Renville County,MN,27129,44.7783946,-95.0262291,probabilistic,,,Flock Safety,fixed,258;134,traffic,public,14018627901,https://www.openstreetmap.org/node/14018627901
alpr-osm-14018869798,ALPR camera,Hennepin County,MN,27053,45.0520108,-93.5234069,probabilistic,,,,fixed,100,outdoor,private,14018869798,https://www.openstreetmap.org/node/14018869798
alpr-osm-14020142501,ALPR camera,Anoka County,MN,27003,45.0710909,-93.2763997,probabilistic,,,Flock Safety,fixed,0,traffic,public,14020142501,https://www.openstreetmap.org/node/14020142501
alpr-osm-14020148401,ALPR camera,Hennepin County,MN,27053,45.0744898,-93.2861604,probabilistic,,,Flock Safety,fixed,52,traffic,public,14020148401,https://www.openstreetmap.org/node/14020148401
alpr-osm-14020955301,ALPR camera,Todd County,MN,27153,46.3521341,-94.7751027,probabilistic,,,Motorola Solutions,fixed,318,traffic,public,14020955301,https://www.openstreetmap.org/node/14020955301
alpr-osm-14022088901,ALPR camera,Ramsey County,MN,27123,44.9570431,-93.093244,probabilistic,,,Genetec,fixed,298,traffic,public,14022088901,https://www.openstreetmap.org/node/14022088901
alpr-osm-14022090101,ALPR camera,Ramsey County,MN,27123,44.9558736,-93.093061,probabilistic,,,Genetec,fixed,117,traffic,public,14022090101,https://www.openstreetmap.org/node/14022090101
alpr-osm-14022090102,ALPR camera,Ramsey County,MN,27123,44.9556568,-93.0956547,probabilistic,,,Genetec,fixed,244,traffic,public,14022090102,https://www.openstreetmap.org/node/14022090102
alpr-osm-14022092501,ALPR camera,Ramsey County,MN,27123,44.9544899,-93.0943288,probabilistic,,,Genetec,fixed,137,traffic,public,14022092501,https://www.openstreetmap.org/node/14022092501
alpr-osm-14022096701,ALPR camera,Ramsey County,MN,27123,44.9567064,-93.0927476,probabilistic,,,Genetec,fixed,146,traffic,public,14022096701,https://www.openstreetmap.org/node/14022096701
alpr-osm-14022998501,ALPR camera,Washington County,MN,27163,45.2863429,-93.0192226,probabilistic,,,Flock Safety,fixed,0,traffic,public,14022998501,https://www.openstreetmap.org/node/14022998501
alpr-osm-14023336001,ALPR camera,Hennepin County,MN,27053,44.9927399,-93.2737244,probabilistic,,,Genetec,fixed,66,traffic,public,14023336001,https://www.openstreetmap.org/node/14023336001
alpr-osm-14023336201,ALPR camera,Hennepin County,MN,27053,44.9928619,-93.2740025,probabilistic,,,Genetec,fixed,246,traffic,public,14023336201,https://www.openstreetmap.org/node/14023336201
alpr-osm-14023710598,ALPR camera,Hennepin County,MN,27053,45.0140025,-93.3202803,probabilistic,,,Flock Safety,fixed,265,traffic,public,14023710598,https://www.openstreetmap.org/node/14023710598
alpr-osm-14023840301,ALPR camera,Benton County,MN,27009,45.6122555,-94.1687845,probabilistic,,,Motorola Solutions,fixed,359,traffic,public,14023840301,https://www.openstreetmap.org/node/14023840301
alpr-osm-14024070101,ALPR camera,Kandiyohi County,MN,27067,44.9336299,-95.0439733,probabilistic,,,Flock Safety,fixed,332,traffic,public,14024070101,https://www.openstreetmap.org/node/14024070101
alpr-osm-14024076301,ALPR camera,McLeod County,MN,27085,44.8953835,-94.4369759,probabilistic,,,Flock Safety,fixed,159,traffic,public,14024076301,https://www.openstreetmap.org/node/14024076301
alpr-osm-14024434403,ALPR camera,Washington County,MN,27163,45.0394317,-92.8075279,probabilistic,,,Flock Safety,fixed,343,traffic,public,14024434403,https://www.openstreetmap.org/node/14024434403
alpr-osm-14024436402,ALPR camera,Washington County,MN,27163,45.0393878,-92.8076981,probabilistic,,,Flock Safety,fixed,162,traffic,public,14024436402,https://www.openstreetmap.org/node/14024436402
alpr-osm-14024786201,ALPR camera,Hennepin County,MN,27053,45.0874339,-93.3003296,probabilistic,,,Flock Safety,fixed,211;324,traffic,public,14024786201,https://www.openstreetmap.org/node/14024786201
alpr-osm-14024788802,ALPR camera,Hennepin County,MN,27053,45.0076275,-93.3801716,probabilistic,,,Flock Safety,fixed,329;202,traffic,public,14024788802,https://www.openstreetmap.org/node/14024788802
alpr-osm-14024967601,ALPR camera — The Home Depot,Dakota County,MN,27037,44.730881,-93.200492,probabilistic,,The Home Depot,Flock Safety,fixed,18,traffic,public,14024967601,https://www.openstreetmap.org/node/14024967601
alpr-osm-14024972201,ALPR camera — The Home Depot,Dakota County,MN,27037,44.7310503,-93.1985516,probabilistic,,The Home Depot,Flock Safety,fixed,318,traffic,public,14024972201,https://www.openstreetmap.org/node/14024972201
alpr-osm-14025053401,ALPR camera,Ramsey County,MN,27123,44.9990588,-93.1664273,probabilistic,,,Motorola Solutions,fixed,226,traffic,public,14025053401,https://www.openstreetmap.org/node/14025053401
alpr-osm-14025053801,ALPR camera,Ramsey County,MN,27123,44.9989515,-93.1665838,probabilistic,,,Motorola Solutions,fixed,0,traffic,public,14025053801,https://www.openstreetmap.org/node/14025053801
alpr-osm-14025057301,ALPR camera,Ramsey County,MN,27123,45.0035477,-93.1654245,probabilistic,,,Motorola Solutions,fixed,0;73;147;218;289,traffic,public,14025057301,https://www.openstreetmap.org/node/14025057301
alpr-osm-14025129101,ALPR camera — The Home Depot,Hennepin County,MN,27053,45.1354312,-93.4798232,probabilistic,,The Home Depot,Flock Safety,fixed,28,traffic,public,14025129101,https://www.openstreetmap.org/node/14025129101
alpr-osm-14025273178,ALPR camera,Hennepin County,MN,27053,44.9608467,-93.2952119,probabilistic,,,Flock Safety,fixed,250,parking,public,14025273178,https://www.openstreetmap.org/node/14025273178
alpr-osm-14025273180,ALPR camera,Hennepin County,MN,27053,44.9608497,-93.2953791,probabilistic,,,Flock Safety,fixed,180,parking,public,14025273180,https://www.openstreetmap.org/node/14025273180
alpr-osm-14026482002,ALPR camera,Dakota County,MN,27037,44.7417756,-92.9586967,probabilistic,,,Flock Safety,fixed,73,traffic,public,14026482002,https://www.openstreetmap.org/node/14026482002
alpr-osm-14028915676,ALPR camera,Anoka County,MN,27003,45.1680207,-93.2335114,probabilistic,,,Flock Safety,fixed,70,traffic,public,14028915676,https://www.openstreetmap.org/node/14028915676
alpr-osm-14029882101,ALPR camera,Dakota County,MN,27037,44.6434032,-93.2184885,probabilistic,,,Flock Safety,fixed,248,traffic,public,14029882101,https://www.openstreetmap.org/node/14029882101
alpr-osm-14029918929,ALPR camera — Minneapolis Police Department,Hennepin County,MN,27053,45.004525,-93.2358922,probabilistic,,Minneapolis Police Department,Insight LPR,fixed,80,traffic,public,14029918929,https://www.openstreetmap.org/node/14029918929
alpr-osm-14029956201,ALPR camera,Hennepin County,MN,27053,44.8832292,-93.2879824,probabilistic,,,Flock Safety,fixed,276,traffic,public,14029956201,https://www.openstreetmap.org/node/14029956201
alpr-osm-14031124601,ALPR camera,Pine County,MN,27115,45.7641199,-92.9649012,probabilistic,,,Flock Safety,fixed,120,traffic,public,14031124601,https://www.openstreetmap.org/node/14031124601
alpr-osm-14031234901,ALPR camera,Crow Wing County,MN,27035,46.3693866,-94.2431163,probabilistic,,,Flock Safety,fixed,79,traffic,public,14031234901,https://www.openstreetmap.org/node/14031234901
alpr-osm-14031363101,ALPR camera,Becker County,MN,27005,46.7992437,-95.807505,probabilistic,,,Flock Safety,fixed,315,traffic,public,14031363101,https://www.openstreetmap.org/node/14031363101
alpr-osm-14031724501,ALPR camera,Washington County,MN,27163,44.834133,-92.95494,probabilistic,,,Flock Safety,fixed,256,traffic,public,14031724501,https://www.openstreetmap.org/node/14031724501
alpr-osm-14031980401,ALPR camera,Hennepin County,MN,27053,44.8832312,-93.287981,probabilistic,,,Flock Safety,fixed,90,traffic,public,14031980401,https://www.openstreetmap.org/node/14031980401
alpr-osm-14031984401,ALPR camera,Wright County,MN,27171,45.2441961,-93.6635193,probabilistic,,,Flock Safety,fixed,284,traffic,public,14031984401,https://www.openstreetmap.org/node/14031984401
alpr-osm-14040359401,ALPR camera,Ramsey County,MN,27123,44.9520508,-93.1212466,probabilistic,,,Genetec,fixed,233,traffic,public,14040359401,https://www.openstreetmap.org/node/14040359401
alpr-osm-14040620701,ALPR camera,Hennepin County,MN,27053,44.8515197,-93.2643418,probabilistic,,,Flock Safety,fixed,278,traffic,public,14040620701,https://www.openstreetmap.org/node/14040620701
alpr-osm-14040620702,ALPR camera,Hennepin County,MN,27053,44.8515069,-93.2643935,probabilistic,,,Flock Safety,fixed,84,traffic,public,14040620702,https://www.openstreetmap.org/node/14040620702
alpr-osm-14040880337,ALPR camera — Metropolitan Airports Commission,Hennepin County,MN,27053,44.8762903,-93.2239955,probabilistic,,Metropolitan Airports Commission,,fixed,285,traffic,public,14040880337,https://www.openstreetmap.org/node/14040880337
alpr-osm-14040902028,ALPR camera — Metropolitan Airports Commission,Hennepin County,MN,27053,44.8792848,-93.1987774,probabilistic,,Metropolitan Airports Commission,,fixed,300,traffic,public,14040902028,https://www.openstreetmap.org/node/14040902028
alpr-osm-14040904997,ALPR camera — Metropolitan Airports Commission,Hennepin County,MN,27053,44.8788996,-93.1985023,probabilistic,,Metropolitan Airports Commission,,fixed,110,traffic,public,14040904997,https://www.openstreetmap.org/node/14040904997
alpr-osm-14041888101,ALPR camera,Dakota County,MN,27037,44.7464911,-93.1600774,probabilistic,,,Flock Safety,fixed,226,traffic,public,14041888101,https://www.openstreetmap.org/node/14041888101
alpr-osm-14044893601,ALPR camera,Itasca County,MN,27061,47.2602206,-93.6128656,probabilistic,,,Flock Safety,fixed,97,traffic,public,14044893601,https://www.openstreetmap.org/node/14044893601
alpr-osm-14045008702,ALPR camera,Chisago County,MN,27025,45.4704968,-92.9801506,probabilistic,,,Flock Safety,fixed,333,traffic,public,14045008702,https://www.openstreetmap.org/node/14045008702
alpr-osm-14045960401,ALPR camera,Hennepin County,MN,27053,44.8516282,-93.265611,probabilistic,,,Flock Safety,fixed,184,traffic,public,14045960401,https://www.openstreetmap.org/node/14045960401
alpr-osm-14046109201,ALPR camera,Anoka County,MN,27003,45.2122202,-93.3905124,probabilistic,,,Flock Safety,fixed,5,traffic,public,14046109201,https://www.openstreetmap.org/node/14046109201
alpr-osm-14047581002,ALPR camera,Isanti County,MN,27059,45.5879415,-93.5111523,probabilistic,,,Flock Safety,fixed,79,traffic,public,14047581002,https://www.openstreetmap.org/node/14047581002
alpr-osm-14049514701,ALPR camera,Itasca County,MN,27061,47.2903534,-93.4141172,probabilistic,,,Flock Safety,fixed,232,traffic,public,14049514701,https://www.openstreetmap.org/node/14049514701
alpr-osm-14049521902,ALPR camera,Itasca County,MN,27061,47.3026258,-93.379742,probabilistic,,,Flock Safety,fixed,5,traffic,public,14049521902,https://www.openstreetmap.org/node/14049521902
alpr-osm-14049607101,ALPR camera,Chisago County,MN,27025,45.4702298,-92.9184443,probabilistic,,,Flock Safety,fixed,338,traffic,public,14049607101,https://www.openstreetmap.org/node/14049607101
alpr-osm-14049636802,ALPR camera,Chisago County,MN,27025,45.5098226,-92.9024163,probabilistic,,,Flock Safety,fixed,228,traffic,public,14049636802,https://www.openstreetmap.org/node/14049636802
alpr-osm-14049727701,ALPR camera,St. Louis County,MN,27137,46.7408638,-92.1665617,probabilistic,,,Flock Safety,fixed,178,traffic,public,14049727701,https://www.openstreetmap.org/node/14049727701
alpr-osm-14049808705,ALPR camera,Ramsey County,MN,27123,44.9920866,-93.1258751,probabilistic,,,Flock Safety,fixed,342,traffic,public,14049808705,https://www.openstreetmap.org/node/14049808705
alpr-osm-14049952001,ALPR camera,Hennepin County,MN,27053,44.9268398,-93.330911,probabilistic,,,Flock Safety,fixed,300,traffic,public,14049952001,https://www.openstreetmap.org/node/14049952001
alpr-osm-14051992202,ALPR camera,Hennepin County,MN,27053,44.9501204,-93.5161288,probabilistic,,,Flock Safety,fixed,313,traffic,public,14051992202,https://www.openstreetmap.org/node/14051992202
alpr-osm-14052054401,ALPR camera,Todd County,MN,27153,45.9769772,-94.6489745,probabilistic,,,Flock Safety,fixed,264,traffic,public,14052054401,https://www.openstreetmap.org/node/14052054401
alpr-osm-14053871501,ALPR camera,Anoka County,MN,27003,45.1293833,-93.2620448,probabilistic,,,Flock Safety,fixed,196,traffic,public,14053871501,https://www.openstreetmap.org/node/14053871501
alpr-osm-14053928076,ALPR camera — Minneapolis Police Department,Hennepin County,MN,27053,45.0045107,-93.2279428,probabilistic,,Minneapolis Police Department,Insight LPR,fixed,55,traffic,public,14053928076,https://www.openstreetmap.org/node/14053928076
alpr-osm-14054136702,ALPR camera,Ramsey County,MN,27123,45.0791572,-93.0158628,probabilistic,,,Motorola Solutions,fixed,50,traffic,public,14054136702,https://www.openstreetmap.org/node/14054136702
alpr-osm-14054138901,ALPR camera,Ramsey County,MN,27123,45.0735954,-93.0199637,probabilistic,,,Motorola Solutions,fixed,182,traffic,public,14054138901,https://www.openstreetmap.org/node/14054138901
alpr-osm-14054392801,ALPR camera,Clay County,MN,27027,46.9771517,-96.7438123,probabilistic,,,Flock Safety,fixed,234,traffic,public,14054392801,https://www.openstreetmap.org/node/14054392801
alpr-osm-14054577002,ALPR camera,Clay County,MN,27027,46.9785997,-96.7468298,probabilistic,,,Flock Safety,fixed,207,traffic,public,14054577002,https://www.openstreetmap.org/node/14054577002
alpr-osm-14054580101,ALPR camera,Clay County,MN,27027,46.8523442,-96.7284444,probabilistic,,,Flock Safety,fixed,319,traffic,public,14054580101,https://www.openstreetmap.org/node/14054580101
alpr-osm-14054965801,ALPR camera,Hennepin County,MN,27053,45.0779372,-93.4336202,probabilistic,,,Flock Safety,fixed,131;195;262;324,traffic,public,14054965801,https://www.openstreetmap.org/node/14054965801
alpr-osm-14055242577,ALPR camera — Minneapolis Police Department,Hennepin County,MN,27053,45.013193,-93.2731456,probabilistic,,Minneapolis Police Department,Insight LPR,fixed,100,traffic,public,14055242577,https://www.openstreetmap.org/node/14055242577
alpr-osm-14055245020,ALPR camera — Minneapolis Police Department,Hennepin County,MN,27053,45.0129981,-93.2747782,probabilistic,,Minneapolis Police Department,Insight LPR,fixed,280,traffic,public,14055245020,https://www.openstreetmap.org/node/14055245020
alpr-osm-14057077401,ALPR camera,Clay County,MN,27027,46.877117,-96.5053669,probabilistic,,,Flock Safety,fixed,275,traffic,public,14057077401,https://www.openstreetmap.org/node/14057077401
alpr-osm-14057255602,ALPR camera,Goodhue County,MN,27049,44.5689907,-92.6170407,probabilistic,,,Flock Safety,fixed,18,traffic,public,14057255602,https://www.openstreetmap.org/node/14057255602
alpr-osm-14057544202,ALPR camera,Clay County,MN,27027,46.8769682,-96.7762183,probabilistic,,,Flock Safety,fixed,272,traffic,public,14057544202,https://www.openstreetmap.org/node/14057544202
alpr-osm-14057544703,ALPR camera,Clay County,MN,27027,46.8771009,-96.7763761,probabilistic,,,Flock Safety,fixed,85,traffic,public,14057544703,https://www.openstreetmap.org/node/14057544703
alpr-osm-14057545601,ALPR camera,Clay County,MN,27027,46.8771183,-96.776229,probabilistic,,,Flock Safety,fixed,191,traffic,public,14057545601,https://www.openstreetmap.org/node/14057545601
alpr-osm-14057546501,ALPR camera,Clay County,MN,27027,46.8769181,-96.7762481,probabilistic,,,Flock Safety,fixed,359,traffic,public,14057546501,https://www.openstreetmap.org/node/14057546501
alpr-osm-14057685169,ALPR camera,St. Louis County,MN,27137,46.7974435,-92.1098808,probabilistic,,,,fixed,,traffic,public,14057685169,https://www.openstreetmap.org/node/14057685169
alpr-osm-14057723901,ALPR camera,Goodhue County,MN,27049,44.5684202,-92.5321715,probabilistic,,,Flock Safety,fixed,101,traffic,public,14057723901,https://www.openstreetmap.org/node/14057723901
alpr-osm-14057726701,ALPR camera,Goodhue County,MN,27049,44.5633035,-92.5290236,probabilistic,,,Flock Safety,fixed,110,traffic,public,14057726701,https://www.openstreetmap.org/node/14057726701
alpr-osm-14058680501,ALPR camera,Ramsey County,MN,27123,45.0648686,-93.024514,probabilistic,,,Motorola Solutions,fixed,228,traffic,public,14058680501,https://www.openstreetmap.org/node/14058680501
alpr-osm-14059129801,ALPR camera,Goodhue County,MN,27049,44.5514303,-92.5678773,probabilistic,,,Flock Safety,fixed,357,traffic,public,14059129801,https://www.openstreetmap.org/node/14059129801
alpr-osm-14059847603,ALPR camera,Goodhue County,MN,27049,44.5656849,-92.58528,probabilistic,,,Flock Safety,fixed,349,traffic,public,14059847603,https://www.openstreetmap.org/node/14059847603
alpr-osm-14060123001,ALPR camera,Ramsey County,MN,27123,44.9989008,-93.065688,probabilistic,,,Flock Safety,fixed,191,traffic,public,14060123001,https://www.openstreetmap.org/node/14060123001
alpr-osm-14060180101,ALPR camera,Ramsey County,MN,27123,44.9918843,-93.0872615,probabilistic,,,Flock Safety,fixed,250,traffic,public,14060180101,https://www.openstreetmap.org/node/14060180101
alpr-osm-14060312001,ALPR camera,Goodhue County,MN,27049,44.564139,-92.5665199,probabilistic,,,Axis Communications,fixed,120,traffic,public,14060312001,https://www.openstreetmap.org/node/14060312001
alpr-osm-14060315001,ALPR camera,Goodhue County,MN,27049,44.5641767,-92.5663544,probabilistic,,,Axis Communications,fixed,204,traffic,public,14060315001,https://www.openstreetmap.org/node/14060315001
alpr-osm-14060315003,ALPR camera,Goodhue County,MN,27049,44.5677437,-92.5853795,probabilistic,,,Axis Communications,fixed,101,traffic,public,14060315003,https://www.openstreetmap.org/node/14060315003
alpr-osm-14060320101,ALPR camera,Goodhue County,MN,27049,44.5679503,-92.5850302,probabilistic,,,Axis Communications,fixed,187,traffic,public,14060320101,https://www.openstreetmap.org/node/14060320101
alpr-osm-14061982201,ALPR camera — The Home Depot,Anoka County,MN,27003,45.1297925,-93.2629391,probabilistic,,The Home Depot,Flock Safety,fixed,178,traffic,public,14061982201,https://www.openstreetmap.org/node/14061982201
alpr-osm-14061983002,ALPR camera — The Home Depot,Anoka County,MN,27003,45.1280786,-93.2642356,probabilistic,,The Home Depot,Flock Safety,fixed,29,traffic,public,14061983002,https://www.openstreetmap.org/node/14061983002
alpr-osm-14061994302,ALPR camera — The Home Depot,Anoka County,MN,27003,45.1277708,-93.2635212,probabilistic,,The Home Depot,Flock Safety,fixed,1,traffic,public,14061994302,https://www.openstreetmap.org/node/14061994302
alpr-osm-14062109105,ALPR camera,St. Louis County,MN,27137,46.7609786,-92.1311068,probabilistic,,,Flock Safety,fixed,290,traffic,public,14062109105,https://www.openstreetmap.org/node/14062109105
alpr-osm-14062116003,ALPR camera,St. Louis County,MN,27137,46.7606987,-92.1311044,probabilistic,,,Flock Safety,fixed,113,traffic,public,14062116003,https://www.openstreetmap.org/node/14062116003
alpr-osm-14062120302,ALPR camera,St. Louis County,MN,27137,46.8424539,-92.2549525,probabilistic,,,Flock Safety,fixed,103,traffic,public,14062120302,https://www.openstreetmap.org/node/14062120302
alpr-osm-14062132049,ALPR camera,Hennepin County,MN,27053,45.1662276,-93.3750706,probabilistic,,,,,355,traffic,public,14062132049,https://www.openstreetmap.org/node/14062132049