{"type":"FeatureCollection","metadata":{"layer":"crime_minneapolis","schema":"https://github.com/ngabantudev/flockoffmn/blob/main/src/layers/types.ts","featureCount":87,"knownGaps":["Minneapolis only. No statewide Minnesota equivalent exists at this granularity. The BCA's Minnesota Crime Data Explorer (cde.state.mn.us) covers agencies statewide but begins in 2021, offers no sub-city geography, and publishes no bulk export or API — only an interactive portal, which this project's good-citizen fetcher rules bar it from automating. Statewide figures before 2021 exist only inside annual Uniform Crime Report PDFs, and the 2021 boundary is the state’s transition from summary UCR to NIBRS reporting, so a series across it would not be comparable in any case. The FBI's Crime Data Explorer offers statewide agency-level history but requires an api.data.gov key, which this pipeline does not use.","St. Paul is not included. The City of St. Paul publishes crime data at the incident level rather than as a pre-aggregated neighborhood rollup, so including it would require this project to aggregate records that carry case numbers and block-level addresses. That is out of scope permanently under this project’s privacy floor, not a task left undone.","The finest cell published here is one neighborhood, one offense category, one full calendar year. The City itself publishes these counts monthly; this layer deliberately does not, and nothing finer than a neighborhood-year is computed or shipped.","The published series begins in 2018. The upstream dataset's first year, 2017, holds August through December only, and is excluded rather than shown as a full year that would read as a collapse in reported crime that did not happen.","The current calendar year is incomplete (2026 (January–July, incomplete)) and is excluded from the mapped value, the year-by-year series, and the change figure. It is carried only as a separately labeled partial-year total.","Counts are null in about four per cent of upstream rows, all of them between September 2017 and May 2018, where the City recorded a blank instead of a zero. They are read as zero here; the pattern of blanks matches the pattern of explicit zeros in later years almost exactly, offense by offense.","1,625 reported offenses across the whole series carry no neighborhood assignment upstream and appear in no neighborhood on this map.","Eight FBI Part I offense categories only. Offenses outside that list do not appear.","These are counts of offenses reported to and recorded by police, not a count of events."],"source":"City of Minneapolis Open Data, NEIGHBORHOOD CRIME STATS and Minneapolis Neighborhoods","sourceUrl":"https://opendata.minneapolismn.gov/datasets/97ce8f1a93084479929be2750b25187f_0/about","datasetUrl":"https://services.arcgis.com/afSMGVsC7QlRK1kZ/arcgis/rest/services/NEIGHBORHOOD_CRIME_STATS/FeatureServer/0/query","boundaryUrl":"https://services.arcgis.com/afSMGVsC7QlRK1kZ/arcgis/rest/services/Minneapolis_Neighborhoods/FeatureServer/0/query","license":"CC0 1.0 Universal (public domain dedication)","licenseUrl":"https://creativecommons.org/publicdomain/zero/1.0/","attribution":"City of Minneapolis Open Data","sourceDate":"2025","refresh":"periodic","statYear":2025,"firstFullYear":2018,"lastFullYear":2025,"excludedPartialYears":[2017,2026],"neighborhoodCount":87,"unmatchedNeighborhoods":[],"nullCellsReadAsZero":3290,"incidentsNotAssignedToNeighborhood":1625,"lastUpdated":"2026-08-23T04:08:12.165Z"},"features":[{"type":"Feature","geometry":{"type":"Polygon","coordinates":[[[-93.31752,44.90521],[-93.31628,44.90519],[-93.31627,44.90519],[-93.31475,44.90519],[-93.31458,44.9052],[-93.31274,44.90517],[-93.31134,44.90516],[-93.31053,44.90515],[-93.31008,44.90515],[-93.30997,44.90515],[-93.30933,44.90514],[-93.30931,44.90514],[-93.30929,44.90514],[-93.30863,44.90513],[-93.30736,44.90512],[-93.30607,44.90511],[-93.30606,44.90511],[-93.30481,44.90512],[-93.30356,44.90512],[-93.30357,44.90335],[-93.30357,44.90332],[-93.30357,44.90331],[-93.30357,44.9033],[-93.30356,44.90298],[-93.30355,44.90152],[-93.30355,44.90151],[-93.30357,44.89973],[-93.30357,44.89972],[-93.30357,44.89932],[-93.30357,44.89802],[-93.30352,44.8979],[-93.30352,44.89789],[-93.30351,44.89789],[-93.30346,44.89774],[-93.30346,44.8974],[-93.30345,44.8961],[-93.30359,44.89611],[-93.30358,44.8952],[-93.3036,44.8952],[-93.3036,44.8943],[-93.30362,44.8943],[-93.30362,44.89388],[-93.30362,44.89296],[-93.30365,44.89276],[-93.30371,44.89257],[-93.30374,44.89244],[-93.30391,44.89212],[-93.30402,44.89199],[-93.3041,44.89188],[-93.30411,44.89187],[-93.30414,44.89183],[-93.30416,44.8918],[-93.30426,44.89167],[-93.30427,44.89167],[-93.30432,44.89161],[-93.30438,44.89155],[-93.30443,44.89151],[-93.30458,44.89135],[-93.30473,44.89115],[-93.3048,44.89095],[-93.30481,44.89094],[-93.30483,44.89071],[-93.30484,44.89071],[-93.30488,44.89071],[-93.30635,44.89072],[-93.30687,44.89073],[-93.3074,44.89073],[-93.30866,44.89074],[-93.30927,44.89074],[-93.30991,44.89075],[-93.31121,44.89076],[-93.31245,44.89077],[-93.31372,44.89077],[-93.315,44.89078],[-93.31621,44.89079],[-93.31627,44.89079],[-93.31672,44.8908],[-93.31753,44.8908],[-93.31878,44.89081],[-93.31879,44.89081],[-93.3188,44.89081],[-93.31883,44.89081],[-93.31883,44.89082],[-93.31883,44.89249],[-93.31883,44.89258],[-93.31883,44.89259],[-93.31883,44.89296],[-93.31883,44.89439],[-93.31883,44.8962],[-93.31883,44.89621],[-93.31883,44.89651],[-93.31883,44.89659],[-93.31883,44.89662],[-93.31883,44.89676],[-93.31883,44.89719],[-93.31883,44.898],[-93.31883,44.89801],[-93.31883,44.89842],[-93.31883,44.89906],[-93.31883,44.89982],[-93.31883,44.9001],[-93.31883,44.90028],[-93.31883,44.90044],[-93.31883,44.90162],[-93.31883,44.9026],[-93.31883,44.90345],[-93.31883,44.90346],[-93.31883,44.90406],[-93.31883,44.90524],[-93.31882,44.90524],[-93.31754,44.90521],[-93.31752,44.90521]]]},"properties":{"id":"crime-mpls-armatage","layer":"crime_minneapolis","name":"Armatage","county":"Hennepin","state":"MN","countyFips":"27053","attributes":{"neighborhood":"Armatage","statYear":2025,"firstFullYear":2018,"lastFullYear":2025,"homicide":0,"rape":0,"robbery":0,"aggravatedAssault":4,"burglary":10,"larceny":36,"autoTheft":23,"arson":0,"violentTotal":4,"propertyTotal":69,"reportedTotal":73,"reportedTotalBand":"40–99","total2018":88,"total2019":74,"total2020":77,"total2021":66,"total2022":72,"total2023":76,"total2024":68,"total2025":73,"changeSinceFirstFullYear":-15,"partialYearLabel":"2026 (January–July, incomplete)","partialYearTotal":27,"centroidLon":-93.31124,"centroidLat":44.898},"confidence":"confirmed","sourceDate":"2025"}},{"type":"Feature","geometry":{"type":"Polygon","coordinates":[[[-93.24267,45.02393],[-93.2426,45.02392],[-93.24253,45.02392],[-93.24224,45.02391],[-93.24095,45.02393],[-93.23968,45.02392],[-93.23841,45.02394],[-93.23775,45.02394],[-93.23722,45.02394],[-93.23711,45.02394],[-93.2371,45.02394],[-93.23678,45.02391],[-93.2365,45.02383],[-93.23639,45.0238],[-93.23615,45.02373],[-93.23583,45.02365],[-93.23515,45.02335],[-93.2347,45.02313],[-93.23465,45.0231],[-93.23457,45.02307],[-93.23394,45.02271],[-93.23334,45.02229],[-93.23329,45.02225],[-93.23326,45.02222],[-93.23287,45.02184],[-93.23278,45.02175],[-93.23262,45.02158],[-93.23258,45.02153],[-93.23243,45.02134],[-93.23241,45.0213],[-93.23213,45.02094],[-93.23199,45.02075],[-93.23195,45.02071],[-93.23175,45.02047],[-93.23174,45.02046],[-93.23155,45.02026],[-93.23129,45.02004],[-93.23086,45.01977],[-93.23071,45.01968],[-93.23063,45.01964],[-93.23016,45.01942],[-93.22984,45.01932],[-93.22961,45.01924],[-93.22947,45.0192],[-93.22944,45.01919],[-93.2294,45.01918],[-93.229,45.0191],[-93.22894,45.01909],[-93.22889,45.01908],[-93.22884,45.01907],[-93.22883,45.01907],[-93.22877,45.01906],[-93.22871,45.01905],[-93.22863,45.01904],[-93.22854,45.01903],[-93.22847,45.01903],[-93.22841,45.01902],[-93.22835,45.01901],[-93.22829,45.01901],[-93.22824,45.019],[-93.22817,45.01899],[-93.22816,45.01899],[-93.22702,45.01893],[-93.22688,45.01892],[-93.22687,45.01892],[-93.22687,45.01821],[-93.22686,45.0173],[-93.22686,45.01689],[-93.22686,45.01686],[-93.22686,45.01685],[-93.22686,45.01609],[-93.22686,45.01606],[-93.22686,45.01601],[-93.22686,45.01503],[-93.22686,45.01496],[-93.22686,45.0147],[-93.22685,45.01324],[-93.22685,45.01322],[-93.22763,45.01321],[-93.22812,45.01321],[-93.22826,45.01321],[-93.22942,45.0132],[-93.23066,45.01321],[-93.23071,45.01321],[-93.232,45.01321],[-93.23323,45.01321],[-93.23329,45.01321],[-93.23397,45.0132],[-93.23414,45.0132],[-93.23458,45.0132],[-93.23589,45.01319],[-93.23715,45.01319],[-93.23798,45.01319],[-93.23842,45.01319],[-93.23843,45.01319],[-93.23937,45.01319],[-93.2397,45.01318],[-93.24096,45.01318],[-93.24225,45.01317],[-93.24378,45.01317],[-93.24379,45.01317],[-93.24557,45.01316],[-93.24614,45.01316],[-93.24732,45.01316],[-93.24732,45.01317],[-93.24734,45.01496],[-93.24734,45.01497],[-93.24734,45.01533],[-93.24734,45.01677],[-93.24734,45.01678],[-93.24734,45.01696],[-93.24734,45.01856],[-93.24734,45.01857],[-93.24734,45.01859],[-93.24735,45.02027],[-93.24735,45.02038],[-93.24735,45.02046],[-93.24734,45.02218],[-93.24734,45.02221],[-93.24735,45.024],[-93.24735,45.02402],[-93.24735,45.02435],[-93.24735,45.02567],[-93.24735,45.02568],[-93.24733,45.02568],[-93.24732,45.02568],[-93.2473,45.02568],[-93.24729,45.02568],[-93.24665,45.02569],[-93.24606,45.02569],[-93.24546,45.0257],[-93.24544,45.0257],[-93.24543,45.0257],[-93.24519,45.02569],[-93.24518,45.02568],[-93.24492,45.02562],[-93.24491,45.02562],[-93.24477,45.02557],[-93.24445,45.02536],[-93.24441,45.02533],[-93.24426,45.0252],[-93.24423,45.02517],[-93.24422,45.02516],[-93.244,45.02491],[-93.24373,45.0245],[-93.24362,45.02435],[-93.24361,45.02434],[-93.24344,45.0242],[-93.24328,45.02411],[-93.24316,45.02405],[-93.24311,45.02404],[-93.24289,45.02397],[-93.24267,45.02393]]]},"properties":{"id":"crime-mpls-audubon-park","layer":"crime_minneapolis","name":"Audubon Park","county":"Hennepin","state":"MN","countyFips":"27053","attributes":{"neighborhood":"Audubon Park","statYear":2025,"firstFullYear":2018,"lastFullYear":2025,"homicide":0,"rape":1,"robbery":2,"aggravatedAssault":12,"burglary":11,"larceny":44,"autoTheft":44,"arson":0,"violentTotal":15,"propertyTotal":99,"reportedTotal":114,"reportedTotalBand":"100–199","total2018":174,"total2019":144,"total2020":134,"total2021":154,"total2022":149,"total2023":122,"total2024":157,"total2025":114,"changeSinceFirstFullYear":-60,"partialYearLabel":"2026 (January–July, incomplete)","partialYearTotal":100,"centroidLon":-93.2384,"centroidLat":45.01826},"confidence":"confirmed","sourceDate":"2025"}},{"type":"Feature","geometry":{"type":"Polygon","coordinates":[[[-93.26124,44.93415],[-93.25997,44.93414],[-93.2587,44.93414],[-93.25744,44.93414],[-93.25618,44.93413],[-93.25496,44.93414],[-93.25494,44.93414],[-93.25493,44.93414],[-93.25492,44.93414],[-93.2549,44.93414],[-93.25487,44.93414],[-93.25366,44.93412],[-93.25365,44.93412],[-93.25271,44.93412],[-93.2524,44.93412],[-93.25204,44.93413],[-93.25189,44.93413],[-93.25114,44.93414],[-93.2502,44.93413],[-93.24989,44.93412],[-93.24987,44.93412],[-93.24861,44.93411],[-93.2478,44.93412],[-93.24735,44.93412],[-93.24734,44.93412],[-93.24734,44.93411],[-93.24734,44.9341],[-93.24734,44.93377],[-93.24733,44.93239],[-93.24733,44.9323],[-93.24733,44.93229],[-93.24733,44.93053],[-93.24733,44.9305],[-93.24733,44.92987],[-93.24733,44.92874],[-93.24733,44.92871],[-93.24733,44.92863],[-93.24732,44.92695],[-93.24732,44.92694],[-93.24732,44.92693],[-93.24733,44.92693],[-93.24858,44.92694],[-93.24985,44.92694],[-93.25111,44.92694],[-93.25114,44.92694],[-93.25238,44.92694],[-93.25241,44.92694],[-93.25276,44.92694],[-93.25367,44.92694],[-93.2537,44.92694],[-93.25493,44.92694],[-93.2562,44.92694],[-93.25747,44.92693],[-93.25871,44.92694],[-93.25999,44.92694],[-93.26124,44.92694],[-93.26251,44.92694],[-93.26251,44.92695],[-93.26251,44.92722],[-93.2625,44.92833],[-93.26249,44.92872],[-93.26249,44.92874],[-93.26249,44.92875],[-93.26249,44.92877],[-93.26249,44.93055],[-93.26247,44.93235],[-93.26247,44.93236],[-93.2625,44.93379],[-93.2625,44.93415],[-93.2625,44.93416],[-93.26248,44.93416],[-93.26246,44.93416],[-93.26208,44.93415],[-93.26147,44.93415],[-93.26139,44.93415],[-93.26124,44.93415]]]},"properties":{"id":"crime-mpls-bancroft","layer":"crime_minneapolis","name":"Bancroft","county":"Hennepin","state":"MN","countyFips":"27053","attributes":{"neighborhood":"Bancroft","statYear":2025,"firstFullYear":2018,"lastFullYear":2025,"homicide":0,"rape":2,"robbery":3,"aggravatedAssault":4,"burglary":15,"larceny":47,"autoTheft":46,"arson":1,"violentTotal":9,"propertyTotal":109,"reportedTotal":118,"reportedTotalBand":"100–199","total2018":85,"total2019":146,"total2020":178,"total2021":149,"total2022":163,"total2023":176,"total2024":150,"total2025":118,"changeSinceFirstFullYear":33,"partialYearLabel":"2026 (January–July, incomplete)","partialYearTotal":77,"centroidLon":-93.25492,"centroidLat":44.93053},"confidence":"confirmed","sourceDate":"2025"}},{"type":"Feature","geometry":{"type":"Polygon","coordinates":[[[-93.23787,44.99328],[-93.23777,44.99315],[-93.23757,44.99294],[-93.23727,44.99263],[-93.23719,44.99255],[-93.23713,44.99248],[-93.23712,44.99247],[-93.23693,44.99226],[-93.23685,44.99213],[-93.23684,44.99212],[-93.23681,44.99208],[-93.23677,44.99202],[-93.23676,44.99201],[-93.2367,44.9919],[-93.23664,44.9918],[-93.23655,44.99163],[-93.23652,44.99154],[-93.23651,44.99152],[-93.23662,44.99152],[-93.23693,44.99151],[-93.23711,44.9915],[-93.23713,44.9915],[-93.23716,44.9915],[-93.23719,44.9915],[-93.23723,44.9915],[-93.23782,44.9915],[-93.2382,44.9915],[-93.23841,44.9915],[-93.23848,44.9915],[-93.23864,44.9915],[-93.23911,44.99149],[-93.23969,44.99149],[-93.24034,44.99149],[-93.24055,44.99149],[-93.24057,44.99149],[-93.24096,44.9915],[-93.24195,44.99149],[-93.24196,44.99149],[-93.24199,44.99149],[-93.24224,44.99149],[-93.24246,44.99149],[-93.24251,44.99149],[-93.24348,44.99149],[-93.24349,44.99149],[-93.24356,44.99149],[-93.24371,44.99149],[-93.24617,44.99149],[-93.24619,44.99148],[-93.2462,44.99148],[-93.24627,44.99146],[-93.24663,44.99134],[-93.24696,44.99123],[-93.24697,44.99123],[-93.24704,44.99128],[-93.24723,44.9914],[-93.24727,44.99148],[-93.24732,44.99159],[-93.24733,44.99161],[-93.24733,44.99169],[-93.24732,44.99284],[-93.24732,44.99337],[-93.24732,44.99353],[-93.24732,44.99355],[-93.24733,44.99373],[-93.24733,44.99374],[-93.24734,44.99455],[-93.24735,44.9951],[-93.24735,44.99511],[-93.24734,44.99553],[-93.24733,44.99582],[-93.24729,44.99592],[-93.24729,44.99593],[-93.24731,44.99596],[-93.24732,44.99599],[-93.24741,44.9962],[-93.24743,44.99622],[-93.24748,44.99633],[-93.24747,44.99635],[-93.24739,44.99671],[-93.24736,44.99686],[-93.24735,44.99691],[-93.24727,44.99728],[-93.24727,44.99729],[-93.24729,44.99856],[-93.24729,44.99869],[-93.24728,44.99869],[-93.24726,44.99869],[-93.24607,44.9987],[-93.2451,44.99871],[-93.24485,44.99871],[-93.24484,44.99871],[-93.24353,44.99871],[-93.24227,44.99871],[-93.24223,44.99871],[-93.24221,44.99871],[-93.241,44.9987],[-93.24097,44.9987],[-93.23973,44.9987],[-93.23968,44.9987],[-93.23904,44.9987],[-93.23844,44.9987],[-93.23821,44.99871],[-93.23818,44.99871],[-93.23794,44.99871],[-93.23799,44.9986],[-93.23816,44.99819],[-93.2382,44.99811],[-93.23837,44.99752],[-93.23845,44.99718],[-93.23851,44.99681],[-93.23852,44.9967],[-93.23855,44.99638],[-93.23858,44.99589],[-93.23857,44.99543],[-93.23853,44.99509],[-93.23851,44.99495],[-93.23843,44.99454],[-93.23834,44.99416],[-93.23827,44.994],[-93.23819,44.99379],[-93.23803,44.9935],[-93.23787,44.99328]]]},"properties":{"id":"crime-mpls-beltrami","layer":"crime_minneapolis","name":"Beltrami","county":"Hennepin","state":"MN","countyFips":"27053","attributes":{"neighborhood":"Beltrami","statYear":2025,"firstFullYear":2018,"lastFullYear":2025,"homicide":0,"rape":1,"robbery":0,"aggravatedAssault":2,"burglary":3,"larceny":18,"autoTheft":7,"arson":0,"violentTotal":3,"propertyTotal":28,"reportedTotal":31,"reportedTotalBand":"0–39","total2018":56,"total2019":66,"total2020":64,"total2021":58,"total2022":71,"total2023":58,"total2024":59,"total2025":31,"changeSinceFirstFullYear":-25,"partialYearLabel":"2026 (January–July, incomplete)","partialYearTotal":30,"centroidLon":-93.24268,"centroidLat":44.99499},"confidence":"confirmed","sourceDate":"2025"}},{"type":"Feature","geometry":{"type":"Polygon","coordinates":[[[-93.26309,45.00527],[-93.26459,45.00528],[-93.26462,45.00528],[-93.26611,45.00527],[-93.26616,45.00527],[-93.26753,45.00528],[-93.26763,45.00526],[-93.26766,45.0052],[-93.26767,45.0052],[-93.26767,45.00519],[-93.26767,45.00505],[-93.26767,45.00504],[-93.26818,45.00504],[-93.26888,45.00503],[-93.26888,45.00504],[-93.26888,45.00505],[-93.26889,45.00531],[-93.26889,45.00532],[-93.26889,45.00542],[-93.26889,45.0058],[-93.26889,45.00582],[-93.26889,45.00585],[-93.26889,45.00593],[-93.26891,45.006],[-93.26907,45.00603],[-93.26945,45.00603],[-93.27008,45.00602],[-93.27011,45.00602],[-93.27038,45.00601],[-93.27167,45.00601],[-93.27169,45.00601],[-93.27265,45.00599],[-93.27273,45.00599],[-93.27276,45.00599],[-93.27385,45.00597],[-93.27386,45.00605],[-93.27386,45.0061],[-93.27386,45.00614],[-93.27387,45.00623],[-93.27387,45.00631],[-93.27388,45.00635],[-93.27388,45.00636],[-93.27388,45.00638],[-93.27389,45.00645],[-93.2739,45.00652],[-93.2739,45.0066],[-93.27391,45.00662],[-93.27391,45.00667],[-93.27392,45.00674],[-93.27393,45.00681],[-93.27394,45.00689],[-93.27396,45.00699],[-93.27398,45.00708],[-93.27398,45.0071],[-93.27399,45.00716],[-93.27403,45.00733],[-93.27404,45.0074],[-93.27405,45.00747],[-93.27406,45.00751],[-93.27406,45.00754],[-93.27408,45.00765],[-93.27409,45.00775],[-93.2741,45.00786],[-93.27412,45.00798],[-93.27413,45.00811],[-93.27414,45.00824],[-93.27415,45.00837],[-93.27416,45.0085],[-93.27417,45.00864],[-93.27418,45.00877],[-93.27418,45.00891],[-93.27419,45.00902],[-93.27419,45.00913],[-93.27419,45.00924],[-93.2742,45.00936],[-93.2742,45.0095],[-93.2742,45.00964],[-93.2742,45.0097],[-93.2742,45.00976],[-93.27419,45.00982],[-93.27419,45.00984],[-93.27419,45.00989],[-93.27419,45.00996],[-93.27418,45.01004],[-93.27417,45.01018],[-93.27417,45.01019],[-93.27414,45.01048],[-93.27413,45.01059],[-93.27412,45.01072],[-93.27412,45.01082],[-93.27411,45.01089],[-93.27411,45.01095],[-93.27411,45.01099],[-93.27411,45.01101],[-93.27411,45.01107],[-93.27411,45.01112],[-93.27411,45.01117],[-93.27411,45.01118],[-93.27411,45.01123],[-93.27412,45.01128],[-93.27412,45.01135],[-93.27413,45.01142],[-93.27413,45.01143],[-93.27414,45.01151],[-93.27415,45.01159],[-93.27416,45.01167],[-93.27417,45.01175],[-93.27418,45.01183],[-93.2742,45.01192],[-93.27421,45.01201],[-93.27423,45.01209],[-93.27425,45.01219],[-93.27427,45.01229],[-93.27429,45.01239],[-93.27432,45.0125],[-93.27434,45.01262],[-93.27438,45.01275],[-93.27439,45.01283],[-93.2744,45.01285],[-93.27441,45.0129],[-93.27444,45.01297],[-93.27446,45.01305],[-93.27448,45.01313],[-93.27448,45.01314],[-93.27444,45.01314],[-93.27415,45.01314],[-93.27324,45.01316],[-93.27317,45.01317],[-93.27298,45.01317],[-93.27277,45.01317],[-93.27275,45.01317],[-93.27172,45.01317],[-93.27167,45.01317],[-93.27158,45.01317],[-93.27012,45.01316],[-93.27008,45.01316],[-93.26891,45.01316],[-93.26887,45.01316],[-93.26886,45.01316],[-93.26765,45.01316],[-93.26763,45.01316],[-93.26698,45.01316],[-93.26693,45.01316],[-93.26618,45.01316],[-93.26612,45.01316],[-93.26465,45.01317],[-93.26462,45.01317],[-93.26371,45.01317],[-93.26312,45.01317],[-93.26312,45.01316],[-93.26311,45.01218],[-93.26311,45.01217],[-93.26311,45.01109],[-93.26311,45.01108],[-93.26311,45.01009],[-93.26311,45.01002],[-93.26311,45.01001],[-93.2631,45.00857],[-93.2631,45.00856],[-93.26309,45.00748],[-93.26309,45.00746],[-93.26309,45.00638],[-93.26309,45.00636],[-93.26309,45.00529],[-93.26309,45.00528],[-93.26309,45.00527]]]},"properties":{"id":"crime-mpls-bottineau","layer":"crime_minneapolis","name":"Bottineau","county":"Hennepin","state":"MN","countyFips":"27053","attributes":{"neighborhood":"Bottineau","statYear":2025,"firstFullYear":2018,"lastFullYear":2025,"homicide":0,"rape":0,"robbery":1,"aggravatedAssault":14,"burglary":10,"larceny":47,"autoTheft":31,"arson":0,"violentTotal":15,"propertyTotal":88,"reportedTotal":103,"reportedTotalBand":"100–199","total2018":88,"total2019":90,"total2020":108,"total2021":85,"total2022":90,"total2023":85,"total2024":106,"total2025":103,"changeSinceFirstFullYear":15,"partialYearLabel":"2026 (January–July, incomplete)","partialYearTotal":59,"centroidLon":-93.26849,"centroidLat":45.00939},"confidence":"confirmed","sourceDate":"2025"}},{"type":"Feature","geometry":{"type":"Polygon","coordinates":[[[-93.26251,44.92694],[-93.26252,44.92694],[-93.26255,44.92694],[-93.26376,44.92693],[-93.26448,44.92694],[-93.26501,44.92695],[-93.26631,44.92695],[-93.26756,44.92695],[-93.26757,44.92695],[-93.26822,44.92694],[-93.2685,44.92693],[-93.26886,44.92693],[-93.26897,44.92693],[-93.2695,44.92692],[-93.2698,44.9269],[-93.27013,44.92684],[-93.27014,44.92684],[-93.27019,44.92683],[-93.27028,44.92682],[-93.27059,44.92678],[-93.27239,44.92678],[-93.27272,44.92683],[-93.27317,44.9269],[-93.27368,44.9269],[-93.27402,44.9269],[-93.27403,44.9269],[-93.27404,44.9269],[-93.27406,44.9269],[-93.27424,44.9269],[-93.27446,44.9269],[-93.27451,44.9269],[-93.27468,44.9269],[-93.27468,44.92693],[-93.27468,44.92797],[-93.27468,44.92832],[-93.27467,44.93043],[-93.27466,44.93224],[-93.27465,44.93406],[-93.27466,44.93412],[-93.27466,44.93413],[-93.27466,44.93414],[-93.27402,44.93415],[-93.2732,44.93414],[-93.27272,44.93414],[-93.27271,44.93414],[-93.27143,44.93414],[-93.27142,44.93414],[-93.27081,44.93415],[-93.27013,44.93416],[-93.26946,44.93416],[-93.26884,44.93415],[-93.2682,44.93416],[-93.26811,44.93416],[-93.26759,44.93416],[-93.26756,44.93416],[-93.26754,44.93416],[-93.26746,44.93416],[-93.26628,44.93416],[-93.26502,44.93415],[-93.26375,44.93415],[-93.26257,44.93416],[-93.26253,44.93416],[-93.2625,44.93416],[-93.2625,44.93415],[-93.2625,44.93379],[-93.26247,44.93236],[-93.26247,44.93235],[-93.26249,44.93055],[-93.26249,44.92877],[-93.26249,44.92875],[-93.26249,44.92874],[-93.26249,44.92872],[-93.2625,44.92833],[-93.26251,44.92722],[-93.26251,44.92695],[-93.26251,44.92694]]]},"properties":{"id":"crime-mpls-bryant","layer":"crime_minneapolis","name":"Bryant","county":"Hennepin","state":"MN","countyFips":"27053","attributes":{"neighborhood":"Bryant","statYear":2025,"firstFullYear":2018,"lastFullYear":2025,"homicide":0,"rape":2,"robbery":5,"aggravatedAssault":4,"burglary":12,"larceny":63,"autoTheft":36,"arson":1,"violentTotal":11,"propertyTotal":112,"reportedTotal":123,"reportedTotalBand":"100–199","total2018":81,"total2019":93,"total2020":123,"total2021":97,"total2022":106,"total2023":140,"total2024":127,"total2025":123,"changeSinceFirstFullYear":42,"partialYearLabel":"2026 (January–July, incomplete)","partialYearTotal":60,"centroidLon":-93.2686,"centroidLat":44.93052},"confidence":"confirmed","sourceDate":"2025"}},{"type":"Feature","geometry":{"type":"Polygon","coordinates":[[[-93.3145,44.98074],[-93.31446,44.98073],[-93.31435,44.98073],[-93.31431,44.98073],[-93.3143,44.98073],[-93.31427,44.98067],[-93.31424,44.98062],[-93.31418,44.9805],[-93.31414,44.98042],[-93.31409,44.98032],[-93.31404,44.98022],[-93.31399,44.9801],[-93.31393,44.98],[-93.31389,44.97992],[-93.31387,44.97987],[-93.31378,44.97968],[-93.31374,44.9796],[-93.31371,44.97953],[-93.31367,44.97945],[-93.31364,44.97939],[-93.3136,44.97932],[-93.31357,44.97925],[-93.31356,44.97924],[-93.31353,44.9792],[-93.31348,44.97913],[-93.31345,44.97908],[-93.31342,44.97905],[-93.31341,44.97904],[-93.31338,44.97902],[-93.3132,44.97891],[-93.31307,44.9788],[-93.31293,44.97869],[-93.31274,44.97857],[-93.31251,44.97843],[-93.31221,44.97827],[-93.31202,44.97821],[-93.31165,44.9781],[-93.31157,44.97808],[-93.31117,44.97798],[-93.31089,44.97794],[-93.31057,44.97785],[-93.31041,44.97779],[-93.31017,44.97774],[-93.30995,44.97771],[-93.30986,44.9777],[-93.30977,44.9777],[-93.30954,44.97771],[-93.30937,44.97778],[-93.30936,44.97778],[-93.30935,44.97779],[-93.30933,44.97781],[-93.3093,44.97783],[-93.30922,44.97786],[-93.30903,44.97784],[-93.30901,44.97784],[-93.30883,44.97781],[-93.30875,44.9778],[-93.3087,44.97779],[-93.30864,44.97778],[-93.30858,44.97777],[-93.30834,44.97773],[-93.30829,44.97772],[-93.30809,44.97768],[-93.30804,44.97767],[-93.30777,44.97763],[-93.30758,44.97757],[-93.30738,44.97752],[-93.30716,44.9775],[-93.30681,44.97752],[-93.30651,44.97752],[-93.30644,44.97752],[-93.30628,44.97752],[-93.30613,44.97751],[-93.30595,44.97746],[-93.3058,44.97739],[-93.30568,44.97731],[-93.30561,44.97723],[-93.30557,44.97716],[-93.30553,44.97705],[-93.30553,44.97703],[-93.30552,44.97696],[-93.30551,44.97692],[-93.3055,44.97683],[-93.30547,44.97673],[-93.30544,44.97667],[-93.30542,44.97664],[-93.30533,44.97658],[-93.30517,44.97653],[-93.30502,44.97651],[-93.30496,44.97651],[-93.30483,44.9765],[-93.30469,44.97652],[-93.30467,44.97652],[-93.30455,44.97655],[-93.30449,44.97658],[-93.30442,44.97661],[-93.30429,44.97666],[-93.30419,44.97668],[-93.30404,44.97669],[-93.30387,44.97666],[-93.30375,44.97659],[-93.30373,44.97657],[-93.30347,44.97645],[-93.30332,44.97638],[-93.30321,44.97633],[-93.30294,44.97623],[-93.30267,44.97613],[-93.30261,44.97611],[-93.30236,44.97607],[-93.30207,44.97602],[-93.30183,44.97598],[-93.30175,44.97597],[-93.30144,44.97597],[-93.30116,44.97597],[-93.30095,44.97599],[-93.30083,44.97601],[-93.30052,44.97604],[-93.30023,44.97611],[-93.30017,44.97613],[-93.30009,44.97615],[-93.29994,44.9762],[-93.29729,44.97708],[-93.29345,44.97707],[-93.28988,44.97706],[-93.28986,44.97706],[-93.28963,44.97705],[-93.28861,44.97705],[-93.28892,44.97689],[-93.29068,44.97603],[-93.29112,44.97583],[-93.29151,44.97562],[-93.29271,44.97495],[-93.29315,44.97468],[-93.29352,44.97446],[-93.29484,44.97382],[-93.29507,44.9737],[-93.2953,44.97358],[-93.29567,44.97334],[-93.29651,44.97278],[-93.29811,44.97173],[-93.29878,44.97128],[-93.29924,44.971],[-93.29976,44.97073],[-93.30015,44.97055],[-93.30055,44.97039],[-93.30126,44.97017],[-93.3016,44.97007],[-93.30185,44.97002],[-93.30211,44.97001],[-93.3024,44.97],[-93.30249,44.96999],[-93.30262,44.96996],[-93.30277,44.96993],[-93.3031,44.96984],[-93.30413,44.96959],[-93.30455,44.96949],[-93.30522,44.96933],[-93.30602,44.96912],[-93.30898,44.96838],[-93.30914,44.96834],[-93.31529,44.96685],[-93.31551,44.9668],[-93.3157,44.96675],[-93.31576,44.96674],[-93.31579,44.96673],[-93.31583,44.96672],[-93.31585,44.96672],[-93.3161,44.96666],[-93.31618,44.96664],[-93.31652,44.96657],[-93.3169,44.9665],[-93.3172,44.96645],[-93.31726,44.96644],[-93.31727,44.96643],[-93.31749,44.9664],[-93.3176,44.96638],[-93.31779,44.96636],[-93.31786,44.96635],[-93.31817,44.96631],[-93.31847,44.96628],[-93.31889,44.96624],[-93.31897,44.96624],[-93.31898,44.96624],[-93.31916,44.96622],[-93.31936,44.96621],[-93.3198,44.96619],[-93.31986,44.96619],[-93.32055,44.96616],[-93.32087,44.96614],[-93.32086,44.96566],[-93.32094,44.96092],[-93.32096,44.95926],[-93.32679,44.95935],[-93.32704,44.95935],[-93.32724,44.95935],[-93.32734,44.95936],[-93.32878,44.95934],[-93.3288,44.95934],[-93.32881,44.95934],[-93.32881,44.95937],[-93.32881,44.95974],[-93.32881,44.96008],[-93.3288,44.96026],[-93.3288,44.96156],[-93.3288,44.96157],[-93.3288,44.96168],[-93.3288,44.96172],[-93.3288,44.96174],[-93.3288,44.96197],[-93.3288,44.96206],[-93.32877,44.9649],[-93.32877,44.96505],[-93.32877,44.96506],[-93.32877,44.9651],[-93.32876,44.96581],[-93.32876,44.96582],[-93.32876,44.96612],[-93.32876,44.96646],[-93.32875,44.96795],[-93.32875,44.96814],[-93.32875,44.96818],[-93.32875,44.96858],[-93.32874,44.96984],[-93.32874,44.97009],[-93.32874,44.97015],[-93.32874,44.97016],[-93.32874,44.97031],[-93.32873,44.97172],[-93.32872,44.97452],[-93.32872,44.97604],[-93.32871,44.97714],[-93.32757,44.97714],[-93.32755,44.97714],[-93.32753,44.97714],[-93.32612,44.97715],[-93.32554,44.97715],[-93.32474,44.97715],[-93.32372,44.97715],[-93.31989,44.97716],[-93.31921,44.97716],[-93.31854,44.97716],[-93.31853,44.97716],[-93.31853,44.97717],[-93.31853,44.97749],[-93.31852,44.97895],[-93.31851,44.97972],[-93.3185,44.98051],[-93.3185,44.98072],[-93.31779,44.98073],[-93.31743,44.98074],[-93.31723,44.98074],[-93.31673,44.98074],[-93.31597,44.98074],[-93.31596,44.98074],[-93.3145,44.98074]]]},"properties":{"id":"crime-mpls-bryn-mawr","layer":"crime_minneapolis","name":"Bryn - Mawr","county":"Hennepin","state":"MN","countyFips":"27053","attributes":{"neighborhood":"Bryn - Mawr","statYear":2025,"firstFullYear":2018,"lastFullYear":2025,"homicide":1,"rape":0,"robbery":1,"aggravatedAssault":6,"burglary":10,"larceny":37,"autoTheft":20,"arson":1,"violentTotal":8,"propertyTotal":68,"reportedTotal":76,"reportedTotalBand":"40–99","total2018":60,"total2019":84,"total2020":90,"total2021":92,"total2022":90,"total2023":91,"total2024":87,"total2025":76,"changeSinceFirstFullYear":16,"partialYearLabel":"2026 (January–July, incomplete)","partialYearTotal":45,"centroidLon":-93.31527,"centroidLat":44.97147},"confidence":"confirmed","sourceDate":"2025"}},{"type":"Feature","geometry":{"type":"Polygon","coordinates":[[[-93.28093,45.04208],[-93.28093,45.04205],[-93.28099,45.04185],[-93.28101,45.04178],[-93.28103,45.0417],[-93.28105,45.0416],[-93.28109,45.04148],[-93.28118,45.04119],[-93.28125,45.041],[-93.28133,45.04079],[-93.2814,45.04063],[-93.2815,45.04039],[-93.28159,45.0402],[-93.28178,45.03979],[-93.28189,45.03954],[-93.28205,45.0392],[-93.28207,45.03916],[-93.28227,45.03872],[-93.28249,45.03824],[-93.2827,45.0378],[-93.28283,45.03754],[-93.28295,45.0373],[-93.28307,45.03701],[-93.28316,45.03678],[-93.28317,45.03676],[-93.28322,45.03658],[-93.28327,45.03644],[-93.28336,45.0361],[-93.28343,45.03576],[-93.28347,45.03549],[-93.28348,45.03547],[-93.28348,45.03546],[-93.28348,45.03542],[-93.28349,45.03536],[-93.28349,45.03535],[-93.28349,45.03528],[-93.2835,45.03521],[-93.2835,45.0352],[-93.2835,45.03516],[-93.2835,45.03512],[-93.2835,45.03505],[-93.28351,45.03496],[-93.28351,45.03489],[-93.28351,45.03487],[-93.28351,45.03485],[-93.28351,45.03478],[-93.2835,45.03469],[-93.2835,45.0346],[-93.2835,45.0345],[-93.2835,45.03448],[-93.28349,45.0344],[-93.28349,45.03434],[-93.28349,45.03432],[-93.28348,45.03429],[-93.28348,45.03417],[-93.28347,45.03404],[-93.28346,45.03401],[-93.28346,45.03396],[-93.28346,45.03391],[-93.28345,45.03381],[-93.28345,45.0338],[-93.28343,45.03369],[-93.28343,45.03368],[-93.28342,45.03358],[-93.28342,45.03356],[-93.28341,45.03347],[-93.2834,45.03337],[-93.2834,45.03336],[-93.28338,45.03328],[-93.28337,45.0332],[-93.28337,45.03319],[-93.28336,45.03311],[-93.28335,45.03309],[-93.28335,45.03306],[-93.28334,45.03302],[-93.28333,45.03297],[-93.28333,45.03294],[-93.28331,45.03286],[-93.2833,45.03278],[-93.28328,45.0327],[-93.28327,45.03269],[-93.28326,45.03262],[-93.28324,45.03255],[-93.28322,45.03247],[-93.2832,45.0324],[-93.2832,45.03238],[-93.28318,45.03233],[-93.28318,45.03232],[-93.28318,45.03231],[-93.28317,45.03229],[-93.28316,45.03225],[-93.28314,45.03218],[-93.28311,45.03211],[-93.28309,45.03205],[-93.28307,45.03199],[-93.28305,45.03193],[-93.28302,45.03187],[-93.283,45.03181],[-93.28297,45.03175],[-93.28295,45.03169],[-93.28292,45.03164],[-93.2829,45.03159],[-93.28287,45.03153],[-93.28284,45.03148],[-93.28281,45.03141],[-93.2827,45.03119],[-93.28266,45.03112],[-93.28261,45.03103],[-93.28257,45.03095],[-93.28254,45.03089],[-93.2825,45.03083],[-93.28244,45.03071],[-93.28237,45.03059],[-93.2823,45.03049],[-93.28229,45.03047],[-93.28222,45.03034],[-93.28214,45.03022],[-93.28206,45.03008],[-93.28197,45.02995],[-93.28189,45.02982],[-93.28184,45.02974],[-93.28181,45.02969],[-93.28179,45.02966],[-93.28172,45.02955],[-93.28162,45.02941],[-93.28161,45.0294],[-93.2816,45.02938],[-93.28153,45.02927],[-93.28147,45.02919],[-93.28142,45.02911],[-93.2814,45.02907],[-93.28111,45.02866],[-93.28111,45.02865],[-93.28102,45.02852],[-93.28085,45.02827],[-93.28076,45.02813],[-93.28068,45.028],[-93.2806,45.02788],[-93.28052,45.02776],[-93.28041,45.02759],[-93.2803,45.02742],[-93.28024,45.02732],[-93.28022,45.02729],[-93.28018,45.02723],[-93.28017,45.02721],[-93.28012,45.02713],[-93.28006,45.02703],[-93.28,45.02694],[-93.28,45.02693],[-93.27993,45.02682],[-93.2798,45.02661],[-93.27964,45.02635],[-93.27945,45.02606],[-93.27938,45.02595],[-93.27935,45.02589],[-93.27925,45.02574],[-93.27919,45.02563],[-93.27912,45.02553],[-93.27906,45.02543],[-93.27901,45.02533],[-93.27896,45.02525],[-93.27895,45.02524],[-93.2789,45.02514],[-93.27885,45.02505],[-93.2788,45.02496],[-93.27875,45.02488],[-93.27871,45.02479],[-93.27866,45.0247],[-93.27862,45.02462],[-93.27858,45.02454],[-93.27854,45.02446],[-93.27851,45.02437],[-93.27847,45.02429],[-93.27841,45.02417],[-93.27836,45.02403],[-93.2783,45.02389],[-93.27828,45.02384],[-93.2783,45.02384],[-93.27838,45.02384],[-93.27867,45.02384],[-93.27936,45.02385],[-93.27941,45.02385],[-93.27942,45.02385],[-93.27944,45.02385],[-93.28061,45.02385],[-93.28085,45.02385],[-93.28086,45.02385],[-93.28111,45.02385],[-93.28113,45.02385],[-93.28123,45.02385],[-93.28233,45.02387],[-93.2826,45.02391],[-93.28264,45.02391],[-93.28264,45.02392],[-93.28265,45.02393],[-93.28351,45.02537],[-93.28373,45.02574],[-93.28377,45.02579],[-93.28476,45.02745],[-93.28483,45.02756],[-93.28532,45.02839],[-93.28533,45.02841],[-93.2855,45.02868],[-93.28551,45.0287],[-93.28574,45.02895],[-93.2859,45.02913],[-93.28607,45.02932],[-93.28733,45.03072],[-93.28803,45.0315],[-93.28803,45.03151],[-93.28803,45.03152],[-93.28804,45.0316],[-93.28808,45.03237],[-93.28808,45.03257],[-93.28808,45.0326],[-93.28808,45.03269],[-93.28808,45.03272],[-93.28808,45.03274],[-93.28811,45.03516],[-93.28811,45.03517],[-93.28811,45.03521],[-93.2881,45.03546],[-93.28809,45.03561],[-93.28785,45.03674],[-93.28782,45.0369],[-93.28749,45.03853],[-93.28748,45.03856],[-93.28718,45.04009],[-93.28718,45.04012],[-93.28713,45.04033],[-93.28713,45.04034],[-93.28713,45.04035],[-93.28709,45.04047],[-93.28673,45.04156],[-93.28653,45.04204],[-93.28651,45.04209],[-93.28488,45.04209],[-93.28474,45.04209],[-93.28236,45.04208],[-93.28232,45.04208],[-93.2823,45.04208],[-93.28221,45.04208],[-93.28172,45.04208],[-93.28149,45.04208],[-93.28118,45.04208],[-93.28115,45.04208],[-93.28101,45.04208],[-93.28093,45.04208]]]},"properties":{"id":"crime-mpls-camden-industrial","layer":"crime_minneapolis","name":"Camden Industrial","county":"Hennepin","state":"MN","countyFips":"27053","attributes":{"neighborhood":"Camden Industrial","statYear":2025,"firstFullYear":2018,"lastFullYear":2025,"homicide":0,"rape":0,"robbery":2,"aggravatedAssault":1,"burglary":2,"larceny":8,"autoTheft":6,"arson":0,"violentTotal":3,"propertyTotal":16,"reportedTotal":19,"reportedTotalBand":"0–39","total2018":15,"total2019":25,"total2020":31,"total2021":31,"total2022":35,"total2023":30,"total2024":20,"total2025":19,"changeSinceFirstFullYear":4,"partialYearLabel":"2026 (January–July, incomplete)","partialYearTotal":9,"centroidLon":-93.28421,"centroidLat":45.03333},"confidence":"confirmed","sourceDate":"2025"}},{"type":"Feature","geometry":{"type":"Polygon","coordinates":[[[-93.32679,44.95935],[-93.32096,44.95926],[-93.31756,44.95922],[-93.31513,44.95918],[-93.315,44.95919],[-93.31502,44.95909],[-93.31504,44.95894],[-93.31506,44.95881],[-93.31507,44.95872],[-93.31508,44.95864],[-93.31509,44.95853],[-93.31512,44.95838],[-93.31514,44.95824],[-93.31515,44.95816],[-93.31516,44.9581],[-93.31518,44.95795],[-93.31518,44.95794],[-93.31519,44.95787],[-93.31523,44.95766],[-93.31529,44.95745],[-93.31532,44.95737],[-93.31536,44.95725],[-93.31545,44.95705],[-93.31553,44.95689],[-93.31555,44.95686],[-93.31565,44.95669],[-93.31575,44.95654],[-93.31586,44.95639],[-93.31605,44.95616],[-93.31615,44.95606],[-93.31619,44.95601],[-93.31626,44.95595],[-93.31633,44.95588],[-93.31637,44.95585],[-93.31639,44.95583],[-93.31643,44.95579],[-93.31648,44.95575],[-93.31661,44.95564],[-93.31663,44.95563],[-93.31664,44.95562],[-93.31664,44.95561],[-93.31667,44.95559],[-93.31672,44.95555],[-93.3167,44.95553],[-93.31669,44.95553],[-93.31663,44.9555],[-93.31661,44.95549],[-93.31639,44.95539],[-93.31629,44.95535],[-93.31621,44.95533],[-93.31583,44.95521],[-93.31552,44.95514],[-93.3153,44.95509],[-93.31493,44.95499],[-93.31469,44.95494],[-93.31431,44.95486],[-93.31382,44.95481],[-93.3135,44.95478],[-93.31331,44.95476],[-93.31295,44.95472],[-93.31282,44.95471],[-93.31249,44.95467],[-93.31235,44.95466],[-93.31231,44.95465],[-93.31224,44.95465],[-93.31218,44.95465],[-93.3121,44.95465],[-93.31206,44.95466],[-93.31203,44.95466],[-93.31201,44.95466],[-93.31196,44.95467],[-93.31195,44.95467],[-93.31183,44.95468],[-93.30693,44.95466],[-93.3061,44.95466],[-93.30495,44.95466],[-93.30496,44.95398],[-93.30499,44.95158],[-93.30499,44.9512],[-93.30499,44.95117],[-93.30503,44.95084],[-93.305,44.95072],[-93.30501,44.95063],[-93.30501,44.95061],[-93.30501,44.95057],[-93.30501,44.95052],[-93.30501,44.95048],[-93.30501,44.95046],[-93.30502,44.95026],[-93.30502,44.95019],[-93.30501,44.95012],[-93.30499,44.94978],[-93.30497,44.94928],[-93.30497,44.94927],[-93.30498,44.94898],[-93.30499,44.94871],[-93.30499,44.9487],[-93.30497,44.94847],[-93.30496,44.94846],[-93.30496,44.9484],[-93.30549,44.94838],[-93.30554,44.94838],[-93.30601,44.94838],[-93.3068,44.94838],[-93.30844,44.94838],[-93.31013,44.94838],[-93.31046,44.94838],[-93.3153,44.94835],[-93.31648,44.94834],[-93.31815,44.94833],[-93.31828,44.94833],[-93.32059,44.9484],[-93.32062,44.9484],[-93.32165,44.94841],[-93.32177,44.94841],[-93.3218,44.94841],[-93.32247,44.94841],[-93.32327,44.94842],[-93.32329,44.94842],[-93.32357,44.94842],[-93.3236,44.94842],[-93.32499,44.94843],[-93.32625,44.94843],[-93.32628,44.94843],[-93.32671,44.94845],[-93.32696,44.94845],[-93.32751,44.94847],[-93.32817,44.94846],[-93.32877,44.94844],[-93.32882,44.94844],[-93.32884,44.94844],[-93.32885,44.94844],[-93.32885,44.94845],[-93.32885,44.94853],[-93.32884,44.94969],[-93.32884,44.9509],[-93.32883,44.95133],[-93.32883,44.95206],[-93.32882,44.95366],[-93.32882,44.95381],[-93.32882,44.95413],[-93.32882,44.95448],[-93.32882,44.9549],[-93.32882,44.95534],[-93.32882,44.95568],[-93.32882,44.9564],[-93.32882,44.95739],[-93.32882,44.95801],[-93.32881,44.9584],[-93.32881,44.95934],[-93.3288,44.95934],[-93.32878,44.95934],[-93.32734,44.95936],[-93.32724,44.95935],[-93.32704,44.95935],[-93.32679,44.95935]]]},"properties":{"id":"crime-mpls-cedar-isles-dean","layer":"crime_minneapolis","name":"Cedar - Isles - Dean","county":"Hennepin","state":"MN","countyFips":"27053","attributes":{"neighborhood":"Cedar - Isles - Dean","statYear":2025,"firstFullYear":2018,"lastFullYear":2025,"homicide":1,"rape":2,"robbery":3,"aggravatedAssault":4,"burglary":16,"larceny":144,"autoTheft":20,"arson":0,"violentTotal":10,"propertyTotal":180,"reportedTotal":190,"reportedTotalBand":"100–199","total2018":74,"total2019":97,"total2020":174,"total2021":173,"total2022":136,"total2023":176,"total2024":187,"total2025":190,"changeSinceFirstFullYear":116,"partialYearLabel":"2026 (January–July, incomplete)","partialYearTotal":94,"centroidLon":-93.31842,"centroidLat":44.95312},"confidence":"confirmed","sourceDate":"2025"}},{"type":"Feature","geometry":{"type":"Polygon","coordinates":[[[-93.24276,44.97848],[-93.24267,44.97846],[-93.24259,44.97843],[-93.2425,44.97841],[-93.24242,44.97838],[-93.24234,44.97835],[-93.24226,44.97832],[-93.24219,44.97829],[-93.24208,44.97825],[-93.24198,44.9782],[-93.24188,44.97816],[-93.2418,44.97813],[-93.24178,44.97812],[-93.24176,44.9781],[-93.24169,44.97807],[-93.24161,44.97803],[-93.24152,44.97799],[-93.24144,44.97795],[-93.24136,44.9779],[-93.24128,44.97786],[-93.24124,44.97784],[-93.2412,44.97781],[-93.24115,44.97778],[-93.24113,44.97777],[-93.24106,44.97773],[-93.241,44.97769],[-93.24094,44.97764],[-93.24088,44.9776],[-93.24082,44.97756],[-93.24077,44.97752],[-93.24071,44.97748],[-93.24066,44.97743],[-93.24061,44.97739],[-93.24056,44.97734],[-93.24051,44.9773],[-93.24045,44.97725],[-93.2404,44.9772],[-93.24035,44.97714],[-93.2403,44.97709],[-93.24025,44.97703],[-93.24019,44.97696],[-93.24013,44.97689],[-93.24008,44.97683],[-93.24002,44.97676],[-93.23997,44.9767],[-93.23993,44.97664],[-93.23988,44.97657],[-93.23984,44.97651],[-93.2398,44.97645],[-93.23976,44.97638],[-93.23972,44.97632],[-93.23969,44.97626],[-93.23965,44.9762],[-93.23962,44.97614],[-93.23959,44.97608],[-93.23956,44.97601],[-93.23954,44.97596],[-93.23952,44.9759],[-93.23949,44.97585],[-93.23947,44.97579],[-93.23945,44.97573],[-93.23944,44.97568],[-93.23942,44.97562],[-93.2394,44.97556],[-93.23939,44.9755],[-93.23937,44.97544],[-93.23936,44.97538],[-93.23934,44.97532],[-93.23933,44.97526],[-93.23932,44.97519],[-93.23931,44.97513],[-93.2393,44.97507],[-93.2393,44.97501],[-93.23929,44.97498],[-93.23929,44.97496],[-93.23928,44.9749],[-93.23928,44.97484],[-93.23927,44.97478],[-93.23927,44.97472],[-93.23927,44.97467],[-93.23927,44.97461],[-93.23927,44.97455],[-93.23927,44.9745],[-93.23927,44.97446],[-93.23928,44.97443],[-93.23928,44.97441],[-93.23928,44.97439],[-93.23928,44.97436],[-93.23929,44.97426],[-93.2393,44.97426],[-93.23934,44.97426],[-93.23951,44.97426],[-93.24017,44.97426],[-93.24023,44.97426],[-93.24024,44.97426],[-93.24155,44.97426],[-93.24194,44.97426],[-93.24195,44.97426],[-93.24196,44.97426],[-93.24251,44.97487],[-93.24263,44.97497],[-93.2433,44.97539],[-93.24339,44.97545],[-93.2435,44.9755],[-93.2436,44.97553],[-93.24374,44.97554],[-93.24403,44.97554],[-93.24545,44.97555],[-93.2457,44.97555],[-93.2458,44.97529],[-93.24589,44.97484],[-93.24586,44.97424],[-93.24586,44.97423],[-93.24586,44.97422],[-93.24586,44.9734],[-93.24586,44.97337],[-93.24575,44.97229],[-93.24574,44.9722],[-93.24573,44.97209],[-93.24573,44.97206],[-93.24573,44.97204],[-93.24572,44.97199],[-93.24572,44.97198],[-93.24571,44.97187],[-93.24566,44.97117],[-93.24566,44.97116],[-93.24567,44.97014],[-93.242,44.9701],[-93.24018,44.97052],[-93.23953,44.97067],[-93.23856,44.97088],[-93.23855,44.97086],[-93.23853,44.97084],[-93.23851,44.9708],[-93.23847,44.97075],[-93.23843,44.9707],[-93.23838,44.97066],[-93.23834,44.97061],[-93.2383,44.97056],[-93.23826,44.97051],[-93.23821,44.97047],[-93.23817,44.97043],[-93.23812,44.97038],[-93.23807,44.97033],[-93.23801,44.97029],[-93.23796,44.97024],[-93.23791,44.9702],[-93.23785,44.97016],[-93.2378,44.97011],[-93.23774,44.97007],[-93.23769,44.97004],[-93.23764,44.97],[-93.2376,44.96997],[-93.23755,44.96994],[-93.2375,44.96991],[-93.23745,44.96988],[-93.2374,44.96985],[-93.23735,44.96982],[-93.2373,44.96979],[-93.23725,44.96977],[-93.23721,44.96974],[-93.2372,44.96974],[-93.23715,44.96971],[-93.2371,44.96969],[-93.23705,44.96966],[-93.237,44.96964],[-93.23695,44.96962],[-93.2369,44.9696],[-93.23686,44.96958],[-93.23681,44.96956],[-93.23675,44.96954],[-93.2367,44.96952],[-93.23665,44.9695],[-93.23659,44.96948],[-93.23654,44.96946],[-93.23648,44.96945],[-93.23642,44.96943],[-93.23636,44.96941],[-93.2363,44.9694],[-93.23624,44.96938],[-93.23618,44.96936],[-93.23611,44.96935],[-93.23605,44.96933],[-93.23595,44.96931],[-93.23586,44.96929],[-93.23576,44.96927],[-93.23565,44.96925],[-93.23553,44.96923],[-93.2354,44.9692],[-93.2353,44.96919],[-93.23524,44.96918],[-93.23517,44.96917],[-93.23509,44.96916],[-93.23502,44.96915],[-93.23493,44.96915],[-93.23485,44.96914],[-93.23476,44.96913],[-93.23466,44.96913],[-93.2344,44.96911],[-93.23432,44.96911],[-93.23425,44.9691],[-93.23417,44.9691],[-93.23409,44.96909],[-93.23402,44.96908],[-93.23395,44.96907],[-93.23383,44.96906],[-93.2337,44.96904],[-93.23357,44.96902],[-93.23343,44.969],[-93.23328,44.96898],[-93.23312,44.96895],[-93.23292,44.96891],[-93.23281,44.9689],[-93.23268,44.96887],[-93.23247,44.96884],[-93.23227,44.9688],[-93.23208,44.96876],[-93.23189,44.96873],[-93.2317,44.96869],[-93.23152,44.96865],[-93.23135,44.96861],[-93.23123,44.96859],[-93.23117,44.96857],[-93.23114,44.96857],[-93.23102,44.96854],[-93.23087,44.96851],[-93.23072,44.96847],[-93.23067,44.96846],[-93.23058,44.96843],[-93.23044,44.9684],[-93.23042,44.96839],[-93.23004,44.9683],[-93.22987,44.96825],[-93.22972,44.96821],[-93.22962,44.96819],[-93.22954,44.96816],[-93.22945,44.96814],[-93.22937,44.96811],[-93.22929,44.96809],[-93.22921,44.96807],[-93.22914,44.96804],[-93.22906,44.96802],[-93.22899,44.968],[-93.22892,44.96797],[-93.22889,44.96796],[-93.22886,44.96795],[-93.22879,44.96793],[-93.22872,44.9679],[-93.22866,44.96788],[-93.2286,44.96786],[-93.22854,44.96783],[-93.22846,44.9678],[-93.22839,44.96777],[-93.22831,44.96774],[-93.22824,44.96771],[-93.22816,44.96767],[-93.22809,44.96764],[-93.22801,44.9676],[-93.22793,44.96757],[-93.22785,44.96753],[-93.22777,44.96749],[-93.22768,44.96745],[-93.2276,44.9674],[-93.22754,44.96737],[-93.22747,44.96734],[-93.22741,44.9673],[-93.22735,44.96727],[-93.2273,44.96724],[-93.22724,44.9672],[-93.22719,44.96717],[-93.22714,44.96714],[-93.2271,44.96712],[-93.2271,44.96711],[-93.22708,44.9671],[-93.22703,44.96707],[-93.227,44.96705],[-93.22699,44.96704],[-93.22697,44.96703],[-93.22691,44.967],[-93.22686,44.96696],[-93.2268,44.96692],[-93.2268,44.96691],[-93.22675,44.96688],[-93.22669,44.96684],[-93.22663,44.9668],[-93.22657,44.96675],[-93.22656,44.96674],[-93.22651,44.96671],[-93.22645,44.96666],[-93.22637,44.96661],[-93.2263,44.96655],[-93.22622,44.96648],[-93.22613,44.96642],[-93.22598,44.9663],[-93.22594,44.96626],[-93.22593,44.96626],[-93.22584,44.96618],[-93.22589,44.96616],[-93.22602,44.9661],[-93.22603,44.96609],[-93.22616,44.96603],[-93.22639,44.96592],[-93.22671,44.96577],[-93.22674,44.96576],[-93.22699,44.96564],[-93.22704,44.96562],[-93.22705,44.96561],[-93.22727,44.96551],[-93.22729,44.9655],[-93.2274,44.96544],[-93.22742,44.96544],[-93.22823,44.96505],[-93.22863,44.96489],[-93.22878,44.96484],[-93.22892,44.96479],[-93.22913,44.96472],[-93.22946,44.96462],[-93.22981,44.96454],[-93.22985,44.96453],[-93.23017,44.96447],[-93.23048,44.96441],[-93.23057,44.9644],[-93.23083,44.96437],[-93.23112,44.96434],[-93.23155,44.96432],[-93.23192,44.96431],[-93.23247,44.96431],[-93.23281,44.96431],[-93.23336,44.96432],[-93.23338,44.96432],[-93.23341,44.96432],[-93.23359,44.96432],[-93.23366,44.96432],[-93.23369,44.96432],[-93.23462,44.96432],[-93.2359,44.96432],[-93.23617,44.96432],[-93.23628,44.96432],[-93.23699,44.96432],[-93.23769,44.96432],[-93.23932,44.96432],[-93.24009,44.96432],[-93.24068,44.96432],[-93.24091,44.96432],[-93.24125,44.96433],[-93.24179,44.96433],[-93.24183,44.96433],[-93.24232,44.96436],[-93.24243,44.96437],[-93.24273,44.9644],[-93.24315,44.96446],[-93.24339,44.9645],[-93.24348,44.96451],[-93.24374,44.96456],[-93.24399,44.96462],[-93.24404,44.96463],[-93.24406,44.96463],[-93.24417,44.96466],[-93.24435,44.9647],[-93.24442,44.96472],[-93.24447,44.96473],[-93.24455,44.96475],[-93.24482,44.96482],[-93.24513,44.96493],[-93.24519,44.96495],[-93.24536,44.96501],[-93.24543,44.96504],[-93.24559,44.9651],[-93.24624,44.96535],[-93.2467,44.96554],[-93.2467,44.96555],[-93.247,44.96567],[-93.24719,44.96574],[-93.24726,44.96577],[-93.24734,44.9658],[-93.24758,44.96589],[-93.2476,44.9659],[-93.24792,44.96601],[-93.24817,44.96608],[-93.24826,44.96611],[-93.24834,44.96612],[-93.24864,44.96619],[-93.24882,44.96622],[-93.24887,44.96623],[-93.24897,44.96625],[-93.24931,44.96628],[-93.24937,44.96629],[-93.24956,44.9663],[-93.24958,44.9663],[-93.24977,44.96631],[-93.24981,44.96632],[-93.24992,44.96632],[-93.24995,44.96632],[-93.25024,44.96633],[-93.25035,44.96634],[-93.25038,44.96634],[-93.25043,44.96634],[-93.25044,44.96634],[-93.25052,44.96634],[-93.25057,44.96634],[-93.25062,44.96634],[-93.25086,44.96634],[-93.25109,44.96633],[-93.25118,44.96633],[-93.25122,44.96633],[-93.25126,44.96633],[-93.25139,44.96632],[-93.25156,44.96632],[-93.25162,44.96631],[-93.25163,44.96631],[-93.25165,44.96631],[-93.25172,44.96631],[-93.25178,44.96631],[-93.25189,44.9663],[-93.2519,44.9663],[-93.25195,44.9663],[-93.25197,44.9663],[-93.25213,44.96629],[-93.25218,44.96629],[-93.25226,44.96629],[-93.25234,44.96628],[-93.25237,44.96628],[-93.25244,44.96627],[-93.25252,44.96627],[-93.25267,44.96626],[-93.25276,44.96625],[-93.25278,44.96625],[-93.25287,44.96624],[-93.25304,44.96623],[-93.25307,44.96623],[-93.25313,44.96622],[-93.25339,44.96621],[-93.25365,44.96619],[-93.25367,44.96619],[-93.2537,44.96654],[-93.2537,44.96659],[-93.25371,44.96665],[-93.25371,44.96667],[-93.25372,44.96675],[-93.25373,44.96688],[-93.25373,44.9669],[-93.25374,44.96699],[-93.25374,44.9671],[-93.25374,44.96711],[-93.25374,44.96735],[-93.25374,44.96741],[-93.25374,44.96744],[-93.25374,44.96745],[-93.25374,44.96746],[-93.25373,44.96752],[-93.25372,44.96755],[-93.25372,44.96756],[-93.25372,44.96759],[-93.25371,44.9676],[-93.25368,44.96779],[-93.25368,44.96782],[-93.25367,44.96785],[-93.25367,44.96786],[-93.25366,44.9679],[-93.25364,44.96797],[-93.25364,44.96798],[-93.2536,44.96807],[-93.25358,44.96815],[-93.25356,44.96822],[-93.25355,44.96825],[-93.25353,44.96828],[-93.25353,44.9683],[-93.25352,44.96832],[-93.25351,44.96836],[-93.25347,44.96847],[-93.25347,44.96849],[-93.25346,44.96849],[-93.25345,44.96853],[-93.25339,44.96873],[-93.25338,44.96873],[-93.25333,44.96887],[-93.25333,44.96888],[-93.25329,44.96899],[-93.25328,44.96901],[-93.2532,44.96926],[-93.25317,44.96932],[-93.25317,44.96935],[-93.2531,44.96953],[-93.25307,44.9696],[-93.25305,44.96964],[-93.25304,44.96965],[-93.25296,44.96983],[-93.25293,44.96988],[-93.25292,44.96989],[-93.2529,44.96993],[-93.25286,44.96999],[-93.25281,44.97009],[-93.25271,44.97025],[-93.2527,44.97026],[-93.25268,44.9703],[-93.25266,44.97033],[-93.25262,44.97037],[-93.25247,44.97059],[-93.25233,44.97078],[-93.2523,44.97082],[-93.2521,44.97105],[-93.25207,44.97109],[-93.25204,44.97113],[-93.25185,44.97135],[-93.25163,44.9716],[-93.25151,44.97175],[-93.2515,44.97176],[-93.25141,44.97186],[-93.25128,44.97202],[-93.25128,44.97203],[-93.25127,44.97204],[-93.25121,44.97211],[-93.25117,44.97216],[-93.25102,44.97233],[-93.25084,44.97256],[-93.25083,44.97256],[-93.25082,44.97258],[-93.25079,44.97261],[-93.25063,44.97278],[-93.25043,44.973],[-93.25026,44.97318],[-93.25019,44.97324],[-93.25018,44.97325],[-93.25016,44.97327],[-93.25004,44.9734],[-93.24988,44.97354],[-93.24985,44.97356],[-93.24976,44.97365],[-93.24974,44.97367],[-93.24965,44.97376],[-93.24961,44.97379],[-93.24954,44.97385],[-93.24953,44.97386],[-93.24952,44.97386],[-93.24942,44.97395],[-93.2494,44.97397],[-93.24917,44.97415],[-93.24912,44.97419],[-93.24911,44.9742],[-93.24884,44.9744],[-93.24864,44.97455],[-93.24862,44.97456],[-93.24861,44.97457],[-93.2486,44.97458],[-93.24842,44.97471],[-93.24833,44.97478],[-93.24826,44.97483],[-93.24799,44.97503],[-93.24792,44.97507],[-93.24767,44.97526],[-93.24749,44.97538],[-93.24737,44.97547],[-93.24716,44.97562],[-93.24714,44.97564],[-93.24701,44.97575],[-93.24698,44.97576],[-93.24685,44.97588],[-93.24672,44.97599],[-93.24654,44.97614],[-93.2465,44.97619],[-93.24649,44.97619],[-93.24648,44.97621],[-93.24641,44.97628],[-93.24629,44.9764],[-93.24617,44.97654],[-93.24614,44.97658],[-93.24613,44.97659],[-93.24613,44.9766],[-93.2461,44.97663],[-93.24599,44.97677],[-93.24597,44.97681],[-93.24592,44.97687],[-93.24591,44.97688],[-93.24576,44.97711],[-93.24571,44.97719],[-93.24568,44.97725],[-93.24556,44.97748],[-93.2455,44.97762],[-93.24549,44.97763],[-93.24548,44.97767],[-93.24532,44.97809],[-93.24531,44.97811],[-93.24522,44.97834],[-93.2452,44.97839],[-93.24513,44.97857],[-93.24511,44.97863],[-93.24509,44.97866],[-93.24504,44.97879],[-93.24504,44.9788],[-93.24503,44.97883],[-93.24502,44.97886],[-93.24501,44.97888],[-93.24499,44.97893],[-93.24498,44.97893],[-93.24491,44.97892],[-93.2449,44.97892],[-93.24484,44.97891],[-93.24477,44.97891],[-93.2447,44.9789],[-93.24465,44.97889],[-93.24463,44.97888],[-93.2446,44.97888],[-93.24457,44.97887],[-93.24453,44.97887],[-93.2445,44.97886],[-93.24443,44.97885],[-93.24437,44.97884],[-93.24431,44.97883],[-93.24406,44.97878],[-93.24401,44.97877],[-93.24393,44.97875],[-93.24389,44.97875],[-93.2438,44.97873],[-93.24368,44.9787],[-93.24356,44.97868],[-93.24347,44.97866],[-93.24345,44.97866],[-93.24334,44.97863],[-93.24324,44.97861],[-93.24314,44.97859],[-93.24314,44.97858],[-93.2431,44.97858],[-93.24304,44.97856],[-93.24301,44.97855],[-93.243,44.97855],[-93.24294,44.97854],[-93.24289,44.97852],[-93.24285,44.97851],[-93.24276,44.97849],[-93.24276,44.97848]]]},"properties":{"id":"crime-mpls-cedar-riverside","layer":"crime_minneapolis","name":"Cedar Riverside","county":"Hennepin","state":"MN","countyFips":"27053","attributes":{"neighborhood":"Cedar Riverside","statYear":2025,"firstFullYear":2018,"lastFullYear":2025,"homicide":0,"rape":11,"robbery":16,"aggravatedAssault":41,"burglary":18,"larceny":135,"autoTheft":86,"arson":1,"violentTotal":68,"propertyTotal":240,"reportedTotal":308,"reportedTotalBand":"200–449","total2018":357,"total2019":397,"total2020":421,"total2021":372,"total2022":504,"total2023":443,"total2024":388,"total2025":308,"changeSinceFirstFullYear":-49,"partialYearLabel":"2026 (January–July, incomplete)","partialYearTotal":236,"centroidLon":-93.24186,"centroidLat":44.96915},"confidence":"confirmed","sourceDate":"2025"}},{"type":"Feature","geometry":{"type":"Polygon","coordinates":[[[-93.26258,44.94137],[-93.26258,44.94136],[-93.26258,44.94117],[-93.26258,44.94108],[-93.26257,44.93956],[-93.26257,44.93955],[-93.26254,44.93856],[-93.26254,44.93849],[-93.26253,44.93777],[-93.26253,44.93776],[-93.26252,44.93764],[-93.26252,44.93755],[-93.2625,44.93596],[-93.2625,44.93595],[-93.2625,44.93592],[-93.2625,44.93526],[-93.2625,44.93486],[-93.2625,44.93416],[-93.26253,44.93416],[-93.26257,44.93416],[-93.26375,44.93415],[-93.26502,44.93415],[-93.26628,44.93416],[-93.26746,44.93416],[-93.26754,44.93416],[-93.26756,44.93416],[-93.26759,44.93416],[-93.26811,44.93416],[-93.2682,44.93416],[-93.26884,44.93415],[-93.26946,44.93416],[-93.27013,44.93416],[-93.27081,44.93415],[-93.27142,44.93414],[-93.27143,44.93414],[-93.27271,44.93414],[-93.27272,44.93414],[-93.2732,44.93414],[-93.27402,44.93415],[-93.27466,44.93414],[-93.27466,44.93416],[-93.27466,44.93428],[-93.27467,44.93569],[-93.27468,44.93766],[-93.27468,44.93775],[-93.27468,44.93777],[-93.27468,44.93789],[-93.27469,44.93819],[-93.2747,44.93947],[-93.2747,44.93956],[-93.2747,44.93958],[-93.2747,44.93993],[-93.27471,44.94135],[-93.27471,44.94136],[-93.27471,44.94169],[-93.27471,44.94239],[-93.27472,44.94312],[-93.27472,44.94316],[-93.27472,44.94343],[-93.27472,44.94372],[-93.27474,44.94521],[-93.27475,44.94614],[-93.27475,44.94665],[-93.27475,44.94667],[-93.27475,44.94698],[-93.27476,44.94814],[-93.27476,44.94835],[-93.27472,44.94835],[-93.2746,44.94836],[-93.27454,44.94836],[-93.27414,44.94836],[-93.27412,44.94836],[-93.27409,44.94836],[-93.27285,44.94835],[-93.27184,44.94835],[-93.2716,44.94835],[-93.2703,44.94835],[-93.26903,44.94835],[-93.2689,44.94835],[-93.26805,44.94835],[-93.26801,44.94835],[-93.26776,44.94835],[-93.26726,44.94835],[-93.26685,44.94835],[-93.2665,44.94835],[-93.26622,44.94835],[-93.26521,44.94836],[-93.26438,44.94836],[-93.26395,44.94835],[-93.26393,44.94835],[-93.26273,44.94836],[-93.26272,44.94836],[-93.26268,44.94836],[-93.26268,44.94835],[-93.26266,44.94662],[-93.26266,44.94661],[-93.26266,44.94658],[-93.26264,44.94474],[-93.26264,44.94473],[-93.26261,44.94363],[-93.2626,44.94319],[-93.2626,44.94318],[-93.26258,44.94138],[-93.26258,44.94137]]]},"properties":{"id":"crime-mpls-central","layer":"crime_minneapolis","name":"Central","county":"Hennepin","state":"MN","countyFips":"27053","attributes":{"neighborhood":"Central","statYear":2025,"firstFullYear":2018,"lastFullYear":2025,"homicide":1,"rape":6,"robbery":28,"aggravatedAssault":45,"burglary":69,"larceny":128,"autoTheft":126,"arson":1,"violentTotal":80,"propertyTotal":324,"reportedTotal":404,"reportedTotalBand":"200–449","total2018":315,"total2019":357,"total2020":466,"total2021":448,"total2022":482,"total2023":535,"total2024":545,"total2025":404,"changeSinceFirstFullYear":89,"partialYearLabel":"2026 (January–July, incomplete)","partialYearTotal":253,"centroidLon":-93.26865,"centroidLat":44.94124},"confidence":"confirmed","sourceDate":"2025"}},{"type":"Feature","geometry":{"type":"Polygon","coordinates":[[[-93.30833,45.02409],[-93.30832,45.02326],[-93.3083,45.02227],[-93.30827,45.02047],[-93.30827,45.02046],[-93.30826,45.01867],[-93.30826,45.01866],[-93.30826,45.01708],[-93.30826,45.01686],[-93.30826,45.01685],[-93.30825,45.01506],[-93.30825,45.01505],[-93.30825,45.01494],[-93.30823,45.01325],[-93.30823,45.01324],[-93.30824,45.01324],[-93.30878,45.01324],[-93.30891,45.01324],[-93.30951,45.01325],[-93.31078,45.01324],[-93.31079,45.01324],[-93.31205,45.01325],[-93.31228,45.01325],[-93.31334,45.01325],[-93.31335,45.01325],[-93.31459,45.01325],[-93.31461,45.01325],[-93.31587,45.01325],[-93.31589,45.01325],[-93.31609,45.01325],[-93.31631,45.01325],[-93.31646,45.01325],[-93.31726,45.01324],[-93.31732,45.01324],[-93.31735,45.01324],[-93.31744,45.01324],[-93.31784,45.01326],[-93.31785,45.01326],[-93.31794,45.01327],[-93.31816,45.01329],[-93.31824,45.0133],[-93.31833,45.01332],[-93.31838,45.01333],[-93.31841,45.01333],[-93.31843,45.01333],[-93.31844,45.01333],[-93.31844,45.01334],[-93.31844,45.0134],[-93.31844,45.01355],[-93.31844,45.01365],[-93.31844,45.01376],[-93.31844,45.014],[-93.31844,45.01507],[-93.31844,45.01515],[-93.31843,45.01686],[-93.31843,45.01868],[-93.31843,45.01879],[-93.31843,45.02047],[-93.31848,45.02228],[-93.31848,45.02229],[-93.31848,45.0223],[-93.31853,45.02406],[-93.31853,45.0241],[-93.31853,45.02411],[-93.31852,45.02411],[-93.31725,45.0241],[-93.31598,45.0241],[-93.3147,45.0241],[-93.31342,45.0241],[-93.31217,45.0241],[-93.31089,45.02409],[-93.3096,45.02409],[-93.30864,45.02409],[-93.30833,45.02409]]]},"properties":{"id":"crime-mpls-cleveland","layer":"crime_minneapolis","name":"Cleveland","county":"Hennepin","state":"MN","countyFips":"27053","attributes":{"neighborhood":"Cleveland","statYear":2025,"firstFullYear":2018,"lastFullYear":2025,"homicide":0,"rape":5,"robbery":7,"aggravatedAssault":26,"burglary":30,"larceny":43,"autoTheft":32,"arson":1,"violentTotal":38,"propertyTotal":106,"reportedTotal":144,"reportedTotalBand":"100–199","total2018":188,"total2019":122,"total2020":147,"total2021":143,"total2022":176,"total2023":145,"total2024":174,"total2025":144,"changeSinceFirstFullYear":-44,"partialYearLabel":"2026 (January–July, incomplete)","partialYearTotal":58,"centroidLon":-93.31336,"centroidLat":45.01867},"confidence":"confirmed","sourceDate":"2025"}},{"type":"Feature","geometry":{"type":"Polygon","coordinates":[[[-93.24735,45.02568],[-93.24735,45.02567],[-93.24735,45.02435],[-93.24735,45.02402],[-93.24735,45.024],[-93.24734,45.02221],[-93.24734,45.02218],[-93.24735,45.02046],[-93.24735,45.02038],[-93.24735,45.02027],[-93.24734,45.01859],[-93.24734,45.01857],[-93.24734,45.01856],[-93.24734,45.01696],[-93.24734,45.01678],[-93.24734,45.01677],[-93.24912,45.01678],[-93.25091,45.01679],[-93.25245,45.01679],[-93.25246,45.01679],[-93.25308,45.01678],[-93.25312,45.01678],[-93.25364,45.01678],[-93.25429,45.01678],[-93.25434,45.01678],[-93.25549,45.01679],[-93.25554,45.01679],[-93.25555,45.01679],[-93.2567,45.01678],[-93.25676,45.01678],[-93.25793,45.01679],[-93.25795,45.01679],[-93.25913,45.01679],[-93.25917,45.01679],[-93.26031,45.01679],[-93.2607,45.01679],[-93.26071,45.01679],[-93.26074,45.01679],[-93.26312,45.01679],[-93.26313,45.01679],[-93.26316,45.01679],[-93.26316,45.01682],[-93.26316,45.01726],[-93.26318,45.01767],[-93.26318,45.01808],[-93.26319,45.01847],[-93.26318,45.01881],[-93.26313,45.01905],[-93.26308,45.0193],[-93.26302,45.01954],[-93.26297,45.01967],[-93.26294,45.01976],[-93.26293,45.01979],[-93.26289,45.01993],[-93.26285,45.02005],[-93.2628,45.02026],[-93.26279,45.02031],[-93.26271,45.02059],[-93.26268,45.02084],[-93.26267,45.02113],[-93.26266,45.02129],[-93.26261,45.02272],[-93.26263,45.02407],[-93.26263,45.02448],[-93.26262,45.0259],[-93.26264,45.02606],[-93.26264,45.02608],[-93.26265,45.02608],[-93.2627,45.02626],[-93.26271,45.02629],[-93.26292,45.02697],[-93.26302,45.02727],[-93.26303,45.02759],[-93.2639,45.02759],[-93.26395,45.02759],[-93.26406,45.02759],[-93.26498,45.0276],[-93.26568,45.0276],[-93.26647,45.02761],[-93.26735,45.0276],[-93.26863,45.0276],[-93.26864,45.0276],[-93.2687,45.0276],[-93.26899,45.02759],[-93.26904,45.02759],[-93.27281,45.02759],[-93.27574,45.02758],[-93.27575,45.02758],[-93.27576,45.02758],[-93.27642,45.02758],[-93.27768,45.02758],[-93.27792,45.02761],[-93.27802,45.02764],[-93.27823,45.0277],[-93.27849,45.02786],[-93.27864,45.02799],[-93.27894,45.02836],[-93.279,45.02844],[-93.27947,45.02904],[-93.27948,45.02905],[-93.27978,45.02938],[-93.27997,45.02938],[-93.28026,45.02938],[-93.28034,45.02938],[-93.28037,45.02938],[-93.28038,45.02938],[-93.28155,45.02938],[-93.28159,45.02938],[-93.2816,45.02938],[-93.28161,45.0294],[-93.28162,45.02941],[-93.28172,45.02955],[-93.28179,45.02966],[-93.28181,45.02969],[-93.28184,45.02974],[-93.28189,45.02982],[-93.28197,45.02995],[-93.28206,45.03008],[-93.28214,45.03022],[-93.28222,45.03034],[-93.28229,45.03047],[-93.2823,45.03049],[-93.28237,45.03059],[-93.28244,45.03071],[-93.2825,45.03083],[-93.28254,45.03089],[-93.28257,45.03095],[-93.28261,45.03103],[-93.28266,45.03112],[-93.2827,45.03119],[-93.28281,45.03141],[-93.28284,45.03148],[-93.28287,45.03153],[-93.2829,45.03159],[-93.28292,45.03164],[-93.28295,45.03169],[-93.28297,45.03175],[-93.283,45.03181],[-93.28302,45.03187],[-93.28305,45.03193],[-93.28307,45.03199],[-93.28309,45.03205],[-93.28311,45.03211],[-93.28314,45.03218],[-93.28316,45.03225],[-93.28317,45.03229],[-93.28318,45.03231],[-93.28318,45.03232],[-93.28318,45.03233],[-93.2832,45.03238],[-93.2832,45.0324],[-93.28322,45.03247],[-93.28324,45.03255],[-93.28326,45.03262],[-93.28327,45.03269],[-93.28328,45.0327],[-93.2833,45.03278],[-93.28331,45.03286],[-93.28333,45.03294],[-93.28333,45.03297],[-93.28334,45.03302],[-93.28335,45.03306],[-93.28335,45.03309],[-93.28336,45.03311],[-93.28337,45.03319],[-93.28337,45.0332],[-93.28338,45.03328],[-93.2834,45.03336],[-93.2834,45.03337],[-93.28341,45.03347],[-93.28342,45.03356],[-93.28342,45.03358],[-93.28343,45.03368],[-93.28343,45.03369],[-93.28345,45.0338],[-93.28345,45.03381],[-93.28346,45.03391],[-93.28346,45.03396],[-93.28346,45.03401],[-93.28347,45.03404],[-93.28348,45.03417],[-93.28348,45.03429],[-93.28349,45.03432],[-93.28349,45.03434],[-93.28349,45.0344],[-93.2835,45.03448],[-93.2835,45.0345],[-93.2835,45.0346],[-93.2835,45.03469],[-93.28351,45.03478],[-93.28351,45.03485],[-93.28351,45.03487],[-93.28351,45.03489],[-93.28351,45.03496],[-93.2835,45.03505],[-93.2835,45.03512],[-93.2835,45.03516],[-93.2835,45.0352],[-93.2835,45.03521],[-93.28349,45.03528],[-93.28349,45.03535],[-93.28349,45.03536],[-93.28348,45.03542],[-93.28348,45.03546],[-93.28347,45.03546],[-93.28331,45.03546],[-93.28284,45.03546],[-93.28264,45.03547],[-93.28205,45.03547],[-93.28203,45.03547],[-93.28196,45.03547],[-93.27821,45.03549],[-93.27796,45.03549],[-93.27782,45.03549],[-93.27672,45.03549],[-93.27588,45.0355],[-93.27584,45.0355],[-93.27583,45.0355],[-93.27541,45.0355],[-93.27446,45.03551],[-93.27359,45.03551],[-93.27348,45.03551],[-93.27346,45.03551],[-93.27328,45.03551],[-93.27327,45.03551],[-93.27273,45.03551],[-93.2707,45.03552],[-93.26786,45.03554],[-93.26768,45.03554],[-93.26767,45.03554],[-93.26766,45.03554],[-93.26755,45.03554],[-93.2664,45.03554],[-93.26639,45.03554],[-93.26627,45.03554],[-93.26578,45.03554],[-93.2651,45.03554],[-93.26508,45.03554],[-93.26439,45.03554],[-93.26381,45.03554],[-93.26352,45.03554],[-93.26301,45.03554],[-93.26282,45.03554],[-93.26281,45.03554],[-93.26273,45.03554],[-93.26272,45.03554],[-93.26266,45.03554],[-93.26253,45.03554],[-93.26177,45.03554],[-93.26151,45.03554],[-93.26098,45.03554],[-93.26087,45.03554],[-93.25994,45.03555],[-93.25992,45.03555],[-93.2589,45.03555],[-93.25875,45.03555],[-93.25548,45.03555],[-93.25547,45.03555],[-93.25461,45.03555],[-93.25137,45.03555],[-93.25112,45.03555],[-93.25087,45.03555],[-93.25051,45.03555],[-93.24985,45.03555],[-93.24856,45.03555],[-93.24813,45.03555],[-93.24795,45.03555],[-93.24777,45.03555],[-93.24729,45.03556],[-93.24727,45.03556],[-93.24727,45.0355],[-93.24729,45.03396],[-93.24729,45.03393],[-93.24729,45.03391],[-93.24729,45.03381],[-93.24729,45.03346],[-93.24729,45.03345],[-93.2473,45.03123],[-93.24732,45.02941],[-93.24733,45.02761],[-93.24735,45.02584],[-93.24735,45.0258],[-93.24735,45.02577],[-93.24735,45.0257],[-93.24735,45.02568]]]},"properties":{"id":"crime-mpls-columbia-park","layer":"crime_minneapolis","name":"Columbia Park","county":"Hennepin","state":"MN","countyFips":"27053","attributes":{"neighborhood":"Columbia Park","statYear":2025,"firstFullYear":2018,"lastFullYear":2025,"homicide":0,"rape":2,"robbery":2,"aggravatedAssault":7,"burglary":3,"larceny":26,"autoTheft":11,"arson":0,"violentTotal":11,"propertyTotal":40,"reportedTotal":51,"reportedTotalBand":"40–99","total2018":36,"total2019":49,"total2020":41,"total2021":64,"total2022":72,"total2023":79,"total2024":58,"total2025":51,"changeSinceFirstFullYear":15,"partialYearLabel":"2026 (January–July, incomplete)","partialYearTotal":45,"centroidLon":-93.26107,"centroidLat":45.02808},"confidence":"confirmed","sourceDate":"2025"}},{"type":"Feature","geometry":{"type":"Polygon","coordinates":[[[-93.22973,44.99325],[-93.22958,44.99316],[-93.22954,44.99314],[-93.22934,44.99302],[-93.22915,44.99292],[-93.229,44.99282],[-93.22881,44.99271],[-93.22865,44.99262],[-93.22848,44.99252],[-93.22844,44.9925],[-93.2283,44.99242],[-93.2281,44.9923],[-93.22789,44.99218],[-93.22767,44.99205],[-93.22759,44.99201],[-93.22758,44.992],[-93.22735,44.99186],[-93.22716,44.99175],[-93.22712,44.99173],[-93.22705,44.99169],[-93.22693,44.99162],[-93.22669,44.99148],[-93.22666,44.99146],[-93.22661,44.99146],[-93.2263,44.99145],[-93.22587,44.99145],[-93.22583,44.99145],[-93.22545,44.99146],[-93.22406,44.99147],[-93.22281,44.99149],[-93.22219,44.9915],[-93.22153,44.9915],[-93.22091,44.99151],[-93.22025,44.99152],[-93.21957,44.99152],[-93.21897,44.99153],[-93.21769,44.99154],[-93.21704,44.99155],[-93.21642,44.99156],[-93.21582,44.99157],[-93.21515,44.99158],[-93.21264,44.99161],[-93.21261,44.99161],[-93.21024,44.99165],[-93.21013,44.99165],[-93.2094,44.99167],[-93.20774,44.99171],[-93.20767,44.99171],[-93.20764,44.99171],[-93.20757,44.99171],[-93.20756,44.99171],[-93.20756,44.9917],[-93.20756,44.99158],[-93.20756,44.99117],[-93.20756,44.99108],[-93.20756,44.99001],[-93.20756,44.98987],[-93.20756,44.98813],[-93.20756,44.98807],[-93.20759,44.98629],[-93.20762,44.98516],[-93.20762,44.98491],[-93.20762,44.98475],[-93.20762,44.98446],[-93.20763,44.98399],[-93.20763,44.9833],[-93.20763,44.98314],[-93.20765,44.98049],[-93.20765,44.98038],[-93.20765,44.98035],[-93.20765,44.97998],[-93.20766,44.97735],[-93.20767,44.97725],[-93.20767,44.97724],[-93.20767,44.97632],[-93.20825,44.97645],[-93.20948,44.97675],[-93.21005,44.97689],[-93.21045,44.97699],[-93.21127,44.9772],[-93.21183,44.97734],[-93.21277,44.97759],[-93.21304,44.97766],[-93.21361,44.97781],[-93.2148,44.97814],[-93.21537,44.9783],[-93.21621,44.97854],[-93.21657,44.97865],[-93.21712,44.97881],[-93.21831,44.97917],[-93.21837,44.97919],[-93.21886,44.97934],[-93.2192,44.97945],[-93.22004,44.97971],[-93.22058,44.97988],[-93.22089,44.97998],[-93.22166,44.98022],[-93.22196,44.98032],[-93.22226,44.98043],[-93.22271,44.98058],[-93.223,44.98069],[-93.22375,44.98096],[-93.22391,44.98102],[-93.22405,44.98107],[-93.22411,44.9811],[-93.22478,44.98135],[-93.22506,44.98146],[-93.22522,44.98153],[-93.2256,44.98169],[-93.2258,44.98177],[-93.22612,44.98185],[-93.22662,44.98212],[-93.22687,44.98226],[-93.22689,44.98227],[-93.22696,44.98231],[-93.22697,44.98231],[-93.22707,44.98237],[-93.22708,44.98237],[-93.22786,44.98281],[-93.22929,44.9836],[-93.23082,44.98444],[-93.23083,44.98445],[-93.2309,44.98449],[-93.23206,44.98513],[-93.23208,44.98515],[-93.23273,44.98551],[-93.23325,44.9858],[-93.23333,44.98584],[-93.23335,44.98585],[-93.23406,44.98625],[-93.2341,44.98627],[-93.23462,44.98656],[-93.23568,44.98714],[-93.23585,44.98725],[-93.23661,44.98766],[-93.23668,44.9877],[-93.23685,44.9878],[-93.2371,44.98793],[-93.23711,44.98794],[-93.23714,44.98795],[-93.23716,44.98797],[-93.23743,44.98812],[-93.23752,44.98816],[-93.23827,44.98861],[-93.23844,44.98871],[-93.23868,44.98887],[-93.23902,44.98909],[-93.23954,44.98946],[-93.23964,44.98953],[-93.24006,44.98985],[-93.24012,44.9899],[-93.2403,44.99003],[-93.24038,44.9901],[-93.24052,44.99019],[-93.24062,44.99026],[-93.24081,44.9904],[-93.24095,44.99052],[-93.24115,44.9907],[-93.24122,44.99076],[-93.24158,44.99108],[-93.24169,44.99119],[-93.24197,44.99148],[-93.24199,44.99149],[-93.24196,44.99149],[-93.24195,44.99149],[-93.24096,44.9915],[-93.24057,44.99149],[-93.24055,44.99149],[-93.24034,44.99149],[-93.23969,44.99149],[-93.23911,44.99149],[-93.23864,44.9915],[-93.23848,44.9915],[-93.23841,44.9915],[-93.2382,44.9915],[-93.23782,44.9915],[-93.23723,44.9915],[-93.23719,44.9915],[-93.23716,44.9915],[-93.23713,44.9915],[-93.23711,44.9915],[-93.23693,44.99151],[-93.23662,44.99152],[-93.23651,44.99152],[-93.23652,44.99154],[-93.23655,44.99163],[-93.23664,44.9918],[-93.2367,44.9919],[-93.23676,44.99201],[-93.23677,44.99202],[-93.23681,44.99208],[-93.23684,44.99212],[-93.23685,44.99213],[-93.23693,44.99226],[-93.23712,44.99247],[-93.23713,44.99248],[-93.23719,44.99255],[-93.23727,44.99263],[-93.23757,44.99294],[-93.23777,44.99315],[-93.23787,44.99328],[-93.23774,44.99328],[-93.23766,44.99328],[-93.23718,44.99328],[-93.23716,44.99328],[-93.23714,44.99328],[-93.23713,44.99328],[-93.23586,44.99328],[-93.23525,44.99329],[-93.23331,44.99329],[-93.23271,44.99329],[-93.23205,44.99329],[-93.23089,44.99329],[-93.2298,44.99329],[-93.22979,44.99329],[-93.22973,44.99325]]]},"properties":{"id":"crime-mpls-como","layer":"crime_minneapolis","name":"Como","county":"Hennepin","state":"MN","countyFips":"27053","attributes":{"neighborhood":"Como","statYear":2025,"firstFullYear":2018,"lastFullYear":2025,"homicide":0,"rape":1,"robbery":2,"aggravatedAssault":24,"burglary":47,"larceny":155,"autoTheft":112,"arson":0,"violentTotal":27,"propertyTotal":314,"reportedTotal":341,"reportedTotalBand":"200–449","total2018":265,"total2019":236,"total2020":320,"total2021":310,"total2022":337,"total2023":276,"total2024":279,"total2025":341,"changeSinceFirstFullYear":76,"partialYearLabel":"2026 (January–July, incomplete)","partialYearTotal":210,"centroidLon":-93.22078,"centroidLat":44.98623},"confidence":"confirmed","sourceDate":"2025"}},{"type":"Feature","geometry":{"type":"Polygon","coordinates":[[[-93.20772,44.95303],[-93.20728,44.95288],[-93.2072,44.95285],[-93.20674,44.95267],[-93.20669,44.95265],[-93.2062,44.95244],[-93.20605,44.95236],[-93.20577,44.95223],[-93.20563,44.95216],[-93.20562,44.95215],[-93.20535,44.95201],[-93.20527,44.95196],[-93.20501,44.9518],[-93.20495,44.95176],[-93.20492,44.95175],[-93.20491,44.95174],[-93.20483,44.95169],[-93.20479,44.95166],[-93.20448,44.95146],[-93.20446,44.95144],[-93.20441,44.95141],[-93.20408,44.95116],[-93.20405,44.95113],[-93.20374,44.95088],[-93.2036,44.95075],[-93.20339,44.95056],[-93.20329,44.95047],[-93.20305,44.95022],[-93.20277,44.9499],[-93.20275,44.94987],[-93.20247,44.94951],[-93.20222,44.94914],[-93.20219,44.9491],[-93.20214,44.94901],[-93.20199,44.94876],[-93.20197,44.94873],[-93.2018,44.94838],[-93.20179,44.94835],[-93.20177,44.9483],[-93.20169,44.94811],[-93.20164,44.94797],[-93.20156,44.94777],[-93.20154,44.94771],[-93.20145,44.94745],[-93.20145,44.94744],[-93.20143,44.94739],[-93.20136,44.94716],[-93.20128,44.94688],[-93.2012,44.94654],[-93.20118,44.94647],[-93.20113,44.94626],[-93.20112,44.9462],[-93.20111,44.94617],[-93.20107,44.94592],[-93.20106,44.94586],[-93.20101,44.94558],[-93.20101,44.94555],[-93.201,44.94545],[-93.20098,44.94529],[-93.20095,44.94501],[-93.20095,44.945],[-93.20094,44.94493],[-93.20092,44.94469],[-93.20092,44.94467],[-93.20092,44.94464],[-93.20092,44.94457],[-93.20091,44.94443],[-93.20091,44.94438],[-93.20091,44.94435],[-93.20091,44.94407],[-93.20091,44.94404],[-93.20091,44.94403],[-93.20091,44.94397],[-93.20091,44.94374],[-93.20091,44.94369],[-93.20092,44.94359],[-93.20092,44.94354],[-93.20093,44.94343],[-93.20093,44.94337],[-93.20094,44.94323],[-93.20096,44.94291],[-93.20099,44.94259],[-93.20099,44.94246],[-93.20101,44.94222],[-93.20103,44.94184],[-93.20104,44.94167],[-93.20104,44.94157],[-93.20104,44.94155],[-93.20118,44.94155],[-93.20127,44.94155],[-93.20134,44.94155],[-93.20149,44.94156],[-93.20189,44.94156],[-93.2021,44.94156],[-93.20261,44.94156],[-93.20326,44.94156],[-93.20328,44.94156],[-93.20389,44.94155],[-93.2039,44.94155],[-93.20433,44.94155],[-93.20435,44.94155],[-93.20436,44.94155],[-93.20512,44.94154],[-93.20634,44.94153],[-93.20638,44.94153],[-93.20762,44.94152],[-93.20882,44.94151],[-93.20883,44.94151],[-93.21012,44.9415],[-93.21013,44.9415],[-93.21145,44.94149],[-93.21273,44.94148],[-93.21274,44.94148],[-93.21403,44.94147],[-93.21531,44.94146],[-93.21659,44.94144],[-93.21784,44.94144],[-93.21784,44.94145],[-93.21784,44.94323],[-93.21784,44.94324],[-93.21784,44.94327],[-93.21784,44.94431],[-93.21783,44.94503],[-93.21783,44.94506],[-93.21783,44.94659],[-93.21783,44.94681],[-93.21783,44.94682],[-93.21783,44.94787],[-93.21783,44.94835],[-93.21783,44.94836],[-93.21783,44.94955],[-93.21783,44.95016],[-93.21783,44.95017],[-93.21784,44.95104],[-93.21784,44.95108],[-93.21784,44.95165],[-93.21784,44.95197],[-93.21784,44.95198],[-93.21784,44.95365],[-93.21784,44.95366],[-93.21784,44.95368],[-93.21784,44.95371],[-93.21775,44.95373],[-93.21767,44.95375],[-93.21751,44.9538],[-93.21735,44.95384],[-93.21727,44.95387],[-93.21719,44.95389],[-93.21703,44.95394],[-93.21676,44.95403],[-93.21658,44.95409],[-93.21657,44.95409],[-93.2163,44.9542],[-93.21583,44.95438],[-93.2154,44.95457],[-93.21531,44.95461],[-93.21499,44.95477],[-93.21466,44.95495],[-93.21446,44.95506],[-93.21438,44.95511],[-93.21422,44.9552],[-93.21417,44.95523],[-93.21408,44.95529],[-93.21401,44.95532],[-93.21398,44.95534],[-93.21361,44.95556],[-93.2136,44.95556],[-93.21352,44.95562],[-93.21339,44.95569],[-93.21332,44.95573],[-93.21312,44.95585],[-93.21278,44.95605],[-93.21275,44.95603],[-93.21269,44.95599],[-93.2125,44.95586],[-93.21226,44.9557],[-93.2121,44.95559],[-93.21202,44.95554],[-93.2119,44.95546],[-93.21179,44.95539],[-93.21156,44.95524],[-93.21134,44.9551],[-93.21112,44.95496],[-93.21093,44.95483],[-93.21073,44.95471],[-93.21054,44.9546],[-93.21035,44.95448],[-93.21017,44.95437],[-93.21005,44.9543],[-93.20998,44.95426],[-93.2098,44.95415],[-93.20961,44.95405],[-93.20943,44.95394],[-93.20925,44.95384],[-93.20908,44.95375],[-93.20887,44.95363],[-93.20864,44.95351],[-93.20841,44.95338],[-93.20819,44.95327],[-93.20798,44.95316],[-93.20784,44.95308],[-93.20779,44.95306],[-93.20772,44.95303]]]},"properties":{"id":"crime-mpls-cooper","layer":"crime_minneapolis","name":"Cooper","county":"Hennepin","state":"MN","countyFips":"27053","attributes":{"neighborhood":"Cooper","statYear":2025,"firstFullYear":2018,"lastFullYear":2025,"homicide":0,"rape":1,"robbery":3,"aggravatedAssault":2,"burglary":30,"larceny":61,"autoTheft":27,"arson":0,"violentTotal":6,"propertyTotal":118,"reportedTotal":124,"reportedTotalBand":"100–199","total2018":112,"total2019":143,"total2020":152,"total2021":135,"total2022":156,"total2023":185,"total2024":174,"total2025":124,"changeSinceFirstFullYear":12,"partialYearLabel":"2026 (January–July, incomplete)","partialYearTotal":67,"centroidLon":-93.21021,"centroidLat":44.94752},"confidence":"confirmed","sourceDate":"2025"}},{"type":"Feature","geometry":{"type":"Polygon","coordinates":[[[-93.23817,44.94837],[-93.23793,44.94801],[-93.23774,44.94767],[-93.23751,44.94725],[-93.23745,44.94714],[-93.23723,44.94673],[-93.23714,44.94657],[-93.237,44.94634],[-93.23689,44.94616],[-93.23686,44.94611],[-93.23669,44.94587],[-93.23651,44.94564],[-93.23626,44.94526],[-93.23625,44.94524],[-93.23603,44.94492],[-93.23595,44.94478],[-93.23595,44.94477],[-93.23594,44.94475],[-93.23588,44.94465],[-93.2354,44.94393],[-93.23522,44.94369],[-93.23471,44.94296],[-93.2347,44.94294],[-93.23458,44.94276],[-93.23449,44.94264],[-93.23395,44.94185],[-93.23392,44.94181],[-93.23361,44.94135],[-93.2336,44.94134],[-93.23344,44.94111],[-93.23343,44.94109],[-93.23313,44.94068],[-93.23241,44.93965],[-93.23237,44.93955],[-93.23236,44.93954],[-93.23235,44.93953],[-93.23234,44.93951],[-93.23234,44.9395],[-93.23231,44.93942],[-93.23215,44.93919],[-93.23206,44.93906],[-93.23181,44.9387],[-93.23178,44.93865],[-93.23168,44.93853],[-93.23113,44.93773],[-93.23121,44.93773],[-93.23209,44.93773],[-93.23212,44.93773],[-93.23222,44.93773],[-93.23272,44.93773],[-93.23337,44.93773],[-93.2334,44.93773],[-93.2342,44.93773],[-93.23466,44.93773],[-93.23537,44.93773],[-93.23591,44.93773],[-93.23592,44.93773],[-93.2372,44.93774],[-93.23802,44.93773],[-93.23804,44.93773],[-93.23888,44.93773],[-93.23889,44.93773],[-93.24058,44.93773],[-93.24228,44.93773],[-93.24356,44.93774],[-93.24482,44.93773],[-93.24606,44.93773],[-93.24715,44.93774],[-93.24736,44.93774],[-93.24737,44.93774],[-93.24737,44.93775],[-93.24737,44.93955],[-93.24737,44.93956],[-93.24738,44.94093],[-93.24738,44.94098],[-93.24738,44.94134],[-93.24738,44.94135],[-93.2474,44.94286],[-93.2474,44.94293],[-93.2474,44.94294],[-93.2474,44.94297],[-93.24742,44.94475],[-93.24742,44.94476],[-93.24742,44.94656],[-93.24742,44.94657],[-93.24742,44.94658],[-93.24742,44.94663],[-93.24742,44.94784],[-93.24742,44.94834],[-93.24742,44.94837],[-93.24678,44.94837],[-93.24613,44.94837],[-93.24488,44.94837],[-93.24379,44.94837],[-93.24362,44.94837],[-93.24346,44.94837],[-93.24234,44.94837],[-93.24034,44.94837],[-93.23897,44.94837],[-93.23892,44.94837],[-93.23891,44.94837],[-93.23883,44.94836],[-93.2387,44.94836],[-93.23834,44.94837],[-93.23832,44.94837],[-93.23831,44.94837],[-93.2383,44.94837],[-93.23824,44.94837],[-93.23817,44.94837]]]},"properties":{"id":"crime-mpls-corcoran","layer":"crime_minneapolis","name":"Corcoran","county":"Hennepin","state":"MN","countyFips":"27053","attributes":{"neighborhood":"Corcoran","statYear":2025,"firstFullYear":2018,"lastFullYear":2025,"homicide":0,"rape":9,"robbery":22,"aggravatedAssault":32,"burglary":40,"larceny":117,"autoTheft":69,"arson":1,"violentTotal":63,"propertyTotal":227,"reportedTotal":290,"reportedTotalBand":"200–449","total2018":157,"total2019":205,"total2020":261,"total2021":198,"total2022":271,"total2023":302,"total2024":259,"total2025":290,"changeSinceFirstFullYear":133,"partialYearLabel":"2026 (January–July, incomplete)","partialYearTotal":131,"centroidLon":-93.2409,"centroidLat":44.94256},"confidence":"confirmed","sourceDate":"2025"}},{"type":"Feature","geometry":{"type":"Polygon","coordinates":[[[-93.24745,44.90366],[-93.2475,44.90145],[-93.2475,44.90143],[-93.2475,44.90142],[-93.2475,44.90135],[-93.24749,44.90097],[-93.24749,44.90095],[-93.24747,44.90087],[-93.24741,44.90064],[-93.24739,44.90053],[-93.24738,44.90049],[-93.24737,44.90043],[-93.24736,44.9004],[-93.24735,44.90038],[-93.24726,44.90007],[-93.24722,44.89995],[-93.24722,44.89993],[-93.24719,44.89969],[-93.24719,44.89965],[-93.24719,44.89956],[-93.24719,44.89952],[-93.24718,44.89933],[-93.24718,44.89931],[-93.24719,44.89915],[-93.24722,44.89829],[-93.24722,44.89795],[-93.24722,44.89777],[-93.24722,44.89759],[-93.24722,44.89755],[-93.24722,44.89749],[-93.24723,44.89743],[-93.24722,44.89741],[-93.24722,44.89737],[-93.24722,44.89732],[-93.24722,44.89712],[-93.24723,44.89707],[-93.24723,44.89615],[-93.24732,44.89615],[-93.24734,44.89615],[-93.24763,44.89615],[-93.24764,44.89615],[-93.24763,44.89678],[-93.24761,44.89747],[-93.2476,44.89759],[-93.24775,44.89759],[-93.24777,44.89759],[-93.24789,44.89759],[-93.24824,44.89759],[-93.24825,44.89759],[-93.24824,44.89787],[-93.24825,44.89787],[-93.25014,44.89786],[-93.25141,44.89786],[-93.25166,44.89786],[-93.25261,44.89786],[-93.25268,44.89786],[-93.25397,44.89785],[-93.25464,44.89785],[-93.25466,44.89718],[-93.25538,44.89717],[-93.25541,44.89554],[-93.25539,44.89554],[-93.25471,44.89554],[-93.25471,44.89538],[-93.25473,44.89491],[-93.25471,44.89491],[-93.25469,44.89491],[-93.25467,44.89491],[-93.25468,44.89468],[-93.25468,44.89456],[-93.25469,44.89441],[-93.25467,44.89441],[-93.25444,44.89441],[-93.25442,44.89441],[-93.2544,44.89441],[-93.25436,44.89441],[-93.25413,44.89441],[-93.25408,44.89441],[-93.25395,44.89441],[-93.25395,44.89425],[-93.25397,44.89357],[-93.25397,44.89342],[-93.25397,44.89334],[-93.25399,44.89271],[-93.25399,44.8926],[-93.25398,44.8926],[-93.25396,44.8926],[-93.25271,44.89261],[-93.25275,44.89175],[-93.25278,44.89087],[-93.25278,44.8908],[-93.25277,44.8908],[-93.25229,44.8908],[-93.25086,44.89079],[-93.25087,44.89077],[-93.25087,44.89074],[-93.25088,44.89073],[-93.25088,44.89071],[-93.2512,44.89071],[-93.25277,44.89071],[-93.25288,44.89071],[-93.25417,44.89071],[-93.25449,44.89071],[-93.25542,44.89071],[-93.25589,44.89071],[-93.25647,44.89071],[-93.2565,44.89071],[-93.25652,44.89071],[-93.25661,44.89071],[-93.25694,44.89071],[-93.257,44.89071],[-93.25713,44.89071],[-93.25717,44.89071],[-93.25723,44.89071],[-93.25724,44.89071],[-93.25726,44.89071],[-93.25727,44.89071],[-93.25746,44.89071],[-93.25801,44.89071],[-93.25887,44.89071],[-93.25925,44.89071],[-93.26045,44.89071],[-93.26156,44.89071],[-93.26168,44.89071],[-93.26245,44.89071],[-93.26281,44.89071],[-93.26291,44.89071],[-93.26377,44.89071],[-93.265,44.89071],[-93.26518,44.89071],[-93.26534,44.89071],[-93.2678,44.89071],[-93.26782,44.89071],[-93.26784,44.89071],[-93.26849,44.89071],[-93.26957,44.8907],[-93.27042,44.8907],[-93.2717,44.89069],[-93.27171,44.89069],[-93.27243,44.89068],[-93.2732,44.89068],[-93.27346,44.89067],[-93.2744,44.89067],[-93.27494,44.89066],[-93.27496,44.89066],[-93.27498,44.89066],[-93.27509,44.89066],[-93.27515,44.89066],[-93.27516,44.89066],[-93.27516,44.89071],[-93.27516,44.89085],[-93.27516,44.8909],[-93.27517,44.89174],[-93.27517,44.89198],[-93.27517,44.89209],[-93.27517,44.89218],[-93.27517,44.8924],[-93.27517,44.89247],[-93.27515,44.89263],[-93.27511,44.89284],[-93.27508,44.89305],[-93.27508,44.89308],[-93.27504,44.89355],[-93.27499,44.8941],[-93.27498,44.8942],[-93.27498,44.89427],[-93.27498,44.89428],[-93.27498,44.8943],[-93.27496,44.89466],[-93.27493,44.89553],[-93.27491,44.89643],[-93.27491,44.89646],[-93.27491,44.89664],[-93.2749,44.89676],[-93.27491,44.89722],[-93.27491,44.89739],[-93.27492,44.89779],[-93.27492,44.89783],[-93.27492,44.89786],[-93.27492,44.89787],[-93.27492,44.89788],[-93.27492,44.8981],[-93.27493,44.8986],[-93.27493,44.89872],[-93.27494,44.89892],[-93.27493,44.89923],[-93.27493,44.89974],[-93.27493,44.90014],[-93.27494,44.90067],[-93.27493,44.90243],[-93.27492,44.90346],[-93.27492,44.90356],[-93.27488,44.90356],[-93.27485,44.90355],[-93.27483,44.90355],[-93.27467,44.90353],[-93.27431,44.90349],[-93.27429,44.90349],[-93.2742,44.90348],[-93.27355,44.90339],[-93.2729,44.90331],[-93.27265,44.90328],[-93.2717,44.90315],[-93.27166,44.90315],[-93.27162,44.90314],[-93.27117,44.90309],[-93.2702,44.90317],[-93.26756,44.90336],[-93.26714,44.90339],[-93.26713,44.90339],[-93.26526,44.9034],[-93.26522,44.9034],[-93.26397,44.90341],[-93.26269,44.90341],[-93.26266,44.90341],[-93.2614,44.90342],[-93.26015,44.90343],[-93.26014,44.90343],[-93.25888,44.90344],[-93.25839,44.90343],[-93.25763,44.90343],[-93.25761,44.90343],[-93.25637,44.90344],[-93.25633,44.90344],[-93.25511,44.90343],[-93.25507,44.90343],[-93.25384,44.90345],[-93.25364,44.90349],[-93.25326,44.90365],[-93.25323,44.90366],[-93.25189,44.90366],[-93.24902,44.90366],[-93.24792,44.90366],[-93.24745,44.90366]]]},"properties":{"id":"crime-mpls-diamond-lake","layer":"crime_minneapolis","name":"Diamond Lake","county":"Hennepin","state":"MN","countyFips":"27053","attributes":{"neighborhood":"Diamond Lake","statYear":2025,"firstFullYear":2018,"lastFullYear":2025,"homicide":0,"rape":1,"robbery":3,"aggravatedAssault":4,"burglary":19,"larceny":65,"autoTheft":27,"arson":0,"violentTotal":8,"propertyTotal":111,"reportedTotal":119,"reportedTotalBand":"100–199","total2018":101,"total2019":123,"total2020":131,"total2021":136,"total2022":132,"total2023":141,"total2024":114,"total2025":119,"changeSinceFirstFullYear":18,"partialYearLabel":"2026 (January–July, incomplete)","partialYearTotal":68,"centroidLon":-93.2627,"centroidLat":44.89746},"confidence":"confirmed","sourceDate":"2025"}},{"type":"Feature","geometry":{"type":"Polygon","coordinates":[[[-93.24499,44.97893],[-93.24501,44.97888],[-93.24502,44.97886],[-93.24503,44.97883],[-93.24504,44.9788],[-93.24504,44.97879],[-93.24509,44.97866],[-93.24511,44.97863],[-93.24513,44.97857],[-93.2452,44.97839],[-93.24522,44.97834],[-93.24531,44.97811],[-93.24532,44.97809],[-93.24548,44.97767],[-93.24549,44.97763],[-93.2455,44.97762],[-93.24556,44.97748],[-93.24568,44.97725],[-93.24571,44.97719],[-93.24576,44.97711],[-93.24591,44.97688],[-93.24592,44.97687],[-93.24597,44.97681],[-93.24599,44.97677],[-93.2461,44.97663],[-93.24613,44.9766],[-93.24613,44.97659],[-93.24614,44.97658],[-93.24617,44.97654],[-93.24629,44.9764],[-93.24641,44.97628],[-93.24648,44.97621],[-93.24649,44.97619],[-93.2465,44.97619],[-93.24654,44.97614],[-93.24672,44.97599],[-93.24685,44.97588],[-93.24698,44.97576],[-93.24701,44.97575],[-93.24714,44.97564],[-93.24716,44.97562],[-93.24737,44.97547],[-93.24749,44.97538],[-93.24767,44.97526],[-93.24792,44.97507],[-93.24799,44.97503],[-93.24826,44.97483],[-93.24833,44.97478],[-93.24842,44.97471],[-93.2486,44.97458],[-93.24861,44.97457],[-93.24862,44.97456],[-93.24864,44.97455],[-93.24884,44.9744],[-93.24911,44.9742],[-93.24912,44.97419],[-93.24917,44.97415],[-93.2494,44.97397],[-93.24942,44.97395],[-93.24952,44.97386],[-93.24953,44.97386],[-93.24954,44.97385],[-93.24961,44.97379],[-93.24965,44.97376],[-93.24974,44.97367],[-93.24976,44.97365],[-93.24985,44.97356],[-93.24988,44.97354],[-93.25004,44.9734],[-93.25016,44.97327],[-93.25018,44.97325],[-93.25019,44.97324],[-93.25026,44.97318],[-93.25043,44.973],[-93.25063,44.97278],[-93.25079,44.97261],[-93.25082,44.97258],[-93.25083,44.97256],[-93.25084,44.97256],[-93.25102,44.97233],[-93.25117,44.97216],[-93.25121,44.97211],[-93.25127,44.97204],[-93.25128,44.97203],[-93.25128,44.97202],[-93.25141,44.97186],[-93.2515,44.97176],[-93.25151,44.97175],[-93.25163,44.9716],[-93.25185,44.97135],[-93.25204,44.97113],[-93.25207,44.97109],[-93.2521,44.97105],[-93.2523,44.97082],[-93.25233,44.97078],[-93.25247,44.97059],[-93.25262,44.97037],[-93.25266,44.97033],[-93.25268,44.9703],[-93.2527,44.97026],[-93.25271,44.97025],[-93.25281,44.97009],[-93.25286,44.96999],[-93.2529,44.96993],[-93.25292,44.96989],[-93.25293,44.96988],[-93.25296,44.96983],[-93.25372,44.97035],[-93.25376,44.97037],[-93.25507,44.97094],[-93.25508,44.97094],[-93.25641,44.97149],[-93.25642,44.9715],[-93.25643,44.9715],[-93.2578,44.97209],[-93.25781,44.97209],[-93.2588,44.97253],[-93.25906,44.97265],[-93.25913,44.97268],[-93.25914,44.97268],[-93.25949,44.97282],[-93.26051,44.97323],[-93.26052,44.97323],[-93.26055,44.97324],[-93.26053,44.97327],[-93.26009,44.9738],[-93.26004,44.97386],[-93.26005,44.97398],[-93.26006,44.97403],[-93.26006,44.97407],[-93.26009,44.97416],[-93.26016,44.97426],[-93.26027,44.97438],[-93.26047,44.97453],[-93.26048,44.97454],[-93.26106,44.97478],[-93.26107,44.97478],[-93.26177,44.97508],[-93.26189,44.97513],[-93.26231,44.97532],[-93.2624,44.97535],[-93.26241,44.97536],[-93.26242,44.97536],[-93.26243,44.97537],[-93.26166,44.97632],[-93.26165,44.97633],[-93.26082,44.97728],[-93.26043,44.97772],[-93.26036,44.97781],[-93.25997,44.97825],[-93.25996,44.97827],[-93.25992,44.97832],[-93.25987,44.97837],[-93.25947,44.97884],[-93.25912,44.97926],[-93.25901,44.97939],[-93.2589,44.97953],[-93.25856,44.97995],[-93.25846,44.98009],[-93.25845,44.98009],[-93.25844,44.9801],[-93.25842,44.98013],[-93.25838,44.98016],[-93.25834,44.98021],[-93.25821,44.98034],[-93.25815,44.98039],[-93.25814,44.98041],[-93.2581,44.98045],[-93.25808,44.98047],[-93.25807,44.98048],[-93.25806,44.98048],[-93.258,44.98055],[-93.25799,44.98057],[-93.25796,44.98061],[-93.25767,44.98096],[-93.25764,44.981],[-93.25761,44.98104],[-93.25739,44.98132],[-93.25726,44.98148],[-93.25714,44.98163],[-93.25713,44.98162],[-93.25711,44.98162],[-93.25691,44.98152],[-93.25675,44.98145],[-93.25641,44.98129],[-93.25621,44.9812],[-93.25602,44.98112],[-93.25582,44.98102],[-93.2558,44.98101],[-93.25562,44.98094],[-93.25546,44.98087],[-93.25544,44.98086],[-93.25542,44.98085],[-93.25526,44.98078],[-93.25524,44.98077],[-93.2551,44.98072],[-93.25495,44.98065],[-93.25481,44.98059],[-93.25476,44.98058],[-93.25475,44.98057],[-93.25466,44.98054],[-93.25452,44.98048],[-93.25438,44.98043],[-93.25424,44.98038],[-93.25423,44.98037],[-93.25418,44.98036],[-93.25411,44.98033],[-93.25397,44.98028],[-93.25384,44.98024],[-93.25371,44.9802],[-93.25358,44.98016],[-93.25345,44.98012],[-93.25332,44.98008],[-93.25323,44.98005],[-93.25318,44.98004],[-93.25304,44.98],[-93.25293,44.97997],[-93.25282,44.97994],[-93.25271,44.97991],[-93.25269,44.9799],[-93.2526,44.97988],[-93.25249,44.97986],[-93.25238,44.97983],[-93.25227,44.9798],[-93.25215,44.97978],[-93.25206,44.97975],[-93.25204,44.97975],[-93.25192,44.97972],[-93.25186,44.97971],[-93.2518,44.9797],[-93.25168,44.97967],[-93.25156,44.97965],[-93.25153,44.97964],[-93.25152,44.97964],[-93.25143,44.97962],[-93.25131,44.9796],[-93.25125,44.97959],[-93.25124,44.97958],[-93.25123,44.97958],[-93.25118,44.97957],[-93.25105,44.97955],[-93.25092,44.97952],[-93.25079,44.9795],[-93.25066,44.97948],[-93.25052,44.97945],[-93.25039,44.97943],[-93.25038,44.97943],[-93.25025,44.97941],[-93.25011,44.97938],[-93.25005,44.97937],[-93.24996,44.97936],[-93.24983,44.97934],[-93.24981,44.97934],[-93.24966,44.97931],[-93.24951,44.97929],[-93.24934,44.97927],[-93.24917,44.97924],[-93.24898,44.97921],[-93.24886,44.9792],[-93.24875,44.97918],[-93.24864,44.97917],[-93.24852,44.97916],[-93.2484,44.97915],[-93.24828,44.97913],[-93.24815,44.97912],[-93.24802,44.97911],[-93.24788,44.9791],[-93.24776,44.9791],[-93.24764,44.97909],[-93.24751,44.97908],[-93.24746,44.97908],[-93.24741,44.97908],[-93.24738,44.97908],[-93.2472,44.97907],[-93.24712,44.97907],[-93.24694,44.97906],[-93.24649,44.97904],[-93.24631,44.97903],[-93.24615,44.97903],[-93.24598,44.97902],[-93.24582,44.97901],[-93.24567,44.979],[-93.24552,44.97899],[-93.24544,44.97898],[-93.24536,44.97897],[-93.24528,44.97897],[-93.24525,44.97896],[-93.24523,44.97896],[-93.24521,44.97896],[-93.24513,44.97895],[-93.24511,44.97895],[-93.24506,44.97894],[-93.24502,44.97894],[-93.24501,44.97894],[-93.24499,44.97893]]]},"properties":{"id":"crime-mpls-downtown-east","layer":"crime_minneapolis","name":"Downtown East","county":"Hennepin","state":"MN","countyFips":"27053","attributes":{"neighborhood":"Downtown East","statYear":2025,"firstFullYear":2018,"lastFullYear":2025,"homicide":0,"rape":2,"robbery":7,"aggravatedAssault":11,"burglary":12,"larceny":168,"autoTheft":39,"arson":1,"violentTotal":20,"propertyTotal":220,"reportedTotal":240,"reportedTotalBand":"200–449","total2018":252,"total2019":304,"total2020":253,"total2021":238,"total2022":293,"total2023":282,"total2024":304,"total2025":240,"changeSinceFirstFullYear":-12,"partialYearLabel":"2026 (January–July, incomplete)","partialYearTotal":109,"centroidLon":-93.25411,"centroidLat":44.97606},"confidence":"confirmed","sourceDate":"2025"}},{"type":"Feature","geometry":{"type":"Polygon","coordinates":[[[-93.26011,44.983],[-93.2601,44.98299],[-93.26004,44.98296],[-93.25992,44.9829],[-93.25979,44.98284],[-93.25971,44.98281],[-93.25967,44.98278],[-93.25954,44.98272],[-93.2594,44.98266],[-93.25926,44.98259],[-93.25912,44.98253],[-93.25896,44.98246],[-93.25894,44.98245],[-93.25878,44.98237],[-93.25857,44.98228],[-93.25846,44.98223],[-93.25816,44.98209],[-93.25778,44.98192],[-93.25755,44.98182],[-93.25739,44.98175],[-93.25721,44.98166],[-93.25714,44.98163],[-93.25726,44.98148],[-93.25739,44.98132],[-93.25761,44.98104],[-93.25764,44.981],[-93.25767,44.98096],[-93.25796,44.98061],[-93.25799,44.98057],[-93.258,44.98055],[-93.25806,44.98048],[-93.25807,44.98048],[-93.25808,44.98047],[-93.2581,44.98045],[-93.25814,44.98041],[-93.25815,44.98039],[-93.25821,44.98034],[-93.25834,44.98021],[-93.25838,44.98016],[-93.25842,44.98013],[-93.25844,44.9801],[-93.25845,44.98009],[-93.25846,44.98009],[-93.25856,44.97995],[-93.2589,44.97953],[-93.25901,44.97939],[-93.25912,44.97926],[-93.25947,44.97884],[-93.25987,44.97837],[-93.25992,44.97832],[-93.25996,44.97827],[-93.25997,44.97825],[-93.26036,44.97781],[-93.26043,44.97772],[-93.26082,44.97728],[-93.26165,44.97633],[-93.26166,44.97632],[-93.26243,44.97537],[-93.26378,44.97594],[-93.26381,44.97595],[-93.26382,44.97594],[-93.26449,44.9751],[-93.26459,44.97497],[-93.2646,44.97497],[-93.26487,44.97464],[-93.26541,44.97401],[-93.26622,44.97305],[-93.26623,44.97304],[-93.26704,44.9721],[-93.26704,44.97209],[-93.26788,44.97111],[-93.26789,44.97111],[-93.2679,44.9711],[-93.26791,44.97109],[-93.26839,44.97079],[-93.26862,44.97066],[-93.26882,44.97054],[-93.26897,44.97038],[-93.26905,44.97027],[-93.26906,44.97026],[-93.26909,44.97021],[-93.26911,44.97019],[-93.26913,44.97016],[-93.26913,44.97015],[-93.26914,44.97013],[-93.26916,44.97009],[-93.26916,44.97007],[-93.26917,44.97006],[-93.26918,44.97001],[-93.26921,44.96995],[-93.26921,44.96994],[-93.26924,44.96987],[-93.26925,44.96984],[-93.26927,44.96984],[-93.26934,44.96984],[-93.27018,44.96988],[-93.27026,44.96988],[-93.27087,44.96991],[-93.27091,44.96991],[-93.27111,44.96993],[-93.27117,44.96993],[-93.27122,44.96994],[-93.27125,44.96994],[-93.27128,44.96995],[-93.27135,44.96997],[-93.27143,44.96999],[-93.27217,44.9703],[-93.27218,44.9703],[-93.27354,44.97087],[-93.27355,44.97087],[-93.27356,44.97087],[-93.27493,44.97142],[-93.27494,44.97143],[-93.27635,44.97203],[-93.27637,44.97204],[-93.27693,44.97227],[-93.27785,44.97265],[-93.27786,44.97265],[-93.27787,44.97266],[-93.27805,44.97271],[-93.27885,44.97294],[-93.27886,44.97294],[-93.27955,44.97382],[-93.27956,44.97384],[-93.27957,44.97385],[-93.27981,44.97412],[-93.28037,44.97474],[-93.28039,44.97476],[-93.2804,44.97476],[-93.2804,44.97477],[-93.28041,44.97477],[-93.28045,44.97484],[-93.28053,44.97496],[-93.28069,44.97519],[-93.28083,44.97539],[-93.28084,44.97539],[-93.28084,44.9754],[-93.28086,44.97544],[-93.28101,44.97585],[-93.28104,44.97593],[-93.28105,44.97594],[-93.2811,44.97606],[-93.28111,44.9761],[-93.28118,44.97628],[-93.28123,44.9764],[-93.28124,44.97641],[-93.2813,44.97653],[-93.2815,44.97693],[-93.2815,44.97694],[-93.28161,44.97732],[-93.2816,44.97754],[-93.2816,44.97755],[-93.28152,44.97793],[-93.28152,44.97794],[-93.28151,44.97892],[-93.28151,44.97894],[-93.28147,44.97894],[-93.28138,44.97896],[-93.28129,44.97898],[-93.28121,44.979],[-93.28112,44.97901],[-93.28106,44.97903],[-93.28082,44.97913],[-93.28051,44.97938],[-93.28025,44.9796],[-93.28024,44.97961],[-93.27987,44.97992],[-93.27983,44.97995],[-93.27961,44.9801],[-93.27955,44.98015],[-93.27939,44.98026],[-93.27925,44.98036],[-93.2792,44.9804],[-93.27914,44.98043],[-93.27907,44.98048],[-93.27906,44.98049],[-93.27898,44.98052],[-93.2789,44.98057],[-93.27882,44.98061],[-93.2786,44.98072],[-93.2785,44.98077],[-93.27849,44.98077],[-93.27803,44.98091],[-93.27796,44.98094],[-93.27783,44.98097],[-93.27767,44.98102],[-93.27753,44.98108],[-93.27745,44.98112],[-93.27744,44.98112],[-93.27743,44.98113],[-93.27739,44.98114],[-93.27714,44.98125],[-93.27706,44.98129],[-93.27704,44.9813],[-93.277,44.98133],[-93.27698,44.98134],[-93.27696,44.98136],[-93.27644,44.98168],[-93.27642,44.98169],[-93.27613,44.9819],[-93.276,44.98198],[-93.27595,44.98201],[-93.27591,44.98204],[-93.27555,44.9823],[-93.27528,44.98248],[-93.2748,44.98282],[-93.27479,44.98282],[-93.27398,44.9834],[-93.27385,44.98349],[-93.27363,44.98365],[-93.2736,44.98367],[-93.27249,44.98448],[-93.27244,44.98452],[-93.27242,44.98453],[-93.27225,44.9844],[-93.27132,44.98375],[-93.27131,44.98374],[-93.27078,44.98334],[-93.27073,44.9833],[-93.27056,44.98317],[-93.27026,44.98295],[-93.27026,44.98294],[-93.27023,44.98292],[-93.2702,44.9829],[-93.27002,44.98279],[-93.26902,44.98216],[-93.26901,44.98215],[-93.269,44.98215],[-93.26895,44.98219],[-93.26866,44.98241],[-93.26789,44.98297],[-93.26674,44.98377],[-93.26672,44.98378],[-93.26666,44.98382],[-93.26665,44.98383],[-93.26617,44.98416],[-93.26586,44.98434],[-93.2655,44.98459],[-93.26537,44.98466],[-93.26536,44.98466],[-93.2653,44.98469],[-93.26497,44.98484],[-93.26482,44.9849],[-93.26476,44.98493],[-93.26475,44.98494],[-93.26473,44.98494],[-93.26468,44.98496],[-93.26392,44.98529],[-93.26391,44.98528],[-93.2639,44.98528],[-93.26384,44.98523],[-93.2638,44.9852],[-93.26379,44.98519],[-93.26369,44.98512],[-93.26359,44.98504],[-93.26348,44.98496],[-93.26337,44.98488],[-93.26327,44.98481],[-93.26317,44.98475],[-93.26307,44.98468],[-93.26297,44.98461],[-93.26286,44.98454],[-93.26275,44.98447],[-93.26264,44.9844],[-93.26253,44.98433],[-93.26242,44.98426],[-93.26229,44.98419],[-93.26216,44.98411],[-93.26203,44.98403],[-93.2619,44.98396],[-93.26184,44.98392],[-93.26176,44.98388],[-93.26161,44.98379],[-93.26146,44.98371],[-93.26131,44.98363],[-93.26114,44.98353],[-93.26096,44.98344],[-93.26075,44.98333],[-93.26059,44.98324],[-93.26046,44.98317],[-93.26032,44.9831],[-93.26023,44.98306],[-93.26018,44.98303],[-93.26011,44.983]]]},"properties":{"id":"crime-mpls-downtown-west","layer":"crime_minneapolis","name":"Downtown West","county":"Hennepin","state":"MN","countyFips":"27053","attributes":{"neighborhood":"Downtown West","statYear":2025,"firstFullYear":2018,"lastFullYear":2025,"homicide":3,"rape":18,"robbery":55,"aggravatedAssault":138,"burglary":37,"larceny":892,"autoTheft":139,"arson":1,"violentTotal":214,"propertyTotal":1069,"reportedTotal":1283,"reportedTotalBand":"450+","total2018":1982,"total2019":2592,"total2020":1400,"total2021":1495,"total2022":1880,"total2023":1551,"total2024":1521,"total2025":1283,"changeSinceFirstFullYear":-699,"partialYearLabel":"2026 (January–July, incomplete)","partialYearTotal":802,"centroidLon":-93.27012,"centroidLat":44.97784},"confidence":"confirmed","sourceDate":"2025"}},{"type":"Feature","geometry":{"type":"Polygon","coordinates":[[[-93.30211,44.94837],[-93.30083,44.94837],[-93.29956,44.94836],[-93.29828,44.94836],[-93.29828,44.94835],[-93.2983,44.94659],[-93.2983,44.94658],[-93.29833,44.94472],[-93.29833,44.9447],[-93.29835,44.94292],[-93.29835,44.9429],[-93.29836,44.94133],[-93.29836,44.94132],[-93.29836,44.94113],[-93.29836,44.9411],[-93.29837,44.93952],[-93.29837,44.93951],[-93.29839,44.93771],[-93.29839,44.9377],[-93.29859,44.93771],[-93.29875,44.93771],[-93.29913,44.93771],[-93.29965,44.93771],[-93.30093,44.93771],[-93.30118,44.93771],[-93.3022,44.93771],[-93.3029,44.93772],[-93.30401,44.93771],[-93.30412,44.93769],[-93.3045,44.93769],[-93.3058,44.93768],[-93.30846,44.93767],[-93.31023,44.93767],[-93.31048,44.93767],[-93.31047,44.94286],[-93.31046,44.94838],[-93.31013,44.94838],[-93.30844,44.94838],[-93.3068,44.94838],[-93.30601,44.94838],[-93.30554,44.94838],[-93.30549,44.94838],[-93.30496,44.9484],[-93.30486,44.94839],[-93.30476,44.94839],[-93.30468,44.94838],[-93.30467,44.94838],[-93.30434,44.94837],[-93.3034,44.94836],[-93.3025,44.94837],[-93.30211,44.94837]]]},"properties":{"id":"crime-mpls-east-bde-maka-ska","layer":"crime_minneapolis","name":"East Bde Maka Ska","county":"Hennepin","state":"MN","countyFips":"27053","attributes":{"neighborhood":"East Bde Maka Ska","statYear":2025,"firstFullYear":2018,"lastFullYear":2025,"homicide":0,"rape":0,"robbery":3,"aggravatedAssault":7,"burglary":13,"larceny":92,"autoTheft":25,"arson":0,"violentTotal":10,"propertyTotal":130,"reportedTotal":140,"reportedTotalBand":"100–199","total2018":224,"total2019":161,"total2020":131,"total2021":128,"total2022":181,"total2023":171,"total2024":179,"total2025":140,"changeSinceFirstFullYear":-84,"partialYearLabel":"2026 (January–July, incomplete)","partialYearTotal":77,"centroidLon":-93.30441,"centroidLat":44.94304},"confidence":"confirmed","sourceDate":"2025"}},{"type":"Feature","geometry":{"type":"Polygon","coordinates":[[[-93.28821,44.93771],[-93.28825,44.93591],[-93.28825,44.93589],[-93.28824,44.93423],[-93.28824,44.93421],[-93.28823,44.93408],[-93.28824,44.93408],[-93.28825,44.93227],[-93.28825,44.93226],[-93.28826,44.93045],[-93.28826,44.93044],[-93.28826,44.93043],[-93.28827,44.92863],[-93.28827,44.92862],[-93.28828,44.92687],[-93.28828,44.92682],[-93.28828,44.92681],[-93.2883,44.92503],[-93.2883,44.925],[-93.2883,44.92498],[-93.2883,44.92468],[-93.28831,44.92319],[-93.28831,44.92318],[-93.28831,44.92277],[-93.28831,44.92194],[-93.28831,44.92139],[-93.28831,44.92138],[-93.28832,44.92092],[-93.28833,44.91958],[-93.28833,44.91957],[-93.28833,44.91956],[-93.28895,44.91957],[-93.28958,44.91957],[-93.2896,44.91957],[-93.29042,44.91957],[-93.29085,44.91957],[-93.29086,44.91957],[-93.2921,44.91957],[-93.29212,44.91957],[-93.29213,44.91957],[-93.2922,44.91957],[-93.29298,44.91958],[-93.29304,44.91958],[-93.29328,44.91958],[-93.29339,44.91959],[-93.29345,44.91959],[-93.29399,44.91959],[-93.29466,44.91959],[-93.29468,44.91959],[-93.29593,44.91959],[-93.29594,44.91959],[-93.29719,44.91959],[-93.29722,44.91959],[-93.29723,44.91959],[-93.29798,44.91959],[-93.29799,44.91959],[-93.298,44.91959],[-93.29842,44.9196],[-93.29861,44.9196],[-93.2987,44.9196],[-93.30754,44.91963],[-93.30754,44.92422],[-93.30753,44.92796],[-93.30753,44.92828],[-93.30753,44.92879],[-93.30754,44.92901],[-93.30754,44.92958],[-93.30757,44.92962],[-93.30762,44.92969],[-93.30764,44.92973],[-93.30768,44.92981],[-93.30773,44.92992],[-93.30793,44.93026],[-93.30795,44.93029],[-93.30807,44.93049],[-93.30807,44.93051],[-93.30809,44.93065],[-93.30809,44.9307],[-93.30809,44.93093],[-93.30809,44.93094],[-93.30814,44.93106],[-93.3082,44.93112],[-93.30831,44.9312],[-93.30842,44.93124],[-93.30846,44.93125],[-93.30865,44.93131],[-93.30867,44.93131],[-93.3087,44.93132],[-93.30883,44.93135],[-93.30887,44.93136],[-93.30898,44.93139],[-93.30911,44.93142],[-93.30918,44.93146],[-93.30919,44.93146],[-93.30921,44.93147],[-93.30925,44.9315],[-93.30928,44.93153],[-93.30933,44.93159],[-93.30939,44.93167],[-93.30939,44.93171],[-93.30938,44.93179],[-93.30937,44.93185],[-93.30942,44.93199],[-93.30953,44.93214],[-93.3098,44.93236],[-93.30981,44.93237],[-93.30984,44.9324],[-93.30997,44.93251],[-93.31011,44.93263],[-93.31018,44.93271],[-93.31023,44.93278],[-93.3103,44.93293],[-93.31032,44.93309],[-93.31026,44.93335],[-93.31027,44.93349],[-93.31027,44.9335],[-93.31028,44.93359],[-93.31037,44.93376],[-93.31044,44.93391],[-93.31048,44.93399],[-93.31048,44.93407],[-93.3105,44.93433],[-93.31051,44.93445],[-93.31048,44.93767],[-93.31023,44.93767],[-93.30846,44.93767],[-93.3058,44.93768],[-93.3045,44.93769],[-93.30412,44.93769],[-93.30401,44.93771],[-93.3029,44.93772],[-93.3022,44.93771],[-93.30118,44.93771],[-93.30093,44.93771],[-93.29965,44.93771],[-93.29913,44.93771],[-93.29875,44.93771],[-93.29859,44.93771],[-93.29839,44.9377],[-93.29718,44.93769],[-93.29712,44.93769],[-93.29584,44.93768],[-93.29457,44.93767],[-93.29369,44.93768],[-93.29346,44.93769],[-93.29337,44.93769],[-93.2933,44.9377],[-93.29263,44.93769],[-93.2923,44.93769],[-93.29204,44.93769],[-93.29076,44.93771],[-93.29075,44.93771],[-93.28949,44.93771],[-93.28821,44.93771]]]},"properties":{"id":"crime-mpls-east-harriet","layer":"crime_minneapolis","name":"East Harriet","county":"Hennepin","state":"MN","countyFips":"27053","attributes":{"neighborhood":"East Harriet","statYear":2025,"firstFullYear":2018,"lastFullYear":2025,"homicide":0,"rape":3,"robbery":4,"aggravatedAssault":1,"burglary":16,"larceny":61,"autoTheft":28,"arson":0,"violentTotal":8,"propertyTotal":105,"reportedTotal":113,"reportedTotalBand":"100–199","total2018":111,"total2019":113,"total2020":125,"total2021":129,"total2022":166,"total2023":191,"total2024":169,"total2025":113,"changeSinceFirstFullYear":2,"partialYearLabel":"2026 (January–July, incomplete)","partialYearTotal":85,"centroidLon":-93.29844,"centroidLat":44.92894},"confidence":"confirmed","sourceDate":"2025"}},{"type":"Feature","geometry":{"type":"Polygon","coordinates":[[[-93.29273,44.96092],[-93.29276,44.96088],[-93.29302,44.96053],[-93.29309,44.96044],[-93.29323,44.96025],[-93.29333,44.96012],[-93.29408,44.95913],[-93.29409,44.95912],[-93.29433,44.9588],[-93.29438,44.95873],[-93.29446,44.95863],[-93.29458,44.95847],[-93.29462,44.95842],[-93.29476,44.95823],[-93.29476,44.95822],[-93.29525,44.95758],[-93.29542,44.95735],[-93.29543,44.95734],[-93.29572,44.95696],[-93.29582,44.95683],[-93.29623,44.95629],[-93.29625,44.95628],[-93.29672,44.95567],[-93.29677,44.95557],[-93.29678,44.95555],[-93.29679,44.95554],[-93.29681,44.95551],[-93.29688,44.95538],[-93.29719,44.95466],[-93.29759,44.95376],[-93.2976,44.95375],[-93.29818,44.95242],[-93.29823,44.9523],[-93.29823,44.95228],[-93.29823,44.95227],[-93.29824,44.95226],[-93.29825,44.95219],[-93.29825,44.95197],[-93.29825,44.95196],[-93.29826,44.95046],[-93.29826,44.95031],[-93.29827,44.95027],[-93.29827,44.95026],[-93.29827,44.95025],[-93.29827,44.95012],[-93.29827,44.94997],[-93.29827,44.94996],[-93.29827,44.94989],[-93.29827,44.94988],[-93.29828,44.94927],[-93.29828,44.94926],[-93.29828,44.94839],[-93.29828,44.94837],[-93.29828,44.94836],[-93.29956,44.94836],[-93.30083,44.94837],[-93.30211,44.94837],[-93.3025,44.94837],[-93.3034,44.94836],[-93.30434,44.94837],[-93.30467,44.94838],[-93.30468,44.94838],[-93.30476,44.94839],[-93.30486,44.94839],[-93.30496,44.9484],[-93.30496,44.94846],[-93.30497,44.94847],[-93.30499,44.9487],[-93.30499,44.94871],[-93.30498,44.94898],[-93.30497,44.94927],[-93.30497,44.94928],[-93.30499,44.94978],[-93.30501,44.95012],[-93.30502,44.95019],[-93.30502,44.95026],[-93.30501,44.95046],[-93.30501,44.95048],[-93.30501,44.95052],[-93.30501,44.95057],[-93.30501,44.95061],[-93.30501,44.95063],[-93.305,44.95072],[-93.30503,44.95084],[-93.30499,44.95117],[-93.30499,44.9512],[-93.30499,44.95158],[-93.30496,44.95398],[-93.30495,44.95466],[-93.30495,44.95472],[-93.30496,44.95478],[-93.30496,44.95484],[-93.30496,44.9549],[-93.30496,44.95492],[-93.30496,44.95496],[-93.30496,44.95502],[-93.30495,44.95507],[-93.30495,44.95514],[-93.30495,44.9552],[-93.30495,44.95526],[-93.30494,44.95532],[-93.30494,44.95538],[-93.30493,44.95544],[-93.30493,44.9555],[-93.30492,44.95556],[-93.30491,44.95562],[-93.30491,44.95567],[-93.3049,44.95573],[-93.30489,44.95579],[-93.30488,44.95585],[-93.30487,44.95591],[-93.30486,44.95597],[-93.30484,44.95603],[-93.30483,44.95609],[-93.30482,44.95615],[-93.30481,44.95621],[-93.30479,44.95626],[-93.30478,44.95633],[-93.30476,44.95639],[-93.30474,44.95645],[-93.30473,44.95651],[-93.30471,44.95656],[-93.30469,44.95663],[-93.30467,44.95668],[-93.30466,44.95674],[-93.30464,44.9568],[-93.30462,44.95686],[-93.3046,44.95691],[-93.30458,44.95697],[-93.30456,44.95703],[-93.30453,44.95709],[-93.30451,44.95715],[-93.30448,44.9572],[-93.30446,44.95726],[-93.30443,44.95732],[-93.3044,44.95739],[-93.30438,44.95743],[-93.30435,44.95749],[-93.30433,44.95755],[-93.3043,44.9576],[-93.30416,44.95792],[-93.30333,44.95983],[-93.3033,44.95987],[-93.30328,44.95992],[-93.30326,44.95996],[-93.30324,44.96001],[-93.30323,44.96005],[-93.30321,44.96009],[-93.3032,44.96014],[-93.30319,44.96019],[-93.30318,44.96023],[-93.30317,44.96028],[-93.30317,44.96034],[-93.30317,44.96039],[-93.30317,44.96044],[-93.30317,44.96048],[-93.30318,44.96053],[-93.30319,44.96058],[-93.3032,44.96063],[-93.30322,44.9607],[-93.30324,44.96076],[-93.30327,44.96082],[-93.30329,44.96087],[-93.30332,44.96093],[-93.30212,44.96093],[-93.30152,44.96094],[-93.30147,44.96094],[-93.3012,44.96094],[-93.30118,44.96094],[-93.30086,44.96094],[-93.30061,44.96094],[-93.29985,44.96094],[-93.2998,44.96094],[-93.29971,44.96094],[-93.29968,44.96094],[-93.29881,44.96093],[-93.29818,44.96093],[-93.29692,44.96092],[-93.29565,44.96092],[-93.29564,44.96092],[-93.29437,44.96092],[-93.29435,44.96092],[-93.29397,44.96092],[-93.29309,44.96092],[-93.29308,44.96092],[-93.29274,44.96092],[-93.29273,44.96092]]]},"properties":{"id":"crime-mpls-east-isles","layer":"crime_minneapolis","name":"East Isles","county":"Hennepin","state":"MN","countyFips":"27053","attributes":{"neighborhood":"East Isles","statYear":2025,"firstFullYear":2018,"lastFullYear":2025,"homicide":0,"rape":2,"robbery":9,"aggravatedAssault":11,"burglary":28,"larceny":172,"autoTheft":50,"arson":0,"violentTotal":22,"propertyTotal":250,"reportedTotal":272,"reportedTotalBand":"200–449","total2018":271,"total2019":307,"total2020":318,"total2021":289,"total2022":349,"total2023":398,"total2024":325,"total2025":272,"changeSinceFirstFullYear":1,"partialYearLabel":"2026 (January–July, incomplete)","partialYearTotal":134,"centroidLon":-93.3004,"centroidLat":44.95518},"confidence":"confirmed","sourceDate":"2025"}},{"type":"Feature","geometry":{"type":"Polygon","coordinates":[[[-93.24676,44.96001],[-93.24671,44.95996],[-93.24655,44.95981],[-93.24639,44.95966],[-93.24633,44.9596],[-93.24631,44.95958],[-93.24612,44.9594],[-93.2461,44.95938],[-93.24586,44.95915],[-93.24586,44.95914],[-93.24582,44.95911],[-93.2458,44.95909],[-93.24558,44.95887],[-93.24554,44.95884],[-93.24543,44.95874],[-93.24536,44.95868],[-93.24533,44.95865],[-93.24527,44.95859],[-93.24521,44.95852],[-93.24492,44.95822],[-93.2447,44.95797],[-93.24469,44.95797],[-93.24467,44.95794],[-93.24464,44.9579],[-93.24463,44.9579],[-93.24459,44.95785],[-93.24429,44.95749],[-93.24427,44.95747],[-93.24424,44.95743],[-93.24421,44.95738],[-93.24411,44.95726],[-93.24402,44.95714],[-93.24399,44.95709],[-93.24398,44.95709],[-93.24396,44.95705],[-93.24376,44.95677],[-93.24358,44.95651],[-93.24356,44.95649],[-93.24351,44.9564],[-93.24349,44.95636],[-93.24347,44.95634],[-93.24346,44.95632],[-93.24343,44.95626],[-93.24334,44.95609],[-93.24331,44.95603],[-93.24328,44.95598],[-93.24314,44.95573],[-93.24306,44.95557],[-93.24306,44.95556],[-93.24296,44.95537],[-93.24293,44.95529],[-93.24287,44.95516],[-93.24265,44.95476],[-93.24264,44.95474],[-93.24263,44.95473],[-93.24254,44.95456],[-93.24253,44.95454],[-93.2425,44.95448],[-93.24246,44.9544],[-93.24244,44.95436],[-93.24231,44.95413],[-93.24185,44.95329],[-93.24179,44.95318],[-93.24174,44.9531],[-93.24165,44.95295],[-93.24156,44.95281],[-93.2412,44.95225],[-93.2412,44.95224],[-93.24119,44.95224],[-93.24118,44.95222],[-93.24102,44.95197],[-93.24102,44.95196],[-93.24101,44.95196],[-93.24096,44.95187],[-93.24057,44.95136],[-93.24018,44.9509],[-93.24002,44.9507],[-93.23982,44.95048],[-93.23951,44.9501],[-93.23935,44.94991],[-93.23932,44.94987],[-93.2393,44.94984],[-93.23924,44.94977],[-93.23898,44.94946],[-93.23861,44.949],[-93.23823,44.94846],[-93.23817,44.94838],[-93.23817,44.94837],[-93.23824,44.94837],[-93.2383,44.94837],[-93.23831,44.94837],[-93.23832,44.94837],[-93.23834,44.94837],[-93.2387,44.94836],[-93.23883,44.94836],[-93.23891,44.94837],[-93.23892,44.94837],[-93.23897,44.94837],[-93.24034,44.94837],[-93.24234,44.94837],[-93.24346,44.94837],[-93.24362,44.94837],[-93.24379,44.94837],[-93.24488,44.94837],[-93.24613,44.94837],[-93.24678,44.94837],[-93.24742,44.94837],[-93.24868,44.94837],[-93.24995,44.94837],[-93.25011,44.94837],[-93.25122,44.94836],[-93.25126,44.94836],[-93.25189,44.94836],[-93.2525,44.94837],[-93.25251,44.94837],[-93.25249,44.94928],[-93.25248,44.95005],[-93.25248,44.95006],[-93.25249,44.95195],[-93.25249,44.95196],[-93.25246,44.95375],[-93.25246,44.95376],[-93.25245,44.95554],[-93.2524,44.95734],[-93.2524,44.95735],[-93.25237,44.95913],[-93.25235,44.95913],[-93.25234,44.95913],[-93.25227,44.95913],[-93.25117,44.95913],[-93.25112,44.95913],[-93.25111,44.95914],[-93.25098,44.95913],[-93.24985,44.95913],[-93.24984,44.95913],[-93.24984,44.95914],[-93.24984,44.95987],[-93.24984,44.96092],[-93.24984,44.96093],[-93.24956,44.96093],[-93.24857,44.96092],[-93.24852,44.96092],[-93.24825,44.96092],[-93.24824,44.96092],[-93.24794,44.96093],[-93.24772,44.96093],[-93.24771,44.96093],[-93.24751,44.96074],[-93.2475,44.96073],[-93.24727,44.96051],[-93.24719,44.96043],[-93.24676,44.96001]]]},"properties":{"id":"crime-mpls-east-phillips","layer":"crime_minneapolis","name":"East Phillips","county":"Hennepin","state":"MN","countyFips":"27053","attributes":{"neighborhood":"East Phillips","statYear":2025,"firstFullYear":2018,"lastFullYear":2025,"homicide":3,"rape":15,"robbery":41,"aggravatedAssault":81,"burglary":29,"larceny":129,"autoTheft":113,"arson":6,"violentTotal":140,"propertyTotal":277,"reportedTotal":417,"reportedTotalBand":"200–449","total2018":380,"total2019":446,"total2020":528,"total2021":496,"total2022":447,"total2023":442,"total2024":437,"total2025":417,"changeSinceFirstFullYear":37,"partialYearLabel":"2026 (January–July, incomplete)","partialYearTotal":237,"centroidLon":-93.24707,"centroidLat":44.95345},"confidence":"confirmed","sourceDate":"2025"}},{"type":"Feature","geometry":{"type":"Polygon","coordinates":[[[-93.26243,44.97537],[-93.26242,44.97536],[-93.26241,44.97536],[-93.2624,44.97535],[-93.26231,44.97532],[-93.26189,44.97513],[-93.26177,44.97508],[-93.26107,44.97478],[-93.26106,44.97478],[-93.26048,44.97454],[-93.26047,44.97453],[-93.26027,44.97438],[-93.26016,44.97426],[-93.26009,44.97416],[-93.26006,44.97407],[-93.26006,44.97403],[-93.26005,44.97398],[-93.26004,44.97386],[-93.26009,44.9738],[-93.26053,44.97327],[-93.26055,44.97324],[-93.26052,44.97323],[-93.26051,44.97323],[-93.25949,44.97282],[-93.25914,44.97268],[-93.25913,44.97268],[-93.25906,44.97265],[-93.2588,44.97253],[-93.25781,44.97209],[-93.2578,44.97209],[-93.25643,44.9715],[-93.25642,44.9715],[-93.25641,44.97149],[-93.25508,44.97094],[-93.25507,44.97094],[-93.25376,44.97037],[-93.25372,44.97035],[-93.25296,44.96983],[-93.25304,44.96965],[-93.25305,44.96964],[-93.25307,44.9696],[-93.2531,44.96953],[-93.25317,44.96935],[-93.25317,44.96932],[-93.2532,44.96926],[-93.25328,44.96901],[-93.25329,44.96899],[-93.25333,44.96888],[-93.25333,44.96887],[-93.25338,44.96873],[-93.25339,44.96873],[-93.25345,44.96853],[-93.25346,44.96849],[-93.25347,44.96849],[-93.25347,44.96847],[-93.25351,44.96836],[-93.25352,44.96832],[-93.25353,44.9683],[-93.25353,44.96828],[-93.25355,44.96825],[-93.25356,44.96822],[-93.25358,44.96815],[-93.2536,44.96807],[-93.25364,44.96798],[-93.25364,44.96797],[-93.25366,44.9679],[-93.25367,44.96786],[-93.25367,44.96785],[-93.25368,44.96782],[-93.25368,44.96779],[-93.25371,44.9676],[-93.25372,44.96759],[-93.25372,44.96756],[-93.25372,44.96755],[-93.25373,44.96752],[-93.25374,44.96746],[-93.25374,44.96745],[-93.25374,44.96744],[-93.25374,44.96741],[-93.25374,44.96735],[-93.25374,44.96711],[-93.25374,44.9671],[-93.25374,44.96699],[-93.25373,44.9669],[-93.25373,44.96688],[-93.25372,44.96675],[-93.25371,44.96667],[-93.25371,44.96665],[-93.2537,44.96659],[-93.2537,44.96654],[-93.25367,44.96619],[-93.25367,44.96618],[-93.25385,44.96617],[-93.25387,44.96617],[-93.25409,44.96615],[-93.25415,44.96615],[-93.25427,44.96614],[-93.25444,44.96612],[-93.25456,44.96611],[-93.25461,44.96611],[-93.25474,44.9661],[-93.2548,44.96609],[-93.25492,44.96608],[-93.25507,44.96606],[-93.25522,44.96605],[-93.25542,44.96602],[-93.25555,44.96601],[-93.25562,44.966],[-93.2557,44.96599],[-93.25575,44.96599],[-93.25576,44.96599],[-93.25579,44.96598],[-93.25606,44.96596],[-93.25622,44.96594],[-93.25642,44.96593],[-93.25643,44.96593],[-93.25655,44.96591],[-93.25664,44.96591],[-93.25669,44.9659],[-93.25682,44.96589],[-93.25684,44.96589],[-93.2569,44.96588],[-93.25692,44.96588],[-93.25694,44.96588],[-93.25747,44.96584],[-93.25789,44.96581],[-93.25801,44.9658],[-93.25817,44.96579],[-93.25823,44.96578],[-93.25831,44.96577],[-93.25846,44.96577],[-93.25894,44.96577],[-93.25966,44.96577],[-93.25967,44.96577],[-93.25968,44.96577],[-93.25969,44.96577],[-93.2604,44.96576],[-93.26075,44.96576],[-93.26082,44.96576],[-93.26253,44.96576],[-93.26254,44.96576],[-93.26268,44.96576],[-93.26511,44.96575],[-93.26525,44.96575],[-93.26565,44.96575],[-93.26588,44.96575],[-93.26592,44.96575],[-93.26597,44.96575],[-93.26645,44.96575],[-93.26671,44.96575],[-93.267,44.96575],[-93.26702,44.96575],[-93.26721,44.96575],[-93.26724,44.96575],[-93.26742,44.96574],[-93.26743,44.96574],[-93.26747,44.96574],[-93.26758,44.96573],[-93.26766,44.96573],[-93.26775,44.96573],[-93.26776,44.96573],[-93.26784,44.96574],[-93.26789,44.96575],[-93.26811,44.96577],[-93.26824,44.96579],[-93.26827,44.9658],[-93.26871,44.96585],[-93.26878,44.96586],[-93.26891,44.96588],[-93.26892,44.96588],[-93.26913,44.96591],[-93.26929,44.96593],[-93.26934,44.96593],[-93.26951,44.96595],[-93.26952,44.96596],[-93.26953,44.96601],[-93.26953,44.96602],[-93.26953,44.96606],[-93.26953,44.96609],[-93.26954,44.96628],[-93.26955,44.96635],[-93.26956,44.96643],[-93.26957,44.96661],[-93.26957,44.96663],[-93.26957,44.96669],[-93.26959,44.96687],[-93.2696,44.96713],[-93.26962,44.96736],[-93.26962,44.9674],[-93.26962,44.96742],[-93.26963,44.9675],[-93.26962,44.96763],[-93.26962,44.96765],[-93.2696,44.96805],[-93.2696,44.96806],[-93.26959,44.96838],[-93.26945,44.96902],[-93.26934,44.96952],[-93.26933,44.96954],[-93.26931,44.96962],[-93.26928,44.96974],[-93.26925,44.96984],[-93.26924,44.96987],[-93.26921,44.96994],[-93.26921,44.96995],[-93.26918,44.97001],[-93.26917,44.97006],[-93.26916,44.97007],[-93.26916,44.97009],[-93.26914,44.97013],[-93.26913,44.97015],[-93.26913,44.97016],[-93.26911,44.97019],[-93.26909,44.97021],[-93.26906,44.97026],[-93.26905,44.97027],[-93.26897,44.97038],[-93.26882,44.97054],[-93.26862,44.97066],[-93.26839,44.97079],[-93.26791,44.97109],[-93.2679,44.9711],[-93.26789,44.97111],[-93.26788,44.97111],[-93.26704,44.97209],[-93.26704,44.9721],[-93.26623,44.97304],[-93.26622,44.97305],[-93.26541,44.97401],[-93.26487,44.97464],[-93.2646,44.97497],[-93.26459,44.97497],[-93.26449,44.9751],[-93.26382,44.97594],[-93.26381,44.97595],[-93.26378,44.97594],[-93.26243,44.97537]]]},"properties":{"id":"crime-mpls-elliot-park","layer":"crime_minneapolis","name":"Elliot Park","county":"Hennepin","state":"MN","countyFips":"27053","attributes":{"neighborhood":"Elliot Park","statYear":2025,"firstFullYear":2018,"lastFullYear":2025,"homicide":3,"rape":16,"robbery":30,"aggravatedAssault":90,"burglary":40,"larceny":266,"autoTheft":84,"arson":5,"violentTotal":139,"propertyTotal":395,"reportedTotal":534,"reportedTotalBand":"450+","total2018":426,"total2019":507,"total2020":485,"total2021":458,"total2022":540,"total2023":557,"total2024":609,"total2025":534,"changeSinceFirstFullYear":108,"partialYearLabel":"2026 (January–July, incomplete)","partialYearTotal":332,"centroidLon":-93.26183,"centroidLat":44.96956},"confidence":"confirmed","sourceDate":"2025"}},{"type":"Feature","geometry":{"type":"Polygon","coordinates":[[[-93.21515,44.91631],[-93.21516,44.91631],[-93.2152,44.91631],[-93.21524,44.91631],[-93.21529,44.9163],[-93.21538,44.91629],[-93.21562,44.91627],[-93.21568,44.91627],[-93.2158,44.91626],[-93.2161,44.91626],[-93.2164,44.91626],[-93.21646,44.91626],[-93.21653,44.91626],[-93.21666,44.91626],[-93.21667,44.91626],[-93.21681,44.91629],[-93.21686,44.91629],[-93.21693,44.91628],[-93.21721,44.91627],[-93.21725,44.91627],[-93.21759,44.91625],[-93.21772,44.91625],[-93.21779,44.91624],[-93.21897,44.91624],[-93.22023,44.91623],[-93.22068,44.91623],[-93.22151,44.91623],[-93.22282,44.91622],[-93.22283,44.91622],[-93.22284,44.91622],[-93.22422,44.91622],[-93.22462,44.91622],[-93.22568,44.91622],[-93.2271,44.91622],[-93.22835,44.91622],[-93.22836,44.91622],[-93.22965,44.91622],[-93.23092,44.91621],[-93.23212,44.91621],[-93.23219,44.91621],[-93.23342,44.91621],[-93.24014,44.91619],[-93.24069,44.91619],[-93.24212,44.91615],[-93.24221,44.91615],[-93.24224,44.91615],[-93.24338,44.91611],[-93.24374,44.9161],[-93.244,44.91609],[-93.24543,44.91608],[-93.24564,44.91608],[-93.24603,44.91608],[-93.24605,44.91608],[-93.24606,44.91608],[-93.24613,44.91608],[-93.24692,44.91608],[-93.24726,44.91608],[-93.24727,44.91608],[-93.24728,44.91608],[-93.24729,44.91608],[-93.2473,44.91608],[-93.2473,44.91611],[-93.2473,44.91627],[-93.2473,44.91628],[-93.2473,44.91632],[-93.24731,44.91763],[-93.24731,44.91789],[-93.24731,44.9179],[-93.24731,44.91791],[-93.24731,44.91804],[-93.24731,44.91971],[-93.24731,44.91972],[-93.24731,44.91978],[-93.24731,44.92152],[-93.24731,44.92153],[-93.24731,44.92209],[-93.24732,44.92328],[-93.24732,44.92331],[-93.24732,44.92332],[-93.24732,44.92333],[-93.24732,44.92407],[-93.24732,44.9249],[-93.24732,44.92506],[-93.24732,44.92513],[-93.24732,44.92514],[-93.24732,44.92515],[-93.24732,44.92601],[-93.24732,44.92693],[-93.24606,44.92693],[-93.24605,44.92514],[-93.24605,44.92513],[-93.24589,44.92513],[-93.24536,44.92513],[-93.24509,44.92513],[-93.24479,44.92513],[-93.24478,44.92513],[-93.24476,44.92513],[-93.24402,44.92512],[-93.24368,44.92512],[-93.24352,44.92512],[-93.24279,44.92512],[-93.24225,44.92512],[-93.24188,44.92512],[-93.24099,44.92511],[-93.23972,44.92511],[-93.23968,44.92511],[-93.23958,44.92511],[-93.23847,44.92511],[-93.2372,44.9251],[-93.23595,44.9251],[-93.23577,44.9251],[-93.23542,44.92509],[-93.2348,44.92509],[-93.23467,44.92509],[-93.23441,44.92509],[-93.23372,44.92509],[-93.23337,44.92509],[-93.23335,44.92509],[-93.23214,44.92508],[-93.23214,44.92509],[-93.23212,44.92689],[-93.23181,44.92689],[-93.23086,44.92689],[-93.22956,44.92689],[-93.2283,44.92688],[-93.22704,44.92688],[-93.22568,44.92689],[-93.22468,44.9269],[-93.22462,44.9269],[-93.22454,44.9269],[-93.22418,44.92691],[-93.22403,44.92691],[-93.22383,44.92692],[-93.22378,44.92692],[-93.22376,44.92692],[-93.22375,44.92692],[-93.22373,44.92692],[-93.22372,44.92692],[-93.2237,44.92687],[-93.22368,44.92684],[-93.22366,44.9268],[-93.22312,44.92603],[-93.223,44.92585],[-93.22285,44.92564],[-93.22249,44.92512],[-93.22248,44.92511],[-93.22175,44.92404],[-93.22126,44.92333],[-93.22126,44.92332],[-93.22125,44.92331],[-93.22124,44.9233],[-93.22123,44.92328],[-93.2212,44.92324],[-93.22052,44.92226],[-93.22005,44.92157],[-93.22002,44.92153],[-93.21991,44.92137],[-93.21968,44.92105],[-93.21925,44.92046],[-93.21918,44.92037],[-93.21875,44.91981],[-93.21868,44.9197],[-93.21866,44.91965],[-93.21858,44.91954],[-93.21846,44.91939],[-93.21822,44.91915],[-93.21797,44.91885],[-93.21783,44.91871],[-93.21774,44.91862],[-93.21756,44.91844],[-93.21724,44.91813],[-93.21703,44.91792],[-93.21699,44.91788],[-93.21653,44.91746],[-93.21611,44.91709],[-93.21584,44.91685],[-93.21584,44.91684],[-93.21581,44.91682],[-93.21568,44.91672],[-93.2156,44.91665],[-93.21543,44.91652],[-93.21532,44.91643],[-93.21525,44.91638],[-93.21521,44.91635],[-93.21521,44.91634],[-93.21517,44.91632],[-93.21515,44.91631]]]},"properties":{"id":"crime-mpls-ericsson","layer":"crime_minneapolis","name":"Ericsson","county":"Hennepin","state":"MN","countyFips":"27053","attributes":{"neighborhood":"Ericsson","statYear":2025,"firstFullYear":2018,"lastFullYear":2025,"homicide":0,"rape":3,"robbery":0,"aggravatedAssault":4,"burglary":16,"larceny":75,"autoTheft":30,"arson":0,"violentTotal":7,"propertyTotal":121,"reportedTotal":128,"reportedTotalBand":"100–199","total2018":97,"total2019":143,"total2020":128,"total2021":120,"total2022":145,"total2023":168,"total2024":141,"total2025":128,"changeSinceFirstFullYear":31,"partialYearLabel":"2026 (January–July, incomplete)","partialYearTotal":80,"centroidLon":-93.23301,"centroidLat":44.92084},"confidence":"confirmed","sourceDate":"2025"}},{"type":"Feature","geometry":{"type":"Polygon","coordinates":[[[-93.26259,44.91971],[-93.26259,44.91969],[-93.2626,44.91884],[-93.26261,44.91799],[-93.26262,44.91791],[-93.26262,44.91788],[-93.26262,44.91612],[-93.26262,44.91611],[-93.26263,44.91608],[-93.26264,44.91463],[-93.26264,44.91431],[-93.26264,44.91429],[-93.26264,44.91366],[-93.26264,44.91316],[-93.26263,44.91249],[-93.26263,44.91248],[-93.26264,44.91169],[-93.26265,44.91139],[-93.26264,44.91119],[-93.26264,44.91117],[-93.26264,44.91116],[-93.26264,44.91115],[-93.26267,44.91115],[-93.26272,44.91114],[-93.26286,44.91113],[-93.26297,44.91112],[-93.26299,44.91112],[-93.26304,44.91112],[-93.26306,44.91112],[-93.26322,44.91109],[-93.26337,44.91105],[-93.26351,44.91101],[-93.26352,44.911],[-93.26364,44.91098],[-93.26375,44.91098],[-93.26378,44.91099],[-93.26385,44.91099],[-93.26388,44.91099],[-93.26402,44.91099],[-93.26404,44.91099],[-93.26407,44.91099],[-93.26415,44.91098],[-93.26416,44.91098],[-93.2642,44.91097],[-93.26426,44.91095],[-93.26436,44.91094],[-93.26444,44.91094],[-93.26446,44.91095],[-93.26457,44.91097],[-93.26468,44.911],[-93.26481,44.91106],[-93.26485,44.91109],[-93.26487,44.9111],[-93.26488,44.9111],[-93.26489,44.9111],[-93.26493,44.91112],[-93.26503,44.91119],[-93.26514,44.91128],[-93.26523,44.91137],[-93.26531,44.91144],[-93.26538,44.91151],[-93.26543,44.91156],[-93.26544,44.91157],[-93.26544,44.91158],[-93.26552,44.91165],[-93.26563,44.91173],[-93.26575,44.9118],[-93.26577,44.91181],[-93.2659,44.91187],[-93.26591,44.91188],[-93.26599,44.91194],[-93.26612,44.91203],[-93.26613,44.91203],[-93.2662,44.91208],[-93.26633,44.9122],[-93.26643,44.91229],[-93.26644,44.9123],[-93.26648,44.91233],[-93.26655,44.91238],[-93.26662,44.91244],[-93.26665,44.91245],[-93.26665,44.91246],[-93.26668,44.91248],[-93.2667,44.9125],[-93.26672,44.91251],[-93.26673,44.91251],[-93.26681,44.91256],[-93.26689,44.91257],[-93.26691,44.91258],[-93.26707,44.91259],[-93.26709,44.9126],[-93.26723,44.91261],[-93.26751,44.9126],[-93.26757,44.9126],[-93.26775,44.91261],[-93.26776,44.91261],[-93.26777,44.91261],[-93.26778,44.91261],[-93.26779,44.91261],[-93.2678,44.91261],[-93.26792,44.91261],[-93.26794,44.91261],[-93.268,44.91261],[-93.26807,44.91261],[-93.26809,44.91261],[-93.26834,44.91261],[-93.26835,44.91261],[-93.26846,44.91261],[-93.2686,44.91261],[-93.26877,44.91261],[-93.26894,44.91261],[-93.26904,44.9126],[-93.26905,44.9126],[-93.26916,44.9126],[-93.26922,44.9126],[-93.26932,44.91259],[-93.26934,44.91259],[-93.26946,44.91257],[-93.26956,44.91253],[-93.2696,44.9125],[-93.26961,44.91249],[-93.26965,44.91244],[-93.26967,44.91238],[-93.26967,44.91237],[-93.2697,44.91231],[-93.26972,44.91226],[-93.26974,44.91222],[-93.2698,44.91214],[-93.26986,44.91206],[-93.26992,44.91198],[-93.26995,44.91194],[-93.27005,44.91182],[-93.27011,44.91175],[-93.27012,44.91174],[-93.27015,44.9117],[-93.27016,44.91169],[-93.2702,44.91166],[-93.27028,44.91162],[-93.27031,44.91159],[-93.27032,44.91155],[-93.27031,44.91147],[-93.27032,44.91146],[-93.27034,44.91141],[-93.27039,44.91137],[-93.27044,44.91134],[-93.2705,44.91129],[-93.27054,44.91124],[-93.27057,44.91117],[-93.27057,44.9111],[-93.27055,44.91104],[-93.27051,44.91101],[-93.27048,44.91097],[-93.27044,44.91091],[-93.27042,44.91083],[-93.2704,44.91074],[-93.27039,44.91068],[-93.27039,44.91067],[-93.2704,44.91062],[-93.27042,44.91057],[-93.27045,44.91053],[-93.27051,44.91048],[-93.27055,44.91044],[-93.27058,44.91041],[-93.27064,44.91036],[-93.27073,44.91033],[-93.27086,44.91031],[-93.27087,44.91031],[-93.27095,44.9103],[-93.27105,44.91032],[-93.27116,44.91033],[-93.27125,44.91037],[-93.27131,44.91041],[-93.27134,44.91043],[-93.27145,44.91047],[-93.27152,44.9105],[-93.27169,44.91053],[-93.2717,44.91054],[-93.27182,44.91054],[-93.27194,44.91054],[-93.27208,44.91053],[-93.27221,44.91052],[-93.27225,44.9105],[-93.27231,44.91049],[-93.27232,44.91048],[-93.27247,44.91043],[-93.27261,44.91038],[-93.27261,44.91037],[-93.27272,44.91035],[-93.27286,44.91034],[-93.27295,44.91034],[-93.273,44.91034],[-93.27315,44.91034],[-93.27321,44.91033],[-93.27327,44.91033],[-93.27336,44.91031],[-93.27337,44.91031],[-93.27348,44.91026],[-93.27355,44.91021],[-93.27355,44.9102],[-93.27356,44.91014],[-93.27357,44.91012],[-93.27359,44.91006],[-93.27361,44.90999],[-93.27363,44.90996],[-93.27366,44.90991],[-93.27371,44.90983],[-93.27373,44.90981],[-93.27374,44.90978],[-93.27379,44.90975],[-93.27382,44.90974],[-93.2739,44.9097],[-93.27397,44.90967],[-93.27405,44.90966],[-93.27416,44.90965],[-93.27417,44.90965],[-93.27418,44.90965],[-93.27425,44.90965],[-93.27431,44.90964],[-93.27434,44.90964],[-93.2744,44.9096],[-93.27442,44.90958],[-93.27446,44.90955],[-93.27452,44.90948],[-93.27453,44.90947],[-93.27461,44.9094],[-93.27461,44.90939],[-93.27472,44.90929],[-93.27475,44.90925],[-93.27477,44.90922],[-93.27482,44.90917],[-93.27482,44.90922],[-93.27482,44.90923],[-93.27481,44.9094],[-93.27481,44.90965],[-93.27479,44.91011],[-93.27479,44.91027],[-93.27477,44.91108],[-93.27475,44.91236],[-93.27475,44.91243],[-93.27475,44.91244],[-93.27475,44.91245],[-93.27474,44.91293],[-93.27474,44.91464],[-93.27473,44.91547],[-93.27473,44.91596],[-93.27473,44.91602],[-93.27473,44.91604],[-93.27473,44.91605],[-93.27473,44.91606],[-93.27473,44.91639],[-93.27472,44.91815],[-93.27471,44.91957],[-93.27471,44.91966],[-93.27453,44.91967],[-93.27412,44.91967],[-93.27411,44.91967],[-93.27281,44.91968],[-93.27214,44.91969],[-93.27153,44.9197],[-93.27024,44.91971],[-93.26896,44.91972],[-93.26834,44.91972],[-93.26769,44.91972],[-93.26642,44.91972],[-93.26615,44.91972],[-93.26515,44.91972],[-93.26389,44.91971],[-93.26261,44.91971],[-93.2626,44.91971],[-93.26259,44.91971]]]},"properties":{"id":"crime-mpls-field","layer":"crime_minneapolis","name":"Field","county":"Hennepin","state":"MN","countyFips":"27053","attributes":{"neighborhood":"Field","statYear":2025,"firstFullYear":2018,"lastFullYear":2025,"homicide":0,"rape":0,"robbery":4,"aggravatedAssault":3,"burglary":20,"larceny":39,"autoTheft":22,"arson":2,"violentTotal":7,"propertyTotal":83,"reportedTotal":90,"reportedTotalBand":"40–99","total2018":57,"total2019":70,"total2020":80,"total2021":89,"total2022":86,"total2023":105,"total2024":113,"total2025":90,"changeSinceFirstFullYear":33,"partialYearLabel":"2026 (January–July, incomplete)","partialYearTotal":46,"centroidLon":-93.26888,"centroidLat":44.91543},"confidence":"confirmed","sourceDate":"2025"}},{"type":"Feature","geometry":{"type":"Polygon","coordinates":[[[-93.2931,45.02397],[-93.29309,45.02216],[-93.29309,45.02215],[-93.29307,45.02104],[-93.29307,45.02035],[-93.29307,45.02034],[-93.29307,45.01982],[-93.29308,45.01856],[-93.29308,45.01855],[-93.29307,45.01675],[-93.29307,45.01674],[-93.29307,45.01673],[-93.29306,45.01539],[-93.29305,45.01496],[-93.29305,45.01494],[-93.29306,45.0136],[-93.29306,45.01348],[-93.29306,45.01315],[-93.29306,45.01314],[-93.2943,45.01314],[-93.29431,45.01314],[-93.29433,45.01314],[-93.29557,45.01315],[-93.29624,45.01316],[-93.29684,45.01316],[-93.2969,45.01316],[-93.2981,45.01317],[-93.29936,45.01318],[-93.29964,45.01318],[-93.30027,45.01318],[-93.30064,45.01318],[-93.3007,45.01319],[-93.30109,45.01319],[-93.30174,45.0132],[-93.30191,45.0132],[-93.30224,45.01321],[-93.30318,45.01321],[-93.3035,45.01321],[-93.3038,45.01321],[-93.30443,45.01322],[-93.30444,45.01322],[-93.30569,45.01323],[-93.30572,45.01323],[-93.30642,45.01323],[-93.30697,45.01323],[-93.30746,45.01323],[-93.30759,45.01324],[-93.30823,45.01324],[-93.30823,45.01325],[-93.30825,45.01494],[-93.30825,45.01505],[-93.30825,45.01506],[-93.30826,45.01685],[-93.30826,45.01686],[-93.30826,45.01708],[-93.30826,45.01866],[-93.30826,45.01867],[-93.30827,45.02046],[-93.30827,45.02047],[-93.3083,45.02227],[-93.30832,45.02326],[-93.30833,45.02409],[-93.30832,45.02409],[-93.30826,45.02409],[-93.30705,45.02408],[-93.3069,45.02408],[-93.30578,45.02407],[-93.30451,45.02406],[-93.30324,45.02405],[-93.30322,45.02405],[-93.30197,45.02404],[-93.30193,45.02404],[-93.3002,45.02402],[-93.29825,45.024],[-93.29818,45.024],[-93.29812,45.024],[-93.2981,45.024],[-93.29711,45.024],[-93.2969,45.024],[-93.29684,45.024],[-93.29563,45.02399],[-93.2956,45.02399],[-93.29515,45.02399],[-93.29437,45.02398],[-93.29434,45.02398],[-93.29381,45.02397],[-93.29366,45.02397],[-93.2931,45.02397]]]},"properties":{"id":"crime-mpls-folwell","layer":"crime_minneapolis","name":"Folwell","county":"Hennepin","state":"MN","countyFips":"27053","attributes":{"neighborhood":"Folwell","statYear":2025,"firstFullYear":2018,"lastFullYear":2025,"homicide":2,"rape":11,"robbery":28,"aggravatedAssault":91,"burglary":43,"larceny":82,"autoTheft":80,"arson":3,"violentTotal":132,"propertyTotal":208,"reportedTotal":340,"reportedTotalBand":"200–449","total2018":346,"total2019":363,"total2020":373,"total2021":340,"total2022":393,"total2023":403,"total2024":425,"total2025":340,"changeSinceFirstFullYear":-6,"partialYearLabel":"2026 (January–July, incomplete)","partialYearTotal":183,"centroidLon":-93.30067,"centroidLat":45.01861},"confidence":"confirmed","sourceDate":"2025"}},{"type":"Feature","geometry":{"type":"Polygon","coordinates":[[[-93.30875,44.91789],[-93.30875,44.91584],[-93.30875,44.91582],[-93.30876,44.91546],[-93.30876,44.91545],[-93.30874,44.91491],[-93.30872,44.91419],[-93.30872,44.91418],[-93.30872,44.91399],[-93.30871,44.91278],[-93.3087,44.91263],[-93.3087,44.91237],[-93.3087,44.91236],[-93.3087,44.91235],[-93.30866,44.91057],[-93.30866,44.91055],[-93.30866,44.90957],[-93.30867,44.90898],[-93.30867,44.90875],[-93.30867,44.90874],[-93.30866,44.90835],[-93.30866,44.90818],[-93.30866,44.90816],[-93.30866,44.90815],[-93.30865,44.90724],[-93.30865,44.90696],[-93.30865,44.90694],[-93.30864,44.90607],[-93.30864,44.90606],[-93.30864,44.90595],[-93.30863,44.90514],[-93.30863,44.90513],[-93.30929,44.90514],[-93.30931,44.90514],[-93.30933,44.90514],[-93.30997,44.90515],[-93.31008,44.90515],[-93.31053,44.90515],[-93.31134,44.90516],[-93.31274,44.90517],[-93.31458,44.9052],[-93.31475,44.90519],[-93.31627,44.90519],[-93.31628,44.90519],[-93.31752,44.90521],[-93.31754,44.90521],[-93.31882,44.90524],[-93.31883,44.90524],[-93.32009,44.90525],[-93.32083,44.90525],[-93.32115,44.90525],[-93.32141,44.90526],[-93.32143,44.90526],[-93.32147,44.90526],[-93.32206,44.90526],[-93.32263,44.90526],[-93.32326,44.90527],[-93.3239,44.90527],[-93.32392,44.90527],[-93.32393,44.90527],[-93.32398,44.90527],[-93.32496,44.90528],[-93.32517,44.90528],[-93.32644,44.90529],[-93.32756,44.9053],[-93.32771,44.9053],[-93.32829,44.9053],[-93.32848,44.90531],[-93.32899,44.90531],[-93.329,44.90531],[-93.329,44.90563],[-93.32901,44.90711],[-93.32901,44.90712],[-93.32902,44.90892],[-93.32903,44.91073],[-93.32904,44.91253],[-93.32905,44.91293],[-93.32905,44.91338],[-93.32905,44.91347],[-93.32905,44.91365],[-93.32906,44.91402],[-93.32906,44.91433],[-93.32908,44.9161],[-93.32908,44.91612],[-93.32908,44.91613],[-93.32909,44.91738],[-93.32909,44.91779],[-93.32909,44.91792],[-93.32909,44.91793],[-93.32908,44.91793],[-93.329,44.91793],[-93.32895,44.91793],[-93.32824,44.91792],[-93.32781,44.91792],[-93.3278,44.91792],[-93.32675,44.91792],[-93.32664,44.91792],[-93.32653,44.91792],[-93.32652,44.91792],[-93.3263,44.91792],[-93.32626,44.91792],[-93.32549,44.91792],[-93.32397,44.91792],[-93.32269,44.91791],[-93.32176,44.91792],[-93.32143,44.91792],[-93.32015,44.91792],[-93.31887,44.91792],[-93.31774,44.91792],[-93.31761,44.91792],[-93.31755,44.91792],[-93.31728,44.91792],[-93.31634,44.91791],[-93.31633,44.91791],[-93.31507,44.91791],[-93.31506,44.91791],[-93.31495,44.91792],[-93.31472,44.91794],[-93.31379,44.9179],[-93.31376,44.9179],[-93.3133,44.91789],[-93.31328,44.91789],[-93.30875,44.91789]]]},"properties":{"id":"crime-mpls-fulton","layer":"crime_minneapolis","name":"Fulton","county":"Hennepin","state":"MN","countyFips":"27053","attributes":{"neighborhood":"Fulton","statYear":2025,"firstFullYear":2018,"lastFullYear":2025,"homicide":0,"rape":2,"robbery":0,"aggravatedAssault":1,"burglary":11,"larceny":36,"autoTheft":13,"arson":0,"violentTotal":3,"propertyTotal":60,"reportedTotal":63,"reportedTotalBand":"40–99","total2018":124,"total2019":120,"total2020":96,"total2021":80,"total2022":90,"total2023":110,"total2024":101,"total2025":63,"changeSinceFirstFullYear":-61,"partialYearLabel":"2026 (January–July, incomplete)","partialYearTotal":44,"centroidLon":-93.31885,"centroidLat":44.91157},"confidence":"confirmed","sourceDate":"2025"}},{"type":"Feature","geometry":{"type":"Polygon","coordinates":[[[-93.24876,44.91512],[-93.24871,44.91509],[-93.24868,44.91508],[-93.24858,44.91505],[-93.24844,44.91502],[-93.24832,44.915],[-93.24819,44.91499],[-93.24805,44.91498],[-93.24794,44.91498],[-93.24782,44.91499],[-93.24781,44.91499],[-93.24779,44.91499],[-93.24776,44.915],[-93.24773,44.915],[-93.24769,44.91501],[-93.24767,44.91502],[-93.2476,44.91503],[-93.24754,44.91506],[-93.24748,44.91508],[-93.2474,44.91511],[-93.24733,44.91511],[-93.2473,44.91512],[-93.2473,44.91511],[-93.2473,44.91502],[-93.2473,44.91489],[-93.2473,44.91456],[-93.2473,44.91428],[-93.2473,44.91426],[-93.2473,44.91403],[-93.24729,44.91385],[-93.24729,44.91373],[-93.24728,44.91247],[-93.24728,44.91246],[-93.24732,44.91067],[-93.24732,44.91066],[-93.24732,44.91065],[-93.24732,44.91061],[-93.24732,44.90888],[-93.24732,44.90887],[-93.24732,44.90886],[-93.24735,44.90665],[-93.24735,44.90658],[-93.24736,44.90596],[-93.24737,44.90522],[-93.24742,44.90432],[-93.24742,44.9043],[-93.24742,44.90421],[-93.24744,44.90386],[-93.24745,44.90366],[-93.24792,44.90366],[-93.24902,44.90366],[-93.25189,44.90366],[-93.25323,44.90366],[-93.25326,44.90365],[-93.25364,44.90349],[-93.25384,44.90345],[-93.25507,44.90343],[-93.25511,44.90343],[-93.25633,44.90344],[-93.25637,44.90344],[-93.25761,44.90343],[-93.25763,44.90343],[-93.25839,44.90343],[-93.25888,44.90344],[-93.26014,44.90343],[-93.26015,44.90343],[-93.2614,44.90342],[-93.26266,44.90341],[-93.26266,44.90342],[-93.26262,44.90523],[-93.26262,44.90524],[-93.26262,44.90594],[-93.26263,44.90705],[-93.26263,44.90706],[-93.26264,44.90845],[-93.26264,44.90886],[-93.26264,44.90887],[-93.26263,44.91064],[-93.26263,44.91066],[-93.26263,44.91068],[-93.26264,44.91089],[-93.26264,44.91107],[-93.26264,44.91115],[-93.26262,44.91116],[-93.26261,44.91116],[-93.26257,44.91116],[-93.26249,44.91118],[-93.26244,44.9112],[-93.26238,44.91121],[-93.26237,44.91121],[-93.26232,44.91122],[-93.26231,44.91122],[-93.26225,44.91122],[-93.26224,44.91122],[-93.26216,44.91122],[-93.2621,44.91123],[-93.26208,44.91124],[-93.26196,44.91126],[-93.26183,44.91129],[-93.26182,44.91129],[-93.26172,44.91133],[-93.26162,44.91135],[-93.26156,44.91136],[-93.26149,44.91136],[-93.26142,44.91136],[-93.26136,44.91135],[-93.26133,44.91135],[-93.2613,44.91134],[-93.26128,44.91133],[-93.26127,44.91133],[-93.26119,44.91133],[-93.26118,44.91133],[-93.26109,44.91134],[-93.261,44.91134],[-93.2609,44.91134],[-93.26085,44.91134],[-93.2608,44.91133],[-93.26077,44.91133],[-93.26071,44.91134],[-93.26068,44.91134],[-93.26063,44.91136],[-93.26062,44.91136],[-93.26058,44.9114],[-93.26057,44.91141],[-93.26054,44.91144],[-93.26051,44.91147],[-93.26048,44.9115],[-93.26045,44.91153],[-93.26044,44.91154],[-93.26041,44.91159],[-93.26037,44.91165],[-93.26036,44.91171],[-93.26034,44.91174],[-93.26033,44.91179],[-93.26031,44.91186],[-93.26031,44.91187],[-93.26028,44.91192],[-93.26024,44.91197],[-93.26023,44.91198],[-93.26017,44.91202],[-93.26009,44.91205],[-93.25999,44.91209],[-93.25991,44.91212],[-93.25989,44.91213],[-93.25988,44.91213],[-93.25979,44.91216],[-93.25978,44.91216],[-93.25969,44.91218],[-93.25966,44.91219],[-93.25959,44.91222],[-93.25944,44.91227],[-93.25928,44.91232],[-93.25925,44.91233],[-93.25916,44.91236],[-93.25906,44.91239],[-93.25902,44.91239],[-93.2589,44.91242],[-93.25878,44.91244],[-93.25865,44.91245],[-93.25857,44.91245],[-93.25854,44.91245],[-93.25844,44.91244],[-93.25837,44.91243],[-93.25829,44.9124],[-93.25827,44.91239],[-93.25821,44.91236],[-93.2581,44.91234],[-93.25805,44.91235],[-93.25799,44.91237],[-93.25793,44.9124],[-93.2579,44.91244],[-93.25789,44.91245],[-93.25784,44.9125],[-93.25778,44.91254],[-93.25772,44.91259],[-93.25766,44.91262],[-93.25764,44.91262],[-93.25757,44.91265],[-93.25753,44.91266],[-93.25749,44.91267],[-93.25748,44.91267],[-93.25742,44.9127],[-93.25736,44.91274],[-93.25732,44.91279],[-93.25729,44.91286],[-93.25727,44.91292],[-93.25724,44.91298],[-93.25722,44.91299],[-93.25718,44.91301],[-93.25712,44.91304],[-93.25704,44.91304],[-93.25694,44.91305],[-93.25686,44.91306],[-93.25679,44.91306],[-93.2567,44.91307],[-93.25662,44.91309],[-93.2566,44.9131],[-93.25656,44.91312],[-93.25651,44.91314],[-93.25646,44.91316],[-93.25645,44.91317],[-93.2564,44.91321],[-93.25633,44.91324],[-93.25622,44.91328],[-93.25619,44.91329],[-93.25606,44.91331],[-93.25604,44.91331],[-93.25599,44.91332],[-93.25591,44.91334],[-93.2558,44.91334],[-93.25573,44.91334],[-93.25567,44.91335],[-93.25564,44.91334],[-93.25561,44.91334],[-93.25557,44.91334],[-93.25549,44.91333],[-93.25545,44.91331],[-93.25543,44.9133],[-93.25535,44.91326],[-93.25528,44.9132],[-93.2552,44.91313],[-93.25515,44.91309],[-93.25513,44.91308],[-93.25513,44.91307],[-93.25507,44.91304],[-93.255,44.91301],[-93.25492,44.913],[-93.25482,44.91298],[-93.25468,44.91299],[-93.25459,44.91301],[-93.25458,44.91301],[-93.25453,44.91302],[-93.25449,44.91303],[-93.25444,44.91303],[-93.25438,44.91303],[-93.2543,44.91303],[-93.25428,44.91303],[-93.25421,44.91304],[-93.25417,44.91305],[-93.25411,44.91307],[-93.2541,44.91307],[-93.254,44.91312],[-93.25388,44.91317],[-93.25378,44.91321],[-93.25377,44.91321],[-93.25372,44.91321],[-93.25369,44.91322],[-93.25363,44.91323],[-93.25354,44.91325],[-93.25342,44.91328],[-93.25334,44.91332],[-93.25327,44.91335],[-93.25318,44.91337],[-93.25314,44.91338],[-93.25307,44.91339],[-93.25297,44.91341],[-93.25287,44.91344],[-93.25281,44.91351],[-93.2528,44.91353],[-93.2528,44.91357],[-93.25282,44.91361],[-93.25285,44.91366],[-93.25286,44.9137],[-93.25287,44.91373],[-93.25287,44.91378],[-93.25285,44.91384],[-93.25281,44.91389],[-93.25276,44.91393],[-93.25273,44.91394],[-93.25267,44.91397],[-93.25254,44.91402],[-93.25244,44.91407],[-93.25242,44.91407],[-93.25242,44.91408],[-93.2524,44.91408],[-93.25227,44.91414],[-93.25214,44.9142],[-93.25204,44.91425],[-93.252,44.91427],[-93.25198,44.91428],[-93.25193,44.9143],[-93.25185,44.91433],[-93.25181,44.91435],[-93.25174,44.91439],[-93.2517,44.91442],[-93.25166,44.91446],[-93.25162,44.91451],[-93.2516,44.91452],[-93.25159,44.91454],[-93.25157,44.91456],[-93.25155,44.91461],[-93.25153,44.91466],[-93.25149,44.9147],[-93.25145,44.91475],[-93.25141,44.91479],[-93.25137,44.91483],[-93.25134,44.91485],[-93.25125,44.9149],[-93.25123,44.9149],[-93.25116,44.91494],[-93.25115,44.91494],[-93.25113,44.91495],[-93.25111,44.91496],[-93.25103,44.91501],[-93.251,44.91502],[-93.25095,44.91503],[-93.25092,44.91505],[-93.25083,44.91508],[-93.25081,44.91508],[-93.25071,44.9151],[-93.2507,44.9151],[-93.25059,44.91511],[-93.25047,44.9151],[-93.25038,44.91509],[-93.25035,44.91509],[-93.25023,44.91509],[-93.25019,44.91509],[-93.25012,44.91509],[-93.2501,44.91509],[-93.24999,44.91511],[-93.24995,44.91512],[-93.24983,44.91514],[-93.24974,44.91516],[-93.24968,44.91517],[-93.24954,44.9152],[-93.24947,44.91521],[-93.24942,44.91522],[-93.24938,44.91522],[-93.24933,44.91522],[-93.24932,44.91523],[-93.24919,44.91523],[-93.24914,44.91522],[-93.24909,44.91522],[-93.24906,44.91521],[-93.24899,44.9152],[-93.24889,44.91516],[-93.24876,44.91512]]]},"properties":{"id":"crime-mpls-hale","layer":"crime_minneapolis","name":"Hale","county":"Hennepin","state":"MN","countyFips":"27053","attributes":{"neighborhood":"Hale","statYear":2025,"firstFullYear":2018,"lastFullYear":2025,"homicide":0,"rape":0,"robbery":1,"aggravatedAssault":1,"burglary":23,"larceny":49,"autoTheft":12,"arson":0,"violentTotal":2,"propertyTotal":84,"reportedTotal":86,"reportedTotalBand":"40–99","total2018":50,"total2019":61,"total2020":82,"total2021":44,"total2022":69,"total2023":87,"total2024":72,"total2025":86,"changeSinceFirstFullYear":36,"partialYearLabel":"2026 (January–July, incomplete)","partialYearTotal":38,"centroidLon":-93.25445,"centroidLat":44.90853},"confidence":"confirmed","sourceDate":"2025"}},{"type":"Feature","geometry":{"type":"Polygon","coordinates":[[[-93.29401,44.98437],[-93.29401,44.98436],[-93.29401,44.98428],[-93.29401,44.98427],[-93.29402,44.98426],[-93.29405,44.98418],[-93.29407,44.98414],[-93.29409,44.98411],[-93.29417,44.98363],[-93.29418,44.98359],[-93.29428,44.98343],[-93.2943,44.9834],[-93.29433,44.98337],[-93.29445,44.98324],[-93.29447,44.98321],[-93.29449,44.9832],[-93.29465,44.98309],[-93.29474,44.98303],[-93.29476,44.98301],[-93.29493,44.98292],[-93.29495,44.98291],[-93.29499,44.9829],[-93.29522,44.98282],[-93.29546,44.98277],[-93.29588,44.98271],[-93.29635,44.98265],[-93.29655,44.98259],[-93.2968,44.98246],[-93.29681,44.98245],[-93.29698,44.9823],[-93.29699,44.9823],[-93.297,44.98228],[-93.29705,44.98219],[-93.29711,44.98209],[-93.29712,44.982],[-93.29714,44.98187],[-93.29714,44.98186],[-93.29715,44.98161],[-93.29715,44.98158],[-93.29715,44.98067],[-93.29715,44.98063],[-93.29553,44.98044],[-93.29552,44.98044],[-93.29492,44.98037],[-93.29301,44.98016],[-93.29143,44.97996],[-93.29139,44.97995],[-93.29084,44.97988],[-93.28984,44.97972],[-93.28952,44.97967],[-93.28801,44.97946],[-93.28801,44.97897],[-93.28801,44.97895],[-93.28799,44.97768],[-93.28799,44.97767],[-93.28799,44.97766],[-93.28799,44.97765],[-93.28799,44.97764],[-93.28799,44.97759],[-93.28799,44.97757],[-93.28799,44.9775],[-93.28799,44.97738],[-93.28799,44.97732],[-93.28799,44.9771],[-93.28799,44.97705],[-93.28811,44.97705],[-93.28861,44.97705],[-93.28963,44.97705],[-93.28986,44.97706],[-93.28988,44.97706],[-93.29345,44.97707],[-93.29729,44.97708],[-93.29994,44.9762],[-93.30009,44.97615],[-93.30017,44.97613],[-93.30023,44.97611],[-93.30052,44.97604],[-93.30083,44.97601],[-93.30095,44.97599],[-93.30116,44.97597],[-93.30144,44.97597],[-93.30175,44.97597],[-93.30183,44.97598],[-93.30207,44.97602],[-93.30236,44.97607],[-93.30261,44.97611],[-93.30267,44.97613],[-93.30294,44.97623],[-93.30321,44.97633],[-93.30332,44.97638],[-93.30347,44.97645],[-93.30373,44.97657],[-93.30375,44.97659],[-93.30387,44.97666],[-93.30404,44.97669],[-93.30419,44.97668],[-93.30429,44.97666],[-93.30442,44.97661],[-93.30449,44.97658],[-93.30455,44.97655],[-93.30467,44.97652],[-93.30469,44.97652],[-93.30483,44.9765],[-93.30496,44.97651],[-93.30502,44.97651],[-93.30517,44.97653],[-93.30533,44.97658],[-93.30542,44.97664],[-93.30544,44.97667],[-93.30547,44.97673],[-93.3055,44.97683],[-93.30551,44.97692],[-93.30552,44.97696],[-93.30553,44.97703],[-93.30553,44.97705],[-93.30557,44.97716],[-93.30561,44.97723],[-93.30568,44.97731],[-93.3058,44.97739],[-93.30595,44.97746],[-93.30613,44.97751],[-93.30628,44.97752],[-93.30644,44.97752],[-93.30651,44.97752],[-93.30681,44.97752],[-93.30716,44.9775],[-93.30738,44.97752],[-93.30758,44.97757],[-93.30777,44.97763],[-93.30804,44.97767],[-93.30809,44.97768],[-93.30829,44.97772],[-93.30834,44.97773],[-93.30858,44.97777],[-93.30864,44.97778],[-93.3087,44.97779],[-93.30875,44.9778],[-93.30883,44.97781],[-93.30901,44.97784],[-93.30903,44.97784],[-93.30922,44.97786],[-93.3093,44.97783],[-93.30933,44.97781],[-93.30935,44.97779],[-93.30936,44.97778],[-93.30937,44.97778],[-93.30954,44.97771],[-93.30977,44.9777],[-93.30986,44.9777],[-93.30995,44.97771],[-93.31017,44.97774],[-93.31041,44.97779],[-93.31057,44.97785],[-93.31089,44.97794],[-93.31117,44.97798],[-93.31157,44.97808],[-93.31165,44.9781],[-93.31202,44.97821],[-93.31221,44.97827],[-93.31251,44.97843],[-93.31274,44.97857],[-93.31293,44.97869],[-93.31307,44.9788],[-93.3132,44.97891],[-93.31338,44.97902],[-93.31341,44.97904],[-93.31342,44.97905],[-93.31345,44.97908],[-93.31348,44.97913],[-93.31353,44.9792],[-93.31356,44.97924],[-93.31357,44.97925],[-93.3136,44.97932],[-93.31364,44.97939],[-93.31367,44.97945],[-93.31371,44.97953],[-93.31374,44.9796],[-93.31378,44.97968],[-93.31387,44.97987],[-93.31389,44.97992],[-93.31393,44.98],[-93.31399,44.9801],[-93.31404,44.98022],[-93.31409,44.98032],[-93.31414,44.98042],[-93.31418,44.9805],[-93.31424,44.98062],[-93.31427,44.98067],[-93.3143,44.98073],[-93.31431,44.98073],[-93.31435,44.98073],[-93.31446,44.98073],[-93.3145,44.98074],[-93.31596,44.98074],[-93.31597,44.98074],[-93.31673,44.98074],[-93.31723,44.98074],[-93.31743,44.98074],[-93.31779,44.98073],[-93.3185,44.98072],[-93.3185,44.98073],[-93.3185,44.98074],[-93.3185,44.98075],[-93.31849,44.98315],[-93.31849,44.9832],[-93.31849,44.9839],[-93.31849,44.98398],[-93.31849,44.98399],[-93.31835,44.98399],[-93.31823,44.98398],[-93.31786,44.98397],[-93.3178,44.98397],[-93.31774,44.98396],[-93.31749,44.98395],[-93.31677,44.98396],[-93.31675,44.98396],[-93.31674,44.98396],[-93.31655,44.98396],[-93.31643,44.98397],[-93.3164,44.98397],[-93.31627,44.98398],[-93.3161,44.98398],[-93.31589,44.98399],[-93.31565,44.98401],[-93.3153,44.98404],[-93.31524,44.98404],[-93.3148,44.98409],[-93.3147,44.9841],[-93.31461,44.9841],[-93.31452,44.98411],[-93.31442,44.98412],[-93.31431,44.98413],[-93.31415,44.98415],[-93.31336,44.98422],[-93.31335,44.98422],[-93.31326,44.98423],[-93.31321,44.98423],[-93.31314,44.98424],[-93.31293,44.98426],[-93.3125,44.98429],[-93.31238,44.9843],[-93.31153,44.98437],[-93.31137,44.98438],[-93.3113,44.98438],[-93.31129,44.98438],[-93.31114,44.9844],[-93.311,44.9844],[-93.31098,44.9844],[-93.31096,44.9844],[-93.31088,44.9844],[-93.3108,44.9844],[-93.31078,44.9844],[-93.31065,44.9844],[-93.31058,44.9844],[-93.31053,44.9844],[-93.31043,44.9844],[-93.31036,44.9844],[-93.31028,44.9844],[-93.30967,44.9844],[-93.30964,44.98441],[-93.30851,44.98441],[-93.30837,44.98441],[-93.30831,44.98441],[-93.30829,44.98441],[-93.30828,44.98441],[-93.30791,44.98441],[-93.30752,44.98441],[-93.30704,44.98441],[-93.30696,44.98441],[-93.30579,44.98441],[-93.30538,44.9844],[-93.30471,44.9844],[-93.30451,44.9844],[-93.3045,44.9844],[-93.30321,44.9844],[-93.30309,44.9844],[-93.30177,44.98441],[-93.30176,44.98441],[-93.30075,44.98441],[-93.30061,44.9844],[-93.30009,44.9844],[-93.29838,44.98437],[-93.2982,44.98437],[-93.29591,44.98437],[-93.29568,44.98437],[-93.29428,44.98437],[-93.2941,44.98437],[-93.29408,44.98437],[-93.29407,44.98437],[-93.29401,44.98437]]]},"properties":{"id":"crime-mpls-harrison","layer":"crime_minneapolis","name":"Harrison","county":"Hennepin","state":"MN","countyFips":"27053","attributes":{"neighborhood":"Harrison","statYear":2025,"firstFullYear":2018,"lastFullYear":2025,"homicide":0,"rape":5,"robbery":10,"aggravatedAssault":48,"burglary":8,"larceny":74,"autoTheft":38,"arson":2,"violentTotal":63,"propertyTotal":122,"reportedTotal":185,"reportedTotalBand":"100–199","total2018":180,"total2019":157,"total2020":205,"total2021":211,"total2022":252,"total2023":219,"total2024":223,"total2025":185,"changeSinceFirstFullYear":5,"partialYearLabel":"2026 (January–July, incomplete)","partialYearTotal":145,"centroidLon":-93.30375,"centroidLat":44.9806},"confidence":"confirmed","sourceDate":"2025"}},{"type":"Feature","geometry":{"type":"Polygon","coordinates":[[[-93.27448,45.01314],[-93.27448,45.01313],[-93.27446,45.01305],[-93.27444,45.01297],[-93.27441,45.0129],[-93.2744,45.01285],[-93.27439,45.01283],[-93.27438,45.01275],[-93.27434,45.01262],[-93.27432,45.0125],[-93.27429,45.01239],[-93.27427,45.01229],[-93.27425,45.01219],[-93.27423,45.01209],[-93.27421,45.01201],[-93.2742,45.01192],[-93.27418,45.01183],[-93.27417,45.01175],[-93.27416,45.01167],[-93.27415,45.01159],[-93.27414,45.01151],[-93.27413,45.01143],[-93.27413,45.01142],[-93.27412,45.01135],[-93.27412,45.01128],[-93.27411,45.01123],[-93.27411,45.01118],[-93.27411,45.01117],[-93.27411,45.01112],[-93.27411,45.01107],[-93.27411,45.01101],[-93.27411,45.01099],[-93.27411,45.01095],[-93.27411,45.01089],[-93.27412,45.01082],[-93.27412,45.01072],[-93.27413,45.01059],[-93.27414,45.01048],[-93.27417,45.01019],[-93.27417,45.01018],[-93.27418,45.01004],[-93.27419,45.00996],[-93.27419,45.00989],[-93.27419,45.00984],[-93.27419,45.00982],[-93.2742,45.00976],[-93.2742,45.0097],[-93.2742,45.00964],[-93.2742,45.0095],[-93.2742,45.00936],[-93.27419,45.00924],[-93.27419,45.00913],[-93.27419,45.00902],[-93.27418,45.00891],[-93.27418,45.00877],[-93.27417,45.00864],[-93.27416,45.0085],[-93.27415,45.00837],[-93.27414,45.00824],[-93.27413,45.00811],[-93.27412,45.00798],[-93.2741,45.00786],[-93.27409,45.00775],[-93.27408,45.00765],[-93.27406,45.00754],[-93.27406,45.00751],[-93.27405,45.00747],[-93.27404,45.0074],[-93.27403,45.00733],[-93.27399,45.00716],[-93.27398,45.0071],[-93.27398,45.00708],[-93.27396,45.00699],[-93.27394,45.00689],[-93.27393,45.00681],[-93.27392,45.00674],[-93.27391,45.00667],[-93.27391,45.00662],[-93.2739,45.0066],[-93.2739,45.00652],[-93.27389,45.00645],[-93.27388,45.00638],[-93.27388,45.00636],[-93.27388,45.00635],[-93.27387,45.00631],[-93.27387,45.00623],[-93.27386,45.00614],[-93.27386,45.0061],[-93.27386,45.00605],[-93.27385,45.00597],[-93.27385,45.00588],[-93.27384,45.00579],[-93.27384,45.0057],[-93.27384,45.00561],[-93.27384,45.00552],[-93.27384,45.00543],[-93.27384,45.00534],[-93.27384,45.00525],[-93.27384,45.00516],[-93.27384,45.00507],[-93.27385,45.00498],[-93.27385,45.00489],[-93.27385,45.0048],[-93.27386,45.00467],[-93.27387,45.00454],[-93.27388,45.00441],[-93.27389,45.0044],[-93.2739,45.00428],[-93.27391,45.00415],[-93.27393,45.00402],[-93.27394,45.00391],[-93.27395,45.00389],[-93.27397,45.00377],[-93.27398,45.00366],[-93.274,45.00354],[-93.27403,45.00342],[-93.27405,45.0033],[-93.27408,45.00317],[-93.27411,45.00303],[-93.27415,45.00287],[-93.27416,45.00284],[-93.27419,45.0027],[-93.2742,45.00264],[-93.27422,45.00257],[-93.27424,45.0025],[-93.27426,45.00243],[-93.27429,45.00236],[-93.27431,45.00229],[-93.27434,45.00221],[-93.27437,45.00213],[-93.27439,45.00206],[-93.27442,45.00199],[-93.27445,45.00191],[-93.27449,45.00182],[-93.27456,45.00166],[-93.27469,45.00134],[-93.27475,45.00121],[-93.27481,45.00108],[-93.27485,45.00098],[-93.27485,45.00096],[-93.27488,45.00089],[-93.27491,45.00082],[-93.27493,45.00075],[-93.27495,45.00069],[-93.27498,45.00063],[-93.275,45.00057],[-93.27501,45.00051],[-93.27503,45.00045],[-93.27505,45.00038],[-93.27507,45.00031],[-93.27509,45.00024],[-93.2751,45.00017],[-93.27512,45.00011],[-93.27513,45.00004],[-93.27514,44.99998],[-93.27515,44.99992],[-93.27515,44.99986],[-93.27516,44.9998],[-93.27516,44.99973],[-93.27517,44.99967],[-93.27517,44.9996],[-93.27517,44.99959],[-93.27517,44.99953],[-93.27517,44.99949],[-93.27517,44.99945],[-93.27517,44.99938],[-93.27517,44.99932],[-93.27516,44.99926],[-93.27516,44.99915],[-93.27515,44.99908],[-93.27515,44.99905],[-93.27515,44.99904],[-93.27515,44.99903],[-93.27515,44.99902],[-93.2752,44.99902],[-93.27523,44.99902],[-93.27529,44.99902],[-93.27543,44.99903],[-93.27615,44.99905],[-93.27642,44.99906],[-93.27643,44.99906],[-93.27649,44.99906],[-93.27655,44.99907],[-93.27706,44.99908],[-93.27711,44.99909],[-93.27744,44.9991],[-93.2775,44.9991],[-93.27751,44.9991],[-93.27753,44.9991],[-93.2776,44.9991],[-93.27846,44.9991],[-93.2785,44.9991],[-93.27867,44.9991],[-93.28017,44.9991],[-93.28019,44.9991],[-93.28182,44.9991],[-93.28224,44.99911],[-93.28229,44.99911],[-93.28265,44.99912],[-93.28286,44.99913],[-93.28288,44.99913],[-93.2836,44.99912],[-93.28394,44.99912],[-93.28429,44.99912],[-93.28438,44.99912],[-93.2846,44.99912],[-93.28494,44.99912],[-93.28565,44.99912],[-93.28648,44.99912],[-93.28719,44.99913],[-93.28794,44.99914],[-93.28799,44.99914],[-93.28804,44.99914],[-93.28875,44.99913],[-93.28945,44.99913],[-93.28952,44.99913],[-93.28969,44.99913],[-93.29102,44.99914],[-93.29103,44.99914],[-93.29106,44.99914],[-93.29256,44.99914],[-93.29257,44.99914],[-93.293,44.99914],[-93.29409,44.99914],[-93.29409,44.99915],[-93.29409,44.99916],[-93.2941,44.99992],[-93.29411,45.00025],[-93.29411,45.00027],[-93.29413,45.00151],[-93.29413,45.00152],[-93.29409,45.00232],[-93.29409,45.00243],[-93.29408,45.0026],[-93.29408,45.00261],[-93.29409,45.00372],[-93.29409,45.00373],[-93.2941,45.00473],[-93.2941,45.00482],[-93.2941,45.00483],[-93.29409,45.00577],[-93.2941,45.00578],[-93.29417,45.00595],[-93.29418,45.00596],[-93.29418,45.00597],[-93.29418,45.00598],[-93.29428,45.00627],[-93.29431,45.00651],[-93.29432,45.00652],[-93.29431,45.00775],[-93.29432,45.00955],[-93.29432,45.00956],[-93.29432,45.01132],[-93.29432,45.01134],[-93.29432,45.01135],[-93.29433,45.01314],[-93.29431,45.01314],[-93.2943,45.01314],[-93.29306,45.01314],[-93.29204,45.01313],[-93.29181,45.01313],[-93.2918,45.01313],[-93.29162,45.01313],[-93.29054,45.01313],[-93.28981,45.01312],[-93.28928,45.01312],[-93.28872,45.01311],[-93.28861,45.01311],[-93.28845,45.01311],[-93.28801,45.01311],[-93.2877,45.01311],[-93.28728,45.01311],[-93.2871,45.01311],[-93.28647,45.01311],[-93.28645,45.01311],[-93.28571,45.01311],[-93.28538,45.01311],[-93.28491,45.01311],[-93.28487,45.01311],[-93.28387,45.01311],[-93.28341,45.01311],[-93.28339,45.01311],[-93.28279,45.01311],[-93.28275,45.01311],[-93.28256,45.01311],[-93.28238,45.01311],[-93.28231,45.01311],[-93.28186,45.01312],[-93.28183,45.01312],[-93.28137,45.01311],[-93.28078,45.01311],[-93.28067,45.01311],[-93.28049,45.01311],[-93.28012,45.01311],[-93.28004,45.01311],[-93.27891,45.01312],[-93.27875,45.01312],[-93.2787,45.01312],[-93.27719,45.01312],[-93.27625,45.01312],[-93.27621,45.01312],[-93.27598,45.01312],[-93.27572,45.01312],[-93.2757,45.01312],[-93.27516,45.01313],[-93.27515,45.01313],[-93.27494,45.01313],[-93.27486,45.01313],[-93.27463,45.01314],[-93.27462,45.01314],[-93.27459,45.01314],[-93.27458,45.01314],[-93.27457,45.01314],[-93.27454,45.01314],[-93.27451,45.01314],[-93.2745,45.01314],[-93.27448,45.01314]]]},"properties":{"id":"crime-mpls-hawthorne","layer":"crime_minneapolis","name":"Hawthorne","county":"Hennepin","state":"MN","countyFips":"27053","attributes":{"neighborhood":"Hawthorne","statYear":2025,"firstFullYear":2018,"lastFullYear":2025,"homicide":4,"rape":10,"robbery":42,"aggravatedAssault":103,"burglary":42,"larceny":127,"autoTheft":110,"arson":1,"violentTotal":159,"propertyTotal":280,"reportedTotal":439,"reportedTotalBand":"200–449","total2018":511,"total2019":579,"total2020":539,"total2021":472,"total2022":532,"total2023":494,"total2024":503,"total2025":439,"changeSinceFirstFullYear":-72,"partialYearLabel":"2026 (January–July, incomplete)","partialYearTotal":242,"centroidLon":-93.28422,"centroidLat":45.00618},"confidence":"confirmed","sourceDate":"2025"}},{"type":"Feature","geometry":{"type":"Polygon","coordinates":[[[-93.20495,44.9307],[-93.2047,44.93045],[-93.20462,44.93049],[-93.20458,44.93051],[-93.20432,44.93062],[-93.20429,44.93063],[-93.20427,44.93063],[-93.20393,44.93071],[-93.2037,44.93072],[-93.20321,44.93072],[-93.20319,44.93072],[-93.20283,44.93071],[-93.20281,44.93071],[-93.20216,44.93071],[-93.20199,44.93071],[-93.20198,44.93071],[-93.20045,44.9307],[-93.20045,44.93068],[-93.20042,44.9305],[-93.20037,44.93018],[-93.20033,44.92995],[-93.20032,44.9299],[-93.20028,44.92968],[-93.20027,44.9296],[-93.20019,44.92916],[-93.20009,44.92863],[-93.20032,44.9277],[-93.20034,44.92761],[-93.20046,44.92707],[-93.20046,44.92705],[-93.20057,44.92658],[-93.20058,44.92651],[-93.20076,44.92559],[-93.20077,44.92554],[-93.20092,44.92466],[-93.20093,44.92462],[-93.20093,44.92461],[-93.20106,44.92375],[-93.20107,44.92372],[-93.20109,44.92357],[-93.20109,44.92355],[-93.20111,44.92338],[-93.20117,44.92295],[-93.20117,44.92294],[-93.20117,44.92293],[-93.20121,44.92265],[-93.20122,44.92255],[-93.20124,44.92233],[-93.20129,44.92187],[-93.2013,44.92174],[-93.20132,44.9216],[-93.20133,44.92147],[-93.20134,44.9213],[-93.20137,44.92095],[-93.20138,44.92084],[-93.20139,44.92067],[-93.20141,44.92045],[-93.20141,44.92033],[-93.20144,44.91996],[-93.20144,44.91986],[-93.20144,44.91982],[-93.20145,44.91975],[-93.20146,44.91946],[-93.20147,44.9192],[-93.20147,44.91912],[-93.20147,44.91909],[-93.20148,44.91893],[-93.20148,44.91889],[-93.20149,44.9187],[-93.20149,44.91864],[-93.2015,44.91832],[-93.2015,44.91792],[-93.2015,44.91791],[-93.2015,44.91785],[-93.2015,44.91781],[-93.2015,44.91777],[-93.2015,44.91734],[-93.2015,44.91685],[-93.2015,44.91672],[-93.20148,44.91623],[-93.20147,44.9158],[-93.20146,44.91567],[-93.20146,44.91555],[-93.20142,44.91485],[-93.20142,44.91481],[-93.20141,44.91475],[-93.2014,44.91456],[-93.20135,44.91394],[-93.20134,44.9137],[-93.2013,44.91338],[-93.20129,44.91327],[-93.20126,44.91291],[-93.20125,44.91289],[-93.20123,44.91266],[-93.20122,44.91259],[-93.20122,44.91257],[-93.20118,44.91234],[-93.20116,44.91227],[-93.20115,44.91222],[-93.20115,44.9122],[-93.20108,44.91193],[-93.20106,44.91185],[-93.20105,44.91182],[-93.20102,44.91171],[-93.20101,44.9117],[-93.20099,44.91162],[-93.20094,44.91147],[-93.20089,44.91134],[-93.20086,44.91127],[-93.20084,44.9112],[-93.20078,44.91105],[-93.20068,44.91084],[-93.20066,44.9108],[-93.20062,44.91072],[-93.20059,44.91065],[-93.20042,44.91034],[-93.20039,44.91028],[-93.20015,44.90989],[-93.20012,44.90985],[-93.19988,44.90951],[-93.1997,44.90929],[-93.19958,44.90913],[-93.19928,44.90881],[-93.19925,44.90878],[-93.19893,44.90845],[-93.19856,44.90812],[-93.1982,44.90782],[-93.19778,44.90751],[-93.19776,44.9075],[-93.19734,44.90722],[-93.19691,44.90695],[-93.19671,44.90683],[-93.19655,44.90674],[-93.19621,44.90654],[-93.19574,44.90625],[-93.19563,44.90619],[-93.19495,44.90577],[-93.19438,44.90541],[-93.19437,44.9054],[-93.19436,44.90539],[-93.19434,44.90538],[-93.19433,44.90537],[-93.19484,44.90538],[-93.19613,44.9054],[-93.19622,44.9054],[-93.19695,44.90541],[-93.19736,44.90575],[-93.19774,44.90609],[-93.1981,44.90635],[-93.19821,44.90641],[-93.19825,44.90644],[-93.19828,44.90648],[-93.19832,44.90651],[-93.19838,44.90655],[-93.19845,44.9066],[-93.19849,44.90663],[-93.19853,44.90666],[-93.19858,44.90669],[-93.19864,44.90675],[-93.1987,44.90679],[-93.19875,44.90682],[-93.1988,44.90684],[-93.19884,44.90687],[-93.19889,44.9069],[-93.19894,44.90693],[-93.19898,44.90696],[-93.19903,44.90698],[-93.1991,44.90702],[-93.19917,44.90706],[-93.19923,44.90708],[-93.19928,44.9071],[-93.19932,44.90713],[-93.1994,44.90717],[-93.19946,44.90722],[-93.19953,44.90726],[-93.1996,44.90731],[-93.19968,44.90734],[-93.19974,44.90738],[-93.19983,44.90743],[-93.1999,44.90747],[-93.19998,44.90751],[-93.20005,44.90755],[-93.20013,44.9076],[-93.2002,44.90763],[-93.20027,44.90767],[-93.20034,44.90771],[-93.20043,44.90775],[-93.2005,44.90779],[-93.2006,44.90783],[-93.20066,44.90786],[-93.20073,44.9079],[-93.20081,44.90794],[-93.20116,44.90806],[-93.20153,44.90824],[-93.20162,44.90828],[-93.20171,44.9083],[-93.20179,44.90834],[-93.20189,44.90836],[-93.20196,44.90838],[-93.20205,44.90841],[-93.20213,44.90844],[-93.20222,44.90847],[-93.20229,44.90849],[-93.20239,44.90852],[-93.20248,44.90855],[-93.20256,44.90858],[-93.20264,44.9086],[-93.20273,44.90863],[-93.20284,44.90866],[-93.20291,44.90868],[-93.203,44.9087],[-93.20344,44.90884],[-93.20356,44.90887],[-93.20368,44.90889],[-93.20403,44.90898],[-93.2043,44.90905],[-93.20471,44.90904],[-93.20478,44.90906],[-93.20483,44.90906],[-93.20554,44.90905],[-93.20558,44.90907],[-93.2057,44.90915],[-93.20573,44.90917],[-93.20582,44.90923],[-93.20586,44.90925],[-93.20609,44.9094],[-93.20634,44.90957],[-93.20644,44.90964],[-93.20652,44.90969],[-93.20656,44.90972],[-93.20681,44.9099],[-93.20701,44.91003],[-93.20724,44.91021],[-93.20732,44.91027],[-93.20769,44.91057],[-93.20803,44.91086],[-93.20845,44.91124],[-93.20886,44.91161],[-93.20911,44.91184],[-93.20939,44.91207],[-93.20972,44.91237],[-93.21005,44.91265],[-93.2102,44.91277],[-93.21024,44.91281],[-93.21028,44.91284],[-93.21047,44.91301],[-93.21083,44.91331],[-93.2112,44.9136],[-93.21147,44.91383],[-93.21175,44.91405],[-93.2124,44.91457],[-93.21251,44.91467],[-93.21264,44.91477],[-93.21286,44.91492],[-93.21296,44.91499],[-93.21305,44.91506],[-93.21308,44.91508],[-93.21309,44.91508],[-93.21328,44.91521],[-93.21352,44.91535],[-93.2151,44.91629],[-93.21513,44.9163],[-93.21515,44.91631],[-93.21517,44.91632],[-93.21521,44.91634],[-93.21521,44.91635],[-93.21525,44.91638],[-93.21532,44.91643],[-93.21543,44.91652],[-93.2156,44.91665],[-93.21568,44.91672],[-93.21581,44.91682],[-93.21584,44.91684],[-93.21584,44.91685],[-93.21611,44.91709],[-93.21653,44.91746],[-93.21699,44.91788],[-93.21703,44.91792],[-93.21724,44.91813],[-93.21756,44.91844],[-93.21774,44.91862],[-93.21783,44.91871],[-93.21797,44.91885],[-93.21822,44.91915],[-93.21846,44.91939],[-93.21858,44.91954],[-93.21866,44.91965],[-93.21868,44.9197],[-93.21875,44.91981],[-93.21918,44.92037],[-93.21925,44.92046],[-93.21968,44.92105],[-93.21991,44.92137],[-93.22002,44.92153],[-93.22005,44.92157],[-93.22052,44.92226],[-93.2212,44.92324],[-93.22123,44.92328],[-93.22124,44.9233],[-93.22125,44.92331],[-93.22126,44.92332],[-93.22126,44.92333],[-93.22175,44.92404],[-93.22248,44.92511],[-93.22249,44.92512],[-93.22285,44.92564],[-93.223,44.92585],[-93.22312,44.92603],[-93.22366,44.9268],[-93.22368,44.92684],[-93.2237,44.92687],[-93.22372,44.92692],[-93.22378,44.92704],[-93.22401,44.92739],[-93.22438,44.92792],[-93.2249,44.92866],[-93.22493,44.92869],[-93.22493,44.9287],[-93.22494,44.92871],[-93.22495,44.92872],[-93.22496,44.92874],[-93.22506,44.92888],[-93.22616,44.93048],[-93.22616,44.93049],[-93.22618,44.93051],[-93.22607,44.93052],[-93.22606,44.93052],[-93.22504,44.93053],[-93.22496,44.93053],[-93.22402,44.93053],[-93.224,44.93053],[-93.22399,44.93053],[-93.22304,44.93054],[-93.22129,44.93056],[-93.2204,44.93056],[-93.21913,44.93057],[-93.21787,44.93059],[-93.21659,44.9306],[-93.21531,44.93061],[-93.21404,44.93063],[-93.21402,44.93063],[-93.21276,44.93063],[-93.21274,44.93063],[-93.21148,44.93065],[-93.2102,44.93065],[-93.20892,44.93067],[-93.20794,44.93068],[-93.20766,44.93068],[-93.20765,44.93068],[-93.20706,44.93069],[-93.20687,44.93073],[-93.20664,44.93082],[-93.20648,44.93085],[-93.20533,44.93083],[-93.20511,44.93077],[-93.20495,44.9307]]]},"properties":{"id":"crime-mpls-hiawatha","layer":"crime_minneapolis","name":"Hiawatha","county":"Hennepin","state":"MN","countyFips":"27053","attributes":{"neighborhood":"Hiawatha","statYear":2025,"firstFullYear":2018,"lastFullYear":2025,"homicide":0,"rape":5,"robbery":5,"aggravatedAssault":15,"burglary":74,"larceny":196,"autoTheft":86,"arson":3,"violentTotal":25,"propertyTotal":359,"reportedTotal":384,"reportedTotalBand":"200–449","total2018":258,"total2019":302,"total2020":348,"total2021":345,"total2022":529,"total2023":462,"total2024":411,"total2025":384,"changeSinceFirstFullYear":126,"partialYearLabel":"2026 (January–July, incomplete)","partialYearTotal":206,"centroidLon":-93.20997,"centroidLat":44.92174},"confidence":"confirmed","sourceDate":"2025"}},{"type":"Feature","geometry":{"type":"Polygon","coordinates":[[[-93.24912,45.01678],[-93.24734,45.01677],[-93.24734,45.01533],[-93.24734,45.01497],[-93.24734,45.01496],[-93.24732,45.01317],[-93.24732,45.01316],[-93.24733,45.01259],[-93.24734,45.01255],[-93.24734,45.01217],[-93.24734,45.01216],[-93.24735,45.01087],[-93.24735,45.01086],[-93.24735,45.0099],[-93.24735,45.00989],[-93.24736,45.0089],[-93.24736,45.00889],[-93.24737,45.00791],[-93.24737,45.0079],[-93.2474,45.0079],[-93.24817,45.0079],[-93.24838,45.0079],[-93.2491,45.0079],[-93.24913,45.0079],[-93.24914,45.0079],[-93.24976,45.0079],[-93.25091,45.00791],[-93.25093,45.00791],[-93.25245,45.00791],[-93.25245,45.0075],[-93.25246,45.0075],[-93.25379,45.00749],[-93.25381,45.00749],[-93.25501,45.00748],[-93.25545,45.00748],[-93.25697,45.00748],[-93.25699,45.00669],[-93.25704,45.0066],[-93.25709,45.00651],[-93.2571,45.00648],[-93.25711,45.00647],[-93.25715,45.0064],[-93.25716,45.00639],[-93.25745,45.00604],[-93.25755,45.00591],[-93.25755,45.00548],[-93.25755,45.00526],[-93.25755,45.00525],[-93.25879,45.00524],[-93.2589,45.00524],[-93.25969,45.00524],[-93.26025,45.00525],[-93.26025,45.00524],[-93.26137,45.00523],[-93.26146,45.00525],[-93.26156,45.00527],[-93.26307,45.00527],[-93.26309,45.00527],[-93.26309,45.00528],[-93.26309,45.00529],[-93.26309,45.00636],[-93.26309,45.00638],[-93.26309,45.00746],[-93.26309,45.00748],[-93.2631,45.00856],[-93.2631,45.00857],[-93.26311,45.01001],[-93.26311,45.01002],[-93.26311,45.01009],[-93.26311,45.01108],[-93.26311,45.01109],[-93.26311,45.01217],[-93.26311,45.01218],[-93.26312,45.01316],[-93.26312,45.01317],[-93.26313,45.01498],[-93.26313,45.015],[-93.26315,45.01587],[-93.26315,45.01589],[-93.26316,45.01679],[-93.26313,45.01679],[-93.26312,45.01679],[-93.26074,45.01679],[-93.26071,45.01679],[-93.2607,45.01679],[-93.26031,45.01679],[-93.25917,45.01679],[-93.25913,45.01679],[-93.25795,45.01679],[-93.25793,45.01679],[-93.25676,45.01678],[-93.2567,45.01678],[-93.25555,45.01679],[-93.25554,45.01679],[-93.25549,45.01679],[-93.25434,45.01678],[-93.25429,45.01678],[-93.25364,45.01678],[-93.25312,45.01678],[-93.25308,45.01678],[-93.25246,45.01679],[-93.25245,45.01679],[-93.25091,45.01679],[-93.24912,45.01678]]]},"properties":{"id":"crime-mpls-holland","layer":"crime_minneapolis","name":"Holland","county":"Hennepin","state":"MN","countyFips":"27053","attributes":{"neighborhood":"Holland","statYear":2025,"firstFullYear":2018,"lastFullYear":2025,"homicide":0,"rape":5,"robbery":14,"aggravatedAssault":20,"burglary":23,"larceny":107,"autoTheft":81,"arson":2,"violentTotal":39,"propertyTotal":213,"reportedTotal":252,"reportedTotalBand":"200–449","total2018":199,"total2019":208,"total2020":251,"total2021":251,"total2022":245,"total2023":277,"total2024":291,"total2025":252,"changeSinceFirstFullYear":53,"partialYearLabel":"2026 (January–July, incomplete)","partialYearTotal":143,"centroidLon":-93.25571,"centroidLat":45.01172},"confidence":"confirmed","sourceDate":"2025"}},{"type":"Feature","geometry":{"type":"Polygon","coordinates":[[[-93.20104,44.94155],[-93.20106,44.94101],[-93.20107,44.94082],[-93.20107,44.94066],[-93.20108,44.94064],[-93.20108,44.94053],[-93.20109,44.94003],[-93.20109,44.93982],[-93.20109,44.93973],[-93.20109,44.93961],[-93.20109,44.93948],[-93.20109,44.93919],[-93.20109,44.93917],[-93.2011,44.93882],[-93.20109,44.93835],[-93.20109,44.93807],[-93.20108,44.93797],[-93.20108,44.93791],[-93.20107,44.93755],[-93.20107,44.93741],[-93.20106,44.93724],[-93.20106,44.93715],[-93.20105,44.93686],[-93.20104,44.9367],[-93.20103,44.93652],[-93.20103,44.93642],[-93.20101,44.93595],[-93.20098,44.9355],[-93.20097,44.9354],[-93.20096,44.93524],[-93.20095,44.93509],[-93.20095,44.93504],[-93.20092,44.93468],[-93.20089,44.93435],[-93.20089,44.93433],[-93.20087,44.93413],[-93.20085,44.93397],[-93.20085,44.93389],[-93.20078,44.93322],[-93.20077,44.93311],[-93.20075,44.93296],[-93.20073,44.93278],[-93.20072,44.93267],[-93.2007,44.93256],[-93.2007,44.93253],[-93.20068,44.93232],[-93.20063,44.93198],[-93.20057,44.9315],[-93.20055,44.93141],[-93.20051,44.9311],[-93.20046,44.93076],[-93.20045,44.9307],[-93.20198,44.93071],[-93.20199,44.93071],[-93.20216,44.93071],[-93.20281,44.93071],[-93.20283,44.93071],[-93.20319,44.93072],[-93.20321,44.93072],[-93.2037,44.93072],[-93.20393,44.93071],[-93.20427,44.93063],[-93.20429,44.93063],[-93.20432,44.93062],[-93.20458,44.93051],[-93.20462,44.93049],[-93.2047,44.93045],[-93.20495,44.9307],[-93.20511,44.93077],[-93.20533,44.93083],[-93.20648,44.93085],[-93.20664,44.93082],[-93.20687,44.93073],[-93.20706,44.93069],[-93.20765,44.93068],[-93.20766,44.93068],[-93.20794,44.93068],[-93.20892,44.93067],[-93.2102,44.93065],[-93.21148,44.93065],[-93.21274,44.93063],[-93.21276,44.93063],[-93.21402,44.93063],[-93.21404,44.93063],[-93.21531,44.93061],[-93.21659,44.9306],[-93.21787,44.93059],[-93.21913,44.93057],[-93.2204,44.93056],[-93.22129,44.93056],[-93.22304,44.93054],[-93.22399,44.93053],[-93.224,44.93053],[-93.22402,44.93053],[-93.22496,44.93053],[-93.22504,44.93053],[-93.22606,44.93052],[-93.22607,44.93052],[-93.22618,44.93051],[-93.22619,44.93052],[-93.22619,44.93053],[-93.2262,44.93054],[-93.22721,44.93201],[-93.2274,44.93229],[-93.22741,44.9323],[-93.22793,44.93305],[-93.22828,44.93356],[-93.22831,44.9336],[-93.2286,44.93403],[-93.22863,44.93408],[-93.22864,44.9341],[-93.22865,44.93412],[-93.22865,44.93413],[-93.22869,44.93421],[-93.22871,44.93424],[-93.22885,44.93444],[-93.22936,44.93518],[-93.22951,44.93539],[-93.22956,44.93545],[-93.22987,44.9359],[-93.22989,44.93593],[-93.23021,44.93639],[-93.23086,44.93734],[-93.23112,44.93772],[-93.23113,44.93773],[-93.23168,44.93853],[-93.23178,44.93865],[-93.23181,44.9387],[-93.23206,44.93906],[-93.23215,44.93919],[-93.23231,44.93942],[-93.23234,44.9395],[-93.23234,44.93951],[-93.23235,44.93953],[-93.23236,44.93954],[-93.23237,44.93955],[-93.23241,44.93965],[-93.23313,44.94068],[-93.23343,44.94109],[-93.23344,44.94111],[-93.2336,44.94134],[-93.23361,44.94135],[-93.23347,44.94135],[-93.23246,44.94135],[-93.23242,44.94135],[-93.23229,44.94135],[-93.23182,44.94135],[-93.23089,44.94135],[-93.22914,44.94136],[-93.22913,44.94136],[-93.2284,44.94136],[-93.22786,44.94135],[-93.22706,44.94135],[-93.22704,44.94135],[-93.22643,44.94136],[-93.22641,44.94136],[-93.22615,44.94136],[-93.22569,44.94137],[-93.22568,44.94137],[-93.22535,44.94138],[-93.22432,44.94138],[-93.2243,44.94138],[-93.22327,44.94139],[-93.22313,44.94139],[-93.22295,44.94139],[-93.22274,44.94139],[-93.22168,44.9414],[-93.22167,44.9414],[-93.22048,44.94141],[-93.2204,44.94141],[-93.21913,44.94142],[-93.21858,44.94143],[-93.21786,44.94144],[-93.21784,44.94144],[-93.21659,44.94144],[-93.21531,44.94146],[-93.21403,44.94147],[-93.21274,44.94148],[-93.21273,44.94148],[-93.21145,44.94149],[-93.21013,44.9415],[-93.21012,44.9415],[-93.20883,44.94151],[-93.20882,44.94151],[-93.20762,44.94152],[-93.20638,44.94153],[-93.20634,44.94153],[-93.20512,44.94154],[-93.20436,44.94155],[-93.20435,44.94155],[-93.20433,44.94155],[-93.2039,44.94155],[-93.20389,44.94155],[-93.20328,44.94156],[-93.20326,44.94156],[-93.20261,44.94156],[-93.2021,44.94156],[-93.20189,44.94156],[-93.20149,44.94156],[-93.20134,44.94155],[-93.20127,44.94155],[-93.20118,44.94155],[-93.20104,44.94155]]]},"properties":{"id":"crime-mpls-howe","layer":"crime_minneapolis","name":"Howe","county":"Hennepin","state":"MN","countyFips":"27053","attributes":{"neighborhood":"Howe","statYear":2025,"firstFullYear":2018,"lastFullYear":2025,"homicide":0,"rape":3,"robbery":4,"aggravatedAssault":13,"burglary":66,"larceny":137,"autoTheft":61,"arson":0,"violentTotal":20,"propertyTotal":264,"reportedTotal":284,"reportedTotalBand":"200–449","total2018":204,"total2019":223,"total2020":277,"total2021":239,"total2022":354,"total2023":304,"total2024":321,"total2025":284,"changeSinceFirstFullYear":80,"partialYearLabel":"2026 (January–July, incomplete)","partialYearTotal":173,"centroidLon":-93.21549,"centroidLat":44.93625},"confidence":"confirmed","sourceDate":"2025"}},{"type":"Feature","geometry":{"type":"Polygon","coordinates":[[[-93.31939,45.04218],[-93.31939,45.04229],[-93.31943,45.04357],[-93.31944,45.04396],[-93.31944,45.04397],[-93.31943,45.04397],[-93.31942,45.04397],[-93.31941,45.04397],[-93.3194,45.04397],[-93.31937,45.04397],[-93.31812,45.04396],[-93.31758,45.04394],[-93.31687,45.04395],[-93.3156,45.04395],[-93.31432,45.04395],[-93.31305,45.04395],[-93.31268,45.04395],[-93.31216,45.04394],[-93.31176,45.04394],[-93.31053,45.04394],[-93.30923,45.04394],[-93.30796,45.04394],[-93.30669,45.04393],[-93.30547,45.04393],[-93.30423,45.04393],[-93.30296,45.04393],[-93.30254,45.04393],[-93.30171,45.04393],[-93.30036,45.04392],[-93.30034,45.04392],[-93.29921,45.04392],[-93.29917,45.0422],[-93.29917,45.04211],[-93.29917,45.0421],[-93.29914,45.04066],[-93.29913,45.04047],[-93.29913,45.04041],[-93.29913,45.04035],[-93.29913,45.04027],[-93.29911,45.03958],[-93.29909,45.03845],[-93.29909,45.03844],[-93.29908,45.03783],[-93.29907,45.0377],[-93.29907,45.03768],[-93.29919,45.0377],[-93.29928,45.03772],[-93.29938,45.03774],[-93.29948,45.03777],[-93.29957,45.03779],[-93.29968,45.03781],[-93.29977,45.03783],[-93.29989,45.03786],[-93.30002,45.03789],[-93.30011,45.03791],[-93.30021,45.03793],[-93.30033,45.03796],[-93.30035,45.03796],[-93.30037,45.03796],[-93.30044,45.03798],[-93.30053,45.038],[-93.30065,45.03803],[-93.30079,45.03806],[-93.30093,45.03809],[-93.30109,45.03812],[-93.30126,45.03816],[-93.3014,45.03819],[-93.30152,45.03822],[-93.30162,45.03824],[-93.30166,45.03825],[-93.30177,45.03827],[-93.30191,45.0383],[-93.30202,45.03833],[-93.30215,45.03836],[-93.30233,45.0384],[-93.3025,45.03844],[-93.30269,45.03848],[-93.30284,45.03851],[-93.30414,45.0388],[-93.30442,45.03886],[-93.3054,45.03908],[-93.30541,45.03908],[-93.30577,45.03916],[-93.30667,45.03936],[-93.30668,45.03936],[-93.30688,45.03941],[-93.30752,45.03955],[-93.30792,45.03964],[-93.30793,45.03964],[-93.30918,45.03992],[-93.30919,45.03992],[-93.3092,45.03992],[-93.30939,45.03997],[-93.30977,45.04005],[-93.31046,45.0402],[-93.31049,45.04021],[-93.31133,45.0404],[-93.31173,45.04048],[-93.31174,45.04049],[-93.31197,45.04054],[-93.31211,45.04057],[-93.3141,45.04101],[-93.31423,45.04104],[-93.31625,45.04148],[-93.31758,45.04178],[-93.31779,45.04183],[-93.31783,45.04184],[-93.31798,45.04187],[-93.31933,45.04217],[-93.31936,45.04217],[-93.31937,45.04217],[-93.31938,45.04218],[-93.31939,45.04218]]]},"properties":{"id":"crime-mpls-humboldt-industrial-area","layer":"crime_minneapolis","name":"Humboldt Industrial Area","county":"Hennepin","state":"MN","countyFips":"27053","attributes":{"neighborhood":"Humboldt Industrial Area","statYear":2025,"firstFullYear":2018,"lastFullYear":2025,"homicide":0,"rape":0,"robbery":0,"aggravatedAssault":1,"burglary":0,"larceny":1,"autoTheft":0,"arson":0,"violentTotal":1,"propertyTotal":1,"reportedTotal":2,"reportedTotalBand":"0–39","total2018":3,"total2019":8,"total2020":3,"total2021":3,"total2022":6,"total2023":4,"total2024":1,"total2025":2,"changeSinceFirstFullYear":-1,"partialYearLabel":"2026 (January–July, incomplete)","partialYearTotal":2,"centroidLon":-93.3074,"centroidLat":45.04172},"confidence":"confirmed","sourceDate":"2025"}},{"type":"Feature","geometry":{"type":"Polygon","coordinates":[[[-93.31784,45.01326],[-93.31744,45.01324],[-93.31735,45.01324],[-93.31732,45.01324],[-93.31726,45.01324],[-93.31646,45.01325],[-93.31631,45.01325],[-93.31609,45.01325],[-93.31589,45.01325],[-93.31587,45.01325],[-93.31461,45.01325],[-93.31459,45.01325],[-93.31335,45.01325],[-93.31334,45.01325],[-93.31228,45.01325],[-93.31205,45.01325],[-93.31079,45.01324],[-93.31078,45.01324],[-93.30951,45.01325],[-93.30891,45.01324],[-93.30878,45.01324],[-93.30824,45.01324],[-93.30823,45.01324],[-93.30759,45.01324],[-93.30746,45.01323],[-93.30697,45.01323],[-93.30642,45.01323],[-93.30572,45.01323],[-93.30569,45.01323],[-93.30444,45.01322],[-93.30443,45.01322],[-93.3038,45.01321],[-93.3035,45.01321],[-93.30318,45.01321],[-93.30224,45.01321],[-93.30191,45.0132],[-93.30174,45.0132],[-93.30109,45.01319],[-93.3007,45.01319],[-93.30064,45.01318],[-93.30027,45.01318],[-93.29964,45.01318],[-93.29936,45.01318],[-93.2981,45.01317],[-93.2969,45.01316],[-93.29684,45.01316],[-93.29624,45.01316],[-93.29557,45.01315],[-93.29433,45.01314],[-93.29432,45.01135],[-93.29432,45.01134],[-93.29432,45.01132],[-93.29432,45.00956],[-93.29432,45.00955],[-93.29431,45.00775],[-93.29432,45.00652],[-93.29431,45.00651],[-93.29428,45.00627],[-93.29418,45.00598],[-93.29418,45.00597],[-93.29418,45.00596],[-93.29417,45.00595],[-93.2941,45.00578],[-93.29409,45.00577],[-93.2941,45.00483],[-93.2941,45.00482],[-93.2941,45.00473],[-93.29409,45.00373],[-93.29409,45.00372],[-93.29408,45.00261],[-93.29408,45.0026],[-93.29409,45.00243],[-93.29409,45.00232],[-93.29413,45.00152],[-93.29413,45.00151],[-93.29411,45.00027],[-93.29411,45.00025],[-93.2941,44.99992],[-93.29409,44.99916],[-93.29409,44.99915],[-93.29409,44.99914],[-93.29418,44.99914],[-93.29425,44.99914],[-93.29427,44.99914],[-93.29563,44.99917],[-93.29641,44.99917],[-93.29715,44.99916],[-93.29717,44.99916],[-93.29775,44.99917],[-93.29856,44.99941],[-93.29895,44.99951],[-93.29899,44.99952],[-93.29899,44.99953],[-93.299,44.99953],[-93.29949,44.99963],[-93.29954,44.99964],[-93.30006,44.99966],[-93.30011,44.99965],[-93.30028,44.99962],[-93.30049,44.99957],[-93.30063,44.99955],[-93.30065,44.99955],[-93.301,44.9995],[-93.30138,44.99949],[-93.30143,44.99949],[-93.30155,44.99949],[-93.30187,44.9995],[-93.30237,44.99958],[-93.30244,44.9996],[-93.30245,44.9996],[-93.30252,44.99961],[-93.30259,44.99962],[-93.30267,44.99964],[-93.30276,44.99966],[-93.30284,44.99968],[-93.3029,44.9997],[-93.30316,44.99978],[-93.30338,44.99983],[-93.30373,44.99991],[-93.30431,45.00011],[-93.30438,45.00013],[-93.30439,45.00014],[-93.3044,45.00014],[-93.30444,45.00016],[-93.3045,45.00019],[-93.30465,45.00027],[-93.30472,45.00031],[-93.30475,45.00032],[-93.30481,45.00036],[-93.30497,45.00044],[-93.30498,45.00045],[-93.30509,45.00057],[-93.30535,45.00084],[-93.30553,45.0011],[-93.30556,45.00116],[-93.30559,45.00121],[-93.30561,45.00126],[-93.30564,45.00132],[-93.30566,45.00136],[-93.30566,45.00137],[-93.30567,45.00142],[-93.30569,45.00147],[-93.30571,45.00152],[-93.30572,45.00157],[-93.30574,45.00162],[-93.30574,45.00163],[-93.30576,45.00168],[-93.30579,45.00178],[-93.3058,45.0018],[-93.30582,45.00208],[-93.30583,45.00223],[-93.30584,45.00224],[-93.30593,45.00234],[-93.30596,45.00239],[-93.30602,45.00247],[-93.30613,45.00254],[-93.30623,45.00261],[-93.30623,45.00262],[-93.30818,45.00385],[-93.3082,45.00387],[-93.30821,45.00387],[-93.30841,45.004],[-93.30876,45.00422],[-93.30877,45.00423],[-93.3095,45.0047],[-93.30951,45.0047],[-93.31156,45.00602],[-93.31157,45.00603],[-93.31204,45.00632],[-93.31211,45.00638],[-93.31242,45.00666],[-93.3125,45.00673],[-93.31253,45.00676],[-93.31262,45.00684],[-93.313,45.00731],[-93.3131,45.00742],[-93.31316,45.00751],[-93.31335,45.00777],[-93.3134,45.00783],[-93.31417,45.00867],[-93.31459,45.00912],[-93.31459,45.00913],[-93.31504,45.00963],[-93.31504,45.00964],[-93.31505,45.00965],[-93.31512,45.00972],[-93.31586,45.01046],[-93.31589,45.0105],[-93.31611,45.01074],[-93.31616,45.01078],[-93.31617,45.01079],[-93.31618,45.0108],[-93.31664,45.01122],[-93.31666,45.01123],[-93.31687,45.01145],[-93.31755,45.01211],[-93.31814,45.01275],[-93.31841,45.0131],[-93.31842,45.01311],[-93.31842,45.01312],[-93.31843,45.01313],[-93.31844,45.01313],[-93.31844,45.01314],[-93.31844,45.01316],[-93.31844,45.01333],[-93.31843,45.01333],[-93.31841,45.01333],[-93.31838,45.01333],[-93.31833,45.01332],[-93.31824,45.0133],[-93.31816,45.01329],[-93.31794,45.01327],[-93.31785,45.01326],[-93.31784,45.01326]]]},"properties":{"id":"crime-mpls-jordan","layer":"crime_minneapolis","name":"Jordan","county":"Hennepin","state":"MN","countyFips":"27053","attributes":{"neighborhood":"Jordan","statYear":2025,"firstFullYear":2018,"lastFullYear":2025,"homicide":2,"rape":10,"robbery":44,"aggravatedAssault":148,"burglary":70,"larceny":168,"autoTheft":124,"arson":5,"violentTotal":204,"propertyTotal":367,"reportedTotal":571,"reportedTotalBand":"450+","total2018":566,"total2019":483,"total2020":552,"total2021":521,"total2022":602,"total2023":614,"total2024":598,"total2025":571,"changeSinceFirstFullYear":5,"partialYearLabel":"2026 (January–July, incomplete)","partialYearTotal":348,"centroidLon":-93.30334,"centroidLat":45.00735},"confidence":"confirmed","sourceDate":"2025"}},{"type":"Feature","geometry":{"type":"Polygon","coordinates":[[[-93.22287,44.90537],[-93.22288,44.90537],[-93.22432,44.90537],[-93.22439,44.90537],[-93.22516,44.90537],[-93.22577,44.90537],[-93.2272,44.90537],[-93.22771,44.90536],[-93.22847,44.90536],[-93.22848,44.90536],[-93.22975,44.90535],[-93.23104,44.90535],[-93.23118,44.90534],[-93.23232,44.90534],[-93.23264,44.90534],[-93.23358,44.90533],[-93.23478,44.90532],[-93.23486,44.90532],[-93.23611,44.9053],[-93.23615,44.9053],[-93.23735,44.90528],[-93.2374,44.90528],[-93.23741,44.90528],[-93.23789,44.9053],[-93.23848,44.90557],[-93.2385,44.90558],[-93.23922,44.90591],[-93.2393,44.90595],[-93.24017,44.90595],[-93.24729,44.90596],[-93.24736,44.90596],[-93.24735,44.90658],[-93.24735,44.90665],[-93.24732,44.90886],[-93.24732,44.90887],[-93.24732,44.90888],[-93.24732,44.91061],[-93.24732,44.91065],[-93.24732,44.91066],[-93.24732,44.91067],[-93.24728,44.91246],[-93.24728,44.91247],[-93.24729,44.91373],[-93.24729,44.91385],[-93.2473,44.91403],[-93.2473,44.91426],[-93.2473,44.91428],[-93.2473,44.91456],[-93.2473,44.91489],[-93.2473,44.91502],[-93.2473,44.91511],[-93.2473,44.91512],[-93.2473,44.9156],[-93.2473,44.91565],[-93.2473,44.91567],[-93.2473,44.91587],[-93.2473,44.91598],[-93.2473,44.91608],[-93.24729,44.91608],[-93.24728,44.91608],[-93.24727,44.91608],[-93.24726,44.91608],[-93.24692,44.91608],[-93.24613,44.91608],[-93.24606,44.91608],[-93.24605,44.91608],[-93.24603,44.91608],[-93.24564,44.91608],[-93.24543,44.91608],[-93.244,44.91609],[-93.24374,44.9161],[-93.24338,44.91611],[-93.24224,44.91615],[-93.24221,44.91615],[-93.24212,44.91615],[-93.24069,44.91619],[-93.24014,44.91619],[-93.23342,44.91621],[-93.23219,44.91621],[-93.23212,44.91621],[-93.23092,44.91621],[-93.22965,44.91622],[-93.22836,44.91622],[-93.22835,44.91622],[-93.2271,44.91622],[-93.22568,44.91622],[-93.22462,44.91622],[-93.22422,44.91622],[-93.22284,44.91622],[-93.22283,44.91622],[-93.22282,44.91622],[-93.2228,44.91604],[-93.2228,44.916],[-93.22282,44.91441],[-93.22282,44.9144],[-93.22284,44.91264],[-93.22284,44.91263],[-93.22284,44.91262],[-93.22284,44.91261],[-93.22285,44.91171],[-93.22285,44.9117],[-93.22285,44.91158],[-93.22285,44.91081],[-93.22285,44.9108],[-93.22286,44.90991],[-93.22286,44.9099],[-93.22286,44.90934],[-93.22286,44.909],[-93.22286,44.90899],[-93.22286,44.9089],[-93.22287,44.90846],[-93.22287,44.90719],[-93.22287,44.90718],[-93.22287,44.90717],[-93.22288,44.90628],[-93.22288,44.90627],[-93.22287,44.90539],[-93.22287,44.90538],[-93.22287,44.90537]]]},"properties":{"id":"crime-mpls-keewaydin","layer":"crime_minneapolis","name":"Keewaydin","county":"Hennepin","state":"MN","countyFips":"27053","attributes":{"neighborhood":"Keewaydin","statYear":2025,"firstFullYear":2018,"lastFullYear":2025,"homicide":0,"rape":1,"robbery":5,"aggravatedAssault":8,"burglary":24,"larceny":63,"autoTheft":23,"arson":0,"violentTotal":14,"propertyTotal":110,"reportedTotal":124,"reportedTotalBand":"100–199","total2018":76,"total2019":80,"total2020":114,"total2021":123,"total2022":139,"total2023":100,"total2024":114,"total2025":124,"changeSinceFirstFullYear":48,"partialYearLabel":"2026 (January–July, incomplete)","partialYearTotal":81,"centroidLon":-93.2349,"centroidLat":44.91087},"confidence":"confirmed","sourceDate":"2025"}},{"type":"Feature","geometry":{"type":"Polygon","coordinates":[[[-93.3023,44.90512],[-93.30102,44.90511],[-93.29975,44.90511],[-93.29973,44.90511],[-93.29847,44.9051],[-93.29782,44.90511],[-93.2972,44.90511],[-93.29605,44.9051],[-93.29592,44.9051],[-93.29465,44.9051],[-93.29464,44.9051],[-93.29452,44.9051],[-93.29339,44.9051],[-93.29312,44.9051],[-93.2921,44.90509],[-93.29083,44.90509],[-93.28955,44.90509],[-93.2883,44.90508],[-93.2883,44.90489],[-93.28832,44.90329],[-93.28832,44.90328],[-93.28831,44.90255],[-93.28831,44.90221],[-93.2883,44.90146],[-93.2883,44.90145],[-93.28832,44.90136],[-93.28832,44.90135],[-93.28838,44.90096],[-93.28847,44.9006],[-93.28851,44.90048],[-93.28877,44.89974],[-93.2888,44.89965],[-93.28892,44.89936],[-93.28927,44.89855],[-93.28942,44.89819],[-93.28953,44.898],[-93.2896,44.89787],[-93.28961,44.89784],[-93.28962,44.89784],[-93.28981,44.89747],[-93.28991,44.89725],[-93.28992,44.89721],[-93.28998,44.89709],[-93.2902,44.89671],[-93.29026,44.8966],[-93.29036,44.89643],[-93.29037,44.89641],[-93.29055,44.89613],[-93.29056,44.89612],[-93.29057,44.8961],[-93.29058,44.89608],[-93.2906,44.89606],[-93.29067,44.89595],[-93.29072,44.89589],[-93.29085,44.89574],[-93.29095,44.89562],[-93.29096,44.89561],[-93.291,44.89556],[-93.29119,44.89533],[-93.29153,44.895],[-93.29319,44.89351],[-93.29327,44.89344],[-93.29417,44.89264],[-93.29417,44.89263],[-93.29431,44.89249],[-93.29447,44.89233],[-93.29453,44.89227],[-93.29462,44.89216],[-93.29469,44.89208],[-93.29473,44.89204],[-93.29481,44.89193],[-93.29498,44.8917],[-93.29504,44.89162],[-93.29506,44.8916],[-93.29508,44.89156],[-93.29515,44.89147],[-93.29516,44.89145],[-93.29532,44.89122],[-93.29533,44.8912],[-93.29541,44.89107],[-93.29555,44.89082],[-93.29562,44.89069],[-93.29563,44.89068],[-93.29563,44.89067],[-93.29564,44.89065],[-93.29564,44.89064],[-93.29565,44.89064],[-93.29569,44.89064],[-93.29572,44.89064],[-93.29599,44.89065],[-93.29699,44.89065],[-93.2985,44.89066],[-93.30015,44.89068],[-93.30165,44.89069],[-93.30175,44.89069],[-93.302,44.89069],[-93.30243,44.89069],[-93.30358,44.8907],[-93.30483,44.89071],[-93.30481,44.89094],[-93.3048,44.89095],[-93.30473,44.89115],[-93.30458,44.89135],[-93.30443,44.89151],[-93.30438,44.89155],[-93.30432,44.89161],[-93.30427,44.89167],[-93.30426,44.89167],[-93.30416,44.8918],[-93.30414,44.89183],[-93.30411,44.89187],[-93.3041,44.89188],[-93.30402,44.89199],[-93.30391,44.89212],[-93.30374,44.89244],[-93.30371,44.89257],[-93.30365,44.89276],[-93.30362,44.89296],[-93.30362,44.89388],[-93.30362,44.8943],[-93.3036,44.8943],[-93.3036,44.8952],[-93.30358,44.8952],[-93.30359,44.89611],[-93.30345,44.8961],[-93.30346,44.8974],[-93.30346,44.89774],[-93.30351,44.89789],[-93.30352,44.89789],[-93.30352,44.8979],[-93.30357,44.89802],[-93.30357,44.89932],[-93.30357,44.89972],[-93.30357,44.89973],[-93.30355,44.90151],[-93.30355,44.90152],[-93.30356,44.90298],[-93.30357,44.9033],[-93.30357,44.90331],[-93.30357,44.90332],[-93.30357,44.90335],[-93.30356,44.90512],[-93.30355,44.90512],[-93.3023,44.90512]]]},"properties":{"id":"crime-mpls-kenny","layer":"crime_minneapolis","name":"Kenny","county":"Hennepin","state":"MN","countyFips":"27053","attributes":{"neighborhood":"Kenny","statYear":2025,"firstFullYear":2018,"lastFullYear":2025,"homicide":0,"rape":1,"robbery":0,"aggravatedAssault":1,"burglary":5,"larceny":26,"autoTheft":8,"arson":0,"violentTotal":2,"propertyTotal":39,"reportedTotal":41,"reportedTotalBand":"40–99","total2018":51,"total2019":62,"total2020":66,"total2021":45,"total2022":44,"total2023":55,"total2024":63,"total2025":41,"changeSinceFirstFullYear":-10,"partialYearLabel":"2026 (January–July, incomplete)","partialYearTotal":25,"centroidLon":-93.29687,"centroidLat":44.89855},"confidence":"confirmed","sourceDate":"2025"}},{"type":"Feature","geometry":{"type":"Polygon","coordinates":[[[-93.30458,44.96643],[-93.30458,44.96642],[-93.30456,44.96642],[-93.30388,44.96642],[-93.30375,44.96642],[-93.30326,44.96642],[-93.30325,44.96642],[-93.30325,44.9656],[-93.30325,44.96544],[-93.30325,44.96445],[-93.30324,44.96388],[-93.30324,44.96325],[-93.30324,44.96324],[-93.30335,44.96321],[-93.30342,44.96319],[-93.30347,44.96317],[-93.30354,44.96315],[-93.3036,44.96312],[-93.30367,44.96307],[-93.30373,44.96302],[-93.30377,44.96298],[-93.30379,44.96295],[-93.30383,44.9629],[-93.30387,44.96284],[-93.30389,44.9628],[-93.3039,44.96274],[-93.30391,44.9627],[-93.30391,44.96265],[-93.30391,44.96258],[-93.30391,44.96257],[-93.30389,44.96252],[-93.30388,44.96247],[-93.30332,44.96093],[-93.30329,44.96087],[-93.30327,44.96082],[-93.30324,44.96076],[-93.30322,44.9607],[-93.3032,44.96063],[-93.30319,44.96058],[-93.30318,44.96053],[-93.30317,44.96048],[-93.30317,44.96044],[-93.30317,44.96039],[-93.30317,44.96034],[-93.30317,44.96028],[-93.30318,44.96023],[-93.30319,44.96019],[-93.3032,44.96014],[-93.30321,44.96009],[-93.30323,44.96005],[-93.30324,44.96001],[-93.30326,44.95996],[-93.30328,44.95992],[-93.3033,44.95987],[-93.30333,44.95983],[-93.30416,44.95792],[-93.3043,44.9576],[-93.30433,44.95755],[-93.30435,44.95749],[-93.30438,44.95743],[-93.3044,44.95739],[-93.30443,44.95732],[-93.30446,44.95726],[-93.30448,44.9572],[-93.30451,44.95715],[-93.30453,44.95709],[-93.30456,44.95703],[-93.30458,44.95697],[-93.3046,44.95691],[-93.30462,44.95686],[-93.30464,44.9568],[-93.30466,44.95674],[-93.30467,44.95668],[-93.30469,44.95663],[-93.30471,44.95656],[-93.30473,44.95651],[-93.30474,44.95645],[-93.30476,44.95639],[-93.30478,44.95633],[-93.30479,44.95626],[-93.30481,44.95621],[-93.30482,44.95615],[-93.30483,44.95609],[-93.30484,44.95603],[-93.30486,44.95597],[-93.30487,44.95591],[-93.30488,44.95585],[-93.30489,44.95579],[-93.3049,44.95573],[-93.30491,44.95567],[-93.30491,44.95562],[-93.30492,44.95556],[-93.30493,44.9555],[-93.30493,44.95544],[-93.30494,44.95538],[-93.30494,44.95532],[-93.30495,44.95526],[-93.30495,44.9552],[-93.30495,44.95514],[-93.30495,44.95507],[-93.30496,44.95502],[-93.30496,44.95496],[-93.30496,44.95492],[-93.30496,44.9549],[-93.30496,44.95484],[-93.30496,44.95478],[-93.30495,44.95472],[-93.30495,44.95466],[-93.3061,44.95466],[-93.30693,44.95466],[-93.31183,44.95468],[-93.31195,44.95467],[-93.31196,44.95467],[-93.31201,44.95466],[-93.31203,44.95466],[-93.31206,44.95466],[-93.3121,44.95465],[-93.31218,44.95465],[-93.31224,44.95465],[-93.31231,44.95465],[-93.31235,44.95466],[-93.31249,44.95467],[-93.31282,44.95471],[-93.31295,44.95472],[-93.31331,44.95476],[-93.3135,44.95478],[-93.31382,44.95481],[-93.31431,44.95486],[-93.31469,44.95494],[-93.31493,44.95499],[-93.3153,44.95509],[-93.31552,44.95514],[-93.31583,44.95521],[-93.31621,44.95533],[-93.31629,44.95535],[-93.31639,44.95539],[-93.31661,44.95549],[-93.31663,44.9555],[-93.31669,44.95553],[-93.3167,44.95553],[-93.31672,44.95555],[-93.31667,44.95559],[-93.31664,44.95561],[-93.31664,44.95562],[-93.31663,44.95563],[-93.31661,44.95564],[-93.31648,44.95575],[-93.31643,44.95579],[-93.31639,44.95583],[-93.31637,44.95585],[-93.31633,44.95588],[-93.31626,44.95595],[-93.31619,44.95601],[-93.31615,44.95606],[-93.31605,44.95616],[-93.31586,44.95639],[-93.31575,44.95654],[-93.31565,44.95669],[-93.31555,44.95686],[-93.31553,44.95689],[-93.31545,44.95705],[-93.31536,44.95725],[-93.31532,44.95737],[-93.31529,44.95745],[-93.31523,44.95766],[-93.31519,44.95787],[-93.31518,44.95794],[-93.31518,44.95795],[-93.31516,44.9581],[-93.31515,44.95816],[-93.31514,44.95824],[-93.31512,44.95838],[-93.31509,44.95853],[-93.31508,44.95864],[-93.31507,44.95872],[-93.31506,44.95881],[-93.31504,44.95894],[-93.31502,44.95909],[-93.315,44.95919],[-93.31513,44.95918],[-93.31756,44.95922],[-93.32096,44.95926],[-93.32094,44.96092],[-93.32086,44.96566],[-93.32087,44.96614],[-93.32055,44.96616],[-93.31986,44.96619],[-93.3198,44.96619],[-93.31936,44.96621],[-93.31916,44.96622],[-93.31898,44.96624],[-93.31897,44.96624],[-93.31889,44.96624],[-93.31847,44.96628],[-93.31817,44.96631],[-93.31786,44.96635],[-93.31779,44.96636],[-93.3176,44.96638],[-93.31749,44.9664],[-93.31727,44.96643],[-93.31726,44.96644],[-93.3172,44.96645],[-93.3169,44.9665],[-93.31652,44.96657],[-93.31618,44.96664],[-93.3161,44.96666],[-93.31585,44.96672],[-93.31583,44.96672],[-93.31579,44.96673],[-93.31576,44.96674],[-93.3157,44.96675],[-93.31551,44.9668],[-93.31529,44.96685],[-93.30914,44.96834],[-93.30898,44.96838],[-93.30602,44.96912],[-93.30522,44.96933],[-93.30455,44.96949],[-93.30455,44.96947],[-93.30455,44.96916],[-93.30454,44.9681],[-93.30454,44.96798],[-93.30455,44.96776],[-93.30458,44.96643]]]},"properties":{"id":"crime-mpls-kenwood","layer":"crime_minneapolis","name":"Kenwood","county":"Hennepin","state":"MN","countyFips":"27053","attributes":{"neighborhood":"Kenwood","statYear":2025,"firstFullYear":2018,"lastFullYear":2025,"homicide":1,"rape":1,"robbery":2,"aggravatedAssault":2,"burglary":2,"larceny":21,"autoTheft":5,"arson":0,"violentTotal":6,"propertyTotal":28,"reportedTotal":34,"reportedTotalBand":"0–39","total2018":30,"total2019":35,"total2020":50,"total2021":55,"total2022":69,"total2023":78,"total2024":91,"total2025":34,"changeSinceFirstFullYear":4,"partialYearLabel":"2026 (January–July, incomplete)","partialYearTotal":14,"centroidLon":-93.31123,"centroidLat":44.96176},"confidence":"confirmed","sourceDate":"2025"}},{"type":"Feature","geometry":{"type":"Polygon","coordinates":[[[-93.27468,44.93775],[-93.27468,44.93766],[-93.27467,44.93569],[-93.27466,44.93428],[-93.27466,44.93416],[-93.27466,44.93414],[-93.27466,44.93413],[-93.27466,44.93412],[-93.27465,44.93406],[-93.27466,44.93224],[-93.27467,44.93043],[-93.27468,44.92832],[-93.27468,44.92797],[-93.27468,44.92693],[-93.27468,44.9269],[-93.27468,44.92689],[-93.27468,44.9268],[-93.27469,44.92519],[-93.2747,44.92342],[-93.2747,44.92328],[-93.2747,44.92265],[-93.27471,44.92164],[-93.27472,44.91995],[-93.27471,44.91968],[-93.27471,44.91966],[-93.27473,44.91966],[-93.27475,44.91966],[-93.27486,44.91966],[-93.27487,44.91966],[-93.27534,44.91966],[-93.27536,44.91965],[-93.27539,44.91965],[-93.27615,44.91965],[-93.27667,44.91965],[-93.27759,44.91964],[-93.27792,44.91964],[-93.27795,44.91963],[-93.27925,44.91962],[-93.28054,44.91962],[-93.28185,44.91961],[-93.28314,44.9196],[-93.28443,44.91959],[-93.28571,44.91958],[-93.28702,44.91958],[-93.28832,44.91956],[-93.28833,44.91956],[-93.28833,44.91957],[-93.28833,44.91958],[-93.28832,44.92092],[-93.28831,44.92138],[-93.28831,44.92139],[-93.28831,44.92194],[-93.28831,44.92277],[-93.28831,44.92318],[-93.28831,44.92319],[-93.2883,44.92468],[-93.2883,44.92498],[-93.2883,44.925],[-93.2883,44.92503],[-93.28828,44.92681],[-93.28828,44.92682],[-93.28828,44.92687],[-93.28827,44.92862],[-93.28827,44.92863],[-93.28826,44.93043],[-93.28826,44.93044],[-93.28826,44.93045],[-93.28825,44.93226],[-93.28825,44.93227],[-93.28824,44.93408],[-93.28823,44.93408],[-93.28824,44.93421],[-93.28824,44.93423],[-93.28825,44.93589],[-93.28825,44.93591],[-93.28821,44.93771],[-93.28691,44.93771],[-93.28647,44.9377],[-93.28629,44.9377],[-93.28562,44.9377],[-93.28561,44.9377],[-93.28433,44.93772],[-93.28357,44.93772],[-93.28306,44.93772],[-93.28243,44.93772],[-93.28227,44.93772],[-93.2814,44.93773],[-93.28118,44.93773],[-93.27976,44.93772],[-93.27849,44.93773],[-93.27825,44.93773],[-93.27793,44.93773],[-93.27664,44.93774],[-93.27616,44.93774],[-93.27579,44.93774],[-93.27531,44.93775],[-93.27482,44.93776],[-93.2747,44.93775],[-93.27468,44.93775]]]},"properties":{"id":"crime-mpls-king-field","layer":"crime_minneapolis","name":"King Field","county":"Hennepin","state":"MN","countyFips":"27053","attributes":{"neighborhood":"King Field","statYear":2025,"firstFullYear":2018,"lastFullYear":2025,"homicide":0,"rape":3,"robbery":10,"aggravatedAssault":17,"burglary":52,"larceny":113,"autoTheft":71,"arson":0,"violentTotal":30,"propertyTotal":236,"reportedTotal":266,"reportedTotalBand":"200–449","total2018":221,"total2019":236,"total2020":325,"total2021":283,"total2022":313,"total2023":443,"total2024":425,"total2025":266,"changeSinceFirstFullYear":45,"partialYearLabel":"2026 (January–July, incomplete)","partialYearTotal":173,"centroidLon":-93.28148,"centroidLat":44.92866},"confidence":"confirmed","sourceDate":"2025"}},{"type":"Feature","geometry":{"type":"Polygon","coordinates":[[[-93.28093,45.04208],[-93.28101,45.04208],[-93.28115,45.04208],[-93.28118,45.04208],[-93.28149,45.04208],[-93.28172,45.04208],[-93.28221,45.04208],[-93.2823,45.04208],[-93.28232,45.04208],[-93.28236,45.04208],[-93.28474,45.04209],[-93.28488,45.04209],[-93.28651,45.04209],[-93.28653,45.04204],[-93.28673,45.04156],[-93.28709,45.04047],[-93.28713,45.04035],[-93.28713,45.04034],[-93.28713,45.04033],[-93.28718,45.04012],[-93.28718,45.04009],[-93.28748,45.03856],[-93.28749,45.03853],[-93.28782,45.0369],[-93.28785,45.03674],[-93.28809,45.03561],[-93.2881,45.03546],[-93.28811,45.03521],[-93.28811,45.03517],[-93.28811,45.03516],[-93.28808,45.03274],[-93.28808,45.03272],[-93.28808,45.03269],[-93.28809,45.0327],[-93.28811,45.03271],[-93.28811,45.03272],[-93.28812,45.03272],[-93.28815,45.03275],[-93.2882,45.0328],[-93.28826,45.03285],[-93.2883,45.03289],[-93.28834,45.03292],[-93.28859,45.03314],[-93.28863,45.03318],[-93.28867,45.03321],[-93.28871,45.03325],[-93.28877,45.0333],[-93.28882,45.03334],[-93.28889,45.0334],[-93.28894,45.03345],[-93.28901,45.03351],[-93.28907,45.03356],[-93.2891,45.03359],[-93.28919,45.03366],[-93.28924,45.03371],[-93.2893,45.03376],[-93.28937,45.03383],[-93.28943,45.03388],[-93.28948,45.03393],[-93.28954,45.03398],[-93.2896,45.03403],[-93.28966,45.03408],[-93.28972,45.03413],[-93.28977,45.03418],[-93.28983,45.03423],[-93.28993,45.03431],[-93.28995,45.03433],[-93.29005,45.03442],[-93.29016,45.03451],[-93.29027,45.03459],[-93.29045,45.03472],[-93.29053,45.03478],[-93.29062,45.03484],[-93.2907,45.03489],[-93.29081,45.03495],[-93.2909,45.03501],[-93.29101,45.03507],[-93.29112,45.03514],[-93.29123,45.0352],[-93.29134,45.03525],[-93.29143,45.0353],[-93.29162,45.03539],[-93.29187,45.03551],[-93.2919,45.03553],[-93.29208,45.03561],[-93.29231,45.03571],[-93.29282,45.03594],[-93.29288,45.03597],[-93.29308,45.03605],[-93.29331,45.03616],[-93.29377,45.03635],[-93.29385,45.03638],[-93.29394,45.03641],[-93.29408,45.03646],[-93.29409,45.03646],[-93.29423,45.03651],[-93.29435,45.03656],[-93.2946,45.03664],[-93.29479,45.03669],[-93.29493,45.03673],[-93.29498,45.03674],[-93.29519,45.0368],[-93.29551,45.03688],[-93.29637,45.03708],[-93.2965,45.03711],[-93.29666,45.03714],[-93.2969,45.0372],[-93.29731,45.03729],[-93.29762,45.03735],[-93.29806,45.03745],[-93.29841,45.03753],[-93.29876,45.03761],[-93.29906,45.03767],[-93.29907,45.03768],[-93.29907,45.0377],[-93.29908,45.03783],[-93.29909,45.03844],[-93.29909,45.03845],[-93.29911,45.03958],[-93.29913,45.04027],[-93.29913,45.04035],[-93.29913,45.04041],[-93.29913,45.04047],[-93.29914,45.04066],[-93.29917,45.0421],[-93.29917,45.04211],[-93.29917,45.0422],[-93.29921,45.04392],[-93.29921,45.04393],[-93.29921,45.04415],[-93.2992,45.04573],[-93.2992,45.04574],[-93.2992,45.04659],[-93.2992,45.04702],[-93.2992,45.04706],[-93.2992,45.04753],[-93.2992,45.04754],[-93.29919,45.04789],[-93.29919,45.04819],[-93.29918,45.04934],[-93.29918,45.04935],[-93.29918,45.05114],[-93.2979,45.05114],[-93.29698,45.05114],[-93.29663,45.05113],[-93.29661,45.05113],[-93.29535,45.05113],[-93.29533,45.05113],[-93.29529,45.05113],[-93.29421,45.05113],[-93.29408,45.05113],[-93.29406,45.05113],[-93.29305,45.05113],[-93.29281,45.05113],[-93.29276,45.05113],[-93.29263,45.05113],[-93.29152,45.05113],[-93.29149,45.05113],[-93.29025,45.05113],[-93.2902,45.05113],[-93.2899,45.05113],[-93.28897,45.05113],[-93.28896,45.05113],[-93.28834,45.05113],[-93.28828,45.05113],[-93.28768,45.05113],[-93.28767,45.05113],[-93.28703,45.05113],[-93.28698,45.05113],[-93.2864,45.05113],[-93.28609,45.05113],[-93.28586,45.05113],[-93.28576,45.05113],[-93.28554,45.05113],[-93.2852,45.05113],[-93.28512,45.05113],[-93.2851,45.05113],[-93.28485,45.05113],[-93.28445,45.05112],[-93.28409,45.05112],[-93.28354,45.05112],[-93.28353,45.05112],[-93.28336,45.05112],[-93.28301,45.05112],[-93.28299,45.05112],[-93.28292,45.05112],[-93.28268,45.05113],[-93.28177,45.05114],[-93.2815,45.05114],[-93.2815,45.05112],[-93.28149,45.05112],[-93.28149,45.05111],[-93.28135,45.05029],[-93.28133,45.05015],[-93.28122,45.0494],[-93.2812,45.04927],[-93.28119,45.04917],[-93.28109,45.04839],[-93.28107,45.04806],[-93.28101,45.04744],[-93.28098,45.04705],[-93.28094,45.04678],[-93.28092,45.04664],[-93.28086,45.04624],[-93.28085,45.0462],[-93.28077,45.04581],[-93.28071,45.04553],[-93.28069,45.04541],[-93.28067,45.0453],[-93.28065,45.04511],[-93.28064,45.04502],[-93.28063,45.04478],[-93.28063,45.04455],[-93.28062,45.04455],[-93.28063,45.04437],[-93.28064,45.04427],[-93.28066,45.04404],[-93.28067,45.04396],[-93.28067,45.04394],[-93.2807,45.04376],[-93.2807,45.04364],[-93.28072,45.04334],[-93.28074,45.04324],[-93.28077,45.04293],[-93.28078,45.04289],[-93.28079,45.0428],[-93.28083,45.04252],[-93.2809,45.0422],[-93.28092,45.04209],[-93.28093,45.04208]]]},"properties":{"id":"crime-mpls-lind-bohanon","layer":"crime_minneapolis","name":"Lind - Bohanon","county":"Hennepin","state":"MN","countyFips":"27053","attributes":{"neighborhood":"Lind - Bohanon","statYear":2025,"firstFullYear":2018,"lastFullYear":2025,"homicide":1,"rape":7,"robbery":13,"aggravatedAssault":42,"burglary":20,"larceny":61,"autoTheft":48,"arson":1,"violentTotal":63,"propertyTotal":130,"reportedTotal":193,"reportedTotalBand":"100–199","total2018":294,"total2019":261,"total2020":258,"total2021":215,"total2022":239,"total2023":216,"total2024":203,"total2025":193,"changeSinceFirstFullYear":-101,"partialYearLabel":"2026 (January–July, incomplete)","partialYearTotal":112,"centroidLon":-93.29084,"centroidLat":45.04424},"confidence":"confirmed","sourceDate":"2025"}},{"type":"Feature","geometry":{"type":"Polygon","coordinates":[[[-93.32136,44.93774],[-93.32135,44.93774],[-93.31997,44.93773],[-93.31991,44.93774],[-93.31935,44.93773],[-93.31908,44.93773],[-93.31903,44.93773],[-93.31878,44.93773],[-93.31796,44.93772],[-93.31048,44.93767],[-93.31051,44.93445],[-93.3105,44.93433],[-93.31048,44.93407],[-93.31048,44.93399],[-93.31044,44.93391],[-93.31037,44.93376],[-93.31028,44.93359],[-93.31027,44.9335],[-93.31027,44.93349],[-93.31026,44.93335],[-93.31032,44.93309],[-93.3103,44.93293],[-93.31023,44.93278],[-93.31018,44.93271],[-93.31011,44.93263],[-93.30997,44.93251],[-93.30984,44.9324],[-93.30981,44.93237],[-93.3098,44.93236],[-93.30953,44.93214],[-93.30942,44.93199],[-93.30937,44.93185],[-93.30938,44.93179],[-93.30939,44.93171],[-93.30939,44.93167],[-93.30933,44.93159],[-93.30928,44.93153],[-93.30925,44.9315],[-93.30921,44.93147],[-93.30919,44.93146],[-93.30918,44.93146],[-93.30911,44.93142],[-93.30898,44.93139],[-93.30887,44.93136],[-93.30883,44.93135],[-93.3087,44.93132],[-93.30867,44.93131],[-93.30865,44.93131],[-93.30846,44.93125],[-93.30842,44.93124],[-93.30831,44.9312],[-93.3082,44.93112],[-93.30814,44.93106],[-93.30809,44.93094],[-93.30809,44.93093],[-93.30809,44.9307],[-93.30809,44.93065],[-93.30807,44.93051],[-93.30807,44.93049],[-93.30795,44.93029],[-93.30793,44.93026],[-93.30773,44.92992],[-93.30768,44.92981],[-93.30764,44.92973],[-93.30762,44.92969],[-93.30757,44.92962],[-93.30754,44.92958],[-93.30754,44.92901],[-93.30753,44.92879],[-93.30753,44.92828],[-93.30753,44.92796],[-93.30754,44.92422],[-93.30754,44.91963],[-93.30752,44.91791],[-93.30765,44.91791],[-93.30875,44.91789],[-93.31328,44.91789],[-93.3133,44.91789],[-93.31376,44.9179],[-93.31379,44.9179],[-93.31472,44.91794],[-93.31495,44.91792],[-93.31506,44.91791],[-93.31507,44.91791],[-93.31633,44.91791],[-93.31634,44.91791],[-93.31728,44.91792],[-93.31755,44.91792],[-93.31761,44.91792],[-93.31774,44.91792],[-93.31887,44.91792],[-93.32015,44.91792],[-93.32143,44.91792],[-93.32176,44.91792],[-93.32269,44.91791],[-93.32397,44.91792],[-93.32549,44.91792],[-93.32626,44.91792],[-93.3263,44.91792],[-93.32652,44.91792],[-93.32653,44.91792],[-93.32664,44.91792],[-93.32675,44.91792],[-93.3278,44.91792],[-93.32781,44.91792],[-93.32824,44.91792],[-93.32895,44.91793],[-93.329,44.91793],[-93.32908,44.91793],[-93.32909,44.91793],[-93.32911,44.91936],[-93.32911,44.9196],[-93.32911,44.91972],[-93.32911,44.92003],[-93.3291,44.92153],[-93.3291,44.92154],[-93.3291,44.92199],[-93.3291,44.922],[-93.3291,44.92205],[-93.3291,44.92257],[-93.3291,44.92258],[-93.3291,44.92367],[-93.3291,44.92368],[-93.32909,44.92502],[-93.32909,44.92507],[-93.32909,44.92508],[-93.32909,44.92515],[-93.32909,44.92519],[-93.32909,44.9269],[-93.32909,44.92695],[-93.32908,44.9277],[-93.32908,44.92854],[-93.32908,44.92875],[-93.32907,44.92895],[-93.32907,44.93034],[-93.32906,44.93056],[-93.32906,44.93057],[-93.32905,44.93213],[-93.32904,44.93237],[-93.32904,44.93296],[-93.32903,44.93383],[-93.32903,44.93387],[-93.32902,44.93407],[-93.32902,44.93408],[-93.32902,44.93412],[-93.32902,44.93448],[-93.32902,44.93597],[-93.32902,44.93598],[-93.32902,44.93631],[-93.32901,44.93781],[-93.32259,44.93775],[-93.32252,44.93775],[-93.32136,44.93774]]]},"properties":{"id":"crime-mpls-linden-hills","layer":"crime_minneapolis","name":"Linden Hills","county":"Hennepin","state":"MN","countyFips":"27053","attributes":{"neighborhood":"Linden Hills","statYear":2025,"firstFullYear":2018,"lastFullYear":2025,"homicide":0,"rape":1,"robbery":3,"aggravatedAssault":4,"burglary":6,"larceny":88,"autoTheft":26,"arson":0,"violentTotal":8,"propertyTotal":120,"reportedTotal":128,"reportedTotalBand":"100–199","total2018":134,"total2019":132,"total2020":150,"total2021":131,"total2022":165,"total2023":200,"total2024":146,"total2025":128,"changeSinceFirstFullYear":-6,"partialYearLabel":"2026 (January–July, incomplete)","partialYearTotal":63,"centroidLon":-93.31873,"centroidLat":44.92751},"confidence":"confirmed","sourceDate":"2025"}},{"type":"Feature","geometry":{"type":"Polygon","coordinates":[[[-93.24976,45.0079],[-93.24914,45.0079],[-93.24913,45.0079],[-93.2491,45.0079],[-93.24838,45.0079],[-93.24817,45.0079],[-93.2474,45.0079],[-93.24737,45.0079],[-93.24737,45.00789],[-93.24736,45.00691],[-93.24737,45.00594],[-93.24737,45.00593],[-93.24737,45.00592],[-93.24736,45.00575],[-93.24735,45.00521],[-93.24734,45.0044],[-93.24733,45.00398],[-93.24732,45.00353],[-93.24732,45.00349],[-93.24732,45.00347],[-93.24731,45.00232],[-93.24731,45.00229],[-93.24731,45.00228],[-93.24731,45.00226],[-93.2473,45.00171],[-93.2473,45.00052],[-93.2473,45.00046],[-93.24728,44.99988],[-93.24728,44.99982],[-93.24729,44.99895],[-93.24729,44.99872],[-93.24729,44.99871],[-93.24729,44.9987],[-93.24729,44.99869],[-93.24729,44.99856],[-93.24738,44.99869],[-93.24976,44.99871],[-93.24987,44.99871],[-93.25126,44.99871],[-93.25219,44.99871],[-93.25247,44.99871],[-93.25373,44.99871],[-93.25415,44.99871],[-93.25499,44.99872],[-93.25574,44.99871],[-93.25626,44.99871],[-93.25752,44.99871],[-93.25753,44.99871],[-93.25753,44.99872],[-93.25753,44.99875],[-93.25753,44.99897],[-93.25755,45.0009],[-93.25755,45.00303],[-93.25755,45.00305],[-93.25755,45.00308],[-93.25755,45.00309],[-93.25755,45.00511],[-93.25755,45.00522],[-93.25755,45.00525],[-93.25755,45.00526],[-93.25755,45.00548],[-93.25755,45.00591],[-93.25745,45.00604],[-93.25716,45.00639],[-93.25715,45.0064],[-93.25711,45.00647],[-93.2571,45.00648],[-93.25709,45.00651],[-93.25704,45.0066],[-93.25699,45.00669],[-93.25697,45.00748],[-93.25545,45.00748],[-93.25501,45.00748],[-93.25381,45.00749],[-93.25379,45.00749],[-93.25246,45.0075],[-93.25245,45.0075],[-93.25245,45.00791],[-93.25093,45.00791],[-93.25091,45.00791],[-93.24976,45.0079]]]},"properties":{"id":"crime-mpls-logan-park","layer":"crime_minneapolis","name":"Logan Park","county":"Hennepin","state":"MN","countyFips":"27053","attributes":{"neighborhood":"Logan Park","statYear":2025,"firstFullYear":2018,"lastFullYear":2025,"homicide":0,"rape":2,"robbery":4,"aggravatedAssault":15,"burglary":13,"larceny":50,"autoTheft":51,"arson":0,"violentTotal":21,"propertyTotal":114,"reportedTotal":135,"reportedTotalBand":"100–199","total2018":100,"total2019":84,"total2020":113,"total2021":109,"total2022":148,"total2023":180,"total2024":178,"total2025":135,"changeSinceFirstFullYear":35,"partialYearLabel":"2026 (January–July, incomplete)","partialYearTotal":112,"centroidLon":-93.25234,"centroidLat":45.00317},"confidence":"confirmed","sourceDate":"2025"}},{"type":"Feature","geometry":{"type":"Polygon","coordinates":[[[-93.23659,44.95401],[-93.23597,44.9539],[-93.2358,44.9539],[-93.23553,44.95385],[-93.23534,44.95382],[-93.23526,44.95381],[-93.23499,44.95377],[-93.23472,44.9537],[-93.23471,44.9537],[-93.23469,44.95371],[-93.23468,44.95371],[-93.23462,44.95371],[-93.23454,44.95372],[-93.23445,44.95373],[-93.23439,44.95373],[-93.23432,44.95373],[-93.23426,44.95373],[-93.23403,44.95373],[-93.23311,44.95371],[-93.23233,44.95369],[-93.23195,44.95367],[-93.23171,44.95367],[-93.23152,44.95366],[-93.23132,44.95365],[-93.23105,44.95364],[-93.23013,44.9536],[-93.22995,44.95359],[-93.22994,44.95359],[-93.22866,44.95354],[-93.22835,44.95353],[-93.22734,44.95348],[-93.22719,44.95348],[-93.22701,44.95347],[-93.22677,44.95346],[-93.22662,44.95345],[-93.22594,44.95342],[-93.22566,44.95341],[-93.22565,44.95341],[-93.22563,44.95341],[-93.22559,44.95341],[-93.22544,44.9534],[-93.2253,44.9534],[-93.22445,44.95336],[-93.22426,44.95335],[-93.22425,44.95335],[-93.22385,44.95333],[-93.22274,44.95329],[-93.22251,44.95328],[-93.22246,44.95328],[-93.22213,44.95326],[-93.22191,44.95326],[-93.22169,44.95326],[-93.22147,44.95326],[-93.22125,44.95326],[-93.22121,44.95326],[-93.22104,44.95327],[-93.22082,44.95328],[-93.22058,44.95329],[-93.22042,44.9533],[-93.22038,44.95331],[-93.22031,44.95331],[-93.22022,44.95332],[-93.22014,44.95332],[-93.21996,44.95334],[-93.21978,44.95336],[-93.21953,44.95339],[-93.21933,44.95342],[-93.21913,44.95345],[-93.21893,44.95348],[-93.21889,44.95349],[-93.21857,44.95355],[-93.2185,44.95356],[-93.21835,44.95359],[-93.21821,44.95362],[-93.21806,44.95366],[-93.21791,44.95369],[-93.21784,44.95371],[-93.21784,44.95368],[-93.21784,44.95366],[-93.21784,44.95365],[-93.21784,44.95198],[-93.21784,44.95197],[-93.21784,44.95165],[-93.21784,44.95108],[-93.21784,44.95104],[-93.21783,44.95017],[-93.21783,44.95016],[-93.21783,44.94955],[-93.21783,44.94836],[-93.21783,44.94835],[-93.21783,44.94787],[-93.21783,44.94682],[-93.21783,44.94681],[-93.21783,44.94659],[-93.21783,44.94506],[-93.21783,44.94503],[-93.21784,44.94431],[-93.21784,44.94327],[-93.21784,44.94324],[-93.21784,44.94323],[-93.21784,44.94145],[-93.21784,44.94144],[-93.21786,44.94144],[-93.21858,44.94143],[-93.21913,44.94142],[-93.2204,44.94141],[-93.22048,44.94141],[-93.22167,44.9414],[-93.22168,44.9414],[-93.22274,44.94139],[-93.22295,44.94139],[-93.22313,44.94139],[-93.22327,44.94139],[-93.2243,44.94138],[-93.22432,44.94138],[-93.22535,44.94138],[-93.22568,44.94137],[-93.22569,44.94137],[-93.22615,44.94136],[-93.22641,44.94136],[-93.22643,44.94136],[-93.22704,44.94135],[-93.22706,44.94135],[-93.22786,44.94135],[-93.2284,44.94136],[-93.22913,44.94136],[-93.22914,44.94136],[-93.23089,44.94135],[-93.23182,44.94135],[-93.23229,44.94135],[-93.23242,44.94135],[-93.23246,44.94135],[-93.23347,44.94135],[-93.23361,44.94135],[-93.23392,44.94181],[-93.23395,44.94185],[-93.23449,44.94264],[-93.23458,44.94276],[-93.2347,44.94294],[-93.23471,44.94296],[-93.23522,44.94369],[-93.2354,44.94393],[-93.23588,44.94465],[-93.23594,44.94475],[-93.23595,44.94477],[-93.23595,44.94478],[-93.23603,44.94492],[-93.23625,44.94524],[-93.23626,44.94526],[-93.23651,44.94564],[-93.23669,44.94587],[-93.23686,44.94611],[-93.23689,44.94616],[-93.237,44.94634],[-93.23714,44.94657],[-93.23723,44.94673],[-93.23745,44.94714],[-93.23751,44.94725],[-93.23774,44.94767],[-93.23793,44.94801],[-93.23817,44.94837],[-93.23817,44.94838],[-93.23823,44.94846],[-93.23861,44.949],[-93.23898,44.94946],[-93.23924,44.94977],[-93.2393,44.94984],[-93.23932,44.94987],[-93.23935,44.94991],[-93.23951,44.9501],[-93.23982,44.95048],[-93.24002,44.9507],[-93.24018,44.9509],[-93.24057,44.95136],[-93.24096,44.95187],[-93.24101,44.95196],[-93.24102,44.95196],[-93.24102,44.95197],[-93.24118,44.95222],[-93.24119,44.95224],[-93.2412,44.95224],[-93.2412,44.95225],[-93.24156,44.95281],[-93.24165,44.95295],[-93.24174,44.9531],[-93.24179,44.95318],[-93.24185,44.95329],[-93.24231,44.95413],[-93.24244,44.95436],[-93.24246,44.9544],[-93.2425,44.95448],[-93.24253,44.95454],[-93.24254,44.95456],[-93.24263,44.95473],[-93.24264,44.95474],[-93.24265,44.95476],[-93.24287,44.95516],[-93.24293,44.95529],[-93.24296,44.95537],[-93.24306,44.95556],[-93.24306,44.95557],[-93.24314,44.95573],[-93.24328,44.95598],[-93.24331,44.95603],[-93.24334,44.95609],[-93.24343,44.95626],[-93.24346,44.95632],[-93.24347,44.95634],[-93.24349,44.95636],[-93.24351,44.9564],[-93.24356,44.95649],[-93.24358,44.95651],[-93.24376,44.95677],[-93.24396,44.95705],[-93.24398,44.95709],[-93.24399,44.95709],[-93.24402,44.95714],[-93.24411,44.95726],[-93.24421,44.95738],[-93.24424,44.95743],[-93.24427,44.95747],[-93.24429,44.95749],[-93.24459,44.95785],[-93.24463,44.9579],[-93.24464,44.9579],[-93.24467,44.95794],[-93.24469,44.95797],[-93.24429,44.95767],[-93.24416,44.95756],[-93.24411,44.95752],[-93.24401,44.95745],[-93.24392,44.95738],[-93.24374,44.95723],[-93.24369,44.95719],[-93.24357,44.95709],[-93.24337,44.95694],[-93.24318,44.9568],[-93.24314,44.95677],[-93.24298,44.95666],[-93.24279,44.95652],[-93.24268,44.95646],[-93.24258,44.95639],[-93.24237,44.95626],[-93.2422,44.95613],[-93.24209,44.95607],[-93.24196,44.956],[-93.24173,44.9559],[-93.24171,44.95585],[-93.24153,44.95576],[-93.24131,44.95564],[-93.24117,44.95559],[-93.2411,44.95556],[-93.24107,44.95554],[-93.24085,44.95542],[-93.24064,44.95533],[-93.24039,44.95521],[-93.24014,44.9551],[-93.23991,44.95501],[-93.23967,44.95491],[-93.23956,44.95487],[-93.23943,44.95482],[-93.23918,44.95473],[-93.23899,44.95467],[-93.23892,44.95464],[-93.2388,44.9546],[-93.23868,44.95456],[-93.23842,44.95448],[-93.23818,44.9544],[-93.23791,44.95435],[-93.23781,44.95432],[-93.23766,44.95428],[-93.23754,44.95425],[-93.2374,44.95421],[-93.2372,44.95416],[-93.23713,44.95415],[-93.23687,44.95409],[-93.23675,44.95407],[-93.23659,44.95401]]]},"properties":{"id":"crime-mpls-longfellow","layer":"crime_minneapolis","name":"Longfellow","county":"Hennepin","state":"MN","countyFips":"27053","attributes":{"neighborhood":"Longfellow","statYear":2025,"firstFullYear":2018,"lastFullYear":2025,"homicide":1,"rape":8,"robbery":21,"aggravatedAssault":30,"burglary":88,"larceny":433,"autoTheft":101,"arson":2,"violentTotal":60,"propertyTotal":624,"reportedTotal":684,"reportedTotalBand":"450+","total2018":637,"total2019":767,"total2020":551,"total2021":414,"total2022":536,"total2023":569,"total2024":600,"total2025":684,"changeSinceFirstFullYear":47,"partialYearLabel":"2026 (January–July, incomplete)","partialYearTotal":399,"centroidLon":-93.22851,"centroidLat":44.94815},"confidence":"confirmed","sourceDate":"2025"}},{"type":"Feature","geometry":{"type":"Polygon","coordinates":[[[-93.26925,44.96984],[-93.26928,44.96974],[-93.26931,44.96962],[-93.26933,44.96954],[-93.26934,44.96952],[-93.26945,44.96902],[-93.26959,44.96838],[-93.2696,44.96806],[-93.2696,44.96805],[-93.26962,44.96765],[-93.26962,44.96763],[-93.26963,44.9675],[-93.26962,44.96742],[-93.26962,44.9674],[-93.26962,44.96736],[-93.2696,44.96713],[-93.26959,44.96687],[-93.26957,44.96669],[-93.26957,44.96663],[-93.26957,44.96661],[-93.26956,44.96643],[-93.26955,44.96635],[-93.26954,44.96628],[-93.26953,44.96609],[-93.26953,44.96606],[-93.26953,44.96602],[-93.26953,44.96601],[-93.26952,44.96596],[-93.26967,44.96599],[-93.26984,44.96602],[-93.26987,44.96603],[-93.26996,44.96605],[-93.27,44.96606],[-93.27009,44.96607],[-93.27012,44.96608],[-93.27016,44.96609],[-93.27043,44.96614],[-93.27049,44.96616],[-93.27066,44.96619],[-93.27081,44.96622],[-93.27104,44.96627],[-93.27117,44.9663],[-93.27119,44.9663],[-93.2712,44.96631],[-93.27131,44.96633],[-93.27135,44.96634],[-93.27136,44.96634],[-93.27139,44.96635],[-93.27147,44.96637],[-93.27153,44.96638],[-93.27162,44.9664],[-93.2718,44.96644],[-93.27183,44.96645],[-93.27188,44.96646],[-93.27189,44.96646],[-93.27199,44.96648],[-93.27205,44.96649],[-93.2723,44.96654],[-93.27242,44.96656],[-93.27259,44.96659],[-93.27276,44.96662],[-93.27289,44.96664],[-93.2731,44.96666],[-93.27329,44.96668],[-93.27339,44.96669],[-93.27356,44.9667],[-93.27362,44.9667],[-93.27367,44.96671],[-93.27369,44.96671],[-93.27383,44.96672],[-93.27385,44.96672],[-93.27394,44.96672],[-93.27432,44.96673],[-93.27433,44.96673],[-93.27435,44.96673],[-93.27447,44.96673],[-93.27448,44.96673],[-93.27475,44.96673],[-93.27497,44.96672],[-93.27504,44.96671],[-93.27505,44.96671],[-93.27517,44.96671],[-93.27525,44.9667],[-93.27548,44.96668],[-93.27556,44.96668],[-93.27567,44.96667],[-93.2757,44.96667],[-93.27575,44.96666],[-93.27581,44.96666],[-93.27582,44.96666],[-93.27584,44.96665],[-93.27608,44.96662],[-93.27609,44.96662],[-93.27625,44.9666],[-93.2765,44.96656],[-93.27653,44.96655],[-93.27656,44.96655],[-93.27664,44.96654],[-93.27705,44.96645],[-93.27707,44.96645],[-93.2771,44.96644],[-93.27713,44.96643],[-93.27717,44.96643],[-93.2773,44.9664],[-93.27756,44.96633],[-93.27782,44.96626],[-93.27794,44.96623],[-93.2781,44.96619],[-93.27908,44.96593],[-93.27914,44.96591],[-93.27931,44.96586],[-93.27933,44.96586],[-93.27945,44.96583],[-93.27994,44.96569],[-93.28074,44.96548],[-93.28119,44.96536],[-93.28206,44.96512],[-93.28283,44.96492],[-93.28308,44.96485],[-93.2831,44.96485],[-93.28347,44.9647],[-93.28369,44.96463],[-93.28391,44.96456],[-93.28419,44.96449],[-93.28448,44.96441],[-93.28491,44.96434],[-93.28492,44.96434],[-93.28504,44.96433],[-93.28553,44.96428],[-93.28555,44.96428],[-93.28556,44.96428],[-93.28619,44.96428],[-93.28622,44.96428],[-93.28623,44.96428],[-93.2867,44.96433],[-93.28691,44.96435],[-93.28724,44.96438],[-93.28727,44.96438],[-93.28728,44.96438],[-93.28763,44.9644],[-93.28764,44.9644],[-93.28782,44.96439],[-93.28794,44.96439],[-93.28798,44.96439],[-93.28799,44.96462],[-93.28799,44.96488],[-93.288,44.96503],[-93.288,44.96518],[-93.28801,44.96548],[-93.28801,44.96552],[-93.28801,44.96553],[-93.28802,44.96556],[-93.28802,44.96557],[-93.28802,44.96558],[-93.28802,44.96562],[-93.28802,44.96567],[-93.28802,44.96568],[-93.28803,44.9658],[-93.28803,44.96581],[-93.28804,44.96583],[-93.28805,44.96644],[-93.28805,44.96667],[-93.28806,44.96714],[-93.28806,44.96716],[-93.28806,44.96717],[-93.28806,44.96733],[-93.28806,44.96743],[-93.28806,44.96766],[-93.28806,44.96772],[-93.28806,44.96775],[-93.28806,44.96803],[-93.28806,44.96823],[-93.28806,44.96826],[-93.28806,44.96859],[-93.28807,44.96864],[-93.28807,44.96889],[-93.28807,44.96892],[-93.28806,44.96937],[-93.28806,44.96944],[-93.28805,44.96986],[-93.28805,44.96987],[-93.28805,44.96991],[-93.28805,44.96992],[-93.28805,44.97001],[-93.28805,44.97002],[-93.28802,44.97184],[-93.28801,44.97195],[-93.28801,44.97197],[-93.28802,44.97205],[-93.28803,44.97299],[-93.28804,44.97308],[-93.28805,44.97327],[-93.28804,44.9734],[-93.28804,44.97345],[-93.28802,44.97357],[-93.28803,44.97365],[-93.28803,44.97372],[-93.28807,44.97427],[-93.28804,44.97471],[-93.28804,44.9749],[-93.28804,44.97493],[-93.28804,44.97494],[-93.28803,44.97496],[-93.28803,44.975],[-93.28803,44.97501],[-93.28798,44.97501],[-93.28796,44.97502],[-93.28756,44.97504],[-93.28755,44.97504],[-93.28747,44.97505],[-93.28746,44.97505],[-93.28662,44.97512],[-93.28644,44.97513],[-93.28575,44.97518],[-93.28571,44.97518],[-93.28563,44.97519],[-93.28559,44.97519],[-93.28517,44.97523],[-93.28441,44.97529],[-93.28356,44.97534],[-93.28335,44.97537],[-93.28319,44.97538],[-93.28314,44.97539],[-93.28306,44.97541],[-93.28281,44.97546],[-93.28276,44.97547],[-93.28272,44.97548],[-93.28258,44.97553],[-93.28242,44.97557],[-93.28235,44.9756],[-93.28211,44.9757],[-93.28183,44.97586],[-93.28176,44.97591],[-93.28175,44.97592],[-93.28157,44.97605],[-93.28132,44.97631],[-93.28124,44.97641],[-93.28123,44.9764],[-93.28118,44.97628],[-93.28111,44.9761],[-93.2811,44.97606],[-93.28105,44.97594],[-93.28104,44.97593],[-93.28101,44.97585],[-93.28086,44.97544],[-93.28084,44.9754],[-93.28084,44.97539],[-93.28083,44.97539],[-93.28069,44.97519],[-93.28053,44.97496],[-93.28045,44.97484],[-93.28041,44.97477],[-93.2804,44.97477],[-93.2804,44.97476],[-93.28039,44.97476],[-93.28037,44.97474],[-93.27981,44.97412],[-93.27957,44.97385],[-93.27956,44.97384],[-93.27955,44.97382],[-93.27886,44.97294],[-93.27885,44.97294],[-93.27805,44.97271],[-93.27787,44.97266],[-93.27786,44.97265],[-93.27785,44.97265],[-93.27693,44.97227],[-93.27637,44.97204],[-93.27635,44.97203],[-93.27494,44.97143],[-93.27493,44.97142],[-93.27356,44.97087],[-93.27355,44.97087],[-93.27354,44.97087],[-93.27218,44.9703],[-93.27217,44.9703],[-93.27143,44.96999],[-93.27135,44.96997],[-93.27128,44.96995],[-93.27125,44.96994],[-93.27122,44.96994],[-93.27117,44.96993],[-93.27111,44.96993],[-93.27091,44.96991],[-93.27087,44.96991],[-93.27026,44.96988],[-93.27018,44.96988],[-93.26934,44.96984],[-93.26927,44.96984],[-93.26925,44.96984]]]},"properties":{"id":"crime-mpls-loring-park","layer":"crime_minneapolis","name":"Loring Park","county":"Hennepin","state":"MN","countyFips":"27053","attributes":{"neighborhood":"Loring Park","statYear":2025,"firstFullYear":2018,"lastFullYear":2025,"homicide":2,"rape":19,"robbery":37,"aggravatedAssault":69,"burglary":34,"larceny":373,"autoTheft":94,"arson":0,"violentTotal":127,"propertyTotal":501,"reportedTotal":628,"reportedTotalBand":"450+","total2018":459,"total2019":511,"total2020":604,"total2021":625,"total2022":595,"total2023":591,"total2024":611,"total2025":628,"changeSinceFirstFullYear":169,"partialYearLabel":"2026 (January–July, incomplete)","partialYearTotal":379,"centroidLon":-93.2808,"centroidLat":44.96966},"confidence":"confirmed","sourceDate":"2025"}},{"type":"Feature","geometry":{"type":"Polygon","coordinates":[[[-93.28799,44.97705],[-93.28798,44.97608],[-93.28799,44.97607],[-93.288,44.976],[-93.28801,44.97583],[-93.28802,44.97579],[-93.28803,44.97574],[-93.28804,44.9757],[-93.28802,44.97534],[-93.28802,44.97515],[-93.28802,44.97508],[-93.28803,44.97501],[-93.28803,44.975],[-93.28803,44.97496],[-93.28804,44.97494],[-93.28804,44.97493],[-93.28804,44.9749],[-93.28804,44.97471],[-93.28807,44.97427],[-93.28803,44.97372],[-93.28803,44.97365],[-93.28802,44.97357],[-93.28804,44.97345],[-93.28804,44.9734],[-93.28805,44.97327],[-93.28804,44.97308],[-93.28803,44.97299],[-93.28802,44.97205],[-93.28801,44.97197],[-93.28801,44.97195],[-93.28802,44.97184],[-93.28805,44.97002],[-93.28805,44.97001],[-93.28805,44.96992],[-93.28805,44.96991],[-93.28805,44.96987],[-93.28805,44.96986],[-93.28806,44.96944],[-93.28806,44.96937],[-93.28807,44.96892],[-93.28807,44.96889],[-93.28807,44.96864],[-93.28806,44.96859],[-93.28806,44.96826],[-93.28806,44.96823],[-93.28806,44.96803],[-93.28806,44.96775],[-93.28806,44.96772],[-93.28806,44.96766],[-93.28806,44.96743],[-93.28806,44.96733],[-93.28806,44.96717],[-93.28806,44.96716],[-93.28813,44.96705],[-93.28821,44.96693],[-93.28832,44.96676],[-93.28843,44.9666],[-93.28847,44.96655],[-93.28857,44.96641],[-93.28857,44.9664],[-93.28864,44.96621],[-93.28877,44.966],[-93.28913,44.96557],[-93.28925,44.96542],[-93.29003,44.96445],[-93.29005,44.96443],[-93.2902,44.96417],[-93.29021,44.96416],[-93.2903,44.964],[-93.29051,44.96364],[-93.29052,44.96363],[-93.29053,44.96363],[-93.29068,44.96347],[-93.29075,44.96339],[-93.29079,44.96334],[-93.29084,44.96329],[-93.29129,44.9628],[-93.29132,44.96278],[-93.29138,44.96271],[-93.29138,44.9627],[-93.29139,44.9627],[-93.29147,44.96259],[-93.29163,44.96239],[-93.29182,44.96214],[-93.29199,44.96191],[-93.29238,44.96138],[-93.29268,44.96098],[-93.29272,44.96093],[-93.29272,44.96092],[-93.29273,44.96092],[-93.29274,44.96092],[-93.29308,44.96092],[-93.29309,44.96092],[-93.29397,44.96092],[-93.29435,44.96092],[-93.29437,44.96092],[-93.29564,44.96092],[-93.29565,44.96092],[-93.29692,44.96092],[-93.29818,44.96093],[-93.29881,44.96093],[-93.29968,44.96094],[-93.29971,44.96094],[-93.2998,44.96094],[-93.29985,44.96094],[-93.30061,44.96094],[-93.30086,44.96094],[-93.30118,44.96094],[-93.3012,44.96094],[-93.30147,44.96094],[-93.30152,44.96094],[-93.30212,44.96093],[-93.30332,44.96093],[-93.30388,44.96247],[-93.30389,44.96252],[-93.30391,44.96257],[-93.30391,44.96258],[-93.30391,44.96265],[-93.30391,44.9627],[-93.3039,44.96274],[-93.30389,44.9628],[-93.30387,44.96284],[-93.30383,44.9629],[-93.30379,44.96295],[-93.30377,44.96298],[-93.30373,44.96302],[-93.30367,44.96307],[-93.3036,44.96312],[-93.30354,44.96315],[-93.30347,44.96317],[-93.30342,44.96319],[-93.30335,44.96321],[-93.30324,44.96324],[-93.30324,44.96325],[-93.30324,44.96388],[-93.30325,44.96445],[-93.30325,44.96544],[-93.30325,44.9656],[-93.30325,44.96642],[-93.30326,44.96642],[-93.30375,44.96642],[-93.30388,44.96642],[-93.30456,44.96642],[-93.30458,44.96642],[-93.30458,44.96643],[-93.30455,44.96776],[-93.30454,44.96798],[-93.30454,44.9681],[-93.30455,44.96916],[-93.30455,44.96947],[-93.30455,44.96949],[-93.30413,44.96959],[-93.3031,44.96984],[-93.30277,44.96993],[-93.30262,44.96996],[-93.30249,44.96999],[-93.3024,44.97],[-93.30211,44.97001],[-93.30185,44.97002],[-93.3016,44.97007],[-93.30126,44.97017],[-93.30055,44.97039],[-93.30015,44.97055],[-93.29976,44.97073],[-93.29924,44.971],[-93.29878,44.97128],[-93.29811,44.97173],[-93.29651,44.97278],[-93.29567,44.97334],[-93.2953,44.97358],[-93.29507,44.9737],[-93.29484,44.97382],[-93.29352,44.97446],[-93.29315,44.97468],[-93.29271,44.97495],[-93.29151,44.97562],[-93.29112,44.97583],[-93.29068,44.97603],[-93.28892,44.97689],[-93.28861,44.97705],[-93.28811,44.97705],[-93.28799,44.97705]]]},"properties":{"id":"crime-mpls-lowry-hill","layer":"crime_minneapolis","name":"Lowry Hill","county":"Hennepin","state":"MN","countyFips":"27053","attributes":{"neighborhood":"Lowry Hill","statYear":2025,"firstFullYear":2018,"lastFullYear":2025,"homicide":0,"rape":3,"robbery":2,"aggravatedAssault":3,"burglary":17,"larceny":101,"autoTheft":32,"arson":0,"violentTotal":8,"propertyTotal":150,"reportedTotal":158,"reportedTotalBand":"100–199","total2018":125,"total2019":181,"total2020":199,"total2021":231,"total2022":255,"total2023":258,"total2024":248,"total2025":158,"changeSinceFirstFullYear":33,"partialYearLabel":"2026 (January–July, incomplete)","partialYearTotal":85,"centroidLon":-93.29547,"centroidLat":44.96767},"confidence":"confirmed","sourceDate":"2025"}},{"type":"Feature","geometry":{"type":"Polygon","coordinates":[[[-93.28798,44.96439],[-93.28798,44.96438],[-93.28798,44.96424],[-93.28797,44.96408],[-93.28796,44.96372],[-93.28798,44.96328],[-93.28798,44.96323],[-93.288,44.96282],[-93.288,44.96272],[-93.288,44.96271],[-93.288,44.9627],[-93.28801,44.9614],[-93.28801,44.96093],[-93.28801,44.96092],[-93.28801,44.96091],[-93.28801,44.9609],[-93.28801,44.96043],[-93.28803,44.95913],[-93.28803,44.95733],[-93.28803,44.95732],[-93.28805,44.95555],[-93.28804,44.95554],[-93.28805,44.95502],[-93.28805,44.95375],[-93.28805,44.95374],[-93.28805,44.95373],[-93.28805,44.95369],[-93.28807,44.9522],[-93.28807,44.95219],[-93.28807,44.95196],[-93.28807,44.95195],[-93.28809,44.95005],[-93.28809,44.95001],[-93.28809,44.94971],[-93.2881,44.94837],[-93.2881,44.94836],[-93.28938,44.94836],[-93.28948,44.94836],[-93.29031,44.94836],[-93.29065,44.94836],[-93.29069,44.94836],[-93.29096,44.94836],[-93.29191,44.94836],[-93.29249,44.94836],[-93.29286,44.94836],[-93.29317,44.94837],[-93.29318,44.94837],[-93.29343,44.94836],[-93.29446,44.94836],[-93.29447,44.94836],[-93.29574,44.94837],[-93.29701,44.94837],[-93.29742,44.94837],[-93.29828,44.94836],[-93.29828,44.94837],[-93.29828,44.94839],[-93.29828,44.94926],[-93.29828,44.94927],[-93.29827,44.94988],[-93.29827,44.94989],[-93.29827,44.94996],[-93.29827,44.94997],[-93.29827,44.95012],[-93.29827,44.95025],[-93.29827,44.95026],[-93.29827,44.95027],[-93.29826,44.95031],[-93.29826,44.95046],[-93.29825,44.95196],[-93.29825,44.95197],[-93.29825,44.95219],[-93.29824,44.95226],[-93.29823,44.95227],[-93.29823,44.95228],[-93.29823,44.9523],[-93.29818,44.95242],[-93.2976,44.95375],[-93.29759,44.95376],[-93.29719,44.95466],[-93.29688,44.95538],[-93.29681,44.95551],[-93.29679,44.95554],[-93.29678,44.95555],[-93.29677,44.95557],[-93.29672,44.95567],[-93.29625,44.95628],[-93.29623,44.95629],[-93.29582,44.95683],[-93.29572,44.95696],[-93.29543,44.95734],[-93.29542,44.95735],[-93.29525,44.95758],[-93.29476,44.95822],[-93.29476,44.95823],[-93.29462,44.95842],[-93.29458,44.95847],[-93.29446,44.95863],[-93.29438,44.95873],[-93.29433,44.9588],[-93.29409,44.95912],[-93.29408,44.95913],[-93.29333,44.96012],[-93.29323,44.96025],[-93.29309,44.96044],[-93.29302,44.96053],[-93.29276,44.96088],[-93.29273,44.96092],[-93.29272,44.96092],[-93.29272,44.96093],[-93.29268,44.96098],[-93.29238,44.96138],[-93.29199,44.96191],[-93.29182,44.96214],[-93.29163,44.96239],[-93.29147,44.96259],[-93.29139,44.9627],[-93.29138,44.9627],[-93.29138,44.96271],[-93.29132,44.96278],[-93.29129,44.9628],[-93.29084,44.96329],[-93.29079,44.96334],[-93.29075,44.96339],[-93.29068,44.96347],[-93.29053,44.96363],[-93.29052,44.96363],[-93.29051,44.96364],[-93.2903,44.964],[-93.29021,44.96416],[-93.2902,44.96417],[-93.29005,44.96443],[-93.29003,44.96445],[-93.28925,44.96542],[-93.28913,44.96557],[-93.28877,44.966],[-93.28864,44.96621],[-93.28857,44.9664],[-93.28857,44.96641],[-93.28847,44.96655],[-93.28843,44.9666],[-93.28832,44.96676],[-93.28821,44.96693],[-93.28813,44.96705],[-93.28806,44.96716],[-93.28806,44.96714],[-93.28805,44.96667],[-93.28805,44.96644],[-93.28804,44.96583],[-93.28803,44.96581],[-93.28803,44.9658],[-93.28802,44.96568],[-93.28802,44.96567],[-93.28802,44.96562],[-93.28802,44.96558],[-93.28802,44.96557],[-93.28802,44.96556],[-93.28801,44.96553],[-93.28801,44.96552],[-93.28801,44.96548],[-93.288,44.96518],[-93.288,44.96503],[-93.28799,44.96488],[-93.28799,44.96462],[-93.28798,44.96439]]]},"properties":{"id":"crime-mpls-lowry-hill-east","layer":"crime_minneapolis","name":"Lowry Hill East","county":"Hennepin","state":"MN","countyFips":"27053","attributes":{"neighborhood":"Lowry Hill East","statYear":2025,"firstFullYear":2018,"lastFullYear":2025,"homicide":1,"rape":4,"robbery":21,"aggravatedAssault":56,"burglary":51,"larceny":351,"autoTheft":134,"arson":1,"violentTotal":82,"propertyTotal":537,"reportedTotal":619,"reportedTotalBand":"450+","total2018":600,"total2019":825,"total2020":792,"total2021":869,"total2022":954,"total2023":996,"total2024":799,"total2025":619,"changeSinceFirstFullYear":19,"partialYearLabel":"2026 (January–July, incomplete)","partialYearTotal":368,"centroidLon":-93.29215,"centroidLat":44.95501},"confidence":"confirmed","sourceDate":"2025"}},{"type":"Feature","geometry":{"type":"Polygon","coordinates":[[[-93.28429,44.94836],[-93.28302,44.94835],[-93.28301,44.94835],[-93.28135,44.94836],[-93.28051,44.94836],[-93.2805,44.94836],[-93.27969,44.94836],[-93.27816,44.94836],[-93.27797,44.94836],[-93.27795,44.94836],[-93.27792,44.94836],[-93.27772,44.94836],[-93.27668,44.94835],[-93.27541,44.94835],[-93.27521,44.94835],[-93.2749,44.94835],[-93.27478,44.94835],[-93.27476,44.94835],[-93.27476,44.94814],[-93.27475,44.94698],[-93.27475,44.94667],[-93.27475,44.94665],[-93.27475,44.94614],[-93.27474,44.94521],[-93.27472,44.94372],[-93.27472,44.94343],[-93.27472,44.94316],[-93.27472,44.94312],[-93.27471,44.94239],[-93.27471,44.94169],[-93.27471,44.94136],[-93.27471,44.94135],[-93.2747,44.93993],[-93.2747,44.93958],[-93.2747,44.93956],[-93.2747,44.93947],[-93.27469,44.93819],[-93.27468,44.93789],[-93.27468,44.93777],[-93.27468,44.93775],[-93.2747,44.93775],[-93.27482,44.93776],[-93.27531,44.93775],[-93.27579,44.93774],[-93.27616,44.93774],[-93.27664,44.93774],[-93.27793,44.93773],[-93.27825,44.93773],[-93.27849,44.93773],[-93.27976,44.93772],[-93.28118,44.93773],[-93.2814,44.93773],[-93.28227,44.93772],[-93.28243,44.93772],[-93.28306,44.93772],[-93.28357,44.93772],[-93.28433,44.93772],[-93.28561,44.9377],[-93.28562,44.9377],[-93.28629,44.9377],[-93.28647,44.9377],[-93.28691,44.93771],[-93.28821,44.93771],[-93.28821,44.93772],[-93.28821,44.93774],[-93.28819,44.9395],[-93.28819,44.93953],[-93.28817,44.94131],[-93.28817,44.94134],[-93.28817,44.94136],[-93.28816,44.94291],[-93.28815,44.94291],[-93.28815,44.94292],[-93.28815,44.94293],[-93.28814,44.94474],[-93.28814,44.94475],[-93.28812,44.94661],[-93.28812,44.94662],[-93.28812,44.94663],[-93.2881,44.94834],[-93.2881,44.94835],[-93.2881,44.94836],[-93.28684,44.94837],[-93.28556,44.94836],[-93.28507,44.94836],[-93.28429,44.94836]]]},"properties":{"id":"crime-mpls-lyndale","layer":"crime_minneapolis","name":"Lyndale","county":"Hennepin","state":"MN","countyFips":"27053","attributes":{"neighborhood":"Lyndale","statYear":2025,"firstFullYear":2018,"lastFullYear":2025,"homicide":2,"rape":11,"robbery":18,"aggravatedAssault":52,"burglary":47,"larceny":196,"autoTheft":122,"arson":1,"violentTotal":83,"propertyTotal":366,"reportedTotal":449,"reportedTotalBand":"200–449","total2018":329,"total2019":359,"total2020":406,"total2021":368,"total2022":516,"total2023":672,"total2024":672,"total2025":449,"changeSinceFirstFullYear":120,"partialYearLabel":"2026 (January–July, incomplete)","partialYearTotal":266,"centroidLon":-93.28144,"centroidLat":44.94303},"confidence":"confirmed","sourceDate":"2025"}},{"type":"Feature","geometry":{"type":"Polygon","coordinates":[[[-93.2921,44.91957],[-93.29086,44.91957],[-93.29085,44.91957],[-93.29042,44.91957],[-93.2896,44.91957],[-93.28958,44.91957],[-93.28895,44.91957],[-93.28833,44.91956],[-93.28831,44.91828],[-93.28831,44.91776],[-93.28831,44.91775],[-93.2883,44.91657],[-93.2883,44.91595],[-93.2883,44.91594],[-93.2883,44.91592],[-93.28828,44.91413],[-93.28828,44.91412],[-93.28827,44.91381],[-93.28826,44.91253],[-93.28825,44.91232],[-93.28825,44.91231],[-93.28826,44.91204],[-93.28827,44.91049],[-93.28827,44.91018],[-93.28827,44.91014],[-93.28827,44.90987],[-93.28827,44.90955],[-93.28828,44.9087],[-93.28828,44.90869],[-93.28828,44.90865],[-93.28828,44.90829],[-93.28828,44.90828],[-93.28829,44.90827],[-93.28829,44.90773],[-93.28829,44.90769],[-93.28829,44.90765],[-93.28828,44.9069],[-93.28828,44.90689],[-93.28829,44.90652],[-93.28829,44.90651],[-93.28829,44.90649],[-93.2883,44.90509],[-93.2883,44.90508],[-93.28955,44.90509],[-93.29083,44.90509],[-93.2921,44.90509],[-93.29312,44.9051],[-93.29339,44.9051],[-93.29452,44.9051],[-93.29464,44.9051],[-93.29465,44.9051],[-93.29592,44.9051],[-93.29605,44.9051],[-93.2972,44.90511],[-93.29782,44.90511],[-93.29847,44.9051],[-93.29973,44.90511],[-93.29975,44.90511],[-93.30102,44.90511],[-93.3023,44.90512],[-93.30355,44.90512],[-93.30356,44.90512],[-93.30481,44.90512],[-93.30606,44.90511],[-93.30607,44.90511],[-93.30736,44.90512],[-93.30863,44.90513],[-93.30863,44.90514],[-93.30864,44.90595],[-93.30864,44.90606],[-93.30864,44.90607],[-93.30865,44.90694],[-93.30865,44.90696],[-93.30865,44.90724],[-93.30866,44.90815],[-93.30866,44.90816],[-93.30866,44.90818],[-93.30866,44.90835],[-93.30867,44.90874],[-93.30867,44.90875],[-93.30867,44.90898],[-93.30866,44.90957],[-93.30866,44.91055],[-93.30866,44.91057],[-93.3087,44.91235],[-93.3087,44.91236],[-93.3087,44.91237],[-93.3087,44.91263],[-93.30871,44.91278],[-93.30872,44.91399],[-93.30872,44.91418],[-93.30872,44.91419],[-93.30874,44.91491],[-93.30876,44.91545],[-93.30876,44.91546],[-93.30875,44.91582],[-93.30875,44.91584],[-93.30875,44.91789],[-93.30765,44.91791],[-93.30752,44.91791],[-93.30754,44.91963],[-93.2987,44.9196],[-93.29861,44.9196],[-93.29842,44.9196],[-93.298,44.91959],[-93.29799,44.91959],[-93.29798,44.91959],[-93.29723,44.91959],[-93.29722,44.91959],[-93.29719,44.91959],[-93.29594,44.91959],[-93.29593,44.91959],[-93.29468,44.91959],[-93.29466,44.91959],[-93.29399,44.91959],[-93.29345,44.91959],[-93.29339,44.91959],[-93.29328,44.91958],[-93.29304,44.91958],[-93.29298,44.91958],[-93.2922,44.91957],[-93.29213,44.91957],[-93.29212,44.91957],[-93.2921,44.91957]]]},"properties":{"id":"crime-mpls-lynnhurst","layer":"crime_minneapolis","name":"Lynnhurst","county":"Hennepin","state":"MN","countyFips":"27053","attributes":{"neighborhood":"Lynnhurst","statYear":2025,"firstFullYear":2018,"lastFullYear":2025,"homicide":0,"rape":0,"robbery":3,"aggravatedAssault":1,"burglary":14,"larceny":71,"autoTheft":27,"arson":0,"violentTotal":4,"propertyTotal":112,"reportedTotal":116,"reportedTotalBand":"100–199","total2018":110,"total2019":93,"total2020":110,"total2021":81,"total2022":99,"total2023":117,"total2024":121,"total2025":116,"changeSinceFirstFullYear":6,"partialYearLabel":"2026 (January–July, incomplete)","partialYearTotal":52,"centroidLon":-93.29843,"centroidLat":44.91231},"confidence":"confirmed","sourceDate":"2025"}},{"type":"Feature","geometry":{"type":"Polygon","coordinates":[[[-93.24704,44.99128],[-93.24697,44.99123],[-93.24696,44.99123],[-93.24663,44.99134],[-93.24627,44.99146],[-93.2462,44.99148],[-93.24619,44.99148],[-93.24617,44.99149],[-93.24371,44.99149],[-93.24356,44.99149],[-93.24349,44.99149],[-93.24348,44.99149],[-93.24251,44.99149],[-93.24246,44.99149],[-93.24224,44.99149],[-93.24199,44.99149],[-93.24197,44.99148],[-93.24169,44.99119],[-93.24158,44.99108],[-93.24122,44.99076],[-93.24115,44.9907],[-93.24095,44.99052],[-93.24081,44.9904],[-93.24062,44.99026],[-93.24052,44.99019],[-93.24038,44.9901],[-93.2403,44.99003],[-93.24012,44.9899],[-93.24006,44.98985],[-93.23964,44.98953],[-93.23954,44.98946],[-93.23902,44.98909],[-93.23868,44.98887],[-93.23844,44.98871],[-93.23827,44.98861],[-93.23752,44.98816],[-93.23743,44.98812],[-93.23716,44.98797],[-93.23714,44.98795],[-93.23711,44.98794],[-93.2371,44.98793],[-93.23685,44.9878],[-93.23668,44.9877],[-93.23661,44.98766],[-93.23585,44.98725],[-93.23568,44.98714],[-93.23462,44.98656],[-93.2341,44.98627],[-93.23406,44.98625],[-93.23335,44.98585],[-93.23333,44.98584],[-93.23325,44.9858],[-93.23273,44.98551],[-93.23208,44.98515],[-93.23206,44.98513],[-93.2309,44.98449],[-93.23083,44.98445],[-93.23082,44.98444],[-93.23086,44.98439],[-93.23086,44.98438],[-93.23126,44.98386],[-93.23127,44.98385],[-93.23204,44.98288],[-93.23282,44.98189],[-93.23332,44.98126],[-93.23342,44.98113],[-93.23358,44.98093],[-93.2337,44.98077],[-93.23387,44.98057],[-93.23421,44.98014],[-93.2343,44.98003],[-93.23438,44.97994],[-93.23503,44.97914],[-93.23515,44.97899],[-93.23516,44.97898],[-93.23517,44.97898],[-93.23555,44.97913],[-93.23582,44.97923],[-93.2365,44.9795],[-93.23656,44.97952],[-93.2369,44.97966],[-93.23694,44.97968],[-93.23708,44.97973],[-93.23709,44.97974],[-93.23713,44.97976],[-93.23717,44.97977],[-93.23724,44.9798],[-93.23727,44.97982],[-93.23769,44.97998],[-93.23789,44.98005],[-93.23794,44.98007],[-93.2393,44.9806],[-93.23933,44.98061],[-93.24068,44.98115],[-93.24095,44.9808],[-93.24175,44.97978],[-93.24183,44.97968],[-93.2423,44.97908],[-93.24258,44.97871],[-93.24276,44.97848],[-93.24276,44.97849],[-93.24285,44.97851],[-93.24289,44.97852],[-93.24294,44.97854],[-93.243,44.97855],[-93.24301,44.97855],[-93.24304,44.97856],[-93.2431,44.97858],[-93.24314,44.97858],[-93.24314,44.97859],[-93.24324,44.97861],[-93.24334,44.97863],[-93.24345,44.97866],[-93.24347,44.97866],[-93.24356,44.97868],[-93.24368,44.9787],[-93.2438,44.97873],[-93.24389,44.97875],[-93.24393,44.97875],[-93.24401,44.97877],[-93.24406,44.97878],[-93.24431,44.97883],[-93.24437,44.97884],[-93.24443,44.97885],[-93.2445,44.97886],[-93.24453,44.97887],[-93.24457,44.97887],[-93.2446,44.97888],[-93.24463,44.97888],[-93.24465,44.97889],[-93.2447,44.9789],[-93.24477,44.97891],[-93.24484,44.97891],[-93.2449,44.97892],[-93.24491,44.97892],[-93.24498,44.97893],[-93.24499,44.97893],[-93.24501,44.97894],[-93.24502,44.97894],[-93.24506,44.97894],[-93.24511,44.97895],[-93.24513,44.97895],[-93.24521,44.97896],[-93.24523,44.97896],[-93.24525,44.97896],[-93.24528,44.97897],[-93.24536,44.97897],[-93.24544,44.97898],[-93.24552,44.97899],[-93.24567,44.979],[-93.24582,44.97901],[-93.24598,44.97902],[-93.24615,44.97903],[-93.24631,44.97903],[-93.24649,44.97904],[-93.24694,44.97906],[-93.24712,44.97907],[-93.2472,44.97907],[-93.24738,44.97908],[-93.24741,44.97908],[-93.24746,44.97908],[-93.24751,44.97908],[-93.24764,44.97909],[-93.24776,44.9791],[-93.24788,44.9791],[-93.24802,44.97911],[-93.24815,44.97912],[-93.24828,44.97913],[-93.2484,44.97915],[-93.24852,44.97916],[-93.24864,44.97917],[-93.24875,44.97918],[-93.24886,44.9792],[-93.24898,44.97921],[-93.24917,44.97924],[-93.24934,44.97927],[-93.24951,44.97929],[-93.24966,44.97931],[-93.24981,44.97934],[-93.24983,44.97934],[-93.24996,44.97936],[-93.25005,44.97937],[-93.25011,44.97938],[-93.25025,44.97941],[-93.25038,44.97943],[-93.25039,44.97943],[-93.25052,44.97945],[-93.25066,44.97948],[-93.25079,44.9795],[-93.25092,44.97952],[-93.25105,44.97955],[-93.25118,44.97957],[-93.25123,44.97958],[-93.25124,44.97958],[-93.25125,44.97959],[-93.25131,44.9796],[-93.25143,44.97962],[-93.25152,44.97964],[-93.25153,44.97964],[-93.25156,44.97965],[-93.25168,44.97967],[-93.2518,44.9797],[-93.25186,44.97971],[-93.25192,44.97972],[-93.25204,44.97975],[-93.25206,44.97975],[-93.25215,44.97978],[-93.25227,44.9798],[-93.25238,44.97983],[-93.25249,44.97986],[-93.2526,44.97988],[-93.25269,44.9799],[-93.25271,44.97991],[-93.25282,44.97994],[-93.25293,44.97997],[-93.25304,44.98],[-93.25318,44.98004],[-93.25323,44.98005],[-93.25332,44.98008],[-93.25345,44.98012],[-93.25358,44.98016],[-93.25371,44.9802],[-93.25384,44.98024],[-93.25397,44.98028],[-93.25411,44.98033],[-93.25418,44.98036],[-93.25423,44.98037],[-93.25424,44.98038],[-93.25438,44.98043],[-93.25452,44.98048],[-93.25466,44.98054],[-93.25475,44.98057],[-93.25476,44.98058],[-93.25481,44.98059],[-93.25495,44.98065],[-93.2551,44.98072],[-93.25524,44.98077],[-93.25526,44.98078],[-93.25542,44.98085],[-93.25544,44.98086],[-93.25546,44.98087],[-93.25562,44.98094],[-93.2558,44.98101],[-93.25582,44.98102],[-93.25602,44.98112],[-93.25621,44.9812],[-93.25641,44.98129],[-93.25675,44.98145],[-93.25691,44.98152],[-93.25711,44.98162],[-93.25713,44.98162],[-93.25714,44.98163],[-93.25721,44.98166],[-93.25739,44.98175],[-93.25755,44.98182],[-93.25778,44.98192],[-93.25816,44.98209],[-93.25846,44.98223],[-93.25857,44.98228],[-93.25878,44.98237],[-93.25894,44.98245],[-93.25896,44.98246],[-93.25912,44.98253],[-93.25926,44.98259],[-93.2594,44.98266],[-93.25954,44.98272],[-93.25967,44.98278],[-93.25971,44.98281],[-93.25979,44.98284],[-93.25992,44.9829],[-93.26004,44.98296],[-93.2601,44.98299],[-93.26011,44.983],[-93.26009,44.983],[-93.25981,44.98309],[-93.25912,44.9833],[-93.25887,44.98338],[-93.25882,44.9834],[-93.25853,44.98349],[-93.25808,44.98363],[-93.25781,44.98372],[-93.25721,44.98401],[-93.25684,44.98427],[-93.25679,44.98434],[-93.25674,44.9844],[-93.25665,44.98451],[-93.25659,44.98458],[-93.25653,44.98465],[-93.25653,44.98466],[-93.25652,44.98467],[-93.25638,44.98484],[-93.25637,44.98485],[-93.25634,44.98489],[-93.25619,44.98506],[-93.25618,44.98508],[-93.25561,44.98581],[-93.25531,44.98616],[-93.25528,44.98621],[-93.25484,44.98678],[-93.25479,44.98684],[-93.25462,44.98707],[-93.25415,44.98769],[-93.25407,44.98779],[-93.25407,44.9878],[-93.25328,44.98878],[-93.25327,44.98879],[-93.25307,44.98903],[-93.25297,44.98915],[-93.25293,44.98921],[-93.25291,44.98923],[-93.25255,44.98973],[-93.25253,44.98976],[-93.25238,44.98994],[-93.25196,44.99047],[-93.25174,44.99075],[-93.25174,44.99076],[-93.25171,44.99078],[-93.25167,44.99083],[-93.25164,44.99087],[-93.25163,44.99088],[-93.25144,44.99111],[-93.25095,44.99172],[-93.25093,44.99174],[-93.2503,44.99252],[-93.25028,44.99254],[-93.25022,44.99262],[-93.25021,44.99263],[-93.2502,44.99265],[-93.25016,44.99269],[-93.24938,44.99367],[-93.24898,44.99419],[-93.24871,44.99454],[-93.24856,44.99474],[-93.24828,44.9951],[-93.24828,44.99511],[-93.24827,44.99511],[-93.24767,44.99591],[-93.24763,44.99596],[-93.24763,44.99597],[-93.24748,44.99633],[-93.24743,44.99622],[-93.24741,44.9962],[-93.24732,44.99599],[-93.24731,44.99596],[-93.24729,44.99593],[-93.24729,44.99592],[-93.24733,44.99582],[-93.24734,44.99553],[-93.24735,44.99511],[-93.24735,44.9951],[-93.24734,44.99455],[-93.24733,44.99374],[-93.24733,44.99373],[-93.24732,44.99355],[-93.24732,44.99353],[-93.24732,44.99337],[-93.24732,44.99284],[-93.24733,44.99169],[-93.24733,44.99161],[-93.24732,44.99159],[-93.24727,44.99148],[-93.24723,44.9914],[-93.24704,44.99128]]]},"properties":{"id":"crime-mpls-marcy-holmes","layer":"crime_minneapolis","name":"Marcy Holmes","county":"Hennepin","state":"MN","countyFips":"27053","attributes":{"neighborhood":"Marcy Holmes","statYear":2025,"firstFullYear":2018,"lastFullYear":2025,"homicide":1,"rape":6,"robbery":30,"aggravatedAssault":43,"burglary":49,"larceny":346,"autoTheft":168,"arson":1,"violentTotal":80,"propertyTotal":564,"reportedTotal":644,"reportedTotalBand":"450+","total2018":655,"total2019":725,"total2020":999,"total2021":1079,"total2022":916,"total2023":795,"total2024":898,"total2025":644,"changeSinceFirstFullYear":-11,"partialYearLabel":"2026 (January–July, incomplete)","partialYearTotal":519,"centroidLon":-93.2452,"centroidLat":44.98507},"confidence":"confirmed","sourceDate":"2025"}},{"type":"Feature","geometry":{"type":"Polygon","coordinates":[[[-93.27792,45.02761],[-93.27768,45.02758],[-93.27642,45.02758],[-93.27576,45.02758],[-93.27575,45.02758],[-93.27574,45.02758],[-93.27281,45.02759],[-93.26904,45.02759],[-93.26899,45.02759],[-93.2687,45.0276],[-93.26864,45.0276],[-93.26863,45.0276],[-93.26735,45.0276],[-93.26647,45.02761],[-93.26568,45.0276],[-93.26498,45.0276],[-93.26406,45.02759],[-93.26395,45.02759],[-93.2639,45.02759],[-93.26303,45.02759],[-93.26302,45.02727],[-93.26292,45.02697],[-93.26271,45.02629],[-93.2627,45.02626],[-93.26265,45.02608],[-93.26264,45.02608],[-93.26264,45.02606],[-93.26262,45.0259],[-93.26263,45.02448],[-93.26263,45.02407],[-93.26261,45.02272],[-93.26266,45.02129],[-93.26267,45.02113],[-93.26268,45.02084],[-93.26271,45.02059],[-93.26279,45.02031],[-93.2628,45.02026],[-93.26285,45.02005],[-93.26289,45.01993],[-93.26293,45.01979],[-93.26294,45.01976],[-93.26297,45.01967],[-93.26302,45.01954],[-93.26308,45.0193],[-93.26313,45.01905],[-93.26318,45.01881],[-93.26319,45.01847],[-93.26318,45.01808],[-93.26318,45.01767],[-93.26316,45.01726],[-93.26316,45.01682],[-93.26316,45.01679],[-93.26315,45.01589],[-93.26315,45.01587],[-93.26313,45.015],[-93.26313,45.01498],[-93.26312,45.01317],[-93.26371,45.01317],[-93.26462,45.01317],[-93.26465,45.01317],[-93.26612,45.01316],[-93.26618,45.01316],[-93.26693,45.01316],[-93.26698,45.01316],[-93.26763,45.01316],[-93.26765,45.01316],[-93.26886,45.01316],[-93.26887,45.01316],[-93.26891,45.01316],[-93.27008,45.01316],[-93.27012,45.01316],[-93.27158,45.01317],[-93.27167,45.01317],[-93.27172,45.01317],[-93.27275,45.01317],[-93.27277,45.01317],[-93.27298,45.01317],[-93.27317,45.01317],[-93.27324,45.01316],[-93.27415,45.01314],[-93.27444,45.01314],[-93.27448,45.01314],[-93.27449,45.01314],[-93.27449,45.01315],[-93.27451,45.01321],[-93.27453,45.01329],[-93.27454,45.0133],[-93.27456,45.01338],[-93.27457,45.0134],[-93.27459,45.01346],[-93.27462,45.01353],[-93.27463,45.01357],[-93.27465,45.01362],[-93.27465,45.01363],[-93.27466,45.01363],[-93.27468,45.01371],[-93.27473,45.01382],[-93.27475,45.01388],[-93.27477,45.01392],[-93.27492,45.01433],[-93.27498,45.01446],[-93.27502,45.01458],[-93.27507,45.01472],[-93.27511,45.01485],[-93.27513,45.01491],[-93.27515,45.01497],[-93.27516,45.01498],[-93.27517,45.01503],[-93.27519,45.01508],[-93.27521,45.01514],[-93.27521,45.01517],[-93.27524,45.01525],[-93.27526,45.01535],[-93.27529,45.01545],[-93.27531,45.01553],[-93.27532,45.0156],[-93.27533,45.01563],[-93.2754,45.01595],[-93.27543,45.01607],[-93.27546,45.01618],[-93.27548,45.01628],[-93.2755,45.01635],[-93.27555,45.01653],[-93.2756,45.01671],[-93.27579,45.01748],[-93.27584,45.01767],[-93.27589,45.01783],[-93.27592,45.01795],[-93.27594,45.01801],[-93.27599,45.01819],[-93.27603,45.01835],[-93.27608,45.01851],[-93.2761,45.01857],[-93.27613,45.01866],[-93.27617,45.0188],[-93.27622,45.01894],[-93.27627,45.01908],[-93.2763,45.01917],[-93.27633,45.01925],[-93.27636,45.01934],[-93.2764,45.01942],[-93.27643,45.0195],[-93.27646,45.01958],[-93.27649,45.01966],[-93.27653,45.01974],[-93.27656,45.01982],[-93.2766,45.01989],[-93.27663,45.01997],[-93.27667,45.02004],[-93.2767,45.02012],[-93.27674,45.02019],[-93.27677,45.02025],[-93.27678,45.02026],[-93.27681,45.02033],[-93.27685,45.0204],[-93.27689,45.02047],[-93.27693,45.02054],[-93.27697,45.02061],[-93.27701,45.02067],[-93.27705,45.02074],[-93.27709,45.0208],[-93.27713,45.02087],[-93.27719,45.02096],[-93.2772,45.02097],[-93.27722,45.02101],[-93.27726,45.02106],[-93.27729,45.02111],[-93.2774,45.02126],[-93.27743,45.0213],[-93.27744,45.02132],[-93.27748,45.02137],[-93.27752,45.02143],[-93.27756,45.02149],[-93.27759,45.02155],[-93.27762,45.02162],[-93.27763,45.02162],[-93.27766,45.02169],[-93.27768,45.02175],[-93.27769,45.02178],[-93.2777,45.0218],[-93.27772,45.02184],[-93.27773,45.02189],[-93.27774,45.02192],[-93.27775,45.02194],[-93.27776,45.02199],[-93.27778,45.02204],[-93.27779,45.02207],[-93.27779,45.0221],[-93.2778,45.02213],[-93.27781,45.02215],[-93.27782,45.0222],[-93.27783,45.02225],[-93.27784,45.02231],[-93.27786,45.02242],[-93.27787,45.02243],[-93.27792,45.0227],[-93.27793,45.02278],[-93.27795,45.02285],[-93.27797,45.02291],[-93.27797,45.02293],[-93.27799,45.02301],[-93.27801,45.02308],[-93.27803,45.02314],[-93.27804,45.02319],[-93.27806,45.02323],[-93.27806,45.02325],[-93.2781,45.02334],[-93.27812,45.0234],[-93.27818,45.02358],[-93.27825,45.02375],[-93.27826,45.02378],[-93.27828,45.02383],[-93.27828,45.02384],[-93.2783,45.02389],[-93.27836,45.02403],[-93.27841,45.02417],[-93.27847,45.02429],[-93.27851,45.02437],[-93.27854,45.02446],[-93.27858,45.02454],[-93.27862,45.02462],[-93.27866,45.0247],[-93.27871,45.02479],[-93.27875,45.02488],[-93.2788,45.02496],[-93.27885,45.02505],[-93.2789,45.02514],[-93.27895,45.02524],[-93.27896,45.02525],[-93.27901,45.02533],[-93.27906,45.02543],[-93.27912,45.02553],[-93.27919,45.02563],[-93.27925,45.02574],[-93.27935,45.02589],[-93.27938,45.02595],[-93.27945,45.02606],[-93.27964,45.02635],[-93.2798,45.02661],[-93.27993,45.02682],[-93.28,45.02693],[-93.28,45.02694],[-93.28006,45.02703],[-93.28012,45.02713],[-93.28017,45.02721],[-93.28018,45.02723],[-93.28022,45.02729],[-93.28024,45.02732],[-93.2803,45.02742],[-93.28041,45.02759],[-93.28052,45.02776],[-93.2806,45.02788],[-93.28068,45.028],[-93.28076,45.02813],[-93.28085,45.02827],[-93.28102,45.02852],[-93.28111,45.02865],[-93.28111,45.02866],[-93.2814,45.02907],[-93.28142,45.02911],[-93.28147,45.02919],[-93.28153,45.02927],[-93.2816,45.02938],[-93.28159,45.02938],[-93.28155,45.02938],[-93.28038,45.02938],[-93.28037,45.02938],[-93.28034,45.02938],[-93.28026,45.02938],[-93.27997,45.02938],[-93.27978,45.02938],[-93.27948,45.02905],[-93.27947,45.02904],[-93.279,45.02844],[-93.27894,45.02836],[-93.27864,45.02799],[-93.27849,45.02786],[-93.27823,45.0277],[-93.27802,45.02764],[-93.27792,45.02761]]]},"properties":{"id":"crime-mpls-marshall-terrace","layer":"crime_minneapolis","name":"Marshall Terrace","county":"Hennepin","state":"MN","countyFips":"27053","attributes":{"neighborhood":"Marshall Terrace","statYear":2025,"firstFullYear":2018,"lastFullYear":2025,"homicide":0,"rape":1,"robbery":2,"aggravatedAssault":8,"burglary":2,"larceny":37,"autoTheft":29,"arson":1,"violentTotal":11,"propertyTotal":69,"reportedTotal":80,"reportedTotalBand":"40–99","total2018":66,"total2019":64,"total2020":87,"total2021":80,"total2022":83,"total2023":72,"total2024":115,"total2025":80,"changeSinceFirstFullYear":14,"partialYearLabel":"2026 (January–July, incomplete)","partialYearTotal":44,"centroidLon":-93.27025,"centroidLat":45.02104},"confidence":"confirmed","sourceDate":"2025"}},{"type":"Feature","geometry":{"type":"Polygon","coordinates":[[[-93.29057,45.02395],[-93.28959,45.02394],[-93.28931,45.02394],[-93.2893,45.02394],[-93.28806,45.02393],[-93.28724,45.02393],[-93.28652,45.02393],[-93.28648,45.02393],[-93.28557,45.02393],[-93.28556,45.02393],[-93.28507,45.02393],[-93.28452,45.02394],[-93.28426,45.02394],[-93.28371,45.02394],[-93.28303,45.02392],[-93.28292,45.02392],[-93.28264,45.02391],[-93.2826,45.02391],[-93.28233,45.02387],[-93.28123,45.02385],[-93.28113,45.02385],[-93.28111,45.02385],[-93.28086,45.02385],[-93.28085,45.02385],[-93.28061,45.02385],[-93.27944,45.02385],[-93.27942,45.02385],[-93.27941,45.02385],[-93.27936,45.02385],[-93.27867,45.02384],[-93.27838,45.02384],[-93.2783,45.02384],[-93.27828,45.02384],[-93.27828,45.02383],[-93.27826,45.02378],[-93.27825,45.02375],[-93.27818,45.02358],[-93.27812,45.0234],[-93.2781,45.02334],[-93.27806,45.02325],[-93.27806,45.02323],[-93.27804,45.02319],[-93.27803,45.02314],[-93.27801,45.02308],[-93.27799,45.02301],[-93.27797,45.02293],[-93.27797,45.02291],[-93.27795,45.02285],[-93.27793,45.02278],[-93.27792,45.0227],[-93.27787,45.02243],[-93.27786,45.02242],[-93.27784,45.02231],[-93.27783,45.02225],[-93.27782,45.0222],[-93.27781,45.02215],[-93.2778,45.02213],[-93.27779,45.0221],[-93.27779,45.02207],[-93.27778,45.02204],[-93.27776,45.02199],[-93.27775,45.02194],[-93.27774,45.02192],[-93.27773,45.02189],[-93.27772,45.02184],[-93.2777,45.0218],[-93.27769,45.02178],[-93.27768,45.02175],[-93.27766,45.02169],[-93.27763,45.02162],[-93.27762,45.02162],[-93.27759,45.02155],[-93.27756,45.02149],[-93.27752,45.02143],[-93.27748,45.02137],[-93.27744,45.02132],[-93.27743,45.0213],[-93.2774,45.02126],[-93.27729,45.02111],[-93.27726,45.02106],[-93.27722,45.02101],[-93.2772,45.02097],[-93.27719,45.02096],[-93.27713,45.02087],[-93.27709,45.0208],[-93.27705,45.02074],[-93.27701,45.02067],[-93.27697,45.02061],[-93.27693,45.02054],[-93.27689,45.02047],[-93.27685,45.0204],[-93.27681,45.02033],[-93.27678,45.02026],[-93.27677,45.02025],[-93.27674,45.02019],[-93.2767,45.02012],[-93.27667,45.02004],[-93.27663,45.01997],[-93.2766,45.01989],[-93.27656,45.01982],[-93.27653,45.01974],[-93.27649,45.01966],[-93.27646,45.01958],[-93.27643,45.0195],[-93.2764,45.01942],[-93.27636,45.01934],[-93.27633,45.01925],[-93.2763,45.01917],[-93.27627,45.01908],[-93.27622,45.01894],[-93.27617,45.0188],[-93.27613,45.01866],[-93.2761,45.01857],[-93.27608,45.01851],[-93.27603,45.01835],[-93.27599,45.01819],[-93.27594,45.01801],[-93.27592,45.01795],[-93.27589,45.01783],[-93.27584,45.01767],[-93.27579,45.01748],[-93.2756,45.01671],[-93.27555,45.01653],[-93.2755,45.01635],[-93.27548,45.01628],[-93.27546,45.01618],[-93.27543,45.01607],[-93.2754,45.01595],[-93.27533,45.01563],[-93.27532,45.0156],[-93.27531,45.01553],[-93.27529,45.01545],[-93.27526,45.01535],[-93.27524,45.01525],[-93.27521,45.01517],[-93.27521,45.01514],[-93.27519,45.01508],[-93.27517,45.01503],[-93.27516,45.01498],[-93.27515,45.01497],[-93.27513,45.01491],[-93.27511,45.01485],[-93.27507,45.01472],[-93.27502,45.01458],[-93.27498,45.01446],[-93.27492,45.01433],[-93.27477,45.01392],[-93.27475,45.01388],[-93.27473,45.01382],[-93.27468,45.01371],[-93.27466,45.01363],[-93.27465,45.01363],[-93.27465,45.01362],[-93.27463,45.01357],[-93.27462,45.01353],[-93.27459,45.01346],[-93.27457,45.0134],[-93.27456,45.01338],[-93.27454,45.0133],[-93.27453,45.01329],[-93.27451,45.01321],[-93.27449,45.01315],[-93.27449,45.01314],[-93.27448,45.01314],[-93.2745,45.01314],[-93.27451,45.01314],[-93.27454,45.01314],[-93.27457,45.01314],[-93.27458,45.01314],[-93.27459,45.01314],[-93.27462,45.01314],[-93.27463,45.01314],[-93.27486,45.01313],[-93.27494,45.01313],[-93.27515,45.01313],[-93.27516,45.01313],[-93.2757,45.01312],[-93.27572,45.01312],[-93.27598,45.01312],[-93.27621,45.01312],[-93.27625,45.01312],[-93.27719,45.01312],[-93.2787,45.01312],[-93.27875,45.01312],[-93.27891,45.01312],[-93.28004,45.01311],[-93.28012,45.01311],[-93.28049,45.01311],[-93.28067,45.01311],[-93.28078,45.01311],[-93.28137,45.01311],[-93.28183,45.01312],[-93.28186,45.01312],[-93.28231,45.01311],[-93.28238,45.01311],[-93.28256,45.01311],[-93.28275,45.01311],[-93.28279,45.01311],[-93.28339,45.01311],[-93.28341,45.01311],[-93.28387,45.01311],[-93.28487,45.01311],[-93.28491,45.01311],[-93.28538,45.01311],[-93.28571,45.01311],[-93.28645,45.01311],[-93.28647,45.01311],[-93.2871,45.01311],[-93.28728,45.01311],[-93.2877,45.01311],[-93.28801,45.01311],[-93.28845,45.01311],[-93.28861,45.01311],[-93.28872,45.01311],[-93.28928,45.01312],[-93.28981,45.01312],[-93.29054,45.01313],[-93.29162,45.01313],[-93.2918,45.01313],[-93.29181,45.01313],[-93.29204,45.01313],[-93.29306,45.01314],[-93.29306,45.01315],[-93.29306,45.01348],[-93.29306,45.0136],[-93.29305,45.01494],[-93.29305,45.01496],[-93.29306,45.01539],[-93.29307,45.01673],[-93.29307,45.01674],[-93.29307,45.01675],[-93.29308,45.01855],[-93.29308,45.01856],[-93.29307,45.01982],[-93.29307,45.02034],[-93.29307,45.02035],[-93.29307,45.02104],[-93.29309,45.02215],[-93.29309,45.02216],[-93.2931,45.02397],[-93.29308,45.02397],[-93.29184,45.02396],[-93.29183,45.02396],[-93.29116,45.02395],[-93.29057,45.02395]]]},"properties":{"id":"crime-mpls-mckinley","layer":"crime_minneapolis","name":"McKinley","county":"Hennepin","state":"MN","countyFips":"27053","attributes":{"neighborhood":"McKinley","statYear":2025,"firstFullYear":2018,"lastFullYear":2025,"homicide":0,"rape":0,"robbery":11,"aggravatedAssault":29,"burglary":21,"larceny":47,"autoTheft":39,"arson":1,"violentTotal":40,"propertyTotal":108,"reportedTotal":148,"reportedTotalBand":"100–199","total2018":202,"total2019":193,"total2020":238,"total2021":193,"total2022":203,"total2023":202,"total2024":173,"total2025":148,"changeSinceFirstFullYear":-54,"partialYearLabel":"2026 (January–July, incomplete)","partialYearTotal":82,"centroidLon":-93.28466,"centroidLat":45.01831},"confidence":"confirmed","sourceDate":"2025"}},{"type":"Feature","geometry":{"type":"Polygon","coordinates":[[[-93.20756,44.99171],[-93.20757,44.99171],[-93.20764,44.99171],[-93.20767,44.99171],[-93.20774,44.99171],[-93.2094,44.99167],[-93.21013,44.99165],[-93.21024,44.99165],[-93.21261,44.99161],[-93.21264,44.99161],[-93.21515,44.99158],[-93.21582,44.99157],[-93.21642,44.99156],[-93.21704,44.99155],[-93.21769,44.99154],[-93.21897,44.99153],[-93.21957,44.99152],[-93.22025,44.99152],[-93.22091,44.99151],[-93.22153,44.9915],[-93.22219,44.9915],[-93.22281,44.99149],[-93.22406,44.99147],[-93.22545,44.99146],[-93.22583,44.99145],[-93.22587,44.99145],[-93.2263,44.99145],[-93.22661,44.99146],[-93.22666,44.99146],[-93.22669,44.99148],[-93.22693,44.99162],[-93.22705,44.99169],[-93.22712,44.99173],[-93.22716,44.99175],[-93.22735,44.99186],[-93.22758,44.992],[-93.22759,44.99201],[-93.22767,44.99205],[-93.22789,44.99218],[-93.2281,44.9923],[-93.2283,44.99242],[-93.22844,44.9925],[-93.22848,44.99252],[-93.22865,44.99262],[-93.22881,44.99271],[-93.229,44.99282],[-93.22915,44.99292],[-93.22934,44.99302],[-93.22954,44.99314],[-93.22958,44.99316],[-93.22973,44.99325],[-93.22979,44.99329],[-93.2298,44.99329],[-93.23089,44.99329],[-93.23205,44.99329],[-93.23271,44.99329],[-93.23331,44.99329],[-93.23525,44.99329],[-93.23586,44.99328],[-93.23713,44.99328],[-93.23714,44.99328],[-93.23716,44.99328],[-93.23718,44.99328],[-93.23766,44.99328],[-93.23774,44.99328],[-93.23787,44.99328],[-93.23803,44.9935],[-93.23819,44.99379],[-93.23827,44.994],[-93.23834,44.99416],[-93.23843,44.99454],[-93.23851,44.99495],[-93.23853,44.99509],[-93.23857,44.99543],[-93.23858,44.99589],[-93.23855,44.99638],[-93.23852,44.9967],[-93.23851,44.99681],[-93.23845,44.99718],[-93.23837,44.99752],[-93.2382,44.99811],[-93.23816,44.99819],[-93.23799,44.9986],[-93.23794,44.99871],[-93.23794,44.99872],[-93.23781,44.99899],[-93.23741,44.99976],[-93.23723,45.00003],[-93.23684,45.00058],[-93.23668,45.00074],[-93.23667,45.00074],[-93.23666,45.00076],[-93.23665,45.00076],[-93.23616,45.00127],[-93.23583,45.00155],[-93.23578,45.00158],[-93.23555,45.00174],[-93.23542,45.00182],[-93.23485,45.0021],[-93.23442,45.00225],[-93.23383,45.00238],[-93.23364,45.00241],[-93.23318,45.00246],[-93.23308,45.00247],[-93.23285,45.00248],[-93.23252,45.0025],[-93.23243,45.0025],[-93.23233,45.0025],[-93.23147,45.00244],[-93.2308,45.00233],[-93.23052,45.00229],[-93.23033,45.00224],[-93.23029,45.00223],[-93.23019,45.0022],[-93.2301,45.00218],[-93.23001,45.00215],[-93.22993,45.00213],[-93.22979,45.00209],[-93.22978,45.00209],[-93.22906,45.00189],[-93.22783,45.00156],[-93.22708,45.00135],[-93.22696,45.00132],[-93.22693,45.00131],[-93.22646,45.00119],[-93.22631,45.00116],[-93.22593,45.00108],[-93.22587,45.00107],[-93.22562,45.00102],[-93.22543,45.00099],[-93.22525,45.00097],[-93.2252,45.00096],[-93.2249,45.00092],[-93.22471,45.0009],[-93.22435,45.00087],[-93.22393,45.00083],[-93.22368,45.00083],[-93.22359,45.00082],[-93.22341,45.00082],[-93.22283,45.00081],[-93.22224,45.00084],[-93.22216,45.00084],[-93.22178,45.00087],[-93.22125,45.00092],[-93.22107,45.00094],[-93.22055,45.00102],[-93.22018,45.00109],[-93.21976,45.00117],[-93.21937,45.00127],[-93.2193,45.00129],[-93.21883,45.00141],[-93.21878,45.00143],[-93.21849,45.00152],[-93.21828,45.00159],[-93.21811,45.00165],[-93.21784,45.00175],[-93.21779,45.00177],[-93.21753,45.00186],[-93.21711,45.00205],[-93.21543,45.00277],[-93.21468,45.00309],[-93.21353,45.00358],[-93.21225,45.00413],[-93.21221,45.00414],[-93.21198,45.00424],[-93.21184,45.0043],[-93.21013,45.00503],[-93.20991,45.00513],[-93.2087,45.00566],[-93.20788,45.00602],[-93.2077,45.0061],[-93.20764,45.00613],[-93.20763,45.00613],[-93.20763,45.0061],[-93.20763,45.00567],[-93.20763,45.00559],[-93.20763,45.00555],[-93.20763,45.00551],[-93.20762,45.0048],[-93.20762,45.00382],[-93.20761,45.00153],[-93.2076,45.00066],[-93.2076,45.0006],[-93.2076,45.00059],[-93.2076,44.99982],[-93.2076,44.9994],[-93.2076,44.99912],[-93.20759,44.99895],[-93.20758,44.99693],[-93.20757,44.99501],[-93.20757,44.99354],[-93.20756,44.99189],[-93.20756,44.99171]]]},"properties":{"id":"crime-mpls-mid-city-industrial","layer":"crime_minneapolis","name":"Mid - City Industrial","county":"Hennepin","state":"MN","countyFips":"27053","attributes":{"neighborhood":"Mid - City Industrial","statYear":2025,"firstFullYear":2018,"lastFullYear":2025,"homicide":0,"rape":0,"robbery":0,"aggravatedAssault":5,"burglary":9,"larceny":45,"autoTheft":36,"arson":0,"violentTotal":5,"propertyTotal":90,"reportedTotal":95,"reportedTotalBand":"40–99","total2018":102,"total2019":80,"total2020":99,"total2021":122,"total2022":161,"total2023":106,"total2024":128,"total2025":95,"changeSinceFirstFullYear":-7,"partialYearLabel":"2026 (January–July, incomplete)","partialYearTotal":74,"centroidLon":-93.22147,"centroidLat":44.99726},"confidence":"confirmed","sourceDate":"2025"}},{"type":"Feature","geometry":{"type":"Polygon","coordinates":[[[-93.25251,44.94837],[-93.25261,44.94837],[-93.25362,44.94836],[-93.25379,44.94836],[-93.25429,44.94836],[-93.25506,44.94836],[-93.25632,44.94836],[-93.25758,44.94836],[-93.25769,44.94836],[-93.25883,44.94836],[-93.25884,44.94836],[-93.25885,44.94836],[-93.25963,44.94836],[-93.26013,44.94836],[-93.26138,44.94836],[-93.26267,44.94836],[-93.26268,44.94836],[-93.26268,44.94837],[-93.26266,44.94991],[-93.26266,44.95007],[-93.26265,44.95034],[-93.26264,44.95176],[-93.26264,44.95195],[-93.26263,44.95223],[-93.26263,44.95226],[-93.26262,44.95374],[-93.26262,44.95375],[-93.26262,44.95445],[-93.26262,44.95552],[-93.26262,44.95553],[-93.26262,44.95554],[-93.26259,44.95662],[-93.26258,44.95718],[-93.26257,44.95732],[-93.26257,44.95733],[-93.26257,44.9583],[-93.26257,44.9591],[-93.26257,44.95912],[-93.26256,44.95912],[-93.26255,44.95912],[-93.26127,44.95912],[-93.26109,44.95912],[-93.26107,44.95912],[-93.26105,44.95912],[-93.26002,44.95912],[-93.25997,44.95912],[-93.25967,44.95912],[-93.25965,44.95912],[-93.25877,44.95913],[-93.2587,44.95913],[-93.25821,44.95913],[-93.25816,44.95913],[-93.25775,44.95913],[-93.25747,44.95913],[-93.25744,44.95913],[-93.25618,44.95913],[-93.25614,44.95913],[-93.25493,44.95913],[-93.25489,44.95913],[-93.25476,44.95913],[-93.25363,44.95912],[-93.25359,44.95912],[-93.25358,44.95912],[-93.25237,44.95913],[-93.2524,44.95735],[-93.2524,44.95734],[-93.25245,44.95554],[-93.25246,44.95376],[-93.25246,44.95375],[-93.25249,44.95196],[-93.25249,44.95195],[-93.25248,44.95006],[-93.25248,44.95005],[-93.25249,44.94928],[-93.25251,44.94837]]]},"properties":{"id":"crime-mpls-midtown-phillips","layer":"crime_minneapolis","name":"Midtown Phillips","county":"Hennepin","state":"MN","countyFips":"27053","attributes":{"neighborhood":"Midtown Phillips","statYear":2025,"firstFullYear":2018,"lastFullYear":2025,"homicide":2,"rape":15,"robbery":40,"aggravatedAssault":63,"burglary":27,"larceny":135,"autoTheft":87,"arson":2,"violentTotal":120,"propertyTotal":251,"reportedTotal":371,"reportedTotalBand":"200–449","total2018":298,"total2019":490,"total2020":586,"total2021":464,"total2022":500,"total2023":438,"total2024":514,"total2025":371,"changeSinceFirstFullYear":73,"partialYearLabel":"2026 (January–July, incomplete)","partialYearTotal":241,"centroidLon":-93.25754,"centroidLat":44.95374},"confidence":"confirmed","sourceDate":"2025"}},{"type":"Feature","geometry":{"type":"Polygon","coordinates":[[[-93.2151,44.91629],[-93.21352,44.91535],[-93.21328,44.91521],[-93.21309,44.91508],[-93.21308,44.91508],[-93.21305,44.91506],[-93.21296,44.91499],[-93.21286,44.91492],[-93.21264,44.91477],[-93.21251,44.91467],[-93.2124,44.91457],[-93.21175,44.91405],[-93.21147,44.91383],[-93.2112,44.9136],[-93.21083,44.91331],[-93.21047,44.91301],[-93.21028,44.91284],[-93.21024,44.91281],[-93.2102,44.91277],[-93.21005,44.91265],[-93.20972,44.91237],[-93.20939,44.91207],[-93.20911,44.91184],[-93.20886,44.91161],[-93.20845,44.91124],[-93.20803,44.91086],[-93.20769,44.91057],[-93.20732,44.91027],[-93.20724,44.91021],[-93.20701,44.91003],[-93.20681,44.9099],[-93.20656,44.90972],[-93.20652,44.90969],[-93.20644,44.90964],[-93.20634,44.90957],[-93.20609,44.9094],[-93.20586,44.90925],[-93.20582,44.90923],[-93.20573,44.90917],[-93.2057,44.90915],[-93.20558,44.90907],[-93.20554,44.90905],[-93.20483,44.90906],[-93.20478,44.90906],[-93.20471,44.90904],[-93.2043,44.90905],[-93.20403,44.90898],[-93.20368,44.90889],[-93.20356,44.90887],[-93.20344,44.90884],[-93.203,44.9087],[-93.20291,44.90868],[-93.20284,44.90866],[-93.20273,44.90863],[-93.20264,44.9086],[-93.20256,44.90858],[-93.20248,44.90855],[-93.20239,44.90852],[-93.20229,44.90849],[-93.20222,44.90847],[-93.20213,44.90844],[-93.20205,44.90841],[-93.20196,44.90838],[-93.20189,44.90836],[-93.20179,44.90834],[-93.20171,44.9083],[-93.20162,44.90828],[-93.20153,44.90824],[-93.20116,44.90806],[-93.20081,44.90794],[-93.20073,44.9079],[-93.20066,44.90786],[-93.2006,44.90783],[-93.2005,44.90779],[-93.20043,44.90775],[-93.20034,44.90771],[-93.20027,44.90767],[-93.2002,44.90763],[-93.20013,44.9076],[-93.20005,44.90755],[-93.19998,44.90751],[-93.1999,44.90747],[-93.19983,44.90743],[-93.19974,44.90738],[-93.19968,44.90734],[-93.1996,44.90731],[-93.19953,44.90726],[-93.19946,44.90722],[-93.1994,44.90717],[-93.19932,44.90713],[-93.19928,44.9071],[-93.19923,44.90708],[-93.19917,44.90706],[-93.1991,44.90702],[-93.19903,44.90698],[-93.19898,44.90696],[-93.19894,44.90693],[-93.19889,44.9069],[-93.19884,44.90687],[-93.1988,44.90684],[-93.19875,44.90682],[-93.1987,44.90679],[-93.19864,44.90675],[-93.19858,44.90669],[-93.19853,44.90666],[-93.19849,44.90663],[-93.19845,44.9066],[-93.19838,44.90655],[-93.19832,44.90651],[-93.19828,44.90648],[-93.19825,44.90644],[-93.19821,44.90641],[-93.1981,44.90635],[-93.19774,44.90609],[-93.19736,44.90575],[-93.19695,44.90541],[-93.19697,44.90541],[-93.19741,44.90541],[-93.19821,44.90541],[-93.19839,44.90541],[-93.1985,44.90541],[-93.19858,44.90541],[-93.19915,44.90541],[-93.19924,44.90541],[-93.19926,44.90541],[-93.19951,44.9054],[-93.19957,44.9054],[-93.20004,44.9054],[-93.2006,44.9054],[-93.20061,44.9054],[-93.2025,44.9054],[-93.20256,44.9054],[-93.20274,44.9054],[-93.20333,44.9054],[-93.20502,44.90539],[-93.20615,44.90539],[-93.20632,44.90539],[-93.20759,44.90539],[-93.20885,44.90539],[-93.21013,44.90539],[-93.21142,44.90539],[-93.21205,44.90539],[-93.2127,44.90539],[-93.21398,44.90538],[-93.21523,44.90538],[-93.21652,44.90538],[-93.21778,44.90538],[-93.21905,44.90538],[-93.22033,44.90538],[-93.22161,44.90537],[-93.22287,44.90537],[-93.22287,44.90538],[-93.22287,44.90539],[-93.22288,44.90627],[-93.22288,44.90628],[-93.22287,44.90717],[-93.22287,44.90718],[-93.22287,44.90719],[-93.22287,44.90846],[-93.22286,44.9089],[-93.22286,44.90899],[-93.22286,44.909],[-93.22286,44.90934],[-93.22286,44.9099],[-93.22286,44.90991],[-93.22285,44.9108],[-93.22285,44.91081],[-93.22285,44.91158],[-93.22285,44.9117],[-93.22285,44.91171],[-93.22284,44.91261],[-93.22284,44.91262],[-93.22284,44.91263],[-93.22284,44.91264],[-93.22282,44.9144],[-93.22282,44.91441],[-93.2228,44.916],[-93.2228,44.91604],[-93.22282,44.91622],[-93.22151,44.91623],[-93.22068,44.91623],[-93.22023,44.91623],[-93.21897,44.91624],[-93.21779,44.91624],[-93.21772,44.91625],[-93.21759,44.91625],[-93.21725,44.91627],[-93.21721,44.91627],[-93.21693,44.91628],[-93.21686,44.91629],[-93.21681,44.91629],[-93.21667,44.91626],[-93.21666,44.91626],[-93.21653,44.91626],[-93.21646,44.91626],[-93.2164,44.91626],[-93.2161,44.91626],[-93.2158,44.91626],[-93.21568,44.91627],[-93.21562,44.91627],[-93.21538,44.91629],[-93.21529,44.9163],[-93.21524,44.91631],[-93.2152,44.91631],[-93.21516,44.91631],[-93.21515,44.91631],[-93.21513,44.9163],[-93.2151,44.91629]]]},"properties":{"id":"crime-mpls-minnehaha","layer":"crime_minneapolis","name":"Minnehaha","county":"Hennepin","state":"MN","countyFips":"27053","attributes":{"neighborhood":"Minnehaha","statYear":2025,"firstFullYear":2018,"lastFullYear":2025,"homicide":1,"rape":2,"robbery":3,"aggravatedAssault":4,"burglary":24,"larceny":70,"autoTheft":32,"arson":0,"violentTotal":10,"propertyTotal":126,"reportedTotal":136,"reportedTotalBand":"100–199","total2018":117,"total2019":124,"total2020":192,"total2021":136,"total2022":159,"total2023":153,"total2024":124,"total2025":136,"changeSinceFirstFullYear":19,"partialYearLabel":"2026 (January–July, incomplete)","partialYearTotal":78,"centroidLon":-93.21384,"centroidLat":44.90978},"confidence":"confirmed","sourceDate":"2025"}},{"type":"Feature","geometry":{"type":"Polygon","coordinates":[[[-93.21916,44.89597],[-93.21917,44.89555],[-93.21917,44.89495],[-93.22031,44.89495],[-93.22043,44.89501],[-93.22253,44.89604],[-93.22252,44.89646],[-93.22252,44.89679],[-93.22252,44.89682],[-93.22228,44.89682],[-93.22209,44.89682],[-93.22164,44.89682],[-93.2215,44.89682],[-93.22147,44.89682],[-93.22128,44.89682],[-93.22115,44.89689],[-93.22096,44.897],[-93.22042,44.897],[-93.21974,44.897],[-93.21938,44.89682],[-93.21916,44.89682],[-93.21915,44.89783],[-93.21926,44.89779],[-93.22041,44.89726],[-93.22053,44.89721],[-93.22053,44.8971],[-93.22097,44.8971],[-93.22255,44.89709],[-93.22277,44.89709],[-93.22282,44.89707],[-93.22283,44.89706],[-93.22283,44.89705],[-93.22283,44.89704],[-93.22296,44.89704],[-93.22296,44.89707],[-93.22296,44.89709],[-93.22296,44.89736],[-93.22296,44.89747],[-93.22296,44.89748],[-93.22296,44.89752],[-93.22296,44.89753],[-93.22296,44.89811],[-93.22296,44.89812],[-93.22293,44.90176],[-93.22293,44.90177],[-93.22292,44.90217],[-93.22292,44.90257],[-93.22291,44.90357],[-93.22291,44.90358],[-93.2229,44.90417],[-93.2229,44.90447],[-93.22289,44.90472],[-93.22289,44.90486],[-93.22289,44.90499],[-93.22287,44.90537],[-93.22161,44.90537],[-93.22033,44.90538],[-93.21905,44.90538],[-93.21778,44.90538],[-93.21652,44.90538],[-93.21523,44.90538],[-93.21398,44.90538],[-93.2127,44.90539],[-93.21205,44.90539],[-93.21142,44.90539],[-93.21013,44.90539],[-93.20885,44.90539],[-93.20759,44.90539],[-93.2076,44.90496],[-93.2076,44.90487],[-93.2076,44.90439],[-93.20761,44.90359],[-93.20763,44.9018],[-93.20763,44.90176],[-93.20765,44.89995],[-93.20766,44.89895],[-93.20766,44.89875],[-93.20766,44.89869],[-93.20766,44.89867],[-93.20766,44.89863],[-93.20766,44.89845],[-93.20767,44.89842],[-93.20767,44.89837],[-93.20767,44.89836],[-93.20767,44.89834],[-93.20767,44.89814],[-93.20767,44.89813],[-93.20767,44.89812],[-93.20769,44.89642],[-93.20769,44.89637],[-93.20769,44.89636],[-93.20769,44.89633],[-93.20769,44.89627],[-93.20769,44.89626],[-93.20769,44.89624],[-93.2077,44.89624],[-93.20773,44.89624],[-93.20883,44.89624],[-93.20895,44.89623],[-93.2102,44.89623],[-93.21022,44.89623],[-93.21085,44.89623],[-93.21085,44.89613],[-93.21085,44.89599],[-93.21088,44.89343],[-93.21124,44.89343],[-93.21153,44.89343],[-93.2134,44.89343],[-93.21347,44.89343],[-93.21605,44.89342],[-93.2171,44.89379],[-93.21709,44.89453],[-93.21706,44.89556],[-93.21705,44.89597],[-93.21788,44.89597],[-93.21916,44.89597]]]},"properties":{"id":"crime-mpls-morris-park","layer":"crime_minneapolis","name":"Morris Park","county":"Hennepin","state":"MN","countyFips":"27053","attributes":{"neighborhood":"Morris Park","statYear":2025,"firstFullYear":2018,"lastFullYear":2025,"homicide":0,"rape":1,"robbery":1,"aggravatedAssault":2,"burglary":14,"larceny":28,"autoTheft":19,"arson":1,"violentTotal":4,"propertyTotal":62,"reportedTotal":66,"reportedTotalBand":"40–99","total2018":57,"total2019":53,"total2020":58,"total2021":56,"total2022":68,"total2023":63,"total2024":51,"total2025":66,"changeSinceFirstFullYear":9,"partialYearLabel":"2026 (January–July, incomplete)","partialYearTotal":37,"centroidLon":-93.21519,"centroidLat":44.90008},"confidence":"confirmed","sourceDate":"2025"}},{"type":"Feature","geometry":{"type":"Polygon","coordinates":[[[-93.29775,44.99917],[-93.29717,44.99916],[-93.29715,44.99916],[-93.29641,44.99917],[-93.29563,44.99917],[-93.29427,44.99914],[-93.29425,44.99914],[-93.29418,44.99914],[-93.29409,44.99914],[-93.293,44.99914],[-93.29257,44.99914],[-93.29256,44.99914],[-93.29106,44.99914],[-93.29103,44.99914],[-93.29102,44.99914],[-93.28969,44.99913],[-93.28952,44.99913],[-93.28945,44.99913],[-93.28875,44.99913],[-93.28804,44.99914],[-93.28799,44.99914],[-93.28794,44.99914],[-93.28719,44.99913],[-93.28648,44.99912],[-93.28565,44.99912],[-93.28494,44.99912],[-93.2846,44.99912],[-93.28438,44.99912],[-93.28429,44.99912],[-93.28394,44.99912],[-93.2836,44.99912],[-93.28288,44.99913],[-93.28286,44.99913],[-93.28265,44.99912],[-93.28229,44.99911],[-93.28224,44.99911],[-93.28182,44.9991],[-93.28019,44.9991],[-93.28017,44.9991],[-93.27867,44.9991],[-93.2785,44.9991],[-93.27846,44.9991],[-93.2776,44.9991],[-93.27753,44.9991],[-93.27751,44.9991],[-93.2775,44.9991],[-93.27744,44.9991],[-93.27711,44.99909],[-93.27706,44.99908],[-93.27655,44.99907],[-93.27649,44.99906],[-93.27643,44.99906],[-93.27642,44.99906],[-93.27615,44.99905],[-93.27543,44.99903],[-93.27529,44.99902],[-93.27523,44.99902],[-93.2752,44.99902],[-93.27515,44.99902],[-93.27514,44.99898],[-93.27514,44.99896],[-93.27513,44.99887],[-93.27511,44.99858],[-93.2751,44.99851],[-93.27507,44.9982],[-93.27506,44.99801],[-93.27504,44.99789],[-93.27503,44.99777],[-93.27502,44.99765],[-93.27501,44.99754],[-93.27498,44.99738],[-93.27496,44.99722],[-93.27495,44.99714],[-93.27494,44.99707],[-93.27493,44.99699],[-93.27492,44.99693],[-93.27491,44.99692],[-93.2749,44.99685],[-93.27489,44.99679],[-93.27489,44.99678],[-93.27487,44.99671],[-93.27486,44.99664],[-93.27485,44.99657],[-93.27483,44.99651],[-93.27482,44.99644],[-93.27481,44.99642],[-93.2748,44.99637],[-93.27477,44.99625],[-93.27474,44.99614],[-93.27472,44.99604],[-93.27469,44.99594],[-93.27467,44.99587],[-93.27467,44.99585],[-93.27464,44.99576],[-93.27462,44.99569],[-93.27462,44.99567],[-93.27459,44.99558],[-93.27457,44.9955],[-93.27454,44.99541],[-93.27452,44.99533],[-93.27451,44.99531],[-93.27449,44.99525],[-93.27446,44.99518],[-93.27444,44.9951],[-93.27441,44.99503],[-93.27438,44.99495],[-93.27436,44.99488],[-93.27433,44.99481],[-93.2743,44.99474],[-93.27428,44.9947],[-93.27427,44.99467],[-93.27424,44.99461],[-93.27421,44.99454],[-93.27418,44.99448],[-93.27415,44.99441],[-93.27412,44.99436],[-93.27409,44.9943],[-93.27407,44.99425],[-93.27404,44.9942],[-93.27398,44.9941],[-93.27393,44.99401],[-93.27389,44.99393],[-93.27384,44.99386],[-93.27379,44.99378],[-93.27375,44.9937],[-93.27374,44.9937],[-93.2737,44.99362],[-93.27365,44.99355],[-93.27363,44.99352],[-93.27355,44.99342],[-93.27351,44.99335],[-93.27346,44.99329],[-93.27341,44.99323],[-93.27336,44.99318],[-93.27331,44.99312],[-93.27327,44.99307],[-93.27326,44.99307],[-93.27323,44.99303],[-93.27321,44.99302],[-93.27321,44.99301],[-93.27326,44.99299],[-93.27345,44.99294],[-93.27349,44.99292],[-93.27431,44.99267],[-93.27438,44.99264],[-93.27439,44.99264],[-93.27441,44.99263],[-93.27448,44.99261],[-93.2745,44.99261],[-93.27476,44.99252],[-93.27489,44.99248],[-93.27546,44.99231],[-93.27547,44.9923],[-93.27591,44.99223],[-93.27689,44.99207],[-93.27702,44.99206],[-93.27728,44.99204],[-93.27743,44.99203],[-93.27759,44.99202],[-93.27791,44.99201],[-93.27797,44.99201],[-93.27874,44.992],[-93.27875,44.992],[-93.27895,44.992],[-93.27981,44.99199],[-93.28126,44.99198],[-93.28143,44.99198],[-93.28179,44.99199],[-93.28293,44.99202],[-93.28359,44.99201],[-93.28371,44.99201],[-93.28388,44.99201],[-93.28403,44.99201],[-93.28423,44.99201],[-93.28424,44.99201],[-93.28443,44.992],[-93.28488,44.992],[-93.2849,44.992],[-93.28509,44.99199],[-93.28518,44.99199],[-93.28524,44.99195],[-93.28538,44.99184],[-93.28574,44.99159],[-93.28583,44.99153],[-93.2862,44.99125],[-93.28646,44.99106],[-93.28657,44.99098],[-93.28671,44.99089],[-93.28672,44.99088],[-93.28675,44.99086],[-93.28684,44.99079],[-93.28685,44.99078],[-93.28688,44.99076],[-93.28704,44.99063],[-93.28719,44.9905],[-93.28736,44.99034],[-93.28753,44.99018],[-93.28769,44.98999],[-93.28779,44.98987],[-93.28796,44.98962],[-93.2881,44.98939],[-93.28824,44.98915],[-93.28827,44.98909],[-93.2883,44.98904],[-93.2884,44.98903],[-93.2885,44.98903],[-93.28914,44.98902],[-93.28918,44.98902],[-93.28954,44.98902],[-93.28966,44.98902],[-93.29022,44.98901],[-93.29024,44.98901],[-93.29025,44.98901],[-93.29042,44.98916],[-93.29057,44.98928],[-93.29057,44.98929],[-93.29101,44.98902],[-93.29104,44.98902],[-93.29186,44.98901],[-93.29243,44.98901],[-93.29267,44.989],[-93.2928,44.989],[-93.29308,44.989],[-93.29309,44.989],[-93.2941,44.98898],[-93.2941,44.98877],[-93.2941,44.98841],[-93.2941,44.98815],[-93.29411,44.98632],[-93.2941,44.98565],[-93.29409,44.98563],[-93.29408,44.98561],[-93.29405,44.98556],[-93.29395,44.98546],[-93.29373,44.98534],[-93.29389,44.98516],[-93.29395,44.98508],[-93.29401,44.98497],[-93.29401,44.98495],[-93.29402,44.98448],[-93.29402,44.98446],[-93.29402,44.9844],[-93.29401,44.98438],[-93.29401,44.98437],[-93.29407,44.98437],[-93.29408,44.98437],[-93.2941,44.98437],[-93.29428,44.98437],[-93.29568,44.98437],[-93.29591,44.98437],[-93.2982,44.98437],[-93.29838,44.98437],[-93.30009,44.9844],[-93.30061,44.9844],[-93.30075,44.98441],[-93.30176,44.98441],[-93.30177,44.98441],[-93.30309,44.9844],[-93.30321,44.9844],[-93.3045,44.9844],[-93.30451,44.9844],[-93.30471,44.9844],[-93.30538,44.9844],[-93.30579,44.98441],[-93.30696,44.98441],[-93.30704,44.98441],[-93.30752,44.98441],[-93.30791,44.98441],[-93.30828,44.98441],[-93.30829,44.98441],[-93.30831,44.98441],[-93.30831,44.98442],[-93.30831,44.98443],[-93.3083,44.98454],[-93.3083,44.98456],[-93.30828,44.98608],[-93.30828,44.98609],[-93.30827,44.98789],[-93.30827,44.9879],[-93.30825,44.9897],[-93.30825,44.98972],[-93.30824,44.99053],[-93.30822,44.99146],[-93.30822,44.9915],[-93.30697,44.9915],[-93.3057,44.9915],[-93.30446,44.9915],[-93.30321,44.9915],[-93.30319,44.9915],[-93.30211,44.9915],[-93.30193,44.9915],[-93.30193,44.99151],[-93.30193,44.99182],[-93.30194,44.99307],[-93.30194,44.99308],[-93.30194,44.99416],[-93.30194,44.99417],[-93.30194,44.99521],[-93.30071,44.99521],[-93.30071,44.99522],[-93.3007,44.99544],[-93.30067,44.99631],[-93.30067,44.99632],[-93.30067,44.99633],[-93.30069,44.99742],[-93.30019,44.99742],[-93.29943,44.99742],[-93.29942,44.99873],[-93.29942,44.99874],[-93.29942,44.99875],[-93.29941,44.99882],[-93.2994,44.9989],[-93.29939,44.99895],[-93.29939,44.99896],[-93.29938,44.99898],[-93.29938,44.999],[-93.29935,44.99912],[-93.29919,44.99939],[-93.29903,44.9995],[-93.29901,44.9995],[-93.29901,44.99951],[-93.299,44.99951],[-93.29899,44.99952],[-93.29895,44.99951],[-93.29856,44.99941],[-93.29775,44.99917]]]},"properties":{"id":"crime-mpls-near-north","layer":"crime_minneapolis","name":"Near - North","county":"Hennepin","state":"MN","countyFips":"27053","attributes":{"neighborhood":"Near - North","statYear":2025,"firstFullYear":2018,"lastFullYear":2025,"homicide":1,"rape":14,"robbery":33,"aggravatedAssault":93,"burglary":33,"larceny":125,"autoTheft":89,"arson":4,"violentTotal":141,"propertyTotal":251,"reportedTotal":392,"reportedTotalBand":"200–449","total2018":492,"total2019":509,"total2020":527,"total2021":454,"total2022":610,"total2023":525,"total2024":479,"total2025":392,"changeSinceFirstFullYear":-100,"partialYearLabel":"2026 (January–July, incomplete)","partialYearTotal":293,"centroidLon":-93.29243,"centroidLat":44.99268},"confidence":"confirmed","sourceDate":"2025"}},{"type":"Feature","geometry":{"type":"Polygon","coordinates":[[[-93.25307,44.98903],[-93.25327,44.98879],[-93.25328,44.98878],[-93.25407,44.9878],[-93.25407,44.98779],[-93.25415,44.98769],[-93.25462,44.98707],[-93.25479,44.98684],[-93.25484,44.98678],[-93.25528,44.98621],[-93.25531,44.98616],[-93.25561,44.98581],[-93.25618,44.98508],[-93.25619,44.98506],[-93.25634,44.98489],[-93.25637,44.98485],[-93.25638,44.98484],[-93.25652,44.98467],[-93.25653,44.98466],[-93.25653,44.98465],[-93.25659,44.98458],[-93.25665,44.98451],[-93.25674,44.9844],[-93.25679,44.98434],[-93.25684,44.98427],[-93.25721,44.98401],[-93.25781,44.98372],[-93.25808,44.98363],[-93.25853,44.98349],[-93.25882,44.9834],[-93.25887,44.98338],[-93.25912,44.9833],[-93.25981,44.98309],[-93.26009,44.983],[-93.26011,44.983],[-93.26018,44.98303],[-93.26023,44.98306],[-93.26032,44.9831],[-93.26046,44.98317],[-93.26059,44.98324],[-93.26075,44.98333],[-93.26096,44.98344],[-93.26114,44.98353],[-93.26131,44.98363],[-93.26146,44.98371],[-93.26161,44.98379],[-93.26176,44.98388],[-93.26184,44.98392],[-93.2619,44.98396],[-93.26203,44.98403],[-93.26216,44.98411],[-93.26229,44.98419],[-93.26242,44.98426],[-93.26253,44.98433],[-93.26264,44.9844],[-93.26275,44.98447],[-93.26286,44.98454],[-93.26297,44.98461],[-93.26307,44.98468],[-93.26317,44.98475],[-93.26327,44.98481],[-93.26337,44.98488],[-93.26348,44.98496],[-93.26359,44.98504],[-93.26369,44.98512],[-93.26379,44.98519],[-93.2638,44.9852],[-93.26384,44.98523],[-93.2639,44.98528],[-93.26391,44.98528],[-93.26392,44.98529],[-93.26393,44.9853],[-93.26401,44.98536],[-93.26403,44.98537],[-93.26404,44.98538],[-93.26411,44.98544],[-93.26418,44.9855],[-93.26423,44.98553],[-93.26425,44.98555],[-93.26432,44.98561],[-93.2644,44.98567],[-93.26447,44.98573],[-93.26454,44.98579],[-93.26461,44.98584],[-93.26468,44.9859],[-93.26474,44.98596],[-93.26481,44.98602],[-93.26491,44.98611],[-93.265,44.98619],[-93.26507,44.98625],[-93.26514,44.98632],[-93.26521,44.98638],[-93.26528,44.98645],[-93.26534,44.9865],[-93.2654,44.98656],[-93.26546,44.98662],[-93.26552,44.98667],[-93.26557,44.98673],[-93.26563,44.98678],[-93.26568,44.98683],[-93.26573,44.98688],[-93.26578,44.98694],[-93.26583,44.98699],[-93.26588,44.98704],[-93.26592,44.98709],[-93.26597,44.98714],[-93.26601,44.98719],[-93.26606,44.98724],[-93.2661,44.98729],[-93.26614,44.98734],[-93.26618,44.98739],[-93.2662,44.98742],[-93.26622,44.98745],[-93.26626,44.9875],[-93.2663,44.98756],[-93.26633,44.98761],[-93.26637,44.98767],[-93.26638,44.98769],[-93.26642,44.98775],[-93.26645,44.98781],[-93.26648,44.98787],[-93.26649,44.98788],[-93.26652,44.98794],[-93.26655,44.98801],[-93.26658,44.98807],[-93.26662,44.98814],[-93.26674,44.98839],[-93.26678,44.98848],[-93.26683,44.98858],[-93.26684,44.9886],[-93.26688,44.98867],[-93.2669,44.98872],[-93.26691,44.98872],[-93.26693,44.98877],[-93.26695,44.98881],[-93.26698,44.98886],[-93.267,44.9889],[-93.26703,44.98894],[-93.26706,44.98898],[-93.26708,44.98902],[-93.2671,44.98906],[-93.26711,44.98907],[-93.26714,44.98911],[-93.26717,44.98915],[-93.2672,44.98919],[-93.26723,44.98923],[-93.26727,44.98927],[-93.2673,44.98931],[-93.26733,44.98935],[-93.26738,44.98939],[-93.26744,44.98945],[-93.2675,44.98952],[-93.26756,44.98957],[-93.26761,44.98961],[-93.26766,44.98966],[-93.26771,44.9897],[-93.26772,44.98971],[-93.26777,44.98975],[-93.26774,44.98977],[-93.26771,44.98979],[-93.26768,44.98981],[-93.26767,44.98981],[-93.26763,44.98984],[-93.26759,44.98986],[-93.2675,44.98992],[-93.2674,44.98997],[-93.26731,44.99003],[-93.26721,44.99008],[-93.26713,44.99012],[-93.26711,44.99013],[-93.26701,44.99018],[-93.26692,44.99022],[-93.26682,44.99027],[-93.26672,44.99031],[-93.26661,44.99036],[-93.26651,44.9904],[-93.26641,44.99044],[-93.26629,44.99048],[-93.26618,44.99052],[-93.26608,44.99056],[-93.26598,44.99059],[-93.26588,44.99063],[-93.26582,44.99064],[-93.26578,44.99066],[-93.26569,44.99068],[-93.2656,44.99071],[-93.26546,44.99074],[-93.26538,44.99076],[-93.26532,44.99077],[-93.26524,44.99079],[-93.26517,44.9908],[-93.2651,44.9908],[-93.26503,44.99081],[-93.26497,44.99081],[-93.26496,44.99081],[-93.2649,44.99081],[-93.26483,44.99081],[-93.26478,44.99081],[-93.26472,44.9908],[-93.26466,44.99079],[-93.26459,44.99078],[-93.26453,44.99077],[-93.26446,44.99075],[-93.26439,44.99074],[-93.26432,44.99071],[-93.26424,44.99069],[-93.26415,44.99066],[-93.26383,44.99054],[-93.26375,44.99052],[-93.26366,44.99048],[-93.26357,44.99045],[-93.26347,44.99041],[-93.26337,44.99036],[-93.26327,44.99032],[-93.26316,44.99026],[-93.26305,44.99021],[-93.26296,44.99017],[-93.26286,44.99012],[-93.26277,44.99007],[-93.26268,44.99002],[-93.2626,44.98997],[-93.26251,44.98992],[-93.26243,44.98987],[-93.26236,44.98983],[-93.2623,44.98978],[-93.26222,44.98973],[-93.26215,44.98968],[-93.26208,44.98963],[-93.26207,44.98962],[-93.26203,44.98959],[-93.26198,44.98954],[-93.26194,44.98951],[-93.2619,44.98947],[-93.26187,44.98944],[-93.26183,44.9894],[-93.2618,44.98936],[-93.26176,44.98932],[-93.26166,44.98918],[-93.26163,44.98913],[-93.26161,44.98909],[-93.26159,44.98907],[-93.26156,44.98902],[-93.26154,44.98897],[-93.26149,44.98888],[-93.26148,44.98887],[-93.26146,44.98884],[-93.26117,44.98891],[-93.26112,44.98893],[-93.26111,44.98893],[-93.26101,44.98895],[-93.261,44.98896],[-93.26087,44.98899],[-93.26076,44.98902],[-93.26065,44.98905],[-93.2606,44.98907],[-93.26049,44.9891],[-93.2596,44.98939],[-93.25957,44.9894],[-93.25935,44.98947],[-93.25921,44.98952],[-93.25919,44.98953],[-93.2579,44.98998],[-93.25777,44.99002],[-93.25776,44.99002],[-93.25776,44.99003],[-93.25704,44.99028],[-93.25648,44.99047],[-93.25631,44.99053],[-93.25579,44.99071],[-93.25516,44.99093],[-93.25503,44.99098],[-93.25502,44.99098],[-93.25494,44.99101],[-93.25493,44.99101],[-93.25492,44.99101],[-93.25447,44.99117],[-93.25419,44.99126],[-93.25395,44.99135],[-93.2537,44.99144],[-93.25352,44.9915],[-93.25351,44.9915],[-93.25342,44.99153],[-93.253,44.99168],[-93.25238,44.99189],[-93.2522,44.99195],[-93.25207,44.992],[-93.25206,44.992],[-93.25166,44.99214],[-93.25154,44.99218],[-93.25146,44.99221],[-93.25124,44.99229],[-93.25092,44.9924],[-93.25071,44.99247],[-93.25051,44.99254],[-93.25029,44.99262],[-93.25022,44.99264],[-93.2502,44.99265],[-93.25021,44.99263],[-93.25022,44.99262],[-93.25028,44.99254],[-93.2503,44.99252],[-93.25093,44.99174],[-93.25095,44.99172],[-93.25144,44.99111],[-93.25163,44.99088],[-93.25164,44.99087],[-93.25167,44.99083],[-93.25171,44.99078],[-93.25174,44.99076],[-93.25174,44.99075],[-93.25196,44.99047],[-93.25238,44.98994],[-93.25253,44.98976],[-93.25255,44.98973],[-93.25291,44.98923],[-93.25293,44.98921],[-93.25297,44.98915],[-93.25307,44.98903]]]},"properties":{"id":"crime-mpls-nicollet-island-east-bank","layer":"crime_minneapolis","name":"Nicollet Island - East Bank","county":"Hennepin","state":"MN","countyFips":"27053","attributes":{"neighborhood":"Nicollet Island - East Bank","statYear":2025,"firstFullYear":2018,"lastFullYear":2025,"homicide":0,"rape":3,"robbery":4,"aggravatedAssault":10,"burglary":10,"larceny":211,"autoTheft":24,"arson":2,"violentTotal":17,"propertyTotal":247,"reportedTotal":264,"reportedTotalBand":"200–449","total2018":108,"total2019":106,"total2020":154,"total2021":116,"total2022":181,"total2023":162,"total2024":223,"total2025":264,"changeSinceFirstFullYear":156,"partialYearLabel":"2026 (January–July, incomplete)","partialYearTotal":190,"centroidLon":-93.25957,"centroidLat":44.98769},"confidence":"confirmed","sourceDate":"2025"}},{"type":"Feature","geometry":{"type":"Polygon","coordinates":[[[-93.27211,44.99213],[-93.27157,44.99176],[-93.27156,44.99175],[-93.27152,44.99172],[-93.27148,44.99169],[-93.27139,44.99163],[-93.27131,44.99157],[-93.27123,44.99152],[-93.27115,44.99147],[-93.27108,44.99142],[-93.271,44.99137],[-93.27093,44.99133],[-93.27089,44.9913],[-93.27086,44.99128],[-93.27079,44.99124],[-93.27072,44.9912],[-93.27066,44.99116],[-93.27061,44.99113],[-93.27056,44.99111],[-93.27051,44.99108],[-93.27046,44.99105],[-93.27041,44.99103],[-93.2704,44.99102],[-93.27036,44.991],[-93.27031,44.99098],[-93.27026,44.99096],[-93.27021,44.99093],[-93.27016,44.99091],[-93.2701,44.99089],[-93.27005,44.99086],[-93.26999,44.99084],[-93.26993,44.99082],[-93.26992,44.99081],[-93.26982,44.99077],[-93.2697,44.99073],[-93.26959,44.99069],[-93.26954,44.99067],[-93.26937,44.9906],[-93.26931,44.99058],[-93.26916,44.99053],[-93.26909,44.9905],[-93.26902,44.99047],[-93.26896,44.99045],[-93.2689,44.99042],[-93.26883,44.9904],[-93.26877,44.99037],[-93.26871,44.99034],[-93.26866,44.99032],[-93.26865,44.99032],[-93.2686,44.99029],[-93.26856,44.99027],[-93.26854,44.99026],[-93.26849,44.99024],[-93.26844,44.99021],[-93.26839,44.99019],[-93.26835,44.99016],[-93.2683,44.99014],[-93.26826,44.99011],[-93.26823,44.99009],[-93.2682,44.99007],[-93.26812,44.99002],[-93.26805,44.98997],[-93.268,44.98993],[-93.26799,44.98992],[-93.26794,44.98988],[-93.26788,44.98984],[-93.26787,44.98983],[-93.26784,44.98981],[-93.26783,44.9898],[-93.26777,44.98975],[-93.26772,44.98971],[-93.26771,44.9897],[-93.26766,44.98966],[-93.26761,44.98961],[-93.26756,44.98957],[-93.2675,44.98952],[-93.26744,44.98945],[-93.26738,44.98939],[-93.26733,44.98935],[-93.2673,44.98931],[-93.26727,44.98927],[-93.26723,44.98923],[-93.2672,44.98919],[-93.26717,44.98915],[-93.26714,44.98911],[-93.26711,44.98907],[-93.2671,44.98906],[-93.26708,44.98902],[-93.26706,44.98898],[-93.26703,44.98894],[-93.267,44.9889],[-93.26698,44.98886],[-93.26695,44.98881],[-93.26693,44.98877],[-93.26691,44.98872],[-93.2669,44.98872],[-93.26688,44.98867],[-93.26684,44.9886],[-93.26683,44.98858],[-93.26678,44.98848],[-93.26674,44.98839],[-93.26662,44.98814],[-93.26658,44.98807],[-93.26655,44.98801],[-93.26652,44.98794],[-93.26649,44.98788],[-93.26648,44.98787],[-93.26645,44.98781],[-93.26642,44.98775],[-93.26638,44.98769],[-93.26637,44.98767],[-93.26633,44.98761],[-93.2663,44.98756],[-93.26626,44.9875],[-93.26622,44.98745],[-93.2662,44.98742],[-93.26618,44.98739],[-93.26614,44.98734],[-93.2661,44.98729],[-93.26606,44.98724],[-93.26601,44.98719],[-93.26597,44.98714],[-93.26592,44.98709],[-93.26588,44.98704],[-93.26583,44.98699],[-93.26578,44.98694],[-93.26573,44.98688],[-93.26568,44.98683],[-93.26563,44.98678],[-93.26557,44.98673],[-93.26552,44.98667],[-93.26546,44.98662],[-93.2654,44.98656],[-93.26534,44.9865],[-93.26528,44.98645],[-93.26521,44.98638],[-93.26514,44.98632],[-93.26507,44.98625],[-93.265,44.98619],[-93.26491,44.98611],[-93.26481,44.98602],[-93.26474,44.98596],[-93.26468,44.9859],[-93.26461,44.98584],[-93.26454,44.98579],[-93.26447,44.98573],[-93.2644,44.98567],[-93.26432,44.98561],[-93.26425,44.98555],[-93.26423,44.98553],[-93.26418,44.9855],[-93.26411,44.98544],[-93.26404,44.98538],[-93.26403,44.98537],[-93.26401,44.98536],[-93.26393,44.9853],[-93.26392,44.98529],[-93.26468,44.98496],[-93.26473,44.98494],[-93.26475,44.98494],[-93.26476,44.98493],[-93.26482,44.9849],[-93.26497,44.98484],[-93.2653,44.98469],[-93.26536,44.98466],[-93.26537,44.98466],[-93.2655,44.98459],[-93.26586,44.98434],[-93.26617,44.98416],[-93.26665,44.98383],[-93.26666,44.98382],[-93.26672,44.98378],[-93.26674,44.98377],[-93.26789,44.98297],[-93.26866,44.98241],[-93.26895,44.98219],[-93.269,44.98215],[-93.26901,44.98215],[-93.26902,44.98216],[-93.27002,44.98279],[-93.2702,44.9829],[-93.27023,44.98292],[-93.27026,44.98294],[-93.27026,44.98295],[-93.27056,44.98317],[-93.27073,44.9833],[-93.27078,44.98334],[-93.27131,44.98374],[-93.27132,44.98375],[-93.27225,44.9844],[-93.27242,44.98453],[-93.27244,44.98452],[-93.27249,44.98448],[-93.2736,44.98367],[-93.27363,44.98365],[-93.27385,44.98349],[-93.27398,44.9834],[-93.27479,44.98282],[-93.2748,44.98282],[-93.27528,44.98248],[-93.27555,44.9823],[-93.27591,44.98204],[-93.27595,44.98201],[-93.276,44.98198],[-93.27613,44.9819],[-93.27642,44.98169],[-93.27644,44.98168],[-93.27696,44.98136],[-93.27698,44.98134],[-93.277,44.98133],[-93.27704,44.9813],[-93.27706,44.98129],[-93.27714,44.98125],[-93.27739,44.98114],[-93.27743,44.98113],[-93.27744,44.98112],[-93.27745,44.98112],[-93.27753,44.98108],[-93.27767,44.98102],[-93.27783,44.98097],[-93.27796,44.98094],[-93.27803,44.98091],[-93.27849,44.98077],[-93.2785,44.98077],[-93.2786,44.98072],[-93.27882,44.98061],[-93.2789,44.98057],[-93.27898,44.98052],[-93.27906,44.98049],[-93.27907,44.98048],[-93.27914,44.98043],[-93.2792,44.9804],[-93.27925,44.98036],[-93.27939,44.98026],[-93.27955,44.98015],[-93.27961,44.9801],[-93.27983,44.97995],[-93.27987,44.97992],[-93.28024,44.97961],[-93.28025,44.9796],[-93.28051,44.97938],[-93.28082,44.97913],[-93.28106,44.97903],[-93.28112,44.97901],[-93.28121,44.979],[-93.28129,44.97898],[-93.28138,44.97896],[-93.28147,44.97894],[-93.28151,44.97894],[-93.28151,44.97892],[-93.28152,44.97794],[-93.28152,44.97793],[-93.2816,44.97755],[-93.2816,44.97754],[-93.28161,44.97732],[-93.2815,44.97694],[-93.2815,44.97693],[-93.2813,44.97653],[-93.28124,44.97641],[-93.28132,44.97631],[-93.28157,44.97605],[-93.28175,44.97592],[-93.28176,44.97591],[-93.28183,44.97586],[-93.28211,44.9757],[-93.28235,44.9756],[-93.28242,44.97557],[-93.28258,44.97553],[-93.28272,44.97548],[-93.28276,44.97547],[-93.28281,44.97546],[-93.28306,44.97541],[-93.28314,44.97539],[-93.28319,44.97538],[-93.28335,44.97537],[-93.28356,44.97534],[-93.28441,44.97529],[-93.28517,44.97523],[-93.28559,44.97519],[-93.28563,44.97519],[-93.28571,44.97518],[-93.28575,44.97518],[-93.28644,44.97513],[-93.28662,44.97512],[-93.28746,44.97505],[-93.28747,44.97505],[-93.28755,44.97504],[-93.28756,44.97504],[-93.28796,44.97502],[-93.28798,44.97501],[-93.28803,44.97501],[-93.28802,44.97508],[-93.28802,44.97515],[-93.28802,44.97534],[-93.28804,44.9757],[-93.28803,44.97574],[-93.28802,44.97579],[-93.28801,44.97583],[-93.288,44.976],[-93.28799,44.97607],[-93.28798,44.97608],[-93.28799,44.97705],[-93.28799,44.9771],[-93.28799,44.97732],[-93.28799,44.97738],[-93.28799,44.9775],[-93.28799,44.97757],[-93.28799,44.97759],[-93.28799,44.97764],[-93.28799,44.97765],[-93.28799,44.97766],[-93.28799,44.97767],[-93.28799,44.97768],[-93.28801,44.97895],[-93.28801,44.97897],[-93.28801,44.97946],[-93.28801,44.97949],[-93.28796,44.98423],[-93.28796,44.98426],[-93.28798,44.98434],[-93.28799,44.98437],[-93.288,44.98441],[-93.28801,44.98446],[-93.2881,44.98482],[-93.28811,44.98485],[-93.28818,44.98512],[-93.28824,44.98537],[-93.28825,44.98539],[-93.2883,44.9856],[-93.28832,44.9857],[-93.28832,44.98572],[-93.28833,44.98573],[-93.28835,44.98581],[-93.28839,44.98597],[-93.28844,44.98618],[-93.28848,44.98636],[-93.28849,44.98639],[-93.2885,44.98641],[-93.2885,44.98642],[-93.28855,44.9866],[-93.28861,44.98696],[-93.28865,44.98724],[-93.28866,44.9874],[-93.28866,44.98746],[-93.28865,44.9875],[-93.28865,44.98763],[-93.28864,44.98772],[-93.28864,44.98787],[-93.28862,44.98798],[-93.2886,44.98809],[-93.28857,44.98828],[-93.28852,44.98846],[-93.28847,44.98865],[-93.2884,44.98882],[-93.28834,44.98894],[-93.2883,44.98903],[-93.2883,44.98904],[-93.28827,44.98909],[-93.28824,44.98915],[-93.2881,44.98939],[-93.28796,44.98962],[-93.28779,44.98987],[-93.28769,44.98999],[-93.28753,44.99018],[-93.28736,44.99034],[-93.28719,44.9905],[-93.28704,44.99063],[-93.28688,44.99076],[-93.28685,44.99078],[-93.28684,44.99079],[-93.28675,44.99086],[-93.28672,44.99088],[-93.28671,44.99089],[-93.28657,44.99098],[-93.28646,44.99106],[-93.2862,44.99125],[-93.28583,44.99153],[-93.28574,44.99159],[-93.28538,44.99184],[-93.28524,44.99195],[-93.28518,44.99199],[-93.28509,44.99199],[-93.2849,44.992],[-93.28488,44.992],[-93.28443,44.992],[-93.28424,44.99201],[-93.28423,44.99201],[-93.28403,44.99201],[-93.28388,44.99201],[-93.28371,44.99201],[-93.28359,44.99201],[-93.28293,44.99202],[-93.28179,44.99199],[-93.28143,44.99198],[-93.28126,44.99198],[-93.27981,44.99199],[-93.27895,44.992],[-93.27875,44.992],[-93.27874,44.992],[-93.27797,44.99201],[-93.27791,44.99201],[-93.27759,44.99202],[-93.27743,44.99203],[-93.27728,44.99204],[-93.27702,44.99206],[-93.27689,44.99207],[-93.27591,44.99223],[-93.27547,44.9923],[-93.27546,44.99231],[-93.27489,44.99248],[-93.27476,44.99252],[-93.2745,44.99261],[-93.27448,44.99261],[-93.27441,44.99263],[-93.27439,44.99264],[-93.27438,44.99264],[-93.27431,44.99267],[-93.27349,44.99292],[-93.27345,44.99294],[-93.27326,44.99299],[-93.27321,44.99301],[-93.27319,44.993],[-93.27318,44.99298],[-93.27315,44.99296],[-93.27309,44.9929],[-93.27303,44.99284],[-93.27297,44.99279],[-93.27291,44.99273],[-93.27284,44.99268],[-93.27277,44.99262],[-93.2727,44.99256],[-93.27262,44.9925],[-93.27254,44.99244],[-93.27246,44.99238],[-93.27238,44.99232],[-93.2723,44.99226],[-93.27221,44.9922],[-93.27214,44.99215],[-93.27211,44.99213]]]},"properties":{"id":"crime-mpls-north-loop","layer":"crime_minneapolis","name":"North Loop","county":"Hennepin","state":"MN","countyFips":"27053","attributes":{"neighborhood":"North Loop","statYear":2025,"firstFullYear":2018,"lastFullYear":2025,"homicide":1,"rape":14,"robbery":16,"aggravatedAssault":41,"burglary":41,"larceny":399,"autoTheft":85,"arson":2,"violentTotal":72,"propertyTotal":527,"reportedTotal":599,"reportedTotalBand":"450+","total2018":414,"total2019":467,"total2020":507,"total2021":549,"total2022":677,"total2023":546,"total2024":562,"total2025":599,"changeSinceFirstFullYear":185,"partialYearLabel":"2026 (January–July, incomplete)","partialYearTotal":380,"centroidLon":-93.27894,"centroidLat":44.9854},"confidence":"confirmed","sourceDate":"2025"}},{"type":"Feature","geometry":{"type":"Polygon","coordinates":[[[-93.21781,45.00608],[-93.21781,45.00602],[-93.2178,45.00602],[-93.21767,45.00602],[-93.21617,45.00604],[-93.21458,45.00606],[-93.21368,45.00607],[-93.21366,45.00607],[-93.21343,45.00607],[-93.21233,45.00608],[-93.20883,45.00612],[-93.20878,45.00612],[-93.20787,45.00613],[-93.20784,45.00613],[-93.20783,45.00613],[-93.20781,45.00613],[-93.20766,45.00613],[-93.20764,45.00613],[-93.20763,45.00613],[-93.20764,45.00613],[-93.2077,45.0061],[-93.20788,45.00602],[-93.2087,45.00566],[-93.20991,45.00513],[-93.21013,45.00503],[-93.21184,45.0043],[-93.21198,45.00424],[-93.21221,45.00414],[-93.21225,45.00413],[-93.21353,45.00358],[-93.21468,45.00309],[-93.21543,45.00277],[-93.21711,45.00205],[-93.21753,45.00186],[-93.21779,45.00177],[-93.21784,45.00175],[-93.21811,45.00165],[-93.21828,45.00159],[-93.21849,45.00152],[-93.21878,45.00143],[-93.21883,45.00141],[-93.2193,45.00129],[-93.21937,45.00127],[-93.21976,45.00117],[-93.22018,45.00109],[-93.22055,45.00102],[-93.22107,45.00094],[-93.22125,45.00092],[-93.22178,45.00087],[-93.22216,45.00084],[-93.22224,45.00084],[-93.22283,45.00081],[-93.22341,45.00082],[-93.22359,45.00082],[-93.22368,45.00083],[-93.22393,45.00083],[-93.22435,45.00087],[-93.22471,45.0009],[-93.2249,45.00092],[-93.2252,45.00096],[-93.22525,45.00097],[-93.22543,45.00099],[-93.22562,45.00102],[-93.22587,45.00107],[-93.22593,45.00108],[-93.22631,45.00116],[-93.22646,45.00119],[-93.22693,45.00131],[-93.22696,45.00132],[-93.22708,45.00135],[-93.22783,45.00156],[-93.22906,45.00189],[-93.22978,45.00209],[-93.22979,45.00209],[-93.22993,45.00213],[-93.23001,45.00215],[-93.2301,45.00218],[-93.23019,45.0022],[-93.23029,45.00223],[-93.23033,45.00224],[-93.23052,45.00229],[-93.2308,45.00233],[-93.23147,45.00244],[-93.23233,45.0025],[-93.23243,45.0025],[-93.23252,45.0025],[-93.23285,45.00248],[-93.23308,45.00247],[-93.23318,45.00246],[-93.23364,45.00241],[-93.23383,45.00238],[-93.23442,45.00225],[-93.23485,45.0021],[-93.23542,45.00182],[-93.23555,45.00174],[-93.23578,45.00158],[-93.23583,45.00155],[-93.23616,45.00127],[-93.23665,45.00076],[-93.23666,45.00076],[-93.23667,45.00074],[-93.23668,45.00074],[-93.23684,45.00058],[-93.23723,45.00003],[-93.23741,44.99976],[-93.23781,44.99899],[-93.23794,44.99872],[-93.23794,44.99871],[-93.23818,44.99871],[-93.23821,44.99871],[-93.23844,44.9987],[-93.23904,44.9987],[-93.23968,44.9987],[-93.23973,44.9987],[-93.24097,44.9987],[-93.241,44.9987],[-93.24221,44.99871],[-93.24223,44.99871],[-93.24227,44.99871],[-93.24353,44.99871],[-93.24484,44.99871],[-93.24485,44.99871],[-93.2451,44.99871],[-93.24607,44.9987],[-93.24726,44.99869],[-93.24728,44.99869],[-93.24729,44.99869],[-93.24729,44.9987],[-93.24729,44.99871],[-93.24729,44.99872],[-93.24729,44.99895],[-93.24728,44.99982],[-93.24728,44.99988],[-93.2473,45.00046],[-93.2473,45.00052],[-93.2473,45.00171],[-93.24731,45.00226],[-93.24731,45.00228],[-93.24731,45.00229],[-93.24731,45.00232],[-93.24732,45.00347],[-93.24732,45.00349],[-93.24732,45.00353],[-93.24733,45.00398],[-93.24734,45.0044],[-93.24735,45.00521],[-93.24736,45.00575],[-93.24737,45.00592],[-93.24737,45.00593],[-93.24736,45.00593],[-93.24735,45.00593],[-93.24667,45.00593],[-93.24611,45.00594],[-93.24563,45.00594],[-93.2456,45.00594],[-93.2453,45.00594],[-93.24483,45.00594],[-93.24383,45.00595],[-93.24356,45.00595],[-93.24301,45.00595],[-93.24269,45.00595],[-93.24229,45.00595],[-93.24228,45.00595],[-93.24101,45.00596],[-93.24035,45.00596],[-93.23973,45.00597],[-93.23913,45.00597],[-93.23852,45.00597],[-93.23848,45.00597],[-93.23846,45.00597],[-93.23716,45.00598],[-93.23586,45.00598],[-93.23542,45.00598],[-93.23461,45.00597],[-93.23331,45.00596],[-93.2332,45.00596],[-93.23205,45.00596],[-93.23075,45.00596],[-93.23045,45.00596],[-93.22947,45.00595],[-93.22823,45.00595],[-93.22817,45.00595],[-93.22789,45.00595],[-93.22695,45.00595],[-93.2269,45.00595],[-93.22677,45.00595],[-93.22673,45.00595],[-93.22657,45.00595],[-93.22638,45.00595],[-93.22628,45.00595],[-93.22453,45.00767],[-93.22371,45.00852],[-93.22336,45.00888],[-93.22248,45.00982],[-93.22188,45.01044],[-93.22091,45.01147],[-93.22081,45.01158],[-93.22059,45.01183],[-93.22022,45.01229],[-93.21986,45.01279],[-93.21958,45.01322],[-93.21956,45.01325],[-93.21955,45.01327],[-93.21943,45.01327],[-93.21837,45.01327],[-93.21828,45.01327],[-93.21822,45.01327],[-93.2179,45.01328],[-93.21789,45.01328],[-93.21788,45.01328],[-93.21787,45.01251],[-93.21786,45.011],[-93.21784,45.00966],[-93.21784,45.00952],[-93.21783,45.00818],[-93.21782,45.00775],[-93.21782,45.00746],[-93.21781,45.00608]]]},"properties":{"id":"crime-mpls-northeast-park","layer":"crime_minneapolis","name":"Northeast Park","county":"Hennepin","state":"MN","countyFips":"27053","attributes":{"neighborhood":"Northeast Park","statYear":2025,"firstFullYear":2018,"lastFullYear":2025,"homicide":0,"rape":1,"robbery":0,"aggravatedAssault":5,"burglary":9,"larceny":180,"autoTheft":27,"arson":1,"violentTotal":6,"propertyTotal":217,"reportedTotal":223,"reportedTotalBand":"200–449","total2018":141,"total2019":182,"total2020":236,"total2021":216,"total2022":432,"total2023":287,"total2024":229,"total2025":223,"changeSinceFirstFullYear":82,"partialYearLabel":"2026 (January–July, incomplete)","partialYearTotal":139,"centroidLon":-93.22987,"centroidLat":45.00417},"confidence":"confirmed","sourceDate":"2025"}},{"type":"Feature","geometry":{"type":"Polygon","coordinates":[[[-93.24732,44.92693],[-93.24732,44.92601],[-93.24732,44.92515],[-93.24732,44.92514],[-93.24732,44.92513],[-93.24732,44.92506],[-93.24732,44.9249],[-93.24732,44.92407],[-93.24732,44.92333],[-93.24732,44.92332],[-93.24732,44.92331],[-93.24732,44.92328],[-93.24731,44.92209],[-93.24731,44.92153],[-93.24731,44.92152],[-93.24731,44.91978],[-93.24731,44.91972],[-93.24731,44.91971],[-93.24731,44.91804],[-93.24731,44.91791],[-93.24731,44.9179],[-93.24731,44.91789],[-93.24731,44.91763],[-93.2473,44.91632],[-93.2473,44.91628],[-93.2473,44.91627],[-93.2473,44.91611],[-93.2473,44.91608],[-93.2473,44.91598],[-93.2473,44.91587],[-93.2473,44.91567],[-93.2473,44.91565],[-93.2473,44.9156],[-93.2473,44.91512],[-93.24733,44.91511],[-93.2474,44.91511],[-93.24748,44.91508],[-93.24754,44.91506],[-93.2476,44.91503],[-93.24767,44.91502],[-93.24769,44.91501],[-93.24773,44.915],[-93.24776,44.915],[-93.24779,44.91499],[-93.24781,44.91499],[-93.24782,44.91499],[-93.24794,44.91498],[-93.24805,44.91498],[-93.24819,44.91499],[-93.24832,44.915],[-93.24844,44.91502],[-93.24858,44.91505],[-93.24868,44.91508],[-93.24871,44.91509],[-93.24876,44.91512],[-93.24889,44.91516],[-93.24899,44.9152],[-93.24906,44.91521],[-93.24909,44.91522],[-93.24914,44.91522],[-93.24919,44.91523],[-93.24932,44.91523],[-93.24933,44.91522],[-93.24938,44.91522],[-93.24942,44.91522],[-93.24947,44.91521],[-93.24954,44.9152],[-93.24968,44.91517],[-93.24974,44.91516],[-93.24983,44.91514],[-93.24995,44.91512],[-93.24999,44.91511],[-93.2501,44.91509],[-93.25012,44.91509],[-93.25019,44.91509],[-93.25023,44.91509],[-93.25035,44.91509],[-93.25038,44.91509],[-93.25047,44.9151],[-93.25059,44.91511],[-93.2507,44.9151],[-93.25071,44.9151],[-93.25081,44.91508],[-93.25083,44.91508],[-93.25092,44.91505],[-93.25095,44.91503],[-93.251,44.91502],[-93.25103,44.91501],[-93.25111,44.91496],[-93.25113,44.91495],[-93.25115,44.91494],[-93.25116,44.91494],[-93.25123,44.9149],[-93.25125,44.9149],[-93.25134,44.91485],[-93.25137,44.91483],[-93.25141,44.91479],[-93.25145,44.91475],[-93.25149,44.9147],[-93.25153,44.91466],[-93.25155,44.91461],[-93.25157,44.91456],[-93.25159,44.91454],[-93.2516,44.91452],[-93.25162,44.91451],[-93.25166,44.91446],[-93.2517,44.91442],[-93.25174,44.91439],[-93.25181,44.91435],[-93.25185,44.91433],[-93.25193,44.9143],[-93.25198,44.91428],[-93.252,44.91427],[-93.25204,44.91425],[-93.25214,44.9142],[-93.25227,44.91414],[-93.2524,44.91408],[-93.25242,44.91408],[-93.25242,44.91407],[-93.25244,44.91407],[-93.25254,44.91402],[-93.25267,44.91397],[-93.25273,44.91394],[-93.25276,44.91393],[-93.25281,44.91389],[-93.25285,44.91384],[-93.25287,44.91378],[-93.25287,44.91373],[-93.25286,44.9137],[-93.25285,44.91366],[-93.25282,44.91361],[-93.2528,44.91357],[-93.2528,44.91353],[-93.25281,44.91351],[-93.25287,44.91344],[-93.25297,44.91341],[-93.25307,44.91339],[-93.25314,44.91338],[-93.25318,44.91337],[-93.25327,44.91335],[-93.25334,44.91332],[-93.25342,44.91328],[-93.25354,44.91325],[-93.25363,44.91323],[-93.25369,44.91322],[-93.25372,44.91321],[-93.25377,44.91321],[-93.25378,44.91321],[-93.25388,44.91317],[-93.254,44.91312],[-93.2541,44.91307],[-93.25411,44.91307],[-93.25417,44.91305],[-93.25421,44.91304],[-93.25428,44.91303],[-93.2543,44.91303],[-93.25438,44.91303],[-93.25444,44.91303],[-93.25449,44.91303],[-93.25453,44.91302],[-93.25458,44.91301],[-93.25459,44.91301],[-93.25468,44.91299],[-93.25482,44.91298],[-93.25492,44.913],[-93.255,44.91301],[-93.25507,44.91304],[-93.25513,44.91307],[-93.25513,44.91308],[-93.25515,44.91309],[-93.2552,44.91313],[-93.25528,44.9132],[-93.25535,44.91326],[-93.25543,44.9133],[-93.25545,44.91331],[-93.25549,44.91333],[-93.25557,44.91334],[-93.25561,44.91334],[-93.25564,44.91334],[-93.25567,44.91335],[-93.25573,44.91334],[-93.2558,44.91334],[-93.25591,44.91334],[-93.25599,44.91332],[-93.25604,44.91331],[-93.25606,44.91331],[-93.25619,44.91329],[-93.25622,44.91328],[-93.25633,44.91324],[-93.2564,44.91321],[-93.25645,44.91317],[-93.25646,44.91316],[-93.25651,44.91314],[-93.25656,44.91312],[-93.2566,44.9131],[-93.25662,44.91309],[-93.2567,44.91307],[-93.25679,44.91306],[-93.25686,44.91306],[-93.25694,44.91305],[-93.25704,44.91304],[-93.25712,44.91304],[-93.25718,44.91301],[-93.25722,44.91299],[-93.25724,44.91298],[-93.25727,44.91292],[-93.25729,44.91286],[-93.25732,44.91279],[-93.25736,44.91274],[-93.25742,44.9127],[-93.25748,44.91267],[-93.25749,44.91267],[-93.25753,44.91266],[-93.25757,44.91265],[-93.25764,44.91262],[-93.25766,44.91262],[-93.25772,44.91259],[-93.25778,44.91254],[-93.25784,44.9125],[-93.25789,44.91245],[-93.2579,44.91244],[-93.25793,44.9124],[-93.25799,44.91237],[-93.25805,44.91235],[-93.2581,44.91234],[-93.25821,44.91236],[-93.25827,44.91239],[-93.25829,44.9124],[-93.25837,44.91243],[-93.25844,44.91244],[-93.25854,44.91245],[-93.25857,44.91245],[-93.25865,44.91245],[-93.25878,44.91244],[-93.2589,44.91242],[-93.25902,44.91239],[-93.25906,44.91239],[-93.25916,44.91236],[-93.25925,44.91233],[-93.25928,44.91232],[-93.25944,44.91227],[-93.25959,44.91222],[-93.25966,44.91219],[-93.25969,44.91218],[-93.25978,44.91216],[-93.25979,44.91216],[-93.25988,44.91213],[-93.25989,44.91213],[-93.25991,44.91212],[-93.25999,44.91209],[-93.26009,44.91205],[-93.26017,44.91202],[-93.26023,44.91198],[-93.26024,44.91197],[-93.26028,44.91192],[-93.26031,44.91187],[-93.26031,44.91186],[-93.26033,44.91179],[-93.26034,44.91174],[-93.26036,44.91171],[-93.26037,44.91165],[-93.26041,44.91159],[-93.26044,44.91154],[-93.26045,44.91153],[-93.26048,44.9115],[-93.26051,44.91147],[-93.26054,44.91144],[-93.26057,44.91141],[-93.26058,44.9114],[-93.26062,44.91136],[-93.26063,44.91136],[-93.26068,44.91134],[-93.26071,44.91134],[-93.26077,44.91133],[-93.2608,44.91133],[-93.26085,44.91134],[-93.2609,44.91134],[-93.261,44.91134],[-93.26109,44.91134],[-93.26118,44.91133],[-93.26119,44.91133],[-93.26127,44.91133],[-93.26128,44.91133],[-93.2613,44.91134],[-93.26133,44.91135],[-93.26136,44.91135],[-93.26142,44.91136],[-93.26149,44.91136],[-93.26156,44.91136],[-93.26162,44.91135],[-93.26172,44.91133],[-93.26182,44.91129],[-93.26183,44.91129],[-93.26196,44.91126],[-93.26208,44.91124],[-93.2621,44.91123],[-93.26216,44.91122],[-93.26224,44.91122],[-93.26225,44.91122],[-93.26231,44.91122],[-93.26232,44.91122],[-93.26237,44.91121],[-93.26238,44.91121],[-93.26244,44.9112],[-93.26249,44.91118],[-93.26257,44.91116],[-93.26261,44.91116],[-93.26262,44.91116],[-93.26264,44.91115],[-93.26264,44.91116],[-93.26264,44.91117],[-93.26264,44.91119],[-93.26265,44.91139],[-93.26264,44.91169],[-93.26263,44.91248],[-93.26263,44.91249],[-93.26264,44.91316],[-93.26264,44.91366],[-93.26264,44.91429],[-93.26264,44.91431],[-93.26264,44.91463],[-93.26263,44.91608],[-93.26262,44.91611],[-93.26262,44.91612],[-93.26262,44.91788],[-93.26262,44.91791],[-93.26261,44.91799],[-93.2626,44.91884],[-93.26259,44.91969],[-93.26259,44.91971],[-93.26259,44.91972],[-93.26258,44.92137],[-93.26257,44.92153],[-93.26257,44.92154],[-93.26257,44.92164],[-93.26257,44.92172],[-93.26257,44.92183],[-93.26257,44.92194],[-93.26256,44.92333],[-93.26256,44.92334],[-93.26255,44.92382],[-93.26255,44.92394],[-93.26255,44.92412],[-93.26255,44.9244],[-93.26254,44.92497],[-93.26254,44.92514],[-93.26254,44.92515],[-93.26251,44.9269],[-93.26251,44.92694],[-93.26124,44.92694],[-93.25999,44.92694],[-93.25871,44.92694],[-93.25747,44.92693],[-93.2562,44.92694],[-93.25493,44.92694],[-93.2537,44.92694],[-93.25367,44.92694],[-93.25276,44.92694],[-93.25241,44.92694],[-93.25238,44.92694],[-93.25114,44.92694],[-93.25111,44.92694],[-93.24985,44.92694],[-93.24858,44.92694],[-93.24733,44.92693],[-93.24732,44.92693]]]},"properties":{"id":"crime-mpls-northrop","layer":"crime_minneapolis","name":"Northrop","county":"Hennepin","state":"MN","countyFips":"27053","attributes":{"neighborhood":"Northrop","statYear":2025,"firstFullYear":2018,"lastFullYear":2025,"homicide":0,"rape":0,"robbery":3,"aggravatedAssault":6,"burglary":35,"larceny":104,"autoTheft":44,"arson":0,"violentTotal":9,"propertyTotal":183,"reportedTotal":192,"reportedTotalBand":"100–199","total2018":126,"total2019":180,"total2020":216,"total2021":159,"total2022":263,"total2023":226,"total2024":207,"total2025":192,"changeSinceFirstFullYear":66,"partialYearLabel":"2026 (January–July, incomplete)","partialYearTotal":91,"centroidLon":-93.25537,"centroidLat":44.92007},"confidence":"confirmed","sourceDate":"2025"}},{"type":"Feature","geometry":{"type":"Polygon","coordinates":[[[-93.26264,44.91115],[-93.26264,44.91107],[-93.26264,44.91089],[-93.26263,44.91068],[-93.26263,44.91066],[-93.26263,44.91064],[-93.26264,44.90887],[-93.26264,44.90886],[-93.26264,44.90845],[-93.26263,44.90706],[-93.26263,44.90705],[-93.26262,44.90594],[-93.26262,44.90524],[-93.26262,44.90523],[-93.26266,44.90342],[-93.26266,44.90341],[-93.26269,44.90341],[-93.26397,44.90341],[-93.26522,44.9034],[-93.26526,44.9034],[-93.26713,44.90339],[-93.26714,44.90339],[-93.26756,44.90336],[-93.2702,44.90317],[-93.27117,44.90309],[-93.27162,44.90314],[-93.27166,44.90315],[-93.2717,44.90315],[-93.27265,44.90328],[-93.2729,44.90331],[-93.27355,44.90339],[-93.2742,44.90348],[-93.27429,44.90349],[-93.27431,44.90349],[-93.27467,44.90353],[-93.27483,44.90355],[-93.27485,44.90355],[-93.27488,44.90356],[-93.27492,44.90356],[-93.27492,44.90357],[-93.2749,44.90417],[-93.27489,44.90504],[-93.27489,44.90518],[-93.27488,44.90572],[-93.27487,44.90588],[-93.27487,44.90624],[-93.27486,44.90677],[-93.27485,44.90726],[-93.27485,44.90741],[-93.27484,44.90767],[-93.27484,44.90806],[-93.27483,44.9085],[-93.27483,44.90872],[-93.27483,44.90883],[-93.27483,44.90893],[-93.27483,44.90894],[-93.27483,44.90895],[-93.27482,44.90917],[-93.27477,44.90922],[-93.27475,44.90925],[-93.27472,44.90929],[-93.27461,44.90939],[-93.27461,44.9094],[-93.27453,44.90947],[-93.27452,44.90948],[-93.27446,44.90955],[-93.27442,44.90958],[-93.2744,44.9096],[-93.27434,44.90964],[-93.27431,44.90964],[-93.27425,44.90965],[-93.27418,44.90965],[-93.27417,44.90965],[-93.27416,44.90965],[-93.27405,44.90966],[-93.27397,44.90967],[-93.2739,44.9097],[-93.27382,44.90974],[-93.27379,44.90975],[-93.27374,44.90978],[-93.27373,44.90981],[-93.27371,44.90983],[-93.27366,44.90991],[-93.27363,44.90996],[-93.27361,44.90999],[-93.27359,44.91006],[-93.27357,44.91012],[-93.27356,44.91014],[-93.27355,44.9102],[-93.27355,44.91021],[-93.27348,44.91026],[-93.27337,44.91031],[-93.27336,44.91031],[-93.27327,44.91033],[-93.27321,44.91033],[-93.27315,44.91034],[-93.273,44.91034],[-93.27295,44.91034],[-93.27286,44.91034],[-93.27272,44.91035],[-93.27261,44.91037],[-93.27261,44.91038],[-93.27247,44.91043],[-93.27232,44.91048],[-93.27231,44.91049],[-93.27225,44.9105],[-93.27221,44.91052],[-93.27208,44.91053],[-93.27194,44.91054],[-93.27182,44.91054],[-93.2717,44.91054],[-93.27169,44.91053],[-93.27152,44.9105],[-93.27145,44.91047],[-93.27134,44.91043],[-93.27131,44.91041],[-93.27125,44.91037],[-93.27116,44.91033],[-93.27105,44.91032],[-93.27095,44.9103],[-93.27087,44.91031],[-93.27086,44.91031],[-93.27073,44.91033],[-93.27064,44.91036],[-93.27058,44.91041],[-93.27055,44.91044],[-93.27051,44.91048],[-93.27045,44.91053],[-93.27042,44.91057],[-93.2704,44.91062],[-93.27039,44.91067],[-93.27039,44.91068],[-93.2704,44.91074],[-93.27042,44.91083],[-93.27044,44.91091],[-93.27048,44.91097],[-93.27051,44.91101],[-93.27055,44.91104],[-93.27057,44.9111],[-93.27057,44.91117],[-93.27054,44.91124],[-93.2705,44.91129],[-93.27044,44.91134],[-93.27039,44.91137],[-93.27034,44.91141],[-93.27032,44.91146],[-93.27031,44.91147],[-93.27032,44.91155],[-93.27031,44.91159],[-93.27028,44.91162],[-93.2702,44.91166],[-93.27016,44.91169],[-93.27015,44.9117],[-93.27012,44.91174],[-93.27011,44.91175],[-93.27005,44.91182],[-93.26995,44.91194],[-93.26992,44.91198],[-93.26986,44.91206],[-93.2698,44.91214],[-93.26974,44.91222],[-93.26972,44.91226],[-93.2697,44.91231],[-93.26967,44.91237],[-93.26967,44.91238],[-93.26965,44.91244],[-93.26961,44.91249],[-93.2696,44.9125],[-93.26956,44.91253],[-93.26946,44.91257],[-93.26934,44.91259],[-93.26932,44.91259],[-93.26922,44.9126],[-93.26916,44.9126],[-93.26905,44.9126],[-93.26904,44.9126],[-93.26894,44.91261],[-93.26877,44.91261],[-93.2686,44.91261],[-93.26846,44.91261],[-93.26835,44.91261],[-93.26834,44.91261],[-93.26809,44.91261],[-93.26807,44.91261],[-93.268,44.91261],[-93.26794,44.91261],[-93.26792,44.91261],[-93.2678,44.91261],[-93.26779,44.91261],[-93.26778,44.91261],[-93.26777,44.91261],[-93.26776,44.91261],[-93.26775,44.91261],[-93.26757,44.9126],[-93.26751,44.9126],[-93.26723,44.91261],[-93.26709,44.9126],[-93.26707,44.91259],[-93.26691,44.91258],[-93.26689,44.91257],[-93.26681,44.91256],[-93.26673,44.91251],[-93.26672,44.91251],[-93.2667,44.9125],[-93.26668,44.91248],[-93.26665,44.91246],[-93.26665,44.91245],[-93.26662,44.91244],[-93.26655,44.91238],[-93.26648,44.91233],[-93.26644,44.9123],[-93.26643,44.91229],[-93.26633,44.9122],[-93.2662,44.91208],[-93.26613,44.91203],[-93.26612,44.91203],[-93.26599,44.91194],[-93.26591,44.91188],[-93.2659,44.91187],[-93.26577,44.91181],[-93.26575,44.9118],[-93.26563,44.91173],[-93.26552,44.91165],[-93.26544,44.91158],[-93.26544,44.91157],[-93.26543,44.91156],[-93.26538,44.91151],[-93.26531,44.91144],[-93.26523,44.91137],[-93.26514,44.91128],[-93.26503,44.91119],[-93.26493,44.91112],[-93.26489,44.9111],[-93.26488,44.9111],[-93.26487,44.9111],[-93.26485,44.91109],[-93.26481,44.91106],[-93.26468,44.911],[-93.26457,44.91097],[-93.26446,44.91095],[-93.26444,44.91094],[-93.26436,44.91094],[-93.26426,44.91095],[-93.2642,44.91097],[-93.26416,44.91098],[-93.26415,44.91098],[-93.26407,44.91099],[-93.26404,44.91099],[-93.26402,44.91099],[-93.26388,44.91099],[-93.26385,44.91099],[-93.26378,44.91099],[-93.26375,44.91098],[-93.26364,44.91098],[-93.26352,44.911],[-93.26351,44.91101],[-93.26337,44.91105],[-93.26322,44.91109],[-93.26306,44.91112],[-93.26304,44.91112],[-93.26299,44.91112],[-93.26297,44.91112],[-93.26286,44.91113],[-93.26272,44.91114],[-93.26267,44.91115],[-93.26264,44.91115]]]},"properties":{"id":"crime-mpls-page","layer":"crime_minneapolis","name":"Page","county":"Hennepin","state":"MN","countyFips":"27053","attributes":{"neighborhood":"Page","statYear":2025,"firstFullYear":2018,"lastFullYear":2025,"homicide":0,"rape":0,"robbery":0,"aggravatedAssault":0,"burglary":11,"larceny":15,"autoTheft":5,"arson":0,"violentTotal":0,"propertyTotal":31,"reportedTotal":31,"reportedTotalBand":"0–39","total2018":37,"total2019":27,"total2020":53,"total2021":46,"total2022":40,"total2023":36,"total2024":54,"total2025":31,"changeSinceFirstFullYear":-6,"partialYearLabel":"2026 (January–July, incomplete)","partialYearTotal":16,"centroidLon":-93.26853,"centroidLat":44.90736},"confidence":"confirmed","sourceDate":"2025"}},{"type":"Feature","geometry":{"type":"Polygon","coordinates":[[[-93.26258,44.96091],[-93.26258,44.9609],[-93.26257,44.95913],[-93.26257,44.95912],[-93.26257,44.9591],[-93.26257,44.9583],[-93.26257,44.95733],[-93.26257,44.95732],[-93.26258,44.95718],[-93.26259,44.95662],[-93.26262,44.95554],[-93.26262,44.95553],[-93.26262,44.95552],[-93.26262,44.95445],[-93.26262,44.95375],[-93.26262,44.95374],[-93.26263,44.95226],[-93.26263,44.95223],[-93.26264,44.95195],[-93.26264,44.95176],[-93.26265,44.95034],[-93.26266,44.95007],[-93.26266,44.94991],[-93.26268,44.94837],[-93.26268,44.94836],[-93.26272,44.94836],[-93.26273,44.94836],[-93.26393,44.94835],[-93.26395,44.94835],[-93.26438,44.94836],[-93.26521,44.94836],[-93.26622,44.94835],[-93.2665,44.94835],[-93.26685,44.94835],[-93.26726,44.94835],[-93.26776,44.94835],[-93.26801,44.94835],[-93.26805,44.94835],[-93.2689,44.94835],[-93.26903,44.94835],[-93.2703,44.94835],[-93.2716,44.94835],[-93.27184,44.94835],[-93.27285,44.94835],[-93.27409,44.94836],[-93.27412,44.94836],[-93.27414,44.94836],[-93.27454,44.94836],[-93.2746,44.94836],[-93.27472,44.94835],[-93.27476,44.94835],[-93.27476,44.94836],[-93.27476,44.94868],[-93.27476,44.94894],[-93.27474,44.94924],[-93.27474,44.94928],[-93.27472,44.94935],[-93.2747,44.94943],[-93.2747,44.94945],[-93.27469,44.94952],[-93.27466,44.94963],[-93.27465,44.94971],[-93.27463,44.94978],[-93.27459,44.94991],[-93.27455,44.95002],[-93.27447,44.95024],[-93.27438,44.95045],[-93.27435,44.95052],[-93.27424,44.95071],[-93.2742,44.95077],[-93.27412,44.95092],[-93.27403,44.95105],[-93.27399,44.95111],[-93.2738,44.95137],[-93.2738,44.95138],[-93.27367,44.95152],[-93.27366,44.95154],[-93.27363,44.95157],[-93.27358,44.95164],[-93.27339,44.95186],[-93.27332,44.95195],[-93.27331,44.95196],[-93.27314,44.95217],[-93.27312,44.95219],[-93.27303,44.95231],[-93.27297,44.95237],[-93.27281,44.95258],[-93.27247,44.95297],[-93.27242,44.95304],[-93.27212,44.95338],[-93.27196,44.95358],[-93.2718,44.95377],[-93.27166,44.95394],[-93.27135,44.95431],[-93.2709,44.95485],[-93.27087,44.95488],[-93.27072,44.95507],[-93.2707,44.9551],[-93.27044,44.95543],[-93.27042,44.95545],[-93.27041,44.95546],[-93.2704,44.95548],[-93.27037,44.95553],[-93.27036,44.95553],[-93.27032,44.9556],[-93.27012,44.95587],[-93.27007,44.95595],[-93.27007,44.95596],[-93.27004,44.95601],[-93.27,44.95608],[-93.26991,44.95623],[-93.26985,44.95634],[-93.26982,44.95641],[-93.26979,44.95648],[-93.26975,44.95658],[-93.26971,44.95667],[-93.2697,44.9567],[-93.26965,44.95688],[-93.2696,44.95709],[-93.26959,44.95714],[-93.26957,44.95738],[-93.26956,44.95746],[-93.26956,44.95836],[-93.26956,44.95913],[-93.26956,44.95919],[-93.26956,44.9592],[-93.26956,44.95921],[-93.26955,44.95923],[-93.26955,44.95932],[-93.26955,44.96031],[-93.26955,44.96089],[-93.26955,44.9609],[-93.2692,44.9609],[-93.26898,44.96091],[-93.26897,44.96091],[-93.26888,44.96091],[-93.26829,44.9609],[-93.26769,44.9609],[-93.26765,44.9609],[-93.26642,44.96091],[-93.26641,44.96091],[-93.26512,44.96091],[-93.26258,44.96091]]]},"properties":{"id":"crime-mpls-phillips-west","layer":"crime_minneapolis","name":"Phillips West","county":"Hennepin","state":"MN","countyFips":"27053","attributes":{"neighborhood":"Phillips West","statYear":2025,"firstFullYear":2018,"lastFullYear":2025,"homicide":3,"rape":6,"robbery":23,"aggravatedAssault":29,"burglary":33,"larceny":129,"autoTheft":70,"arson":1,"violentTotal":61,"propertyTotal":233,"reportedTotal":294,"reportedTotalBand":"200–449","total2018":220,"total2019":330,"total2020":318,"total2021":287,"total2022":347,"total2023":389,"total2024":356,"total2025":294,"changeSinceFirstFullYear":74,"partialYearLabel":"2026 (January–July, incomplete)","partialYearTotal":168,"centroidLon":-93.26734,"centroidLat":44.95386},"confidence":"confirmed","sourceDate":"2025"}},{"type":"Feature","geometry":{"type":"Polygon","coordinates":[[[-93.24737,44.93774],[-93.24737,44.93773],[-93.24737,44.93767],[-93.24736,44.93722],[-93.24736,44.93719],[-93.24735,44.93646],[-93.24735,44.93627],[-93.24735,44.93594],[-93.24735,44.93593],[-93.24734,44.93519],[-93.24734,44.93479],[-93.24734,44.9342],[-93.24734,44.93413],[-93.24734,44.93412],[-93.24735,44.93412],[-93.2478,44.93412],[-93.24861,44.93411],[-93.24987,44.93412],[-93.24989,44.93412],[-93.2502,44.93413],[-93.25114,44.93414],[-93.25189,44.93413],[-93.25204,44.93413],[-93.2524,44.93412],[-93.25271,44.93412],[-93.25365,44.93412],[-93.25366,44.93412],[-93.25487,44.93414],[-93.2549,44.93414],[-93.25492,44.93414],[-93.25493,44.93414],[-93.25494,44.93414],[-93.25496,44.93414],[-93.25618,44.93413],[-93.25744,44.93414],[-93.2587,44.93414],[-93.25997,44.93414],[-93.26124,44.93415],[-93.26139,44.93415],[-93.26147,44.93415],[-93.26208,44.93415],[-93.26246,44.93416],[-93.26248,44.93416],[-93.2625,44.93416],[-93.2625,44.93486],[-93.2625,44.93526],[-93.2625,44.93592],[-93.2625,44.93595],[-93.2625,44.93596],[-93.26252,44.93755],[-93.26252,44.93764],[-93.26253,44.93776],[-93.26253,44.93777],[-93.26254,44.93849],[-93.26254,44.93856],[-93.26257,44.93955],[-93.26257,44.93956],[-93.26258,44.94108],[-93.26258,44.94117],[-93.26258,44.94136],[-93.26258,44.94137],[-93.26258,44.94138],[-93.2626,44.94318],[-93.2626,44.94319],[-93.26261,44.94363],[-93.26264,44.94473],[-93.26264,44.94474],[-93.26266,44.94658],[-93.26266,44.94661],[-93.26266,44.94662],[-93.26268,44.94835],[-93.26268,44.94836],[-93.26267,44.94836],[-93.26138,44.94836],[-93.26013,44.94836],[-93.25963,44.94836],[-93.25885,44.94836],[-93.25884,44.94836],[-93.25883,44.94836],[-93.25769,44.94836],[-93.25758,44.94836],[-93.25632,44.94836],[-93.25506,44.94836],[-93.25429,44.94836],[-93.25379,44.94836],[-93.25362,44.94836],[-93.25261,44.94837],[-93.25251,44.94837],[-93.2525,44.94837],[-93.25189,44.94836],[-93.25126,44.94836],[-93.25122,44.94836],[-93.25011,44.94837],[-93.24995,44.94837],[-93.24868,44.94837],[-93.24742,44.94837],[-93.24742,44.94834],[-93.24742,44.94784],[-93.24742,44.94663],[-93.24742,44.94658],[-93.24742,44.94657],[-93.24742,44.94656],[-93.24742,44.94476],[-93.24742,44.94475],[-93.2474,44.94297],[-93.2474,44.94294],[-93.2474,44.94293],[-93.2474,44.94286],[-93.24738,44.94135],[-93.24738,44.94134],[-93.24738,44.94098],[-93.24738,44.94093],[-93.24737,44.93956],[-93.24737,44.93955],[-93.24737,44.93775],[-93.24737,44.93774]]]},"properties":{"id":"crime-mpls-powderhorn-park","layer":"crime_minneapolis","name":"Powderhorn Park","county":"Hennepin","state":"MN","countyFips":"27053","attributes":{"neighborhood":"Powderhorn Park","statYear":2025,"firstFullYear":2018,"lastFullYear":2025,"homicide":3,"rape":8,"robbery":48,"aggravatedAssault":65,"burglary":75,"larceny":176,"autoTheft":150,"arson":5,"violentTotal":124,"propertyTotal":406,"reportedTotal":530,"reportedTotalBand":"450+","total2018":393,"total2019":461,"total2020":631,"total2021":562,"total2022":647,"total2023":572,"total2024":576,"total2025":530,"changeSinceFirstFullYear":137,"partialYearLabel":"2026 (January–July, incomplete)","partialYearTotal":304,"centroidLon":-93.25498,"centroidLat":44.94126},"confidence":"confirmed","sourceDate":"2025"}},{"type":"Feature","geometry":{"type":"Polygon","coordinates":[[[-93.20767,44.97632],[-93.20767,44.97627],[-93.20767,44.97618],[-93.20767,44.97574],[-93.20768,44.97515],[-93.20768,44.97497],[-93.20768,44.97492],[-93.20768,44.97491],[-93.20768,44.97487],[-93.20768,44.97476],[-93.20768,44.97428],[-93.20769,44.97381],[-93.20769,44.97375],[-93.20769,44.97265],[-93.20769,44.9726],[-93.2077,44.9714],[-93.2077,44.97114],[-93.20771,44.96958],[-93.20771,44.96957],[-93.20772,44.96801],[-93.20772,44.96787],[-93.20773,44.96672],[-93.20773,44.96647],[-93.20773,44.96641],[-93.20774,44.96461],[-93.20775,44.96314],[-93.20776,44.96281],[-93.20775,44.96197],[-93.20775,44.9614],[-93.20775,44.96025],[-93.20775,44.95981],[-93.20774,44.95973],[-93.20774,44.95904],[-93.20774,44.95903],[-93.20774,44.95876],[-93.20774,44.95872],[-93.20774,44.95871],[-93.20774,44.95844],[-93.20774,44.95842],[-93.20773,44.95672],[-93.20773,44.95608],[-93.20773,44.95576],[-93.20773,44.95523],[-93.20773,44.9552],[-93.20773,44.95476],[-93.20773,44.95472],[-93.20773,44.95413],[-93.20773,44.9541],[-93.20773,44.95409],[-93.20773,44.95406],[-93.20773,44.95377],[-93.20772,44.95337],[-93.20772,44.95318],[-93.20772,44.95312],[-93.20772,44.95306],[-93.20772,44.95303],[-93.20779,44.95306],[-93.20784,44.95308],[-93.20798,44.95316],[-93.20819,44.95327],[-93.20841,44.95338],[-93.20864,44.95351],[-93.20887,44.95363],[-93.20908,44.95375],[-93.20925,44.95384],[-93.20943,44.95394],[-93.20961,44.95405],[-93.2098,44.95415],[-93.20998,44.95426],[-93.21005,44.9543],[-93.21017,44.95437],[-93.21035,44.95448],[-93.21054,44.9546],[-93.21073,44.95471],[-93.21093,44.95483],[-93.21112,44.95496],[-93.21134,44.9551],[-93.21156,44.95524],[-93.21179,44.95539],[-93.2119,44.95546],[-93.21202,44.95554],[-93.2121,44.95559],[-93.21226,44.9557],[-93.2125,44.95586],[-93.21269,44.95599],[-93.21275,44.95603],[-93.21278,44.95605],[-93.21281,44.95607],[-93.21286,44.9561],[-93.21301,44.9562],[-93.21322,44.95635],[-93.21344,44.9565],[-93.21367,44.95666],[-93.21391,44.95683],[-93.21438,44.95715],[-93.21483,44.95747],[-93.21523,44.95775],[-93.21549,44.95793],[-93.21556,44.95798],[-93.21591,44.95822],[-93.21604,44.95832],[-93.21622,44.95844],[-93.2165,44.95863],[-93.21672,44.95878],[-93.21694,44.95893],[-93.21745,44.95928],[-93.21746,44.95928],[-93.21771,44.95945],[-93.21794,44.95961],[-93.21805,44.95969],[-93.21815,44.95976],[-93.21828,44.95985],[-93.21841,44.95994],[-93.21853,44.96003],[-93.21865,44.96012],[-93.21876,44.9602],[-93.21886,44.96028],[-93.21898,44.96036],[-93.21909,44.96045],[-93.21921,44.96054],[-93.21933,44.96064],[-93.21945,44.96074],[-93.21958,44.96084],[-93.2197,44.96094],[-93.21983,44.96105],[-93.21996,44.96115],[-93.22009,44.96127],[-93.22024,44.96139],[-93.22039,44.96152],[-93.22055,44.96166],[-93.22072,44.96181],[-93.22089,44.96196],[-93.22109,44.96213],[-93.22155,44.96254],[-93.22162,44.9626],[-93.22177,44.96274],[-93.22194,44.9629],[-93.2221,44.96304],[-93.22248,44.9634],[-93.22267,44.96357],[-93.22277,44.96366],[-93.22286,44.96374],[-93.22286,44.96375],[-93.22287,44.96375],[-93.22291,44.96379],[-93.22294,44.96382],[-93.22295,44.96382],[-93.22295,44.96383],[-93.22303,44.9639],[-93.22316,44.96401],[-93.22333,44.96416],[-93.22349,44.96429],[-93.22364,44.96442],[-93.2238,44.96455],[-93.22395,44.96468],[-93.22411,44.96481],[-93.22426,44.96494],[-93.2244,44.96505],[-93.22454,44.96516],[-93.22468,44.96527],[-93.22482,44.96538],[-93.22484,44.9654],[-93.22494,44.96548],[-93.22502,44.96554],[-93.22506,44.96557],[-93.22513,44.96563],[-93.22518,44.96567],[-93.22534,44.96579],[-93.22535,44.96579],[-93.22537,44.96581],[-93.22545,44.96588],[-93.22562,44.96601],[-93.22582,44.96617],[-93.22584,44.96618],[-93.22593,44.96626],[-93.22594,44.96626],[-93.22598,44.9663],[-93.22613,44.96642],[-93.22622,44.96648],[-93.2263,44.96655],[-93.22637,44.96661],[-93.22645,44.96666],[-93.22651,44.96671],[-93.22656,44.96674],[-93.22657,44.96675],[-93.22663,44.9668],[-93.22669,44.96684],[-93.22675,44.96688],[-93.2268,44.96691],[-93.2268,44.96692],[-93.22686,44.96696],[-93.22691,44.967],[-93.22697,44.96703],[-93.22699,44.96704],[-93.227,44.96705],[-93.22703,44.96707],[-93.22708,44.9671],[-93.2271,44.96711],[-93.2271,44.96712],[-93.2271,44.96819],[-93.22712,44.9689],[-93.22712,44.96891],[-93.22712,44.96898],[-93.2271,44.97022],[-93.2271,44.97026],[-93.2271,44.97027],[-93.2271,44.97051],[-93.2271,44.97071],[-93.22711,44.97136],[-93.22711,44.97152],[-93.22711,44.97255],[-93.2271,44.97357],[-93.2271,44.97362],[-93.2271,44.97365],[-93.22709,44.97405],[-93.22708,44.97476],[-93.22708,44.97477],[-93.22706,44.97572],[-93.22706,44.97573],[-93.22708,44.97619],[-93.2271,44.97687],[-93.22708,44.9769],[-93.22708,44.97691],[-93.22704,44.977],[-93.22704,44.97701],[-93.22704,44.97704],[-93.22704,44.97812],[-93.22705,44.97835],[-93.22705,44.97836],[-93.22705,44.9785],[-93.22705,44.97855],[-93.22705,44.97877],[-93.22705,44.97952],[-93.22706,44.97964],[-93.22706,44.98025],[-93.22706,44.98029],[-93.22706,44.98065],[-93.22708,44.98216],[-93.22708,44.98217],[-93.22708,44.98218],[-93.22708,44.98226],[-93.22708,44.98229],[-93.22708,44.98232],[-93.22708,44.98236],[-93.22708,44.98237],[-93.22707,44.98237],[-93.22697,44.98231],[-93.22696,44.98231],[-93.22689,44.98227],[-93.22687,44.98226],[-93.22662,44.98212],[-93.22612,44.98185],[-93.2258,44.98177],[-93.2256,44.98169],[-93.22522,44.98153],[-93.22506,44.98146],[-93.22478,44.98135],[-93.22411,44.9811],[-93.22405,44.98107],[-93.22391,44.98102],[-93.22375,44.98096],[-93.223,44.98069],[-93.22271,44.98058],[-93.22226,44.98043],[-93.22196,44.98032],[-93.22166,44.98022],[-93.22089,44.97998],[-93.22058,44.97988],[-93.22004,44.97971],[-93.2192,44.97945],[-93.21886,44.97934],[-93.21837,44.97919],[-93.21831,44.97917],[-93.21712,44.97881],[-93.21657,44.97865],[-93.21621,44.97854],[-93.21537,44.9783],[-93.2148,44.97814],[-93.21361,44.97781],[-93.21304,44.97766],[-93.21277,44.97759],[-93.21183,44.97734],[-93.21127,44.9772],[-93.21045,44.97699],[-93.21005,44.97689],[-93.20948,44.97675],[-93.20825,44.97645],[-93.20767,44.97632]]]},"properties":{"id":"crime-mpls-prospect-park-east-river-road","layer":"crime_minneapolis","name":"Prospect Park - East River Road","county":"Hennepin","state":"MN","countyFips":"27053","attributes":{"neighborhood":"Prospect Park - East River Road","statYear":2025,"firstFullYear":2018,"lastFullYear":2025,"homicide":0,"rape":3,"robbery":8,"aggravatedAssault":25,"burglary":25,"larceny":230,"autoTheft":95,"arson":0,"violentTotal":36,"propertyTotal":350,"reportedTotal":386,"reportedTotalBand":"200–449","total2018":378,"total2019":415,"total2020":536,"total2021":527,"total2022":635,"total2023":461,"total2024":420,"total2025":386,"changeSinceFirstFullYear":8,"partialYearLabel":"2026 (January–July, incomplete)","partialYearTotal":209,"centroidLon":-93.2167,"centroidLat":44.96893},"confidence":"confirmed","sourceDate":"2025"}},{"type":"Feature","geometry":{"type":"Polygon","coordinates":[[[-93.26251,44.92694],[-93.26251,44.9269],[-93.26254,44.92515],[-93.26254,44.92514],[-93.26254,44.92497],[-93.26255,44.9244],[-93.26255,44.92412],[-93.26255,44.92394],[-93.26255,44.92382],[-93.26256,44.92334],[-93.26256,44.92333],[-93.26257,44.92194],[-93.26257,44.92183],[-93.26257,44.92172],[-93.26257,44.92164],[-93.26257,44.92154],[-93.26257,44.92153],[-93.26258,44.92137],[-93.26259,44.91972],[-93.26259,44.91971],[-93.2626,44.91971],[-93.26261,44.91971],[-93.26389,44.91971],[-93.26515,44.91972],[-93.26615,44.91972],[-93.26642,44.91972],[-93.26769,44.91972],[-93.26834,44.91972],[-93.26896,44.91972],[-93.27024,44.91971],[-93.27153,44.9197],[-93.27214,44.91969],[-93.27281,44.91968],[-93.27411,44.91967],[-93.27412,44.91967],[-93.27453,44.91967],[-93.27471,44.91966],[-93.27471,44.91968],[-93.27472,44.91995],[-93.27471,44.92164],[-93.2747,44.92265],[-93.2747,44.92328],[-93.2747,44.92342],[-93.27469,44.92519],[-93.27468,44.9268],[-93.27468,44.92689],[-93.27468,44.9269],[-93.27451,44.9269],[-93.27446,44.9269],[-93.27424,44.9269],[-93.27406,44.9269],[-93.27404,44.9269],[-93.27403,44.9269],[-93.27402,44.9269],[-93.27368,44.9269],[-93.27317,44.9269],[-93.27272,44.92683],[-93.27239,44.92678],[-93.27059,44.92678],[-93.27028,44.92682],[-93.27019,44.92683],[-93.27014,44.92684],[-93.27013,44.92684],[-93.2698,44.9269],[-93.2695,44.92692],[-93.26897,44.92693],[-93.26886,44.92693],[-93.2685,44.92693],[-93.26822,44.92694],[-93.26757,44.92695],[-93.26756,44.92695],[-93.26631,44.92695],[-93.26501,44.92695],[-93.26448,44.92694],[-93.26376,44.92693],[-93.26255,44.92694],[-93.26252,44.92694],[-93.26251,44.92694]]]},"properties":{"id":"crime-mpls-regina","layer":"crime_minneapolis","name":"Regina","county":"Hennepin","state":"MN","countyFips":"27053","attributes":{"neighborhood":"Regina","statYear":2025,"firstFullYear":2018,"lastFullYear":2025,"homicide":0,"rape":4,"robbery":9,"aggravatedAssault":3,"burglary":14,"larceny":22,"autoTheft":21,"arson":0,"violentTotal":16,"propertyTotal":57,"reportedTotal":73,"reportedTotalBand":"40–99","total2018":54,"total2019":81,"total2020":91,"total2021":77,"total2022":104,"total2023":124,"total2024":98,"total2025":73,"changeSinceFirstFullYear":19,"partialYearLabel":"2026 (January–July, incomplete)","partialYearTotal":42,"centroidLon":-93.26862,"centroidLat":44.9233},"confidence":"confirmed","sourceDate":"2025"}},{"type":"Feature","geometry":{"type":"Polygon","coordinates":[[[-93.24179,44.96433],[-93.24125,44.96433],[-93.24091,44.96432],[-93.24068,44.96432],[-93.24009,44.96432],[-93.23932,44.96432],[-93.23769,44.96432],[-93.23699,44.96432],[-93.23628,44.96432],[-93.23617,44.96432],[-93.2359,44.96432],[-93.23462,44.96432],[-93.23369,44.96432],[-93.23366,44.96432],[-93.23359,44.96432],[-93.23341,44.96432],[-93.23338,44.96432],[-93.23336,44.96432],[-93.23281,44.96431],[-93.23247,44.96431],[-93.23192,44.96431],[-93.23155,44.96432],[-93.23112,44.96434],[-93.23083,44.96437],[-93.23057,44.9644],[-93.23048,44.96441],[-93.23017,44.96447],[-93.22985,44.96453],[-93.22981,44.96454],[-93.22946,44.96462],[-93.22913,44.96472],[-93.22892,44.96479],[-93.22878,44.96484],[-93.22863,44.96489],[-93.22823,44.96505],[-93.22742,44.96544],[-93.2274,44.96544],[-93.22729,44.9655],[-93.22727,44.96551],[-93.22705,44.96561],[-93.22704,44.96562],[-93.22699,44.96564],[-93.22674,44.96576],[-93.22671,44.96577],[-93.22639,44.96592],[-93.22616,44.96603],[-93.22603,44.96609],[-93.22602,44.9661],[-93.22589,44.96616],[-93.22584,44.96618],[-93.22582,44.96617],[-93.22562,44.96601],[-93.22545,44.96588],[-93.22537,44.96581],[-93.22535,44.96579],[-93.22534,44.96579],[-93.22518,44.96567],[-93.22513,44.96563],[-93.22506,44.96557],[-93.22502,44.96554],[-93.22494,44.96548],[-93.22484,44.9654],[-93.22482,44.96538],[-93.22468,44.96527],[-93.22454,44.96516],[-93.2244,44.96505],[-93.22426,44.96494],[-93.22411,44.96481],[-93.22395,44.96468],[-93.2238,44.96455],[-93.22364,44.96442],[-93.22349,44.96429],[-93.22333,44.96416],[-93.22316,44.96401],[-93.22303,44.9639],[-93.22295,44.96383],[-93.22295,44.96382],[-93.22294,44.96382],[-93.22291,44.96379],[-93.22287,44.96375],[-93.22286,44.96375],[-93.22286,44.96374],[-93.22277,44.96366],[-93.22267,44.96357],[-93.22248,44.9634],[-93.2221,44.96304],[-93.22194,44.9629],[-93.22177,44.96274],[-93.22162,44.9626],[-93.22155,44.96254],[-93.22109,44.96213],[-93.22089,44.96196],[-93.22072,44.96181],[-93.22055,44.96166],[-93.22039,44.96152],[-93.22024,44.96139],[-93.22009,44.96127],[-93.21996,44.96115],[-93.21983,44.96105],[-93.2197,44.96094],[-93.21958,44.96084],[-93.21945,44.96074],[-93.21933,44.96064],[-93.21921,44.96054],[-93.21909,44.96045],[-93.21898,44.96036],[-93.21886,44.96028],[-93.21876,44.9602],[-93.21865,44.96012],[-93.21853,44.96003],[-93.21841,44.95994],[-93.21828,44.95985],[-93.21815,44.95976],[-93.21805,44.95969],[-93.21794,44.95961],[-93.21771,44.95945],[-93.21746,44.95928],[-93.21745,44.95928],[-93.21694,44.95893],[-93.21672,44.95878],[-93.2165,44.95863],[-93.21622,44.95844],[-93.21604,44.95832],[-93.21591,44.95822],[-93.21556,44.95798],[-93.21549,44.95793],[-93.21523,44.95775],[-93.21483,44.95747],[-93.21438,44.95715],[-93.21391,44.95683],[-93.21367,44.95666],[-93.21344,44.9565],[-93.21322,44.95635],[-93.21301,44.9562],[-93.21286,44.9561],[-93.21281,44.95607],[-93.21278,44.95605],[-93.21312,44.95585],[-93.21332,44.95573],[-93.21339,44.95569],[-93.21352,44.95562],[-93.2136,44.95556],[-93.21361,44.95556],[-93.21398,44.95534],[-93.21401,44.95532],[-93.21408,44.95529],[-93.21417,44.95523],[-93.21422,44.9552],[-93.21438,44.95511],[-93.21446,44.95506],[-93.21466,44.95495],[-93.21499,44.95477],[-93.21531,44.95461],[-93.2154,44.95457],[-93.21583,44.95438],[-93.2163,44.9542],[-93.21657,44.95409],[-93.21658,44.95409],[-93.21676,44.95403],[-93.21703,44.95394],[-93.21719,44.95389],[-93.21727,44.95387],[-93.21735,44.95384],[-93.21751,44.9538],[-93.21767,44.95375],[-93.21775,44.95373],[-93.21784,44.95371],[-93.21791,44.95369],[-93.21806,44.95366],[-93.21821,44.95362],[-93.21835,44.95359],[-93.2185,44.95356],[-93.21857,44.95355],[-93.21889,44.95349],[-93.21893,44.95348],[-93.21913,44.95345],[-93.21933,44.95342],[-93.21953,44.95339],[-93.21978,44.95336],[-93.21996,44.95334],[-93.22014,44.95332],[-93.22022,44.95332],[-93.22031,44.95331],[-93.22038,44.95331],[-93.22042,44.9533],[-93.22058,44.95329],[-93.22082,44.95328],[-93.22104,44.95327],[-93.22121,44.95326],[-93.22125,44.95326],[-93.22147,44.95326],[-93.22169,44.95326],[-93.22191,44.95326],[-93.22213,44.95326],[-93.22246,44.95328],[-93.22251,44.95328],[-93.22274,44.95329],[-93.22385,44.95333],[-93.22425,44.95335],[-93.22426,44.95335],[-93.22445,44.95336],[-93.2253,44.9534],[-93.22544,44.9534],[-93.22559,44.95341],[-93.22563,44.95341],[-93.22565,44.95341],[-93.22566,44.95341],[-93.22594,44.95342],[-93.22662,44.95345],[-93.22677,44.95346],[-93.22701,44.95347],[-93.22719,44.95348],[-93.22734,44.95348],[-93.22835,44.95353],[-93.22866,44.95354],[-93.22994,44.95359],[-93.22995,44.95359],[-93.23013,44.9536],[-93.23105,44.95364],[-93.23132,44.95365],[-93.23152,44.95366],[-93.23171,44.95367],[-93.23195,44.95367],[-93.23233,44.95369],[-93.23311,44.95371],[-93.23403,44.95373],[-93.23426,44.95373],[-93.23432,44.95373],[-93.23439,44.95373],[-93.23445,44.95373],[-93.23454,44.95372],[-93.23462,44.95371],[-93.23468,44.95371],[-93.23469,44.95371],[-93.23471,44.9537],[-93.23472,44.9537],[-93.23499,44.95377],[-93.23526,44.95381],[-93.23534,44.95382],[-93.23553,44.95385],[-93.2358,44.9539],[-93.23597,44.9539],[-93.23659,44.95401],[-93.23675,44.95407],[-93.23687,44.95409],[-93.23713,44.95415],[-93.2372,44.95416],[-93.2374,44.95421],[-93.23754,44.95425],[-93.23766,44.95428],[-93.23781,44.95432],[-93.23791,44.95435],[-93.23818,44.9544],[-93.23842,44.95448],[-93.23868,44.95456],[-93.2388,44.9546],[-93.23892,44.95464],[-93.23899,44.95467],[-93.23918,44.95473],[-93.23943,44.95482],[-93.23956,44.95487],[-93.23967,44.95491],[-93.23991,44.95501],[-93.24014,44.9551],[-93.24039,44.95521],[-93.24064,44.95533],[-93.24085,44.95542],[-93.24107,44.95554],[-93.2411,44.95556],[-93.24117,44.95559],[-93.24131,44.95564],[-93.24153,44.95576],[-93.24171,44.95585],[-93.24173,44.9559],[-93.24196,44.956],[-93.24209,44.95607],[-93.2422,44.95613],[-93.24237,44.95626],[-93.24258,44.95639],[-93.24268,44.95646],[-93.24279,44.95652],[-93.24298,44.95666],[-93.24314,44.95677],[-93.24318,44.9568],[-93.24337,44.95694],[-93.24357,44.95709],[-93.24369,44.95719],[-93.24374,44.95723],[-93.24392,44.95738],[-93.24401,44.95745],[-93.24411,44.95752],[-93.24416,44.95756],[-93.24429,44.95767],[-93.24469,44.95797],[-93.2447,44.95797],[-93.24492,44.95822],[-93.24521,44.95852],[-93.24527,44.95859],[-93.24533,44.95865],[-93.24536,44.95868],[-93.24543,44.95874],[-93.24554,44.95884],[-93.24558,44.95887],[-93.2458,44.95909],[-93.24582,44.95911],[-93.24586,44.95914],[-93.24586,44.95915],[-93.2461,44.95938],[-93.24612,44.9594],[-93.24631,44.95958],[-93.24633,44.9596],[-93.24639,44.95966],[-93.24655,44.95981],[-93.24671,44.95996],[-93.24676,44.96001],[-93.24675,44.96003],[-93.24667,44.9601],[-93.24665,44.96013],[-93.24664,44.96013],[-93.24659,44.96019],[-93.24655,44.96023],[-93.24638,44.9604],[-93.24633,44.96045],[-93.24615,44.96061],[-93.24614,44.96062],[-93.24611,44.96065],[-93.24604,44.96071],[-93.24593,44.96081],[-93.24588,44.96086],[-93.24589,44.96087],[-93.24604,44.9611],[-93.24665,44.96199],[-93.24703,44.96253],[-93.24709,44.96262],[-93.24718,44.96274],[-93.24736,44.96301],[-93.24759,44.96338],[-93.24788,44.96393],[-93.24824,44.96467],[-93.24843,44.96503],[-93.24861,44.96528],[-93.24892,44.9656],[-93.24915,44.96582],[-93.24934,44.96603],[-93.24951,44.96622],[-93.24958,44.9663],[-93.24956,44.9663],[-93.24937,44.96629],[-93.24931,44.96628],[-93.24897,44.96625],[-93.24887,44.96623],[-93.24882,44.96622],[-93.24864,44.96619],[-93.24834,44.96612],[-93.24826,44.96611],[-93.24817,44.96608],[-93.24792,44.96601],[-93.2476,44.9659],[-93.24758,44.96589],[-93.24734,44.9658],[-93.24726,44.96577],[-93.24719,44.96574],[-93.247,44.96567],[-93.2467,44.96555],[-93.2467,44.96554],[-93.24624,44.96535],[-93.24559,44.9651],[-93.24543,44.96504],[-93.24536,44.96501],[-93.24519,44.96495],[-93.24513,44.96493],[-93.24482,44.96482],[-93.24455,44.96475],[-93.24447,44.96473],[-93.24442,44.96472],[-93.24435,44.9647],[-93.24417,44.96466],[-93.24406,44.96463],[-93.24404,44.96463],[-93.24399,44.96462],[-93.24374,44.96456],[-93.24348,44.96451],[-93.24339,44.9645],[-93.24315,44.96446],[-93.24273,44.9644],[-93.24243,44.96437],[-93.24232,44.96436],[-93.24183,44.96433],[-93.24179,44.96433]]]},"properties":{"id":"crime-mpls-seward","layer":"crime_minneapolis","name":"Seward","county":"Hennepin","state":"MN","countyFips":"27053","attributes":{"neighborhood":"Seward","statYear":2025,"firstFullYear":2018,"lastFullYear":2025,"homicide":1,"rape":17,"robbery":19,"aggravatedAssault":60,"burglary":61,"larceny":196,"autoTheft":109,"arson":2,"violentTotal":97,"propertyTotal":368,"reportedTotal":465,"reportedTotalBand":"450+","total2018":418,"total2019":553,"total2020":599,"total2021":550,"total2022":567,"total2023":613,"total2024":567,"total2025":465,"changeSinceFirstFullYear":47,"partialYearLabel":"2026 (January–July, incomplete)","partialYearTotal":297,"centroidLon":-93.23113,"centroidLat":44.95918},"confidence":"confirmed","sourceDate":"2025"}},{"type":"Feature","geometry":{"type":"Polygon","coordinates":[[[-93.26889,45.00531],[-93.26888,45.00505],[-93.26888,45.00504],[-93.26888,45.00503],[-93.26818,45.00504],[-93.26767,45.00504],[-93.26767,45.00505],[-93.26767,45.00519],[-93.26767,45.0052],[-93.26766,45.0052],[-93.26763,45.00526],[-93.26753,45.00528],[-93.26616,45.00527],[-93.26611,45.00527],[-93.26462,45.00528],[-93.26459,45.00528],[-93.26309,45.00527],[-93.26307,45.00527],[-93.26156,45.00527],[-93.26146,45.00525],[-93.26137,45.00523],[-93.26025,45.00524],[-93.26025,45.00525],[-93.25969,45.00524],[-93.2589,45.00524],[-93.25879,45.00524],[-93.25755,45.00525],[-93.25755,45.00522],[-93.25755,45.00511],[-93.25755,45.00309],[-93.25755,45.00308],[-93.25755,45.00305],[-93.25755,45.00303],[-93.25755,45.0009],[-93.25753,44.99897],[-93.25753,44.99875],[-93.25753,44.99872],[-93.25753,44.99871],[-93.25788,44.99871],[-93.25858,44.99872],[-93.25888,44.99872],[-93.25915,44.99872],[-93.26021,44.99871],[-93.26023,44.99871],[-93.26134,44.99871],[-93.26157,44.99871],[-93.26187,44.99871],[-93.2632,44.99871],[-93.26323,44.99871],[-93.26373,44.99871],[-93.26379,44.99871],[-93.26461,44.99871],[-93.26547,44.9987],[-93.26549,44.9987],[-93.26561,44.9987],[-93.26592,44.9987],[-93.26593,44.9987],[-93.26699,44.9987],[-93.26729,44.9987],[-93.26902,44.9987],[-93.26906,44.9987],[-93.27067,44.9987],[-93.27082,44.9987],[-93.27083,44.9987],[-93.27254,44.99881],[-93.27256,44.99881],[-93.27377,44.99893],[-93.27378,44.99893],[-93.27379,44.99893],[-93.27381,44.99893],[-93.27382,44.99893],[-93.27383,44.99893],[-93.27387,44.99893],[-93.27484,44.999],[-93.27489,44.999],[-93.27496,44.999],[-93.27502,44.99901],[-93.27514,44.99902],[-93.27515,44.99902],[-93.27515,44.99903],[-93.27515,44.99904],[-93.27515,44.99905],[-93.27515,44.99908],[-93.27516,44.99915],[-93.27516,44.99926],[-93.27517,44.99932],[-93.27517,44.99938],[-93.27517,44.99945],[-93.27517,44.99949],[-93.27517,44.99953],[-93.27517,44.99959],[-93.27517,44.9996],[-93.27517,44.99967],[-93.27516,44.99973],[-93.27516,44.9998],[-93.27515,44.99986],[-93.27515,44.99992],[-93.27514,44.99998],[-93.27513,45.00004],[-93.27512,45.00011],[-93.2751,45.00017],[-93.27509,45.00024],[-93.27507,45.00031],[-93.27505,45.00038],[-93.27503,45.00045],[-93.27501,45.00051],[-93.275,45.00057],[-93.27498,45.00063],[-93.27495,45.00069],[-93.27493,45.00075],[-93.27491,45.00082],[-93.27488,45.00089],[-93.27485,45.00096],[-93.27485,45.00098],[-93.27481,45.00108],[-93.27475,45.00121],[-93.27469,45.00134],[-93.27456,45.00166],[-93.27449,45.00182],[-93.27445,45.00191],[-93.27442,45.00199],[-93.27439,45.00206],[-93.27437,45.00213],[-93.27434,45.00221],[-93.27431,45.00229],[-93.27429,45.00236],[-93.27426,45.00243],[-93.27424,45.0025],[-93.27422,45.00257],[-93.2742,45.00264],[-93.27419,45.0027],[-93.27416,45.00284],[-93.27415,45.00287],[-93.27411,45.00303],[-93.27408,45.00317],[-93.27405,45.0033],[-93.27403,45.00342],[-93.274,45.00354],[-93.27398,45.00366],[-93.27397,45.00377],[-93.27395,45.00389],[-93.27394,45.00391],[-93.27393,45.00402],[-93.27391,45.00415],[-93.2739,45.00428],[-93.27389,45.0044],[-93.27388,45.00441],[-93.27387,45.00454],[-93.27386,45.00467],[-93.27385,45.0048],[-93.27385,45.00489],[-93.27385,45.00498],[-93.27384,45.00507],[-93.27384,45.00516],[-93.27384,45.00525],[-93.27384,45.00534],[-93.27384,45.00543],[-93.27384,45.00552],[-93.27384,45.00561],[-93.27384,45.0057],[-93.27384,45.00579],[-93.27385,45.00588],[-93.27385,45.00597],[-93.27276,45.00599],[-93.27273,45.00599],[-93.27265,45.00599],[-93.27169,45.00601],[-93.27167,45.00601],[-93.27038,45.00601],[-93.27011,45.00602],[-93.27008,45.00602],[-93.26945,45.00603],[-93.26907,45.00603],[-93.26891,45.006],[-93.26889,45.00593],[-93.26889,45.00585],[-93.26889,45.00582],[-93.26889,45.0058],[-93.26889,45.00542],[-93.26889,45.00532],[-93.26889,45.00531]]]},"properties":{"id":"crime-mpls-sheridan","layer":"crime_minneapolis","name":"Sheridan","county":"Hennepin","state":"MN","countyFips":"27053","attributes":{"neighborhood":"Sheridan","statYear":2025,"firstFullYear":2018,"lastFullYear":2025,"homicide":0,"rape":1,"robbery":12,"aggravatedAssault":11,"burglary":18,"larceny":58,"autoTheft":48,"arson":0,"violentTotal":24,"propertyTotal":124,"reportedTotal":148,"reportedTotalBand":"100–199","total2018":99,"total2019":121,"total2020":145,"total2021":209,"total2022":156,"total2023":177,"total2024":160,"total2025":148,"changeSinceFirstFullYear":49,"partialYearLabel":"2026 (January–July, incomplete)","partialYearTotal":102,"centroidLon":-93.26615,"centroidLat":45.00206},"confidence":"confirmed","sourceDate":"2025"}},{"type":"Feature","geometry":{"type":"Polygon","coordinates":[[[-93.31045,45.05123],[-93.30982,45.05123],[-93.30939,45.05123],[-93.30878,45.05123],[-93.3081,45.05122],[-93.30807,45.05122],[-93.30751,45.05122],[-93.30684,45.05121],[-93.30681,45.05121],[-93.30557,45.0512],[-93.30554,45.0512],[-93.30497,45.05119],[-93.30467,45.05119],[-93.30464,45.05119],[-93.30428,45.05119],[-93.30427,45.05119],[-93.30426,45.05119],[-93.30392,45.05118],[-93.30301,45.05117],[-93.30299,45.05117],[-93.30233,45.05117],[-93.30172,45.05116],[-93.30171,45.05116],[-93.30045,45.05115],[-93.29936,45.05114],[-93.29919,45.05114],[-93.29918,45.05114],[-93.29918,45.04935],[-93.29918,45.04934],[-93.29919,45.04819],[-93.29919,45.04789],[-93.2992,45.04754],[-93.2992,45.04753],[-93.2992,45.04706],[-93.2992,45.04702],[-93.2992,45.04659],[-93.2992,45.04574],[-93.2992,45.04573],[-93.29921,45.04415],[-93.29921,45.04393],[-93.29921,45.04392],[-93.30034,45.04392],[-93.30036,45.04392],[-93.30171,45.04393],[-93.30254,45.04393],[-93.30296,45.04393],[-93.30423,45.04393],[-93.30547,45.04393],[-93.30669,45.04393],[-93.30796,45.04394],[-93.30923,45.04394],[-93.31053,45.04394],[-93.31176,45.04394],[-93.31216,45.04394],[-93.31268,45.04395],[-93.31305,45.04395],[-93.31432,45.04395],[-93.3156,45.04395],[-93.31687,45.04395],[-93.31758,45.04394],[-93.31812,45.04396],[-93.31937,45.04397],[-93.3194,45.04397],[-93.31941,45.04397],[-93.31942,45.04397],[-93.31943,45.04397],[-93.31944,45.04397],[-93.31945,45.04577],[-93.31945,45.0458],[-93.31947,45.0476],[-93.31949,45.0494],[-93.31949,45.04942],[-93.31949,45.04944],[-93.31949,45.04975],[-93.3195,45.05043],[-93.3195,45.05125],[-93.31949,45.05125],[-93.31823,45.05124],[-93.31739,45.05124],[-93.31711,45.05124],[-93.31696,45.05124],[-93.31634,45.05124],[-93.31573,45.05124],[-93.31568,45.05124],[-93.31446,45.05124],[-93.31419,45.05124],[-93.31393,45.05124],[-93.31289,45.05124],[-93.31242,45.05124],[-93.31059,45.05124],[-93.31045,45.05123]]]},"properties":{"id":"crime-mpls-shingle-creek","layer":"crime_minneapolis","name":"Shingle Creek","county":"Hennepin","state":"MN","countyFips":"27053","attributes":{"neighborhood":"Shingle Creek","statYear":2025,"firstFullYear":2018,"lastFullYear":2025,"homicide":0,"rape":3,"robbery":0,"aggravatedAssault":14,"burglary":5,"larceny":24,"autoTheft":21,"arson":0,"violentTotal":17,"propertyTotal":50,"reportedTotal":67,"reportedTotalBand":"40–99","total2018":125,"total2019":84,"total2020":120,"total2021":98,"total2022":91,"total2023":91,"total2024":81,"total2025":67,"changeSinceFirstFullYear":-58,"partialYearLabel":"2026 (January–July, incomplete)","partialYearTotal":57,"centroidLon":-93.30935,"centroidLat":45.04758},"confidence":"confirmed","sourceDate":"2025"}},{"type":"Feature","geometry":{"type":"Polygon","coordinates":[[[-93.2881,44.94836],[-93.2881,44.94835],[-93.2881,44.94834],[-93.28812,44.94663],[-93.28812,44.94662],[-93.28812,44.94661],[-93.28814,44.94475],[-93.28814,44.94474],[-93.28815,44.94293],[-93.28815,44.94292],[-93.28815,44.94291],[-93.28816,44.94291],[-93.28817,44.94136],[-93.28817,44.94134],[-93.28817,44.94131],[-93.28819,44.93953],[-93.28819,44.9395],[-93.28821,44.93774],[-93.28821,44.93772],[-93.28821,44.93771],[-93.28949,44.93771],[-93.29075,44.93771],[-93.29076,44.93771],[-93.29204,44.93769],[-93.2923,44.93769],[-93.29263,44.93769],[-93.2933,44.9377],[-93.29337,44.93769],[-93.29346,44.93769],[-93.29369,44.93768],[-93.29457,44.93767],[-93.29584,44.93768],[-93.29712,44.93769],[-93.29718,44.93769],[-93.29839,44.9377],[-93.29839,44.93771],[-93.29837,44.93951],[-93.29837,44.93952],[-93.29836,44.9411],[-93.29836,44.94113],[-93.29836,44.94132],[-93.29836,44.94133],[-93.29835,44.9429],[-93.29835,44.94292],[-93.29833,44.9447],[-93.29833,44.94472],[-93.2983,44.94658],[-93.2983,44.94659],[-93.29828,44.94835],[-93.29828,44.94836],[-93.29742,44.94837],[-93.29701,44.94837],[-93.29574,44.94837],[-93.29447,44.94836],[-93.29446,44.94836],[-93.29343,44.94836],[-93.29318,44.94837],[-93.29317,44.94837],[-93.29286,44.94836],[-93.29249,44.94836],[-93.29191,44.94836],[-93.29096,44.94836],[-93.29069,44.94836],[-93.29065,44.94836],[-93.29031,44.94836],[-93.28948,44.94836],[-93.28938,44.94836],[-93.2881,44.94836]]]},"properties":{"id":"crime-mpls-south-uptown","layer":"crime_minneapolis","name":"South Uptown","county":"Hennepin","state":"MN","countyFips":"27053","attributes":{"neighborhood":"South Uptown","statYear":2025,"firstFullYear":2018,"lastFullYear":2025,"homicide":0,"rape":5,"robbery":19,"aggravatedAssault":19,"burglary":33,"larceny":173,"autoTheft":72,"arson":0,"violentTotal":43,"propertyTotal":278,"reportedTotal":321,"reportedTotalBand":"200–449","total2018":341,"total2019":360,"total2020":355,"total2021":342,"total2022":422,"total2023":412,"total2024":462,"total2025":321,"changeSinceFirstFullYear":-20,"partialYearLabel":"2026 (January–July, incomplete)","partialYearTotal":197,"centroidLon":-93.29325,"centroidLat":44.94303},"confidence":"confirmed","sourceDate":"2025"}},{"type":"Feature","geometry":{"type":"Polygon","coordinates":[[[-93.24729,44.99856],[-93.24727,44.99729],[-93.24727,44.99728],[-93.24735,44.99691],[-93.24736,44.99686],[-93.24739,44.99671],[-93.24747,44.99635],[-93.24748,44.99633],[-93.24763,44.99597],[-93.24763,44.99596],[-93.24767,44.99591],[-93.24827,44.99511],[-93.24828,44.99511],[-93.24828,44.9951],[-93.24856,44.99474],[-93.24871,44.99454],[-93.24898,44.99419],[-93.24938,44.99367],[-93.25016,44.99269],[-93.2502,44.99265],[-93.25022,44.99264],[-93.25029,44.99262],[-93.25051,44.99254],[-93.25071,44.99247],[-93.25092,44.9924],[-93.25124,44.99229],[-93.25146,44.99221],[-93.25154,44.99218],[-93.25166,44.99214],[-93.25206,44.992],[-93.25207,44.992],[-93.2522,44.99195],[-93.25238,44.99189],[-93.253,44.99168],[-93.25342,44.99153],[-93.25351,44.9915],[-93.25352,44.9915],[-93.2537,44.99144],[-93.25395,44.99135],[-93.25419,44.99126],[-93.25447,44.99117],[-93.25492,44.99101],[-93.25493,44.99103],[-93.25494,44.99104],[-93.25561,44.99201],[-93.25561,44.99202],[-93.25647,44.99329],[-93.25648,44.9933],[-93.25736,44.9946],[-93.25736,44.99461],[-93.25742,44.99469],[-93.25743,44.9947],[-93.25752,44.99483],[-93.25752,44.99484],[-93.25752,44.99505],[-93.25752,44.99509],[-93.25752,44.99549],[-93.25753,44.9969],[-93.25753,44.99691],[-93.25753,44.99709],[-93.25753,44.99742],[-93.25753,44.99792],[-93.25753,44.99793],[-93.25753,44.99833],[-93.25753,44.9987],[-93.25753,44.99871],[-93.25752,44.99871],[-93.25626,44.99871],[-93.25574,44.99871],[-93.25499,44.99872],[-93.25415,44.99871],[-93.25373,44.99871],[-93.25247,44.99871],[-93.25219,44.99871],[-93.25126,44.99871],[-93.24987,44.99871],[-93.24976,44.99871],[-93.24738,44.99869],[-93.24729,44.99856]]]},"properties":{"id":"crime-mpls-st-anthony-east","layer":"crime_minneapolis","name":"St. Anthony East","county":"Hennepin","state":"MN","countyFips":"27053","attributes":{"neighborhood":"St. Anthony East","statYear":2025,"firstFullYear":2018,"lastFullYear":2025,"homicide":0,"rape":1,"robbery":1,"aggravatedAssault":7,"burglary":10,"larceny":32,"autoTheft":27,"arson":0,"violentTotal":9,"propertyTotal":69,"reportedTotal":78,"reportedTotalBand":"40–99","total2018":62,"total2019":54,"total2020":61,"total2021":67,"total2022":85,"total2023":95,"total2024":77,"total2025":78,"changeSinceFirstFullYear":16,"partialYearLabel":"2026 (January–July, incomplete)","partialYearTotal":62,"centroidLon":-93.25277,"centroidLat":44.99561},"confidence":"confirmed","sourceDate":"2025"}},{"type":"Feature","geometry":{"type":"Polygon","coordinates":[[[-93.27256,44.99881],[-93.27254,44.99881],[-93.27083,44.9987],[-93.27082,44.9987],[-93.27067,44.9987],[-93.26906,44.9987],[-93.26902,44.9987],[-93.26729,44.9987],[-93.26699,44.9987],[-93.26593,44.9987],[-93.26592,44.9987],[-93.26561,44.9987],[-93.26549,44.9987],[-93.26547,44.9987],[-93.26461,44.99871],[-93.26379,44.99871],[-93.26373,44.99871],[-93.26323,44.99871],[-93.2632,44.99871],[-93.26187,44.99871],[-93.26157,44.99871],[-93.26134,44.99871],[-93.26023,44.99871],[-93.26021,44.99871],[-93.25915,44.99872],[-93.25888,44.99872],[-93.25858,44.99872],[-93.25788,44.99871],[-93.25753,44.99871],[-93.25753,44.9987],[-93.25753,44.99833],[-93.25753,44.99793],[-93.25753,44.99792],[-93.25753,44.99742],[-93.25753,44.99709],[-93.25753,44.99691],[-93.25753,44.9969],[-93.25752,44.99549],[-93.25752,44.99509],[-93.25752,44.99505],[-93.25752,44.99484],[-93.25752,44.99483],[-93.25743,44.9947],[-93.25742,44.99469],[-93.25736,44.99461],[-93.25736,44.9946],[-93.25648,44.9933],[-93.25647,44.99329],[-93.25561,44.99202],[-93.25561,44.99201],[-93.25494,44.99104],[-93.25493,44.99103],[-93.25492,44.99101],[-93.25493,44.99101],[-93.25494,44.99101],[-93.25502,44.99098],[-93.25503,44.99098],[-93.25516,44.99093],[-93.25579,44.99071],[-93.25631,44.99053],[-93.25648,44.99047],[-93.25704,44.99028],[-93.25776,44.99003],[-93.25776,44.99002],[-93.25777,44.99002],[-93.2579,44.98998],[-93.25919,44.98953],[-93.25921,44.98952],[-93.25935,44.98947],[-93.25957,44.9894],[-93.2596,44.98939],[-93.26049,44.9891],[-93.2606,44.98907],[-93.26065,44.98905],[-93.26076,44.98902],[-93.26087,44.98899],[-93.261,44.98896],[-93.26101,44.98895],[-93.26111,44.98893],[-93.26112,44.98893],[-93.26117,44.98891],[-93.26146,44.98884],[-93.26148,44.98887],[-93.26149,44.98888],[-93.26154,44.98897],[-93.26156,44.98902],[-93.26159,44.98907],[-93.26161,44.98909],[-93.26163,44.98913],[-93.26166,44.98918],[-93.26176,44.98932],[-93.2618,44.98936],[-93.26183,44.9894],[-93.26187,44.98944],[-93.2619,44.98947],[-93.26194,44.98951],[-93.26198,44.98954],[-93.26203,44.98959],[-93.26207,44.98962],[-93.26208,44.98963],[-93.26215,44.98968],[-93.26222,44.98973],[-93.2623,44.98978],[-93.26236,44.98983],[-93.26243,44.98987],[-93.26251,44.98992],[-93.2626,44.98997],[-93.26268,44.99002],[-93.26277,44.99007],[-93.26286,44.99012],[-93.26296,44.99017],[-93.26305,44.99021],[-93.26316,44.99026],[-93.26327,44.99032],[-93.26337,44.99036],[-93.26347,44.99041],[-93.26357,44.99045],[-93.26366,44.99048],[-93.26375,44.99052],[-93.26383,44.99054],[-93.26415,44.99066],[-93.26424,44.99069],[-93.26432,44.99071],[-93.26439,44.99074],[-93.26446,44.99075],[-93.26453,44.99077],[-93.26459,44.99078],[-93.26466,44.99079],[-93.26472,44.9908],[-93.26478,44.99081],[-93.26483,44.99081],[-93.2649,44.99081],[-93.26496,44.99081],[-93.26497,44.99081],[-93.26503,44.99081],[-93.2651,44.9908],[-93.26517,44.9908],[-93.26524,44.99079],[-93.26532,44.99077],[-93.26538,44.99076],[-93.26546,44.99074],[-93.2656,44.99071],[-93.26569,44.99068],[-93.26578,44.99066],[-93.26582,44.99064],[-93.26588,44.99063],[-93.26598,44.99059],[-93.26608,44.99056],[-93.26618,44.99052],[-93.26629,44.99048],[-93.26641,44.99044],[-93.26651,44.9904],[-93.26661,44.99036],[-93.26672,44.99031],[-93.26682,44.99027],[-93.26692,44.99022],[-93.26701,44.99018],[-93.26711,44.99013],[-93.26713,44.99012],[-93.26721,44.99008],[-93.26731,44.99003],[-93.2674,44.98997],[-93.2675,44.98992],[-93.26759,44.98986],[-93.26763,44.98984],[-93.26767,44.98981],[-93.26768,44.98981],[-93.26771,44.98979],[-93.26774,44.98977],[-93.26777,44.98975],[-93.26783,44.9898],[-93.26784,44.98981],[-93.26787,44.98983],[-93.26788,44.98984],[-93.26794,44.98988],[-93.26799,44.98992],[-93.268,44.98993],[-93.26805,44.98997],[-93.26812,44.99002],[-93.2682,44.99007],[-93.26823,44.99009],[-93.26826,44.99011],[-93.2683,44.99014],[-93.26835,44.99016],[-93.26839,44.99019],[-93.26844,44.99021],[-93.26849,44.99024],[-93.26854,44.99026],[-93.26856,44.99027],[-93.2686,44.99029],[-93.26865,44.99032],[-93.26866,44.99032],[-93.26871,44.99034],[-93.26877,44.99037],[-93.26883,44.9904],[-93.2689,44.99042],[-93.26896,44.99045],[-93.26902,44.99047],[-93.26909,44.9905],[-93.26916,44.99053],[-93.26931,44.99058],[-93.26937,44.9906],[-93.26954,44.99067],[-93.26959,44.99069],[-93.2697,44.99073],[-93.26982,44.99077],[-93.26992,44.99081],[-93.26993,44.99082],[-93.26999,44.99084],[-93.27005,44.99086],[-93.2701,44.99089],[-93.27016,44.99091],[-93.27021,44.99093],[-93.27026,44.99096],[-93.27031,44.99098],[-93.27036,44.991],[-93.2704,44.99102],[-93.27041,44.99103],[-93.27046,44.99105],[-93.27051,44.99108],[-93.27056,44.99111],[-93.27061,44.99113],[-93.27066,44.99116],[-93.27072,44.9912],[-93.27079,44.99124],[-93.27086,44.99128],[-93.27089,44.9913],[-93.27093,44.99133],[-93.271,44.99137],[-93.27108,44.99142],[-93.27115,44.99147],[-93.27123,44.99152],[-93.27131,44.99157],[-93.27139,44.99163],[-93.27148,44.99169],[-93.27152,44.99172],[-93.27156,44.99175],[-93.27157,44.99176],[-93.27211,44.99213],[-93.27214,44.99215],[-93.27221,44.9922],[-93.2723,44.99226],[-93.27238,44.99232],[-93.27246,44.99238],[-93.27254,44.99244],[-93.27262,44.9925],[-93.2727,44.99256],[-93.27277,44.99262],[-93.27284,44.99268],[-93.27291,44.99273],[-93.27297,44.99279],[-93.27303,44.99284],[-93.27309,44.9929],[-93.27315,44.99296],[-93.27318,44.99298],[-93.27319,44.993],[-93.27321,44.99301],[-93.27321,44.99302],[-93.27323,44.99303],[-93.27326,44.99307],[-93.27327,44.99307],[-93.27331,44.99312],[-93.27336,44.99318],[-93.27341,44.99323],[-93.27346,44.99329],[-93.27351,44.99335],[-93.27355,44.99342],[-93.27363,44.99352],[-93.27365,44.99355],[-93.2737,44.99362],[-93.27374,44.9937],[-93.27375,44.9937],[-93.27379,44.99378],[-93.27384,44.99386],[-93.27389,44.99393],[-93.27393,44.99401],[-93.27398,44.9941],[-93.27404,44.9942],[-93.27407,44.99425],[-93.27409,44.9943],[-93.27412,44.99436],[-93.27415,44.99441],[-93.27418,44.99448],[-93.27421,44.99454],[-93.27424,44.99461],[-93.27427,44.99467],[-93.27428,44.9947],[-93.2743,44.99474],[-93.27433,44.99481],[-93.27436,44.99488],[-93.27438,44.99495],[-93.27441,44.99503],[-93.27444,44.9951],[-93.27446,44.99518],[-93.27449,44.99525],[-93.27451,44.99531],[-93.27452,44.99533],[-93.27454,44.99541],[-93.27457,44.9955],[-93.27459,44.99558],[-93.27462,44.99567],[-93.27462,44.99569],[-93.27464,44.99576],[-93.27467,44.99585],[-93.27467,44.99587],[-93.27469,44.99594],[-93.27472,44.99604],[-93.27474,44.99614],[-93.27477,44.99625],[-93.2748,44.99637],[-93.27481,44.99642],[-93.27482,44.99644],[-93.27483,44.99651],[-93.27485,44.99657],[-93.27486,44.99664],[-93.27487,44.99671],[-93.27489,44.99678],[-93.27489,44.99679],[-93.2749,44.99685],[-93.27491,44.99692],[-93.27492,44.99693],[-93.27493,44.99699],[-93.27494,44.99707],[-93.27495,44.99714],[-93.27496,44.99722],[-93.27498,44.99738],[-93.27501,44.99754],[-93.27502,44.99765],[-93.27503,44.99777],[-93.27504,44.99789],[-93.27506,44.99801],[-93.27507,44.9982],[-93.2751,44.99851],[-93.27511,44.99858],[-93.27513,44.99887],[-93.27514,44.99896],[-93.27514,44.99898],[-93.27515,44.99902],[-93.27514,44.99902],[-93.27502,44.99901],[-93.27496,44.999],[-93.27489,44.999],[-93.27484,44.999],[-93.27387,44.99893],[-93.27383,44.99893],[-93.27382,44.99893],[-93.27381,44.99893],[-93.27379,44.99893],[-93.27378,44.99893],[-93.27377,44.99893],[-93.27256,44.99881]]]},"properties":{"id":"crime-mpls-st-anthony-west","layer":"crime_minneapolis","name":"St. Anthony West","county":"Hennepin","state":"MN","countyFips":"27053","attributes":{"neighborhood":"St. Anthony West","statYear":2025,"firstFullYear":2018,"lastFullYear":2025,"homicide":1,"rape":0,"robbery":2,"aggravatedAssault":3,"burglary":13,"larceny":52,"autoTheft":46,"arson":3,"violentTotal":6,"propertyTotal":114,"reportedTotal":120,"reportedTotalBand":"100–199","total2018":95,"total2019":82,"total2020":99,"total2021":144,"total2022":164,"total2023":183,"total2024":163,"total2025":120,"changeSinceFirstFullYear":25,"partialYearLabel":"2026 (January–July, incomplete)","partialYearTotal":92,"centroidLon":-93.2651,"centroidLat":44.99451},"confidence":"confirmed","sourceDate":"2025"}},{"type":"Feature","geometry":{"type":"Polygon","coordinates":[[[-93.22618,44.93051],[-93.22616,44.93049],[-93.22616,44.93048],[-93.22506,44.92888],[-93.22496,44.92874],[-93.22495,44.92872],[-93.22494,44.92871],[-93.22493,44.9287],[-93.22493,44.92869],[-93.2249,44.92866],[-93.22438,44.92792],[-93.22401,44.92739],[-93.22378,44.92704],[-93.22372,44.92692],[-93.22373,44.92692],[-93.22375,44.92692],[-93.22376,44.92692],[-93.22378,44.92692],[-93.22383,44.92692],[-93.22403,44.92691],[-93.22418,44.92691],[-93.22454,44.9269],[-93.22462,44.9269],[-93.22468,44.9269],[-93.22568,44.92689],[-93.22704,44.92688],[-93.2283,44.92688],[-93.22956,44.92689],[-93.23086,44.92689],[-93.23181,44.92689],[-93.23212,44.92689],[-93.23214,44.92509],[-93.23214,44.92508],[-93.23335,44.92509],[-93.23337,44.92509],[-93.23372,44.92509],[-93.23441,44.92509],[-93.23467,44.92509],[-93.2348,44.92509],[-93.23542,44.92509],[-93.23577,44.9251],[-93.23595,44.9251],[-93.2372,44.9251],[-93.23847,44.92511],[-93.23958,44.92511],[-93.23968,44.92511],[-93.23972,44.92511],[-93.24099,44.92511],[-93.24188,44.92512],[-93.24225,44.92512],[-93.24279,44.92512],[-93.24352,44.92512],[-93.24368,44.92512],[-93.24402,44.92512],[-93.24476,44.92513],[-93.24478,44.92513],[-93.24479,44.92513],[-93.24509,44.92513],[-93.24536,44.92513],[-93.24589,44.92513],[-93.24605,44.92513],[-93.24605,44.92514],[-93.24606,44.92693],[-93.24732,44.92693],[-93.24732,44.92694],[-93.24732,44.92695],[-93.24733,44.92863],[-93.24733,44.92871],[-93.24733,44.92874],[-93.24733,44.92987],[-93.24733,44.9305],[-93.24733,44.93053],[-93.24733,44.93229],[-93.24733,44.9323],[-93.24733,44.93239],[-93.24734,44.93377],[-93.24734,44.9341],[-93.24734,44.93411],[-93.24734,44.93412],[-93.24734,44.93413],[-93.24734,44.9342],[-93.24734,44.93479],[-93.24734,44.93519],[-93.24735,44.93593],[-93.24735,44.93594],[-93.24735,44.93627],[-93.24735,44.93646],[-93.24736,44.93719],[-93.24736,44.93722],[-93.24737,44.93767],[-93.24737,44.93773],[-93.24737,44.93774],[-93.24736,44.93774],[-93.24715,44.93774],[-93.24606,44.93773],[-93.24482,44.93773],[-93.24356,44.93774],[-93.24228,44.93773],[-93.24058,44.93773],[-93.23889,44.93773],[-93.23888,44.93773],[-93.23804,44.93773],[-93.23802,44.93773],[-93.2372,44.93774],[-93.23592,44.93773],[-93.23591,44.93773],[-93.23537,44.93773],[-93.23466,44.93773],[-93.2342,44.93773],[-93.2334,44.93773],[-93.23337,44.93773],[-93.23272,44.93773],[-93.23222,44.93773],[-93.23212,44.93773],[-93.23209,44.93773],[-93.23121,44.93773],[-93.23113,44.93773],[-93.23112,44.93772],[-93.23086,44.93734],[-93.23021,44.93639],[-93.22989,44.93593],[-93.22987,44.9359],[-93.22956,44.93545],[-93.22951,44.93539],[-93.22936,44.93518],[-93.22885,44.93444],[-93.22871,44.93424],[-93.22869,44.93421],[-93.22865,44.93413],[-93.22865,44.93412],[-93.22864,44.9341],[-93.22863,44.93408],[-93.2286,44.93403],[-93.22831,44.9336],[-93.22828,44.93356],[-93.22793,44.93305],[-93.22741,44.9323],[-93.2274,44.93229],[-93.22721,44.93201],[-93.2262,44.93054],[-93.22619,44.93053],[-93.22619,44.93052],[-93.22618,44.93051]]]},"properties":{"id":"crime-mpls-standish","layer":"crime_minneapolis","name":"Standish","county":"Hennepin","state":"MN","countyFips":"27053","attributes":{"neighborhood":"Standish","statYear":2025,"firstFullYear":2018,"lastFullYear":2025,"homicide":0,"rape":2,"robbery":5,"aggravatedAssault":11,"burglary":48,"larceny":115,"autoTheft":65,"arson":0,"violentTotal":18,"propertyTotal":228,"reportedTotal":246,"reportedTotalBand":"200–449","total2018":245,"total2019":259,"total2020":271,"total2021":248,"total2022":294,"total2023":308,"total2024":269,"total2025":246,"changeSinceFirstFullYear":1,"partialYearLabel":"2026 (January–July, incomplete)","partialYearTotal":155,"centroidLon":-93.23744,"centroidLat":44.93136},"confidence":"confirmed","sourceDate":"2025"}},{"type":"Feature","geometry":{"type":"Polygon","coordinates":[[[-93.26952,44.96596],[-93.26952,44.96594],[-93.26953,44.96482],[-93.26953,44.96387],[-93.26954,44.9627],[-93.26954,44.96269],[-93.26957,44.96269],[-93.26968,44.96269],[-93.26976,44.96269],[-93.2699,44.96269],[-93.27019,44.96269],[-93.2702,44.96269],[-93.27107,44.96269],[-93.27133,44.96269],[-93.27147,44.96269],[-93.2715,44.96269],[-93.27274,44.9627],[-93.27281,44.9627],[-93.27333,44.96269],[-93.27402,44.96269],[-93.27467,44.96269],[-93.27529,44.96269],[-93.27651,44.96269],[-93.27657,44.96269],[-93.27716,44.9627],[-93.27721,44.9627],[-93.27781,44.9627],[-93.27933,44.9627],[-93.27946,44.9627],[-93.27947,44.9627],[-93.28082,44.9627],[-93.28099,44.9627],[-93.28125,44.96269],[-93.28129,44.96269],[-93.28292,44.96269],[-93.28321,44.96269],[-93.28381,44.96269],[-93.28417,44.96269],[-93.28421,44.96269],[-93.28425,44.96269],[-93.28487,44.9627],[-93.28546,44.9627],[-93.2855,44.9627],[-93.28611,44.9627],[-93.28674,44.9627],[-93.28676,44.9627],[-93.28756,44.9627],[-93.28762,44.9627],[-93.288,44.9627],[-93.288,44.96271],[-93.288,44.96272],[-93.288,44.96282],[-93.28798,44.96323],[-93.28798,44.96328],[-93.28796,44.96372],[-93.28797,44.96408],[-93.28798,44.96424],[-93.28798,44.96438],[-93.28798,44.96439],[-93.28794,44.96439],[-93.28782,44.96439],[-93.28764,44.9644],[-93.28763,44.9644],[-93.28728,44.96438],[-93.28727,44.96438],[-93.28724,44.96438],[-93.28691,44.96435],[-93.2867,44.96433],[-93.28623,44.96428],[-93.28622,44.96428],[-93.28619,44.96428],[-93.28556,44.96428],[-93.28555,44.96428],[-93.28553,44.96428],[-93.28504,44.96433],[-93.28492,44.96434],[-93.28491,44.96434],[-93.28448,44.96441],[-93.28419,44.96449],[-93.28391,44.96456],[-93.28369,44.96463],[-93.28347,44.9647],[-93.2831,44.96485],[-93.28308,44.96485],[-93.28283,44.96492],[-93.28206,44.96512],[-93.28119,44.96536],[-93.28074,44.96548],[-93.27994,44.96569],[-93.27945,44.96583],[-93.27933,44.96586],[-93.27931,44.96586],[-93.27914,44.96591],[-93.27908,44.96593],[-93.2781,44.96619],[-93.27794,44.96623],[-93.27782,44.96626],[-93.27756,44.96633],[-93.2773,44.9664],[-93.27717,44.96643],[-93.27713,44.96643],[-93.2771,44.96644],[-93.27707,44.96645],[-93.27705,44.96645],[-93.27664,44.96654],[-93.27656,44.96655],[-93.27653,44.96655],[-93.2765,44.96656],[-93.27625,44.9666],[-93.27609,44.96662],[-93.27608,44.96662],[-93.27584,44.96665],[-93.27582,44.96666],[-93.27581,44.96666],[-93.27575,44.96666],[-93.2757,44.96667],[-93.27567,44.96667],[-93.27556,44.96668],[-93.27548,44.96668],[-93.27525,44.9667],[-93.27517,44.96671],[-93.27505,44.96671],[-93.27504,44.96671],[-93.27497,44.96672],[-93.27475,44.96673],[-93.27448,44.96673],[-93.27447,44.96673],[-93.27435,44.96673],[-93.27433,44.96673],[-93.27432,44.96673],[-93.27394,44.96672],[-93.27385,44.96672],[-93.27383,44.96672],[-93.27369,44.96671],[-93.27367,44.96671],[-93.27362,44.9667],[-93.27356,44.9667],[-93.27339,44.96669],[-93.27329,44.96668],[-93.2731,44.96666],[-93.27289,44.96664],[-93.27276,44.96662],[-93.27259,44.96659],[-93.27242,44.96656],[-93.2723,44.96654],[-93.27205,44.96649],[-93.27199,44.96648],[-93.27189,44.96646],[-93.27188,44.96646],[-93.27183,44.96645],[-93.2718,44.96644],[-93.27162,44.9664],[-93.27153,44.96638],[-93.27147,44.96637],[-93.27139,44.96635],[-93.27136,44.96634],[-93.27135,44.96634],[-93.27131,44.96633],[-93.2712,44.96631],[-93.27119,44.9663],[-93.27117,44.9663],[-93.27104,44.96627],[-93.27081,44.96622],[-93.27066,44.96619],[-93.27049,44.96616],[-93.27043,44.96614],[-93.27016,44.96609],[-93.27012,44.96608],[-93.27009,44.96607],[-93.27,44.96606],[-93.26996,44.96605],[-93.26987,44.96603],[-93.26984,44.96602],[-93.26967,44.96599],[-93.26952,44.96596]]]},"properties":{"id":"crime-mpls-steven-s-square-loring-heights","layer":"crime_minneapolis","name":"Steven's Square - Loring Heights","county":"Hennepin","state":"MN","countyFips":"27053","attributes":{"neighborhood":"Steven's Square - Loring Heights","statYear":2025,"firstFullYear":2018,"lastFullYear":2025,"homicide":1,"rape":6,"robbery":21,"aggravatedAssault":62,"burglary":20,"larceny":117,"autoTheft":84,"arson":0,"violentTotal":90,"propertyTotal":221,"reportedTotal":311,"reportedTotalBand":"200–449","total2018":203,"total2019":256,"total2020":331,"total2021":319,"total2022":360,"total2023":386,"total2024":397,"total2025":311,"changeSinceFirstFullYear":108,"partialYearLabel":"2026 (January–July, incomplete)","partialYearTotal":168,"centroidLon":-93.27731,"centroidLat":44.96432},"confidence":"confirmed","sourceDate":"2025"}},{"type":"Feature","geometry":{"type":"Polygon","coordinates":[[[-93.2883,44.98904],[-93.2883,44.98903],[-93.28834,44.98894],[-93.2884,44.98882],[-93.28847,44.98865],[-93.28852,44.98846],[-93.28857,44.98828],[-93.2886,44.98809],[-93.28862,44.98798],[-93.28864,44.98787],[-93.28864,44.98772],[-93.28865,44.98763],[-93.28865,44.9875],[-93.28866,44.98746],[-93.28866,44.9874],[-93.28865,44.98724],[-93.28861,44.98696],[-93.28855,44.9866],[-93.2885,44.98642],[-93.2885,44.98641],[-93.28849,44.98639],[-93.28848,44.98636],[-93.28844,44.98618],[-93.28839,44.98597],[-93.28835,44.98581],[-93.28833,44.98573],[-93.28832,44.98572],[-93.28832,44.9857],[-93.2883,44.9856],[-93.28825,44.98539],[-93.28824,44.98537],[-93.28818,44.98512],[-93.28811,44.98485],[-93.2881,44.98482],[-93.28801,44.98446],[-93.288,44.98441],[-93.28799,44.98437],[-93.28798,44.98434],[-93.28796,44.98426],[-93.28796,44.98423],[-93.28801,44.97949],[-93.28801,44.97946],[-93.28952,44.97967],[-93.28984,44.97972],[-93.29084,44.97988],[-93.29139,44.97995],[-93.29143,44.97996],[-93.29301,44.98016],[-93.29492,44.98037],[-93.29552,44.98044],[-93.29553,44.98044],[-93.29715,44.98063],[-93.29715,44.98067],[-93.29715,44.98158],[-93.29715,44.98161],[-93.29714,44.98186],[-93.29714,44.98187],[-93.29712,44.982],[-93.29711,44.98209],[-93.29705,44.98219],[-93.297,44.98228],[-93.29699,44.9823],[-93.29698,44.9823],[-93.29681,44.98245],[-93.2968,44.98246],[-93.29655,44.98259],[-93.29635,44.98265],[-93.29588,44.98271],[-93.29546,44.98277],[-93.29522,44.98282],[-93.29499,44.9829],[-93.29495,44.98291],[-93.29493,44.98292],[-93.29476,44.98301],[-93.29474,44.98303],[-93.29465,44.98309],[-93.29449,44.9832],[-93.29447,44.98321],[-93.29445,44.98324],[-93.29433,44.98337],[-93.2943,44.9834],[-93.29428,44.98343],[-93.29418,44.98359],[-93.29417,44.98363],[-93.29409,44.98411],[-93.29407,44.98414],[-93.29405,44.98418],[-93.29402,44.98426],[-93.29401,44.98427],[-93.29401,44.98428],[-93.29401,44.98436],[-93.29401,44.98437],[-93.29401,44.98438],[-93.29402,44.9844],[-93.29402,44.98446],[-93.29402,44.98448],[-93.29401,44.98495],[-93.29401,44.98497],[-93.29395,44.98508],[-93.29389,44.98516],[-93.29373,44.98534],[-93.29395,44.98546],[-93.29405,44.98556],[-93.29408,44.98561],[-93.29409,44.98563],[-93.2941,44.98565],[-93.29411,44.98632],[-93.2941,44.98815],[-93.2941,44.98841],[-93.2941,44.98877],[-93.2941,44.98898],[-93.29309,44.989],[-93.29308,44.989],[-93.2928,44.989],[-93.29267,44.989],[-93.29243,44.98901],[-93.29186,44.98901],[-93.29104,44.98902],[-93.29101,44.98902],[-93.29057,44.98929],[-93.29057,44.98928],[-93.29042,44.98916],[-93.29025,44.98901],[-93.29024,44.98901],[-93.29022,44.98901],[-93.28966,44.98902],[-93.28954,44.98902],[-93.28918,44.98902],[-93.28914,44.98902],[-93.2885,44.98903],[-93.2884,44.98903],[-93.2883,44.98904]]]},"properties":{"id":"crime-mpls-sumner-glenwood","layer":"crime_minneapolis","name":"Sumner - Glenwood","county":"Hennepin","state":"MN","countyFips":"27053","attributes":{"neighborhood":"Sumner - Glenwood","statYear":2025,"firstFullYear":2018,"lastFullYear":2025,"homicide":0,"rape":1,"robbery":2,"aggravatedAssault":9,"burglary":11,"larceny":16,"autoTheft":24,"arson":0,"violentTotal":12,"propertyTotal":51,"reportedTotal":63,"reportedTotalBand":"40–99","total2018":71,"total2019":81,"total2020":87,"total2021":94,"total2022":97,"total2023":86,"total2024":80,"total2025":63,"changeSinceFirstFullYear":-8,"partialYearLabel":"2026 (January–July, incomplete)","partialYearTotal":45,"centroidLon":-93.2916,"centroidLat":44.98403},"confidence":"confirmed","sourceDate":"2025"}},{"type":"Feature","geometry":{"type":"Polygon","coordinates":[[[-93.27482,44.90917],[-93.27483,44.90895],[-93.27483,44.90894],[-93.27483,44.90893],[-93.27483,44.90883],[-93.27483,44.90872],[-93.27483,44.9085],[-93.27484,44.90806],[-93.27484,44.90767],[-93.27485,44.90741],[-93.27485,44.90726],[-93.27486,44.90677],[-93.27487,44.90624],[-93.27487,44.90588],[-93.27488,44.90572],[-93.27489,44.90518],[-93.27489,44.90504],[-93.2749,44.90417],[-93.27492,44.90357],[-93.27492,44.90356],[-93.27505,44.90357],[-93.27549,44.90363],[-93.27551,44.90363],[-93.27681,44.9038],[-93.27808,44.90396],[-93.2781,44.90396],[-93.27932,44.90415],[-93.28065,44.90434],[-93.28187,44.90452],[-93.2832,44.90471],[-93.28447,44.90493],[-93.28547,44.9051],[-93.28574,44.9051],[-93.28702,44.90509],[-93.28828,44.90508],[-93.28829,44.90508],[-93.2883,44.90508],[-93.2883,44.90509],[-93.28829,44.90649],[-93.28829,44.90651],[-93.28829,44.90652],[-93.28828,44.90689],[-93.28828,44.9069],[-93.28829,44.90765],[-93.28829,44.90769],[-93.28829,44.90773],[-93.28829,44.90827],[-93.28828,44.90828],[-93.28828,44.90829],[-93.28828,44.90865],[-93.28828,44.90869],[-93.28828,44.9087],[-93.28827,44.90955],[-93.28827,44.90987],[-93.28827,44.91014],[-93.28827,44.91018],[-93.28827,44.91049],[-93.28826,44.91204],[-93.28825,44.91231],[-93.28825,44.91232],[-93.28826,44.91253],[-93.28827,44.91381],[-93.28828,44.91412],[-93.28828,44.91413],[-93.2883,44.91592],[-93.2883,44.91594],[-93.2883,44.91595],[-93.2883,44.91657],[-93.28831,44.91775],[-93.28831,44.91776],[-93.28831,44.91828],[-93.28833,44.91956],[-93.28832,44.91956],[-93.28702,44.91958],[-93.28571,44.91958],[-93.28443,44.91959],[-93.28314,44.9196],[-93.28185,44.91961],[-93.28054,44.91962],[-93.27925,44.91962],[-93.27795,44.91963],[-93.27792,44.91964],[-93.27759,44.91964],[-93.27667,44.91965],[-93.27615,44.91965],[-93.27539,44.91965],[-93.27536,44.91965],[-93.27534,44.91966],[-93.27487,44.91966],[-93.27486,44.91966],[-93.27475,44.91966],[-93.27473,44.91966],[-93.27471,44.91966],[-93.27471,44.91957],[-93.27472,44.91815],[-93.27473,44.91639],[-93.27473,44.91606],[-93.27473,44.91605],[-93.27473,44.91604],[-93.27473,44.91602],[-93.27473,44.91596],[-93.27473,44.91547],[-93.27474,44.91464],[-93.27474,44.91293],[-93.27475,44.91245],[-93.27475,44.91244],[-93.27475,44.91243],[-93.27475,44.91236],[-93.27477,44.91108],[-93.27479,44.91027],[-93.27479,44.91011],[-93.27481,44.90965],[-93.27481,44.9094],[-93.27482,44.90923],[-93.27482,44.90922],[-93.27482,44.90917]]]},"properties":{"id":"crime-mpls-tangletown","layer":"crime_minneapolis","name":"Tangletown","county":"Hennepin","state":"MN","countyFips":"27053","attributes":{"neighborhood":"Tangletown","statYear":2025,"firstFullYear":2018,"lastFullYear":2025,"homicide":0,"rape":0,"robbery":3,"aggravatedAssault":5,"burglary":24,"larceny":63,"autoTheft":33,"arson":0,"violentTotal":8,"propertyTotal":120,"reportedTotal":128,"reportedTotalBand":"100–199","total2018":107,"total2019":123,"total2020":155,"total2021":119,"total2022":134,"total2023":158,"total2024":166,"total2025":128,"changeSinceFirstFullYear":21,"partialYearLabel":"2026 (January–July, incomplete)","partialYearTotal":95,"centroidLon":-93.2814,"centroidLat":44.91205},"confidence":"confirmed","sourceDate":"2025"}},{"type":"Feature","geometry":{"type":"Polygon","coordinates":[[[-93.22708,44.98237],[-93.22708,44.98236],[-93.22708,44.98232],[-93.22708,44.98229],[-93.22708,44.98226],[-93.22708,44.98218],[-93.22708,44.98217],[-93.22708,44.98216],[-93.22706,44.98065],[-93.22706,44.98029],[-93.22706,44.98025],[-93.22706,44.97964],[-93.22705,44.97952],[-93.22705,44.97877],[-93.22705,44.97855],[-93.22705,44.9785],[-93.22705,44.97836],[-93.22705,44.97835],[-93.22704,44.97812],[-93.22704,44.97704],[-93.22704,44.97701],[-93.22704,44.977],[-93.22708,44.97691],[-93.22708,44.9769],[-93.2271,44.97687],[-93.22708,44.97619],[-93.22706,44.97573],[-93.22706,44.97572],[-93.22708,44.97477],[-93.22708,44.97476],[-93.22709,44.97405],[-93.2271,44.97365],[-93.2271,44.97362],[-93.2271,44.97357],[-93.22711,44.97255],[-93.22711,44.97152],[-93.22711,44.97136],[-93.2271,44.97071],[-93.2271,44.97051],[-93.2271,44.97027],[-93.2271,44.97026],[-93.2271,44.97022],[-93.22712,44.96898],[-93.22712,44.96891],[-93.22712,44.9689],[-93.2271,44.96819],[-93.2271,44.96712],[-93.22714,44.96714],[-93.22719,44.96717],[-93.22724,44.9672],[-93.2273,44.96724],[-93.22735,44.96727],[-93.22741,44.9673],[-93.22747,44.96734],[-93.22754,44.96737],[-93.2276,44.9674],[-93.22768,44.96745],[-93.22777,44.96749],[-93.22785,44.96753],[-93.22793,44.96757],[-93.22801,44.9676],[-93.22809,44.96764],[-93.22816,44.96767],[-93.22824,44.96771],[-93.22831,44.96774],[-93.22839,44.96777],[-93.22846,44.9678],[-93.22854,44.96783],[-93.2286,44.96786],[-93.22866,44.96788],[-93.22872,44.9679],[-93.22879,44.96793],[-93.22886,44.96795],[-93.22889,44.96796],[-93.22892,44.96797],[-93.22899,44.968],[-93.22906,44.96802],[-93.22914,44.96804],[-93.22921,44.96807],[-93.22929,44.96809],[-93.22937,44.96811],[-93.22945,44.96814],[-93.22954,44.96816],[-93.22962,44.96819],[-93.22972,44.96821],[-93.22987,44.96825],[-93.23004,44.9683],[-93.23042,44.96839],[-93.23044,44.9684],[-93.23058,44.96843],[-93.23067,44.96846],[-93.23072,44.96847],[-93.23087,44.96851],[-93.23102,44.96854],[-93.23114,44.96857],[-93.23117,44.96857],[-93.23123,44.96859],[-93.23135,44.96861],[-93.23152,44.96865],[-93.2317,44.96869],[-93.23189,44.96873],[-93.23208,44.96876],[-93.23227,44.9688],[-93.23247,44.96884],[-93.23268,44.96887],[-93.23281,44.9689],[-93.23292,44.96891],[-93.23312,44.96895],[-93.23328,44.96898],[-93.23343,44.969],[-93.23357,44.96902],[-93.2337,44.96904],[-93.23383,44.96906],[-93.23395,44.96907],[-93.23402,44.96908],[-93.23409,44.96909],[-93.23417,44.9691],[-93.23425,44.9691],[-93.23432,44.96911],[-93.2344,44.96911],[-93.23466,44.96913],[-93.23476,44.96913],[-93.23485,44.96914],[-93.23493,44.96915],[-93.23502,44.96915],[-93.23509,44.96916],[-93.23517,44.96917],[-93.23524,44.96918],[-93.2353,44.96919],[-93.2354,44.9692],[-93.23553,44.96923],[-93.23565,44.96925],[-93.23576,44.96927],[-93.23586,44.96929],[-93.23595,44.96931],[-93.23605,44.96933],[-93.23611,44.96935],[-93.23618,44.96936],[-93.23624,44.96938],[-93.2363,44.9694],[-93.23636,44.96941],[-93.23642,44.96943],[-93.23648,44.96945],[-93.23654,44.96946],[-93.23659,44.96948],[-93.23665,44.9695],[-93.2367,44.96952],[-93.23675,44.96954],[-93.23681,44.96956],[-93.23686,44.96958],[-93.2369,44.9696],[-93.23695,44.96962],[-93.237,44.96964],[-93.23705,44.96966],[-93.2371,44.96969],[-93.23715,44.96971],[-93.2372,44.96974],[-93.23721,44.96974],[-93.23725,44.96977],[-93.2373,44.96979],[-93.23735,44.96982],[-93.2374,44.96985],[-93.23745,44.96988],[-93.2375,44.96991],[-93.23755,44.96994],[-93.2376,44.96997],[-93.23764,44.97],[-93.23769,44.97004],[-93.23774,44.97007],[-93.2378,44.97011],[-93.23785,44.97016],[-93.23791,44.9702],[-93.23796,44.97024],[-93.23801,44.97029],[-93.23807,44.97033],[-93.23812,44.97038],[-93.23817,44.97043],[-93.23821,44.97047],[-93.23826,44.97051],[-93.2383,44.97056],[-93.23834,44.97061],[-93.23838,44.97066],[-93.23843,44.9707],[-93.23847,44.97075],[-93.23851,44.9708],[-93.23853,44.97084],[-93.23855,44.97086],[-93.23856,44.97088],[-93.23953,44.97067],[-93.24018,44.97052],[-93.242,44.9701],[-93.24567,44.97014],[-93.24566,44.97116],[-93.24566,44.97117],[-93.24571,44.97187],[-93.24572,44.97198],[-93.24572,44.97199],[-93.24573,44.97204],[-93.24573,44.97206],[-93.24573,44.97209],[-93.24574,44.9722],[-93.24575,44.97229],[-93.24586,44.97337],[-93.24586,44.9734],[-93.24586,44.97422],[-93.24586,44.97423],[-93.24586,44.97424],[-93.24589,44.97484],[-93.2458,44.97529],[-93.2457,44.97555],[-93.24545,44.97555],[-93.24403,44.97554],[-93.24374,44.97554],[-93.2436,44.97553],[-93.2435,44.9755],[-93.24339,44.97545],[-93.2433,44.97539],[-93.24263,44.97497],[-93.24251,44.97487],[-93.24196,44.97426],[-93.24195,44.97426],[-93.24194,44.97426],[-93.24155,44.97426],[-93.24024,44.97426],[-93.24023,44.97426],[-93.24017,44.97426],[-93.23951,44.97426],[-93.23934,44.97426],[-93.2393,44.97426],[-93.23929,44.97426],[-93.23928,44.97436],[-93.23928,44.97439],[-93.23928,44.97441],[-93.23928,44.97443],[-93.23927,44.97446],[-93.23927,44.9745],[-93.23927,44.97455],[-93.23927,44.97461],[-93.23927,44.97467],[-93.23927,44.97472],[-93.23927,44.97478],[-93.23928,44.97484],[-93.23928,44.9749],[-93.23929,44.97496],[-93.23929,44.97498],[-93.2393,44.97501],[-93.2393,44.97507],[-93.23931,44.97513],[-93.23932,44.97519],[-93.23933,44.97526],[-93.23934,44.97532],[-93.23936,44.97538],[-93.23937,44.97544],[-93.23939,44.9755],[-93.2394,44.97556],[-93.23942,44.97562],[-93.23944,44.97568],[-93.23945,44.97573],[-93.23947,44.97579],[-93.23949,44.97585],[-93.23952,44.9759],[-93.23954,44.97596],[-93.23956,44.97601],[-93.23959,44.97608],[-93.23962,44.97614],[-93.23965,44.9762],[-93.23969,44.97626],[-93.23972,44.97632],[-93.23976,44.97638],[-93.2398,44.97645],[-93.23984,44.97651],[-93.23988,44.97657],[-93.23993,44.97664],[-93.23997,44.9767],[-93.24002,44.97676],[-93.24008,44.97683],[-93.24013,44.97689],[-93.24019,44.97696],[-93.24025,44.97703],[-93.2403,44.97709],[-93.24035,44.97714],[-93.2404,44.9772],[-93.24045,44.97725],[-93.24051,44.9773],[-93.24056,44.97734],[-93.24061,44.97739],[-93.24066,44.97743],[-93.24071,44.97748],[-93.24077,44.97752],[-93.24082,44.97756],[-93.24088,44.9776],[-93.24094,44.97764],[-93.241,44.97769],[-93.24106,44.97773],[-93.24113,44.97777],[-93.24115,44.97778],[-93.2412,44.97781],[-93.24124,44.97784],[-93.24128,44.97786],[-93.24136,44.9779],[-93.24144,44.97795],[-93.24152,44.97799],[-93.24161,44.97803],[-93.24169,44.97807],[-93.24176,44.9781],[-93.24178,44.97812],[-93.2418,44.97813],[-93.24188,44.97816],[-93.24198,44.9782],[-93.24208,44.97825],[-93.24219,44.97829],[-93.24226,44.97832],[-93.24234,44.97835],[-93.24242,44.97838],[-93.2425,44.97841],[-93.24259,44.97843],[-93.24267,44.97846],[-93.24276,44.97848],[-93.24258,44.97871],[-93.2423,44.97908],[-93.24183,44.97968],[-93.24175,44.97978],[-93.24095,44.9808],[-93.24068,44.98115],[-93.23933,44.98061],[-93.2393,44.9806],[-93.23794,44.98007],[-93.23789,44.98005],[-93.23769,44.97998],[-93.23727,44.97982],[-93.23724,44.9798],[-93.23717,44.97977],[-93.23713,44.97976],[-93.23709,44.97974],[-93.23708,44.97973],[-93.23694,44.97968],[-93.2369,44.97966],[-93.23656,44.97952],[-93.2365,44.9795],[-93.23582,44.97923],[-93.23555,44.97913],[-93.23517,44.97898],[-93.23516,44.97898],[-93.23515,44.97899],[-93.23503,44.97914],[-93.23438,44.97994],[-93.2343,44.98003],[-93.23421,44.98014],[-93.23387,44.98057],[-93.2337,44.98077],[-93.23358,44.98093],[-93.23342,44.98113],[-93.23332,44.98126],[-93.23282,44.98189],[-93.23204,44.98288],[-93.23127,44.98385],[-93.23126,44.98386],[-93.23086,44.98438],[-93.23086,44.98439],[-93.23082,44.98444],[-93.22929,44.9836],[-93.22786,44.98281],[-93.22708,44.98237]]]},"properties":{"id":"crime-mpls-university-of-minnesota","layer":"crime_minneapolis","name":"University of Minnesota","county":"Hennepin","state":"MN","countyFips":"27053","attributes":{"neighborhood":"University of Minnesota","statYear":2025,"firstFullYear":2018,"lastFullYear":2025,"homicide":0,"rape":1,"robbery":4,"aggravatedAssault":0,"burglary":3,"larceny":81,"autoTheft":7,"arson":0,"violentTotal":5,"propertyTotal":91,"reportedTotal":96,"reportedTotalBand":"40–99","total2018":124,"total2019":102,"total2020":95,"total2021":116,"total2022":148,"total2023":144,"total2024":118,"total2025":96,"changeSinceFirstFullYear":-28,"partialYearLabel":"2026 (January–July, incomplete)","partialYearTotal":37,"centroidLon":-93.23452,"centroidLat":44.97511},"confidence":"confirmed","sourceDate":"2025"}},{"type":"Feature","geometry":{"type":"Polygon","coordinates":[[[-93.24958,44.9663],[-93.24951,44.96622],[-93.24934,44.96603],[-93.24915,44.96582],[-93.24892,44.9656],[-93.24861,44.96528],[-93.24843,44.96503],[-93.24824,44.96467],[-93.24788,44.96393],[-93.24759,44.96338],[-93.24736,44.96301],[-93.24718,44.96274],[-93.24709,44.96262],[-93.24703,44.96253],[-93.24665,44.96199],[-93.24604,44.9611],[-93.24589,44.96087],[-93.24588,44.96086],[-93.24593,44.96081],[-93.24604,44.96071],[-93.24611,44.96065],[-93.24614,44.96062],[-93.24615,44.96061],[-93.24633,44.96045],[-93.24638,44.9604],[-93.24655,44.96023],[-93.24659,44.96019],[-93.24664,44.96013],[-93.24665,44.96013],[-93.24667,44.9601],[-93.24675,44.96003],[-93.24676,44.96001],[-93.24719,44.96043],[-93.24727,44.96051],[-93.2475,44.96073],[-93.24751,44.96074],[-93.24771,44.96093],[-93.24772,44.96093],[-93.24794,44.96093],[-93.24824,44.96092],[-93.24825,44.96092],[-93.24852,44.96092],[-93.24857,44.96092],[-93.24956,44.96093],[-93.24984,44.96093],[-93.24984,44.96092],[-93.24984,44.95987],[-93.24984,44.95914],[-93.24984,44.95913],[-93.24985,44.95913],[-93.25098,44.95913],[-93.25111,44.95914],[-93.25112,44.95913],[-93.25117,44.95913],[-93.25227,44.95913],[-93.25234,44.95913],[-93.25235,44.95913],[-93.25237,44.95913],[-93.25358,44.95912],[-93.25359,44.95912],[-93.25363,44.95912],[-93.25476,44.95913],[-93.25489,44.95913],[-93.25493,44.95913],[-93.25614,44.95913],[-93.25618,44.95913],[-93.25744,44.95913],[-93.25747,44.95913],[-93.25775,44.95913],[-93.25816,44.95913],[-93.25821,44.95913],[-93.2587,44.95913],[-93.25877,44.95913],[-93.25965,44.95912],[-93.25967,44.95912],[-93.25997,44.95912],[-93.26002,44.95912],[-93.26105,44.95912],[-93.26107,44.95912],[-93.26109,44.95912],[-93.26127,44.95912],[-93.26255,44.95912],[-93.26256,44.95912],[-93.26257,44.95912],[-93.26257,44.95913],[-93.26258,44.9609],[-93.26258,44.96091],[-93.26512,44.96091],[-93.26641,44.96091],[-93.26642,44.96091],[-93.26765,44.9609],[-93.26769,44.9609],[-93.26829,44.9609],[-93.26888,44.96091],[-93.26897,44.96091],[-93.26898,44.96091],[-93.2692,44.9609],[-93.26955,44.9609],[-93.26954,44.96201],[-93.26954,44.96267],[-93.26954,44.96269],[-93.26954,44.9627],[-93.26953,44.96387],[-93.26953,44.96482],[-93.26952,44.96594],[-93.26952,44.96596],[-93.26951,44.96595],[-93.26934,44.96593],[-93.26929,44.96593],[-93.26913,44.96591],[-93.26892,44.96588],[-93.26891,44.96588],[-93.26878,44.96586],[-93.26871,44.96585],[-93.26827,44.9658],[-93.26824,44.96579],[-93.26811,44.96577],[-93.26789,44.96575],[-93.26784,44.96574],[-93.26776,44.96573],[-93.26775,44.96573],[-93.26766,44.96573],[-93.26758,44.96573],[-93.26747,44.96574],[-93.26743,44.96574],[-93.26742,44.96574],[-93.26724,44.96575],[-93.26721,44.96575],[-93.26702,44.96575],[-93.267,44.96575],[-93.26671,44.96575],[-93.26645,44.96575],[-93.26597,44.96575],[-93.26592,44.96575],[-93.26588,44.96575],[-93.26565,44.96575],[-93.26525,44.96575],[-93.26511,44.96575],[-93.26268,44.96576],[-93.26254,44.96576],[-93.26253,44.96576],[-93.26082,44.96576],[-93.26075,44.96576],[-93.2604,44.96576],[-93.25969,44.96577],[-93.25968,44.96577],[-93.25967,44.96577],[-93.25966,44.96577],[-93.25894,44.96577],[-93.25846,44.96577],[-93.25831,44.96577],[-93.25823,44.96578],[-93.25817,44.96579],[-93.25801,44.9658],[-93.25789,44.96581],[-93.25747,44.96584],[-93.25694,44.96588],[-93.25692,44.96588],[-93.2569,44.96588],[-93.25684,44.96589],[-93.25682,44.96589],[-93.25669,44.9659],[-93.25664,44.96591],[-93.25655,44.96591],[-93.25643,44.96593],[-93.25642,44.96593],[-93.25622,44.96594],[-93.25606,44.96596],[-93.25579,44.96598],[-93.25576,44.96599],[-93.25575,44.96599],[-93.2557,44.96599],[-93.25562,44.966],[-93.25555,44.96601],[-93.25542,44.96602],[-93.25522,44.96605],[-93.25507,44.96606],[-93.25492,44.96608],[-93.2548,44.96609],[-93.25474,44.9661],[-93.25461,44.96611],[-93.25456,44.96611],[-93.25444,44.96612],[-93.25427,44.96614],[-93.25415,44.96615],[-93.25409,44.96615],[-93.25387,44.96617],[-93.25385,44.96617],[-93.25367,44.96618],[-93.25367,44.96619],[-93.25365,44.96619],[-93.25339,44.96621],[-93.25313,44.96622],[-93.25307,44.96623],[-93.25304,44.96623],[-93.25287,44.96624],[-93.25278,44.96625],[-93.25276,44.96625],[-93.25267,44.96626],[-93.25252,44.96627],[-93.25244,44.96627],[-93.25237,44.96628],[-93.25234,44.96628],[-93.25226,44.96629],[-93.25218,44.96629],[-93.25213,44.96629],[-93.25197,44.9663],[-93.25195,44.9663],[-93.2519,44.9663],[-93.25189,44.9663],[-93.25178,44.96631],[-93.25172,44.96631],[-93.25165,44.96631],[-93.25163,44.96631],[-93.25162,44.96631],[-93.25156,44.96632],[-93.25139,44.96632],[-93.25126,44.96633],[-93.25122,44.96633],[-93.25118,44.96633],[-93.25109,44.96633],[-93.25086,44.96634],[-93.25062,44.96634],[-93.25057,44.96634],[-93.25052,44.96634],[-93.25044,44.96634],[-93.25043,44.96634],[-93.25038,44.96634],[-93.25035,44.96634],[-93.25024,44.96633],[-93.24995,44.96632],[-93.24992,44.96632],[-93.24981,44.96632],[-93.24977,44.96631],[-93.24958,44.9663]]]},"properties":{"id":"crime-mpls-ventura-village","layer":"crime_minneapolis","name":"Ventura Village","county":"Hennepin","state":"MN","countyFips":"27053","attributes":{"neighborhood":"Ventura Village","statYear":2025,"firstFullYear":2018,"lastFullYear":2025,"homicide":4,"rape":12,"robbery":62,"aggravatedAssault":100,"burglary":40,"larceny":164,"autoTheft":122,"arson":3,"violentTotal":178,"propertyTotal":329,"reportedTotal":507,"reportedTotalBand":"450+","total2018":404,"total2019":524,"total2020":622,"total2021":451,"total2022":550,"total2023":536,"total2024":551,"total2025":507,"changeSinceFirstFullYear":103,"partialYearLabel":"2026 (January–July, incomplete)","partialYearTotal":287,"centroidLon":-93.2579,"centroidLat":44.96278},"confidence":"confirmed","sourceDate":"2025"}},{"type":"Feature","geometry":{"type":"Polygon","coordinates":[[[-93.31938,45.04202],[-93.31939,45.04216],[-93.31939,45.04218],[-93.31938,45.04218],[-93.31937,45.04217],[-93.31936,45.04217],[-93.31933,45.04217],[-93.31798,45.04187],[-93.31783,45.04184],[-93.31779,45.04183],[-93.31758,45.04178],[-93.31625,45.04148],[-93.31423,45.04104],[-93.3141,45.04101],[-93.31211,45.04057],[-93.31197,45.04054],[-93.31174,45.04049],[-93.31173,45.04048],[-93.31133,45.0404],[-93.31049,45.04021],[-93.31046,45.0402],[-93.30977,45.04005],[-93.30939,45.03997],[-93.3092,45.03992],[-93.30919,45.03992],[-93.30918,45.03992],[-93.30793,45.03964],[-93.30792,45.03964],[-93.30752,45.03955],[-93.30688,45.03941],[-93.30668,45.03936],[-93.30668,45.03935],[-93.30667,45.03927],[-93.30666,45.0385],[-93.30663,45.0372],[-93.30663,45.03699],[-93.30663,45.03698],[-93.30662,45.03669],[-93.30662,45.03668],[-93.30659,45.03546],[-93.30659,45.03545],[-93.306,45.03545],[-93.30599,45.0351],[-93.30597,45.03339],[-93.30597,45.03337],[-93.30594,45.03208],[-93.30593,45.03131],[-93.30593,45.0313],[-93.3072,45.03131],[-93.30848,45.03132],[-93.30848,45.03102],[-93.30845,45.0298],[-93.30844,45.02952],[-93.30844,45.02951],[-93.30843,45.02906],[-93.30841,45.02772],[-93.30841,45.02771],[-93.30838,45.02653],[-93.30837,45.02591],[-93.30837,45.0259],[-93.30835,45.02507],[-93.30833,45.0241],[-93.30833,45.02409],[-93.30864,45.02409],[-93.3096,45.02409],[-93.31089,45.02409],[-93.31217,45.0241],[-93.31342,45.0241],[-93.3147,45.0241],[-93.31598,45.0241],[-93.31725,45.0241],[-93.31852,45.02411],[-93.31853,45.02411],[-93.31854,45.02438],[-93.31856,45.02534],[-93.31857,45.0259],[-93.31862,45.02772],[-93.31862,45.02774],[-93.31864,45.02852],[-93.31866,45.02951],[-93.31866,45.02953],[-93.3187,45.03127],[-93.3187,45.03133],[-93.31873,45.03274],[-93.31874,45.03313],[-93.31875,45.03339],[-93.31875,45.03341],[-93.31875,45.0335],[-93.31876,45.03378],[-93.31876,45.03398],[-93.31877,45.03412],[-93.31879,45.0353],[-93.3188,45.03545],[-93.3188,45.03546],[-93.31881,45.03546],[-93.31883,45.03546],[-93.3192,45.03546],[-93.31922,45.0364],[-93.31922,45.03645],[-93.31922,45.03648],[-93.31923,45.03665],[-93.31923,45.0369],[-93.31924,45.03696],[-93.31924,45.03701],[-93.31924,45.03719],[-93.31926,45.03765],[-93.31932,45.03979],[-93.31932,45.03993],[-93.31933,45.04017],[-93.31933,45.04018],[-93.31933,45.04019],[-93.31972,45.0402],[-93.32318,45.04028],[-93.32321,45.04179],[-93.32323,45.04287],[-93.32323,45.04288],[-93.32318,45.04287],[-93.32179,45.04255],[-93.32043,45.04225],[-93.32019,45.0422],[-93.31982,45.04211],[-93.31939,45.04202],[-93.31938,45.04202]]]},"properties":{"id":"crime-mpls-victory","layer":"crime_minneapolis","name":"Victory","county":"Hennepin","state":"MN","countyFips":"27053","attributes":{"neighborhood":"Victory","statYear":2025,"firstFullYear":2018,"lastFullYear":2025,"homicide":0,"rape":2,"robbery":3,"aggravatedAssault":11,"burglary":31,"larceny":61,"autoTheft":40,"arson":0,"violentTotal":16,"propertyTotal":132,"reportedTotal":148,"reportedTotalBand":"100–199","total2018":154,"total2019":126,"total2020":157,"total2021":138,"total2022":174,"total2023":157,"total2024":201,"total2025":148,"changeSinceFirstFullYear":-6,"partialYearLabel":"2026 (January–July, incomplete)","partialYearTotal":79,"centroidLon":-93.31354,"centroidLat":45.03324},"confidence":"confirmed","sourceDate":"2025"}},{"type":"Feature","geometry":{"type":"Polygon","coordinates":[[[-93.22687,45.01892],[-93.22688,45.01892],[-93.22702,45.01893],[-93.22816,45.01899],[-93.22817,45.01899],[-93.22824,45.019],[-93.22829,45.01901],[-93.22835,45.01901],[-93.22841,45.01902],[-93.22847,45.01903],[-93.22854,45.01903],[-93.22863,45.01904],[-93.22871,45.01905],[-93.22877,45.01906],[-93.22883,45.01907],[-93.22884,45.01907],[-93.22889,45.01908],[-93.22894,45.01909],[-93.229,45.0191],[-93.2294,45.01918],[-93.22944,45.01919],[-93.22947,45.0192],[-93.22961,45.01924],[-93.22984,45.01932],[-93.23016,45.01942],[-93.23063,45.01964],[-93.23071,45.01968],[-93.23086,45.01977],[-93.23129,45.02004],[-93.23155,45.02026],[-93.23174,45.02046],[-93.23175,45.02047],[-93.23195,45.02071],[-93.23199,45.02075],[-93.23213,45.02094],[-93.23241,45.0213],[-93.23243,45.02134],[-93.23258,45.02153],[-93.23262,45.02158],[-93.23278,45.02175],[-93.23287,45.02184],[-93.23326,45.02222],[-93.23329,45.02225],[-93.23334,45.02229],[-93.23394,45.02271],[-93.23457,45.02307],[-93.23465,45.0231],[-93.2347,45.02313],[-93.23515,45.02335],[-93.23583,45.02365],[-93.23615,45.02373],[-93.23639,45.0238],[-93.2365,45.02383],[-93.23678,45.02391],[-93.2371,45.02394],[-93.23711,45.02394],[-93.23722,45.02394],[-93.23775,45.02394],[-93.23841,45.02394],[-93.23968,45.02392],[-93.24095,45.02393],[-93.24224,45.02391],[-93.24253,45.02392],[-93.2426,45.02392],[-93.24267,45.02393],[-93.24289,45.02397],[-93.24311,45.02404],[-93.24316,45.02405],[-93.24328,45.02411],[-93.24344,45.0242],[-93.24361,45.02434],[-93.24362,45.02435],[-93.24373,45.0245],[-93.244,45.02491],[-93.24422,45.02516],[-93.24423,45.02517],[-93.24426,45.0252],[-93.24441,45.02533],[-93.24445,45.02536],[-93.24477,45.02557],[-93.24491,45.02562],[-93.24492,45.02562],[-93.24518,45.02568],[-93.24519,45.02569],[-93.24543,45.0257],[-93.24544,45.0257],[-93.24546,45.0257],[-93.24606,45.02569],[-93.24665,45.02569],[-93.24729,45.02568],[-93.2473,45.02568],[-93.24732,45.02568],[-93.24733,45.02568],[-93.24735,45.02568],[-93.24735,45.0257],[-93.24735,45.02577],[-93.24735,45.0258],[-93.24735,45.02584],[-93.24733,45.02761],[-93.24732,45.02941],[-93.2473,45.03123],[-93.24729,45.03345],[-93.24729,45.03346],[-93.24729,45.03381],[-93.24729,45.03391],[-93.24729,45.03393],[-93.24729,45.03396],[-93.24727,45.0355],[-93.24727,45.03556],[-93.24726,45.03556],[-93.24677,45.03556],[-93.24664,45.03556],[-93.24645,45.03556],[-93.24602,45.03556],[-93.24473,45.03557],[-93.24411,45.03557],[-93.24385,45.03557],[-93.2437,45.03558],[-93.24297,45.03558],[-93.24219,45.03558],[-93.24203,45.03559],[-93.24134,45.03559],[-93.24052,45.03559],[-93.23963,45.0356],[-93.23836,45.03561],[-93.2371,45.03561],[-93.23461,45.03563],[-93.23119,45.03565],[-93.2308,45.03565],[-93.23069,45.03565],[-93.22948,45.03566],[-93.22947,45.03566],[-93.22839,45.03566],[-93.22822,45.03566],[-93.22702,45.03567],[-93.22694,45.03567],[-93.22693,45.03567],[-93.22693,45.03543],[-93.22693,45.03477],[-93.22692,45.03427],[-93.22692,45.03423],[-93.22692,45.03388],[-93.22692,45.03349],[-93.22692,45.03308],[-93.22692,45.03198],[-93.22692,45.03134],[-93.22691,45.03092],[-93.22691,45.03036],[-93.22691,45.02955],[-93.22691,45.02954],[-93.22691,45.0295],[-93.2269,45.0292],[-93.2269,45.02889],[-93.2269,45.02795],[-93.2269,45.02774],[-93.2269,45.02773],[-93.22689,45.02764],[-93.22689,45.02759],[-93.22689,45.02677],[-93.22688,45.02593],[-93.22688,45.02592],[-93.22688,45.02524],[-93.22688,45.02412],[-93.22688,45.0241],[-93.22687,45.02251],[-93.22687,45.02228],[-93.22687,45.02176],[-93.22687,45.0217],[-93.22687,45.02169],[-93.22687,45.02143],[-93.22687,45.02048],[-93.22687,45.02047],[-93.22687,45.02044],[-93.22687,45.01937],[-93.22687,45.01931],[-93.22687,45.01894],[-93.22687,45.01893],[-93.22687,45.01892]]]},"properties":{"id":"crime-mpls-waite-park","layer":"crime_minneapolis","name":"Waite Park","county":"Hennepin","state":"MN","countyFips":"27053","attributes":{"neighborhood":"Waite Park","statYear":2025,"firstFullYear":2018,"lastFullYear":2025,"homicide":0,"rape":3,"robbery":1,"aggravatedAssault":4,"burglary":11,"larceny":46,"autoTheft":30,"arson":0,"violentTotal":8,"propertyTotal":87,"reportedTotal":95,"reportedTotalBand":"40–99","total2018":102,"total2019":125,"total2020":142,"total2021":103,"total2022":107,"total2023":107,"total2024":87,"total2025":95,"changeSinceFirstFullYear":-7,"partialYearLabel":"2026 (January–July, incomplete)","partialYearTotal":56,"centroidLon":-93.23613,"centroidLat":45.02901},"confidence":"confirmed","sourceDate":"2025"}},{"type":"Feature","geometry":{"type":"Polygon","coordinates":[[[-93.29907,45.03768],[-93.29906,45.03767],[-93.29876,45.03761],[-93.29841,45.03753],[-93.29806,45.03745],[-93.29762,45.03735],[-93.29731,45.03729],[-93.2969,45.0372],[-93.29666,45.03714],[-93.2965,45.03711],[-93.29637,45.03708],[-93.29551,45.03688],[-93.29519,45.0368],[-93.29498,45.03674],[-93.29493,45.03673],[-93.29479,45.03669],[-93.2946,45.03664],[-93.29435,45.03656],[-93.29423,45.03651],[-93.29409,45.03646],[-93.29408,45.03646],[-93.29394,45.03641],[-93.29385,45.03638],[-93.29377,45.03635],[-93.29331,45.03616],[-93.29308,45.03605],[-93.29288,45.03597],[-93.29282,45.03594],[-93.29231,45.03571],[-93.29208,45.03561],[-93.2919,45.03553],[-93.29187,45.03551],[-93.29162,45.03539],[-93.29143,45.0353],[-93.29134,45.03525],[-93.29123,45.0352],[-93.29112,45.03514],[-93.29101,45.03507],[-93.2909,45.03501],[-93.29081,45.03495],[-93.2907,45.03489],[-93.29062,45.03484],[-93.29053,45.03478],[-93.29045,45.03472],[-93.29027,45.03459],[-93.29016,45.03451],[-93.29005,45.03442],[-93.28995,45.03433],[-93.28993,45.03431],[-93.28983,45.03423],[-93.28977,45.03418],[-93.28972,45.03413],[-93.28966,45.03408],[-93.2896,45.03403],[-93.28954,45.03398],[-93.28948,45.03393],[-93.28943,45.03388],[-93.28937,45.03383],[-93.2893,45.03376],[-93.28924,45.03371],[-93.28919,45.03366],[-93.2891,45.03359],[-93.28907,45.03356],[-93.28901,45.03351],[-93.28894,45.03345],[-93.28889,45.0334],[-93.28882,45.03334],[-93.28877,45.0333],[-93.28871,45.03325],[-93.28867,45.03321],[-93.28863,45.03318],[-93.28859,45.03314],[-93.28834,45.03292],[-93.2883,45.03289],[-93.28826,45.03285],[-93.2882,45.0328],[-93.28815,45.03275],[-93.28812,45.03272],[-93.28811,45.03272],[-93.28811,45.03271],[-93.28809,45.0327],[-93.28808,45.03269],[-93.28808,45.0326],[-93.28808,45.03257],[-93.28808,45.03237],[-93.28804,45.0316],[-93.28803,45.03152],[-93.28803,45.03151],[-93.28803,45.0315],[-93.28733,45.03072],[-93.28607,45.02932],[-93.2859,45.02913],[-93.28574,45.02895],[-93.28551,45.0287],[-93.2855,45.02868],[-93.28533,45.02841],[-93.28532,45.02839],[-93.28483,45.02756],[-93.28476,45.02745],[-93.28377,45.02579],[-93.28373,45.02574],[-93.28351,45.02537],[-93.28265,45.02393],[-93.28264,45.02392],[-93.28264,45.02391],[-93.28292,45.02392],[-93.28303,45.02392],[-93.28371,45.02394],[-93.28426,45.02394],[-93.28452,45.02394],[-93.28507,45.02393],[-93.28556,45.02393],[-93.28557,45.02393],[-93.28648,45.02393],[-93.28652,45.02393],[-93.28724,45.02393],[-93.28806,45.02393],[-93.2893,45.02394],[-93.28931,45.02394],[-93.28959,45.02394],[-93.29057,45.02395],[-93.29116,45.02395],[-93.29183,45.02396],[-93.29184,45.02396],[-93.29308,45.02397],[-93.2931,45.02397],[-93.29366,45.02397],[-93.29381,45.02397],[-93.29434,45.02398],[-93.29437,45.02398],[-93.29515,45.02399],[-93.2956,45.02399],[-93.29563,45.02399],[-93.29684,45.024],[-93.2969,45.024],[-93.29711,45.024],[-93.2981,45.024],[-93.29812,45.024],[-93.29818,45.024],[-93.29825,45.024],[-93.3002,45.02402],[-93.30193,45.02404],[-93.30197,45.02404],[-93.30322,45.02405],[-93.30324,45.02405],[-93.30451,45.02406],[-93.30578,45.02407],[-93.3069,45.02408],[-93.30705,45.02408],[-93.30826,45.02409],[-93.30832,45.02409],[-93.30833,45.02409],[-93.30833,45.0241],[-93.30835,45.02507],[-93.30837,45.0259],[-93.30837,45.02591],[-93.30838,45.02653],[-93.30841,45.02771],[-93.30841,45.02772],[-93.30843,45.02906],[-93.30844,45.02951],[-93.30844,45.02952],[-93.30845,45.0298],[-93.30848,45.03102],[-93.30848,45.03132],[-93.3072,45.03131],[-93.30593,45.0313],[-93.30593,45.03131],[-93.30594,45.03208],[-93.30597,45.03337],[-93.30597,45.03339],[-93.30599,45.0351],[-93.306,45.03545],[-93.30659,45.03545],[-93.30659,45.03546],[-93.30662,45.03668],[-93.30662,45.03669],[-93.30663,45.03698],[-93.30663,45.03699],[-93.30663,45.0372],[-93.30666,45.0385],[-93.30667,45.03927],[-93.30668,45.03935],[-93.30668,45.03936],[-93.30667,45.03936],[-93.30577,45.03916],[-93.30541,45.03908],[-93.3054,45.03908],[-93.30442,45.03886],[-93.30414,45.0388],[-93.30284,45.03851],[-93.30269,45.03848],[-93.3025,45.03844],[-93.30233,45.0384],[-93.30215,45.03836],[-93.30202,45.03833],[-93.30191,45.0383],[-93.30177,45.03827],[-93.30166,45.03825],[-93.30162,45.03824],[-93.30152,45.03822],[-93.3014,45.03819],[-93.30126,45.03816],[-93.30109,45.03812],[-93.30093,45.03809],[-93.30079,45.03806],[-93.30065,45.03803],[-93.30053,45.038],[-93.30044,45.03798],[-93.30037,45.03796],[-93.30035,45.03796],[-93.30033,45.03796],[-93.30021,45.03793],[-93.30011,45.03791],[-93.30002,45.03789],[-93.29989,45.03786],[-93.29977,45.03783],[-93.29968,45.03781],[-93.29957,45.03779],[-93.29948,45.03777],[-93.29938,45.03774],[-93.29928,45.03772],[-93.29919,45.0377],[-93.29907,45.03768]]]},"properties":{"id":"crime-mpls-webber-camden","layer":"crime_minneapolis","name":"Webber - Camden","county":"Hennepin","state":"MN","countyFips":"27053","attributes":{"neighborhood":"Webber - Camden","statYear":2025,"firstFullYear":2018,"lastFullYear":2025,"homicide":0,"rape":5,"robbery":17,"aggravatedAssault":33,"burglary":27,"larceny":75,"autoTheft":54,"arson":1,"violentTotal":55,"propertyTotal":157,"reportedTotal":212,"reportedTotalBand":"200–449","total2018":284,"total2019":325,"total2020":303,"total2021":254,"total2022":272,"total2023":297,"total2024":279,"total2025":212,"changeSinceFirstFullYear":-72,"partialYearLabel":"2026 (January–July, incomplete)","partialYearTotal":137,"centroidLon":-93.2974,"centroidLat":45.0301},"confidence":"confirmed","sourceDate":"2025"}},{"type":"Feature","geometry":{"type":"Polygon","coordinates":[[[-93.2374,44.90528],[-93.23735,44.90528],[-93.23615,44.9053],[-93.23611,44.9053],[-93.23486,44.90532],[-93.23478,44.90532],[-93.23358,44.90533],[-93.23264,44.90534],[-93.23232,44.90534],[-93.23118,44.90534],[-93.23104,44.90535],[-93.22975,44.90535],[-93.22848,44.90536],[-93.22847,44.90536],[-93.22771,44.90536],[-93.2272,44.90537],[-93.22577,44.90537],[-93.22516,44.90537],[-93.22439,44.90537],[-93.22432,44.90537],[-93.22288,44.90537],[-93.22287,44.90537],[-93.22289,44.90499],[-93.22289,44.90486],[-93.22289,44.90472],[-93.2229,44.90447],[-93.2229,44.90417],[-93.22291,44.90358],[-93.22291,44.90357],[-93.22292,44.90257],[-93.22292,44.90217],[-93.22293,44.90177],[-93.22293,44.90176],[-93.22296,44.89812],[-93.22296,44.89811],[-93.22296,44.89753],[-93.22296,44.89752],[-93.22296,44.89748],[-93.22296,44.89747],[-93.22296,44.89736],[-93.22296,44.89709],[-93.22296,44.89707],[-93.22296,44.89704],[-93.22297,44.89704],[-93.22309,44.89704],[-93.22729,44.89704],[-93.22729,44.89693],[-93.23172,44.8969],[-93.23172,44.89549],[-93.23178,44.89549],[-93.23229,44.89549],[-93.23229,44.89545],[-93.23229,44.89509],[-93.2323,44.89509],[-93.23237,44.89509],[-93.2324,44.89509],[-93.23242,44.89509],[-93.23269,44.89508],[-93.23507,44.89507],[-93.23506,44.89618],[-93.23249,44.89619],[-93.23251,44.89695],[-93.23256,44.89702],[-93.23748,44.89698],[-93.23749,44.89706],[-93.23815,44.89708],[-93.23935,44.89709],[-93.23939,44.89709],[-93.23952,44.89709],[-93.24026,44.8971],[-93.24066,44.89711],[-93.24117,44.89712],[-93.24139,44.89712],[-93.24139,44.89736],[-93.2419,44.89736],[-93.24191,44.89725],[-93.24243,44.89725],[-93.24243,44.89713],[-93.24253,44.89714],[-93.24253,44.89708],[-93.24266,44.89708],[-93.24265,44.89764],[-93.24314,44.89763],[-93.24315,44.89736],[-93.2432,44.89735],[-93.2437,44.89735],[-93.2437,44.89699],[-93.2438,44.89699],[-93.24445,44.89699],[-93.24445,44.89707],[-93.24445,44.8972],[-93.24494,44.89719],[-93.24494,44.89707],[-93.24505,44.89707],[-93.24506,44.89682],[-93.24507,44.89615],[-93.24648,44.89615],[-93.2472,44.89615],[-93.24722,44.89615],[-93.24723,44.89615],[-93.24723,44.89707],[-93.24722,44.89712],[-93.24722,44.89732],[-93.24722,44.89737],[-93.24722,44.89741],[-93.24723,44.89743],[-93.24722,44.89749],[-93.24722,44.89755],[-93.24722,44.89759],[-93.24722,44.89777],[-93.24722,44.89795],[-93.24722,44.89829],[-93.24719,44.89915],[-93.24718,44.89931],[-93.24718,44.89933],[-93.24719,44.89952],[-93.24719,44.89956],[-93.24719,44.89965],[-93.24719,44.89969],[-93.24722,44.89993],[-93.24722,44.89995],[-93.24726,44.90007],[-93.24735,44.90038],[-93.24736,44.9004],[-93.24737,44.90043],[-93.24738,44.90049],[-93.24739,44.90053],[-93.24741,44.90064],[-93.24747,44.90087],[-93.24749,44.90095],[-93.24749,44.90097],[-93.2475,44.90135],[-93.2475,44.90142],[-93.2475,44.90143],[-93.2475,44.90145],[-93.24745,44.90366],[-93.24744,44.90386],[-93.24742,44.90421],[-93.24742,44.9043],[-93.24742,44.90432],[-93.24737,44.90522],[-93.24736,44.90596],[-93.24729,44.90596],[-93.24017,44.90595],[-93.2393,44.90595],[-93.23922,44.90591],[-93.2385,44.90558],[-93.23848,44.90557],[-93.23789,44.9053],[-93.23741,44.90528],[-93.2374,44.90528]]]},"properties":{"id":"crime-mpls-wenonah","layer":"crime_minneapolis","name":"Wenonah","county":"Hennepin","state":"MN","countyFips":"27053","attributes":{"neighborhood":"Wenonah","statYear":2025,"firstFullYear":2018,"lastFullYear":2025,"homicide":0,"rape":1,"robbery":0,"aggravatedAssault":10,"burglary":18,"larceny":72,"autoTheft":18,"arson":2,"violentTotal":11,"propertyTotal":110,"reportedTotal":121,"reportedTotalBand":"100–199","total2018":130,"total2019":119,"total2020":141,"total2021":120,"total2022":160,"total2023":131,"total2024":111,"total2025":121,"changeSinceFirstFullYear":-9,"partialYearLabel":"2026 (January–July, incomplete)","partialYearTotal":77,"centroidLon":-93.23535,"centroidLat":44.90117},"confidence":"confirmed","sourceDate":"2025"}},{"type":"Feature","geometry":{"type":"Polygon","coordinates":[[[-93.32671,44.94845],[-93.32628,44.94843],[-93.32625,44.94843],[-93.32499,44.94843],[-93.3236,44.94842],[-93.32357,44.94842],[-93.32329,44.94842],[-93.32327,44.94842],[-93.32247,44.94841],[-93.3218,44.94841],[-93.32177,44.94841],[-93.32165,44.94841],[-93.32062,44.9484],[-93.32059,44.9484],[-93.31828,44.94833],[-93.31815,44.94833],[-93.31648,44.94834],[-93.3153,44.94835],[-93.31046,44.94838],[-93.31047,44.94286],[-93.31048,44.93767],[-93.31796,44.93772],[-93.31878,44.93773],[-93.31903,44.93773],[-93.31908,44.93773],[-93.31935,44.93773],[-93.31991,44.93774],[-93.31997,44.93773],[-93.32135,44.93774],[-93.32136,44.93774],[-93.32252,44.93775],[-93.32259,44.93775],[-93.32901,44.93781],[-93.32901,44.93864],[-93.32901,44.93889],[-93.329,44.94054],[-93.329,44.94059],[-93.329,44.94069],[-93.329,44.94082],[-93.329,44.94127],[-93.329,44.94142],[-93.329,44.94145],[-93.32898,44.94227],[-93.32894,44.94439],[-93.32892,44.94498],[-93.32892,44.945],[-93.32892,44.94503],[-93.32891,44.94571],[-93.3289,44.94579],[-93.32889,44.94662],[-93.32888,44.94695],[-93.32886,44.94783],[-93.32886,44.94784],[-93.32886,44.94786],[-93.32885,44.94834],[-93.32885,44.94838],[-93.32885,44.94839],[-93.32885,44.94844],[-93.32884,44.94844],[-93.32882,44.94844],[-93.32877,44.94844],[-93.32817,44.94846],[-93.32751,44.94847],[-93.32696,44.94845],[-93.32671,44.94845]]]},"properties":{"id":"crime-mpls-west-maka-ska","layer":"crime_minneapolis","name":"West Maka Ska","county":"Hennepin","state":"MN","countyFips":"27053","attributes":{"neighborhood":"West Maka Ska","statYear":2025,"firstFullYear":2018,"lastFullYear":2025,"homicide":0,"rape":0,"robbery":1,"aggravatedAssault":3,"burglary":4,"larceny":71,"autoTheft":29,"arson":0,"violentTotal":4,"propertyTotal":104,"reportedTotal":108,"reportedTotalBand":"100–199","total2018":77,"total2019":88,"total2020":163,"total2021":152,"total2022":115,"total2023":117,"total2024":127,"total2025":108,"changeSinceFirstFullYear":31,"partialYearLabel":"2026 (January–July, incomplete)","partialYearTotal":47,"centroidLon":-93.31971,"centroidLat":44.94305},"confidence":"confirmed","sourceDate":"2025"}},{"type":"Feature","geometry":{"type":"Polygon","coordinates":[[[-93.26954,44.96269],[-93.26954,44.96267],[-93.26954,44.96201],[-93.26955,44.9609],[-93.26955,44.96089],[-93.26955,44.96031],[-93.26955,44.95932],[-93.26955,44.95923],[-93.26956,44.95921],[-93.26956,44.9592],[-93.26956,44.95919],[-93.26956,44.95913],[-93.26956,44.95836],[-93.26956,44.95746],[-93.26957,44.95738],[-93.26959,44.95714],[-93.2696,44.95709],[-93.26965,44.95688],[-93.2697,44.9567],[-93.26971,44.95667],[-93.26975,44.95658],[-93.26979,44.95648],[-93.26982,44.95641],[-93.26985,44.95634],[-93.26991,44.95623],[-93.27,44.95608],[-93.27004,44.95601],[-93.27007,44.95596],[-93.27007,44.95595],[-93.27012,44.95587],[-93.27032,44.9556],[-93.27036,44.95553],[-93.27037,44.95553],[-93.2704,44.95548],[-93.27041,44.95546],[-93.27042,44.95545],[-93.27044,44.95543],[-93.2707,44.9551],[-93.27072,44.95507],[-93.27087,44.95488],[-93.2709,44.95485],[-93.27135,44.95431],[-93.27166,44.95394],[-93.2718,44.95377],[-93.27196,44.95358],[-93.27212,44.95338],[-93.27242,44.95304],[-93.27247,44.95297],[-93.27281,44.95258],[-93.27297,44.95237],[-93.27303,44.95231],[-93.27312,44.95219],[-93.27314,44.95217],[-93.27331,44.95196],[-93.27332,44.95195],[-93.27339,44.95186],[-93.27358,44.95164],[-93.27363,44.95157],[-93.27366,44.95154],[-93.27367,44.95152],[-93.2738,44.95138],[-93.2738,44.95137],[-93.27399,44.95111],[-93.27403,44.95105],[-93.27412,44.95092],[-93.2742,44.95077],[-93.27424,44.95071],[-93.27435,44.95052],[-93.27438,44.95045],[-93.27447,44.95024],[-93.27455,44.95002],[-93.27459,44.94991],[-93.27463,44.94978],[-93.27465,44.94971],[-93.27466,44.94963],[-93.27469,44.94952],[-93.2747,44.94945],[-93.2747,44.94943],[-93.27472,44.94935],[-93.27474,44.94928],[-93.27474,44.94924],[-93.27476,44.94894],[-93.27476,44.94868],[-93.27476,44.94836],[-93.27476,44.94835],[-93.27478,44.94835],[-93.2749,44.94835],[-93.27521,44.94835],[-93.27541,44.94835],[-93.27668,44.94835],[-93.27772,44.94836],[-93.27792,44.94836],[-93.27795,44.94836],[-93.27797,44.94836],[-93.27816,44.94836],[-93.27969,44.94836],[-93.2805,44.94836],[-93.28051,44.94836],[-93.28135,44.94836],[-93.28301,44.94835],[-93.28302,44.94835],[-93.28429,44.94836],[-93.28507,44.94836],[-93.28556,44.94836],[-93.28684,44.94837],[-93.2881,44.94836],[-93.2881,44.94837],[-93.28809,44.94971],[-93.28809,44.95001],[-93.28809,44.95005],[-93.28807,44.95195],[-93.28807,44.95196],[-93.28807,44.95219],[-93.28807,44.9522],[-93.28805,44.95369],[-93.28805,44.95373],[-93.28805,44.95374],[-93.28805,44.95375],[-93.28805,44.95502],[-93.28804,44.95554],[-93.28805,44.95555],[-93.28803,44.95732],[-93.28803,44.95733],[-93.28803,44.95913],[-93.28801,44.96043],[-93.28801,44.9609],[-93.28801,44.96091],[-93.28801,44.96092],[-93.28801,44.96093],[-93.28801,44.9614],[-93.288,44.9627],[-93.28762,44.9627],[-93.28756,44.9627],[-93.28676,44.9627],[-93.28674,44.9627],[-93.28611,44.9627],[-93.2855,44.9627],[-93.28546,44.9627],[-93.28487,44.9627],[-93.28425,44.96269],[-93.28421,44.96269],[-93.28417,44.96269],[-93.28381,44.96269],[-93.28321,44.96269],[-93.28292,44.96269],[-93.28129,44.96269],[-93.28125,44.96269],[-93.28099,44.9627],[-93.28082,44.9627],[-93.27947,44.9627],[-93.27946,44.9627],[-93.27933,44.9627],[-93.27781,44.9627],[-93.27721,44.9627],[-93.27716,44.9627],[-93.27657,44.96269],[-93.27651,44.96269],[-93.27529,44.96269],[-93.27467,44.96269],[-93.27402,44.96269],[-93.27333,44.96269],[-93.27281,44.9627],[-93.27274,44.9627],[-93.2715,44.96269],[-93.27147,44.96269],[-93.27133,44.96269],[-93.27107,44.96269],[-93.2702,44.96269],[-93.27019,44.96269],[-93.2699,44.96269],[-93.26976,44.96269],[-93.26968,44.96269],[-93.26957,44.96269],[-93.26954,44.96269]]]},"properties":{"id":"crime-mpls-whittier","layer":"crime_minneapolis","name":"Whittier","county":"Hennepin","state":"MN","countyFips":"27053","attributes":{"neighborhood":"Whittier","statYear":2025,"firstFullYear":2018,"lastFullYear":2025,"homicide":4,"rape":22,"robbery":79,"aggravatedAssault":141,"burglary":64,"larceny":443,"autoTheft":255,"arson":2,"violentTotal":246,"propertyTotal":764,"reportedTotal":1010,"reportedTotalBand":"450+","total2018":839,"total2019":1191,"total2020":1113,"total2021":1102,"total2022":1459,"total2023":1489,"total2024":1496,"total2025":1010,"changeSinceFirstFullYear":171,"partialYearLabel":"2026 (January–July, incomplete)","partialYearTotal":693,"centroidLon":-93.27958,"centroidLat":44.95599},"confidence":"confirmed","sourceDate":"2025"}},{"type":"Feature","geometry":{"type":"Polygon","coordinates":[[[-93.29899,44.99952],[-93.299,44.99951],[-93.29901,44.99951],[-93.29901,44.9995],[-93.29903,44.9995],[-93.29919,44.99939],[-93.29935,44.99912],[-93.29938,44.999],[-93.29938,44.99898],[-93.29939,44.99896],[-93.29939,44.99895],[-93.2994,44.9989],[-93.29941,44.99882],[-93.29942,44.99875],[-93.29942,44.99874],[-93.29942,44.99873],[-93.29943,44.99742],[-93.30019,44.99742],[-93.30069,44.99742],[-93.30067,44.99633],[-93.30067,44.99632],[-93.30067,44.99631],[-93.3007,44.99544],[-93.30071,44.99522],[-93.30071,44.99521],[-93.30194,44.99521],[-93.30194,44.99417],[-93.30194,44.99416],[-93.30194,44.99308],[-93.30194,44.99307],[-93.30193,44.99182],[-93.30193,44.99151],[-93.30193,44.9915],[-93.30211,44.9915],[-93.30319,44.9915],[-93.30321,44.9915],[-93.30446,44.9915],[-93.3057,44.9915],[-93.30697,44.9915],[-93.30822,44.9915],[-93.30822,44.99146],[-93.30824,44.99053],[-93.30825,44.98972],[-93.30825,44.9897],[-93.30827,44.9879],[-93.30827,44.98789],[-93.30828,44.98609],[-93.30828,44.98608],[-93.3083,44.98456],[-93.3083,44.98454],[-93.30831,44.98443],[-93.30831,44.98442],[-93.30831,44.98441],[-93.30837,44.98441],[-93.30851,44.98441],[-93.30964,44.98441],[-93.30967,44.9844],[-93.31028,44.9844],[-93.31036,44.9844],[-93.31043,44.9844],[-93.31053,44.9844],[-93.31058,44.9844],[-93.31065,44.9844],[-93.31078,44.9844],[-93.3108,44.9844],[-93.31088,44.9844],[-93.31096,44.9844],[-93.31098,44.9844],[-93.311,44.9844],[-93.31114,44.9844],[-93.31129,44.98438],[-93.3113,44.98438],[-93.31137,44.98438],[-93.31153,44.98437],[-93.31238,44.9843],[-93.3125,44.98429],[-93.31293,44.98426],[-93.31314,44.98424],[-93.31321,44.98423],[-93.31326,44.98423],[-93.31335,44.98422],[-93.31336,44.98422],[-93.31415,44.98415],[-93.31431,44.98413],[-93.31442,44.98412],[-93.31452,44.98411],[-93.31461,44.9841],[-93.3147,44.9841],[-93.3148,44.98409],[-93.31524,44.98404],[-93.3153,44.98404],[-93.31565,44.98401],[-93.31589,44.98399],[-93.3161,44.98398],[-93.31627,44.98398],[-93.3164,44.98397],[-93.31643,44.98397],[-93.31655,44.98396],[-93.31674,44.98396],[-93.31675,44.98396],[-93.31677,44.98396],[-93.31749,44.98395],[-93.31774,44.98396],[-93.3178,44.98397],[-93.31786,44.98397],[-93.31823,44.98398],[-93.31835,44.98399],[-93.31849,44.98399],[-93.31849,44.984],[-93.31849,44.9842],[-93.31849,44.98439],[-93.31849,44.98467],[-93.31848,44.98714],[-93.31848,44.98716],[-93.31848,44.98744],[-93.31848,44.9876],[-93.31848,44.98794],[-93.31848,44.98977],[-93.31847,44.99156],[-93.31847,44.99158],[-93.31847,44.99235],[-93.31847,44.99341],[-93.31847,44.99342],[-93.31847,44.99521],[-93.31847,44.99526],[-93.31846,44.99703],[-93.31846,44.99705],[-93.31846,44.99706],[-93.31846,44.99793],[-93.31846,44.99794],[-93.31846,44.9986],[-93.31846,44.99886],[-93.31846,44.99889],[-93.31846,44.99898],[-93.31846,44.99965],[-93.31845,45.00064],[-93.31845,45.0007],[-93.31845,45.00095],[-93.31845,45.001],[-93.31845,45.00148],[-93.31845,45.00159],[-93.31845,45.00176],[-93.31845,45.00178],[-93.31845,45.00196],[-93.31845,45.00267],[-93.31844,45.00601],[-93.31844,45.00604],[-93.31844,45.00605],[-93.31844,45.00651],[-93.31844,45.00729],[-93.31844,45.00961],[-93.31844,45.00964],[-93.31844,45.00966],[-93.31844,45.01018],[-93.31844,45.01045],[-93.31844,45.01138],[-93.31844,45.01145],[-93.31844,45.01172],[-93.31844,45.01303],[-93.31844,45.01311],[-93.31844,45.01312],[-93.31844,45.01313],[-93.31843,45.01313],[-93.31842,45.01312],[-93.31842,45.01311],[-93.31841,45.0131],[-93.31814,45.01275],[-93.31755,45.01211],[-93.31687,45.01145],[-93.31666,45.01123],[-93.31664,45.01122],[-93.31618,45.0108],[-93.31617,45.01079],[-93.31616,45.01078],[-93.31611,45.01074],[-93.31589,45.0105],[-93.31586,45.01046],[-93.31512,45.00972],[-93.31505,45.00965],[-93.31504,45.00964],[-93.31504,45.00963],[-93.31459,45.00913],[-93.31459,45.00912],[-93.31417,45.00867],[-93.3134,45.00783],[-93.31335,45.00777],[-93.31316,45.00751],[-93.3131,45.00742],[-93.313,45.00731],[-93.31262,45.00684],[-93.31253,45.00676],[-93.3125,45.00673],[-93.31242,45.00666],[-93.31211,45.00638],[-93.31204,45.00632],[-93.31157,45.00603],[-93.31156,45.00602],[-93.30951,45.0047],[-93.3095,45.0047],[-93.30877,45.00423],[-93.30876,45.00422],[-93.30841,45.004],[-93.30821,45.00387],[-93.3082,45.00387],[-93.30818,45.00385],[-93.30623,45.00262],[-93.30623,45.00261],[-93.30613,45.00254],[-93.30602,45.00247],[-93.30596,45.00239],[-93.30593,45.00234],[-93.30584,45.00224],[-93.30583,45.00223],[-93.30582,45.00208],[-93.3058,45.0018],[-93.30579,45.00178],[-93.30576,45.00168],[-93.30574,45.00163],[-93.30574,45.00162],[-93.30572,45.00157],[-93.30571,45.00152],[-93.30569,45.00147],[-93.30567,45.00142],[-93.30566,45.00137],[-93.30566,45.00136],[-93.30564,45.00132],[-93.30561,45.00126],[-93.30559,45.00121],[-93.30556,45.00116],[-93.30553,45.0011],[-93.30535,45.00084],[-93.30509,45.00057],[-93.30498,45.00045],[-93.30497,45.00044],[-93.30481,45.00036],[-93.30475,45.00032],[-93.30472,45.00031],[-93.30465,45.00027],[-93.3045,45.00019],[-93.30444,45.00016],[-93.3044,45.00014],[-93.30439,45.00014],[-93.30438,45.00013],[-93.30431,45.00011],[-93.30373,44.99991],[-93.30338,44.99983],[-93.30316,44.99978],[-93.3029,44.9997],[-93.30284,44.99968],[-93.30276,44.99966],[-93.30267,44.99964],[-93.30259,44.99962],[-93.30252,44.99961],[-93.30245,44.9996],[-93.30244,44.9996],[-93.30237,44.99958],[-93.30187,44.9995],[-93.30155,44.99949],[-93.30143,44.99949],[-93.30138,44.99949],[-93.301,44.9995],[-93.30065,44.99955],[-93.30063,44.99955],[-93.30049,44.99957],[-93.30028,44.99962],[-93.30011,44.99965],[-93.30006,44.99966],[-93.29954,44.99964],[-93.29949,44.99963],[-93.299,44.99953],[-93.29899,44.99953],[-93.29899,44.99952]]]},"properties":{"id":"crime-mpls-willard-hay","layer":"crime_minneapolis","name":"Willard - Hay","county":"Hennepin","state":"MN","countyFips":"27053","attributes":{"neighborhood":"Willard - Hay","statYear":2025,"firstFullYear":2018,"lastFullYear":2025,"homicide":5,"rape":12,"robbery":20,"aggravatedAssault":92,"burglary":42,"larceny":103,"autoTheft":104,"arson":3,"violentTotal":129,"propertyTotal":252,"reportedTotal":381,"reportedTotalBand":"200–449","total2018":421,"total2019":368,"total2020":384,"total2021":352,"total2022":432,"total2023":494,"total2024":396,"total2025":381,"changeSinceFirstFullYear":-40,"partialYearLabel":"2026 (January–July, incomplete)","partialYearTotal":254,"centroidLon":-93.31173,"centroidLat":44.99635},"confidence":"confirmed","sourceDate":"2025"}},{"type":"Feature","geometry":{"type":"Polygon","coordinates":[[[-93.27492,44.90356],[-93.27492,44.90346],[-93.27493,44.90243],[-93.27494,44.90067],[-93.27493,44.90014],[-93.27493,44.89974],[-93.27493,44.89923],[-93.27494,44.89892],[-93.27493,44.89872],[-93.27493,44.8986],[-93.27492,44.8981],[-93.27492,44.89788],[-93.27492,44.89787],[-93.27492,44.89786],[-93.27492,44.89783],[-93.27492,44.89779],[-93.27491,44.89739],[-93.27491,44.89722],[-93.2749,44.89676],[-93.27491,44.89664],[-93.27491,44.89646],[-93.27491,44.89643],[-93.27493,44.89553],[-93.27496,44.89466],[-93.27498,44.8943],[-93.27498,44.89428],[-93.27498,44.89427],[-93.27498,44.8942],[-93.27499,44.8941],[-93.27504,44.89355],[-93.27508,44.89308],[-93.27508,44.89305],[-93.27511,44.89284],[-93.27515,44.89263],[-93.27517,44.89247],[-93.27517,44.8924],[-93.27517,44.89218],[-93.27517,44.89209],[-93.27517,44.89198],[-93.27517,44.89174],[-93.27516,44.8909],[-93.27516,44.89085],[-93.27516,44.89071],[-93.27516,44.89066],[-93.27517,44.89066],[-93.27552,44.89066],[-93.27625,44.89065],[-93.27626,44.89065],[-93.27642,44.89065],[-93.27683,44.89065],[-93.2769,44.89065],[-93.27696,44.89065],[-93.2773,44.89065],[-93.27811,44.89064],[-93.27812,44.89064],[-93.2801,44.89063],[-93.28067,44.89063],[-93.28068,44.89063],[-93.28319,44.89062],[-93.28829,44.89059],[-93.28833,44.89059],[-93.28835,44.89059],[-93.29168,44.89061],[-93.29178,44.89061],[-93.29317,44.89062],[-93.29342,44.89063],[-93.29443,44.89063],[-93.2951,44.89064],[-93.29514,44.89064],[-93.29528,44.89064],[-93.29554,44.89064],[-93.29556,44.89064],[-93.29564,44.89064],[-93.29564,44.89065],[-93.29563,44.89067],[-93.29563,44.89068],[-93.29562,44.89069],[-93.29555,44.89082],[-93.29541,44.89107],[-93.29533,44.8912],[-93.29532,44.89122],[-93.29516,44.89145],[-93.29515,44.89147],[-93.29508,44.89156],[-93.29506,44.8916],[-93.29504,44.89162],[-93.29498,44.8917],[-93.29481,44.89193],[-93.29473,44.89204],[-93.29469,44.89208],[-93.29462,44.89216],[-93.29453,44.89227],[-93.29447,44.89233],[-93.29431,44.89249],[-93.29417,44.89263],[-93.29417,44.89264],[-93.29327,44.89344],[-93.29319,44.89351],[-93.29153,44.895],[-93.29119,44.89533],[-93.291,44.89556],[-93.29096,44.89561],[-93.29095,44.89562],[-93.29085,44.89574],[-93.29072,44.89589],[-93.29067,44.89595],[-93.2906,44.89606],[-93.29058,44.89608],[-93.29057,44.8961],[-93.29056,44.89612],[-93.29055,44.89613],[-93.29037,44.89641],[-93.29036,44.89643],[-93.29026,44.8966],[-93.2902,44.89671],[-93.28998,44.89709],[-93.28992,44.89721],[-93.28991,44.89725],[-93.28981,44.89747],[-93.28962,44.89784],[-93.28961,44.89784],[-93.2896,44.89787],[-93.28953,44.898],[-93.28942,44.89819],[-93.28927,44.89855],[-93.28892,44.89936],[-93.2888,44.89965],[-93.28877,44.89974],[-93.28851,44.90048],[-93.28847,44.9006],[-93.28838,44.90096],[-93.28832,44.90135],[-93.28832,44.90136],[-93.2883,44.90145],[-93.2883,44.90146],[-93.28831,44.90221],[-93.28831,44.90255],[-93.28832,44.90328],[-93.28832,44.90329],[-93.2883,44.90489],[-93.2883,44.90508],[-93.28829,44.90508],[-93.28828,44.90508],[-93.28702,44.90509],[-93.28574,44.9051],[-93.28547,44.9051],[-93.28447,44.90493],[-93.2832,44.90471],[-93.28187,44.90452],[-93.28065,44.90434],[-93.27932,44.90415],[-93.2781,44.90396],[-93.27808,44.90396],[-93.27681,44.9038],[-93.27551,44.90363],[-93.27549,44.90363],[-93.27505,44.90357],[-93.27492,44.90356]]]},"properties":{"id":"crime-mpls-windom","layer":"crime_minneapolis","name":"Windom","county":"Hennepin","state":"MN","countyFips":"27053","attributes":{"neighborhood":"Windom","statYear":2025,"firstFullYear":2018,"lastFullYear":2025,"homicide":2,"rape":5,"robbery":3,"aggravatedAssault":15,"burglary":16,"larceny":79,"autoTheft":33,"arson":0,"violentTotal":25,"propertyTotal":128,"reportedTotal":153,"reportedTotalBand":"100–199","total2018":156,"total2019":193,"total2020":220,"total2021":205,"total2022":167,"total2023":196,"total2024":240,"total2025":153,"changeSinceFirstFullYear":-3,"partialYearLabel":"2026 (January–July, incomplete)","partialYearTotal":96,"centroidLon":-93.28312,"centroidLat":44.89698},"confidence":"confirmed","sourceDate":"2025"}},{"type":"Feature","geometry":{"type":"Polygon","coordinates":[[[-93.21956,45.01325],[-93.21958,45.01322],[-93.21986,45.01279],[-93.22022,45.01229],[-93.22059,45.01183],[-93.22081,45.01158],[-93.22091,45.01147],[-93.22188,45.01044],[-93.22248,45.00982],[-93.22336,45.00888],[-93.22371,45.00852],[-93.22453,45.00767],[-93.22628,45.00595],[-93.22638,45.00595],[-93.22657,45.00595],[-93.22673,45.00595],[-93.22677,45.00595],[-93.2269,45.00595],[-93.22695,45.00595],[-93.22789,45.00595],[-93.22817,45.00595],[-93.22823,45.00595],[-93.22947,45.00595],[-93.23045,45.00596],[-93.23075,45.00596],[-93.23205,45.00596],[-93.2332,45.00596],[-93.23331,45.00596],[-93.23461,45.00597],[-93.23542,45.00598],[-93.23586,45.00598],[-93.23716,45.00598],[-93.23846,45.00597],[-93.23848,45.00597],[-93.23852,45.00597],[-93.23913,45.00597],[-93.23973,45.00597],[-93.24035,45.00596],[-93.24101,45.00596],[-93.24228,45.00595],[-93.24229,45.00595],[-93.24269,45.00595],[-93.24301,45.00595],[-93.24356,45.00595],[-93.24383,45.00595],[-93.24483,45.00594],[-93.2453,45.00594],[-93.2456,45.00594],[-93.24563,45.00594],[-93.24611,45.00594],[-93.24667,45.00593],[-93.24735,45.00593],[-93.24736,45.00593],[-93.24737,45.00593],[-93.24737,45.00594],[-93.24736,45.00691],[-93.24737,45.00789],[-93.24737,45.0079],[-93.24737,45.00791],[-93.24736,45.00889],[-93.24736,45.0089],[-93.24735,45.00989],[-93.24735,45.0099],[-93.24735,45.01086],[-93.24735,45.01087],[-93.24734,45.01216],[-93.24734,45.01217],[-93.24734,45.01255],[-93.24733,45.01259],[-93.24732,45.01316],[-93.24614,45.01316],[-93.24557,45.01316],[-93.24379,45.01317],[-93.24378,45.01317],[-93.24225,45.01317],[-93.24096,45.01318],[-93.2397,45.01318],[-93.23937,45.01319],[-93.23843,45.01319],[-93.23842,45.01319],[-93.23798,45.01319],[-93.23715,45.01319],[-93.23589,45.01319],[-93.23458,45.0132],[-93.23414,45.0132],[-93.23397,45.0132],[-93.23329,45.01321],[-93.23323,45.01321],[-93.232,45.01321],[-93.23071,45.01321],[-93.23066,45.01321],[-93.22942,45.0132],[-93.22826,45.01321],[-93.22812,45.01321],[-93.22763,45.01321],[-93.22685,45.01322],[-93.22684,45.01322],[-93.22683,45.01322],[-93.22673,45.01322],[-93.22672,45.01322],[-93.22671,45.01322],[-93.22663,45.01322],[-93.22661,45.01322],[-93.22653,45.01322],[-93.22615,45.01322],[-93.22547,45.01322],[-93.2254,45.01323],[-93.22537,45.01323],[-93.22535,45.01323],[-93.22529,45.01323],[-93.22522,45.01323],[-93.22488,45.01323],[-93.22419,45.01323],[-93.22415,45.01323],[-93.223,45.01324],[-93.22299,45.01324],[-93.22271,45.01324],[-93.22166,45.01325],[-93.22043,45.01326],[-93.22041,45.01326],[-93.21966,45.01326],[-93.21955,45.01327],[-93.21956,45.01325]]]},"properties":{"id":"crime-mpls-windom-park","layer":"crime_minneapolis","name":"Windom Park","county":"Hennepin","state":"MN","countyFips":"27053","attributes":{"neighborhood":"Windom Park","statYear":2025,"firstFullYear":2018,"lastFullYear":2025,"homicide":0,"rape":2,"robbery":10,"aggravatedAssault":10,"burglary":15,"larceny":59,"autoTheft":37,"arson":0,"violentTotal":22,"propertyTotal":111,"reportedTotal":133,"reportedTotalBand":"100–199","total2018":137,"total2019":166,"total2020":155,"total2021":176,"total2022":183,"total2023":170,"total2024":182,"total2025":133,"changeSinceFirstFullYear":-4,"partialYearLabel":"2026 (January–July, incomplete)","partialYearTotal":111,"centroidLon":-93.23494,"centroidLat":45.00975},"confidence":"confirmed","sourceDate":"2025"}}]}