{"type":"FeatureCollection","metadata":{"layer":"crime_block_group","schema":"https://github.com/ngabantudev/flockoffmn/blob/main/src/layers/types.ts","featureCount":394,"knownGaps":["Counts only. This layer publishes no breakdown by offense type at this scale, and will not: the re-identification risk in small-area crime data comes from crossing a small area with a rare offense, and a single rape or homicide located to one block group in one year can identify a person. The offense breakdown is published at neighborhood scale instead, in the Reported crime layers, and the two are never crossed.","Cells below 5 reported offenses in a year are withheld rather than published, per this project's suppression threshold. 4 cells across the series are withheld on that basis, covering 13 reported offenses. A withheld cell is shown as withheld, never as zero.","Nothing finer than one block group in one full calendar year is computed or published — no points, no months, no blocks.","45 reported offenses across the series carry no usable coordinates upstream and appear nowhere on this map.","An incident is placed at the address the report was filed against, which is not always where anything happened. Reports taken at a police building, a hospital or a shelter are located there, which can make such a block group look busier than the neighborhood around it.","A block group is a census reporting area of roughly 600 to 3,000 residents, drawn for statistical convenience. It is not a neighborhood and has no name anyone uses.","Minneapolis only, and only what Minneapolis police recorded. This is one city of more than 850 in Minnesota.","The City changed police records systems in February 2019; 2018 is assembled from the two extracts that straddle that change, and its figures are not strictly comparable to later years.","These are counts of offenses reported to and recorded by police, not a count of events."],"source":"City of Minneapolis Open Data, Police Incidents (aggregated by this project); U.S. Census Bureau TIGERweb 2020 block groups","sourceUrl":"https://opendata.minneapolismn.gov/search?groupIds=79606f50581f4a33b14a19e61c4891f7&q=incidents","boundaryUrl":"https://tigerweb.geo.census.gov/arcgis/rest/services/TIGERweb/Tracts_Blocks/MapServer/11/query","license":"CC0 1.0 Universal (public domain dedication); block group boundaries public domain (U.S. federal work)","licenseUrl":"https://creativecommons.org/publicdomain/zero/1.0/","attribution":"City of Minneapolis Open Data; U.S. Census Bureau","sourceDate":"2025","refresh":"periodic","statYear":2025,"years":[2018,2019,2020,2021,2022,2023,2024,2025],"suppressBelow":5,"bandLabels":["0–24","25–44","45–74","75–114","115+"],"blockGroupsPublished":394,"incidentsPlaced":189623,"incidentsNotGeocoded":45,"incidentsOutsideCity":324,"cellsSuppressed":4,"incidentsSuppressed":13,"lastUpdated":"2026-08-23T05:51:11.133Z"},"features":[{"type":"Feature","geometry":{"type":"Polygon","coordinates":[[[-93.31419,45.05124],[-93.31412,45.05117],[-93.31407,45.05114],[-93.31391,45.05103],[-93.31345,45.05087],[-93.31317,45.0508],[-93.31193,45.05047],[-93.31165,45.05039],[-93.31081,45.0501],[-93.31064,45.05003],[-93.31008,45.0498],[-93.30972,45.04966],[-93.30935,45.04948],[-93.30915,45.04939],[-93.3078,45.04875],[-93.3075,45.04853],[-93.30695,45.04796],[-93.30664,45.04774],[-93.30599,45.04747],[-93.3055,45.04735],[-93.3049,45.04726],[-93.30433,45.04713],[-93.30396,45.04693],[-93.30368,45.04669],[-93.30352,45.04653],[-93.30304,45.04601],[-93.30255,45.04565],[-93.30186,45.04518],[-93.30169,45.04504],[-93.30094,45.04447],[-93.3005,45.04397],[-93.30049,45.04394],[-93.30049,45.04392],[-93.30047,45.04392],[-93.29955,45.04392],[-93.29949,45.04392],[-93.29921,45.04392],[-93.29921,45.0448],[-93.2992,45.0449],[-93.29919,45.04495],[-93.29918,45.04506],[-93.29918,45.04511],[-93.29917,45.04517],[-93.29916,45.04522],[-93.29916,45.04527],[-93.29916,45.0454],[-93.29915,45.04552],[-93.29915,45.04562],[-93.29915,45.04566],[-93.29913,45.04572],[-93.2992,45.04662],[-93.29919,45.04753],[-93.29943,45.04753],[-93.29934,45.04773],[-93.29924,45.048],[-93.29917,45.04827],[-93.29913,45.04855],[-93.29912,45.04882],[-93.29915,45.0491],[-93.29919,45.04934],[-93.2992,45.04943],[-93.29925,45.04983],[-93.29926,45.05022],[-93.29923,45.05062],[-93.29921,45.05084],[-93.2992,45.05105],[-93.29919,45.05114],[-93.30039,45.05115],[-93.30045,45.05114],[-93.30052,45.05115],[-93.30171,45.05116],[-93.30289,45.05117],[-93.30297,45.05117],[-93.30302,45.05117],[-93.30426,45.05118],[-93.30431,45.05118],[-93.30548,45.05119],[-93.30554,45.0512],[-93.30561,45.05119],[-93.30675,45.0512],[-93.30682,45.05121],[-93.30688,45.05121],[-93.30807,45.05122],[-93.30938,45.05123],[-93.31065,45.05123],[-93.31191,45.05123],[-93.31316,45.05124],[-93.31419,45.05124]]]},"properties":{"id":"crime-bg-270530001011","layer":"crime_block_group","name":"Block group 1, tract 000101","county":"Hennepin","state":"MN","countyFips":"27053","attributes":{"geoid":"270530001011","tract":"000101","blockGroup":"1","statYear":2025,"firstYear":2018,"lastYear":2025,"total2018":42,"total2019":28,"total2020":38,"total2021":44,"total2022":34,"total2023":29,"total2024":35,"total2025":24,"reportedTotal":24,"reportedTotalBand":"0–24","suppressed":false},"confidence":"confirmed","sourceDate":"2025"}},{"type":"Feature","geometry":{"type":"Polygon","coordinates":[[[-93.3195,45.05125],[-93.31947,45.04943],[-93.31944,45.0476],[-93.3182,45.0476],[-93.31691,45.0476],[-93.31563,45.0476],[-93.31437,45.0476],[-93.3131,45.04759],[-93.31184,45.04759],[-93.31057,45.04759],[-93.3093,45.04759],[-93.30933,45.04941],[-93.30915,45.04939],[-93.30935,45.04948],[-93.30972,45.04966],[-93.31008,45.0498],[-93.31064,45.05003],[-93.31081,45.0501],[-93.31165,45.05039],[-93.31193,45.05047],[-93.31317,45.0508],[-93.31345,45.05087],[-93.31391,45.05103],[-93.31407,45.05114],[-93.31412,45.05117],[-93.31419,45.05124],[-93.31442,45.05124],[-93.31567,45.05124],[-93.31677,45.05125],[-93.31696,45.05125],[-93.31823,45.05125],[-93.3195,45.05125]]]},"properties":{"id":"crime-bg-270530001012","layer":"crime_block_group","name":"Block group 2, tract 000101","county":"Hennepin","state":"MN","countyFips":"27053","attributes":{"geoid":"270530001012","tract":"000101","blockGroup":"2","statYear":2025,"firstYear":2018,"lastYear":2025,"total2018":35,"total2019":22,"total2020":32,"total2021":21,"total2022":45,"total2023":26,"total2024":21,"total2025":22,"reportedTotal":22,"reportedTotalBand":"0–24","suppressed":false},"confidence":"confirmed","sourceDate":"2025"}},{"type":"Feature","geometry":{"type":"Polygon","coordinates":[[[-93.31944,45.0476],[-93.31942,45.04579],[-93.31943,45.04401],[-93.31943,45.04397],[-93.31943,45.04242],[-93.31943,45.04217],[-93.31939,45.04216],[-93.31788,45.04183],[-93.31779,45.04181],[-93.31644,45.04152],[-93.31427,45.04106],[-93.31174,45.04049],[-93.31088,45.0403],[-93.31049,45.0402],[-93.3092,45.03991],[-93.30791,45.03962],[-93.30668,45.03935],[-93.30539,45.03907],[-93.30517,45.03902],[-93.3045,45.03887],[-93.30415,45.03879],[-93.30172,45.03825],[-93.3011,45.03811],[-93.30035,45.03795],[-93.29907,45.03766],[-93.29907,45.03799],[-93.29906,45.03848],[-93.29902,45.03888],[-93.29901,45.039],[-93.29903,45.03925],[-93.29908,45.03955],[-93.29913,45.04025],[-93.29913,45.04027],[-93.29914,45.0405],[-93.29914,45.04066],[-93.29915,45.04091],[-93.29917,45.04209],[-93.29922,45.0439],[-93.29921,45.04392],[-93.29949,45.04392],[-93.29955,45.04392],[-93.30047,45.04392],[-93.30049,45.04392],[-93.30171,45.04392],[-93.30296,45.04392],[-93.30423,45.04393],[-93.30547,45.04393],[-93.30672,45.04393],[-93.30798,45.04394],[-93.30836,45.04394],[-93.30923,45.04394],[-93.31055,45.04394],[-93.31088,45.04394],[-93.31177,45.04394],[-93.31181,45.04578],[-93.31185,45.04758],[-93.31184,45.04759],[-93.3131,45.04759],[-93.31437,45.0476],[-93.31563,45.0476],[-93.31691,45.0476],[-93.3182,45.0476],[-93.31944,45.0476]]]},"properties":{"id":"crime-bg-270530001013","layer":"crime_block_group","name":"Block group 3, tract 000101","county":"Hennepin","state":"MN","countyFips":"27053","attributes":{"geoid":"270530001013","tract":"000101","blockGroup":"3","statYear":2025,"firstYear":2018,"lastYear":2025,"total2018":34,"total2019":27,"total2020":25,"total2021":25,"total2022":31,"total2023":26,"total2024":17,"total2025":15,"reportedTotal":15,"reportedTotalBand":"0–24","suppressed":false},"confidence":"confirmed","sourceDate":"2025"}},{"type":"Feature","geometry":{"type":"Polygon","coordinates":[[[-93.31184,45.04759],[-93.31185,45.04758],[-93.31181,45.04578],[-93.31177,45.04394],[-93.31088,45.04394],[-93.31055,45.04394],[-93.30923,45.04394],[-93.30836,45.04394],[-93.30798,45.04394],[-93.30672,45.04393],[-93.30547,45.04393],[-93.30423,45.04393],[-93.30296,45.04392],[-93.30171,45.04392],[-93.30049,45.04392],[-93.30049,45.04394],[-93.3005,45.04397],[-93.30094,45.04447],[-93.30169,45.04504],[-93.30186,45.04518],[-93.30255,45.04565],[-93.30304,45.04601],[-93.30352,45.04653],[-93.30368,45.04669],[-93.30396,45.04693],[-93.30433,45.04713],[-93.3049,45.04726],[-93.3055,45.04735],[-93.30599,45.04747],[-93.30664,45.04774],[-93.30695,45.04796],[-93.3075,45.04853],[-93.3078,45.04875],[-93.30915,45.04939],[-93.30933,45.04941],[-93.3093,45.04759],[-93.31057,45.04759],[-93.31184,45.04759]]]},"properties":{"id":"crime-bg-270530001014","layer":"crime_block_group","name":"Block group 4, tract 000101","county":"Hennepin","state":"MN","countyFips":"27053","attributes":{"geoid":"270530001014","tract":"000101","blockGroup":"4","statYear":2025,"firstYear":2018,"lastYear":2025,"total2018":16,"total2019":21,"total2020":30,"total2021":16,"total2022":17,"total2023":21,"total2024":14,"total2025":14,"reportedTotal":14,"reportedTotalBand":"0–24","suppressed":false},"confidence":"confirmed","sourceDate":"2025"}},{"type":"Feature","geometry":{"type":"Polygon","coordinates":[[[-93.29393,45.03648],[-93.29403,45.03646],[-93.29383,45.0364],[-93.29331,45.03621],[-93.29196,45.03562],[-93.29156,45.03545],[-93.29115,45.03522],[-93.2911,45.03519],[-93.29077,45.03498],[-93.29041,45.03473],[-93.29007,45.03445],[-93.28975,45.03417],[-93.28815,45.03276],[-93.28811,45.03272],[-93.28811,45.03268],[-93.28811,45.03237],[-93.28811,45.03151],[-93.28788,45.0315],[-93.28759,45.0315],[-93.28725,45.0315],[-93.28701,45.0315],[-93.28673,45.03151],[-93.28637,45.03156],[-93.28602,45.03163],[-93.28406,45.0321],[-93.28299,45.03236],[-93.2827,45.03243],[-93.28296,45.03294],[-93.28322,45.03345],[-93.28343,45.03536],[-93.28213,45.03966],[-93.28083,45.04356],[-93.28182,45.04369],[-93.28402,45.04392],[-93.28449,45.04393],[-93.28481,45.04394],[-93.2852,45.04394],[-93.28561,45.04393],[-93.28567,45.04393],[-93.28633,45.04393],[-93.28759,45.04393],[-93.28887,45.04392],[-93.29016,45.04391],[-93.29143,45.04392],[-93.29145,45.04392],[-93.29145,45.04211],[-93.29144,45.0403],[-93.29141,45.0385],[-93.29137,45.03669],[-93.29266,45.03668],[-93.29297,45.03668],[-93.2934,45.03659],[-93.29393,45.03648]]]},"properties":{"id":"crime-bg-270530001021","layer":"crime_block_group","name":"Block group 1, tract 000102","county":"Hennepin","state":"MN","countyFips":"27053","attributes":{"geoid":"270530001021","tract":"000102","blockGroup":"1","statYear":2025,"firstYear":2018,"lastYear":2025,"total2018":98,"total2019":105,"total2020":91,"total2021":91,"total2022":92,"total2023":79,"total2024":75,"total2025":73,"reportedTotal":73,"reportedTotalBand":"45–74","suppressed":false},"confidence":"confirmed","sourceDate":"2025"}},{"type":"Feature","geometry":{"type":"Polygon","coordinates":[[[-93.29921,45.04392],[-93.29922,45.0439],[-93.29917,45.04209],[-93.29915,45.04091],[-93.29914,45.04066],[-93.29914,45.0405],[-93.29913,45.04027],[-93.29913,45.04025],[-93.29908,45.03955],[-93.29903,45.03925],[-93.29901,45.039],[-93.29902,45.03888],[-93.29906,45.03848],[-93.29907,45.03799],[-93.29907,45.03766],[-93.29791,45.03741],[-93.29544,45.03688],[-93.29489,45.03674],[-93.29436,45.03658],[-93.29403,45.03646],[-93.29393,45.03648],[-93.2934,45.03659],[-93.29297,45.03668],[-93.29266,45.03668],[-93.29137,45.03669],[-93.29141,45.0385],[-93.29144,45.0403],[-93.29145,45.04211],[-93.29145,45.04392],[-93.29271,45.04392],[-93.29275,45.04392],[-93.29402,45.04392],[-93.2953,45.04392],[-93.29533,45.04392],[-93.2966,45.04392],[-93.29662,45.04392],[-93.29791,45.04392],[-93.29921,45.04392]]]},"properties":{"id":"crime-bg-270530001022","layer":"crime_block_group","name":"Block group 2, tract 000102","county":"Hennepin","state":"MN","countyFips":"27053","attributes":{"geoid":"270530001022","tract":"000102","blockGroup":"2","statYear":2025,"firstYear":2018,"lastYear":2025,"total2018":67,"total2019":73,"total2020":84,"total2021":60,"total2022":52,"total2023":55,"total2024":50,"total2025":43,"reportedTotal":43,"reportedTotalBand":"25–44","suppressed":false},"confidence":"confirmed","sourceDate":"2025"}},{"type":"Feature","geometry":{"type":"Polygon","coordinates":[[[-93.29934,45.04773],[-93.29943,45.04753],[-93.29919,45.04753],[-93.2992,45.04662],[-93.29913,45.04572],[-93.29915,45.04566],[-93.29915,45.04562],[-93.29915,45.04552],[-93.29916,45.0454],[-93.29916,45.04527],[-93.29916,45.04522],[-93.29917,45.04517],[-93.29918,45.04511],[-93.29918,45.04506],[-93.29919,45.04495],[-93.2992,45.0449],[-93.29921,45.0448],[-93.29921,45.04392],[-93.29791,45.04392],[-93.29662,45.04392],[-93.2966,45.04392],[-93.29533,45.04392],[-93.2953,45.04392],[-93.29402,45.04392],[-93.29275,45.04392],[-93.29271,45.04392],[-93.29145,45.04392],[-93.29143,45.04392],[-93.29147,45.04571],[-93.29148,45.0475],[-93.29149,45.04752],[-93.2915,45.04932],[-93.29153,45.05113],[-93.29281,45.05113],[-93.29405,45.05113],[-93.29409,45.05113],[-93.29533,45.05113],[-93.29536,45.05113],[-93.29664,45.05113],[-93.29792,45.05114],[-93.29919,45.05114],[-93.2992,45.05105],[-93.29921,45.05084],[-93.29923,45.05062],[-93.29926,45.05022],[-93.29925,45.04983],[-93.2992,45.04943],[-93.29919,45.04934],[-93.29915,45.0491],[-93.29912,45.04882],[-93.29913,45.04855],[-93.29917,45.04827],[-93.29924,45.048],[-93.29934,45.04773]]]},"properties":{"id":"crime-bg-270530001023","layer":"crime_block_group","name":"Block group 3, tract 000102","county":"Hennepin","state":"MN","countyFips":"27053","attributes":{"geoid":"270530001023","tract":"000102","blockGroup":"3","statYear":2025,"firstYear":2018,"lastYear":2025,"total2018":79,"total2019":61,"total2020":68,"total2021":61,"total2022":69,"total2023":56,"total2024":40,"total2025":43,"reportedTotal":43,"reportedTotalBand":"25–44","suppressed":false},"confidence":"confirmed","sourceDate":"2025"}},{"type":"Feature","geometry":{"type":"Polygon","coordinates":[[[-93.29153,45.05113],[-93.2915,45.04932],[-93.29149,45.04752],[-93.29148,45.0475],[-93.29147,45.04571],[-93.29143,45.04392],[-93.29016,45.04391],[-93.28887,45.04392],[-93.28759,45.04393],[-93.28633,45.04393],[-93.28567,45.04393],[-93.28561,45.04393],[-93.2852,45.04394],[-93.28481,45.04394],[-93.28449,45.04393],[-93.28402,45.04392],[-93.28182,45.04369],[-93.28083,45.04356],[-93.28145,45.04717],[-93.28145,45.0472],[-93.28145,45.04722],[-93.28223,45.05117],[-93.28309,45.05116],[-93.28352,45.05112],[-93.28439,45.05112],[-93.28498,45.05113],[-93.28531,45.05113],[-93.28587,45.05113],[-93.2864,45.05113],[-93.28768,45.05113],[-93.28896,45.05113],[-93.29025,45.05113],[-93.29153,45.05113]]]},"properties":{"id":"crime-bg-270530001024","layer":"crime_block_group","name":"Block group 4, tract 000102","county":"Hennepin","state":"MN","countyFips":"27053","attributes":{"geoid":"270530001024","tract":"000102","blockGroup":"4","statYear":2025,"firstYear":2018,"lastYear":2025,"total2018":33,"total2019":34,"total2020":26,"total2021":14,"total2022":29,"total2023":36,"total2024":38,"total2025":40,"reportedTotal":40,"reportedTotalBand":"25–44","suppressed":false},"confidence":"confirmed","sourceDate":"2025"}},{"type":"Feature","geometry":{"type":"Polygon","coordinates":[[[-93.3136,45.03132],[-93.31356,45.02951],[-93.31352,45.02771],[-93.31351,45.02769],[-93.31347,45.02589],[-93.31343,45.0241],[-93.31214,45.02409],[-93.31089,45.02409],[-93.3096,45.02409],[-93.30833,45.02409],[-93.30837,45.0259],[-93.3084,45.02771],[-93.30844,45.02951],[-93.30848,45.03132],[-93.30975,45.03132],[-93.31103,45.03132],[-93.31231,45.03132],[-93.3136,45.03132]]]},"properties":{"id":"crime-bg-270530003001","layer":"crime_block_group","name":"Block group 1, tract 000300","county":"Hennepin","state":"MN","countyFips":"27053","attributes":{"geoid":"270530003001","tract":"000300","blockGroup":"1","statYear":2025,"firstYear":2018,"lastYear":2025,"total2018":42,"total2019":32,"total2020":39,"total2021":33,"total2022":46,"total2023":41,"total2024":44,"total2025":33,"reportedTotal":33,"reportedTotalBand":"25–44","suppressed":false},"confidence":"confirmed","sourceDate":"2025"}},{"type":"Feature","geometry":{"type":"Polygon","coordinates":[[[-93.3187,45.03134],[-93.31866,45.02953],[-93.31862,45.02772],[-93.31857,45.02591],[-93.31853,45.02409],[-93.31725,45.02409],[-93.31597,45.0241],[-93.3147,45.0241],[-93.31343,45.0241],[-93.31347,45.02589],[-93.31351,45.02769],[-93.31352,45.02771],[-93.31356,45.02951],[-93.3136,45.03132],[-93.31486,45.03132],[-93.31615,45.03133],[-93.31742,45.03133],[-93.3187,45.03134]]]},"properties":{"id":"crime-bg-270530003002","layer":"crime_block_group","name":"Block group 2, tract 000300","county":"Hennepin","state":"MN","countyFips":"27053","attributes":{"geoid":"270530003002","tract":"000300","blockGroup":"2","statYear":2025,"firstYear":2018,"lastYear":2025,"total2018":26,"total2019":19,"total2020":29,"total2021":25,"total2022":35,"total2023":27,"total2024":44,"total2025":32,"reportedTotal":32,"reportedTotalBand":"25–44","suppressed":false},"confidence":"confirmed","sourceDate":"2025"}},{"type":"Feature","geometry":{"type":"Polygon","coordinates":[[[-93.31879,45.03546],[-93.31875,45.0334],[-93.3187,45.03134],[-93.31742,45.03133],[-93.31615,45.03133],[-93.31486,45.03132],[-93.3136,45.03132],[-93.31231,45.03132],[-93.31103,45.03132],[-93.30975,45.03132],[-93.30848,45.03132],[-93.30852,45.03339],[-93.30856,45.03545],[-93.30911,45.03545],[-93.30985,45.03545],[-93.31038,45.03545],[-93.3111,45.03545],[-93.31164,45.03545],[-93.31238,45.03545],[-93.3129,45.03545],[-93.31367,45.03545],[-93.31496,45.03545],[-93.31541,45.03546],[-93.31623,45.03546],[-93.31747,45.03546],[-93.31751,45.03546],[-93.31879,45.03546]]]},"properties":{"id":"crime-bg-270530003003","layer":"crime_block_group","name":"Block group 3, tract 000300","county":"Hennepin","state":"MN","countyFips":"27053","attributes":{"geoid":"270530003003","tract":"000300","blockGroup":"3","statYear":2025,"firstYear":2018,"lastYear":2025,"total2018":31,"total2019":41,"total2020":51,"total2021":48,"total2022":61,"total2023":31,"total2024":82,"total2025":51,"reportedTotal":51,"reportedTotalBand":"45–74","suppressed":false},"confidence":"confirmed","sourceDate":"2025"}},{"type":"Feature","geometry":{"type":"Polygon","coordinates":[[[-93.24745,45.02579],[-93.24745,45.02569],[-93.24729,45.0257],[-93.24605,45.0257],[-93.24545,45.0257],[-93.24528,45.0257],[-93.2451,45.02567],[-93.24493,45.02563],[-93.24477,45.02557],[-93.24454,45.02543],[-93.24433,45.02526],[-93.24415,45.02508],[-93.24399,45.02489],[-93.24387,45.02469],[-93.24376,45.02453],[-93.24362,45.02438],[-93.24345,45.02425],[-93.24326,45.02413],[-93.24324,45.02412],[-93.24308,45.02405],[-93.24288,45.02399],[-93.24267,45.02395],[-93.24245,45.02394],[-93.24224,45.02396],[-93.24095,45.02396],[-93.23968,45.02397],[-93.2384,45.02397],[-93.23712,45.02397],[-93.23712,45.02405],[-93.23712,45.02409],[-93.23712,45.02585],[-93.23711,45.02766],[-93.23841,45.02765],[-93.23967,45.02765],[-93.24097,45.02764],[-93.24223,45.02763],[-93.24352,45.02763],[-93.24477,45.02762],[-93.24605,45.02762],[-93.24728,45.02761],[-93.24744,45.0276],[-93.24743,45.0268],[-93.24743,45.02616],[-93.24745,45.02579]]]},"properties":{"id":"crime-bg-270530006011","layer":"crime_block_group","name":"Block group 1, tract 000601","county":"Hennepin","state":"MN","countyFips":"27053","attributes":{"geoid":"270530006011","tract":"000601","blockGroup":"1","statYear":2025,"firstYear":2018,"lastYear":2025,"total2018":13,"total2019":30,"total2020":15,"total2021":15,"total2022":22,"total2023":21,"total2024":14,"total2025":22,"reportedTotal":22,"reportedTotalBand":"0–24","suppressed":false},"confidence":"confirmed","sourceDate":"2025"}},{"type":"Feature","geometry":{"type":"Polygon","coordinates":[[[-93.24748,45.02069],[-93.24748,45.02038],[-93.24734,45.02039],[-93.24717,45.02038],[-93.24607,45.02039],[-93.24557,45.02039],[-93.24478,45.0204],[-93.24379,45.0204],[-93.24348,45.0204],[-93.24221,45.02041],[-93.24094,45.02042],[-93.23966,45.02043],[-93.23838,45.02043],[-93.23711,45.02044],[-93.23712,45.02226],[-93.23712,45.02347],[-93.23712,45.02397],[-93.2384,45.02397],[-93.23968,45.02397],[-93.24095,45.02396],[-93.24224,45.02396],[-93.24245,45.02394],[-93.24267,45.02395],[-93.24288,45.02399],[-93.24308,45.02405],[-93.24324,45.02412],[-93.24326,45.02413],[-93.24345,45.02425],[-93.24362,45.02438],[-93.24376,45.02453],[-93.24387,45.02469],[-93.24399,45.02489],[-93.24415,45.02508],[-93.24433,45.02526],[-93.24454,45.02543],[-93.24477,45.02557],[-93.24493,45.02563],[-93.2451,45.02567],[-93.24528,45.0257],[-93.24545,45.0257],[-93.24605,45.0257],[-93.24729,45.0257],[-93.24745,45.02569],[-93.24745,45.02525],[-93.24745,45.0247],[-93.24745,45.02391],[-93.24744,45.02367],[-93.24747,45.0222],[-93.24748,45.02144],[-93.24748,45.02069]]]},"properties":{"id":"crime-bg-270530006012","layer":"crime_block_group","name":"Block group 2, tract 000601","county":"Hennepin","state":"MN","countyFips":"27053","attributes":{"geoid":"270530006012","tract":"000601","blockGroup":"2","statYear":2025,"firstYear":2018,"lastYear":2025,"total2018":34,"total2019":23,"total2020":23,"total2021":27,"total2022":26,"total2023":28,"total2024":33,"total2025":29,"reportedTotal":29,"reportedTotalBand":"25–44","suppressed":false},"confidence":"confirmed","sourceDate":"2025"}},{"type":"Feature","geometry":{"type":"Polygon","coordinates":[[[-93.26399,45.0276],[-93.26411,45.0276],[-93.26395,45.02667],[-93.26383,45.02616],[-93.26382,45.02611],[-93.26373,45.02573],[-93.26339,45.02417],[-93.26328,45.02405],[-93.26292,45.02227],[-93.26271,45.02122],[-93.26269,45.02101],[-93.26269,45.02081],[-93.26273,45.02052],[-93.26294,45.01974],[-93.26312,45.01905],[-93.26315,45.01889],[-93.26315,45.01874],[-93.26315,45.01859],[-93.26312,45.01682],[-93.26157,45.01681],[-93.26119,45.01673],[-93.26094,45.01679],[-93.26071,45.01682],[-93.26053,45.01682],[-93.25917,45.01683],[-93.25795,45.01682],[-93.25682,45.01682],[-93.25676,45.01682],[-93.25554,45.01682],[-93.25434,45.01681],[-93.25312,45.0168],[-93.25246,45.0168],[-93.25091,45.01679],[-93.24912,45.01678],[-93.24751,45.01677],[-93.24734,45.01677],[-93.24746,45.0169],[-93.24749,45.01862],[-93.24749,45.01875],[-93.24749,45.01914],[-93.24749,45.01933],[-93.24749,45.01981],[-93.24748,45.02038],[-93.24748,45.02069],[-93.24748,45.02144],[-93.24747,45.0222],[-93.24744,45.02367],[-93.24745,45.02391],[-93.24745,45.0247],[-93.24745,45.02525],[-93.24745,45.02569],[-93.24745,45.02579],[-93.24743,45.02616],[-93.24743,45.0268],[-93.24744,45.0276],[-93.24743,45.02824],[-93.24743,45.02882],[-93.24744,45.02941],[-93.24741,45.0298],[-93.24741,45.03036],[-93.24741,45.03124],[-93.2474,45.03168],[-93.2474,45.03206],[-93.24741,45.03281],[-93.24741,45.03335],[-93.2474,45.03387],[-93.24742,45.03448],[-93.24739,45.03555],[-93.24856,45.03555],[-93.24985,45.03555],[-93.25023,45.03555],[-93.25111,45.03555],[-93.25115,45.03555],[-93.25118,45.03555],[-93.25227,45.03555],[-93.25316,45.03555],[-93.25322,45.03555],[-93.25329,45.03555],[-93.25385,45.03555],[-93.25546,45.03555],[-93.25547,45.03555],[-93.25553,45.03555],[-93.25746,45.03554],[-93.25846,45.03554],[-93.25992,45.03554],[-93.25992,45.03503],[-93.25993,45.03465],[-93.25993,45.03374],[-93.25995,45.03192],[-93.25996,45.03122],[-93.25996,45.03076],[-93.25996,45.03058],[-93.25998,45.03051],[-93.261,45.03027],[-93.2621,45.02944],[-93.26238,45.0276],[-93.26309,45.0276],[-93.2632,45.0276],[-93.2639,45.0276],[-93.26399,45.0276]]]},"properties":{"id":"crime-bg-270530006013","layer":"crime_block_group","name":"Block group 3, tract 000601","county":"Hennepin","state":"MN","countyFips":"27053","attributes":{"geoid":"270530006013","tract":"000601","blockGroup":"3","statYear":2025,"firstYear":2018,"lastYear":2025,"total2018":9,"total2019":23,"total2020":14,"total2021":16,"total2022":18,"total2023":25,"total2024":20,"total2025":14,"reportedTotal":14,"reportedTotalBand":"0–24","suppressed":false},"confidence":"confirmed","sourceDate":"2025"}},{"type":"Feature","geometry":{"type":"Polygon","coordinates":[[[-93.24224,45.02765],[-93.24223,45.02763],[-93.24097,45.02764],[-93.23967,45.02765],[-93.23841,45.02765],[-93.23711,45.02766],[-93.23711,45.02947],[-93.23711,45.03128],[-93.23711,45.03218],[-93.23711,45.03289],[-93.2371,45.03321],[-93.23711,45.03331],[-93.23711,45.03368],[-93.23711,45.03446],[-93.23711,45.03561],[-93.2377,45.0356],[-93.238,45.0356],[-93.23819,45.0356],[-93.23821,45.0356],[-93.23826,45.0356],[-93.23842,45.0356],[-93.23899,45.0356],[-93.23963,45.03559],[-93.24052,45.03559],[-93.24054,45.03559],[-93.24067,45.03559],[-93.24094,45.03558],[-93.24098,45.03558],[-93.24133,45.03558],[-93.2414,45.03558],[-93.24199,45.03558],[-93.24203,45.03558],[-93.24212,45.03558],[-93.24218,45.03558],[-93.24219,45.03481],[-93.2422,45.03426],[-93.2422,45.03341],[-93.24222,45.03126],[-93.24223,45.02944],[-93.24224,45.02765]]]},"properties":{"id":"crime-bg-270530006014","layer":"crime_block_group","name":"Block group 4, tract 000601","county":"Hennepin","state":"MN","countyFips":"27053","attributes":{"geoid":"270530006014","tract":"000601","blockGroup":"4","statYear":2025,"firstYear":2018,"lastYear":2025,"total2018":13,"total2019":30,"total2020":28,"total2021":27,"total2022":13,"total2023":16,"total2024":12,"total2025":18,"reportedTotal":18,"reportedTotalBand":"0–24","suppressed":false},"confidence":"confirmed","sourceDate":"2025"}},{"type":"Feature","geometry":{"type":"Polygon","coordinates":[[[-93.24744,45.02941],[-93.24743,45.02882],[-93.24743,45.02824],[-93.24744,45.0276],[-93.24728,45.02761],[-93.24605,45.02762],[-93.24477,45.02762],[-93.24352,45.02763],[-93.24223,45.02763],[-93.24224,45.02765],[-93.24223,45.02944],[-93.24222,45.03126],[-93.2422,45.03341],[-93.2422,45.03426],[-93.24219,45.03481],[-93.24218,45.03558],[-93.24221,45.03558],[-93.24297,45.03557],[-93.24371,45.03558],[-93.2441,45.03557],[-93.24473,45.03557],[-93.24477,45.03557],[-93.24501,45.03557],[-93.24536,45.03556],[-93.24543,45.03556],[-93.24602,45.03556],[-93.24721,45.03555],[-93.24739,45.03555],[-93.24742,45.03448],[-93.2474,45.03387],[-93.24741,45.03335],[-93.24741,45.03281],[-93.2474,45.03206],[-93.2474,45.03168],[-93.24741,45.03124],[-93.24741,45.03036],[-93.24741,45.0298],[-93.24744,45.02941]]]},"properties":{"id":"crime-bg-270530006015","layer":"crime_block_group","name":"Block group 5, tract 000601","county":"Hennepin","state":"MN","countyFips":"27053","attributes":{"geoid":"270530006015","tract":"000601","blockGroup":"5","statYear":2025,"firstYear":2018,"lastYear":2025,"total2018":28,"total2019":23,"total2020":44,"total2021":20,"total2022":32,"total2023":22,"total2024":25,"total2025":32,"reportedTotal":32,"reportedTotalBand":"25–44","suppressed":false},"confidence":"confirmed","sourceDate":"2025"}},{"type":"Feature","geometry":{"type":"Polygon","coordinates":[[[-93.23711,45.02947],[-93.23711,45.02766],[-93.23709,45.02767],[-93.23585,45.02768],[-93.23456,45.02769],[-93.23328,45.02769],[-93.23202,45.0277],[-93.23071,45.02771],[-93.22945,45.02771],[-93.22817,45.02772],[-93.2269,45.02773],[-93.22691,45.02954],[-93.22693,45.03133],[-93.22693,45.03135],[-93.22693,45.03348],[-93.22693,45.03567],[-93.22699,45.03568],[-93.22821,45.03567],[-93.22832,45.03567],[-93.22948,45.03566],[-93.23075,45.03565],[-93.23432,45.03563],[-93.23458,45.03562],[-93.23462,45.03562],[-93.23473,45.03562],[-93.23711,45.03561],[-93.23711,45.03446],[-93.23711,45.03368],[-93.23711,45.03331],[-93.2371,45.03321],[-93.23711,45.03289],[-93.23711,45.03218],[-93.23711,45.03128],[-93.23711,45.02947]]]},"properties":{"id":"crime-bg-270530006031","layer":"crime_block_group","name":"Block group 1, tract 000603","county":"Hennepin","state":"MN","countyFips":"27053","attributes":{"geoid":"270530006031","tract":"000603","blockGroup":"1","statYear":2025,"firstYear":2018,"lastYear":2025,"total2018":10,"total2019":12,"total2020":19,"total2021":16,"total2022":14,"total2023":19,"total2024":15,"total2025":12,"reportedTotal":12,"reportedTotalBand":"0–24","suppressed":false},"confidence":"confirmed","sourceDate":"2025"}},{"type":"Feature","geometry":{"type":"Polygon","coordinates":[[[-93.23712,45.02409],[-93.23712,45.02405],[-93.23583,45.02406],[-93.23457,45.02406],[-93.23455,45.02406],[-93.23329,45.02407],[-93.232,45.02407],[-93.23072,45.02408],[-93.22944,45.02409],[-93.22816,45.02409],[-93.22688,45.0241],[-93.22688,45.02422],[-93.22689,45.02592],[-93.2269,45.02771],[-93.2269,45.02773],[-93.22817,45.02772],[-93.22945,45.02771],[-93.23071,45.02771],[-93.23202,45.0277],[-93.23328,45.02769],[-93.23456,45.02769],[-93.23585,45.02768],[-93.23709,45.02767],[-93.23711,45.02766],[-93.23712,45.02585],[-93.23712,45.02409]]]},"properties":{"id":"crime-bg-270530006032","layer":"crime_block_group","name":"Block group 2, tract 000603","county":"Hennepin","state":"MN","countyFips":"27053","attributes":{"geoid":"270530006032","tract":"000603","blockGroup":"2","statYear":2025,"firstYear":2018,"lastYear":2025,"total2018":16,"total2019":16,"total2020":25,"total2021":17,"total2022":15,"total2023":16,"total2024":15,"total2025":14,"reportedTotal":14,"reportedTotalBand":"0–24","suppressed":false},"confidence":"confirmed","sourceDate":"2025"}},{"type":"Feature","geometry":{"type":"Polygon","coordinates":[[[-93.23712,45.02397],[-93.23679,45.02391],[-93.23646,45.02383],[-93.23614,45.02373],[-93.23583,45.02362],[-93.23539,45.02346],[-93.23497,45.02329],[-93.23457,45.02308],[-93.23413,45.02282],[-93.2337,45.02255],[-93.23328,45.02226],[-93.23287,45.02185],[-93.2325,45.02142],[-93.23216,45.02098],[-93.23198,45.02075],[-93.23174,45.02045],[-93.23153,45.02024],[-93.23128,45.02003],[-93.23101,45.01984],[-93.23076,45.01971],[-93.23071,45.01968],[-93.23036,45.01951],[-93.23,45.01936],[-93.22967,45.01925],[-93.22961,45.01922],[-93.22944,45.01918],[-93.22926,45.01914],[-93.2289,45.01907],[-93.22853,45.01902],[-93.22816,45.01899],[-93.22686,45.01892],[-93.22686,45.01951],[-93.22687,45.02047],[-93.22687,45.02152],[-93.22687,45.02169],[-93.22687,45.02229],[-93.22688,45.0241],[-93.22816,45.02409],[-93.22944,45.02409],[-93.23072,45.02408],[-93.232,45.02407],[-93.23329,45.02407],[-93.23455,45.02406],[-93.23457,45.02406],[-93.23583,45.02406],[-93.23712,45.02405],[-93.23712,45.02397]]]},"properties":{"id":"crime-bg-270530006033","layer":"crime_block_group","name":"Block group 3, tract 000603","county":"Hennepin","state":"MN","countyFips":"27053","attributes":{"geoid":"270530006033","tract":"000603","blockGroup":"3","statYear":2025,"firstYear":2018,"lastYear":2025,"total2018":10,"total2019":16,"total2020":12,"total2021":13,"total2022":13,"total2023":14,"total2024":14,"total2025":5,"reportedTotal":5,"reportedTotalBand":"0–24","suppressed":false},"confidence":"confirmed","sourceDate":"2025"}},{"type":"Feature","geometry":{"type":"Polygon","coordinates":[[[-93.24749,45.01981],[-93.24749,45.01933],[-93.24749,45.01914],[-93.24749,45.01875],[-93.24749,45.01862],[-93.24746,45.0169],[-93.24734,45.01677],[-93.24557,45.01678],[-93.24379,45.01679],[-93.24223,45.01679],[-93.24096,45.0168],[-93.23968,45.0168],[-93.2384,45.01681],[-93.23713,45.01682],[-93.23712,45.01863],[-93.23711,45.02043],[-93.23711,45.02044],[-93.23838,45.02043],[-93.23966,45.02043],[-93.24094,45.02042],[-93.24221,45.02041],[-93.24348,45.0204],[-93.24379,45.0204],[-93.24478,45.0204],[-93.24557,45.02039],[-93.24607,45.02039],[-93.24717,45.02038],[-93.24734,45.02039],[-93.24748,45.02038],[-93.24749,45.01981]]]},"properties":{"id":"crime-bg-270530011001","layer":"crime_block_group","name":"Block group 1, tract 001100","county":"Hennepin","state":"MN","countyFips":"27053","attributes":{"geoid":"270530011001","tract":"001100","blockGroup":"1","statYear":2025,"firstYear":2018,"lastYear":2025,"total2018":29,"total2019":31,"total2020":29,"total2021":33,"total2022":25,"total2023":24,"total2024":35,"total2025":27,"reportedTotal":27,"reportedTotalBand":"25–44","suppressed":false},"confidence":"confirmed","sourceDate":"2025"}},{"type":"Feature","geometry":{"type":"Polygon","coordinates":[[[-93.24734,45.01677],[-93.24734,45.01496],[-93.24734,45.01316],[-93.24557,45.01317],[-93.24377,45.01317],[-93.24225,45.01318],[-93.24096,45.01318],[-93.23969,45.01319],[-93.23843,45.01319],[-93.23715,45.01319],[-93.23714,45.015],[-93.23713,45.01682],[-93.2384,45.01681],[-93.23968,45.0168],[-93.24096,45.0168],[-93.24223,45.01679],[-93.24379,45.01679],[-93.24557,45.01678],[-93.24734,45.01677]]]},"properties":{"id":"crime-bg-270530011002","layer":"crime_block_group","name":"Block group 2, tract 001100","county":"Hennepin","state":"MN","countyFips":"27053","attributes":{"geoid":"270530011002","tract":"001100","blockGroup":"2","statYear":2025,"firstYear":2018,"lastYear":2025,"total2018":53,"total2019":52,"total2020":63,"total2021":53,"total2022":63,"total2023":61,"total2024":61,"total2025":43,"reportedTotal":43,"reportedTotalBand":"25–44","suppressed":false},"confidence":"confirmed","sourceDate":"2025"}},{"type":"Feature","geometry":{"type":"Polygon","coordinates":[[[-93.26308,45.00956],[-93.26308,45.00856],[-93.26308,45.00747],[-93.26308,45.00649],[-93.26308,45.00639],[-93.26308,45.00634],[-93.26308,45.00595],[-93.26307,45.00593],[-93.26307,45.00529],[-93.26301,45.00528],[-93.26157,45.00528],[-93.26156,45.00525],[-93.26111,45.00525],[-93.26025,45.00525],[-93.26025,45.00594],[-93.26023,45.00596],[-93.26005,45.00638],[-93.26005,45.00649],[-93.26004,45.00747],[-93.26004,45.00856],[-93.26006,45.00951],[-93.26009,45.0096],[-93.26017,45.00971],[-93.26036,45.01],[-93.26036,45.01108],[-93.26036,45.01217],[-93.26034,45.01317],[-93.26154,45.01316],[-93.26308,45.01316],[-93.26308,45.01217],[-93.26308,45.01109],[-93.26308,45.01009],[-93.26308,45.00958],[-93.26308,45.00956]]]},"properties":{"id":"crime-bg-270530017001","layer":"crime_block_group","name":"Block group 1, tract 001700","county":"Hennepin","state":"MN","countyFips":"27053","attributes":{"geoid":"270530017001","tract":"001700","blockGroup":"1","statYear":2025,"firstYear":2018,"lastYear":2025,"total2018":38,"total2019":34,"total2020":45,"total2021":45,"total2022":38,"total2023":46,"total2024":66,"total2025":40,"reportedTotal":40,"reportedTotalBand":"25–44","suppressed":false},"confidence":"confirmed","sourceDate":"2025"}},{"type":"Feature","geometry":{"type":"Polygon","coordinates":[[[-93.27453,45.01313],[-93.27489,45.01313],[-93.27444,45.00594],[-93.27386,45.00598],[-93.27367,45.00599],[-93.27275,45.00603],[-93.27166,45.00605],[-93.27008,45.00605],[-93.26886,45.00605],[-93.26887,45.00534],[-93.26887,45.00504],[-93.26767,45.00504],[-93.26767,45.0053],[-93.26761,45.0053],[-93.26611,45.0053],[-93.26459,45.0053],[-93.26413,45.00529],[-93.2639,45.00529],[-93.26313,45.00528],[-93.26307,45.00529],[-93.26307,45.00593],[-93.26308,45.00595],[-93.26308,45.00634],[-93.26308,45.00639],[-93.26308,45.00649],[-93.26308,45.00747],[-93.26308,45.00856],[-93.26308,45.00956],[-93.26308,45.00958],[-93.26308,45.01009],[-93.26308,45.01109],[-93.26308,45.01217],[-93.26308,45.01316],[-93.26462,45.01316],[-93.26611,45.01316],[-93.26614,45.01316],[-93.26694,45.01316],[-93.26767,45.01316],[-93.26775,45.01316],[-93.26885,45.01316],[-93.27005,45.01316],[-93.27167,45.01317],[-93.27287,45.01317],[-93.2731,45.01316],[-93.27441,45.01314],[-93.27453,45.01313]]]},"properties":{"id":"crime-bg-270530017002","layer":"crime_block_group","name":"Block group 2, tract 001700","county":"Hennepin","state":"MN","countyFips":"27053","attributes":{"geoid":"270530017002","tract":"001700","blockGroup":"2","statYear":2025,"firstYear":2018,"lastYear":2025,"total2018":81,"total2019":90,"total2020":116,"total2021":87,"total2022":100,"total2023":83,"total2024":122,"total2025":106,"reportedTotal":106,"reportedTotalBand":"75–114","suppressed":false},"confidence":"confirmed","sourceDate":"2025"}},{"type":"Feature","geometry":{"type":"Polygon","coordinates":[[[-93.2942,45.00595],[-93.29414,45.0058],[-93.29412,45.00573],[-93.29409,45.00482],[-93.29409,45.00373],[-93.29408,45.00261],[-93.29256,45.0026],[-93.29104,45.00259],[-93.28952,45.00258],[-93.28798,45.00257],[-93.28645,45.00257],[-93.28647,45.00368],[-93.28645,45.0048],[-93.28644,45.00592],[-93.28799,45.00591],[-93.28931,45.00592],[-93.28951,45.00592],[-93.29044,45.00593],[-93.29102,45.00593],[-93.29179,45.00594],[-93.29255,45.00594],[-93.29305,45.00594],[-93.29409,45.00595],[-93.2942,45.00595]]]},"properties":{"id":"crime-bg-270530022001","layer":"crime_block_group","name":"Block group 1, tract 002200","county":"Hennepin","state":"MN","countyFips":"27053","attributes":{"geoid":"270530022001","tract":"002200","blockGroup":"1","statYear":2025,"firstYear":2018,"lastYear":2025,"total2018":48,"total2019":53,"total2020":66,"total2021":52,"total2022":51,"total2023":41,"total2024":54,"total2025":38,"reportedTotal":38,"reportedTotalBand":"25–44","suppressed":false},"confidence":"confirmed","sourceDate":"2025"}},{"type":"Feature","geometry":{"type":"Polygon","coordinates":[[[-93.29409,45.00026],[-93.29409,44.99914],[-93.29262,44.99914],[-93.29103,44.99914],[-93.28951,44.99914],[-93.28799,44.99914],[-93.28718,44.99914],[-93.28644,44.99914],[-93.28647,45.00024],[-93.28646,45.00149],[-93.28645,45.0023],[-93.28645,45.00257],[-93.28798,45.00257],[-93.28952,45.00258],[-93.29104,45.00259],[-93.29256,45.0026],[-93.29408,45.00261],[-93.29408,45.00233],[-93.29408,45.00151],[-93.29409,45.00026]]]},"properties":{"id":"crime-bg-270530022002","layer":"crime_block_group","name":"Block group 2, tract 002200","county":"Hennepin","state":"MN","countyFips":"27053","attributes":{"geoid":"270530022002","tract":"002200","blockGroup":"2","statYear":2025,"firstYear":2018,"lastYear":2025,"total2018":183,"total2019":262,"total2020":262,"total2021":190,"total2022":192,"total2023":113,"total2024":95,"total2025":94,"reportedTotal":94,"reportedTotalBand":"75–114","suppressed":false},"confidence":"confirmed","sourceDate":"2025"}},{"type":"Feature","geometry":{"type":"Polygon","coordinates":[[[-93.27543,44.99899],[-93.27531,44.99898],[-93.27519,44.99897],[-93.27476,44.99894],[-93.27426,44.99891],[-93.27376,44.99888],[-93.27255,44.9988],[-93.27083,44.9987],[-93.26911,44.9987],[-93.26769,44.9987],[-93.26729,44.9987],[-93.26768,44.99925],[-93.26767,44.99982],[-93.26766,45.00088],[-93.26766,45.00091],[-93.26765,45.002],[-93.26765,45.00201],[-93.26765,45.00228],[-93.26765,45.00275],[-93.26765,45.0031],[-93.26766,45.00389],[-93.26766,45.0042],[-93.26767,45.00504],[-93.26887,45.00504],[-93.26887,45.00534],[-93.26886,45.00605],[-93.27008,45.00605],[-93.27166,45.00605],[-93.27275,45.00603],[-93.27367,45.00599],[-93.27386,45.00598],[-93.27444,45.00594],[-93.27442,45.00576],[-93.27442,45.00441],[-93.27472,45.00256],[-93.27508,45.00077],[-93.27543,44.99899]]]},"properties":{"id":"crime-bg-270530024001","layer":"crime_block_group","name":"Block group 1, tract 002400","county":"Hennepin","state":"MN","countyFips":"27053","attributes":{"geoid":"270530024001","tract":"002400","blockGroup":"1","statYear":2025,"firstYear":2018,"lastYear":2025,"total2018":34,"total2019":46,"total2020":59,"total2021":85,"total2022":58,"total2023":64,"total2024":73,"total2025":55,"reportedTotal":55,"reportedTotalBand":"45–74","suppressed":false},"confidence":"confirmed","sourceDate":"2025"}},{"type":"Feature","geometry":{"type":"Polygon","coordinates":[[[-93.26767,44.99982],[-93.26768,44.99925],[-93.26729,44.9987],[-93.26616,44.9987],[-93.26557,44.9987],[-93.26535,44.9987],[-93.26462,44.9987],[-93.26374,44.9987],[-93.26331,44.9987],[-93.26196,44.9987],[-93.26155,44.9987],[-93.26024,44.99871],[-93.26025,45.0009],[-93.26023,45.0023],[-93.26025,45.00267],[-93.26023,45.00308],[-93.26025,45.00525],[-93.26111,45.00525],[-93.26156,45.00525],[-93.26157,45.00528],[-93.26301,45.00528],[-93.26307,45.00529],[-93.26313,45.00528],[-93.2639,45.00529],[-93.26413,45.00529],[-93.26459,45.0053],[-93.26611,45.0053],[-93.26761,45.0053],[-93.26767,45.0053],[-93.26767,45.00504],[-93.26766,45.0042],[-93.26766,45.00389],[-93.26765,45.0031],[-93.26765,45.00275],[-93.26765,45.00228],[-93.26765,45.00201],[-93.26765,45.002],[-93.26766,45.00091],[-93.26766,45.00088],[-93.26767,44.99982]]]},"properties":{"id":"crime-bg-270530024002","layer":"crime_block_group","name":"Block group 2, tract 002400","county":"Hennepin","state":"MN","countyFips":"27053","attributes":{"geoid":"270530024002","tract":"002400","blockGroup":"2","statYear":2025,"firstYear":2018,"lastYear":2025,"total2018":67,"total2019":75,"total2020":84,"total2021":87,"total2022":64,"total2023":81,"total2024":64,"total2025":67,"reportedTotal":67,"reportedTotalBand":"45–74","suppressed":false},"confidence":"confirmed","sourceDate":"2025"}},{"type":"Feature","geometry":{"type":"Polygon","coordinates":[[[-93.31335,44.99336],[-93.31335,44.99153],[-93.31207,44.99152],[-93.31078,44.99152],[-93.3095,44.99151],[-93.30822,44.9915],[-93.30822,44.99308],[-93.30822,44.99332],[-93.30822,44.99416],[-93.30822,44.99513],[-93.30821,44.99515],[-93.30821,44.99523],[-93.30821,44.99632],[-93.3082,44.99695],[-93.3082,44.99876],[-93.30826,44.99876],[-93.30947,44.99878],[-93.31076,44.99878],[-93.31205,44.9988],[-93.31333,44.99881],[-93.31333,44.997],[-93.31334,44.99519],[-93.31335,44.99336]]]},"properties":{"id":"crime-bg-270530027001","layer":"crime_block_group","name":"Block group 1, tract 002700","county":"Hennepin","state":"MN","countyFips":"27053","attributes":{"geoid":"270530027001","tract":"002700","blockGroup":"1","statYear":2025,"firstYear":2018,"lastYear":2025,"total2018":53,"total2019":54,"total2020":47,"total2021":40,"total2022":55,"total2023":45,"total2024":49,"total2025":53,"reportedTotal":53,"reportedTotalBand":"45–74","suppressed":false},"confidence":"confirmed","sourceDate":"2025"}},{"type":"Feature","geometry":{"type":"Polygon","coordinates":[[[-93.31846,44.99342],[-93.31847,44.99156],[-93.3184,44.99156],[-93.31719,44.99155],[-93.3159,44.99154],[-93.31463,44.99154],[-93.31335,44.99153],[-93.31335,44.99336],[-93.31334,44.99519],[-93.31333,44.997],[-93.31333,44.99881],[-93.31458,44.99882],[-93.31589,44.99883],[-93.31715,44.99884],[-93.31773,44.99882],[-93.31803,44.99882],[-93.31826,44.99885],[-93.31835,44.99887],[-93.31846,44.99891],[-93.31846,44.99886],[-93.31847,44.99794],[-93.31847,44.99705],[-93.31847,44.99543],[-93.31847,44.99525],[-93.31846,44.99342]]]},"properties":{"id":"crime-bg-270530027002","layer":"crime_block_group","name":"Block group 2, tract 002700","county":"Hennepin","state":"MN","countyFips":"27053","attributes":{"geoid":"270530027002","tract":"002700","blockGroup":"2","statYear":2025,"firstYear":2018,"lastYear":2025,"total2018":36,"total2019":48,"total2020":47,"total2021":58,"total2022":69,"total2023":72,"total2024":46,"total2025":55,"reportedTotal":55,"reportedTotalBand":"45–74","suppressed":false},"confidence":"confirmed","sourceDate":"2025"}},{"type":"Feature","geometry":{"type":"Polygon","coordinates":[[[-93.31848,44.98795],[-93.31847,44.98766],[-93.31847,44.98754],[-93.31847,44.98697],[-93.31847,44.98691],[-93.31847,44.9867],[-93.31847,44.98553],[-93.31847,44.98518],[-93.31847,44.98494],[-93.31847,44.98488],[-93.31847,44.98451],[-93.31847,44.98445],[-93.31847,44.98405],[-93.31842,44.98405],[-93.31797,44.98402],[-93.31745,44.98401],[-93.31693,44.98402],[-93.31675,44.98403],[-93.31656,44.98402],[-93.3164,44.98402],[-93.3161,44.98402],[-93.31583,44.98403],[-93.31469,44.98414],[-93.31345,44.9843],[-93.31338,44.98431],[-93.31233,44.98445],[-93.31211,44.98447],[-93.3117,44.9845],[-93.31106,44.98453],[-93.31036,44.98455],[-93.30967,44.98455],[-93.30829,44.98451],[-93.30829,44.98465],[-93.30827,44.98608],[-93.30826,44.98789],[-93.30955,44.9879],[-93.30965,44.9879],[-93.31082,44.98791],[-93.31102,44.98791],[-93.3121,44.98792],[-93.31336,44.98792],[-93.31464,44.98793],[-93.31591,44.98793],[-93.31718,44.98794],[-93.31848,44.98795]]]},"properties":{"id":"crime-bg-270530032001","layer":"crime_block_group","name":"Block group 1, tract 003200","county":"Hennepin","state":"MN","countyFips":"27053","attributes":{"geoid":"270530032001","tract":"003200","blockGroup":"1","statYear":2025,"firstYear":2018,"lastYear":2025,"total2018":35,"total2019":27,"total2020":35,"total2021":31,"total2022":39,"total2023":41,"total2024":50,"total2025":28,"reportedTotal":28,"reportedTotalBand":"25–44","suppressed":false},"confidence":"confirmed","sourceDate":"2025"}},{"type":"Feature","geometry":{"type":"Polygon","coordinates":[[[-93.31848,44.98975],[-93.31848,44.98795],[-93.31718,44.98794],[-93.31591,44.98793],[-93.31464,44.98793],[-93.31336,44.98792],[-93.3121,44.98792],[-93.31102,44.98791],[-93.31082,44.98791],[-93.30965,44.9879],[-93.30955,44.9879],[-93.30826,44.98789],[-93.30823,44.98972],[-93.30822,44.9915],[-93.3095,44.99151],[-93.31078,44.99152],[-93.31207,44.99152],[-93.31335,44.99153],[-93.31463,44.99154],[-93.3159,44.99154],[-93.31719,44.99155],[-93.3184,44.99156],[-93.31847,44.99156],[-93.31847,44.99132],[-93.31847,44.99009],[-93.31848,44.98975]]]},"properties":{"id":"crime-bg-270530032002","layer":"crime_block_group","name":"Block group 2, tract 003200","county":"Hennepin","state":"MN","countyFips":"27053","attributes":{"geoid":"270530032002","tract":"003200","blockGroup":"2","statYear":2025,"firstYear":2018,"lastYear":2025,"total2018":32,"total2019":37,"total2020":22,"total2021":32,"total2022":39,"total2023":47,"total2024":22,"total2025":40,"reportedTotal":40,"reportedTotalBand":"25–44","suppressed":false},"confidence":"confirmed","sourceDate":"2025"}},{"type":"Feature","geometry":{"type":"Polygon","coordinates":[[[-93.30829,44.98465],[-93.30829,44.98451],[-93.30703,44.9845],[-93.30578,44.98454],[-93.30451,44.98451],[-93.30324,44.98449],[-93.30324,44.98471],[-93.30324,44.98488],[-93.30323,44.9861],[-93.30322,44.9879],[-93.30321,44.98971],[-93.3032,44.99148],[-93.30321,44.9915],[-93.30446,44.9915],[-93.3057,44.9915],[-93.30696,44.9915],[-93.30822,44.9915],[-93.30823,44.98972],[-93.30826,44.98789],[-93.30827,44.98608],[-93.30829,44.98465]]]},"properties":{"id":"crime-bg-270530033001","layer":"crime_block_group","name":"Block group 1, tract 003300","county":"Hennepin","state":"MN","countyFips":"27053","attributes":{"geoid":"270530033001","tract":"003300","blockGroup":"1","statYear":2025,"firstYear":2018,"lastYear":2025,"total2018":46,"total2019":64,"total2020":51,"total2021":56,"total2022":87,"total2023":90,"total2024":74,"total2025":63,"reportedTotal":63,"reportedTotalBand":"45–74","suppressed":false},"confidence":"confirmed","sourceDate":"2025"}},{"type":"Feature","geometry":{"type":"Polygon","coordinates":[[[-93.30324,44.98471],[-93.30324,44.98449],[-93.30169,44.9845],[-93.3006,44.98451],[-93.29819,44.98447],[-93.29819,44.9846],[-93.29819,44.98517],[-93.29819,44.9852],[-93.2982,44.98636],[-93.2982,44.9879],[-93.2982,44.98813],[-93.2982,44.98896],[-93.2982,44.98923],[-93.2982,44.98998],[-93.2982,44.99084],[-93.29821,44.99137],[-93.29822,44.99143],[-93.29827,44.99149],[-93.29834,44.99154],[-93.29846,44.99151],[-93.29859,44.9915],[-93.29942,44.9915],[-93.30067,44.9915],[-93.30193,44.9915],[-93.30321,44.9915],[-93.3032,44.99148],[-93.30321,44.98971],[-93.30322,44.9879],[-93.30323,44.9861],[-93.30324,44.98488],[-93.30324,44.98471]]]},"properties":{"id":"crime-bg-270530033002","layer":"crime_block_group","name":"Block group 2, tract 003300","county":"Hennepin","state":"MN","countyFips":"27053","attributes":{"geoid":"270530033002","tract":"003300","blockGroup":"2","statYear":2025,"firstYear":2018,"lastYear":2025,"total2018":54,"total2019":62,"total2020":56,"total2021":69,"total2022":65,"total2023":57,"total2024":42,"total2025":39,"reportedTotal":39,"reportedTotalBand":"25–44","suppressed":false},"confidence":"confirmed","sourceDate":"2025"}},{"type":"Feature","geometry":{"type":"Polygon","coordinates":[[[-93.24612,44.98591],[-93.2469,44.98492],[-93.24549,44.98436],[-93.2441,44.9838],[-93.24323,44.98346],[-93.24282,44.98329],[-93.24259,44.9832],[-93.24227,44.9836],[-93.24192,44.98404],[-93.24174,44.9843],[-93.24146,44.98464],[-93.2413,44.98484],[-93.24116,44.98501],[-93.24106,44.98513],[-93.24102,44.98517],[-93.24098,44.98521],[-93.24083,44.98536],[-93.24067,44.98551],[-93.24053,44.98563],[-93.24036,44.98578],[-93.24021,44.98591],[-93.2401,44.98599],[-93.23997,44.98609],[-93.23982,44.98617],[-93.23968,44.98625],[-93.23945,44.98639],[-93.2392,44.98652],[-93.2389,44.9867],[-93.23869,44.98682],[-93.23791,44.98725],[-93.23731,44.98763],[-93.23722,44.98769],[-93.23708,44.98782],[-93.23729,44.98793],[-93.23745,44.98802],[-93.23751,44.98806],[-93.23813,44.98841],[-93.23842,44.9886],[-93.23874,44.9888],[-93.23935,44.98921],[-93.23994,44.98963],[-93.24051,44.99008],[-93.24105,44.99054],[-93.24157,44.99101],[-93.24206,44.99149],[-93.24226,44.99149],[-93.24348,44.99149],[-93.24438,44.99037],[-93.243,44.98982],[-93.24378,44.98885],[-93.24456,44.98788],[-93.24534,44.98689],[-93.24612,44.98591]]]},"properties":{"id":"crime-bg-270530038011","layer":"crime_block_group","name":"Block group 1, tract 003801","county":"Hennepin","state":"MN","countyFips":"27053","attributes":{"geoid":"270530038011","tract":"003801","blockGroup":"1","statYear":2025,"firstYear":2018,"lastYear":2025,"total2018":79,"total2019":73,"total2020":99,"total2021":142,"total2022":125,"total2023":114,"total2024":128,"total2025":91,"reportedTotal":91,"reportedTotalBand":"75–114","suppressed":false},"confidence":"confirmed","sourceDate":"2025"}},{"type":"Feature","geometry":{"type":"Polygon","coordinates":[[[-93.25373,44.98062],[-93.25264,44.98017],[-93.25142,44.97966],[-93.2514,44.97966],[-93.25063,44.97947],[-93.25024,44.97937],[-93.24787,44.97886],[-93.24575,44.97891],[-93.24541,44.97885],[-93.24539,44.97889],[-93.24503,44.97888],[-93.24495,44.97909],[-93.24484,44.97938],[-93.24477,44.97953],[-93.24465,44.97977],[-93.24458,44.97988],[-93.24452,44.97999],[-93.24445,44.98013],[-93.24439,44.98023],[-93.24429,44.98042],[-93.24428,44.98046],[-93.244,44.98116],[-93.24383,44.98148],[-93.24373,44.98168],[-93.24357,44.98194],[-93.24338,44.98222],[-93.2431,44.98257],[-93.24286,44.98286],[-93.24259,44.9832],[-93.24282,44.98329],[-93.24323,44.98346],[-93.2441,44.9838],[-93.24549,44.98436],[-93.2469,44.98492],[-93.24767,44.98393],[-93.24844,44.98294],[-93.24881,44.98246],[-93.24918,44.98199],[-93.2492,44.98196],[-93.24958,44.98159],[-93.24984,44.98133],[-93.25102,44.98111],[-93.25373,44.98062]]]},"properties":{"id":"crime-bg-270530038012","layer":"crime_block_group","name":"Block group 2, tract 003801","county":"Hennepin","state":"MN","countyFips":"27053","attributes":{"geoid":"270530038012","tract":"003801","blockGroup":"2","statYear":2025,"firstYear":2018,"lastYear":2025,"total2018":63,"total2019":69,"total2020":102,"total2021":100,"total2022":82,"total2023":65,"total2024":68,"total2025":74,"reportedTotal":74,"reportedTotalBand":"45–74","suppressed":false},"confidence":"confirmed","sourceDate":"2025"}},{"type":"Feature","geometry":{"type":"Polygon","coordinates":[[[-93.24259,44.9832],[-93.24232,44.98309],[-93.24196,44.98295],[-93.2413,44.98269],[-93.24053,44.98367],[-93.23913,44.98312],[-93.23773,44.98257],[-93.2371,44.98333],[-93.23693,44.98355],[-93.23641,44.9842],[-93.23616,44.98453],[-93.2354,44.98551],[-93.23482,44.98626],[-93.23465,44.98648],[-93.23585,44.98714],[-93.23591,44.98717],[-93.23672,44.98762],[-93.2369,44.98772],[-93.23708,44.98782],[-93.23722,44.98769],[-93.23731,44.98763],[-93.23791,44.98725],[-93.23869,44.98682],[-93.2389,44.9867],[-93.2392,44.98652],[-93.23945,44.98639],[-93.23968,44.98625],[-93.23982,44.98617],[-93.23997,44.98609],[-93.2401,44.98599],[-93.24021,44.98591],[-93.24036,44.98578],[-93.24053,44.98563],[-93.24067,44.98551],[-93.24083,44.98536],[-93.24098,44.98521],[-93.24102,44.98517],[-93.24106,44.98513],[-93.24116,44.98501],[-93.2413,44.98484],[-93.24146,44.98464],[-93.24174,44.9843],[-93.24192,44.98404],[-93.24227,44.9836],[-93.24259,44.9832]]]},"properties":{"id":"crime-bg-270530038021","layer":"crime_block_group","name":"Block group 1, tract 003802","county":"Hennepin","state":"MN","countyFips":"27053","attributes":{"geoid":"270530038021","tract":"003802","blockGroup":"1","statYear":2025,"firstYear":2018,"lastYear":2025,"total2018":92,"total2019":93,"total2020":141,"total2021":155,"total2022":96,"total2023":85,"total2024":92,"total2025":72,"reportedTotal":72,"reportedTotalBand":"45–74","suppressed":false},"confidence":"confirmed","sourceDate":"2025"}},{"type":"Feature","geometry":{"type":"Polygon","coordinates":[[[-93.24495,44.97909],[-93.24503,44.97888],[-93.24401,44.97886],[-93.24385,44.97931],[-93.24376,44.97957],[-93.24369,44.97974],[-93.24361,44.9799],[-93.24351,44.98006],[-93.24337,44.98024],[-93.24297,44.98074],[-93.24197,44.98035],[-93.24186,44.98034],[-93.24177,44.98037],[-93.24071,44.98116],[-93.24068,44.98114],[-93.2393,44.9806],[-93.23854,44.98159],[-93.23852,44.98158],[-93.23773,44.98257],[-93.23913,44.98312],[-93.24053,44.98367],[-93.2413,44.98269],[-93.24196,44.98295],[-93.24232,44.98309],[-93.24259,44.9832],[-93.24286,44.98286],[-93.2431,44.98257],[-93.24338,44.98222],[-93.24357,44.98194],[-93.24373,44.98168],[-93.24383,44.98148],[-93.244,44.98116],[-93.24428,44.98046],[-93.24429,44.98042],[-93.24439,44.98023],[-93.24445,44.98013],[-93.24452,44.97999],[-93.24458,44.97988],[-93.24465,44.97977],[-93.24477,44.97953],[-93.24484,44.97938],[-93.24495,44.97909]]]},"properties":{"id":"crime-bg-270530038022","layer":"crime_block_group","name":"Block group 2, tract 003802","county":"Hennepin","state":"MN","countyFips":"27053","attributes":{"geoid":"270530038022","tract":"003802","blockGroup":"2","statYear":2025,"firstYear":2018,"lastYear":2025,"total2018":41,"total2019":33,"total2020":40,"total2021":80,"total2022":102,"total2023":74,"total2024":66,"total2025":33,"reportedTotal":33,"reportedTotalBand":"25–44","suppressed":false},"confidence":"confirmed","sourceDate":"2025"}},{"type":"Feature","geometry":{"type":"Polygon","coordinates":[[[-93.26994,44.96664],[-93.26994,44.96644],[-93.26994,44.96613],[-93.26993,44.96591],[-93.26974,44.96586],[-93.2693,44.96576],[-93.26902,44.96569],[-93.26848,44.96555],[-93.26828,44.96564],[-93.26816,44.96568],[-93.26802,44.96573],[-93.26788,44.96578],[-93.26777,44.96581],[-93.26765,44.96583],[-93.26511,44.96582],[-93.26426,44.96581],[-93.26274,44.96584],[-93.26254,44.96584],[-93.26254,44.96587],[-93.26254,44.96607],[-93.26254,44.96627],[-93.26255,44.96629],[-93.26254,44.96705],[-93.26254,44.96721],[-93.26254,44.96771],[-93.26254,44.96803],[-93.26254,44.96812],[-93.26511,44.96809],[-93.26765,44.96806],[-93.26769,44.96806],[-93.26893,44.96806],[-93.2694,44.96806],[-93.26955,44.96807],[-93.26972,44.96807],[-93.26981,44.96807],[-93.26986,44.96807],[-93.26991,44.96724],[-93.26992,44.96694],[-93.26994,44.96664]]]},"properties":{"id":"crime-bg-270530059011","layer":"crime_block_group","name":"Block group 1, tract 005901","county":"Hennepin","state":"MN","countyFips":"27053","attributes":{"geoid":"270530059011","tract":"005901","blockGroup":"1","statYear":2025,"firstYear":2018,"lastYear":2025,"total2018":70,"total2019":82,"total2020":105,"total2021":79,"total2022":93,"total2023":101,"total2024":99,"total2025":96,"reportedTotal":96,"reportedTotalBand":"75–114","suppressed":false},"confidence":"confirmed","sourceDate":"2025"}},{"type":"Feature","geometry":{"type":"Polygon","coordinates":[[[-93.26254,44.96705],[-93.26255,44.96629],[-93.26254,44.96627],[-93.26254,44.96607],[-93.26254,44.96587],[-93.26254,44.96584],[-93.26208,44.96584],[-93.26031,44.96583],[-93.25966,44.96583],[-93.25958,44.96583],[-93.25836,44.96584],[-93.25816,44.96584],[-93.25816,44.96587],[-93.25817,44.96603],[-93.25817,44.9661],[-93.25818,44.96626],[-93.25817,44.96652],[-93.25816,44.96803],[-93.25815,44.96893],[-93.25964,44.96891],[-93.25964,44.96805],[-93.26104,44.96804],[-93.26196,44.96804],[-93.26254,44.96803],[-93.26254,44.96771],[-93.26254,44.96721],[-93.26254,44.96705]]]},"properties":{"id":"crime-bg-270530059012","layer":"crime_block_group","name":"Block group 2, tract 005901","county":"Hennepin","state":"MN","countyFips":"27053","attributes":{"geoid":"270530059012","tract":"005901","blockGroup":"2","statYear":2025,"firstYear":2018,"lastYear":2025,"total2018":46,"total2019":25,"total2020":33,"total2021":22,"total2022":73,"total2023":99,"total2024":120,"total2025":114,"reportedTotal":114,"reportedTotalBand":"75–114","suppressed":false},"confidence":"confirmed","sourceDate":"2025"}},{"type":"Feature","geometry":{"type":"Polygon","coordinates":[[[-93.25817,44.96652],[-93.25818,44.96626],[-93.25817,44.9661],[-93.25817,44.96603],[-93.25816,44.96587],[-93.25816,44.96584],[-93.2579,44.96584],[-93.25746,44.96585],[-93.25716,44.96586],[-93.25669,44.96575],[-93.25605,44.96551],[-93.25545,44.96557],[-93.25522,44.96558],[-93.25491,44.96561],[-93.2544,44.96568],[-93.2538,44.96579],[-93.25297,44.9659],[-93.25273,44.96594],[-93.25252,44.96596],[-93.25227,44.966],[-93.25241,44.96615],[-93.25304,44.96683],[-93.25331,44.96713],[-93.25351,44.96735],[-93.25376,44.96758],[-93.25382,44.96765],[-93.25391,44.96771],[-93.25382,44.96792],[-93.25372,44.96818],[-93.25365,44.96835],[-93.25359,44.96855],[-93.25345,44.96902],[-93.25339,44.9692],[-93.25331,44.96937],[-93.25304,44.97],[-93.2531,44.97003],[-93.25322,44.9701],[-93.25337,44.97019],[-93.25376,44.97038],[-93.25505,44.97096],[-93.25641,44.97153],[-93.25722,44.97058],[-93.25776,44.96995],[-93.25781,44.96989],[-93.25805,44.96963],[-93.25806,44.96961],[-93.25812,44.96954],[-93.25814,44.96952],[-93.25815,44.96893],[-93.25816,44.96803],[-93.25817,44.96652]]]},"properties":{"id":"crime-bg-270530059013","layer":"crime_block_group","name":"Block group 3, tract 005901","county":"Hennepin","state":"MN","countyFips":"27053","attributes":{"geoid":"270530059013","tract":"005901","blockGroup":"3","statYear":2025,"firstYear":2018,"lastYear":2025,"total2018":63,"total2019":84,"total2020":72,"total2021":73,"total2022":67,"total2023":59,"total2024":82,"total2025":56,"reportedTotal":56,"reportedTotalBand":"45–74","suppressed":false},"confidence":"confirmed","sourceDate":"2025"}},{"type":"Feature","geometry":{"type":"Polygon","coordinates":[[[-93.26992,44.96269],[-93.26996,44.96092],[-93.26975,44.96091],[-93.26941,44.9609],[-93.26924,44.96089],[-93.26897,44.96089],[-93.26768,44.96089],[-93.26766,44.9609],[-93.26648,44.9609],[-93.26642,44.96091],[-93.26635,44.9609],[-93.26511,44.96091],[-93.2633,44.96092],[-93.26279,44.96095],[-93.26256,44.96092],[-93.26255,44.96182],[-93.26255,44.96271],[-93.26384,44.9627],[-93.26511,44.9627],[-93.26643,44.9627],[-93.26759,44.96269],[-93.26765,44.96269],[-93.26898,44.96269],[-93.26904,44.96269],[-93.26925,44.96269],[-93.26944,44.96269],[-93.2697,44.96269],[-93.26992,44.96269]]]},"properties":{"id":"crime-bg-270530059021","layer":"crime_block_group","name":"Block group 1, tract 005902","county":"Hennepin","state":"MN","countyFips":"27053","attributes":{"geoid":"270530059021","tract":"005902","blockGroup":"1","statYear":2025,"firstYear":2018,"lastYear":2025,"total2018":70,"total2019":111,"total2020":124,"total2021":85,"total2022":93,"total2023":67,"total2024":55,"total2025":63,"reportedTotal":63,"reportedTotalBand":"45–74","suppressed":false},"confidence":"confirmed","sourceDate":"2025"}},{"type":"Feature","geometry":{"type":"Polygon","coordinates":[[[-93.26256,44.96092],[-93.26255,44.95914],[-93.26256,44.95912],[-93.26127,44.95912],[-93.26125,44.95912],[-93.26107,44.95912],[-93.25997,44.95913],[-93.25963,44.95913],[-93.25964,44.96093],[-93.25964,44.96183],[-93.25967,44.9627],[-93.25967,44.96272],[-93.25967,44.96394],[-93.25967,44.96517],[-93.25966,44.96545],[-93.25966,44.96569],[-93.25966,44.96583],[-93.26031,44.96583],[-93.26208,44.96584],[-93.26254,44.96584],[-93.26254,44.96569],[-93.26254,44.96562],[-93.26254,44.96546],[-93.26254,44.96524],[-93.26254,44.96516],[-93.26254,44.96394],[-93.26255,44.96271],[-93.26255,44.96182],[-93.26256,44.96092]]]},"properties":{"id":"crime-bg-270530059022","layer":"crime_block_group","name":"Block group 2, tract 005902","county":"Hennepin","state":"MN","countyFips":"27053","attributes":{"geoid":"270530059022","tract":"005902","blockGroup":"2","statYear":2025,"firstYear":2018,"lastYear":2025,"total2018":24,"total2019":36,"total2020":66,"total2021":40,"total2022":110,"total2023":125,"total2024":125,"total2025":130,"reportedTotal":130,"reportedTotalBand":"115+","suppressed":false},"confidence":"confirmed","sourceDate":"2025"}},{"type":"Feature","geometry":{"type":"Polygon","coordinates":[[[-93.26993,44.96393],[-93.26992,44.96269],[-93.2697,44.96269],[-93.26944,44.96269],[-93.26925,44.96269],[-93.26904,44.96269],[-93.26898,44.96269],[-93.26765,44.96269],[-93.26759,44.96269],[-93.26643,44.9627],[-93.26511,44.9627],[-93.26384,44.9627],[-93.26255,44.96271],[-93.26254,44.96394],[-93.26254,44.96516],[-93.26254,44.96524],[-93.26254,44.96546],[-93.26254,44.96562],[-93.26254,44.96569],[-93.26254,44.96584],[-93.26274,44.96584],[-93.26426,44.96581],[-93.26511,44.96582],[-93.26765,44.96583],[-93.26777,44.96581],[-93.26788,44.96578],[-93.26802,44.96573],[-93.26816,44.96568],[-93.26828,44.96564],[-93.26848,44.96555],[-93.26902,44.96569],[-93.2693,44.96576],[-93.26974,44.96586],[-93.26993,44.96591],[-93.26991,44.96541],[-93.26991,44.96432],[-93.26993,44.96393]]]},"properties":{"id":"crime-bg-270530059023","layer":"crime_block_group","name":"Block group 3, tract 005902","county":"Hennepin","state":"MN","countyFips":"27053","attributes":{"geoid":"270530059023","tract":"005902","blockGroup":"3","statYear":2025,"firstYear":2018,"lastYear":2025,"total2018":88,"total2019":83,"total2020":95,"total2021":98,"total2022":111,"total2023":113,"total2024":92,"total2025":100,"reportedTotal":100,"reportedTotalBand":"75–114","suppressed":false},"confidence":"confirmed","sourceDate":"2025"}},{"type":"Feature","geometry":{"type":"Polygon","coordinates":[[[-93.28298,44.96091],[-93.28298,44.95911],[-93.28295,44.95912],[-93.2813,44.95911],[-93.27963,44.95911],[-93.27785,44.95911],[-93.27785,44.9592],[-93.27783,44.9609],[-93.27781,44.96268],[-93.27782,44.9627],[-93.27933,44.9627],[-93.27942,44.9627],[-93.27959,44.9627],[-93.28082,44.9627],[-93.28129,44.9627],[-93.28298,44.9627],[-93.28298,44.96091]]]},"properties":{"id":"crime-bg-270530068001","layer":"crime_block_group","name":"Block group 1, tract 006800","county":"Hennepin","state":"MN","countyFips":"27053","attributes":{"geoid":"270530068001","tract":"006800","blockGroup":"1","statYear":2025,"firstYear":2018,"lastYear":2025,"total2018":75,"total2019":115,"total2020":115,"total2021":127,"total2022":164,"total2023":158,"total2024":158,"total2025":92,"reportedTotal":92,"reportedTotalBand":"75–114","suppressed":false},"confidence":"confirmed","sourceDate":"2025"}},{"type":"Feature","geometry":{"type":"Polygon","coordinates":[[[-93.28803,44.95733],[-93.28803,44.95731],[-93.28675,44.95731],[-93.28549,44.95732],[-93.28422,44.95732],[-93.28361,44.95732],[-93.28296,44.95732],[-93.28131,44.95733],[-93.27964,44.95733],[-93.27804,44.95732],[-93.27786,44.95734],[-93.27785,44.95911],[-93.27963,44.95911],[-93.2813,44.95911],[-93.28295,44.95912],[-93.28298,44.95911],[-93.28357,44.95911],[-93.28421,44.95911],[-93.28423,44.95911],[-93.28548,44.95911],[-93.28674,44.95912],[-93.28677,44.95912],[-93.28802,44.95912],[-93.28803,44.95733]]]},"properties":{"id":"crime-bg-270530068002","layer":"crime_block_group","name":"Block group 2, tract 006800","county":"Hennepin","state":"MN","countyFips":"27053","attributes":{"geoid":"270530068002","tract":"006800","blockGroup":"2","statYear":2025,"firstYear":2018,"lastYear":2025,"total2018":29,"total2019":36,"total2020":49,"total2021":58,"total2022":82,"total2023":71,"total2024":60,"total2025":29,"reportedTotal":29,"reportedTotalBand":"25–44","suppressed":false},"confidence":"confirmed","sourceDate":"2025"}},{"type":"Feature","geometry":{"type":"Polygon","coordinates":[[[-93.288,44.9627],[-93.28801,44.96092],[-93.28677,44.96092],[-93.28549,44.96091],[-93.28424,44.96091],[-93.2837,44.96091],[-93.28356,44.96091],[-93.28298,44.96091],[-93.28298,44.9627],[-93.28323,44.9627],[-93.28391,44.9627],[-93.28426,44.9627],[-93.2855,44.9627],[-93.28677,44.9627],[-93.288,44.9627]]]},"properties":{"id":"crime-bg-270530068003","layer":"crime_block_group","name":"Block group 3, tract 006800","county":"Hennepin","state":"MN","countyFips":"27053","attributes":{"geoid":"270530068003","tract":"006800","blockGroup":"3","statYear":2025,"firstYear":2018,"lastYear":2025,"total2018":10,"total2019":14,"total2020":22,"total2021":26,"total2022":72,"total2023":84,"total2024":75,"total2025":58,"reportedTotal":58,"reportedTotalBand":"45–74","suppressed":false},"confidence":"confirmed","sourceDate":"2025"}},{"type":"Feature","geometry":{"type":"Polygon","coordinates":[[[-93.28801,44.96092],[-93.28802,44.95912],[-93.28677,44.95912],[-93.28674,44.95912],[-93.28548,44.95911],[-93.28423,44.95911],[-93.28421,44.95911],[-93.28357,44.95911],[-93.28298,44.95911],[-93.28298,44.96091],[-93.28356,44.96091],[-93.2837,44.96091],[-93.28424,44.96091],[-93.28549,44.96091],[-93.28677,44.96092],[-93.28801,44.96092]]]},"properties":{"id":"crime-bg-270530068004","layer":"crime_block_group","name":"Block group 4, tract 006800","county":"Hennepin","state":"MN","countyFips":"27053","attributes":{"geoid":"270530068004","tract":"006800","blockGroup":"4","statYear":2025,"firstYear":2018,"lastYear":2025,"total2018":44,"total2019":60,"total2020":65,"total2021":83,"total2022":83,"total2023":77,"total2024":77,"total2025":53,"reportedTotal":53,"reportedTotalBand":"45–74","suppressed":false},"confidence":"confirmed","sourceDate":"2025"}},{"type":"Feature","geometry":{"type":"Polygon","coordinates":[[[-93.28809,44.95001],[-93.28809,44.94836],[-93.28693,44.94836],[-93.28683,44.94836],[-93.28673,44.94836],[-93.28555,44.94836],[-93.28429,44.94836],[-93.28301,44.94836],[-93.28136,44.94836],[-93.28032,44.94836],[-93.2797,44.94835],[-93.27795,44.94835],[-93.27668,44.94835],[-93.27665,44.95007],[-93.27665,44.95023],[-93.27665,44.95032],[-93.27664,44.95076],[-93.27662,44.95194],[-93.27664,44.95194],[-93.2779,44.95194],[-93.27966,44.95194],[-93.27973,44.95194],[-93.28133,44.95194],[-93.28298,44.95195],[-93.28426,44.95195],[-93.28553,44.95195],[-93.2868,44.95195],[-93.28801,44.95195],[-93.28807,44.95195],[-93.28808,44.95032],[-93.28809,44.95023],[-93.28809,44.95001]]]},"properties":{"id":"crime-bg-270530077001","layer":"crime_block_group","name":"Block group 1, tract 007700","county":"Hennepin","state":"MN","countyFips":"27053","attributes":{"geoid":"270530077001","tract":"007700","blockGroup":"1","statYear":2025,"firstYear":2018,"lastYear":2025,"total2018":65,"total2019":119,"total2020":170,"total2021":163,"total2022":230,"total2023":207,"total2024":230,"total2025":169,"reportedTotal":169,"reportedTotalBand":"115+","suppressed":false},"confidence":"confirmed","sourceDate":"2025"}},{"type":"Feature","geometry":{"type":"Polygon","coordinates":[[[-93.29828,44.94926],[-93.29828,44.94836],[-93.297,44.94836],[-93.29573,44.94836],[-93.29446,44.94836],[-93.29318,44.94836],[-93.29191,44.94836],[-93.29065,44.94836],[-93.28937,44.94836],[-93.28809,44.94836],[-93.28809,44.95001],[-93.28809,44.95023],[-93.28808,44.95032],[-93.28807,44.95195],[-93.28934,44.95195],[-93.29063,44.95195],[-93.29189,44.95195],[-93.29317,44.95195],[-93.29423,44.95195],[-93.29442,44.95195],[-93.29453,44.95195],[-93.29568,44.95195],[-93.29697,44.95195],[-93.29826,44.95195],[-93.29827,44.95032],[-93.29827,44.95023],[-93.29827,44.95007],[-93.29827,44.94987],[-93.29828,44.94926]]]},"properties":{"id":"crime-bg-270530077002","layer":"crime_block_group","name":"Block group 2, tract 007700","county":"Hennepin","state":"MN","countyFips":"27053","attributes":{"geoid":"270530077002","tract":"007700","blockGroup":"2","statYear":2025,"firstYear":2018,"lastYear":2025,"total2018":340,"total2019":428,"total2020":406,"total2021":446,"total2022":459,"total2023":467,"total2024":352,"total2025":295,"reportedTotal":295,"reportedTotalBand":"115+","suppressed":false},"confidence":"confirmed","sourceDate":"2025"}},{"type":"Feature","geometry":{"type":"Polygon","coordinates":[[[-93.27788,44.95525],[-93.27789,44.95374],[-93.27787,44.95374],[-93.27663,44.95373],[-93.27536,44.95373],[-93.27407,44.95373],[-93.27278,44.95373],[-93.27256,44.95373],[-93.27245,44.95375],[-93.27236,44.95379],[-93.27228,44.95385],[-93.27196,44.95379],[-93.2717,44.95375],[-93.27048,44.95518],[-93.27021,44.95553],[-93.27056,44.95553],[-93.2715,44.95553],[-93.27277,44.95553],[-93.27404,44.95553],[-93.27534,44.95553],[-93.2766,44.95554],[-93.27781,44.95554],[-93.27788,44.95553],[-93.27788,44.95525]]]},"properties":{"id":"crime-bg-270530078011","layer":"crime_block_group","name":"Block group 1, tract 007801","county":"Hennepin","state":"MN","countyFips":"27053","attributes":{"geoid":"270530078011","tract":"007801","blockGroup":"1","statYear":2025,"firstYear":2018,"lastYear":2025,"total2018":48,"total2019":77,"total2020":75,"total2021":82,"total2022":104,"total2023":96,"total2024":119,"total2025":81,"reportedTotal":81,"reportedTotalBand":"75–114","suppressed":false},"confidence":"confirmed","sourceDate":"2025"}},{"type":"Feature","geometry":{"type":"Polygon","coordinates":[[[-93.27792,44.95196],[-93.2779,44.95194],[-93.27664,44.95194],[-93.27662,44.95194],[-93.27664,44.95076],[-93.27665,44.95032],[-93.27665,44.95023],[-93.27665,44.95007],[-93.27668,44.94835],[-93.27542,44.94835],[-93.27502,44.94835],[-93.27494,44.94835],[-93.27463,44.94835],[-93.27461,44.9489],[-93.27461,44.94907],[-93.2746,44.9493],[-93.27459,44.94941],[-93.27457,44.94954],[-93.27455,44.94967],[-93.27452,44.94978],[-93.27449,44.94989],[-93.27445,44.95],[-93.27436,44.95018],[-93.2743,44.95032],[-93.27418,44.95058],[-93.27398,44.95095],[-93.27374,44.95129],[-93.27349,44.95162],[-93.27339,44.95172],[-93.27319,44.95194],[-93.27307,44.95208],[-93.27279,44.95242],[-93.2717,44.95375],[-93.27196,44.95379],[-93.27228,44.95385],[-93.27236,44.95379],[-93.27245,44.95375],[-93.27256,44.95373],[-93.27278,44.95373],[-93.27407,44.95373],[-93.27536,44.95373],[-93.27663,44.95373],[-93.27787,44.95374],[-93.27789,44.95374],[-93.27792,44.95196]]]},"properties":{"id":"crime-bg-270530078012","layer":"crime_block_group","name":"Block group 2, tract 007801","county":"Hennepin","state":"MN","countyFips":"27053","attributes":{"geoid":"270530078012","tract":"007801","blockGroup":"2","statYear":2025,"firstYear":2018,"lastYear":2025,"total2018":82,"total2019":116,"total2020":97,"total2021":68,"total2022":117,"total2023":117,"total2024":106,"total2025":96,"reportedTotal":96,"reportedTotalBand":"75–114","suppressed":false},"confidence":"confirmed","sourceDate":"2025"}},{"type":"Feature","geometry":{"type":"Polygon","coordinates":[[[-93.29071,44.94293],[-93.29073,44.94133],[-93.28945,44.94133],[-93.28823,44.94133],[-93.28817,44.94133],[-93.28815,44.94294],[-93.28814,44.94474],[-93.28812,44.94661],[-93.28809,44.94836],[-93.28937,44.94836],[-93.29065,44.94836],[-93.29064,44.94835],[-93.29066,44.9466],[-93.29068,44.94473],[-93.29069,44.94471],[-93.29071,44.94293]]]},"properties":{"id":"crime-bg-270530081001","layer":"crime_block_group","name":"Block group 1, tract 008100","county":"Hennepin","state":"MN","countyFips":"27053","attributes":{"geoid":"270530081001","tract":"008100","blockGroup":"1","statYear":2025,"firstYear":2018,"lastYear":2025,"total2018":81,"total2019":96,"total2020":120,"total2021":99,"total2022":168,"total2023":156,"total2024":182,"total2025":128,"reportedTotal":128,"reportedTotalBand":"115+","suppressed":false},"confidence":"confirmed","sourceDate":"2025"}},{"type":"Feature","geometry":{"type":"Polygon","coordinates":[[[-93.29578,44.94472],[-93.29577,44.9447],[-93.29449,44.94471],[-93.29322,44.94471],[-93.29195,44.94472],[-93.29068,44.94473],[-93.29066,44.9466],[-93.29064,44.94835],[-93.29065,44.94836],[-93.29191,44.94836],[-93.29318,44.94836],[-93.29446,44.94836],[-93.29573,44.94836],[-93.29574,44.94835],[-93.29576,44.94658],[-93.29578,44.94472]]]},"properties":{"id":"crime-bg-270530081002","layer":"crime_block_group","name":"Block group 2, tract 008100","county":"Hennepin","state":"MN","countyFips":"27053","attributes":{"geoid":"270530081002","tract":"008100","blockGroup":"2","statYear":2025,"firstYear":2018,"lastYear":2025,"total2018":53,"total2019":58,"total2020":58,"total2021":46,"total2022":75,"total2023":88,"total2024":87,"total2025":74,"reportedTotal":74,"reportedTotalBand":"45–74","suppressed":false},"confidence":"confirmed","sourceDate":"2025"}},{"type":"Feature","geometry":{"type":"Polygon","coordinates":[[[-93.29581,44.94135],[-93.29581,44.94133],[-93.29453,44.94133],[-93.29326,44.94133],[-93.292,44.94133],[-93.29073,44.94133],[-93.29071,44.94293],[-93.29069,44.94471],[-93.29068,44.94473],[-93.29195,44.94472],[-93.29322,44.94471],[-93.29449,44.94471],[-93.29577,44.9447],[-93.29579,44.94291],[-93.29581,44.94135]]]},"properties":{"id":"crime-bg-270530081003","layer":"crime_block_group","name":"Block group 3, tract 008100","county":"Hennepin","state":"MN","countyFips":"27053","attributes":{"geoid":"270530081003","tract":"008100","blockGroup":"3","statYear":2025,"firstYear":2018,"lastYear":2025,"total2018":23,"total2019":16,"total2020":20,"total2021":22,"total2022":42,"total2023":30,"total2024":45,"total2025":20,"reportedTotal":20,"reportedTotalBand":"0–24","suppressed":false},"confidence":"confirmed","sourceDate":"2025"}},{"type":"Feature","geometry":{"type":"Polygon","coordinates":[[[-93.29834,44.94289],[-93.29836,44.94133],[-93.29709,44.94133],[-93.29581,44.94133],[-93.29581,44.94135],[-93.29579,44.94291],[-93.29577,44.9447],[-93.29578,44.94472],[-93.29576,44.94658],[-93.29574,44.94835],[-93.29573,44.94836],[-93.297,44.94836],[-93.29828,44.94836],[-93.2983,44.94657],[-93.29832,44.94469],[-93.29834,44.94289]]]},"properties":{"id":"crime-bg-270530081004","layer":"crime_block_group","name":"Block group 4, tract 008100","county":"Hennepin","state":"MN","countyFips":"27053","attributes":{"geoid":"270530081004","tract":"008100","blockGroup":"4","statYear":2025,"firstYear":2018,"lastYear":2025,"total2018":85,"total2019":126,"total2020":82,"total2021":117,"total2022":113,"total2023":110,"total2024":102,"total2025":114,"reportedTotal":114,"reportedTotalBand":"75–114","suppressed":false},"confidence":"confirmed","sourceDate":"2025"}},{"type":"Feature","geometry":{"type":"Polygon","coordinates":[[[-93.28304,44.94659],[-93.28304,44.94474],[-93.28137,44.94474],[-93.28055,44.94475],[-93.27972,44.94475],[-93.278,44.94475],[-93.27794,44.94475],[-93.27794,44.94496],[-93.27794,44.94661],[-93.27794,44.94665],[-93.27795,44.94835],[-93.2797,44.94835],[-93.28032,44.94836],[-93.28136,44.94836],[-93.28301,44.94836],[-93.28304,44.94659]]]},"properties":{"id":"crime-bg-270530082001","layer":"crime_block_group","name":"Block group 1, tract 008200","county":"Hennepin","state":"MN","countyFips":"27053","attributes":{"geoid":"270530082001","tract":"008200","blockGroup":"1","statYear":2025,"firstYear":2018,"lastYear":2025,"total2018":197,"total2019":201,"total2020":130,"total2021":113,"total2022":107,"total2023":119,"total2024":122,"total2025":84,"reportedTotal":84,"reportedTotalBand":"75–114","suppressed":false},"confidence":"confirmed","sourceDate":"2025"}},{"type":"Feature","geometry":{"type":"Polygon","coordinates":[[[-93.28304,44.94474],[-93.28304,44.94295],[-93.28298,44.94294],[-93.28138,44.94294],[-93.28139,44.94134],[-93.27972,44.94134],[-93.27798,44.94134],[-93.27792,44.94134],[-93.27792,44.94293],[-93.27792,44.94315],[-93.27794,44.94475],[-93.278,44.94475],[-93.27972,44.94475],[-93.28055,44.94475],[-93.28137,44.94474],[-93.28304,44.94474]]]},"properties":{"id":"crime-bg-270530082002","layer":"crime_block_group","name":"Block group 2, tract 008200","county":"Hennepin","state":"MN","countyFips":"27053","attributes":{"geoid":"270530082002","tract":"008200","blockGroup":"2","statYear":2025,"firstYear":2018,"lastYear":2025,"total2018":30,"total2019":52,"total2020":48,"total2021":36,"total2022":65,"total2023":104,"total2024":84,"total2025":73,"reportedTotal":73,"reportedTotalBand":"45–74","suppressed":false},"confidence":"confirmed","sourceDate":"2025"}},{"type":"Feature","geometry":{"type":"Polygon","coordinates":[[[-93.28815,44.94294],[-93.28817,44.94133],[-93.28811,44.94133],[-93.28689,44.94134],[-93.2856,44.94134],[-93.28433,44.94134],[-93.28306,44.94133],[-93.28139,44.94134],[-93.28138,44.94294],[-93.28298,44.94294],[-93.28304,44.94295],[-93.28304,44.94474],[-93.2843,44.94474],[-93.28558,44.94474],[-93.28662,44.94474],[-93.28686,44.94474],[-93.28808,44.94474],[-93.28814,44.94474],[-93.28815,44.94294]]]},"properties":{"id":"crime-bg-270530082003","layer":"crime_block_group","name":"Block group 3, tract 008200","county":"Hennepin","state":"MN","countyFips":"27053","attributes":{"geoid":"270530082003","tract":"008200","blockGroup":"3","statYear":2025,"firstYear":2018,"lastYear":2025,"total2018":26,"total2019":40,"total2020":43,"total2021":40,"total2022":47,"total2023":53,"total2024":64,"total2025":49,"reportedTotal":49,"reportedTotalBand":"45–74","suppressed":false},"confidence":"confirmed","sourceDate":"2025"}},{"type":"Feature","geometry":{"type":"Polygon","coordinates":[[[-93.28812,44.94661],[-93.28814,44.94474],[-93.28808,44.94474],[-93.28686,44.94474],[-93.28662,44.94474],[-93.28558,44.94474],[-93.2843,44.94474],[-93.28304,44.94474],[-93.28304,44.94659],[-93.28301,44.94836],[-93.28429,44.94836],[-93.28555,44.94836],[-93.28673,44.94836],[-93.28683,44.94836],[-93.28693,44.94836],[-93.28809,44.94836],[-93.28812,44.94661]]]},"properties":{"id":"crime-bg-270530082004","layer":"crime_block_group","name":"Block group 4, tract 008200","county":"Hennepin","state":"MN","countyFips":"27053","attributes":{"geoid":"270530082004","tract":"008200","blockGroup":"4","statYear":2025,"firstYear":2018,"lastYear":2025,"total2018":69,"total2019":79,"total2020":64,"total2021":85,"total2022":85,"total2023":93,"total2024":92,"total2025":70,"reportedTotal":70,"reportedTotalBand":"45–74","suppressed":false},"confidence":"confirmed","sourceDate":"2025"}},{"type":"Feature","geometry":{"type":"Polygon","coordinates":[[[-93.27463,44.94835],[-93.27461,44.94665],[-93.27461,44.94475],[-93.27459,44.94384],[-93.27459,44.94354],[-93.27459,44.94316],[-93.27459,44.94307],[-93.2746,44.94274],[-93.27459,44.94209],[-93.27459,44.94136],[-93.27434,44.94136],[-93.27422,44.94136],[-93.27405,44.94136],[-93.27277,44.94136],[-93.27149,44.94137],[-93.2702,44.94137],[-93.27024,44.94317],[-93.27027,44.94496],[-93.27026,44.94498],[-93.27029,44.94666],[-93.27031,44.94835],[-93.27158,44.94835],[-93.2716,44.94835],[-93.27286,44.94835],[-93.27412,44.94836],[-93.27414,44.94835],[-93.27463,44.94835]]]},"properties":{"id":"crime-bg-270530083001","layer":"crime_block_group","name":"Block group 1, tract 008300","county":"Hennepin","state":"MN","countyFips":"27053","attributes":{"geoid":"270530083001","tract":"008300","blockGroup":"1","statYear":2025,"firstYear":2018,"lastYear":2025,"total2018":76,"total2019":103,"total2020":143,"total2021":110,"total2022":120,"total2023":117,"total2024":135,"total2025":101,"reportedTotal":101,"reportedTotalBand":"75–114","suppressed":false},"confidence":"confirmed","sourceDate":"2025"}},{"type":"Feature","geometry":{"type":"Polygon","coordinates":[[[-93.27795,44.94835],[-93.27794,44.94665],[-93.27794,44.94661],[-93.27794,44.94496],[-93.27794,44.94475],[-93.27792,44.94315],[-93.27792,44.94293],[-93.27792,44.94134],[-93.27663,44.94135],[-93.27534,44.94135],[-93.27522,44.94136],[-93.27486,44.94136],[-93.27459,44.94136],[-93.27459,44.94209],[-93.2746,44.94274],[-93.27459,44.94307],[-93.27459,44.94316],[-93.27459,44.94354],[-93.27459,44.94384],[-93.27461,44.94475],[-93.27461,44.94665],[-93.27463,44.94835],[-93.27494,44.94835],[-93.27502,44.94835],[-93.27542,44.94835],[-93.27668,44.94835],[-93.27795,44.94835]]]},"properties":{"id":"crime-bg-270530083002","layer":"crime_block_group","name":"Block group 2, tract 008300","county":"Hennepin","state":"MN","countyFips":"27053","attributes":{"geoid":"270530083002","tract":"008300","blockGroup":"2","statYear":2025,"firstYear":2018,"lastYear":2025,"total2018":52,"total2019":59,"total2020":55,"total2021":41,"total2022":65,"total2023":115,"total2024":92,"total2025":76,"reportedTotal":76,"reportedTotalBand":"75–114","suppressed":false},"confidence":"confirmed","sourceDate":"2025"}},{"type":"Feature","geometry":{"type":"Polygon","coordinates":[[[-93.2665,44.94835],[-93.26648,44.94668],[-93.26646,44.945],[-93.26646,44.94498],[-93.26643,44.94318],[-93.26639,44.94138],[-93.26512,44.94137],[-93.26386,44.94137],[-93.26384,44.94137],[-93.26257,44.94137],[-93.26261,44.94318],[-93.26264,44.94473],[-93.26266,44.94656],[-93.26266,44.94668],[-93.26268,44.94834],[-93.26267,44.94836],[-93.26396,44.94835],[-93.26521,44.94835],[-93.26648,44.94835],[-93.2665,44.94835]]]},"properties":{"id":"crime-bg-270530084001","layer":"crime_block_group","name":"Block group 1, tract 008400","county":"Hennepin","state":"MN","countyFips":"27053","attributes":{"geoid":"270530084001","tract":"008400","blockGroup":"1","statYear":2025,"firstYear":2018,"lastYear":2025,"total2018":79,"total2019":107,"total2020":94,"total2021":99,"total2022":100,"total2023":98,"total2024":112,"total2025":69,"reportedTotal":69,"reportedTotalBand":"45–74","suppressed":false},"confidence":"confirmed","sourceDate":"2025"}},{"type":"Feature","geometry":{"type":"Polygon","coordinates":[[[-93.27031,44.94835],[-93.27029,44.94666],[-93.27026,44.94498],[-93.27027,44.94496],[-93.27024,44.94317],[-93.2702,44.94137],[-93.26894,44.94138],[-93.26825,44.94138],[-93.26765,44.94138],[-93.26759,44.94138],[-93.26639,44.94138],[-93.26643,44.94318],[-93.26646,44.94498],[-93.26646,44.945],[-93.26648,44.94668],[-93.2665,44.94835],[-93.2677,44.94835],[-93.26776,44.94835],[-93.26795,44.94835],[-93.26903,44.94835],[-93.27031,44.94835]]]},"properties":{"id":"crime-bg-270530084002","layer":"crime_block_group","name":"Block group 2, tract 008400","county":"Hennepin","state":"MN","countyFips":"27053","attributes":{"geoid":"270530084002","tract":"008400","blockGroup":"2","statYear":2025,"firstYear":2018,"lastYear":2025,"total2018":57,"total2019":60,"total2020":95,"total2021":78,"total2022":80,"total2023":99,"total2024":76,"total2025":68,"reportedTotal":68,"reportedTotalBand":"45–74","suppressed":false},"confidence":"confirmed","sourceDate":"2025"}},{"type":"Feature","geometry":{"type":"Polygon","coordinates":[[[-93.2525,44.94656],[-93.25249,44.94476],[-93.25247,44.94292],[-93.25246,44.94137],[-93.25246,44.94135],[-93.25243,44.93955],[-93.25118,44.93955],[-93.2499,44.93955],[-93.24991,44.94134],[-93.24993,44.94293],[-93.24995,44.94475],[-93.24995,44.94477],[-93.24995,44.94656],[-93.25123,44.94656],[-93.2525,44.94656]]]},"properties":{"id":"crime-bg-270530085001","layer":"crime_block_group","name":"Block group 1, tract 008500","county":"Hennepin","state":"MN","countyFips":"27053","attributes":{"geoid":"270530085001","tract":"008500","blockGroup":"1","statYear":2025,"firstYear":2018,"lastYear":2025,"total2018":54,"total2019":83,"total2020":77,"total2021":88,"total2022":82,"total2023":57,"total2024":92,"total2025":65,"reportedTotal":65,"reportedTotalBand":"45–74","suppressed":false},"confidence":"confirmed","sourceDate":"2025"}},{"type":"Feature","geometry":{"type":"Polygon","coordinates":[[[-93.2601,44.94655],[-93.26009,44.94499],[-93.26008,44.94498],[-93.26008,44.94474],[-93.26006,44.94318],[-93.26005,44.94214],[-93.26005,44.94136],[-93.26004,44.94052],[-93.26003,44.93955],[-93.25876,44.93954],[-93.2575,44.93954],[-93.25747,44.93955],[-93.25623,44.93955],[-93.25497,44.93955],[-93.25371,44.93955],[-93.25243,44.93955],[-93.25246,44.94135],[-93.25246,44.94137],[-93.25247,44.94292],[-93.25249,44.94476],[-93.2525,44.94656],[-93.25378,44.94656],[-93.25505,44.94656],[-93.25631,44.94656],[-93.25751,44.94656],[-93.25757,44.94655],[-93.25883,44.94655],[-93.2601,44.94655]]]},"properties":{"id":"crime-bg-270530085002","layer":"crime_block_group","name":"Block group 2, tract 008500","county":"Hennepin","state":"MN","countyFips":"27053","attributes":{"geoid":"270530085002","tract":"008500","blockGroup":"2","statYear":2025,"firstYear":2018,"lastYear":2025,"total2018":38,"total2019":56,"total2020":70,"total2021":59,"total2022":76,"total2023":50,"total2024":66,"total2025":65,"reportedTotal":65,"reportedTotalBand":"45–74","suppressed":false},"confidence":"confirmed","sourceDate":"2025"}},{"type":"Feature","geometry":{"type":"Polygon","coordinates":[[[-93.26266,44.94656],[-93.26264,44.94473],[-93.26261,44.94318],[-93.26257,44.94137],[-93.26255,44.93956],[-93.26128,44.93955],[-93.26003,44.93955],[-93.26004,44.94052],[-93.26005,44.94136],[-93.26005,44.94214],[-93.26006,44.94318],[-93.26008,44.94474],[-93.26008,44.94498],[-93.26009,44.94499],[-93.2601,44.94655],[-93.26137,44.94655],[-93.26198,44.94655],[-93.26266,44.94656]]]},"properties":{"id":"crime-bg-270530085003","layer":"crime_block_group","name":"Block group 3, tract 008500","county":"Hennepin","state":"MN","countyFips":"27053","attributes":{"geoid":"270530085003","tract":"008500","blockGroup":"3","statYear":2025,"firstYear":2018,"lastYear":2025,"total2018":33,"total2019":28,"total2020":58,"total2021":57,"total2022":47,"total2023":58,"total2024":53,"total2025":44,"reportedTotal":44,"reportedTotalBand":"25–44","suppressed":false},"confidence":"confirmed","sourceDate":"2025"}},{"type":"Feature","geometry":{"type":"Polygon","coordinates":[[[-93.26267,44.94836],[-93.26268,44.94834],[-93.26266,44.94668],[-93.26266,44.94656],[-93.26198,44.94655],[-93.26137,44.94655],[-93.2601,44.94655],[-93.25883,44.94655],[-93.25757,44.94655],[-93.25751,44.94656],[-93.25631,44.94656],[-93.25505,44.94656],[-93.25378,44.94656],[-93.2525,44.94656],[-93.25123,44.94656],[-93.24995,44.94656],[-93.24995,44.94835],[-93.24994,44.94837],[-93.25121,44.94837],[-93.2525,44.94836],[-93.25378,44.94836],[-93.25506,44.94836],[-93.25632,44.94836],[-93.25756,44.94836],[-93.25758,44.94836],[-93.25885,44.94836],[-93.26012,44.94836],[-93.26138,44.94836],[-93.26267,44.94836]]]},"properties":{"id":"crime-bg-270530085004","layer":"crime_block_group","name":"Block group 4, tract 008500","county":"Hennepin","state":"MN","countyFips":"27053","attributes":{"geoid":"270530085004","tract":"008500","blockGroup":"4","statYear":2025,"firstYear":2018,"lastYear":2025,"total2018":81,"total2019":121,"total2020":135,"total2021":133,"total2022":146,"total2023":137,"total2024":103,"total2025":104,"reportedTotal":104,"reportedTotalBand":"75–114","suppressed":false},"confidence":"confirmed","sourceDate":"2025"}},{"type":"Feature","geometry":{"type":"Polygon","coordinates":[[[-93.26765,44.94138],[-93.26762,44.93957],[-93.26759,44.93778],[-93.26634,44.93777],[-93.26507,44.93777],[-93.26379,44.93776],[-93.26253,44.93776],[-93.26255,44.93956],[-93.26257,44.94137],[-93.26384,44.94137],[-93.26386,44.94137],[-93.26512,44.94137],[-93.26639,44.94138],[-93.26759,44.94138],[-93.26765,44.94138]]]},"properties":{"id":"crime-bg-270530095001","layer":"crime_block_group","name":"Block group 1, tract 009500","county":"Hennepin","state":"MN","countyFips":"27053","attributes":{"geoid":"270530095001","tract":"009500","blockGroup":"1","statYear":2025,"firstYear":2018,"lastYear":2025,"total2018":35,"total2019":35,"total2020":75,"total2021":44,"total2022":55,"total2023":74,"total2024":61,"total2025":65,"reportedTotal":65,"reportedTotalBand":"45–74","suppressed":false},"confidence":"confirmed","sourceDate":"2025"}},{"type":"Feature","geometry":{"type":"Polygon","coordinates":[[[-93.26759,44.93778],[-93.26757,44.93595],[-93.26754,44.93416],[-93.26628,44.93416],[-93.26501,44.93415],[-93.26375,44.93415],[-93.26247,44.93415],[-93.26248,44.93417],[-93.2625,44.93563],[-93.2625,44.93595],[-93.26253,44.93776],[-93.26379,44.93776],[-93.26507,44.93777],[-93.26634,44.93777],[-93.26759,44.93778]]]},"properties":{"id":"crime-bg-270530095002","layer":"crime_block_group","name":"Block group 2, tract 009500","county":"Hennepin","state":"MN","countyFips":"27053","attributes":{"geoid":"270530095002","tract":"009500","blockGroup":"2","statYear":2025,"firstYear":2018,"lastYear":2025,"total2018":39,"total2019":58,"total2020":97,"total2021":76,"total2022":64,"total2023":65,"total2024":56,"total2025":43,"reportedTotal":43,"reportedTotalBand":"25–44","suppressed":false},"confidence":"confirmed","sourceDate":"2025"}},{"type":"Feature","geometry":{"type":"Polygon","coordinates":[[[-93.26755,44.92875],[-93.26755,44.92694],[-93.26753,44.92695],[-93.26631,44.92695],[-93.26628,44.92695],[-93.26504,44.92695],[-93.26501,44.92695],[-93.26376,44.92694],[-93.26251,44.92694],[-93.2625,44.92696],[-93.26249,44.92874],[-93.26249,44.93053],[-93.26247,44.93054],[-93.26247,44.93235],[-93.26247,44.93415],[-93.26375,44.93415],[-93.26501,44.93415],[-93.26628,44.93416],[-93.26754,44.93416],[-93.26754,44.93236],[-93.26755,44.93057],[-93.26754,44.93055],[-93.26755,44.92875]]]},"properties":{"id":"crime-bg-270530095003","layer":"crime_block_group","name":"Block group 3, tract 009500","county":"Hennepin","state":"MN","countyFips":"27053","attributes":{"geoid":"270530095003","tract":"009500","blockGroup":"3","statYear":2025,"firstYear":2018,"lastYear":2025,"total2018":28,"total2019":61,"total2020":74,"total2021":56,"total2022":53,"total2023":63,"total2024":66,"total2025":65,"reportedTotal":65,"reportedTotalBand":"45–74","suppressed":false},"confidence":"confirmed","sourceDate":"2025"}},{"type":"Feature","geometry":{"type":"Polygon","coordinates":[[[-93.26255,44.93956],[-93.26253,44.93776],[-93.26128,44.93776],[-93.26001,44.93776],[-93.25874,44.93775],[-93.25748,44.93775],[-93.25745,44.93775],[-93.25623,44.93775],[-93.25622,44.93773],[-93.2562,44.93594],[-93.25494,44.93594],[-93.25495,44.93775],[-93.25494,44.93777],[-93.25497,44.93955],[-93.25623,44.93955],[-93.25747,44.93955],[-93.2575,44.93954],[-93.25876,44.93954],[-93.26003,44.93955],[-93.26128,44.93955],[-93.26255,44.93956]]]},"properties":{"id":"crime-bg-270530096001","layer":"crime_block_group","name":"Block group 1, tract 009600","county":"Hennepin","state":"MN","countyFips":"27053","attributes":{"geoid":"270530096001","tract":"009600","blockGroup":"1","statYear":2025,"firstYear":2018,"lastYear":2025,"total2018":22,"total2019":35,"total2020":40,"total2021":39,"total2022":51,"total2023":37,"total2024":36,"total2025":42,"reportedTotal":42,"reportedTotalBand":"25–44","suppressed":false},"confidence":"confirmed","sourceDate":"2025"}},{"type":"Feature","geometry":{"type":"Polygon","coordinates":[[[-93.26253,44.93776],[-93.2625,44.93595],[-93.2625,44.93563],[-93.26248,44.93417],[-93.26247,44.93415],[-93.26124,44.93415],[-93.26122,44.93415],[-93.25997,44.93414],[-93.2587,44.93414],[-93.25744,44.93414],[-93.25738,44.93414],[-93.25618,44.93414],[-93.25493,44.93414],[-93.25494,44.93594],[-93.2562,44.93594],[-93.25622,44.93773],[-93.25623,44.93775],[-93.25745,44.93775],[-93.25748,44.93775],[-93.25874,44.93775],[-93.26001,44.93776],[-93.26128,44.93776],[-93.26253,44.93776]]]},"properties":{"id":"crime-bg-270530096002","layer":"crime_block_group","name":"Block group 2, tract 009600","county":"Hennepin","state":"MN","countyFips":"27053","attributes":{"geoid":"270530096002","tract":"009600","blockGroup":"2","statYear":2025,"firstYear":2018,"lastYear":2025,"total2018":28,"total2019":31,"total2020":39,"total2021":28,"total2022":35,"total2023":35,"total2024":48,"total2025":41,"reportedTotal":41,"reportedTotalBand":"25–44","suppressed":false},"confidence":"confirmed","sourceDate":"2025"}},{"type":"Feature","geometry":{"type":"Polygon","coordinates":[[[-93.26247,44.93415],[-93.26247,44.93235],[-93.26247,44.93054],[-93.26122,44.93054],[-93.25997,44.93054],[-93.2587,44.93054],[-93.25745,44.93054],[-93.25619,44.93053],[-93.25494,44.93053],[-93.25493,44.93233],[-93.25493,44.93414],[-93.25618,44.93414],[-93.25738,44.93414],[-93.25744,44.93414],[-93.2587,44.93414],[-93.25997,44.93414],[-93.26122,44.93415],[-93.26124,44.93415],[-93.26247,44.93415]]]},"properties":{"id":"crime-bg-270530096003","layer":"crime_block_group","name":"Block group 3, tract 009600","county":"Hennepin","state":"MN","countyFips":"27053","attributes":{"geoid":"270530096003","tract":"009600","blockGroup":"3","statYear":2025,"firstYear":2018,"lastYear":2025,"total2018":7,"total2019":35,"total2020":42,"total2021":27,"total2022":30,"total2023":40,"total2024":31,"total2025":36,"reportedTotal":36,"reportedTotalBand":"25–44","suppressed":false},"confidence":"confirmed","sourceDate":"2025"}},{"type":"Feature","geometry":{"type":"Polygon","coordinates":[[[-93.2625,44.92696],[-93.26251,44.92694],[-93.26123,44.92694],[-93.25998,44.92694],[-93.25871,44.92694],[-93.25746,44.92694],[-93.25744,44.92693],[-93.25619,44.92693],[-93.25493,44.92694],[-93.25494,44.92873],[-93.25494,44.93051],[-93.25494,44.93053],[-93.25619,44.93053],[-93.25745,44.93054],[-93.2587,44.93054],[-93.25997,44.93054],[-93.26122,44.93054],[-93.26247,44.93054],[-93.26249,44.93053],[-93.26249,44.92874],[-93.2625,44.92696]]]},"properties":{"id":"crime-bg-270530096004","layer":"crime_block_group","name":"Block group 4, tract 009600","county":"Hennepin","state":"MN","countyFips":"27053","attributes":{"geoid":"270530096004","tract":"009600","blockGroup":"4","statYear":2025,"firstYear":2018,"lastYear":2025,"total2018":10,"total2019":18,"total2020":29,"total2021":26,"total2022":24,"total2023":27,"total2024":31,"total2025":21,"reportedTotal":21,"reportedTotalBand":"0–24","suppressed":false},"confidence":"confirmed","sourceDate":"2025"}},{"type":"Feature","geometry":{"type":"Polygon","coordinates":[[[-93.30875,44.91544],[-93.30872,44.91418],[-93.30869,44.91238],[-93.3087,44.91237],[-93.30868,44.91236],[-93.30743,44.91236],[-93.30613,44.91235],[-93.30486,44.91235],[-93.30358,44.91235],[-93.30228,44.91235],[-93.30103,44.91234],[-93.29847,44.91233],[-93.29811,44.91233],[-93.29798,44.91233],[-93.29797,44.91415],[-93.29797,44.91511],[-93.298,44.91529],[-93.29805,44.91547],[-93.29814,44.91564],[-93.29826,44.9158],[-93.2984,44.91596],[-93.29842,44.91596],[-93.29849,44.916],[-93.29873,44.91614],[-93.29907,44.9163],[-93.29943,44.91645],[-93.29954,44.91651],[-93.29965,44.91659],[-93.29974,44.91668],[-93.30005,44.91701],[-93.3002,44.91691],[-93.30047,44.91675],[-93.30158,44.9162],[-93.30231,44.91586],[-93.30257,44.91576],[-93.30286,44.91567],[-93.30316,44.9156],[-93.30347,44.91555],[-93.30378,44.91552],[-93.30396,44.9155],[-93.30414,44.91548],[-93.30475,44.91535],[-93.3051,44.91528],[-93.30537,44.91525],[-93.30566,44.91523],[-93.30595,44.91524],[-93.30622,44.91526],[-93.30679,44.91529],[-93.30743,44.91533],[-93.30804,44.91539],[-93.3084,44.91541],[-93.30875,44.91544]]]},"properties":{"id":"crime-bg-270530106001","layer":"crime_block_group","name":"Block group 1, tract 010600","county":"Hennepin","state":"MN","countyFips":"27053","attributes":{"geoid":"270530106001","tract":"010600","blockGroup":"1","statYear":2025,"firstYear":2018,"lastYear":2025,"total2018":19,"total2019":10,"total2020":11,"total2021":7,"total2022":18,"total2023":13,"total2024":14,"total2025":17,"reportedTotal":17,"reportedTotalBand":"0–24","suppressed":false},"confidence":"confirmed","sourceDate":"2025"}},{"type":"Feature","geometry":{"type":"Polygon","coordinates":[[[-93.31887,44.9179],[-93.31887,44.91608],[-93.31886,44.91427],[-93.31885,44.91245],[-93.31757,44.91244],[-93.3163,44.91243],[-93.31503,44.91242],[-93.31377,44.9124],[-93.3125,44.9124],[-93.31123,44.91239],[-93.30996,44.91237],[-93.30882,44.91237],[-93.3087,44.91237],[-93.30869,44.91238],[-93.30872,44.91418],[-93.30875,44.91544],[-93.31002,44.9157],[-93.31043,44.91578],[-93.31057,44.91581],[-93.3107,44.91587],[-93.31129,44.9162],[-93.31211,44.91664],[-93.31307,44.91725],[-93.31326,44.91739],[-93.3135,44.9176],[-93.31368,44.91779],[-93.31384,44.91799],[-93.315,44.91789],[-93.31506,44.91789],[-93.31633,44.91789],[-93.3176,44.9179],[-93.31881,44.9179],[-93.31887,44.9179]]]},"properties":{"id":"crime-bg-270530106002","layer":"crime_block_group","name":"Block group 2, tract 010600","county":"Hennepin","state":"MN","countyFips":"27053","attributes":{"geoid":"270530106002","tract":"010600","blockGroup":"2","statYear":2025,"firstYear":2018,"lastYear":2025,"total2018":16,"total2019":17,"total2020":19,"total2021":22,"total2022":18,"total2023":16,"total2024":16,"total2025":17,"reportedTotal":17,"reportedTotalBand":"0–24","suppressed":false},"confidence":"confirmed","sourceDate":"2025"}},{"type":"Feature","geometry":{"type":"Polygon","coordinates":[[[-93.3189,44.92334],[-93.31891,44.92332],[-93.3189,44.92153],[-93.31889,44.91974],[-93.31888,44.91972],[-93.31887,44.9179],[-93.31881,44.9179],[-93.3176,44.9179],[-93.31633,44.91789],[-93.31506,44.91789],[-93.315,44.91789],[-93.31384,44.91799],[-93.31399,44.91821],[-93.3141,44.91844],[-93.31419,44.91868],[-93.31421,44.91879],[-93.31419,44.9189],[-93.31414,44.91901],[-93.31405,44.91917],[-93.31393,44.91933],[-93.31379,44.91948],[-93.31371,44.91958],[-93.31365,44.91969],[-93.31364,44.91972],[-93.31361,44.9198],[-93.31351,44.92019],[-93.31338,44.92056],[-93.31322,44.92094],[-93.31309,44.92115],[-93.31302,44.92124],[-93.31293,44.92135],[-93.31275,44.92152],[-93.31274,44.92153],[-93.31262,44.92164],[-93.31253,44.92175],[-93.31245,44.92188],[-93.31226,44.92224],[-93.31217,44.92237],[-93.31205,44.92253],[-93.31165,44.92302],[-93.3119,44.9231],[-93.31216,44.92315],[-93.31244,44.92319],[-93.31271,44.92321],[-93.31309,44.9232],[-93.31345,44.92321],[-93.31358,44.92322],[-93.31382,44.92324],[-93.31428,44.92329],[-93.31467,44.92337],[-93.31507,44.92346],[-93.31509,44.92339],[-93.31509,44.92332],[-93.31637,44.92333],[-93.31763,44.92333],[-93.3189,44.92334]]]},"properties":{"id":"crime-bg-270530106003","layer":"crime_block_group","name":"Block group 3, tract 010600","county":"Hennepin","state":"MN","countyFips":"27053","attributes":{"geoid":"270530106003","tract":"010600","blockGroup":"3","statYear":2025,"firstYear":2018,"lastYear":2025,"total2018":6,"total2019":8,"total2020":9,"total2021":11,"total2022":12,"total2023":12,"total2024":7,"total2025":10,"reportedTotal":10,"reportedTotalBand":"0–24","suppressed":false},"confidence":"confirmed","sourceDate":"2025"}},{"type":"Feature","geometry":{"type":"Polygon","coordinates":[[[-93.29085,44.92138],[-93.29086,44.91957],[-93.28958,44.91957],[-93.28832,44.91957],[-93.28832,44.92138],[-93.28832,44.92318],[-93.2883,44.925],[-93.28828,44.92681],[-93.28831,44.9268],[-93.28955,44.9268],[-93.29082,44.9268],[-93.29083,44.925],[-93.29085,44.92319],[-93.29085,44.92138]]]},"properties":{"id":"crime-bg-270530107001","layer":"crime_block_group","name":"Block group 1, tract 010700","county":"Hennepin","state":"MN","countyFips":"27053","attributes":{"geoid":"270530107001","tract":"010700","blockGroup":"1","statYear":2025,"firstYear":2018,"lastYear":2025,"total2018":9,"total2019":12,"total2020":24,"total2021":15,"total2022":27,"total2023":34,"total2024":23,"total2025":23,"reportedTotal":23,"reportedTotalBand":"0–24","suppressed":false},"confidence":"confirmed","sourceDate":"2025"}},{"type":"Feature","geometry":{"type":"Polygon","coordinates":[[[-93.29981,44.91718],[-93.30005,44.91701],[-93.29974,44.91668],[-93.29965,44.91659],[-93.29954,44.91651],[-93.29943,44.91645],[-93.29907,44.9163],[-93.29873,44.91614],[-93.29849,44.916],[-93.29842,44.91596],[-93.2984,44.91596],[-93.29721,44.91595],[-93.29594,44.91595],[-93.29469,44.91595],[-93.29466,44.91595],[-93.29339,44.91594],[-93.29214,44.91594],[-93.29211,44.91594],[-93.29088,44.91594],[-93.29085,44.91594],[-93.28958,44.91594],[-93.28829,44.91594],[-93.2883,44.91596],[-93.28831,44.91775],[-93.28832,44.91957],[-93.28958,44.91957],[-93.29086,44.91957],[-93.29213,44.91957],[-93.2934,44.91957],[-93.29466,44.91957],[-93.29595,44.91957],[-93.29719,44.91957],[-93.29798,44.91957],[-93.29829,44.91904],[-93.29829,44.91902],[-93.29839,44.91888],[-93.2985,44.91874],[-93.29908,44.91799],[-93.2994,44.91758],[-93.29959,44.91738],[-93.29981,44.91718]]]},"properties":{"id":"crime-bg-270530107002","layer":"crime_block_group","name":"Block group 2, tract 010700","county":"Hennepin","state":"MN","countyFips":"27053","attributes":{"geoid":"270530107002","tract":"010700","blockGroup":"2","statYear":2025,"firstYear":2018,"lastYear":2025,"total2018":14,"total2019":18,"total2020":14,"total2021":14,"total2022":15,"total2023":18,"total2024":30,"total2025":18,"reportedTotal":18,"reportedTotalBand":"0–24","suppressed":false},"confidence":"confirmed","sourceDate":"2025"}},{"type":"Feature","geometry":{"type":"Polygon","coordinates":[[[-93.29797,44.9196],[-93.29798,44.91957],[-93.29719,44.91957],[-93.29595,44.91957],[-93.29466,44.91957],[-93.2934,44.91957],[-93.29213,44.91957],[-93.29086,44.91957],[-93.29085,44.92138],[-93.29085,44.92319],[-93.29083,44.925],[-93.29082,44.9268],[-93.29208,44.92681],[-93.29336,44.92682],[-93.29337,44.92677],[-93.29487,44.92678],[-93.29558,44.92679],[-93.29573,44.92675],[-93.29588,44.92669],[-93.296,44.92662],[-93.2961,44.92652],[-93.29618,44.92642],[-93.29623,44.92631],[-93.29659,44.92492],[-93.29656,44.92481],[-93.29651,44.92471],[-93.2964,44.92451],[-93.29633,44.92431],[-93.29629,44.9241],[-93.29627,44.92389],[-93.29629,44.92366],[-93.29633,44.92343],[-93.29639,44.9232],[-93.29663,44.92252],[-93.29678,44.92204],[-93.29695,44.92158],[-93.29716,44.92112],[-93.2974,44.92068],[-93.29797,44.9196]]]},"properties":{"id":"crime-bg-270530107003","layer":"crime_block_group","name":"Block group 3, tract 010700","county":"Hennepin","state":"MN","countyFips":"27053","attributes":{"geoid":"270530107003","tract":"010700","blockGroup":"3","statYear":2025,"firstYear":2018,"lastYear":2025,"total2018":13,"total2019":20,"total2020":29,"total2021":14,"total2022":29,"total2023":35,"total2024":37,"total2025":17,"reportedTotal":17,"reportedTotalBand":"0–24","suppressed":false},"confidence":"confirmed","sourceDate":"2025"}},{"type":"Feature","geometry":{"type":"Polygon","coordinates":[[[-93.25239,44.92151],[-93.2524,44.91971],[-93.25111,44.91971],[-93.24985,44.91971],[-93.24858,44.91971],[-93.24735,44.91972],[-93.24727,44.91972],[-93.24729,44.92152],[-93.24731,44.92332],[-93.24732,44.92513],[-93.24732,44.92515],[-93.24732,44.92694],[-93.24857,44.92694],[-93.24985,44.92694],[-93.25111,44.92694],[-93.25238,44.92694],[-93.25238,44.92514],[-93.25239,44.92332],[-93.25239,44.92151]]]},"properties":{"id":"crime-bg-270530110001","layer":"crime_block_group","name":"Block group 1, tract 011000","county":"Hennepin","state":"MN","countyFips":"27053","attributes":{"geoid":"270530110001","tract":"011000","blockGroup":"1","statYear":2025,"firstYear":2018,"lastYear":2025,"total2018":28,"total2019":37,"total2020":53,"total2021":31,"total2022":43,"total2023":43,"total2024":31,"total2025":27,"reportedTotal":27,"reportedTotalBand":"25–44","suppressed":false},"confidence":"confirmed","sourceDate":"2025"}},{"type":"Feature","geometry":{"type":"Polygon","coordinates":[[[-93.2562,44.92514],[-93.2562,44.92332],[-93.25494,44.92332],[-93.25495,44.92151],[-93.25496,44.91971],[-93.25367,44.91971],[-93.2524,44.91971],[-93.25239,44.92151],[-93.25239,44.92332],[-93.25238,44.92514],[-93.25238,44.92694],[-93.25365,44.92694],[-93.25493,44.92694],[-93.25619,44.92693],[-93.25619,44.92692],[-93.2562,44.92514]]]},"properties":{"id":"crime-bg-270530110002","layer":"crime_block_group","name":"Block group 2, tract 011000","county":"Hennepin","state":"MN","countyFips":"27053","attributes":{"geoid":"270530110002","tract":"011000","blockGroup":"2","statYear":2025,"firstYear":2018,"lastYear":2025,"total2018":13,"total2019":23,"total2020":21,"total2021":15,"total2022":27,"total2023":34,"total2024":24,"total2025":24,"reportedTotal":24,"reportedTotalBand":"0–24","suppressed":false},"confidence":"confirmed","sourceDate":"2025"}},{"type":"Feature","geometry":{"type":"Polygon","coordinates":[[[-93.26257,44.92153],[-93.26261,44.91972],[-93.25749,44.9197],[-93.25621,44.91971],[-93.25496,44.91971],[-93.25495,44.92151],[-93.25494,44.92332],[-93.2562,44.92332],[-93.2562,44.92514],[-93.25619,44.92692],[-93.25619,44.92693],[-93.25744,44.92693],[-93.25746,44.92694],[-93.25871,44.92694],[-93.25998,44.92694],[-93.26123,44.92694],[-93.26251,44.92694],[-93.26254,44.92514],[-93.26256,44.92332],[-93.26254,44.92332],[-93.26257,44.92153]]]},"properties":{"id":"crime-bg-270530110003","layer":"crime_block_group","name":"Block group 3, tract 011000","county":"Hennepin","state":"MN","countyFips":"27053","attributes":{"geoid":"270530110003","tract":"011000","blockGroup":"3","statYear":2025,"firstYear":2018,"lastYear":2025,"total2018":21,"total2019":43,"total2020":63,"total2021":38,"total2022":110,"total2023":81,"total2024":61,"total2025":86,"reportedTotal":86,"reportedTotalBand":"75–114","suppressed":false},"confidence":"confirmed","sourceDate":"2025"}},{"type":"Feature","geometry":{"type":"Polygon","coordinates":[[[-93.26262,44.91791],[-93.26264,44.91611],[-93.26136,44.91611],[-93.26006,44.91611],[-93.2588,44.9161],[-93.25752,44.9161],[-93.25624,44.9161],[-93.25505,44.9161],[-93.25496,44.9161],[-93.25487,44.9161],[-93.2537,44.9161],[-93.25237,44.91609],[-93.25111,44.91609],[-93.25108,44.91609],[-93.25113,44.91551],[-93.25075,44.91568],[-93.25051,44.91577],[-93.2503,44.91583],[-93.24985,44.91594],[-93.24944,44.91601],[-93.24916,44.91605],[-93.24888,44.91607],[-93.24859,44.91608],[-93.24811,44.91607],[-93.24769,44.91607],[-93.24731,44.91606],[-93.24727,44.91605],[-93.24727,44.91626],[-93.24727,44.91791],[-93.24727,44.91972],[-93.24735,44.91972],[-93.24858,44.91971],[-93.24985,44.91971],[-93.25111,44.91971],[-93.2524,44.91971],[-93.25367,44.91971],[-93.25496,44.91971],[-93.25621,44.91971],[-93.25749,44.9197],[-93.26261,44.91972],[-93.2626,44.9197],[-93.26262,44.91791]]]},"properties":{"id":"crime-bg-270530110004","layer":"crime_block_group","name":"Block group 4, tract 011000","county":"Hennepin","state":"MN","countyFips":"27053","attributes":{"geoid":"270530110004","tract":"011000","blockGroup":"4","statYear":2025,"firstYear":2018,"lastYear":2025,"total2018":49,"total2019":60,"total2020":67,"total2021":55,"total2022":64,"total2023":66,"total2024":58,"total2025":54,"reportedTotal":54,"reportedTotalBand":"45–74","suppressed":false},"confidence":"confirmed","sourceDate":"2025"}},{"type":"Feature","geometry":{"type":"Polygon","coordinates":[[[-93.25376,44.90526],[-93.2545,44.90526],[-93.25326,44.90363],[-93.25253,44.90267],[-93.25182,44.90214],[-93.25121,44.90167],[-93.25101,44.90159],[-93.25098,44.90159],[-93.24941,44.90092],[-93.2493,44.90087],[-93.24927,44.90086],[-93.24751,44.90091],[-93.2475,44.90143],[-93.24744,44.90429],[-93.24742,44.90523],[-93.24739,44.90648],[-93.24734,44.90886],[-93.24732,44.91066],[-93.24861,44.91066],[-93.24989,44.91066],[-93.25116,44.91066],[-93.25243,44.91067],[-93.25371,44.91067],[-93.25372,44.90887],[-93.25374,44.90706],[-93.25376,44.90526]]]},"properties":{"id":"crime-bg-270530117031","layer":"crime_block_group","name":"Block group 1, tract 011703","county":"Hennepin","state":"MN","countyFips":"27053","attributes":{"geoid":"270530117031","tract":"011703","blockGroup":"1","statYear":2025,"firstYear":2018,"lastYear":2025,"total2018":16,"total2019":15,"total2020":18,"total2021":14,"total2022":15,"total2023":28,"total2024":15,"total2025":17,"reportedTotal":17,"reportedTotalBand":"0–24","suppressed":false},"confidence":"confirmed","sourceDate":"2025"}},{"type":"Feature","geometry":{"type":"Polygon","coordinates":[[[-93.25757,44.90527],[-93.25763,44.90344],[-93.25757,44.90344],[-93.25637,44.90344],[-93.25509,44.90343],[-93.25384,44.90343],[-93.25326,44.90363],[-93.2545,44.90526],[-93.25376,44.90526],[-93.25374,44.90706],[-93.25372,44.90887],[-93.25371,44.91067],[-93.25498,44.91067],[-93.25626,44.91067],[-93.25754,44.91067],[-93.25754,44.90888],[-93.25756,44.90707],[-93.25757,44.90527]]]},"properties":{"id":"crime-bg-270530117032","layer":"crime_block_group","name":"Block group 2, tract 011703","county":"Hennepin","state":"MN","countyFips":"27053","attributes":{"geoid":"270530117032","tract":"011703","blockGroup":"2","statYear":2025,"firstYear":2018,"lastYear":2025,"total2018":14,"total2019":7,"total2020":17,"total2021":6,"total2022":16,"total2023":21,"total2024":24,"total2025":20,"reportedTotal":20,"reportedTotalBand":"0–24","suppressed":false},"confidence":"confirmed","sourceDate":"2025"}},{"type":"Feature","geometry":{"type":"Polygon","coordinates":[[[-93.26262,44.90524],[-93.26266,44.90341],[-93.2614,44.90342],[-93.26014,44.90343],[-93.25888,44.90343],[-93.25763,44.90344],[-93.25757,44.90527],[-93.25756,44.90707],[-93.25754,44.90888],[-93.25754,44.91067],[-93.25881,44.91066],[-93.26007,44.91066],[-93.26009,44.91066],[-93.26075,44.91067],[-93.26138,44.91067],[-93.26264,44.91068],[-93.26264,44.90887],[-93.26263,44.90705],[-93.26262,44.90524]]]},"properties":{"id":"crime-bg-270530117033","layer":"crime_block_group","name":"Block group 3, tract 011703","county":"Hennepin","state":"MN","countyFips":"27053","attributes":{"geoid":"270530117033","tract":"011703","blockGroup":"3","statYear":2025,"firstYear":2018,"lastYear":2025,"total2018":11,"total2019":20,"total2020":20,"total2021":11,"total2022":18,"total2023":22,"total2024":22,"total2025":22,"reportedTotal":22,"reportedTotalBand":"0–24","suppressed":false},"confidence":"confirmed","sourceDate":"2025"}},{"type":"Feature","geometry":{"type":"Polygon","coordinates":[[[-93.26264,44.91096],[-93.26264,44.91068],[-93.26138,44.91067],[-93.26075,44.91067],[-93.26009,44.91066],[-93.26007,44.91066],[-93.25881,44.91066],[-93.25754,44.91067],[-93.25626,44.91067],[-93.25498,44.91067],[-93.25371,44.91067],[-93.25243,44.91067],[-93.25116,44.91066],[-93.24989,44.91066],[-93.24861,44.91066],[-93.24732,44.91066],[-93.24731,44.91246],[-93.2473,44.91429],[-93.24728,44.91498],[-93.24731,44.91508],[-93.24742,44.91506],[-93.24762,44.91503],[-93.2478,44.91502],[-93.24795,44.91501],[-93.24823,44.91501],[-93.24843,44.91502],[-93.2486,44.91506],[-93.24891,44.91514],[-93.24906,44.91517],[-93.24926,44.9152],[-93.24944,44.91521],[-93.24959,44.91521],[-93.24973,44.91519],[-93.24988,44.91516],[-93.25025,44.91508],[-93.25052,44.91508],[-93.25067,44.91507],[-93.25088,44.91502],[-93.251,44.91498],[-93.25114,44.9149],[-93.25126,44.91484],[-93.25136,44.91478],[-93.25152,44.91464],[-93.25173,44.91443],[-93.25188,44.91431],[-93.25201,44.91423],[-93.25219,44.91413],[-93.25242,44.91402],[-93.25261,44.91392],[-93.25274,44.91381],[-93.25281,44.91374],[-93.25296,44.91355],[-93.25305,44.9134],[-93.25331,44.91333],[-93.25346,44.91321],[-93.25363,44.91316],[-93.25378,44.91315],[-93.25406,44.91315],[-93.25422,44.91311],[-93.25451,44.913],[-93.25464,44.91297],[-93.25479,44.91297],[-93.25494,44.91303],[-93.25518,44.91317],[-93.25539,44.91331],[-93.25553,44.91334],[-93.25566,44.91334],[-93.25578,44.91332],[-93.25598,44.91329],[-93.25615,44.91325],[-93.2563,44.91322],[-93.25643,44.91317],[-93.25661,44.9131],[-93.2568,44.91301],[-93.2573,44.91276],[-93.25753,44.91264],[-93.25806,44.91237],[-93.25819,44.91231],[-93.25849,44.9122],[-93.25862,44.91219],[-93.25877,44.91227],[-93.25898,44.91239],[-93.25914,44.91241],[-93.2593,44.91238],[-93.25942,44.91233],[-93.25955,44.91228],[-93.25967,44.91221],[-93.25978,44.91213],[-93.25993,44.91199],[-93.26011,44.91186],[-93.26024,44.91174],[-93.26039,44.91155],[-93.26052,44.91145],[-93.2607,44.91139],[-93.2611,44.91132],[-93.2613,44.91131],[-93.26181,44.9113],[-93.26201,44.91128],[-93.26221,44.91126],[-93.26251,44.91122],[-93.26264,44.91119],[-93.26264,44.91096]]]},"properties":{"id":"crime-bg-270530117034","layer":"crime_block_group","name":"Block group 4, tract 011703","county":"Hennepin","state":"MN","countyFips":"27053","attributes":{"geoid":"270530117034","tract":"011703","blockGroup":"4","statYear":2025,"firstYear":2018,"lastYear":2025,"total2018":9,"total2019":19,"total2020":27,"total2021":11,"total2022":18,"total2023":21,"total2024":20,"total2025":20,"reportedTotal":20,"reportedTotalBand":"0–24","suppressed":false},"confidence":"confirmed","sourceDate":"2025"}},{"type":"Feature","geometry":{"type":"Polygon","coordinates":[[[-93.26264,44.9143],[-93.26264,44.91248],[-93.26264,44.91139],[-93.26264,44.91119],[-93.26251,44.91122],[-93.26221,44.91126],[-93.26201,44.91128],[-93.26181,44.9113],[-93.2613,44.91131],[-93.2611,44.91132],[-93.2607,44.91139],[-93.26052,44.91145],[-93.26039,44.91155],[-93.26024,44.91174],[-93.26011,44.91186],[-93.25993,44.91199],[-93.25978,44.91213],[-93.25967,44.91221],[-93.25955,44.91228],[-93.25942,44.91233],[-93.2593,44.91238],[-93.25914,44.91241],[-93.25898,44.91239],[-93.25877,44.91227],[-93.25862,44.91219],[-93.25849,44.9122],[-93.25819,44.91231],[-93.25806,44.91237],[-93.25753,44.91264],[-93.2573,44.91276],[-93.2568,44.91301],[-93.25661,44.9131],[-93.25643,44.91317],[-93.2563,44.91322],[-93.25615,44.91325],[-93.25598,44.91329],[-93.25578,44.91332],[-93.25566,44.91334],[-93.25553,44.91334],[-93.25539,44.91331],[-93.25518,44.91317],[-93.25494,44.91303],[-93.25479,44.91297],[-93.25464,44.91297],[-93.25451,44.913],[-93.25422,44.91311],[-93.25406,44.91315],[-93.25378,44.91315],[-93.25363,44.91316],[-93.25346,44.91321],[-93.25331,44.91333],[-93.25305,44.9134],[-93.25296,44.91355],[-93.25281,44.91374],[-93.25274,44.91381],[-93.25261,44.91392],[-93.25242,44.91402],[-93.25219,44.91413],[-93.25201,44.91423],[-93.25188,44.91431],[-93.25173,44.91443],[-93.25152,44.91464],[-93.25136,44.91478],[-93.25126,44.91484],[-93.25114,44.9149],[-93.251,44.91498],[-93.25088,44.91502],[-93.25067,44.91507],[-93.25052,44.91508],[-93.25025,44.91508],[-93.24988,44.91516],[-93.24973,44.91519],[-93.24959,44.91521],[-93.24944,44.91521],[-93.24926,44.9152],[-93.24906,44.91517],[-93.24891,44.91514],[-93.2486,44.91506],[-93.24843,44.91502],[-93.24823,44.91501],[-93.24795,44.91501],[-93.2478,44.91502],[-93.24762,44.91503],[-93.24742,44.91506],[-93.24731,44.91508],[-93.24731,44.91606],[-93.24769,44.91607],[-93.24811,44.91607],[-93.24859,44.91608],[-93.24888,44.91607],[-93.24916,44.91605],[-93.24944,44.91601],[-93.24985,44.91594],[-93.2503,44.91583],[-93.25051,44.91577],[-93.25075,44.91568],[-93.25113,44.91551],[-93.25108,44.91609],[-93.25111,44.91609],[-93.25237,44.91609],[-93.2537,44.9161],[-93.25487,44.9161],[-93.25496,44.9161],[-93.25505,44.9161],[-93.25624,44.9161],[-93.25752,44.9161],[-93.2588,44.9161],[-93.26006,44.91611],[-93.26136,44.91611],[-93.26264,44.91611],[-93.26264,44.9143]]]},"properties":{"id":"crime-bg-270530117035","layer":"crime_block_group","name":"Block group 5, tract 011703","county":"Hennepin","state":"MN","countyFips":"27053","attributes":{"geoid":"270530117035","tract":"011703","blockGroup":"5","statYear":2025,"firstYear":2018,"lastYear":2025,"total2018":21,"total2019":19,"total2020":41,"total2021":18,"total2022":23,"total2023":34,"total2024":28,"total2025":37,"reportedTotal":37,"reportedTotalBand":"25–44","suppressed":false},"confidence":"confirmed","sourceDate":"2025"}},{"type":"Feature","geometry":{"type":"Polygon","coordinates":[[[-93.25776,44.89977],[-93.25782,44.89793],[-93.25716,44.89793],[-93.25653,44.89793],[-93.25525,44.89793],[-93.25464,44.89793],[-93.25396,44.89793],[-93.25268,44.89793],[-93.25142,44.89794],[-93.24831,44.89795],[-93.24832,44.89765],[-93.24775,44.89764],[-93.2476,44.89764],[-93.24736,44.89764],[-93.24716,44.89764],[-93.24715,44.89795],[-93.24715,44.89808],[-93.24714,44.89826],[-93.24712,44.89938],[-93.24714,44.89965],[-93.24717,44.89994],[-93.24719,44.90002],[-93.24724,44.90019],[-93.24737,44.90059],[-93.24751,44.90091],[-93.24927,44.90086],[-93.2493,44.90087],[-93.24941,44.90092],[-93.25098,44.90159],[-93.25101,44.90159],[-93.25121,44.90167],[-93.25182,44.90214],[-93.25253,44.90267],[-93.25326,44.90363],[-93.25384,44.90343],[-93.25509,44.90343],[-93.25637,44.90344],[-93.25757,44.90344],[-93.25763,44.90344],[-93.25769,44.90161],[-93.2577,44.9016],[-93.25776,44.89977]]]},"properties":{"id":"crime-bg-270530117041","layer":"crime_block_group","name":"Block group 1, tract 011704","county":"Hennepin","state":"MN","countyFips":"27053","attributes":{"geoid":"270530117041","tract":"011704","blockGroup":"1","statYear":2025,"firstYear":2018,"lastYear":2025,"total2018":22,"total2019":28,"total2020":25,"total2021":17,"total2022":20,"total2023":22,"total2024":12,"total2025":24,"reportedTotal":24,"reportedTotalBand":"0–24","suppressed":false},"confidence":"confirmed","sourceDate":"2025"}},{"type":"Feature","geometry":{"type":"Polygon","coordinates":[[[-93.26276,44.89878],[-93.26278,44.89793],[-93.26153,44.89793],[-93.26029,44.89793],[-93.25904,44.89793],[-93.25782,44.89793],[-93.25776,44.89977],[-93.2577,44.9016],[-93.25769,44.90161],[-93.25763,44.90344],[-93.25888,44.90343],[-93.26014,44.90343],[-93.2614,44.90342],[-93.26266,44.90341],[-93.26271,44.90159],[-93.2627,44.90157],[-93.26274,44.89976],[-93.26276,44.89878]]]},"properties":{"id":"crime-bg-270530117042","layer":"crime_block_group","name":"Block group 2, tract 011704","county":"Hennepin","state":"MN","countyFips":"27053","attributes":{"geoid":"270530117042","tract":"011704","blockGroup":"2","statYear":2025,"firstYear":2018,"lastYear":2025,"total2018":24,"total2019":24,"total2020":35,"total2021":29,"total2022":26,"total2023":34,"total2024":25,"total2025":27,"reportedTotal":27,"reportedTotalBand":"25–44","suppressed":false},"confidence":"confirmed","sourceDate":"2025"}},{"type":"Feature","geometry":{"type":"Polygon","coordinates":[[[-93.26337,44.89252],[-93.26336,44.89231],[-93.26331,44.89212],[-93.26324,44.89193],[-93.26312,44.89174],[-93.26298,44.89157],[-93.2628,44.89141],[-93.2626,44.89127],[-93.26238,44.89115],[-93.26214,44.89104],[-93.26189,44.89096],[-93.26168,44.8909],[-93.26169,44.89062],[-93.26169,44.89052],[-93.25924,44.89044],[-93.2588,44.89045],[-93.25836,44.89048],[-93.25794,44.89054],[-93.25755,44.89061],[-93.25717,44.89071],[-93.25676,44.89071],[-93.25552,44.89072],[-93.25546,44.89071],[-93.25418,44.89071],[-93.25412,44.89071],[-93.25296,44.89071],[-93.2529,44.89072],[-93.25289,44.89094],[-93.25284,44.89244],[-93.25285,44.89248],[-93.25289,44.89251],[-93.25295,44.89252],[-93.25359,44.89252],[-93.2541,44.89256],[-93.25413,44.89272],[-93.2541,44.89287],[-93.25409,44.89324],[-93.25407,44.89425],[-93.25407,44.89434],[-93.25411,44.89442],[-93.25416,44.8945],[-93.25465,44.89433],[-93.25461,44.89542],[-93.25529,44.89544],[-93.25525,44.89701],[-93.25465,44.89701],[-93.25464,44.89793],[-93.25525,44.89793],[-93.25653,44.89793],[-93.25716,44.89793],[-93.25782,44.89793],[-93.25904,44.89793],[-93.26029,44.89793],[-93.26153,44.89793],[-93.26278,44.89793],[-93.26282,44.8961],[-93.26286,44.89431],[-93.26285,44.8943],[-93.26288,44.89252],[-93.26337,44.89252]]]},"properties":{"id":"crime-bg-270530117043","layer":"crime_block_group","name":"Block group 3, tract 011704","county":"Hennepin","state":"MN","countyFips":"27053","attributes":{"geoid":"270530117043","tract":"011704","blockGroup":"3","statYear":2025,"firstYear":2018,"lastYear":2025,"total2018":18,"total2019":37,"total2020":30,"total2021":27,"total2022":27,"total2023":29,"total2024":25,"total2025":21,"reportedTotal":21,"reportedTotalBand":"0–24","suppressed":false},"confidence":"confirmed","sourceDate":"2025"}},{"type":"Feature","geometry":{"type":"Polygon","coordinates":[[[-93.23221,44.91642],[-93.23222,44.91605],[-93.23215,44.91438],[-93.23217,44.91256],[-93.23091,44.91257],[-93.22964,44.91258],[-93.22839,44.91259],[-93.22714,44.9126],[-93.2257,44.91261],[-93.22427,44.91261],[-93.22284,44.91261],[-93.22284,44.91439],[-93.22283,44.916],[-93.22283,44.9162],[-93.22285,44.9164],[-93.22421,44.91641],[-93.22566,44.91642],[-93.22706,44.91643],[-93.22706,44.9164],[-93.22835,44.91639],[-93.22966,44.91641],[-93.23094,44.91641],[-93.23221,44.91642]]]},"properties":{"id":"crime-bg-270530118001","layer":"crime_block_group","name":"Block group 1, tract 011800","county":"Hennepin","state":"MN","countyFips":"27053","attributes":{"geoid":"270530118001","tract":"011800","blockGroup":"1","statYear":2025,"firstYear":2018,"lastYear":2025,"total2018":9,"total2019":11,"total2020":16,"total2021":16,"total2022":31,"total2023":15,"total2024":22,"total2025":24,"reportedTotal":24,"reportedTotalBand":"0–24","suppressed":false},"confidence":"confirmed","sourceDate":"2025"}},{"type":"Feature","geometry":{"type":"Polygon","coordinates":[[[-93.23219,44.91078],[-93.23221,44.90896],[-93.23095,44.90897],[-93.22967,44.90897],[-93.22843,44.90899],[-93.22716,44.90899],[-93.22714,44.90899],[-93.22573,44.90899],[-93.2243,44.90899],[-93.22286,44.90899],[-93.22287,44.90901],[-93.22286,44.9099],[-93.22285,44.91081],[-93.22285,44.9117],[-93.22284,44.91261],[-93.22427,44.91261],[-93.2257,44.91261],[-93.22714,44.9126],[-93.22839,44.91259],[-93.22964,44.91258],[-93.23091,44.91257],[-93.23217,44.91256],[-93.23219,44.91078]]]},"properties":{"id":"crime-bg-270530118002","layer":"crime_block_group","name":"Block group 2, tract 011800","county":"Hennepin","state":"MN","countyFips":"27053","attributes":{"geoid":"270530118002","tract":"011800","blockGroup":"2","statYear":2025,"firstYear":2018,"lastYear":2025,"total2018":29,"total2019":24,"total2020":38,"total2021":24,"total2022":39,"total2023":35,"total2024":29,"total2025":39,"reportedTotal":39,"reportedTotalBand":"25–44","suppressed":false},"confidence":"confirmed","sourceDate":"2025"}},{"type":"Feature","geometry":{"type":"Polygon","coordinates":[[[-93.23226,44.90716],[-93.23232,44.90534],[-93.23104,44.90534],[-93.23102,44.90535],[-93.22975,44.90535],[-93.22847,44.90536],[-93.2272,44.90537],[-93.22577,44.90537],[-93.22517,44.90537],[-93.22432,44.90537],[-93.22288,44.90537],[-93.22287,44.90627],[-93.22287,44.90718],[-93.22286,44.90899],[-93.2243,44.90899],[-93.22573,44.90899],[-93.22714,44.90899],[-93.22716,44.90899],[-93.22843,44.90899],[-93.22967,44.90897],[-93.23095,44.90897],[-93.23221,44.90896],[-93.23222,44.90894],[-93.23226,44.90716]]]},"properties":{"id":"crime-bg-270530118003","layer":"crime_block_group","name":"Block group 3, tract 011800","county":"Hennepin","state":"MN","countyFips":"27053","attributes":{"geoid":"270530118003","tract":"011800","blockGroup":"3","statYear":2025,"firstYear":2018,"lastYear":2025,"total2018":17,"total2019":12,"total2020":18,"total2021":18,"total2022":29,"total2023":16,"total2024":22,"total2025":31,"reportedTotal":31,"reportedTotalBand":"25–44","suppressed":false},"confidence":"confirmed","sourceDate":"2025"}},{"type":"Feature","geometry":{"type":"Polygon","coordinates":[[[-93.2475,44.90143],[-93.24751,44.90091],[-93.24738,44.90085],[-93.24686,44.90081],[-93.24666,44.90075],[-93.24645,44.9007],[-93.24624,44.90067],[-93.24497,44.90068],[-93.24401,44.90068],[-93.24385,44.9007],[-93.24369,44.90074],[-93.24356,44.9008],[-93.24345,44.90088],[-93.24336,44.90097],[-93.24318,44.90114],[-93.243,44.90131],[-93.24281,44.90146],[-93.24261,44.90161],[-93.24248,44.90171],[-93.24104,44.90243],[-93.24007,44.9035],[-93.2399,44.90375],[-93.23891,44.90514],[-93.23846,44.90558],[-93.23789,44.9053],[-93.2374,44.9053],[-93.23718,44.90531],[-93.23613,44.90531],[-93.2361,44.90531],[-93.23486,44.90532],[-93.23483,44.90532],[-93.23358,44.90533],[-93.23355,44.90533],[-93.23232,44.90534],[-93.23226,44.90716],[-93.23222,44.90894],[-93.23221,44.90896],[-93.23219,44.91078],[-93.23217,44.91256],[-93.23215,44.91438],[-93.23222,44.91605],[-93.23221,44.91642],[-93.23346,44.9164],[-93.23497,44.9164],[-93.23841,44.9164],[-93.23937,44.91639],[-93.24017,44.91628],[-93.2404,44.9163],[-93.24218,44.91609],[-93.24255,44.91606],[-93.24306,44.91604],[-93.24357,44.91604],[-93.246,44.91605],[-93.24727,44.91605],[-93.24731,44.91606],[-93.24731,44.91508],[-93.24728,44.91498],[-93.2473,44.91429],[-93.24731,44.91246],[-93.24732,44.91066],[-93.24734,44.90886],[-93.24739,44.90648],[-93.24742,44.90523],[-93.24744,44.90429],[-93.2475,44.90143]]]},"properties":{"id":"crime-bg-270530118004","layer":"crime_block_group","name":"Block group 4, tract 011800","county":"Hennepin","state":"MN","countyFips":"27053","attributes":{"geoid":"270530118004","tract":"011800","blockGroup":"4","statYear":2025,"firstYear":2018,"lastYear":2025,"total2018":24,"total2019":36,"total2020":42,"total2021":43,"total2022":49,"total2023":43,"total2024":44,"total2025":41,"reportedTotal":41,"reportedTotalBand":"25–44","suppressed":false},"confidence":"confirmed","sourceDate":"2025"}},{"type":"Feature","geometry":{"type":"Polygon","coordinates":[[[-93.24738,44.90085],[-93.24751,44.90091],[-93.24737,44.90059],[-93.24724,44.90019],[-93.24719,44.90002],[-93.24717,44.89994],[-93.24714,44.89965],[-93.24627,44.89966],[-93.245,44.89967],[-93.24373,44.89967],[-93.24246,44.89969],[-93.24246,44.8998],[-93.24121,44.89981],[-93.23996,44.89983],[-93.23871,44.89984],[-93.23747,44.89985],[-93.23619,44.89986],[-93.23491,44.89987],[-93.23364,44.89988],[-93.23236,44.89989],[-93.23234,44.9017],[-93.23232,44.90351],[-93.23231,44.90532],[-93.23232,44.90534],[-93.23355,44.90533],[-93.23358,44.90533],[-93.23483,44.90532],[-93.23486,44.90532],[-93.2361,44.90531],[-93.23613,44.90531],[-93.23718,44.90531],[-93.2374,44.9053],[-93.23789,44.9053],[-93.23846,44.90558],[-93.23891,44.90514],[-93.2399,44.90375],[-93.24007,44.9035],[-93.24104,44.90243],[-93.24248,44.90171],[-93.24261,44.90161],[-93.24281,44.90146],[-93.243,44.90131],[-93.24318,44.90114],[-93.24336,44.90097],[-93.24345,44.90088],[-93.24356,44.9008],[-93.24369,44.90074],[-93.24385,44.9007],[-93.24401,44.90068],[-93.24497,44.90068],[-93.24624,44.90067],[-93.24645,44.9007],[-93.24666,44.90075],[-93.24686,44.90081],[-93.24738,44.90085]]]},"properties":{"id":"crime-bg-270530118005","layer":"crime_block_group","name":"Block group 5, tract 011800","county":"Hennepin","state":"MN","countyFips":"27053","attributes":{"geoid":"270530118005","tract":"011800","blockGroup":"5","statYear":2025,"firstYear":2018,"lastYear":2025,"total2018":18,"total2019":19,"total2020":25,"total2021":14,"total2022":35,"total2023":28,"total2024":24,"total2025":38,"reportedTotal":38,"reportedTotalBand":"25–44","suppressed":false},"confidence":"confirmed","sourceDate":"2025"}},{"type":"Feature","geometry":{"type":"Polygon","coordinates":[[[-93.22285,44.9164],[-93.22283,44.9162],[-93.22283,44.916],[-93.22284,44.91439],[-93.22284,44.91261],[-93.22157,44.91262],[-93.22029,44.91262],[-93.21902,44.91262],[-93.21773,44.91262],[-93.21645,44.91262],[-93.21517,44.91263],[-93.21388,44.91263],[-93.21261,44.91263],[-93.21135,44.91264],[-93.21105,44.91264],[-93.21088,44.91264],[-93.21077,44.91266],[-93.21065,44.91269],[-93.21061,44.91272],[-93.21041,44.91286],[-93.21029,44.91296],[-93.21046,44.91311],[-93.21131,44.91379],[-93.21199,44.91434],[-93.21234,44.91463],[-93.21265,44.91484],[-93.21299,44.9151],[-93.21325,44.91527],[-93.21347,44.91539],[-93.21375,44.91557],[-93.21471,44.9161],[-93.21502,44.91631],[-93.21524,44.91631],[-93.21557,44.9163],[-93.21572,44.9163],[-93.21639,44.9163],[-93.21643,44.9163],[-93.21679,44.91626],[-93.21684,44.91628],[-93.21695,44.91631],[-93.21717,44.91637],[-93.21738,44.91642],[-93.21774,44.91644],[-93.21898,44.91644],[-93.22027,44.91646],[-93.22151,44.91644],[-93.22285,44.9164]]]},"properties":{"id":"crime-bg-270530119981","layer":"crime_block_group","name":"Block group 1, tract 011998","county":"Hennepin","state":"MN","countyFips":"27053","attributes":{"geoid":"270530119981","tract":"011998","blockGroup":"1","statYear":2025,"firstYear":2018,"lastYear":2025,"total2018":8,"total2019":19,"total2020":25,"total2021":22,"total2022":47,"total2023":36,"total2024":28,"total2025":40,"reportedTotal":40,"reportedTotalBand":"25–44","suppressed":false},"confidence":"confirmed","sourceDate":"2025"}},{"type":"Feature","geometry":{"type":"Polygon","coordinates":[[[-93.22287,44.90627],[-93.22288,44.90537],[-93.22161,44.90538],[-93.22033,44.90538],[-93.21905,44.90538],[-93.21778,44.90538],[-93.21776,44.90538],[-93.21651,44.90538],[-93.21526,44.90538],[-93.21523,44.90538],[-93.21397,44.90538],[-93.21269,44.90539],[-93.21267,44.90719],[-93.21265,44.90901],[-93.21275,44.90901],[-93.21394,44.909],[-93.21521,44.909],[-93.21648,44.909],[-93.21776,44.909],[-93.21904,44.909],[-93.22031,44.90899],[-93.2216,44.90899],[-93.22286,44.90899],[-93.22287,44.90718],[-93.22287,44.90627]]]},"properties":{"id":"crime-bg-270530119982","layer":"crime_block_group","name":"Block group 2, tract 011998","county":"Hennepin","state":"MN","countyFips":"27053","attributes":{"geoid":"270530119982","tract":"011998","blockGroup":"2","statYear":2025,"firstYear":2018,"lastYear":2025,"total2018":12,"total2019":17,"total2020":8,"total2021":23,"total2022":15,"total2023":8,"total2024":16,"total2025":31,"reportedTotal":31,"reportedTotalBand":"25–44","suppressed":false},"confidence":"confirmed","sourceDate":"2025"}},{"type":"Feature","geometry":{"type":"Polygon","coordinates":[[[-93.22287,44.90901],[-93.22286,44.90899],[-93.2216,44.90899],[-93.22031,44.90899],[-93.21904,44.909],[-93.21776,44.909],[-93.21648,44.909],[-93.21521,44.909],[-93.21394,44.909],[-93.21275,44.90901],[-93.21265,44.90901],[-93.21265,44.90903],[-93.21264,44.91081],[-93.21262,44.91259],[-93.21261,44.91263],[-93.21388,44.91263],[-93.21517,44.91263],[-93.21645,44.91262],[-93.21773,44.91262],[-93.21902,44.91262],[-93.22029,44.91262],[-93.22157,44.91262],[-93.22284,44.91261],[-93.22285,44.9117],[-93.22285,44.91081],[-93.22286,44.9099],[-93.22287,44.90901]]]},"properties":{"id":"crime-bg-270530119983","layer":"crime_block_group","name":"Block group 3, tract 011998","county":"Hennepin","state":"MN","countyFips":"27053","attributes":{"geoid":"270530119983","tract":"011998","blockGroup":"3","statYear":2025,"firstYear":2018,"lastYear":2025,"total2018":29,"total2019":38,"total2020":43,"total2021":28,"total2022":34,"total2023":23,"total2024":23,"total2025":23,"reportedTotal":23,"reportedTotalBand":"0–24","suppressed":false},"confidence":"confirmed","sourceDate":"2025"}},{"type":"Feature","geometry":{"type":"Polygon","coordinates":[[[-93.20758,44.9072],[-93.2076,44.90539],[-93.20631,44.9054],[-93.20563,44.9054],[-93.20505,44.9054],[-93.20338,44.9054],[-93.20333,44.9054],[-93.20249,44.90541],[-93.20007,44.9054],[-93.19936,44.9054],[-93.19914,44.9054],[-93.19859,44.90541],[-93.19845,44.90541],[-93.19853,44.90565],[-93.19967,44.90624],[-93.19994,44.90652],[-93.20013,44.90668],[-93.2003,44.90681],[-93.20047,44.90693],[-93.20066,44.90705],[-93.20095,44.9072],[-93.20133,44.90738],[-93.20224,44.90772],[-93.20408,44.90841],[-93.20484,44.90877],[-93.20506,44.90888],[-93.20535,44.90904],[-93.20568,44.90924],[-93.20574,44.90927],[-93.2059,44.90916],[-93.20617,44.90907],[-93.2062,44.90907],[-93.20629,44.90904],[-93.20631,44.9091],[-93.2064,44.90918],[-93.2065,44.90925],[-93.20754,44.9099],[-93.20755,44.90988],[-93.20756,44.90902],[-93.20758,44.90721],[-93.20758,44.9072]]]},"properties":{"id":"crime-bg-270530119984","layer":"crime_block_group","name":"Block group 4, tract 011998","county":"Hennepin","state":"MN","countyFips":"27053","attributes":{"geoid":"270530119984","tract":"011998","blockGroup":"4","statYear":2025,"firstYear":2018,"lastYear":2025,"total2018":27,"total2019":25,"total2020":59,"total2021":44,"total2022":26,"total2023":41,"total2024":40,"total2025":14,"reportedTotal":14,"reportedTotalBand":"0–24","suppressed":false},"confidence":"confirmed","sourceDate":"2025"}},{"type":"Feature","geometry":{"type":"Polygon","coordinates":[[[-93.21267,44.90719],[-93.21269,44.90539],[-93.21142,44.90538],[-93.21014,44.90539],[-93.20886,44.90539],[-93.2076,44.90539],[-93.20758,44.9072],[-93.20758,44.90721],[-93.20756,44.90902],[-93.20755,44.90988],[-93.20754,44.9099],[-93.2065,44.90925],[-93.2064,44.90918],[-93.20631,44.9091],[-93.20629,44.90904],[-93.2062,44.90907],[-93.20617,44.90907],[-93.2059,44.90916],[-93.20574,44.90927],[-93.20604,44.90945],[-93.20617,44.90954],[-93.20631,44.90963],[-93.20649,44.90975],[-93.20684,44.90999],[-93.2072,44.91026],[-93.20759,44.91059],[-93.20788,44.91083],[-93.2081,44.91103],[-93.20842,44.91132],[-93.20889,44.91173],[-93.20949,44.91227],[-93.20991,44.91264],[-93.21029,44.91296],[-93.21041,44.91286],[-93.21061,44.91272],[-93.21065,44.91269],[-93.21077,44.91266],[-93.21088,44.91264],[-93.21105,44.91264],[-93.21135,44.91264],[-93.21261,44.91263],[-93.21262,44.91259],[-93.21264,44.91081],[-93.21265,44.90903],[-93.21265,44.90901],[-93.21267,44.90719]]]},"properties":{"id":"crime-bg-270530119985","layer":"crime_block_group","name":"Block group 5, tract 011998","county":"Hennepin","state":"MN","countyFips":"27053","attributes":{"geoid":"270530119985","tract":"011998","blockGroup":"5","statYear":2025,"firstYear":2018,"lastYear":2025,"total2018":20,"total2019":13,"total2020":18,"total2021":11,"total2022":24,"total2023":37,"total2024":20,"total2025":14,"reportedTotal":14,"reportedTotalBand":"0–24","suppressed":false},"confidence":"confirmed","sourceDate":"2025"}},{"type":"Feature","geometry":{"type":"Polygon","coordinates":[[[-93.30496,44.89073],[-93.30505,44.8906],[-93.29961,44.89038],[-93.29833,44.89034],[-93.2978,44.89033],[-93.29732,44.8903],[-93.29695,44.89027],[-93.29656,44.89023],[-93.29597,44.89017],[-93.29589,44.89041],[-93.29586,44.89048],[-93.2958,44.89065],[-93.29563,44.89103],[-93.29551,44.89124],[-93.29544,44.89137],[-93.29526,44.89163],[-93.29522,44.89168],[-93.29497,44.89199],[-93.29472,44.89226],[-93.29471,44.89229],[-93.29452,44.89248],[-93.29446,44.89254],[-93.29414,44.89283],[-93.29254,44.89427],[-93.29216,44.89459],[-93.2918,44.89493],[-93.29146,44.89529],[-93.29115,44.89565],[-93.29087,44.89603],[-93.29061,44.89641],[-93.29039,44.89681],[-93.29019,44.89721],[-93.28988,44.89784],[-93.2901,44.89784],[-93.29084,44.89784],[-93.29211,44.89785],[-93.29339,44.89785],[-93.29465,44.89786],[-93.29594,44.89787],[-93.29742,44.89787],[-93.29852,44.89706],[-93.30076,44.89544],[-93.30232,44.89429],[-93.30366,44.89431],[-93.30365,44.89326],[-93.30365,44.89302],[-93.30369,44.89278],[-93.30375,44.89255],[-93.30384,44.89231],[-93.30396,44.89209],[-93.30411,44.89188],[-93.30411,44.89185],[-93.30455,44.89137],[-93.30466,44.89125],[-93.30474,44.89113],[-93.30481,44.891],[-93.30496,44.89073]]]},"properties":{"id":"crime-bg-270530120011","layer":"crime_block_group","name":"Block group 1, tract 012001","county":"Hennepin","state":"MN","countyFips":"27053","attributes":{"geoid":"270530120011","tract":"012001","blockGroup":"1","statYear":2025,"firstYear":2018,"lastYear":2025,"total2018":11,"total2019":13,"total2020":26,"total2021":8,"total2022":8,"total2023":9,"total2024":13,"total2025":15,"reportedTotal":15,"reportedTotalBand":"0–24","suppressed":false},"confidence":"confirmed","sourceDate":"2025"}},{"type":"Feature","geometry":{"type":"Polygon","coordinates":[[[-93.30868,44.89794],[-93.30867,44.89793],[-93.30867,44.89694],[-93.30867,44.89642],[-93.30867,44.89434],[-93.30866,44.89256],[-93.30866,44.89123],[-93.30866,44.89109],[-93.30866,44.8908],[-93.30866,44.8906],[-93.30794,44.89062],[-93.3066,44.89064],[-93.30536,44.8906],[-93.30505,44.8906],[-93.30496,44.89073],[-93.30481,44.891],[-93.30474,44.89113],[-93.30466,44.89125],[-93.30455,44.89137],[-93.30411,44.89185],[-93.30411,44.89188],[-93.30396,44.89209],[-93.30384,44.89231],[-93.30375,44.89255],[-93.30369,44.89278],[-93.30365,44.89302],[-93.30365,44.89326],[-93.30366,44.89431],[-93.30472,44.89431],[-93.30473,44.89611],[-93.30346,44.89611],[-93.30347,44.8979],[-93.30358,44.8979],[-93.30358,44.89973],[-93.30357,44.90149],[-93.30357,44.90151],[-93.30485,44.90152],[-93.30611,44.90152],[-93.30739,44.90153],[-93.30865,44.90154],[-93.30866,44.89975],[-93.30868,44.89794]]]},"properties":{"id":"crime-bg-270530120012","layer":"crime_block_group","name":"Block group 2, tract 012001","county":"Hennepin","state":"MN","countyFips":"27053","attributes":{"geoid":"270530120012","tract":"012001","blockGroup":"2","statYear":2025,"firstYear":2018,"lastYear":2025,"total2018":12,"total2019":9,"total2020":21,"total2021":20,"total2022":21,"total2023":16,"total2024":19,"total2025":12,"reportedTotal":12,"reportedTotalBand":"0–24","suppressed":false},"confidence":"confirmed","sourceDate":"2025"}},{"type":"Feature","geometry":{"type":"Polygon","coordinates":[[[-93.31882,44.89085],[-93.31882,44.89075],[-93.31809,44.89076],[-93.31583,44.89074],[-93.31375,44.89071],[-93.31235,44.89071],[-93.30898,44.89062],[-93.30866,44.8906],[-93.30866,44.8908],[-93.30866,44.89109],[-93.30866,44.89123],[-93.30866,44.89256],[-93.30867,44.89434],[-93.30935,44.89434],[-93.30994,44.89434],[-93.31002,44.89434],[-93.31123,44.89435],[-93.31249,44.89435],[-93.31375,44.89435],[-93.31503,44.89436],[-93.31629,44.89437],[-93.31757,44.89439],[-93.31759,44.89439],[-93.31882,44.8944],[-93.31882,44.8926],[-93.31882,44.89116],[-93.31882,44.89106],[-93.31882,44.89085]]]},"properties":{"id":"crime-bg-270530120013","layer":"crime_block_group","name":"Block group 3, tract 012001","county":"Hennepin","state":"MN","countyFips":"27053","attributes":{"geoid":"270530120013","tract":"012001","blockGroup":"3","statYear":2025,"firstYear":2018,"lastYear":2025,"total2018":7,"total2019":7,"total2020":15,"total2021":7,"total2022":12,"total2023":9,"total2024":7,"total2025":8,"reportedTotal":8,"reportedTotalBand":"0–24","suppressed":false},"confidence":"confirmed","sourceDate":"2025"}},{"type":"Feature","geometry":{"type":"Polygon","coordinates":[[[-93.31883,44.898],[-93.31883,44.8962],[-93.31882,44.8944],[-93.31759,44.89439],[-93.31757,44.89439],[-93.31629,44.89437],[-93.31503,44.89436],[-93.31375,44.89435],[-93.31249,44.89435],[-93.31123,44.89435],[-93.31002,44.89434],[-93.30994,44.89434],[-93.30935,44.89434],[-93.30867,44.89434],[-93.30867,44.89642],[-93.30867,44.89694],[-93.30867,44.89793],[-93.31122,44.89795],[-93.31248,44.89796],[-93.31375,44.89796],[-93.31503,44.89798],[-93.31628,44.89798],[-93.31757,44.89799],[-93.31881,44.898],[-93.31883,44.898]]]},"properties":{"id":"crime-bg-270530120014","layer":"crime_block_group","name":"Block group 4, tract 012001","county":"Hennepin","state":"MN","countyFips":"27053","attributes":{"geoid":"270530120014","tract":"012001","blockGroup":"4","statYear":2025,"firstYear":2018,"lastYear":2025,"total2018":8,"total2019":5,"total2020":11,"total2021":8,"total2022":9,"total2023":13,"total2024":16,"total2025":23,"reportedTotal":23,"reportedTotalBand":"0–24","suppressed":false},"confidence":"confirmed","sourceDate":"2025"}},{"type":"Feature","geometry":{"type":"Polygon","coordinates":[[[-93.31882,44.89982],[-93.31883,44.898],[-93.31881,44.898],[-93.31757,44.89799],[-93.31628,44.89798],[-93.31503,44.89798],[-93.31375,44.89796],[-93.31248,44.89796],[-93.31122,44.89795],[-93.30867,44.89793],[-93.30868,44.89794],[-93.30866,44.89975],[-93.30865,44.90154],[-93.30872,44.90153],[-93.3093,44.90154],[-93.30994,44.90154],[-93.31119,44.90155],[-93.31247,44.90156],[-93.31374,44.90157],[-93.31501,44.90159],[-93.31628,44.9016],[-93.31755,44.90161],[-93.31882,44.90162],[-93.31882,44.90028],[-93.31882,44.89982]]]},"properties":{"id":"crime-bg-270530120015","layer":"crime_block_group","name":"Block group 5, tract 012001","county":"Hennepin","state":"MN","countyFips":"27053","attributes":{"geoid":"270530120015","tract":"012001","blockGroup":"5","statYear":2025,"firstYear":2018,"lastYear":2025,"total2018":9,"total2019":14,"total2020":12,"total2021":13,"total2022":16,"total2023":5,"total2024":10,"total2025":14,"reportedTotal":14,"reportedTotalBand":"0–24","suppressed":false},"confidence":"confirmed","sourceDate":"2025"}},{"type":"Feature","geometry":{"type":"Polygon","coordinates":[[[-93.30473,44.89611],[-93.30472,44.89431],[-93.30366,44.89431],[-93.30232,44.89429],[-93.30076,44.89544],[-93.29852,44.89706],[-93.29742,44.89787],[-93.29594,44.89787],[-93.29465,44.89786],[-93.29339,44.89785],[-93.29211,44.89785],[-93.29084,44.89784],[-93.2901,44.89784],[-93.28988,44.89784],[-93.28951,44.89869],[-93.28926,44.89926],[-93.28899,44.89984],[-93.28861,44.90069],[-93.28852,44.90091],[-93.28847,44.90112],[-93.28843,44.90124],[-93.28839,44.90132],[-93.28829,44.90144],[-93.28835,44.90145],[-93.28957,44.90145],[-93.2896,44.90145],[-93.29084,44.90146],[-93.29211,44.90146],[-93.29338,44.90147],[-93.29465,44.90147],[-93.29592,44.90148],[-93.29722,44.90148],[-93.29847,44.90149],[-93.2985,44.90149],[-93.29974,44.9015],[-93.29977,44.9015],[-93.30101,44.9015],[-93.30229,44.90152],[-93.30357,44.90151],[-93.30357,44.90149],[-93.30358,44.89973],[-93.30358,44.8979],[-93.30347,44.8979],[-93.30346,44.89611],[-93.30473,44.89611]]]},"properties":{"id":"crime-bg-270530120016","layer":"crime_block_group","name":"Block group 6, tract 012001","county":"Hennepin","state":"MN","countyFips":"27053","attributes":{"geoid":"270530120016","tract":"012001","blockGroup":"6","statYear":2025,"firstYear":2018,"lastYear":2025,"total2018":14,"total2019":22,"total2020":18,"total2021":16,"total2022":17,"total2023":19,"total2024":12,"total2025":13,"reportedTotal":13,"reportedTotalBand":"0–24","suppressed":false},"confidence":"confirmed","sourceDate":"2025"}},{"type":"Feature","geometry":{"type":"Polygon","coordinates":[[[-93.29589,44.89041],[-93.29597,44.89017],[-93.29579,44.89015],[-93.29503,44.88999],[-93.29444,44.8899],[-93.29407,44.88985],[-93.29363,44.88979],[-93.29322,44.8899],[-93.29282,44.88997],[-93.2926,44.89],[-93.29234,44.89003],[-93.29211,44.89006],[-93.29187,44.89006],[-93.29152,44.89006],[-93.28999,44.8901],[-93.28896,44.89009],[-93.28835,44.89008],[-93.28394,44.89006],[-93.28321,44.89006],[-93.28321,44.89026],[-93.28321,44.89047],[-93.28321,44.89061],[-93.28322,44.89176],[-93.28322,44.89236],[-93.28323,44.89374],[-93.28341,44.89374],[-93.2834,44.89423],[-93.28425,44.89423],[-93.28458,44.89423],[-93.28458,44.89521],[-93.28322,44.89522],[-93.2832,44.89634],[-93.2832,44.89648],[-93.2832,44.89785],[-93.28447,44.89784],[-93.28461,44.89784],[-93.28561,44.89784],[-93.28573,44.89784],[-93.28583,44.89784],[-93.28702,44.89784],[-93.28824,44.89783],[-93.2883,44.89783],[-93.28933,44.89783],[-93.28988,44.89784],[-93.29019,44.89721],[-93.29039,44.89681],[-93.29061,44.89641],[-93.29087,44.89603],[-93.29115,44.89565],[-93.29146,44.89529],[-93.2918,44.89493],[-93.29216,44.89459],[-93.29254,44.89427],[-93.29414,44.89283],[-93.29446,44.89254],[-93.29452,44.89248],[-93.29471,44.89229],[-93.29472,44.89226],[-93.29497,44.89199],[-93.29522,44.89168],[-93.29526,44.89163],[-93.29544,44.89137],[-93.29551,44.89124],[-93.29563,44.89103],[-93.2958,44.89065],[-93.29586,44.89048],[-93.29589,44.89041]]]},"properties":{"id":"crime-bg-270530120031","layer":"crime_block_group","name":"Block group 1, tract 012003","county":"Hennepin","state":"MN","countyFips":"27053","attributes":{"geoid":"270530120031","tract":"012003","blockGroup":"1","statYear":2025,"firstYear":2018,"lastYear":2025,"total2018":20,"total2019":25,"total2020":34,"total2021":28,"total2022":28,"total2023":29,"total2024":44,"total2025":30,"reportedTotal":30,"reportedTotalBand":"25–44","suppressed":false},"confidence":"confirmed","sourceDate":"2025"}},{"type":"Feature","geometry":{"type":"Polygon","coordinates":[[[-93.28458,44.89521],[-93.28458,44.89423],[-93.28425,44.89423],[-93.2834,44.89423],[-93.28341,44.89374],[-93.28323,44.89374],[-93.28322,44.89236],[-93.28319,44.89236],[-93.28259,44.89234],[-93.28195,44.89234],[-93.28067,44.89234],[-93.27939,44.89235],[-93.27811,44.89235],[-93.27811,44.89093],[-93.27811,44.8908],[-93.27811,44.89064],[-93.27811,44.8904],[-93.27811,44.89016],[-93.27783,44.8902],[-93.27756,44.89027],[-93.2773,44.89035],[-93.27705,44.89044],[-93.27682,44.89055],[-93.27632,44.89085],[-93.27622,44.89092],[-93.27583,44.89123],[-93.27565,44.89138],[-93.27558,44.89147],[-93.27542,44.89164],[-93.27535,44.89175],[-93.27519,44.89204],[-93.27511,44.89228],[-93.27499,44.89263],[-93.27496,44.89283],[-93.27493,44.89312],[-93.27488,44.89346],[-93.27482,44.89427],[-93.27477,44.89547],[-93.27477,44.89577],[-93.27475,44.89667],[-93.27475,44.8972],[-93.27475,44.89788],[-93.27511,44.89787],[-93.27538,44.89787],[-93.27557,44.89787],[-93.27684,44.89787],[-93.2781,44.89787],[-93.27816,44.89787],[-93.27938,44.89787],[-93.28066,44.89786],[-93.2807,44.89786],[-93.28192,44.89785],[-93.2832,44.89785],[-93.2832,44.89648],[-93.2832,44.89634],[-93.28322,44.89522],[-93.28458,44.89521]]]},"properties":{"id":"crime-bg-270530120032","layer":"crime_block_group","name":"Block group 2, tract 012003","county":"Hennepin","state":"MN","countyFips":"27053","attributes":{"geoid":"270530120032","tract":"012003","blockGroup":"2","statYear":2025,"firstYear":2018,"lastYear":2025,"total2018":61,"total2019":82,"total2020":74,"total2021":87,"total2022":53,"total2023":64,"total2024":85,"total2025":54,"reportedTotal":54,"reportedTotalBand":"45–74","suppressed":false},"confidence":"confirmed","sourceDate":"2025"}},{"type":"Feature","geometry":{"type":"Polygon","coordinates":[[[-93.27477,44.89547],[-93.27482,44.89427],[-93.27437,44.89427],[-93.27295,44.89428],[-93.27225,44.89429],[-93.27166,44.89429],[-93.27037,44.89429],[-93.2693,44.8943],[-93.26907,44.8943],[-93.26838,44.89431],[-93.26824,44.89431],[-93.26779,44.89431],[-93.26777,44.89603],[-93.26776,44.89628],[-93.26775,44.8979],[-93.26772,44.89806],[-93.26766,44.89821],[-93.26758,44.89836],[-93.26747,44.8985],[-93.26708,44.89898],[-93.26686,44.89927],[-93.2668,44.89935],[-93.26667,44.89956],[-93.26652,44.89987],[-93.2664,44.90019],[-93.26633,44.90051],[-93.26632,44.90058],[-93.2663,44.90077],[-93.26629,44.90104],[-93.26631,44.9013],[-93.26636,44.90156],[-93.26646,44.90218],[-93.26651,44.90242],[-93.2666,44.90264],[-93.26672,44.90287],[-93.26688,44.90308],[-93.26706,44.90328],[-93.26715,44.90339],[-93.26717,44.90342],[-93.26727,44.90356],[-93.26733,44.90372],[-93.26733,44.90374],[-93.26736,44.90387],[-93.26782,44.90384],[-93.26866,44.9038],[-93.26936,44.90374],[-93.26962,44.9037],[-93.27002,44.90357],[-93.27016,44.9035],[-93.2703,44.90342],[-93.27039,44.90336],[-93.27054,44.90326],[-93.27071,44.90317],[-93.27088,44.90312],[-93.27105,44.90309],[-93.27126,44.9031],[-93.27165,44.90315],[-93.2729,44.90331],[-93.27415,44.90347],[-93.27431,44.90349],[-93.27449,44.90351],[-93.27474,44.90354],[-93.27475,44.90195],[-93.27477,44.90078],[-93.27477,44.8991],[-93.27475,44.89788],[-93.27475,44.8972],[-93.27475,44.89667],[-93.27477,44.89577],[-93.27477,44.89547]]]},"properties":{"id":"crime-bg-270530120033","layer":"crime_block_group","name":"Block group 3, tract 012003","county":"Hennepin","state":"MN","countyFips":"27053","attributes":{"geoid":"270530120033","tract":"012003","blockGroup":"3","statYear":2025,"firstYear":2018,"lastYear":2025,"total2018":8,"total2019":7,"total2020":5,"total2021":9,"total2022":19,"total2023":9,"total2024":10,"total2025":8,"reportedTotal":8,"reportedTotalBand":"0–24","suppressed":false},"confidence":"confirmed","sourceDate":"2025"}},{"type":"Feature","geometry":{"type":"Polygon","coordinates":[[[-93.28322,44.89236],[-93.28322,44.89176],[-93.28321,44.89061],[-93.28321,44.89047],[-93.28321,44.89026],[-93.28321,44.89006],[-93.27952,44.89004],[-93.27903,44.89005],[-93.27872,44.89007],[-93.27838,44.89012],[-93.27811,44.89016],[-93.27811,44.8904],[-93.27811,44.89064],[-93.27811,44.8908],[-93.27811,44.89093],[-93.27811,44.89235],[-93.27939,44.89235],[-93.28067,44.89234],[-93.28195,44.89234],[-93.28259,44.89234],[-93.28319,44.89236],[-93.28322,44.89236]]]},"properties":{"id":"crime-bg-270530120034","layer":"crime_block_group","name":"Block group 4, tract 012003","county":"Hennepin","state":"MN","countyFips":"27053","attributes":{"geoid":"270530120034","tract":"012003","blockGroup":"4","statYear":2025,"firstYear":2018,"lastYear":2025,"total2018":18,"total2019":17,"total2020":17,"total2021":15,"total2022":18,"total2023":30,"total2024":19,"total2025":22,"reportedTotal":22,"reportedTotalBand":"0–24","suppressed":false},"confidence":"confirmed","sourceDate":"2025"}},{"type":"Feature","geometry":{"type":"Polygon","coordinates":[[[-93.26777,44.89603],[-93.26779,44.89431],[-93.26656,44.89431],[-93.26531,44.89431],[-93.26408,44.89431],[-93.26286,44.89431],[-93.26282,44.8961],[-93.26278,44.89793],[-93.26276,44.89878],[-93.26274,44.89976],[-93.2627,44.90157],[-93.26271,44.90159],[-93.26266,44.90341],[-93.26395,44.90341],[-93.26523,44.9034],[-93.26715,44.90339],[-93.26706,44.90328],[-93.26688,44.90308],[-93.26672,44.90287],[-93.2666,44.90264],[-93.26651,44.90242],[-93.26646,44.90218],[-93.26636,44.90156],[-93.26631,44.9013],[-93.26629,44.90104],[-93.2663,44.90077],[-93.26632,44.90058],[-93.26633,44.90051],[-93.2664,44.90019],[-93.26652,44.89987],[-93.26667,44.89956],[-93.2668,44.89935],[-93.26686,44.89927],[-93.26708,44.89898],[-93.26747,44.8985],[-93.26758,44.89836],[-93.26766,44.89821],[-93.26772,44.89806],[-93.26775,44.8979],[-93.26776,44.89628],[-93.26777,44.89603]]]},"properties":{"id":"crime-bg-270530120035","layer":"crime_block_group","name":"Block group 5, tract 012003","county":"Hennepin","state":"MN","countyFips":"27053","attributes":{"geoid":"270530120035","tract":"012003","blockGroup":"5","statYear":2025,"firstYear":2018,"lastYear":2025,"total2018":13,"total2019":7,"total2020":6,"total2021":20,"total2022":16,"total2023":17,"total2024":12,"total2025":16,"reportedTotal":16,"reportedTotalBand":"0–24","suppressed":false},"confidence":"confirmed","sourceDate":"2025"}},{"type":"Feature","geometry":{"type":"Polygon","coordinates":[[[-93.27632,44.89085],[-93.27682,44.89055],[-93.27512,44.89056],[-93.27442,44.89057],[-93.27405,44.89057],[-93.27249,44.89059],[-93.26984,44.89062],[-93.26817,44.89064],[-93.26783,44.89062],[-93.26674,44.89063],[-93.26561,44.89064],[-93.26537,44.89064],[-93.26483,44.89064],[-93.26411,44.89061],[-93.26169,44.89052],[-93.26169,44.89062],[-93.26168,44.8909],[-93.26189,44.89096],[-93.26214,44.89104],[-93.26238,44.89115],[-93.2626,44.89127],[-93.2628,44.89141],[-93.26298,44.89157],[-93.26312,44.89174],[-93.26324,44.89193],[-93.26331,44.89212],[-93.26336,44.89231],[-93.26337,44.89252],[-93.26288,44.89252],[-93.26285,44.8943],[-93.26286,44.89431],[-93.26408,44.89431],[-93.26531,44.89431],[-93.26656,44.89431],[-93.26779,44.89431],[-93.26824,44.89431],[-93.26838,44.89431],[-93.26907,44.8943],[-93.2693,44.8943],[-93.27037,44.89429],[-93.27166,44.89429],[-93.27225,44.89429],[-93.27295,44.89428],[-93.27437,44.89427],[-93.27482,44.89427],[-93.27488,44.89346],[-93.27493,44.89312],[-93.27496,44.89283],[-93.27499,44.89263],[-93.27511,44.89228],[-93.27519,44.89204],[-93.27535,44.89175],[-93.27542,44.89164],[-93.27558,44.89147],[-93.27565,44.89138],[-93.27583,44.89123],[-93.27622,44.89092],[-93.27632,44.89085]]]},"properties":{"id":"crime-bg-270530120036","layer":"crime_block_group","name":"Block group 6, tract 012003","county":"Hennepin","state":"MN","countyFips":"27053","attributes":{"geoid":"270530120036","tract":"012003","blockGroup":"6","statYear":2025,"firstYear":2018,"lastYear":2025,"total2018":13,"total2019":15,"total2020":28,"total2021":27,"total2022":27,"total2023":35,"total2024":38,"total2025":32,"reportedTotal":32,"reportedTotalBand":"25–44","suppressed":false},"confidence":"confirmed","sourceDate":"2025"}},{"type":"Feature","geometry":{"type":"Polygon","coordinates":[[[-93.23232,44.90351],[-93.23234,44.9017],[-93.23106,44.90171],[-93.2298,44.90172],[-93.22854,44.90173],[-93.22724,44.90174],[-93.22722,44.90173],[-93.22581,44.90174],[-93.22437,44.90175],[-93.22293,44.90176],[-93.22291,44.90357],[-93.2229,44.90447],[-93.22289,44.90535],[-93.22288,44.90537],[-93.22432,44.90537],[-93.22517,44.90537],[-93.22577,44.90537],[-93.2272,44.90537],[-93.22847,44.90536],[-93.22975,44.90535],[-93.23102,44.90535],[-93.23104,44.90534],[-93.23232,44.90534],[-93.23231,44.90532],[-93.23232,44.90351]]]},"properties":{"id":"crime-bg-270530121011","layer":"crime_block_group","name":"Block group 1, tract 012101","county":"Hennepin","state":"MN","countyFips":"27053","attributes":{"geoid":"270530121011","tract":"012101","blockGroup":"1","statYear":2025,"firstYear":2018,"lastYear":2025,"total2018":12,"total2019":23,"total2020":26,"total2021":26,"total2022":19,"total2023":19,"total2024":14,"total2025":25,"reportedTotal":25,"reportedTotalBand":"25–44","suppressed":false},"confidence":"confirmed","sourceDate":"2025"}},{"type":"Feature","geometry":{"type":"Polygon","coordinates":[[[-93.23495,44.89609],[-93.23495,44.89512],[-93.23368,44.89513],[-93.2324,44.89514],[-93.23239,44.89547],[-93.23239,44.89563],[-93.23176,44.89562],[-93.23177,44.89609],[-93.23177,44.89627],[-93.23176,44.89647],[-93.23176,44.89686],[-93.22943,44.89687],[-93.2281,44.89687],[-93.22809,44.8971],[-93.22346,44.89715],[-93.22296,44.89715],[-93.22296,44.89745],[-93.22296,44.89759],[-93.22295,44.89811],[-93.22293,44.90176],[-93.22437,44.90175],[-93.22581,44.90174],[-93.22722,44.90173],[-93.22724,44.90174],[-93.22854,44.90173],[-93.2298,44.90172],[-93.23106,44.90171],[-93.23234,44.9017],[-93.23236,44.89989],[-93.23238,44.89807],[-93.23238,44.89782],[-93.23238,44.89752],[-93.23238,44.89742],[-93.23238,44.89713],[-93.23238,44.89687],[-93.23238,44.89645],[-93.23238,44.89626],[-93.23238,44.89611],[-93.23367,44.8961],[-93.23495,44.89609]]]},"properties":{"id":"crime-bg-270530121012","layer":"crime_block_group","name":"Block group 2, tract 012101","county":"Hennepin","state":"MN","countyFips":"27053","attributes":{"geoid":"270530121012","tract":"012101","blockGroup":"2","statYear":2025,"firstYear":2018,"lastYear":2025,"total2018":65,"total2019":55,"total2020":61,"total2021":47,"total2022":72,"total2023":56,"total2024":43,"total2025":33,"reportedTotal":33,"reportedTotalBand":"25–44","suppressed":false},"confidence":"confirmed","sourceDate":"2025"}},{"type":"Feature","geometry":{"type":"Polygon","coordinates":[[[-93.24716,44.89764],[-93.24718,44.89698],[-93.24716,44.8962],[-93.24714,44.89601],[-93.24614,44.89602],[-93.24577,44.89601],[-93.24499,44.89599],[-93.24501,44.89616],[-93.24507,44.89661],[-93.24506,44.89707],[-93.24505,44.89724],[-93.2445,44.89723],[-93.24451,44.89708],[-93.24381,44.89708],[-93.24381,44.89734],[-93.24323,44.89734],[-93.24323,44.89768],[-93.24253,44.89768],[-93.24253,44.89714],[-93.24253,44.897],[-93.24186,44.89699],[-93.24186,44.89714],[-93.24128,44.89713],[-93.24128,44.89701],[-93.24068,44.89697],[-93.23998,44.89694],[-93.23868,44.89697],[-93.23747,44.89695],[-93.23746,44.89693],[-93.2354,44.8969],[-93.23439,44.89689],[-93.23361,44.89688],[-93.23254,44.89686],[-93.23238,44.89687],[-93.23238,44.89713],[-93.23238,44.89742],[-93.23238,44.89752],[-93.23238,44.89782],[-93.23238,44.89807],[-93.23236,44.89989],[-93.23364,44.89988],[-93.23491,44.89987],[-93.23619,44.89986],[-93.23747,44.89985],[-93.23871,44.89984],[-93.23996,44.89983],[-93.24121,44.89981],[-93.24246,44.8998],[-93.24246,44.89969],[-93.24373,44.89967],[-93.245,44.89967],[-93.24627,44.89966],[-93.24714,44.89965],[-93.24712,44.89938],[-93.24714,44.89826],[-93.24715,44.89808],[-93.24715,44.89795],[-93.24716,44.89764]]]},"properties":{"id":"crime-bg-270530121013","layer":"crime_block_group","name":"Block group 3, tract 012101","county":"Hennepin","state":"MN","countyFips":"27053","attributes":{"geoid":"270530121013","tract":"012101","blockGroup":"3","statYear":2025,"firstYear":2018,"lastYear":2025,"total2018":16,"total2019":13,"total2020":21,"total2021":20,"total2022":20,"total2023":15,"total2024":26,"total2025":23,"reportedTotal":23,"reportedTotalBand":"0–24","suppressed":false},"confidence":"confirmed","sourceDate":"2025"}},{"type":"Feature","geometry":{"type":"Polygon","coordinates":[[[-93.21785,44.9],[-93.21785,44.89995],[-93.21656,44.89995],[-93.21529,44.89995],[-93.21401,44.89996],[-93.21274,44.89996],[-93.21146,44.89996],[-93.21019,44.89996],[-93.20892,44.89996],[-93.20765,44.89996],[-93.20763,44.9018],[-93.20762,44.90359],[-93.2076,44.90539],[-93.20886,44.90539],[-93.21014,44.90539],[-93.21142,44.90538],[-93.21269,44.90539],[-93.21397,44.90538],[-93.21523,44.90538],[-93.21526,44.90538],[-93.21651,44.90538],[-93.21776,44.90538],[-93.21778,44.90538],[-93.2178,44.90448],[-93.2178,44.90359],[-93.21783,44.90179],[-93.21785,44.9]]]},"properties":{"id":"crime-bg-270530121021","layer":"crime_block_group","name":"Block group 1, tract 012102","county":"Hennepin","state":"MN","countyFips":"27053","attributes":{"geoid":"270530121021","tract":"012102","blockGroup":"1","statYear":2025,"firstYear":2018,"lastYear":2025,"total2018":16,"total2019":29,"total2020":30,"total2021":23,"total2022":28,"total2023":27,"total2024":25,"total2025":25,"reportedTotal":25,"reportedTotalBand":"25–44","suppressed":false},"confidence":"confirmed","sourceDate":"2025"}},{"type":"Feature","geometry":{"type":"Polygon","coordinates":[[[-93.22293,44.90176],[-93.22295,44.89811],[-93.22168,44.89812],[-93.22041,44.89812],[-93.21913,44.89836],[-93.21789,44.8986],[-93.21786,44.89861],[-93.21785,44.89995],[-93.21785,44.9],[-93.21783,44.90179],[-93.2178,44.90359],[-93.2178,44.90448],[-93.21778,44.90538],[-93.21905,44.90538],[-93.22033,44.90538],[-93.22161,44.90538],[-93.22288,44.90537],[-93.22289,44.90535],[-93.2229,44.90447],[-93.22291,44.90357],[-93.22293,44.90176]]]},"properties":{"id":"crime-bg-270530121022","layer":"crime_block_group","name":"Block group 2, tract 012102","county":"Hennepin","state":"MN","countyFips":"27053","attributes":{"geoid":"270530121022","tract":"012102","blockGroup":"2","statYear":2025,"firstYear":2018,"lastYear":2025,"total2018":30,"total2019":21,"total2020":27,"total2021":24,"total2022":32,"total2023":33,"total2024":20,"total2025":43,"reportedTotal":43,"reportedTotalBand":"25–44","suppressed":false},"confidence":"confirmed","sourceDate":"2025"}},{"type":"Feature","geometry":{"type":"Polygon","coordinates":[[[-93.22296,44.89745],[-93.22296,44.89715],[-93.22035,44.89713],[-93.22035,44.89728],[-93.21902,44.8979],[-93.21902,44.89674],[-93.21938,44.89673],[-93.21977,44.89697],[-93.22105,44.89697],[-93.22144,44.89682],[-93.22259,44.89682],[-93.22263,44.89611],[-93.22264,44.89605],[-93.22037,44.8949],[-93.21903,44.8949],[-93.21903,44.89612],[-93.218,44.89613],[-93.21792,44.89613],[-93.21719,44.89614],[-93.21717,44.89553],[-93.21717,44.89451],[-93.21718,44.8937],[-93.21627,44.89309],[-93.2146,44.89309],[-93.21089,44.89309],[-93.21088,44.8937],[-93.21076,44.89471],[-93.21078,44.89534],[-93.21074,44.89559],[-93.21075,44.89614],[-93.21075,44.89631],[-93.2102,44.89631],[-93.20894,44.89631],[-93.20769,44.89632],[-93.20767,44.89813],[-93.20767,44.89818],[-93.20767,44.89835],[-93.20766,44.8985],[-93.20766,44.89867],[-93.20766,44.89928],[-93.20765,44.89996],[-93.20892,44.89996],[-93.21019,44.89996],[-93.21146,44.89996],[-93.21274,44.89996],[-93.21401,44.89996],[-93.21529,44.89995],[-93.21656,44.89995],[-93.21785,44.89995],[-93.21786,44.89861],[-93.21789,44.8986],[-93.21913,44.89836],[-93.22041,44.89812],[-93.22168,44.89812],[-93.22295,44.89811],[-93.22296,44.89759],[-93.22296,44.89745]]]},"properties":{"id":"crime-bg-270530121023","layer":"crime_block_group","name":"Block group 3, tract 012102","county":"Hennepin","state":"MN","countyFips":"27053","attributes":{"geoid":"270530121023","tract":"012102","blockGroup":"3","statYear":2025,"firstYear":2018,"lastYear":2025,"total2018":9,"total2019":7,"total2020":11,"total2021":13,"total2022":13,"total2023":10,"total2024":9,"total2025":9,"reportedTotal":9,"reportedTotalBand":"0–24","suppressed":false},"confidence":"confirmed","sourceDate":"2025"}},{"type":"Feature","geometry":{"type":"Polygon","coordinates":[[[-93.32321,45.04058],[-93.32323,45.04045],[-93.32313,45.04045],[-93.32133,45.04043],[-93.32107,45.04043],[-93.31996,45.04042],[-93.31941,45.04042],[-93.31932,45.04042],[-93.31931,45.04018],[-93.3193,45.04013],[-93.31928,45.03856],[-93.31925,45.03767],[-93.31924,45.03735],[-93.31922,45.03694],[-93.31929,45.0369],[-93.31937,45.03681],[-93.31943,45.03671],[-93.31943,45.03661],[-93.31943,45.03644],[-93.31942,45.03546],[-93.31942,45.03545],[-93.31917,45.03545],[-93.31879,45.03546],[-93.31751,45.03546],[-93.31747,45.03546],[-93.31623,45.03546],[-93.31541,45.03546],[-93.31496,45.03545],[-93.31367,45.03545],[-93.3129,45.03545],[-93.31238,45.03545],[-93.31164,45.03545],[-93.3111,45.03545],[-93.31038,45.03545],[-93.30985,45.03545],[-93.30911,45.03545],[-93.30856,45.03545],[-93.30852,45.03339],[-93.30848,45.03132],[-93.30844,45.03132],[-93.3072,45.03132],[-93.30593,45.03131],[-93.30597,45.03338],[-93.306,45.03545],[-93.30659,45.03545],[-93.30662,45.03668],[-93.30663,45.03698],[-93.30663,45.03726],[-93.30666,45.03849],[-93.30667,45.03927],[-93.30668,45.03935],[-93.30791,45.03962],[-93.3092,45.03991],[-93.31049,45.0402],[-93.31088,45.0403],[-93.31174,45.04049],[-93.31427,45.04106],[-93.31644,45.04152],[-93.31779,45.04181],[-93.31788,45.04183],[-93.31939,45.04216],[-93.31943,45.04217],[-93.31943,45.04202],[-93.31943,45.0419],[-93.32019,45.04207],[-93.32031,45.0421],[-93.32261,45.04264],[-93.32295,45.04211],[-93.32297,45.04201],[-93.32311,45.04115],[-93.32314,45.041],[-93.32321,45.04058]]]},"properties":{"id":"crime-bg-270531002001","layer":"crime_block_group","name":"Block group 1, tract 100200","county":"Hennepin","state":"MN","countyFips":"27053","attributes":{"geoid":"270531002001","tract":"100200","blockGroup":"1","statYear":2025,"firstYear":2018,"lastYear":2025,"total2018":49,"total2019":41,"total2020":36,"total2021":27,"total2022":36,"total2023":53,"total2024":32,"total2025":35,"reportedTotal":35,"reportedTotalBand":"25–44","suppressed":false},"confidence":"confirmed","sourceDate":"2025"}},{"type":"Feature","geometry":{"type":"Polygon","coordinates":[[[-93.30668,45.03935],[-93.30667,45.03927],[-93.30666,45.03849],[-93.30663,45.03726],[-93.30663,45.03698],[-93.30662,45.03668],[-93.30659,45.03545],[-93.306,45.03545],[-93.30597,45.03338],[-93.30474,45.03338],[-93.30468,45.03338],[-93.30461,45.03338],[-93.30341,45.03337],[-93.30212,45.03337],[-93.30086,45.03336],[-93.30084,45.03126],[-93.29957,45.03126],[-93.29864,45.03127],[-93.29854,45.03128],[-93.29844,45.03129],[-93.2983,45.03131],[-93.2983,45.03154],[-93.2983,45.03158],[-93.29772,45.03157],[-93.29702,45.03154],[-93.29575,45.03153],[-93.29575,45.03252],[-93.29575,45.03334],[-93.29575,45.03348],[-93.29576,45.03543],[-93.29578,45.03545],[-93.29706,45.03545],[-93.29834,45.03545],[-93.29896,45.03545],[-93.29901,45.03545],[-93.29904,45.03663],[-93.29905,45.03692],[-93.29906,45.03726],[-93.29907,45.03766],[-93.30035,45.03795],[-93.3011,45.03811],[-93.30172,45.03825],[-93.30415,45.03879],[-93.3045,45.03887],[-93.30517,45.03902],[-93.30539,45.03907],[-93.30668,45.03935]]]},"properties":{"id":"crime-bg-270531002002","layer":"crime_block_group","name":"Block group 2, tract 100200","county":"Hennepin","state":"MN","countyFips":"27053","attributes":{"geoid":"270531002002","tract":"100200","blockGroup":"2","statYear":2025,"firstYear":2018,"lastYear":2025,"total2018":62,"total2019":68,"total2020":62,"total2021":59,"total2022":77,"total2023":68,"total2024":76,"total2025":55,"reportedTotal":55,"reportedTotalBand":"45–74","suppressed":false},"confidence":"confirmed","sourceDate":"2025"}},{"type":"Feature","geometry":{"type":"Polygon","coordinates":[[[-93.29907,45.03766],[-93.29906,45.03726],[-93.29905,45.03692],[-93.29904,45.03663],[-93.29901,45.03545],[-93.29896,45.03545],[-93.29834,45.03545],[-93.29706,45.03545],[-93.29578,45.03545],[-93.29576,45.03543],[-93.29575,45.03348],[-93.29575,45.03334],[-93.29575,45.03252],[-93.29575,45.03153],[-93.29448,45.03153],[-93.29322,45.03153],[-93.2932,45.03153],[-93.29194,45.03152],[-93.29065,45.03152],[-93.28938,45.03151],[-93.28811,45.03151],[-93.28811,45.03237],[-93.28811,45.03268],[-93.28811,45.03272],[-93.28815,45.03276],[-93.28975,45.03417],[-93.29007,45.03445],[-93.29041,45.03473],[-93.29077,45.03498],[-93.2911,45.03519],[-93.29115,45.03522],[-93.29156,45.03545],[-93.29196,45.03562],[-93.29331,45.03621],[-93.29383,45.0364],[-93.29403,45.03646],[-93.29436,45.03658],[-93.29489,45.03674],[-93.29544,45.03688],[-93.29791,45.03741],[-93.29907,45.03766]]]},"properties":{"id":"crime-bg-270531002003","layer":"crime_block_group","name":"Block group 3, tract 100200","county":"Hennepin","state":"MN","countyFips":"27053","attributes":{"geoid":"270531002003","tract":"100200","blockGroup":"3","statYear":2025,"firstYear":2018,"lastYear":2025,"total2018":32,"total2019":52,"total2020":49,"total2021":36,"total2022":41,"total2023":55,"total2024":54,"total2025":39,"reportedTotal":39,"reportedTotalBand":"25–44","suppressed":false},"confidence":"confirmed","sourceDate":"2025"}},{"type":"Feature","geometry":{"type":"Polygon","coordinates":[[[-93.29065,45.03119],[-93.29066,45.03117],[-93.29064,45.02953],[-93.29064,45.02938],[-93.29063,45.02758],[-93.2906,45.02577],[-93.29057,45.02395],[-93.28933,45.02394],[-93.2893,45.02394],[-93.28806,45.02393],[-93.28654,45.02393],[-93.28602,45.02393],[-93.2856,45.02393],[-93.28469,45.02392],[-93.28434,45.02392],[-93.28392,45.02392],[-93.28374,45.02392],[-93.28268,45.02392],[-93.28259,45.02383],[-93.28104,45.02383],[-93.28085,45.02382],[-93.27931,45.02384],[-93.27815,45.02384],[-93.27863,45.02498],[-93.28003,45.02718],[-93.28118,45.02876],[-93.28147,45.02931],[-93.28219,45.03075],[-93.2827,45.03243],[-93.28299,45.03236],[-93.28406,45.0321],[-93.28602,45.03163],[-93.28637,45.03156],[-93.28673,45.03151],[-93.28701,45.0315],[-93.28725,45.0315],[-93.28759,45.0315],[-93.28788,45.0315],[-93.28811,45.03151],[-93.28938,45.03151],[-93.29065,45.03152],[-93.29065,45.03119]]]},"properties":{"id":"crime-bg-270531004001","layer":"crime_block_group","name":"Block group 1, tract 100400","county":"Hennepin","state":"MN","countyFips":"27053","attributes":{"geoid":"270531004001","tract":"100400","blockGroup":"1","statYear":2025,"firstYear":2018,"lastYear":2025,"total2018":70,"total2019":88,"total2020":100,"total2021":82,"total2022":80,"total2023":79,"total2024":63,"total2025":55,"reportedTotal":55,"reportedTotalBand":"45–74","suppressed":false},"confidence":"confirmed","sourceDate":"2025"}},{"type":"Feature","geometry":{"type":"Polygon","coordinates":[[[-93.29575,45.03153],[-93.29575,45.03123],[-93.29573,45.02957],[-93.2957,45.02761],[-93.29568,45.0276],[-93.29564,45.0258],[-93.2956,45.02399],[-93.29433,45.02398],[-93.29309,45.02397],[-93.29183,45.02396],[-93.29057,45.02395],[-93.2906,45.02577],[-93.29063,45.02758],[-93.29064,45.02938],[-93.29064,45.02953],[-93.29066,45.03117],[-93.29065,45.03119],[-93.29065,45.03152],[-93.29194,45.03152],[-93.2932,45.03153],[-93.29322,45.03153],[-93.29448,45.03153],[-93.29575,45.03153]]]},"properties":{"id":"crime-bg-270531004002","layer":"crime_block_group","name":"Block group 2, tract 100400","county":"Hennepin","state":"MN","countyFips":"27053","attributes":{"geoid":"270531004002","tract":"100400","blockGroup":"2","statYear":2025,"firstYear":2018,"lastYear":2025,"total2018":62,"total2019":79,"total2020":60,"total2021":55,"total2022":51,"total2023":79,"total2024":62,"total2025":48,"reportedTotal":48,"reportedTotalBand":"45–74","suppressed":false},"confidence":"confirmed","sourceDate":"2025"}},{"type":"Feature","geometry":{"type":"Polygon","coordinates":[[[-93.30844,45.03132],[-93.30848,45.03132],[-93.30844,45.02951],[-93.3084,45.02771],[-93.30837,45.0259],[-93.30833,45.02409],[-93.30831,45.02409],[-93.30705,45.02408],[-93.30578,45.02407],[-93.3045,45.02406],[-93.30322,45.02405],[-93.30193,45.02404],[-93.2981,45.024],[-93.29807,45.02401],[-93.29803,45.02401],[-93.29684,45.024],[-93.2956,45.02399],[-93.29564,45.0258],[-93.29568,45.0276],[-93.2957,45.02761],[-93.29573,45.02957],[-93.29575,45.03123],[-93.29575,45.03153],[-93.29702,45.03154],[-93.29772,45.03157],[-93.2983,45.03158],[-93.2983,45.03154],[-93.2983,45.03131],[-93.29844,45.03129],[-93.29854,45.03128],[-93.29864,45.03127],[-93.29957,45.03126],[-93.30084,45.03126],[-93.30086,45.03336],[-93.30212,45.03337],[-93.30341,45.03337],[-93.30461,45.03338],[-93.30468,45.03338],[-93.30474,45.03338],[-93.30597,45.03338],[-93.30593,45.03131],[-93.3072,45.03132],[-93.30844,45.03132]]]},"properties":{"id":"crime-bg-270531004003","layer":"crime_block_group","name":"Block group 3, tract 100400","county":"Hennepin","state":"MN","countyFips":"27053","attributes":{"geoid":"270531004003","tract":"100400","blockGroup":"3","statYear":2025,"firstYear":2018,"lastYear":2025,"total2018":47,"total2019":46,"total2020":51,"total2021":50,"total2022":51,"total2023":38,"total2024":45,"total2025":31,"reportedTotal":31,"reportedTotalBand":"25–44","suppressed":false},"confidence":"confirmed","sourceDate":"2025"}},{"type":"Feature","geometry":{"type":"Polygon","coordinates":[[[-93.28343,45.03536],[-93.28322,45.03345],[-93.28296,45.03294],[-93.2827,45.03243],[-93.28219,45.03075],[-93.28147,45.02931],[-93.28035,45.02932],[-93.27984,45.02932],[-93.27973,45.02932],[-93.27931,45.02888],[-93.27898,45.02846],[-93.27868,45.02805],[-93.27858,45.02788],[-93.27839,45.02773],[-93.2781,45.02764],[-93.27797,45.02761],[-93.27782,45.02758],[-93.27769,45.02758],[-93.27575,45.02758],[-93.27281,45.02759],[-93.26899,45.0276],[-93.26886,45.0276],[-93.26874,45.0276],[-93.26826,45.0276],[-93.26775,45.0276],[-93.26768,45.02761],[-93.26728,45.02761],[-93.26645,45.0276],[-93.26535,45.0276],[-93.26513,45.0276],[-93.26456,45.0276],[-93.26411,45.0276],[-93.26399,45.0276],[-93.2639,45.0276],[-93.2632,45.0276],[-93.26309,45.0276],[-93.26238,45.0276],[-93.2621,45.02944],[-93.261,45.03027],[-93.25998,45.03051],[-93.25996,45.03058],[-93.25996,45.03076],[-93.25996,45.03122],[-93.25995,45.03192],[-93.25993,45.03374],[-93.25993,45.03465],[-93.25992,45.03503],[-93.25992,45.03554],[-93.26002,45.03554],[-93.26011,45.03554],[-93.2608,45.03554],[-93.26105,45.03554],[-93.26109,45.03554],[-93.26204,45.03554],[-93.2625,45.03554],[-93.26274,45.03554],[-93.2629,45.03554],[-93.26381,45.03554],[-93.2651,45.03554],[-93.26639,45.03554],[-93.26761,45.03554],[-93.26767,45.03554],[-93.26774,45.03554],[-93.26855,45.03552],[-93.26938,45.03551],[-93.27005,45.03549],[-93.27173,45.03546],[-93.27203,45.0355],[-93.27215,45.0355],[-93.27283,45.03546],[-93.27307,45.03546],[-93.27315,45.03546],[-93.27321,45.03546],[-93.27331,45.03546],[-93.27353,45.03546],[-93.27522,45.03546],[-93.27572,45.03546],[-93.27588,45.03546],[-93.27603,45.03546],[-93.27628,45.03546],[-93.27735,45.03547],[-93.27797,45.03547],[-93.27801,45.03546],[-93.27803,45.03546],[-93.28205,45.03537],[-93.28243,45.03536],[-93.28249,45.03536],[-93.28296,45.03536],[-93.28343,45.03536]]]},"properties":{"id":"crime-bg-270531005001","layer":"crime_block_group","name":"Block group 1, tract 100500","county":"Hennepin","state":"MN","countyFips":"27053","attributes":{"geoid":"270531005001","tract":"100500","blockGroup":"1","statYear":2025,"firstYear":2018,"lastYear":2025,"total2018":19,"total2019":17,"total2020":14,"total2021":34,"total2022":32,"total2023":33,"total2024":26,"total2025":18,"reportedTotal":18,"reportedTotalBand":"0–24","suppressed":false},"confidence":"confirmed","sourceDate":"2025"}},{"type":"Feature","geometry":{"type":"Polygon","coordinates":[[[-93.28147,45.02931],[-93.28118,45.02876],[-93.28003,45.02718],[-93.27863,45.02498],[-93.27815,45.02384],[-93.27793,45.02296],[-93.27747,45.02193],[-93.27713,45.0203],[-93.2766,45.01771],[-93.27589,45.01591],[-93.27507,45.01474],[-93.27489,45.01313],[-93.27453,45.01313],[-93.27441,45.01314],[-93.2731,45.01316],[-93.27287,45.01317],[-93.27167,45.01317],[-93.27005,45.01316],[-93.26885,45.01316],[-93.26775,45.01316],[-93.26767,45.01316],[-93.26694,45.01316],[-93.26614,45.01316],[-93.26611,45.01316],[-93.26462,45.01316],[-93.26308,45.01316],[-93.2631,45.01499],[-93.26311,45.01588],[-93.26312,45.01682],[-93.26315,45.01859],[-93.26315,45.01874],[-93.26315,45.01889],[-93.26312,45.01905],[-93.26294,45.01974],[-93.26273,45.02052],[-93.26269,45.02081],[-93.26269,45.02101],[-93.26271,45.02122],[-93.26292,45.02227],[-93.26328,45.02405],[-93.26339,45.02417],[-93.26373,45.02573],[-93.26382,45.02611],[-93.26383,45.02616],[-93.26395,45.02667],[-93.26411,45.0276],[-93.26456,45.0276],[-93.26513,45.0276],[-93.26535,45.0276],[-93.26645,45.0276],[-93.26728,45.02761],[-93.26768,45.02761],[-93.26775,45.0276],[-93.26826,45.0276],[-93.26874,45.0276],[-93.26886,45.0276],[-93.26899,45.0276],[-93.27281,45.02759],[-93.27575,45.02758],[-93.27769,45.02758],[-93.27782,45.02758],[-93.27797,45.02761],[-93.2781,45.02764],[-93.27839,45.02773],[-93.27858,45.02788],[-93.27868,45.02805],[-93.27898,45.02846],[-93.27931,45.02888],[-93.27973,45.02932],[-93.27984,45.02932],[-93.28035,45.02932],[-93.28147,45.02931]]]},"properties":{"id":"crime-bg-270531005002","layer":"crime_block_group","name":"Block group 2, tract 100500","county":"Hennepin","state":"MN","countyFips":"27053","attributes":{"geoid":"270531005002","tract":"100500","blockGroup":"2","statYear":2025,"firstYear":2018,"lastYear":2025,"total2018":72,"total2019":49,"total2020":75,"total2021":69,"total2022":69,"total2023":62,"total2024":85,"total2025":72,"reportedTotal":72,"reportedTotalBand":"45–74","suppressed":false},"confidence":"confirmed","sourceDate":"2025"}},{"type":"Feature","geometry":{"type":"Polygon","coordinates":[[[-93.31343,45.0241],[-93.31339,45.02228],[-93.31335,45.02047],[-93.31335,45.01867],[-93.31208,45.01866],[-93.31081,45.01866],[-93.30953,45.01866],[-93.30827,45.01865],[-93.30827,45.02046],[-93.3083,45.02226],[-93.30833,45.02409],[-93.3096,45.02409],[-93.31089,45.02409],[-93.31214,45.02409],[-93.31343,45.0241]]]},"properties":{"id":"crime-bg-270531007001","layer":"crime_block_group","name":"Block group 1, tract 100700","county":"Hennepin","state":"MN","countyFips":"27053","attributes":{"geoid":"270531007001","tract":"100700","blockGroup":"1","statYear":2025,"firstYear":2018,"lastYear":2025,"total2018":41,"total2019":47,"total2020":47,"total2021":56,"total2022":59,"total2023":57,"total2024":73,"total2025":52,"reportedTotal":52,"reportedTotalBand":"45–74","suppressed":false},"confidence":"confirmed","sourceDate":"2025"}},{"type":"Feature","geometry":{"type":"Polygon","coordinates":[[[-93.31853,45.02409],[-93.31848,45.02228],[-93.31844,45.02047],[-93.31844,45.01868],[-93.31716,45.01867],[-93.31589,45.01867],[-93.31461,45.01867],[-93.31335,45.01867],[-93.31335,45.02047],[-93.31339,45.02228],[-93.31343,45.0241],[-93.3147,45.0241],[-93.31597,45.0241],[-93.31725,45.02409],[-93.31853,45.02409]]]},"properties":{"id":"crime-bg-270531007002","layer":"crime_block_group","name":"Block group 2, tract 100700","county":"Hennepin","state":"MN","countyFips":"27053","attributes":{"geoid":"270531007002","tract":"100700","blockGroup":"2","statYear":2025,"firstYear":2018,"lastYear":2025,"total2018":26,"total2019":17,"total2020":20,"total2021":23,"total2022":23,"total2023":23,"total2024":28,"total2025":29,"reportedTotal":29,"reportedTotalBand":"25–44","suppressed":false},"confidence":"confirmed","sourceDate":"2025"}},{"type":"Feature","geometry":{"type":"Polygon","coordinates":[[[-93.31849,45.01338],[-93.31849,45.01325],[-93.31841,45.01323],[-93.318,45.01321],[-93.31768,45.0132],[-93.31746,45.01321],[-93.31726,45.01327],[-93.3165,45.01325],[-93.31588,45.01325],[-93.3146,45.01325],[-93.31334,45.01325],[-93.31334,45.0136],[-93.31335,45.01505],[-93.31335,45.01686],[-93.31335,45.01867],[-93.31461,45.01867],[-93.31589,45.01867],[-93.31716,45.01867],[-93.31844,45.01868],[-93.31843,45.01686],[-93.31844,45.01507],[-93.31844,45.01425],[-93.31847,45.01377],[-93.31849,45.01349],[-93.31849,45.01343],[-93.31849,45.01338]]]},"properties":{"id":"crime-bg-270531007003","layer":"crime_block_group","name":"Block group 3, tract 100700","county":"Hennepin","state":"MN","countyFips":"27053","attributes":{"geoid":"270531007003","tract":"100700","blockGroup":"3","statYear":2025,"firstYear":2018,"lastYear":2025,"total2018":38,"total2019":20,"total2020":29,"total2021":20,"total2022":28,"total2023":17,"total2024":33,"total2025":29,"reportedTotal":29,"reportedTotalBand":"25–44","suppressed":false},"confidence":"confirmed","sourceDate":"2025"}},{"type":"Feature","geometry":{"type":"Polygon","coordinates":[[[-93.31335,45.01867],[-93.31335,45.01686],[-93.31335,45.01505],[-93.31334,45.0136],[-93.31334,45.01325],[-93.31204,45.01325],[-93.31077,45.01324],[-93.30951,45.01324],[-93.30823,45.01324],[-93.30824,45.01506],[-93.30825,45.01685],[-93.30827,45.01688],[-93.30827,45.01865],[-93.30953,45.01866],[-93.31081,45.01866],[-93.31208,45.01866],[-93.31335,45.01867]]]},"properties":{"id":"crime-bg-270531007004","layer":"crime_block_group","name":"Block group 4, tract 100700","county":"Hennepin","state":"MN","countyFips":"27053","attributes":{"geoid":"270531007004","tract":"100700","blockGroup":"4","statYear":2025,"firstYear":2018,"lastYear":2025,"total2018":69,"total2019":54,"total2020":57,"total2021":41,"total2022":64,"total2023":47,"total2024":43,"total2025":49,"reportedTotal":49,"reportedTotalBand":"45–74","suppressed":false},"confidence":"confirmed","sourceDate":"2025"}},{"type":"Feature","geometry":{"type":"Polygon","coordinates":[[[-93.30322,45.02405],[-93.30319,45.02223],[-93.30319,45.02042],[-93.30319,45.01862],[-93.30191,45.01862],[-93.30064,45.01861],[-93.29937,45.0186],[-93.2981,45.01859],[-93.29804,45.01859],[-93.29685,45.01858],[-93.29684,45.02037],[-93.29684,45.02039],[-93.29684,45.02218],[-93.29684,45.024],[-93.29803,45.02401],[-93.29807,45.02401],[-93.2981,45.024],[-93.30193,45.02404],[-93.30322,45.02405]]]},"properties":{"id":"crime-bg-270531008001","layer":"crime_block_group","name":"Block group 1, tract 100800","county":"Hennepin","state":"MN","countyFips":"27053","attributes":{"geoid":"270531008001","tract":"100800","blockGroup":"1","statYear":2025,"firstYear":2018,"lastYear":2025,"total2018":42,"total2019":37,"total2020":43,"total2021":38,"total2022":43,"total2023":45,"total2024":52,"total2025":38,"reportedTotal":38,"reportedTotalBand":"25–44","suppressed":false},"confidence":"confirmed","sourceDate":"2025"}},{"type":"Feature","geometry":{"type":"Polygon","coordinates":[[[-93.30319,45.01862],[-93.30319,45.01682],[-93.30319,45.01502],[-93.30319,45.0132],[-93.30192,45.01319],[-93.30064,45.01319],[-93.29938,45.01318],[-93.29936,45.01318],[-93.29811,45.01317],[-93.29808,45.01317],[-93.29684,45.01316],[-93.29686,45.01497],[-93.29684,45.01676],[-93.29685,45.01678],[-93.29685,45.01858],[-93.29804,45.01859],[-93.2981,45.01859],[-93.29937,45.0186],[-93.30064,45.01861],[-93.30191,45.01862],[-93.30319,45.01862]]]},"properties":{"id":"crime-bg-270531008002","layer":"crime_block_group","name":"Block group 2, tract 100800","county":"Hennepin","state":"MN","countyFips":"27053","attributes":{"geoid":"270531008002","tract":"100800","blockGroup":"2","statYear":2025,"firstYear":2018,"lastYear":2025,"total2018":57,"total2019":79,"total2020":85,"total2021":76,"total2022":72,"total2023":89,"total2024":78,"total2025":71,"reportedTotal":71,"reportedTotalBand":"45–74","suppressed":false},"confidence":"confirmed","sourceDate":"2025"}},{"type":"Feature","geometry":{"type":"Polygon","coordinates":[[[-93.30827,45.01865],[-93.30827,45.01688],[-93.30825,45.01685],[-93.30824,45.01506],[-93.30823,45.01324],[-93.30698,45.01323],[-93.3057,45.01322],[-93.30444,45.01321],[-93.30319,45.0132],[-93.30319,45.01502],[-93.30319,45.01682],[-93.30319,45.01862],[-93.30445,45.01863],[-93.30574,45.01864],[-93.307,45.01865],[-93.30825,45.01866],[-93.30827,45.01865]]]},"properties":{"id":"crime-bg-270531008003","layer":"crime_block_group","name":"Block group 3, tract 100800","county":"Hennepin","state":"MN","countyFips":"27053","attributes":{"geoid":"270531008003","tract":"100800","blockGroup":"3","statYear":2025,"firstYear":2018,"lastYear":2025,"total2018":69,"total2019":57,"total2020":58,"total2021":58,"total2022":54,"total2023":67,"total2024":66,"total2025":63,"reportedTotal":63,"reportedTotalBand":"45–74","suppressed":false},"confidence":"confirmed","sourceDate":"2025"}},{"type":"Feature","geometry":{"type":"Polygon","coordinates":[[[-93.30831,45.02409],[-93.30833,45.02409],[-93.3083,45.02226],[-93.30827,45.02046],[-93.30827,45.01865],[-93.30825,45.01866],[-93.307,45.01865],[-93.30574,45.01864],[-93.30445,45.01863],[-93.30319,45.01862],[-93.30319,45.02042],[-93.30319,45.02223],[-93.30322,45.02405],[-93.3045,45.02406],[-93.30578,45.02407],[-93.30705,45.02408],[-93.30831,45.02409]]]},"properties":{"id":"crime-bg-270531008004","layer":"crime_block_group","name":"Block group 4, tract 100800","county":"Hennepin","state":"MN","countyFips":"27053","attributes":{"geoid":"270531008004","tract":"100800","blockGroup":"4","statYear":2025,"firstYear":2018,"lastYear":2025,"total2018":66,"total2019":72,"total2020":69,"total2021":66,"total2022":80,"total2023":69,"total2024":122,"total2025":57,"reportedTotal":57,"reportedTotalBand":"45–74","suppressed":false},"confidence":"confirmed","sourceDate":"2025"}},{"type":"Feature","geometry":{"type":"Polygon","coordinates":[[[-93.28806,45.02393],[-93.28804,45.02212],[-93.28803,45.0203],[-93.28802,45.0185],[-93.28802,45.01669],[-93.28802,45.0149],[-93.28801,45.01311],[-93.28649,45.01311],[-93.28642,45.01311],[-93.28497,45.01311],[-93.28489,45.01311],[-93.28345,45.01311],[-93.28336,45.01312],[-93.28276,45.01312],[-93.28239,45.01312],[-93.28192,45.01311],[-93.28184,45.01311],[-93.28079,45.01312],[-93.28068,45.01312],[-93.27881,45.01312],[-93.27872,45.01312],[-93.27783,45.01312],[-93.2778,45.0131],[-93.27622,45.0131],[-93.27591,45.01311],[-93.27489,45.01313],[-93.27507,45.01474],[-93.27589,45.01591],[-93.2766,45.01771],[-93.27713,45.0203],[-93.27747,45.02193],[-93.27793,45.02296],[-93.27815,45.02384],[-93.27931,45.02384],[-93.28085,45.02382],[-93.28104,45.02383],[-93.28259,45.02383],[-93.28268,45.02392],[-93.28374,45.02392],[-93.28392,45.02392],[-93.28434,45.02392],[-93.28469,45.02392],[-93.2856,45.02393],[-93.28602,45.02393],[-93.28654,45.02393],[-93.28806,45.02393]]]},"properties":{"id":"crime-bg-270531009001","layer":"crime_block_group","name":"Block group 1, tract 100900","county":"Hennepin","state":"MN","countyFips":"27053","attributes":{"geoid":"270531009001","tract":"100900","blockGroup":"1","statYear":2025,"firstYear":2018,"lastYear":2025,"total2018":55,"total2019":40,"total2020":57,"total2021":67,"total2022":40,"total2023":57,"total2024":56,"total2025":37,"reportedTotal":37,"reportedTotalBand":"25–44","suppressed":false},"confidence":"confirmed","sourceDate":"2025"}},{"type":"Feature","geometry":{"type":"Polygon","coordinates":[[[-93.29309,45.02397],[-93.29308,45.02215],[-93.29307,45.02036],[-93.29306,45.02034],[-93.29307,45.01855],[-93.29307,45.01675],[-93.29306,45.01673],[-93.29305,45.01494],[-93.29305,45.01347],[-93.29305,45.01316],[-93.29306,45.01314],[-93.29179,45.01313],[-93.29163,45.01313],[-93.29053,45.01313],[-93.28981,45.01312],[-93.28928,45.01312],[-93.28801,45.01311],[-93.28802,45.0149],[-93.28802,45.01669],[-93.28802,45.0185],[-93.28803,45.0203],[-93.28804,45.02212],[-93.28806,45.02393],[-93.2893,45.02394],[-93.28933,45.02394],[-93.29057,45.02395],[-93.29183,45.02396],[-93.29309,45.02397]]]},"properties":{"id":"crime-bg-270531009002","layer":"crime_block_group","name":"Block group 2, tract 100900","county":"Hennepin","state":"MN","countyFips":"27053","attributes":{"geoid":"270531009002","tract":"100900","blockGroup":"2","statYear":2025,"firstYear":2018,"lastYear":2025,"total2018":124,"total2019":149,"total2020":162,"total2021":116,"total2022":129,"total2023":108,"total2024":88,"total2025":94,"reportedTotal":94,"reportedTotalBand":"75–114","suppressed":false},"confidence":"confirmed","sourceDate":"2025"}},{"type":"Feature","geometry":{"type":"Polygon","coordinates":[[[-93.29686,45.01497],[-93.29684,45.01316],[-93.2963,45.01316],[-93.29556,45.01316],[-93.29519,45.01315],[-93.29431,45.01315],[-93.29306,45.01314],[-93.29305,45.01316],[-93.29305,45.01347],[-93.29305,45.01494],[-93.29306,45.01673],[-93.29307,45.01675],[-93.29307,45.01855],[-93.29306,45.02034],[-93.29307,45.02036],[-93.29308,45.02215],[-93.29309,45.02397],[-93.29433,45.02398],[-93.2956,45.02399],[-93.29684,45.024],[-93.29684,45.02218],[-93.29684,45.02039],[-93.29684,45.02037],[-93.29685,45.01858],[-93.29685,45.01678],[-93.29684,45.01676],[-93.29686,45.01497]]]},"properties":{"id":"crime-bg-270531009003","layer":"crime_block_group","name":"Block group 3, tract 100900","county":"Hennepin","state":"MN","countyFips":"27053","attributes":{"geoid":"270531009003","tract":"100900","blockGroup":"3","statYear":2025,"firstYear":2018,"lastYear":2025,"total2018":95,"total2019":95,"total2020":93,"total2021":104,"total2022":133,"total2023":132,"total2024":104,"total2025":99,"reportedTotal":99,"reportedTotalBand":"75–114","suppressed":false},"confidence":"confirmed","sourceDate":"2025"}},{"type":"Feature","geometry":{"type":"Polygon","coordinates":[[[-93.23712,45.01863],[-93.23713,45.01682],[-93.23586,45.01682],[-93.23459,45.01682],[-93.23328,45.01683],[-93.23201,45.01683],[-93.23158,45.01683],[-93.23071,45.01683],[-93.22943,45.01684],[-93.22816,45.01684],[-93.22686,45.01684],[-93.22686,45.01892],[-93.22816,45.01899],[-93.22853,45.01902],[-93.2289,45.01907],[-93.22926,45.01914],[-93.22944,45.01918],[-93.22961,45.01922],[-93.22967,45.01925],[-93.23,45.01936],[-93.23036,45.01951],[-93.23071,45.01968],[-93.23076,45.01971],[-93.23101,45.01984],[-93.23128,45.02003],[-93.23153,45.02024],[-93.23174,45.02045],[-93.23198,45.02075],[-93.23216,45.02098],[-93.2325,45.02142],[-93.23287,45.02185],[-93.23328,45.02226],[-93.2337,45.02255],[-93.23413,45.02282],[-93.23457,45.02308],[-93.23497,45.02329],[-93.23539,45.02346],[-93.23583,45.02362],[-93.23614,45.02373],[-93.23646,45.02383],[-93.23679,45.02391],[-93.23712,45.02397],[-93.23712,45.02347],[-93.23712,45.02226],[-93.23711,45.02044],[-93.23711,45.02043],[-93.23712,45.01863]]]},"properties":{"id":"crime-bg-270531012001","layer":"crime_block_group","name":"Block group 1, tract 101200","county":"Hennepin","state":"MN","countyFips":"27053","attributes":{"geoid":"270531012001","tract":"101200","blockGroup":"1","statYear":2025,"firstYear":2018,"lastYear":2025,"total2018":27,"total2019":22,"total2020":17,"total2021":23,"total2022":24,"total2023":18,"total2024":11,"total2025":13,"reportedTotal":13,"reportedTotalBand":"0–24","suppressed":false},"confidence":"confirmed","sourceDate":"2025"}},{"type":"Feature","geometry":{"type":"Polygon","coordinates":[[[-93.23714,45.015],[-93.23715,45.01319],[-93.23713,45.01319],[-93.23589,45.01319],[-93.23458,45.01319],[-93.23329,45.0132],[-93.23318,45.0132],[-93.23201,45.0132],[-93.23071,45.01321],[-93.22942,45.01321],[-93.22813,45.01321],[-93.22685,45.01321],[-93.22685,45.01502],[-93.22686,45.01684],[-93.22816,45.01684],[-93.22943,45.01684],[-93.23071,45.01683],[-93.23158,45.01683],[-93.23201,45.01683],[-93.23328,45.01683],[-93.23459,45.01682],[-93.23586,45.01682],[-93.23713,45.01682],[-93.23714,45.015]]]},"properties":{"id":"crime-bg-270531012002","layer":"crime_block_group","name":"Block group 2, tract 101200","county":"Hennepin","state":"MN","countyFips":"27053","attributes":{"geoid":"270531012002","tract":"101200","blockGroup":"2","statYear":2025,"firstYear":2018,"lastYear":2025,"total2018":21,"total2019":23,"total2020":22,"total2021":23,"total2022":20,"total2023":12,"total2024":21,"total2025":11,"reportedTotal":11,"reportedTotalBand":"0–24","suppressed":false},"confidence":"confirmed","sourceDate":"2025"}},{"type":"Feature","geometry":{"type":"Polygon","coordinates":[[[-93.23716,45.01139],[-93.23716,45.00959],[-93.23588,45.00959],[-93.2346,45.00959],[-93.23329,45.00958],[-93.23202,45.00958],[-93.23074,45.00958],[-93.22946,45.00958],[-93.22817,45.00958],[-93.22689,45.00958],[-93.22665,45.00958],[-93.22662,45.00776],[-93.22664,45.00647],[-93.22665,45.00572],[-93.22642,45.00592],[-93.22581,45.00651],[-93.22469,45.00769],[-93.22282,45.00963],[-93.22125,45.01124],[-93.22117,45.01134],[-93.2209,45.01164],[-93.22055,45.01204],[-93.22023,45.01245],[-93.21968,45.01326],[-93.21964,45.0133],[-93.21962,45.01332],[-93.2196,45.01335],[-93.21976,45.01335],[-93.22003,45.01332],[-93.2205,45.01326],[-93.22166,45.01325],[-93.22289,45.01325],[-93.22298,45.01325],[-93.22417,45.01324],[-93.22536,45.01323],[-93.22567,45.01328],[-93.22583,45.01326],[-93.22604,45.01325],[-93.22663,45.01324],[-93.22685,45.01321],[-93.22813,45.01321],[-93.22942,45.01321],[-93.23071,45.01321],[-93.23201,45.0132],[-93.23318,45.0132],[-93.23329,45.0132],[-93.23458,45.01319],[-93.23589,45.01319],[-93.23713,45.01319],[-93.23715,45.01319],[-93.23716,45.01139]]]},"properties":{"id":"crime-bg-270531012003","layer":"crime_block_group","name":"Block group 3, tract 101200","county":"Hennepin","state":"MN","countyFips":"27053","attributes":{"geoid":"270531012003","tract":"101200","blockGroup":"3","statYear":2025,"firstYear":2018,"lastYear":2025,"total2018":19,"total2019":24,"total2020":23,"total2021":19,"total2022":25,"total2023":15,"total2024":18,"total2025":10,"reportedTotal":10,"reportedTotalBand":"0–24","suppressed":false},"confidence":"confirmed","sourceDate":"2025"}},{"type":"Feature","geometry":{"type":"Polygon","coordinates":[[[-93.23717,45.00778],[-93.23717,45.00598],[-93.23589,45.00598],[-93.2346,45.00597],[-93.23331,45.00596],[-93.23204,45.00596],[-93.23075,45.00596],[-93.22947,45.00595],[-93.22812,45.00594],[-93.22692,45.00594],[-93.22692,45.00548],[-93.22665,45.00572],[-93.22664,45.00647],[-93.22662,45.00776],[-93.22665,45.00958],[-93.22689,45.00958],[-93.22817,45.00958],[-93.22946,45.00958],[-93.23074,45.00958],[-93.23202,45.00958],[-93.23329,45.00958],[-93.2346,45.00959],[-93.23588,45.00959],[-93.23716,45.00959],[-93.23717,45.00778]]]},"properties":{"id":"crime-bg-270531012004","layer":"crime_block_group","name":"Block group 4, tract 101200","county":"Hennepin","state":"MN","countyFips":"27053","attributes":{"geoid":"270531012004","tract":"101200","blockGroup":"4","statYear":2025,"firstYear":2018,"lastYear":2025,"total2018":45,"total2019":51,"total2020":52,"total2021":60,"total2022":55,"total2023":33,"total2024":42,"total2025":24,"reportedTotal":24,"reportedTotalBand":"0–24","suppressed":false},"confidence":"confirmed","sourceDate":"2025"}},{"type":"Feature","geometry":{"type":"Polygon","coordinates":[[[-93.31849,45.01325],[-93.3185,45.01287],[-93.31841,45.01277],[-93.31822,45.0125],[-93.31787,45.01217],[-93.31751,45.01184],[-93.31728,45.01164],[-93.31704,45.01143],[-93.31677,45.01119],[-93.31644,45.0109],[-93.31588,45.01035],[-93.31539,45.00989],[-93.3152,45.00972],[-93.31514,45.00968],[-93.31504,45.00964],[-93.31459,45.00964],[-93.31332,45.00964],[-93.3133,45.00964],[-93.31205,45.00964],[-93.31076,45.00964],[-93.3095,45.00964],[-93.30822,45.00963],[-93.30823,45.01144],[-93.30824,45.01322],[-93.30823,45.01324],[-93.30951,45.01324],[-93.31077,45.01324],[-93.31204,45.01325],[-93.31334,45.01325],[-93.3146,45.01325],[-93.31588,45.01325],[-93.3165,45.01325],[-93.31726,45.01327],[-93.31746,45.01321],[-93.31768,45.0132],[-93.318,45.01321],[-93.31841,45.01323],[-93.31849,45.01325]]]},"properties":{"id":"crime-bg-270531013001","layer":"crime_block_group","name":"Block group 1, tract 101300","county":"Hennepin","state":"MN","countyFips":"27053","attributes":{"geoid":"270531013001","tract":"101300","blockGroup":"1","statYear":2025,"firstYear":2018,"lastYear":2025,"total2018":97,"total2019":67,"total2020":70,"total2021":61,"total2022":73,"total2023":61,"total2024":71,"total2025":64,"reportedTotal":64,"reportedTotalBand":"45–74","suppressed":false},"confidence":"confirmed","sourceDate":"2025"}},{"type":"Feature","geometry":{"type":"Polygon","coordinates":[[[-93.31504,45.00964],[-93.31459,45.00913],[-93.31347,45.00783],[-93.3133,45.00765],[-93.3123,45.00651],[-93.31204,45.00634],[-93.31157,45.00603],[-93.30948,45.00469],[-93.30875,45.00422],[-93.30822,45.00388],[-93.3082,45.00386],[-93.3082,45.00514],[-93.3082,45.00603],[-93.30821,45.00783],[-93.30822,45.00963],[-93.3095,45.00964],[-93.31076,45.00964],[-93.31205,45.00964],[-93.3133,45.00964],[-93.31332,45.00964],[-93.31459,45.00964],[-93.31504,45.00964]]]},"properties":{"id":"crime-bg-270531013002","layer":"crime_block_group","name":"Block group 2, tract 101300","county":"Hennepin","state":"MN","countyFips":"27053","attributes":{"geoid":"270531013002","tract":"101300","blockGroup":"2","statYear":2025,"firstYear":2018,"lastYear":2025,"total2018":74,"total2019":79,"total2020":71,"total2021":68,"total2022":73,"total2023":64,"total2024":87,"total2025":53,"reportedTotal":53,"reportedTotalBand":"45–74","suppressed":false},"confidence":"confirmed","sourceDate":"2025"}},{"type":"Feature","geometry":{"type":"Polygon","coordinates":[[[-93.29431,45.01134],[-93.29431,45.00954],[-93.29307,45.00954],[-93.29179,45.00953],[-93.29053,45.00953],[-93.28927,45.00952],[-93.28802,45.00951],[-93.28799,45.00951],[-93.288,45.01075],[-93.288,45.01134],[-93.288,45.01197],[-93.28801,45.01222],[-93.28801,45.01311],[-93.28928,45.01312],[-93.28981,45.01312],[-93.29053,45.01313],[-93.29163,45.01313],[-93.29179,45.01313],[-93.29306,45.01314],[-93.29431,45.01315],[-93.2943,45.01313],[-93.29431,45.01134]]]},"properties":{"id":"crime-bg-270531016001","layer":"crime_block_group","name":"Block group 1, tract 101600","county":"Hennepin","state":"MN","countyFips":"27053","attributes":{"geoid":"270531016001","tract":"101600","blockGroup":"1","statYear":2025,"firstYear":2018,"lastYear":2025,"total2018":46,"total2019":78,"total2020":57,"total2021":68,"total2022":92,"total2023":96,"total2024":94,"total2025":82,"reportedTotal":82,"reportedTotalBand":"75–114","suppressed":false},"confidence":"confirmed","sourceDate":"2025"}},{"type":"Feature","geometry":{"type":"Polygon","coordinates":[[[-93.29431,45.00775],[-93.29431,45.00623],[-93.2942,45.00595],[-93.29409,45.00595],[-93.29305,45.00594],[-93.29255,45.00594],[-93.29179,45.00594],[-93.29102,45.00593],[-93.29044,45.00593],[-93.28951,45.00592],[-93.28931,45.00592],[-93.28799,45.00591],[-93.28799,45.00771],[-93.288,45.00949],[-93.28799,45.00951],[-93.28802,45.00951],[-93.28927,45.00952],[-93.29053,45.00953],[-93.29179,45.00953],[-93.29307,45.00954],[-93.29431,45.00954],[-93.29431,45.00775]]]},"properties":{"id":"crime-bg-270531016002","layer":"crime_block_group","name":"Block group 2, tract 101600","county":"Hennepin","state":"MN","countyFips":"27053","attributes":{"geoid":"270531016002","tract":"101600","blockGroup":"2","statYear":2025,"firstYear":2018,"lastYear":2025,"total2018":50,"total2019":58,"total2020":44,"total2021":38,"total2022":56,"total2023":63,"total2024":59,"total2025":77,"reportedTotal":77,"reportedTotalBand":"75–114","suppressed":false},"confidence":"confirmed","sourceDate":"2025"}},{"type":"Feature","geometry":{"type":"Polygon","coordinates":[[[-93.28245,45.00716],[-93.28245,45.00675],[-93.28244,45.00615],[-93.28244,45.00607],[-93.28244,45.00593],[-93.28234,45.00593],[-93.28225,45.00593],[-93.28178,45.00592],[-93.28176,45.00592],[-93.28024,45.00594],[-93.28021,45.00594],[-93.27871,45.00594],[-93.27856,45.00594],[-93.27852,45.00594],[-93.27795,45.00593],[-93.2772,45.00593],[-93.27515,45.00594],[-93.27512,45.00593],[-93.27444,45.00594],[-93.27489,45.01313],[-93.27591,45.01311],[-93.27622,45.0131],[-93.2778,45.0131],[-93.27783,45.01312],[-93.27872,45.01312],[-93.27881,45.01312],[-93.28068,45.01312],[-93.28079,45.01312],[-93.28184,45.01311],[-93.28192,45.01311],[-93.28239,45.01312],[-93.28239,45.01281],[-93.2824,45.01198],[-93.2824,45.01075],[-93.28243,45.00952],[-93.28244,45.00931],[-93.28243,45.00842],[-93.28245,45.00716]]]},"properties":{"id":"crime-bg-270531016003","layer":"crime_block_group","name":"Block group 3, tract 101600","county":"Hennepin","state":"MN","countyFips":"27053","attributes":{"geoid":"270531016003","tract":"101600","blockGroup":"3","statYear":2025,"firstYear":2018,"lastYear":2025,"total2018":30,"total2019":37,"total2020":31,"total2021":33,"total2022":19,"total2023":13,"total2024":18,"total2025":13,"reportedTotal":13,"reportedTotalBand":"0–24","suppressed":false},"confidence":"confirmed","sourceDate":"2025"}},{"type":"Feature","geometry":{"type":"Polygon","coordinates":[[[-93.28801,45.01311],[-93.28801,45.01222],[-93.288,45.01197],[-93.288,45.01134],[-93.288,45.01075],[-93.28799,45.00951],[-93.288,45.00949],[-93.28799,45.00771],[-93.28799,45.00591],[-93.28644,45.00592],[-93.2849,45.00592],[-93.28335,45.00592],[-93.28304,45.00593],[-93.28297,45.00594],[-93.28285,45.00594],[-93.28244,45.00593],[-93.28244,45.00607],[-93.28244,45.00615],[-93.28245,45.00675],[-93.28245,45.00716],[-93.28243,45.00842],[-93.28244,45.00931],[-93.28243,45.00952],[-93.2824,45.01075],[-93.2824,45.01198],[-93.28239,45.01281],[-93.28239,45.01312],[-93.28276,45.01312],[-93.28336,45.01312],[-93.28345,45.01311],[-93.28489,45.01311],[-93.28497,45.01311],[-93.28642,45.01311],[-93.28649,45.01311],[-93.28801,45.01311]]]},"properties":{"id":"crime-bg-270531016004","layer":"crime_block_group","name":"Block group 4, tract 101600","county":"Hennepin","state":"MN","countyFips":"27053","attributes":{"geoid":"270531016004","tract":"101600","blockGroup":"4","statYear":2025,"firstYear":2018,"lastYear":2025,"total2018":64,"total2019":55,"total2020":60,"total2021":39,"total2022":74,"total2023":92,"total2024":91,"total2025":77,"reportedTotal":77,"reportedTotalBand":"75–114","suppressed":false},"confidence":"confirmed","sourceDate":"2025"}},{"type":"Feature","geometry":{"type":"Polygon","coordinates":[[[-93.26071,45.01682],[-93.26066,45.01674],[-93.25902,45.01445],[-93.2581,45.01316],[-93.25795,45.01316],[-93.25765,45.01316],[-93.25758,45.01316],[-93.25751,45.01316],[-93.25675,45.01316],[-93.25555,45.01316],[-93.25433,45.01316],[-93.25311,45.01316],[-93.25246,45.01316],[-93.25092,45.01316],[-93.24911,45.01316],[-93.24736,45.01316],[-93.24734,45.01316],[-93.24734,45.01496],[-93.24734,45.01677],[-93.24751,45.01677],[-93.24912,45.01678],[-93.25091,45.01679],[-93.25246,45.0168],[-93.25312,45.0168],[-93.25434,45.01681],[-93.25554,45.01682],[-93.25676,45.01682],[-93.25682,45.01682],[-93.25795,45.01682],[-93.25917,45.01683],[-93.26053,45.01682],[-93.26071,45.01682]]]},"properties":{"id":"crime-bg-270531018001","layer":"crime_block_group","name":"Block group 1, tract 101800","county":"Hennepin","state":"MN","countyFips":"27053","attributes":{"geoid":"270531018001","tract":"101800","blockGroup":"1","statYear":2025,"firstYear":2018,"lastYear":2025,"total2018":67,"total2019":59,"total2020":65,"total2021":63,"total2022":66,"total2023":64,"total2024":63,"total2025":60,"reportedTotal":60,"reportedTotalBand":"45–74","suppressed":false},"confidence":"confirmed","sourceDate":"2025"}},{"type":"Feature","geometry":{"type":"Polygon","coordinates":[[[-93.2581,45.01316],[-93.25795,45.01298],[-93.25675,45.01145],[-93.25646,45.01108],[-93.25568,45.01009],[-93.2556,45.01],[-93.25547,45.00985],[-93.25541,45.00979],[-93.25532,45.00954],[-93.25521,45.00934],[-93.25392,45.00749],[-93.25366,45.00749],[-93.25245,45.0075],[-93.25245,45.00791],[-93.25239,45.00791],[-93.25091,45.00791],[-93.24913,45.0079],[-93.24734,45.0079],[-93.24733,45.00889],[-93.24732,45.00954],[-93.24732,45.00988],[-93.24733,45.01086],[-93.24734,45.01216],[-93.24734,45.01314],[-93.24734,45.01316],[-93.24736,45.01316],[-93.24911,45.01316],[-93.25092,45.01316],[-93.25246,45.01316],[-93.25311,45.01316],[-93.25433,45.01316],[-93.25555,45.01316],[-93.25675,45.01316],[-93.25751,45.01316],[-93.25758,45.01316],[-93.25765,45.01316],[-93.25795,45.01316],[-93.2581,45.01316]]]},"properties":{"id":"crime-bg-270531018002","layer":"crime_block_group","name":"Block group 2, tract 101800","county":"Hennepin","state":"MN","countyFips":"27053","attributes":{"geoid":"270531018002","tract":"101800","blockGroup":"2","statYear":2025,"firstYear":2018,"lastYear":2025,"total2018":69,"total2019":67,"total2020":86,"total2021":84,"total2022":84,"total2023":96,"total2024":105,"total2025":107,"reportedTotal":107,"reportedTotalBand":"75–114","suppressed":false},"confidence":"confirmed","sourceDate":"2025"}},{"type":"Feature","geometry":{"type":"Polygon","coordinates":[[[-93.26312,45.01682],[-93.26311,45.01588],[-93.2631,45.01499],[-93.26308,45.01316],[-93.26154,45.01316],[-93.26034,45.01317],[-93.26036,45.01217],[-93.26036,45.01108],[-93.26036,45.01],[-93.26017,45.00971],[-93.26009,45.0096],[-93.26006,45.00951],[-93.26004,45.00856],[-93.26004,45.00747],[-93.26005,45.00649],[-93.26005,45.00638],[-93.26023,45.00596],[-93.26025,45.00594],[-93.26025,45.00525],[-93.2589,45.00525],[-93.25755,45.00524],[-93.25757,45.00593],[-93.25752,45.00602],[-93.25731,45.00625],[-93.25715,45.00641],[-93.25702,45.00652],[-93.25697,45.00748],[-93.25545,45.00748],[-93.25501,45.00749],[-93.25398,45.00749],[-93.25392,45.00749],[-93.25521,45.00934],[-93.25532,45.00954],[-93.25541,45.00979],[-93.25547,45.00985],[-93.2556,45.01],[-93.25568,45.01009],[-93.25646,45.01108],[-93.25675,45.01145],[-93.25795,45.01298],[-93.2581,45.01316],[-93.25902,45.01445],[-93.26066,45.01674],[-93.26071,45.01682],[-93.26094,45.01679],[-93.26119,45.01673],[-93.26157,45.01681],[-93.26312,45.01682]]]},"properties":{"id":"crime-bg-270531018003","layer":"crime_block_group","name":"Block group 3, tract 101800","county":"Hennepin","state":"MN","countyFips":"27053","attributes":{"geoid":"270531018003","tract":"101800","blockGroup":"3","statYear":2025,"firstYear":2018,"lastYear":2025,"total2018":33,"total2019":46,"total2020":40,"total2021":58,"total2022":53,"total2023":58,"total2024":62,"total2025":58,"reportedTotal":58,"reportedTotalBand":"45–74","suppressed":false},"confidence":"confirmed","sourceDate":"2025"}},{"type":"Feature","geometry":{"type":"Polygon","coordinates":[[[-93.24227,45.00694],[-93.24227,45.00596],[-93.24101,45.00596],[-93.23973,45.00597],[-93.23846,45.00597],[-93.23717,45.00598],[-93.23717,45.00778],[-93.23716,45.00959],[-93.23716,45.01139],[-93.23715,45.01319],[-93.23843,45.01319],[-93.23969,45.01319],[-93.24096,45.01318],[-93.24225,45.01318],[-93.24224,45.01218],[-93.24224,45.01136],[-93.24224,45.01088],[-93.24224,45.00991],[-93.24224,45.00957],[-93.24225,45.00891],[-93.24226,45.00793],[-93.24226,45.00776],[-93.24227,45.00694]]]},"properties":{"id":"crime-bg-270531019001","layer":"crime_block_group","name":"Block group 1, tract 101900","county":"Hennepin","state":"MN","countyFips":"27053","attributes":{"geoid":"270531019001","tract":"101900","blockGroup":"1","statYear":2025,"firstYear":2018,"lastYear":2025,"total2018":15,"total2019":39,"total2020":32,"total2021":40,"total2022":47,"total2023":35,"total2024":41,"total2025":25,"reportedTotal":25,"reportedTotalBand":"25–44","suppressed":false},"confidence":"confirmed","sourceDate":"2025"}},{"type":"Feature","geometry":{"type":"Polygon","coordinates":[[[-93.24735,45.0069],[-93.24737,45.00593],[-93.24609,45.00593],[-93.2456,45.00594],[-93.24495,45.00594],[-93.24483,45.00594],[-93.24472,45.00594],[-93.24383,45.00595],[-93.24354,45.00595],[-93.24227,45.00596],[-93.24227,45.00694],[-93.24226,45.00776],[-93.24226,45.00793],[-93.24225,45.00891],[-93.24378,45.00891],[-93.24556,45.0089],[-93.24727,45.0089],[-93.24733,45.00889],[-93.24734,45.0079],[-93.24735,45.0069]]]},"properties":{"id":"crime-bg-270531019002","layer":"crime_block_group","name":"Block group 2, tract 101900","county":"Hennepin","state":"MN","countyFips":"27053","attributes":{"geoid":"270531019002","tract":"101900","blockGroup":"2","statYear":2025,"firstYear":2018,"lastYear":2025,"total2018":18,"total2019":22,"total2020":22,"total2021":29,"total2022":27,"total2023":36,"total2024":39,"total2025":35,"reportedTotal":35,"reportedTotalBand":"25–44","suppressed":false},"confidence":"confirmed","sourceDate":"2025"}},{"type":"Feature","geometry":{"type":"Polygon","coordinates":[[[-93.24734,45.01314],[-93.24734,45.01216],[-93.24733,45.01086],[-93.24732,45.00988],[-93.24732,45.00954],[-93.24733,45.00889],[-93.24727,45.0089],[-93.24556,45.0089],[-93.24378,45.00891],[-93.24225,45.00891],[-93.24224,45.00957],[-93.24224,45.00991],[-93.24224,45.01088],[-93.24224,45.01136],[-93.24224,45.01218],[-93.24225,45.01318],[-93.24377,45.01317],[-93.24557,45.01317],[-93.24734,45.01316],[-93.24734,45.01314]]]},"properties":{"id":"crime-bg-270531019003","layer":"crime_block_group","name":"Block group 3, tract 101900","county":"Hennepin","state":"MN","countyFips":"27053","attributes":{"geoid":"270531019003","tract":"101900","blockGroup":"3","statYear":2025,"firstYear":2018,"lastYear":2025,"total2018":33,"total2019":41,"total2020":28,"total2021":43,"total2022":47,"total2023":49,"total2024":51,"total2025":47,"reportedTotal":47,"reportedTotalBand":"45–74","suppressed":false},"confidence":"confirmed","sourceDate":"2025"}},{"type":"Feature","geometry":{"type":"Polygon","coordinates":[[[-93.31333,45.00061],[-93.31333,44.99881],[-93.31205,44.9988],[-93.31076,44.99878],[-93.30947,44.99878],[-93.30826,44.99876],[-93.3082,44.99876],[-93.3082,45.00056],[-93.3082,45.0024],[-93.3082,45.00386],[-93.30822,45.00388],[-93.30875,45.00422],[-93.30948,45.00469],[-93.31157,45.00603],[-93.31204,45.00634],[-93.3123,45.00651],[-93.3133,45.00765],[-93.31331,45.00603],[-93.31332,45.00422],[-93.31332,45.00241],[-93.31332,45.00159],[-93.31333,45.00061]]]},"properties":{"id":"crime-bg-270531020001","layer":"crime_block_group","name":"Block group 1, tract 102000","county":"Hennepin","state":"MN","countyFips":"27053","attributes":{"geoid":"270531020001","tract":"102000","blockGroup":"1","statYear":2025,"firstYear":2018,"lastYear":2025,"total2018":77,"total2019":53,"total2020":76,"total2021":76,"total2022":88,"total2023":76,"total2024":75,"total2025":68,"reportedTotal":68,"reportedTotalBand":"45–74","suppressed":false},"confidence":"confirmed","sourceDate":"2025"}},{"type":"Feature","geometry":{"type":"Polygon","coordinates":[[[-93.31857,45.00177],[-93.3186,45.00174],[-93.31857,45.00158],[-93.31853,45.00143],[-93.31845,45.00104],[-93.31845,45.00064],[-93.31846,44.99891],[-93.31835,44.99887],[-93.31826,44.99885],[-93.31803,44.99882],[-93.31773,44.99882],[-93.31715,44.99884],[-93.31589,44.99883],[-93.31458,44.99882],[-93.31333,44.99881],[-93.31333,45.00061],[-93.31332,45.00159],[-93.31332,45.00241],[-93.31332,45.00422],[-93.31331,45.00603],[-93.3133,45.00765],[-93.31347,45.00783],[-93.31459,45.00913],[-93.31504,45.00964],[-93.31514,45.00968],[-93.3152,45.00972],[-93.31539,45.00989],[-93.31588,45.01035],[-93.31644,45.0109],[-93.31677,45.01119],[-93.31704,45.01143],[-93.31728,45.01164],[-93.31751,45.01184],[-93.31787,45.01217],[-93.31822,45.0125],[-93.31841,45.01277],[-93.3185,45.01287],[-93.31851,45.0117],[-93.31851,45.01158],[-93.31851,45.01149],[-93.31852,45.01021],[-93.31852,45.00965],[-93.31852,45.00784],[-93.31852,45.00604],[-93.31852,45.0056],[-93.31853,45.00455],[-93.31853,45.00265],[-93.31853,45.00183],[-93.31857,45.00177]]]},"properties":{"id":"crime-bg-270531020002","layer":"crime_block_group","name":"Block group 2, tract 102000","county":"Hennepin","state":"MN","countyFips":"27053","attributes":{"geoid":"270531020002","tract":"102000","blockGroup":"2","statYear":2025,"firstYear":2018,"lastYear":2025,"total2018":73,"total2019":53,"total2020":71,"total2021":65,"total2022":43,"total2023":42,"total2024":53,"total2025":45,"reportedTotal":45,"reportedTotalBand":"45–74","suppressed":false},"confidence":"confirmed","sourceDate":"2025"}},{"type":"Feature","geometry":{"type":"Polygon","coordinates":[[[-93.29983,45.00471],[-93.29993,45.00459],[-93.29969,45.0043],[-93.29948,45.004],[-93.29932,45.00373],[-93.29915,45.00338],[-93.29903,45.00305],[-93.29895,45.00272],[-93.29894,45.00262],[-93.2989,45.00239],[-93.29889,45.00211],[-93.2989,45.00205],[-93.29888,45.00193],[-93.29886,45.00184],[-93.29884,45.00176],[-93.29876,45.00153],[-93.29872,45.00132],[-93.2987,45.00112],[-93.29871,45.00092],[-93.29873,45.00071],[-93.29881,45.00028],[-93.29895,44.99949],[-93.29896,44.99948],[-93.29775,44.99915],[-93.29717,44.99915],[-93.29563,44.99914],[-93.29409,44.99914],[-93.29409,45.00026],[-93.29408,45.00151],[-93.29408,45.00233],[-93.29408,45.00261],[-93.29409,45.00373],[-93.29409,45.00482],[-93.29412,45.00573],[-93.29414,45.0058],[-93.2942,45.00595],[-93.29557,45.00596],[-93.29562,45.00596],[-93.29684,45.00597],[-93.29715,45.00597],[-93.29803,45.00597],[-93.2981,45.00597],[-93.29934,45.00598],[-93.29935,45.00575],[-93.2994,45.00552],[-93.29948,45.0053],[-93.29958,45.00509],[-93.29964,45.00497],[-93.29969,45.00489],[-93.29983,45.00471]]]},"properties":{"id":"crime-bg-270531021001","layer":"crime_block_group","name":"Block group 1, tract 102100","county":"Hennepin","state":"MN","countyFips":"27053","attributes":{"geoid":"270531021001","tract":"102100","blockGroup":"1","statYear":2025,"firstYear":2018,"lastYear":2025,"total2018":91,"total2019":84,"total2020":95,"total2021":85,"total2022":112,"total2023":121,"total2024":79,"total2025":88,"reportedTotal":88,"reportedTotalBand":"75–114","suppressed":false},"confidence":"confirmed","sourceDate":"2025"}},{"type":"Feature","geometry":{"type":"Polygon","coordinates":[[[-93.30584,45.0022],[-93.30579,45.0019],[-93.30576,45.00167],[-93.30569,45.00145],[-93.3056,45.00123],[-93.30548,45.00102],[-93.30534,45.00082],[-93.30517,45.00062],[-93.30497,45.00044],[-93.30469,45.00028],[-93.30441,45.00014],[-93.30403,44.99998],[-93.3037,44.99987],[-93.30364,44.99984],[-93.30315,44.99971],[-93.30285,44.99961],[-93.30254,44.99954],[-93.30222,44.99949],[-93.30189,44.99946],[-93.30158,44.99943],[-93.30127,44.99943],[-93.30096,44.99945],[-93.30065,44.99949],[-93.30027,44.9996],[-93.3,44.99962],[-93.29974,44.99962],[-93.29948,44.9996],[-93.29922,44.99956],[-93.29895,44.99949],[-93.29881,45.00028],[-93.29873,45.00071],[-93.29871,45.00092],[-93.2987,45.00112],[-93.29872,45.00132],[-93.29876,45.00153],[-93.29884,45.00176],[-93.29886,45.00184],[-93.29888,45.00193],[-93.2989,45.00205],[-93.29889,45.00211],[-93.2989,45.00239],[-93.29894,45.00262],[-93.29895,45.00272],[-93.29903,45.00305],[-93.29915,45.00338],[-93.29932,45.00373],[-93.29948,45.004],[-93.29969,45.0043],[-93.29993,45.00459],[-93.30115,45.00487],[-93.30198,45.00404],[-93.30327,45.00309],[-93.30413,45.00365],[-93.30417,45.00368],[-93.3045,45.00349],[-93.30481,45.00328],[-93.3051,45.00306],[-93.30532,45.00286],[-93.30553,45.00265],[-93.30569,45.00243],[-93.30584,45.0022]]]},"properties":{"id":"crime-bg-270531021002","layer":"crime_block_group","name":"Block group 2, tract 102100","county":"Hennepin","state":"MN","countyFips":"27053","attributes":{"geoid":"270531021002","tract":"102100","blockGroup":"2","statYear":2025,"firstYear":2018,"lastYear":2025,"total2018":60,"total2019":66,"total2020":67,"total2021":65,"total2022":60,"total2023":76,"total2024":62,"total2025":69,"reportedTotal":69,"reportedTotalBand":"45–74","suppressed":false},"confidence":"confirmed","sourceDate":"2025"}},{"type":"Feature","geometry":{"type":"Polygon","coordinates":[[[-93.3082,45.00514],[-93.3082,45.00386],[-93.30636,45.00262],[-93.30606,45.00242],[-93.30587,45.00223],[-93.30584,45.0022],[-93.30569,45.00243],[-93.30553,45.00265],[-93.30532,45.00286],[-93.3051,45.00306],[-93.30481,45.00328],[-93.3045,45.00349],[-93.30417,45.00368],[-93.30413,45.00365],[-93.30327,45.00309],[-93.30198,45.00404],[-93.30115,45.00487],[-93.29993,45.00459],[-93.29983,45.00471],[-93.29969,45.00489],[-93.29964,45.00497],[-93.29958,45.00509],[-93.29948,45.0053],[-93.2994,45.00552],[-93.29935,45.00575],[-93.29934,45.00598],[-93.30061,45.00599],[-93.30066,45.00599],[-93.30187,45.00599],[-93.30315,45.006],[-93.30441,45.00601],[-93.30567,45.00601],[-93.30693,45.00602],[-93.3082,45.00603],[-93.3082,45.00514]]]},"properties":{"id":"crime-bg-270531021003","layer":"crime_block_group","name":"Block group 3, tract 102100","county":"Hennepin","state":"MN","countyFips":"27053","attributes":{"geoid":"270531021003","tract":"102100","blockGroup":"3","statYear":2025,"firstYear":2018,"lastYear":2025,"total2018":60,"total2019":65,"total2020":69,"total2021":63,"total2022":47,"total2023":49,"total2024":59,"total2025":65,"reportedTotal":65,"reportedTotalBand":"45–74","suppressed":false},"confidence":"confirmed","sourceDate":"2025"}},{"type":"Feature","geometry":{"type":"Polygon","coordinates":[[[-93.26023,45.00308],[-93.26025,45.00267],[-93.26023,45.0023],[-93.26025,45.0009],[-93.26024,44.99871],[-93.26019,44.99871],[-93.25888,44.99871],[-93.25841,44.99871],[-93.25753,44.99871],[-93.25754,45.0009],[-93.25754,45.00232],[-93.25755,45.00307],[-93.25755,45.00524],[-93.2589,45.00525],[-93.26025,45.00525],[-93.26023,45.00308]]]},"properties":{"id":"crime-bg-270531025001","layer":"crime_block_group","name":"Block group 1, tract 102500","county":"Hennepin","state":"MN","countyFips":"27053","attributes":{"geoid":"270531025001","tract":"102500","blockGroup":"1","statYear":2025,"firstYear":2018,"lastYear":2025,"total2018":19,"total2019":17,"total2020":24,"total2021":49,"total2022":43,"total2023":53,"total2024":47,"total2025":47,"reportedTotal":47,"reportedTotalBand":"45–74","suppressed":false},"confidence":"confirmed","sourceDate":"2025"}},{"type":"Feature","geometry":{"type":"Polygon","coordinates":[[[-93.25755,45.00307],[-93.25754,45.00232],[-93.25754,45.0009],[-93.25753,44.99871],[-93.25626,44.99871],[-93.255,44.99871],[-93.25448,44.99871],[-93.25375,44.99871],[-93.25245,44.99871],[-93.25126,44.99871],[-93.25118,44.99871],[-93.24991,44.99871],[-93.24986,44.99871],[-93.24872,44.99871],[-93.24866,44.99871],[-93.24755,44.99871],[-93.24746,44.99871],[-93.24741,44.99871],[-93.24725,44.99871],[-93.24726,44.99987],[-93.24737,45.00029],[-93.24737,45.00049],[-93.24738,45.00228],[-93.2486,45.00228],[-93.24981,45.00228],[-93.25012,45.00229],[-93.25024,45.00229],[-93.25121,45.00229],[-93.25121,45.00231],[-93.25123,45.00307],[-93.25246,45.00307],[-93.25373,45.00307],[-93.25501,45.00307],[-93.25629,45.00308],[-93.25753,45.00308],[-93.25755,45.00307]]]},"properties":{"id":"crime-bg-270531025002","layer":"crime_block_group","name":"Block group 2, tract 102500","county":"Hennepin","state":"MN","countyFips":"27053","attributes":{"geoid":"270531025002","tract":"102500","blockGroup":"2","statYear":2025,"firstYear":2018,"lastYear":2025,"total2018":37,"total2019":37,"total2020":44,"total2021":39,"total2022":59,"total2023":83,"total2024":85,"total2025":64,"reportedTotal":64,"reportedTotalBand":"45–74","suppressed":false},"confidence":"confirmed","sourceDate":"2025"}},{"type":"Feature","geometry":{"type":"Polygon","coordinates":[[[-93.25757,45.00593],[-93.25755,45.00524],[-93.25755,45.00307],[-93.25753,45.00308],[-93.25629,45.00308],[-93.25501,45.00307],[-93.25373,45.00307],[-93.25246,45.00307],[-93.25123,45.00307],[-93.25121,45.00231],[-93.25121,45.00229],[-93.25024,45.00229],[-93.25012,45.00229],[-93.24981,45.00228],[-93.2486,45.00228],[-93.24738,45.00228],[-93.24738,45.00285],[-93.24738,45.0035],[-93.24738,45.00405],[-93.24737,45.00593],[-93.24735,45.0069],[-93.24734,45.0079],[-93.24913,45.0079],[-93.25091,45.00791],[-93.25239,45.00791],[-93.25245,45.00791],[-93.25245,45.0075],[-93.25366,45.00749],[-93.25392,45.00749],[-93.25398,45.00749],[-93.25501,45.00749],[-93.25545,45.00748],[-93.25697,45.00748],[-93.25702,45.00652],[-93.25715,45.00641],[-93.25731,45.00625],[-93.25752,45.00602],[-93.25757,45.00593]]]},"properties":{"id":"crime-bg-270531025003","layer":"crime_block_group","name":"Block group 3, tract 102500","county":"Hennepin","state":"MN","countyFips":"27053","attributes":{"geoid":"270531025003","tract":"102500","blockGroup":"3","statYear":2025,"firstYear":2018,"lastYear":2025,"total2018":64,"total2019":42,"total2020":54,"total2021":57,"total2022":67,"total2023":76,"total2024":75,"total2025":51,"reportedTotal":51,"reportedTotalBand":"45–74","suppressed":false},"confidence":"confirmed","sourceDate":"2025"}},{"type":"Feature","geometry":{"type":"Polygon","coordinates":[[[-93.23717,45.00598],[-93.2371,45.0059],[-93.23706,45.00583],[-93.23702,45.00569],[-93.23693,45.00553],[-93.23682,45.00538],[-93.23667,45.00521],[-93.23648,45.00503],[-93.23617,45.00471],[-93.23591,45.00446],[-93.23579,45.00429],[-93.23567,45.00413],[-93.23552,45.00391],[-93.23542,45.00375],[-93.23534,45.00358],[-93.23525,45.0034],[-93.2352,45.00321],[-93.23516,45.00302],[-93.23514,45.00282],[-93.23513,45.0026],[-93.23513,45.00246],[-93.23514,45.00227],[-93.23517,45.0021],[-93.23521,45.00192],[-93.23524,45.00179],[-93.23529,45.00162],[-93.23502,45.00177],[-93.23473,45.0019],[-93.2344,45.00202],[-93.23396,45.00214],[-93.23361,45.00222],[-93.23332,45.00227],[-93.23294,45.00231],[-93.23269,45.00233],[-93.23236,45.00234],[-93.23203,45.00235],[-93.23165,45.00233],[-93.23136,45.0023],[-93.23106,45.00227],[-93.2308,45.00223],[-93.23054,45.00218],[-93.23042,45.00218],[-93.23018,45.0021],[-93.22992,45.00202],[-93.22955,45.00191],[-93.22895,45.00173],[-93.22706,45.00122],[-93.22704,45.00141],[-93.22705,45.00149],[-93.22707,45.00161],[-93.2271,45.00173],[-93.22716,45.00184],[-93.22717,45.00186],[-93.22736,45.00215],[-93.22739,45.0022],[-93.22752,45.00242],[-93.2276,45.00255],[-93.22764,45.00266],[-93.22766,45.0028],[-93.22767,45.00297],[-93.22765,45.00307],[-93.22758,45.00327],[-93.22753,45.00335],[-93.22739,45.0036],[-93.22713,45.00401],[-93.22703,45.00424],[-93.22698,45.0044],[-93.22695,45.00452],[-93.22693,45.00464],[-93.22692,45.00489],[-93.22692,45.00521],[-93.22692,45.00548],[-93.22692,45.00594],[-93.22812,45.00594],[-93.22947,45.00595],[-93.23075,45.00596],[-93.23204,45.00596],[-93.23331,45.00596],[-93.2346,45.00597],[-93.23589,45.00598],[-93.23717,45.00598]]]},"properties":{"id":"crime-bg-270531026001","layer":"crime_block_group","name":"Block group 1, tract 102600","county":"Hennepin","state":"MN","countyFips":"27053","attributes":{"geoid":"270531026001","tract":"102600","blockGroup":"1","statYear":2025,"firstYear":2018,"lastYear":2025,"total2018":84,"total2019":130,"total2020":173,"total2021":163,"total2022":340,"total2023":195,"total2024":167,"total2025":161,"reportedTotal":161,"reportedTotalBand":"115+","suppressed":false},"confidence":"confirmed","sourceDate":"2025"}},{"type":"Feature","geometry":{"type":"Polygon","coordinates":[[[-93.2474,44.99632],[-93.24747,44.99613],[-93.24735,44.99596],[-93.24734,44.99511],[-93.24733,44.99368],[-93.24733,44.99364],[-93.24733,44.9933],[-93.24733,44.99293],[-93.24731,44.99165],[-93.24731,44.99152],[-93.24729,44.99146],[-93.24723,44.99137],[-93.24715,44.99131],[-93.24696,44.99123],[-93.24617,44.99149],[-93.24348,44.99149],[-93.24226,44.99149],[-93.24206,44.99149],[-93.24097,44.9915],[-93.23971,44.9915],[-93.23841,44.9915],[-93.23713,44.9915],[-93.23662,44.99149],[-93.23635,44.99149],[-93.23643,44.99166],[-93.23651,44.99184],[-93.23657,44.99197],[-93.23664,44.99208],[-93.23673,44.9922],[-93.23687,44.99237],[-93.237,44.99254],[-93.23719,44.99278],[-93.23739,44.99295],[-93.23755,44.99313],[-93.23768,44.9933],[-93.23786,44.99358],[-93.238,44.99384],[-93.23809,44.99404],[-93.23818,44.99431],[-93.23825,44.9946],[-93.23831,44.99489],[-93.23835,44.99518],[-93.23837,44.99539],[-93.23837,44.9956],[-93.23838,44.99587],[-93.23837,44.99614],[-93.23835,44.99639],[-93.23832,44.99667],[-93.2383,44.99691],[-93.23826,44.99711],[-93.23818,44.99745],[-93.23807,44.99779],[-93.23797,44.99806],[-93.2379,44.99823],[-93.23782,44.99843],[-93.2377,44.99871],[-93.23816,44.99871],[-93.23842,44.99871],[-93.23914,44.99871],[-93.23971,44.99871],[-93.24098,44.99871],[-93.24227,44.99871],[-93.24484,44.99871],[-93.24612,44.99871],[-93.24725,44.99871],[-93.24725,44.9983],[-93.24725,44.99787],[-93.24728,44.99723],[-93.2473,44.99706],[-93.2473,44.99691],[-93.24734,44.99666],[-93.24736,44.9965],[-93.2474,44.99632]]]},"properties":{"id":"crime-bg-270531026002","layer":"crime_block_group","name":"Block group 2, tract 102600","county":"Hennepin","state":"MN","countyFips":"27053","attributes":{"geoid":"270531026002","tract":"102600","blockGroup":"2","statYear":2025,"firstYear":2018,"lastYear":2025,"total2018":52,"total2019":86,"total2020":78,"total2021":64,"total2022":82,"total2023":69,"total2024":59,"total2025":37,"reportedTotal":37,"reportedTotalBand":"25–44","suppressed":false},"confidence":"confirmed","sourceDate":"2025"}},{"type":"Feature","geometry":{"type":"Polygon","coordinates":[[[-93.24738,45.00285],[-93.24738,45.00228],[-93.24737,45.00049],[-93.24737,45.00029],[-93.24726,44.99987],[-93.24725,44.99871],[-93.24612,44.99871],[-93.24484,44.99871],[-93.24227,44.99871],[-93.24098,44.99871],[-93.23971,44.99871],[-93.23914,44.99871],[-93.23842,44.99871],[-93.23816,44.99871],[-93.2377,44.99871],[-93.23752,44.99911],[-93.23732,44.99945],[-93.23715,44.99971],[-93.23695,45],[-93.23675,45.00026],[-93.23654,45.00051],[-93.23638,45.0007],[-93.23605,45.00107],[-93.23578,45.00131],[-93.23556,45.00147],[-93.23529,45.00162],[-93.23524,45.00179],[-93.23521,45.00192],[-93.23517,45.0021],[-93.23514,45.00227],[-93.23513,45.00246],[-93.23513,45.0026],[-93.23514,45.00282],[-93.23516,45.00302],[-93.2352,45.00321],[-93.23525,45.0034],[-93.23534,45.00358],[-93.23542,45.00375],[-93.23552,45.00391],[-93.23567,45.00413],[-93.23579,45.00429],[-93.23591,45.00446],[-93.23617,45.00471],[-93.23648,45.00503],[-93.23667,45.00521],[-93.23682,45.00538],[-93.23693,45.00553],[-93.23702,45.00569],[-93.23706,45.00583],[-93.2371,45.0059],[-93.23717,45.00598],[-93.23846,45.00597],[-93.23973,45.00597],[-93.24101,45.00596],[-93.24227,45.00596],[-93.24354,45.00595],[-93.24383,45.00595],[-93.24472,45.00594],[-93.24483,45.00594],[-93.24495,45.00594],[-93.2456,45.00594],[-93.24609,45.00593],[-93.24737,45.00593],[-93.24738,45.00405],[-93.24738,45.0035],[-93.24738,45.00285]]]},"properties":{"id":"crime-bg-270531026004","layer":"crime_block_group","name":"Block group 4, tract 102600","county":"Hennepin","state":"MN","countyFips":"27053","attributes":{"geoid":"270531026004","tract":"102600","blockGroup":"4","statYear":2025,"firstYear":2018,"lastYear":2025,"total2018":27,"total2019":30,"total2020":32,"total2021":22,"total2022":56,"total2023":72,"total2024":51,"total2025":55,"reportedTotal":55,"reportedTotalBand":"45–74","suppressed":false},"confidence":"confirmed","sourceDate":"2025"}},{"type":"Feature","geometry":{"type":"Polygon","coordinates":[[[-93.30194,44.99521],[-93.30194,44.99416],[-93.30194,44.99307],[-93.30193,44.9915],[-93.30067,44.9915],[-93.29942,44.9915],[-93.29859,44.9915],[-93.29846,44.99151],[-93.29834,44.99154],[-93.29805,44.99163],[-93.29774,44.99177],[-93.29753,44.99188],[-93.2974,44.99193],[-93.29719,44.99198],[-93.29719,44.99304],[-93.29719,44.99306],[-93.29719,44.99416],[-93.29719,44.99524],[-93.29718,44.99632],[-93.29717,44.99741],[-93.29717,44.99873],[-93.29717,44.99915],[-93.29775,44.99915],[-93.29896,44.99948],[-93.29911,44.99937],[-93.29923,44.99926],[-93.29932,44.99913],[-93.29938,44.99899],[-93.29941,44.99885],[-93.2994,44.99873],[-93.29942,44.99873],[-93.29943,44.99742],[-93.3007,44.99742],[-93.3007,44.99632],[-93.30071,44.99521],[-93.30194,44.99521]]]},"properties":{"id":"crime-bg-270531028001","layer":"crime_block_group","name":"Block group 1, tract 102800","county":"Hennepin","state":"MN","countyFips":"27053","attributes":{"geoid":"270531028001","tract":"102800","blockGroup":"1","statYear":2025,"firstYear":2018,"lastYear":2025,"total2018":41,"total2019":64,"total2020":59,"total2021":48,"total2022":66,"total2023":62,"total2024":54,"total2025":51,"reportedTotal":51,"reportedTotalBand":"45–74","suppressed":false},"confidence":"confirmed","sourceDate":"2025"}},{"type":"Feature","geometry":{"type":"Polygon","coordinates":[[[-93.3082,44.99695],[-93.30821,44.99632],[-93.30697,44.99632],[-93.30572,44.99631],[-93.30446,44.99631],[-93.30447,44.99522],[-93.30319,44.99522],[-93.30194,44.99521],[-93.30071,44.99521],[-93.3007,44.99632],[-93.3007,44.99742],[-93.29943,44.99742],[-93.29942,44.99873],[-93.2994,44.99873],[-93.29941,44.99885],[-93.29938,44.99899],[-93.29932,44.99913],[-93.29923,44.99926],[-93.29911,44.99937],[-93.29896,44.99948],[-93.29895,44.99949],[-93.29922,44.99956],[-93.29948,44.9996],[-93.29974,44.99962],[-93.3,44.99962],[-93.30027,44.9996],[-93.30065,44.99949],[-93.30096,44.99945],[-93.30127,44.99943],[-93.30158,44.99943],[-93.30189,44.99946],[-93.30222,44.99949],[-93.30254,44.99954],[-93.30285,44.99961],[-93.30315,44.99971],[-93.30364,44.99984],[-93.3037,44.99987],[-93.30403,44.99998],[-93.30441,45.00014],[-93.30469,45.00028],[-93.30497,45.00044],[-93.30517,45.00062],[-93.30534,45.00082],[-93.30548,45.00102],[-93.3056,45.00123],[-93.30569,45.00145],[-93.30576,45.00167],[-93.30579,45.0019],[-93.30584,45.0022],[-93.30587,45.00223],[-93.30606,45.00242],[-93.30636,45.00262],[-93.3082,45.00386],[-93.3082,45.0024],[-93.3082,45.00056],[-93.3082,44.99876],[-93.3082,44.99695]]]},"properties":{"id":"crime-bg-270531028002","layer":"crime_block_group","name":"Block group 2, tract 102800","county":"Hennepin","state":"MN","countyFips":"27053","attributes":{"geoid":"270531028002","tract":"102800","blockGroup":"2","statYear":2025,"firstYear":2018,"lastYear":2025,"total2018":47,"total2019":44,"total2020":44,"total2021":40,"total2022":71,"total2023":104,"total2024":70,"total2025":73,"reportedTotal":73,"reportedTotalBand":"45–74","suppressed":false},"confidence":"confirmed","sourceDate":"2025"}},{"type":"Feature","geometry":{"type":"Polygon","coordinates":[[[-93.30822,44.99308],[-93.30822,44.9915],[-93.30696,44.9915],[-93.3057,44.9915],[-93.30446,44.9915],[-93.30321,44.9915],[-93.30193,44.9915],[-93.30194,44.99307],[-93.30194,44.99416],[-93.30194,44.99521],[-93.30319,44.99522],[-93.30447,44.99522],[-93.30446,44.99631],[-93.30572,44.99631],[-93.30697,44.99632],[-93.30821,44.99632],[-93.30821,44.99523],[-93.30821,44.99515],[-93.30822,44.99513],[-93.30822,44.99416],[-93.30822,44.99332],[-93.30822,44.99308]]]},"properties":{"id":"crime-bg-270531028003","layer":"crime_block_group","name":"Block group 3, tract 102800","county":"Hennepin","state":"MN","countyFips":"27053","attributes":{"geoid":"270531028003","tract":"102800","blockGroup":"3","statYear":2025,"firstYear":2018,"lastYear":2025,"total2018":67,"total2019":69,"total2020":58,"total2021":49,"total2022":42,"total2023":92,"total2024":60,"total2025":51,"reportedTotal":51,"reportedTotalBand":"45–74","suppressed":false},"confidence":"confirmed","sourceDate":"2025"}},{"type":"Feature","geometry":{"type":"Polygon","coordinates":[[[-93.27329,44.99297],[-93.27364,44.99286],[-93.27179,44.99167],[-93.27034,44.99075],[-93.268,44.98965],[-93.26765,44.98949],[-93.26799,44.98966],[-93.26652,44.99048],[-93.2661,44.99064],[-93.26586,44.99068],[-93.26502,44.99082],[-93.26421,44.99067],[-93.26333,44.99041],[-93.26255,44.99007],[-93.26206,44.98978],[-93.26171,44.98942],[-93.26139,44.9889],[-93.26103,44.989],[-93.26071,44.98909],[-93.26135,44.99004],[-93.26221,44.9913],[-93.26248,44.99171],[-93.26259,44.99184],[-93.26272,44.99195],[-93.26287,44.99205],[-93.26304,44.99213],[-93.26323,44.99219],[-93.26335,44.99224],[-93.26466,44.99271],[-93.26484,44.99278],[-93.26499,44.99288],[-93.26501,44.99289],[-93.26363,44.9934],[-93.26358,44.99342],[-93.2622,44.99389],[-93.26077,44.99438],[-93.25934,44.99487],[-93.25789,44.99538],[-93.25751,44.9955],[-93.25752,44.9969],[-93.25752,44.99714],[-93.25752,44.99737],[-93.25752,44.9974],[-93.25753,44.99792],[-93.25753,44.99835],[-93.25804,44.99816],[-93.25947,44.99767],[-93.2609,44.99717],[-93.26228,44.99669],[-93.26234,44.99668],[-93.26239,44.99665],[-93.26375,44.99618],[-93.26378,44.99617],[-93.26514,44.9957],[-93.2652,44.99568],[-93.26525,44.99566],[-93.26663,44.99519],[-93.26803,44.99468],[-93.26942,44.99419],[-93.27001,44.99398],[-93.27149,44.99353],[-93.2722,44.99331],[-93.27329,44.99297]]]},"properties":{"id":"crime-bg-270531030001","layer":"crime_block_group","name":"Block group 1, tract 103000","county":"Hennepin","state":"MN","countyFips":"27053","attributes":{"geoid":"270531030001","tract":"103000","blockGroup":"1","statYear":2025,"firstYear":2018,"lastYear":2025,"total2018":24,"total2019":24,"total2020":28,"total2021":34,"total2022":29,"total2023":40,"total2024":37,"total2025":39,"reportedTotal":39,"reportedTotalBand":"25–44","suppressed":false},"confidence":"confirmed","sourceDate":"2025"}},{"type":"Feature","geometry":{"type":"Polygon","coordinates":[[[-93.27577,44.99652],[-93.27568,44.99637],[-93.27364,44.99286],[-93.27329,44.99297],[-93.2722,44.99331],[-93.27149,44.99353],[-93.27001,44.99398],[-93.26942,44.99419],[-93.26803,44.99468],[-93.26663,44.99519],[-93.26731,44.99615],[-93.26797,44.99713],[-93.26869,44.99812],[-93.26911,44.9987],[-93.27083,44.9987],[-93.27255,44.9988],[-93.27376,44.99888],[-93.27426,44.99891],[-93.27476,44.99894],[-93.27519,44.99897],[-93.27531,44.99898],[-93.27543,44.99899],[-93.27577,44.99652]]]},"properties":{"id":"crime-bg-270531030002","layer":"crime_block_group","name":"Block group 2, tract 103000","county":"Hennepin","state":"MN","countyFips":"27053","attributes":{"geoid":"270531030002","tract":"103000","blockGroup":"2","statYear":2025,"firstYear":2018,"lastYear":2025,"total2018":13,"total2019":20,"total2020":23,"total2021":48,"total2022":31,"total2023":25,"total2024":12,"total2025":10,"reportedTotal":10,"reportedTotalBand":"0–24","suppressed":false},"confidence":"confirmed","sourceDate":"2025"}},{"type":"Feature","geometry":{"type":"Polygon","coordinates":[[[-93.26911,44.9987],[-93.26869,44.99812],[-93.26797,44.99713],[-93.26731,44.99615],[-93.26663,44.99519],[-93.26525,44.99566],[-93.2652,44.99568],[-93.26514,44.9957],[-93.26378,44.99617],[-93.26375,44.99618],[-93.26239,44.99665],[-93.26234,44.99668],[-93.26228,44.99669],[-93.2609,44.99717],[-93.25947,44.99767],[-93.25804,44.99816],[-93.25753,44.99835],[-93.25753,44.99871],[-93.25841,44.99871],[-93.25888,44.99871],[-93.26019,44.99871],[-93.26024,44.99871],[-93.26155,44.9987],[-93.26196,44.9987],[-93.26331,44.9987],[-93.26374,44.9987],[-93.26462,44.9987],[-93.26535,44.9987],[-93.26557,44.9987],[-93.26616,44.9987],[-93.26729,44.9987],[-93.26769,44.9987],[-93.26911,44.9987]]]},"properties":{"id":"crime-bg-270531030003","layer":"crime_block_group","name":"Block group 3, tract 103000","county":"Hennepin","state":"MN","countyFips":"27053","attributes":{"geoid":"270531030003","tract":"103000","blockGroup":"3","statYear":2025,"firstYear":2018,"lastYear":2025,"total2018":15,"total2019":13,"total2020":19,"total2021":31,"total2022":70,"total2023":78,"total2024":72,"total2025":48,"reportedTotal":48,"reportedTotalBand":"45–74","suppressed":false},"confidence":"confirmed","sourceDate":"2025"}},{"type":"Feature","geometry":{"type":"Polygon","coordinates":[[[-93.25751,44.99511],[-93.25751,44.99483],[-93.25736,44.9946],[-93.25647,44.99329],[-93.25561,44.99201],[-93.25526,44.99145],[-93.25495,44.99101],[-93.25363,44.99148],[-93.25354,44.99151],[-93.25349,44.99152],[-93.25346,44.99152],[-93.25209,44.99199],[-93.25021,44.99263],[-93.24939,44.9937],[-93.24917,44.99385],[-93.24852,44.99472],[-93.24819,44.99512],[-93.24834,44.99513],[-93.24863,44.99511],[-93.24988,44.99511],[-93.25115,44.99511],[-93.25242,44.99511],[-93.25244,44.99511],[-93.25371,44.99511],[-93.25499,44.99511],[-93.25625,44.99511],[-93.25751,44.99511]]]},"properties":{"id":"crime-bg-270531031001","layer":"crime_block_group","name":"Block group 1, tract 103100","county":"Hennepin","state":"MN","countyFips":"27053","attributes":{"geoid":"270531031001","tract":"103100","blockGroup":"1","statYear":2025,"firstYear":2018,"lastYear":2025,"total2018":15,"total2019":21,"total2020":19,"total2021":29,"total2022":38,"total2023":55,"total2024":44,"total2025":51,"reportedTotal":51,"reportedTotalBand":"45–74","suppressed":false},"confidence":"confirmed","sourceDate":"2025"}},{"type":"Feature","geometry":{"type":"Polygon","coordinates":[[[-93.25753,44.99835],[-93.25753,44.99792],[-93.25752,44.9974],[-93.25752,44.99737],[-93.25752,44.99714],[-93.25752,44.9969],[-93.25751,44.9955],[-93.25751,44.99511],[-93.25625,44.99511],[-93.25499,44.99511],[-93.25371,44.99511],[-93.25244,44.99511],[-93.25242,44.99511],[-93.25115,44.99511],[-93.24988,44.99511],[-93.24863,44.99511],[-93.24834,44.99513],[-93.24819,44.99512],[-93.24776,44.99565],[-93.24758,44.99593],[-93.24747,44.99613],[-93.2474,44.99632],[-93.24736,44.9965],[-93.24734,44.99666],[-93.2473,44.99691],[-93.2473,44.99706],[-93.24728,44.99723],[-93.24725,44.99787],[-93.24725,44.9983],[-93.24725,44.99871],[-93.24741,44.99871],[-93.24746,44.99871],[-93.24755,44.99871],[-93.24866,44.99871],[-93.24872,44.99871],[-93.24986,44.99871],[-93.24991,44.99871],[-93.25118,44.99871],[-93.25126,44.99871],[-93.25245,44.99871],[-93.25375,44.99871],[-93.25448,44.99871],[-93.255,44.99871],[-93.25626,44.99871],[-93.25753,44.99871],[-93.25753,44.99835]]]},"properties":{"id":"crime-bg-270531031002","layer":"crime_block_group","name":"Block group 2, tract 103100","county":"Hennepin","state":"MN","countyFips":"27053","attributes":{"geoid":"270531031002","tract":"103100","blockGroup":"2","statYear":2025,"firstYear":2018,"lastYear":2025,"total2018":46,"total2019":39,"total2020":49,"total2021":45,"total2022":55,"total2023":51,"total2024":46,"total2025":47,"reportedTotal":47,"reportedTotalBand":"45–74","suppressed":false},"confidence":"confirmed","sourceDate":"2025"}},{"type":"Feature","geometry":{"type":"Polygon","coordinates":[[[-93.29834,44.99154],[-93.29827,44.99149],[-93.29822,44.99143],[-93.29821,44.99137],[-93.2982,44.99084],[-93.2982,44.98998],[-93.2982,44.98923],[-93.2982,44.98896],[-93.2982,44.98813],[-93.2982,44.9879],[-93.2982,44.98636],[-93.29819,44.9852],[-93.29819,44.98517],[-93.29819,44.9846],[-93.29819,44.98447],[-93.29819,44.98426],[-93.29556,44.98429],[-93.29435,44.98427],[-93.29417,44.98427],[-93.29415,44.98446],[-93.29408,44.98497],[-93.29403,44.9851],[-93.294,44.98515],[-93.29399,44.98517],[-93.29383,44.98536],[-93.29395,44.98547],[-93.29408,44.98562],[-93.29408,44.98635],[-93.29408,44.98725],[-93.29408,44.98787],[-93.29409,44.98789],[-93.29409,44.9882],[-93.2941,44.98846],[-93.2941,44.989],[-93.29293,44.989],[-93.29277,44.98908],[-93.29253,44.98915],[-93.29244,44.98919],[-93.29208,44.98944],[-93.2919,44.98955],[-93.29181,44.98961],[-93.2915,44.98981],[-93.29113,44.98903],[-93.2911,44.98902],[-93.29102,44.98899],[-93.29023,44.98901],[-93.28956,44.989],[-93.28914,44.98898],[-93.28857,44.98892],[-93.28824,44.98887],[-93.28822,44.98893],[-93.28808,44.9892],[-93.28791,44.98947],[-93.28776,44.98972],[-93.28769,44.98982],[-93.28777,44.99018],[-93.28787,44.99067],[-93.28792,44.99086],[-93.28796,44.99115],[-93.28799,44.99146],[-93.28799,44.99193],[-93.28799,44.99195],[-93.28873,44.99195],[-93.28951,44.99196],[-93.2911,44.99196],[-93.29259,44.99197],[-93.29412,44.99197],[-93.29566,44.99198],[-93.29719,44.99198],[-93.2974,44.99193],[-93.29753,44.99188],[-93.29774,44.99177],[-93.29805,44.99163],[-93.29834,44.99154]]]},"properties":{"id":"crime-bg-270531034001","layer":"crime_block_group","name":"Block group 1, tract 103400","county":"Hennepin","state":"MN","countyFips":"27053","attributes":{"geoid":"270531034001","tract":"103400","blockGroup":"1","statYear":2025,"firstYear":2018,"lastYear":2025,"total2018":40,"total2019":68,"total2020":70,"total2021":72,"total2022":83,"total2023":68,"total2024":80,"total2025":58,"reportedTotal":58,"reportedTotalBand":"45–74","suppressed":false},"confidence":"confirmed","sourceDate":"2025"}},{"type":"Feature","geometry":{"type":"Polygon","coordinates":[[[-93.29415,44.98446],[-93.29417,44.98427],[-93.29392,44.98427],[-93.29285,44.98428],[-93.29108,44.98426],[-93.29062,44.98426],[-93.28863,44.98424],[-93.28831,44.98424],[-93.28814,44.98425],[-93.28796,44.98425],[-93.28779,44.98426],[-93.2878,44.98433],[-93.28786,44.98446],[-93.2879,44.98462],[-93.28809,44.98537],[-93.28824,44.98601],[-93.2883,44.98636],[-93.28842,44.9868],[-93.28843,44.98684],[-93.28847,44.987],[-93.28849,44.98718],[-93.2885,44.98735],[-93.28853,44.98765],[-93.2885,44.98794],[-93.28845,44.98828],[-93.28835,44.98861],[-93.28824,44.98887],[-93.28857,44.98892],[-93.28914,44.98898],[-93.28956,44.989],[-93.29023,44.98901],[-93.29102,44.98899],[-93.2911,44.98902],[-93.29113,44.98903],[-93.2915,44.98981],[-93.29181,44.98961],[-93.2919,44.98955],[-93.29208,44.98944],[-93.29244,44.98919],[-93.29253,44.98915],[-93.29277,44.98908],[-93.29293,44.989],[-93.2941,44.989],[-93.2941,44.98846],[-93.29409,44.9882],[-93.29409,44.98789],[-93.29408,44.98787],[-93.29408,44.98725],[-93.29408,44.98635],[-93.29408,44.98562],[-93.29395,44.98547],[-93.29383,44.98536],[-93.29399,44.98517],[-93.294,44.98515],[-93.29403,44.9851],[-93.29408,44.98497],[-93.29415,44.98446]]]},"properties":{"id":"crime-bg-270531034002","layer":"crime_block_group","name":"Block group 2, tract 103400","county":"Hennepin","state":"MN","countyFips":"27053","attributes":{"geoid":"270531034002","tract":"103400","blockGroup":"2","statYear":2025,"firstYear":2018,"lastYear":2025,"total2018":46,"total2019":40,"total2020":63,"total2021":51,"total2022":66,"total2023":54,"total2024":54,"total2025":34,"reportedTotal":34,"reportedTotalBand":"25–44","suppressed":false},"confidence":"confirmed","sourceDate":"2025"}},{"type":"Feature","geometry":{"type":"Polygon","coordinates":[[[-93.29715,44.98172],[-93.29716,44.98158],[-93.29714,44.98068],[-93.29715,44.98066],[-93.29551,44.98048],[-93.29302,44.98019],[-93.29296,44.98018],[-93.29143,44.97997],[-93.29085,44.97989],[-93.28967,44.97972],[-93.28952,44.9797],[-93.28804,44.97949],[-93.28804,44.98067],[-93.28804,44.98079],[-93.28804,44.98122],[-93.28805,44.98144],[-93.28808,44.98159],[-93.28812,44.98173],[-93.28823,44.98226],[-93.28832,44.98262],[-93.28843,44.98308],[-93.28848,44.98335],[-93.28856,44.98367],[-93.28863,44.98424],[-93.29062,44.98426],[-93.29108,44.98426],[-93.29285,44.98428],[-93.29392,44.98427],[-93.29417,44.98427],[-93.29421,44.98413],[-93.2942,44.98406],[-93.29423,44.98387],[-93.29426,44.9837],[-93.29428,44.98354],[-93.29439,44.98337],[-93.29445,44.98329],[-93.29451,44.98321],[-93.29468,44.98307],[-93.29472,44.98303],[-93.29488,44.98295],[-93.2951,44.98286],[-93.29535,44.98279],[-93.29561,44.98275],[-93.29617,44.98268],[-93.29636,44.98264],[-93.29655,44.98258],[-93.29671,44.9825],[-93.29685,44.9824],[-93.29697,44.98228],[-93.29706,44.98215],[-93.29712,44.98202],[-93.29714,44.98188],[-93.29715,44.98172]]]},"properties":{"id":"crime-bg-270531034003","layer":"crime_block_group","name":"Block group 3, tract 103400","county":"Hennepin","state":"MN","countyFips":"27053","attributes":{"geoid":"270531034003","tract":"103400","blockGroup":"3","statYear":2025,"firstYear":2018,"lastYear":2025,"total2018":28,"total2019":43,"total2020":41,"total2021":51,"total2022":45,"total2023":35,"total2024":37,"total2025":36,"reportedTotal":36,"reportedTotalBand":"25–44","suppressed":false},"confidence":"confirmed","sourceDate":"2025"}},{"type":"Feature","geometry":{"type":"Polygon","coordinates":[[[-93.26501,44.99289],[-93.26499,44.99288],[-93.26484,44.99278],[-93.26466,44.99271],[-93.26335,44.99224],[-93.26323,44.99219],[-93.26304,44.99213],[-93.26287,44.99205],[-93.26272,44.99195],[-93.26259,44.99184],[-93.26248,44.99171],[-93.26221,44.9913],[-93.26135,44.99004],[-93.26071,44.98909],[-93.25964,44.9894],[-93.25924,44.98951],[-93.25778,44.99002],[-93.25745,44.99013],[-93.25641,44.9905],[-93.25596,44.99066],[-93.25495,44.99101],[-93.25526,44.99145],[-93.25561,44.99201],[-93.25647,44.99329],[-93.25736,44.9946],[-93.25751,44.99483],[-93.25751,44.99511],[-93.25751,44.9955],[-93.25789,44.99538],[-93.25934,44.99487],[-93.26077,44.99438],[-93.2622,44.99389],[-93.26358,44.99342],[-93.26363,44.9934],[-93.26501,44.99289]]]},"properties":{"id":"crime-bg-270531036001","layer":"crime_block_group","name":"Block group 1, tract 103600","county":"Hennepin","state":"MN","countyFips":"27053","attributes":{"geoid":"270531036001","tract":"103600","blockGroup":"1","statYear":2025,"firstYear":2018,"lastYear":2025,"total2018":15,"total2019":20,"total2020":27,"total2021":35,"total2022":75,"total2023":67,"total2024":71,"total2025":39,"reportedTotal":39,"reportedTotalBand":"25–44","suppressed":false},"confidence":"confirmed","sourceDate":"2025"}},{"type":"Feature","geometry":{"type":"Polygon","coordinates":[[[-93.26799,44.98966],[-93.26765,44.98949],[-93.26733,44.98932],[-93.26642,44.98796],[-93.26623,44.98771],[-93.26519,44.98628],[-93.26391,44.98536],[-93.26312,44.98571],[-93.26305,44.98573],[-93.26278,44.98582],[-93.26163,44.98616],[-93.26057,44.98657],[-93.26041,44.98662],[-93.25962,44.98689],[-93.25928,44.98701],[-93.25925,44.98702],[-93.25868,44.9872],[-93.25783,44.98748],[-93.25781,44.98748],[-93.25777,44.9875],[-93.25703,44.98777],[-93.25634,44.988],[-93.25491,44.98849],[-93.25349,44.98897],[-93.25299,44.98914],[-93.25245,44.98973],[-93.25236,44.98985],[-93.25169,44.99073],[-93.25154,44.99092],[-93.25143,44.99106],[-93.25092,44.99172],[-93.25021,44.99263],[-93.25209,44.99199],[-93.25346,44.99152],[-93.25349,44.99152],[-93.25354,44.99151],[-93.25363,44.99148],[-93.25495,44.99101],[-93.25596,44.99066],[-93.25641,44.9905],[-93.25745,44.99013],[-93.25778,44.99002],[-93.25924,44.98951],[-93.25964,44.9894],[-93.26071,44.98909],[-93.26103,44.989],[-93.26139,44.9889],[-93.26171,44.98942],[-93.26206,44.98978],[-93.26255,44.99007],[-93.26333,44.99041],[-93.26421,44.99067],[-93.26502,44.99082],[-93.26586,44.99068],[-93.2661,44.99064],[-93.26652,44.99048],[-93.26799,44.98966]]]},"properties":{"id":"crime-bg-270531036002","layer":"crime_block_group","name":"Block group 2, tract 103600","county":"Hennepin","state":"MN","countyFips":"27053","attributes":{"geoid":"270531036002","tract":"103600","blockGroup":"2","statYear":2025,"firstYear":2018,"lastYear":2025,"total2018":73,"total2019":82,"total2020":119,"total2021":90,"total2022":71,"total2023":60,"total2024":76,"total2025":46,"reportedTotal":46,"reportedTotalBand":"45–74","suppressed":false},"confidence":"confirmed","sourceDate":"2025"}},{"type":"Feature","geometry":{"type":"Polygon","coordinates":[[[-93.26391,44.98536],[-93.26351,44.98507],[-93.26047,44.98322],[-93.25999,44.98304],[-93.25825,44.98359],[-93.2579,44.9837],[-93.25757,44.98384],[-93.25726,44.98401],[-93.25697,44.9842],[-93.25671,44.98441],[-93.25663,44.98449],[-93.25652,44.98463],[-93.25639,44.98484],[-93.25566,44.98584],[-93.25536,44.98621],[-93.25488,44.9868],[-93.2541,44.9878],[-93.25328,44.98882],[-93.25299,44.98914],[-93.25349,44.98897],[-93.25491,44.98849],[-93.25634,44.988],[-93.25703,44.98777],[-93.25777,44.9875],[-93.25781,44.98748],[-93.25783,44.98748],[-93.25868,44.9872],[-93.25925,44.98702],[-93.25928,44.98701],[-93.25962,44.98689],[-93.26041,44.98662],[-93.26057,44.98657],[-93.26163,44.98616],[-93.26278,44.98582],[-93.26305,44.98573],[-93.26312,44.98571],[-93.26391,44.98536]]]},"properties":{"id":"crime-bg-270531036003","layer":"crime_block_group","name":"Block group 3, tract 103600","county":"Hennepin","state":"MN","countyFips":"27053","attributes":{"geoid":"270531036003","tract":"103600","blockGroup":"3","statYear":2025,"firstYear":2018,"lastYear":2025,"total2018":37,"total2019":35,"total2020":23,"total2021":23,"total2022":39,"total2023":45,"total2024":47,"total2025":56,"reportedTotal":56,"reportedTotalBand":"45–74","suppressed":false},"confidence":"confirmed","sourceDate":"2025"}},{"type":"Feature","geometry":{"type":"Polygon","coordinates":[[[-93.25236,44.98985],[-93.25245,44.98973],[-93.25191,44.98951],[-93.25108,44.98918],[-93.24967,44.98863],[-93.24913,44.98931],[-93.2489,44.98961],[-93.24829,44.98936],[-93.24754,44.98906],[-93.24594,44.98842],[-93.24456,44.98788],[-93.24378,44.98885],[-93.243,44.98982],[-93.24438,44.99037],[-93.24348,44.99149],[-93.24617,44.99149],[-93.24696,44.99123],[-93.24715,44.99131],[-93.24723,44.99137],[-93.24729,44.99146],[-93.24731,44.99152],[-93.24731,44.99165],[-93.24733,44.99293],[-93.24733,44.9933],[-93.24733,44.99364],[-93.24733,44.99368],[-93.24734,44.99511],[-93.24735,44.99596],[-93.24747,44.99613],[-93.24758,44.99593],[-93.24776,44.99565],[-93.24819,44.99512],[-93.24852,44.99472],[-93.24917,44.99385],[-93.24939,44.9937],[-93.25021,44.99263],[-93.25092,44.99172],[-93.25143,44.99106],[-93.25154,44.99092],[-93.25169,44.99073],[-93.25236,44.98985]]]},"properties":{"id":"crime-bg-270531037001","layer":"crime_block_group","name":"Block group 1, tract 103700","county":"Hennepin","state":"MN","countyFips":"27053","attributes":{"geoid":"270531037001","tract":"103700","blockGroup":"1","statYear":2025,"firstYear":2018,"lastYear":2025,"total2018":27,"total2019":32,"total2020":42,"total2021":32,"total2022":58,"total2023":54,"total2024":40,"total2025":19,"reportedTotal":19,"reportedTotalBand":"0–24","suppressed":false},"confidence":"confirmed","sourceDate":"2025"}},{"type":"Feature","geometry":{"type":"Polygon","coordinates":[[[-93.25825,44.98359],[-93.25999,44.98304],[-93.25712,44.98187],[-93.25582,44.9814],[-93.25506,44.98113],[-93.25429,44.98085],[-93.25385,44.98067],[-93.25373,44.98062],[-93.25102,44.98111],[-93.24984,44.98133],[-93.24958,44.98159],[-93.2492,44.98196],[-93.24918,44.98199],[-93.24881,44.98246],[-93.24844,44.98294],[-93.24767,44.98393],[-93.24904,44.98449],[-93.24907,44.9845],[-93.25061,44.98512],[-93.25198,44.98568],[-93.25338,44.98625],[-93.25488,44.9868],[-93.25536,44.98621],[-93.25566,44.98584],[-93.25639,44.98484],[-93.25652,44.98463],[-93.25663,44.98449],[-93.25671,44.98441],[-93.25697,44.9842],[-93.25726,44.98401],[-93.25757,44.98384],[-93.2579,44.9837],[-93.25825,44.98359]]]},"properties":{"id":"crime-bg-270531037002","layer":"crime_block_group","name":"Block group 2, tract 103700","county":"Hennepin","state":"MN","countyFips":"27053","attributes":{"geoid":"270531037002","tract":"103700","blockGroup":"2","statYear":2025,"firstYear":2018,"lastYear":2025,"total2018":48,"total2019":81,"total2020":107,"total2021":71,"total2022":77,"total2023":62,"total2024":88,"total2025":58,"reportedTotal":58,"reportedTotalBand":"45–74","suppressed":false},"confidence":"confirmed","sourceDate":"2025"}},{"type":"Feature","geometry":{"type":"Polygon","coordinates":[[[-93.24985,44.98611],[-93.25061,44.98512],[-93.24907,44.9845],[-93.24904,44.98449],[-93.24767,44.98393],[-93.2469,44.98492],[-93.24612,44.98591],[-93.24534,44.98689],[-93.24456,44.98788],[-93.24594,44.98842],[-93.24754,44.98906],[-93.24831,44.98809],[-93.24833,44.98808],[-93.24909,44.98709],[-93.24985,44.98611]]]},"properties":{"id":"crime-bg-270531037003","layer":"crime_block_group","name":"Block group 3, tract 103700","county":"Hennepin","state":"MN","countyFips":"27053","attributes":{"geoid":"270531037003","tract":"103700","blockGroup":"3","statYear":2025,"firstYear":2018,"lastYear":2025,"total2018":22,"total2019":27,"total2020":24,"total2021":21,"total2022":53,"total2023":63,"total2024":41,"total2025":43,"reportedTotal":43,"reportedTotalBand":"25–44","suppressed":false},"confidence":"confirmed","sourceDate":"2025"}},{"type":"Feature","geometry":{"type":"Polygon","coordinates":[[[-93.2541,44.9878],[-93.25488,44.9868],[-93.25338,44.98625],[-93.25198,44.98568],[-93.25061,44.98512],[-93.24985,44.98611],[-93.24909,44.98709],[-93.24833,44.98808],[-93.24831,44.98809],[-93.24754,44.98906],[-93.24829,44.98936],[-93.2489,44.98961],[-93.24913,44.98931],[-93.24967,44.98863],[-93.25108,44.98918],[-93.25191,44.98951],[-93.25245,44.98973],[-93.25299,44.98914],[-93.25328,44.98882],[-93.2541,44.9878]]]},"properties":{"id":"crime-bg-270531037004","layer":"crime_block_group","name":"Block group 4, tract 103700","county":"Hennepin","state":"MN","countyFips":"27053","attributes":{"geoid":"270531037004","tract":"103700","blockGroup":"4","statYear":2025,"firstYear":2018,"lastYear":2025,"total2018":47,"total2019":62,"total2020":118,"total2021":81,"total2022":110,"total2023":130,"total2024":164,"total2025":223,"reportedTotal":223,"reportedTotalBand":"115+","suppressed":false},"confidence":"confirmed","sourceDate":"2025"}},{"type":"Feature","geometry":{"type":"Polygon","coordinates":[[[-93.23641,44.9842],[-93.23693,44.98355],[-93.23557,44.983],[-93.2342,44.98245],[-93.23282,44.9819],[-93.23205,44.98287],[-93.23127,44.98385],[-93.231,44.9842],[-93.23085,44.98438],[-93.23211,44.98508],[-93.23259,44.98535],[-93.23338,44.98578],[-93.23465,44.98648],[-93.23482,44.98626],[-93.2354,44.98551],[-93.23616,44.98453],[-93.23641,44.9842]]]},"properties":{"id":"crime-bg-270531039001","layer":"crime_block_group","name":"Block group 1, tract 103900","county":"Hennepin","state":"MN","countyFips":"27053","attributes":{"geoid":"270531039001","tract":"103900","blockGroup":"1","statYear":2025,"firstYear":2018,"lastYear":2025,"total2018":95,"total2019":114,"total2020":172,"total2021":154,"total2022":99,"total2023":73,"total2024":59,"total2025":77,"reportedTotal":77,"reportedTotalBand":"75–114","suppressed":false},"confidence":"confirmed","sourceDate":"2025"}},{"type":"Feature","geometry":{"type":"Polygon","coordinates":[[[-93.23854,44.98159],[-93.2393,44.9806],[-93.23788,44.98005],[-93.23716,44.97977],[-93.23708,44.97974],[-93.23649,44.9795],[-93.23548,44.9791],[-93.2351,44.97894],[-93.23435,44.97993],[-93.23424,44.98008],[-93.23387,44.98056],[-93.23363,44.98087],[-93.23282,44.9819],[-93.2342,44.98245],[-93.23557,44.983],[-93.23693,44.98355],[-93.2371,44.98333],[-93.23773,44.98257],[-93.23852,44.98158],[-93.23854,44.98159]]]},"properties":{"id":"crime-bg-270531039002","layer":"crime_block_group","name":"Block group 2, tract 103900","county":"Hennepin","state":"MN","countyFips":"27053","attributes":{"geoid":"270531039002","tract":"103900","blockGroup":"2","statYear":2025,"firstYear":2018,"lastYear":2025,"total2018":153,"total2019":164,"total2020":241,"total2021":335,"total2022":178,"total2023":153,"total2024":241,"total2025":129,"reportedTotal":129,"reportedTotalBand":"115+","suppressed":false},"confidence":"confirmed","sourceDate":"2025"}},{"type":"Feature","geometry":{"type":"Polygon","coordinates":[[[-93.23038,44.98497],[-93.23085,44.98438],[-93.23036,44.9841],[-93.2271,44.98227],[-93.22693,44.98217],[-93.22613,44.98173],[-93.22392,44.98096],[-93.22222,44.98047],[-93.21142,44.97737],[-93.21042,44.97676],[-93.20844,44.97663],[-93.20767,44.97633],[-93.20767,44.97674],[-93.20767,44.97675],[-93.20767,44.97723],[-93.20765,44.98033],[-93.21109,44.98233],[-93.21405,44.98406],[-93.21701,44.98432],[-93.21772,44.98432],[-93.21776,44.98432],[-93.21851,44.98431],[-93.21877,44.98431],[-93.21905,44.98431],[-93.22031,44.98428],[-93.22157,44.98427],[-93.22283,44.98425],[-93.22418,44.98423],[-93.22556,44.98421],[-93.22689,44.9842],[-93.22692,44.98419],[-93.2286,44.9842],[-93.2286,44.98501],[-93.22863,44.98509],[-93.22868,44.98518],[-93.22875,44.98524],[-93.22877,44.98525],[-93.22885,44.98531],[-93.22892,44.98534],[-93.22902,44.98535],[-93.23038,44.98535],[-93.23038,44.98497]]]},"properties":{"id":"crime-bg-270531040011","layer":"crime_block_group","name":"Block group 1, tract 104001","county":"Hennepin","state":"MN","countyFips":"27053","attributes":{"geoid":"270531040011","tract":"104001","blockGroup":"1","statYear":2025,"firstYear":2018,"lastYear":2025,"total2018":18,"total2019":27,"total2020":39,"total2021":32,"total2022":32,"total2023":24,"total2024":13,"total2025":38,"reportedTotal":38,"reportedTotalBand":"25–44","suppressed":false},"confidence":"confirmed","sourceDate":"2025"}},{"type":"Feature","geometry":{"type":"Polygon","coordinates":[[[-93.22694,44.98783],[-93.22693,44.98659],[-93.22693,44.98601],[-93.22693,44.98535],[-93.22692,44.98467],[-93.22692,44.98419],[-93.22689,44.9842],[-93.22556,44.98421],[-93.22418,44.98423],[-93.22283,44.98425],[-93.22157,44.98427],[-93.22031,44.98428],[-93.21905,44.98431],[-93.21877,44.98431],[-93.21851,44.98431],[-93.21776,44.98432],[-93.21772,44.98432],[-93.21701,44.98432],[-93.21405,44.98406],[-93.21109,44.98233],[-93.20765,44.98033],[-93.20764,44.98116],[-93.20761,44.98476],[-93.20759,44.98807],[-93.20779,44.98807],[-93.21088,44.98803],[-93.21265,44.988],[-93.21506,44.98796],[-93.2152,44.98796],[-93.21644,44.98794],[-93.2177,44.98793],[-93.21899,44.98792],[-93.21902,44.98791],[-93.22026,44.9879],[-93.22062,44.9879],[-93.22157,44.98789],[-93.22283,44.98787],[-93.2242,44.98785],[-93.22557,44.98784],[-93.22691,44.98782],[-93.22694,44.98783]]]},"properties":{"id":"crime-bg-270531040012","layer":"crime_block_group","name":"Block group 2, tract 104001","county":"Hennepin","state":"MN","countyFips":"27053","attributes":{"geoid":"270531040012","tract":"104001","blockGroup":"2","statYear":2025,"firstYear":2018,"lastYear":2025,"total2018":41,"total2019":52,"total2020":62,"total2021":54,"total2022":53,"total2023":25,"total2024":42,"total2025":50,"reportedTotal":50,"reportedTotalBand":"45–74","suppressed":false},"confidence":"confirmed","sourceDate":"2025"}},{"type":"Feature","geometry":{"type":"Polygon","coordinates":[[[-93.23617,44.98814],[-93.23672,44.98762],[-93.23591,44.98717],[-93.23585,44.98714],[-93.23465,44.98648],[-93.23338,44.98578],[-93.23259,44.98535],[-93.23211,44.98508],[-93.23085,44.98438],[-93.23038,44.98497],[-93.23038,44.98535],[-93.22902,44.98535],[-93.22892,44.98534],[-93.22885,44.98531],[-93.22877,44.98525],[-93.22875,44.98524],[-93.22868,44.98518],[-93.22863,44.98509],[-93.2286,44.98501],[-93.2286,44.9842],[-93.22692,44.98419],[-93.22692,44.98467],[-93.22693,44.98535],[-93.22693,44.98601],[-93.22693,44.98659],[-93.22694,44.98783],[-93.22822,44.98783],[-93.2286,44.98783],[-93.22948,44.98783],[-93.23038,44.98784],[-93.23076,44.98784],[-93.23204,44.98784],[-93.23332,44.98784],[-93.23459,44.98784],[-93.23538,44.98787],[-93.23558,44.98789],[-93.23573,44.98792],[-93.23591,44.98798],[-93.23607,44.98805],[-93.23617,44.98814]]]},"properties":{"id":"crime-bg-270531040013","layer":"crime_block_group","name":"Block group 3, tract 104001","county":"Hennepin","state":"MN","countyFips":"27053","attributes":{"geoid":"270531040013","tract":"104001","blockGroup":"3","statYear":2025,"firstYear":2018,"lastYear":2025,"total2018":32,"total2019":26,"total2020":37,"total2021":42,"total2022":104,"total2023":94,"total2024":109,"total2025":135,"reportedTotal":135,"reportedTotalBand":"115+","suppressed":false},"confidence":"confirmed","sourceDate":"2025"}},{"type":"Feature","geometry":{"type":"Polygon","coordinates":[[[-93.24206,44.99149],[-93.24157,44.99101],[-93.24105,44.99054],[-93.24051,44.99008],[-93.23994,44.98963],[-93.23935,44.98921],[-93.23874,44.9888],[-93.23842,44.9886],[-93.23813,44.98841],[-93.23751,44.98806],[-93.23745,44.98802],[-93.23729,44.98793],[-93.23708,44.98782],[-93.2369,44.98772],[-93.23672,44.98762],[-93.23617,44.98814],[-93.23607,44.98805],[-93.23591,44.98798],[-93.23573,44.98792],[-93.23558,44.98789],[-93.23538,44.98787],[-93.23459,44.98784],[-93.23332,44.98784],[-93.23204,44.98784],[-93.23076,44.98784],[-93.23038,44.98784],[-93.22948,44.98783],[-93.2286,44.98783],[-93.22822,44.98783],[-93.22694,44.98783],[-93.22694,44.98785],[-93.22694,44.98964],[-93.22695,44.99065],[-93.22696,44.99088],[-93.22698,44.99097],[-93.22704,44.99113],[-93.22708,44.99125],[-93.22709,44.99133],[-93.22712,44.99145],[-93.22716,44.99176],[-93.22718,44.99197],[-93.22717,44.99224],[-93.22714,44.99246],[-93.2271,44.99269],[-93.22701,44.99311],[-93.22695,44.99338],[-93.2269,44.99369],[-93.22699,44.99396],[-93.22695,44.99508],[-93.22697,44.99697],[-93.22694,44.9987],[-93.22693,44.99934],[-93.22693,44.99952],[-93.22696,44.99967],[-93.227,44.99982],[-93.22704,44.99998],[-93.22706,45.00005],[-93.22707,45.00012],[-93.22707,45.00019],[-93.22706,45.00084],[-93.22706,45.00122],[-93.22895,45.00173],[-93.22955,45.00191],[-93.22992,45.00202],[-93.23018,45.0021],[-93.23042,45.00218],[-93.23054,45.00218],[-93.2308,45.00223],[-93.23106,45.00227],[-93.23136,45.0023],[-93.23165,45.00233],[-93.23203,45.00235],[-93.23236,45.00234],[-93.23269,45.00233],[-93.23294,45.00231],[-93.23332,45.00227],[-93.23361,45.00222],[-93.23396,45.00214],[-93.2344,45.00202],[-93.23473,45.0019],[-93.23502,45.00177],[-93.23529,45.00162],[-93.23556,45.00147],[-93.23578,45.00131],[-93.23605,45.00107],[-93.23638,45.0007],[-93.23654,45.00051],[-93.23675,45.00026],[-93.23695,45],[-93.23715,44.99971],[-93.23732,44.99945],[-93.23752,44.99911],[-93.2377,44.99871],[-93.23782,44.99843],[-93.2379,44.99823],[-93.23797,44.99806],[-93.23807,44.99779],[-93.23818,44.99745],[-93.23826,44.99711],[-93.2383,44.99691],[-93.23832,44.99667],[-93.23835,44.99639],[-93.23837,44.99614],[-93.23838,44.99587],[-93.23837,44.9956],[-93.23837,44.99539],[-93.23835,44.99518],[-93.23831,44.99489],[-93.23825,44.9946],[-93.23818,44.99431],[-93.23809,44.99404],[-93.238,44.99384],[-93.23786,44.99358],[-93.23768,44.9933],[-93.23755,44.99313],[-93.23739,44.99295],[-93.23719,44.99278],[-93.237,44.99254],[-93.23687,44.99237],[-93.23673,44.9922],[-93.23664,44.99208],[-93.23657,44.99197],[-93.23651,44.99184],[-93.23643,44.99166],[-93.23635,44.99149],[-93.23662,44.99149],[-93.23713,44.9915],[-93.23841,44.9915],[-93.23971,44.9915],[-93.24097,44.9915],[-93.24206,44.99149]]]},"properties":{"id":"crime-bg-270531040021","layer":"crime_block_group","name":"Block group 1, tract 104002","county":"Hennepin","state":"MN","countyFips":"27053","attributes":{"geoid":"270531040021","tract":"104002","blockGroup":"1","statYear":2025,"firstYear":2018,"lastYear":2025,"total2018":101,"total2019":74,"total2020":107,"total2021":112,"total2022":112,"total2023":91,"total2024":121,"total2025":86,"reportedTotal":86,"reportedTotalBand":"75–114","suppressed":false},"confidence":"confirmed","sourceDate":"2025"}},{"type":"Feature","geometry":{"type":"Polygon","coordinates":[[[-93.22707,45.00019],[-93.22707,45.00012],[-93.22706,45.00005],[-93.22704,44.99998],[-93.227,44.99982],[-93.22696,44.99967],[-93.22693,44.99952],[-93.22693,44.99934],[-93.22694,44.9987],[-93.22697,44.99697],[-93.22695,44.99508],[-93.22675,44.99508],[-93.22665,44.99508],[-93.22545,44.99509],[-93.22417,44.9951],[-93.22287,44.99512],[-93.22156,44.99513],[-93.22114,44.99514],[-93.22023,44.9952],[-93.21957,44.99524],[-93.21912,44.99525],[-93.21771,44.99526],[-93.21771,44.99517],[-93.21646,44.99519],[-93.21404,44.99522],[-93.21154,44.99525],[-93.21153,44.99523],[-93.21151,44.99341],[-93.21151,44.99326],[-93.21147,44.99311],[-93.21139,44.99296],[-93.2113,44.99283],[-93.21117,44.99271],[-93.21101,44.99261],[-93.21083,44.99252],[-93.21065,44.99243],[-93.2105,44.99232],[-93.21036,44.9922],[-93.21026,44.99205],[-93.2102,44.9919],[-93.21017,44.99175],[-93.21016,44.99165],[-93.20777,44.99168],[-93.20756,44.99168],[-93.20758,44.99557],[-93.2076,44.99886],[-93.2076,45.00055],[-93.2076,45.00057],[-93.2076,45.00064],[-93.2076,45.00071],[-93.20761,45.00073],[-93.20762,45.00252],[-93.20764,45.00598],[-93.20766,45.00597],[-93.2078,45.00591],[-93.20785,45.00589],[-93.20833,45.00572],[-93.20875,45.00553],[-93.2121,45.00409],[-93.2161,45.00235],[-93.21658,45.00215],[-93.21707,45.00194],[-93.21748,45.00176],[-93.21789,45.0016],[-93.21837,45.00144],[-93.21882,45.0013],[-93.21935,45.00117],[-93.21971,45.00108],[-93.22019,45.00098],[-93.22062,45.00092],[-93.22113,45.00084],[-93.22149,45.0008],[-93.22201,45.00077],[-93.22246,45.00075],[-93.22287,45.00073],[-93.2232,45.00072],[-93.22353,45.00072],[-93.22388,45.00074],[-93.22434,45.00076],[-93.2249,45.00081],[-93.22531,45.00086],[-93.22583,45.00094],[-93.22681,45.00117],[-93.22706,45.00122],[-93.22706,45.00084],[-93.22707,45.00019]]]},"properties":{"id":"crime-bg-270531040022","layer":"crime_block_group","name":"Block group 2, tract 104002","county":"Hennepin","state":"MN","countyFips":"27053","attributes":{"geoid":"270531040022","tract":"104002","blockGroup":"2","statYear":2025,"firstYear":2018,"lastYear":2025,"total2018":53,"total2019":41,"total2020":57,"total2021":56,"total2022":56,"total2023":36,"total2024":46,"total2025":33,"reportedTotal":33,"reportedTotalBand":"25–44","suppressed":false},"confidence":"confirmed","sourceDate":"2025"}},{"type":"Feature","geometry":{"type":"Polygon","coordinates":[[[-93.22717,44.99224],[-93.22718,44.99197],[-93.22716,44.99176],[-93.22712,44.99145],[-93.22709,44.99133],[-93.22708,44.99125],[-93.22704,44.99113],[-93.22698,44.99097],[-93.22696,44.99088],[-93.22695,44.99065],[-93.22694,44.98964],[-93.22694,44.98785],[-93.22694,44.98783],[-93.22691,44.98782],[-93.22557,44.98784],[-93.2242,44.98785],[-93.22283,44.98787],[-93.22157,44.98789],[-93.22062,44.9879],[-93.22026,44.9879],[-93.21902,44.98791],[-93.21899,44.98792],[-93.2177,44.98793],[-93.21644,44.98794],[-93.2152,44.98796],[-93.21516,44.98977],[-93.21515,44.99158],[-93.21264,44.99161],[-93.21029,44.99165],[-93.21016,44.99165],[-93.21017,44.99175],[-93.2102,44.9919],[-93.21026,44.99205],[-93.21036,44.9922],[-93.2105,44.99232],[-93.21065,44.99243],[-93.21083,44.99252],[-93.21101,44.99261],[-93.21117,44.99271],[-93.2113,44.99283],[-93.21139,44.99296],[-93.21147,44.99311],[-93.21151,44.99326],[-93.21151,44.99341],[-93.21153,44.99523],[-93.21154,44.99525],[-93.21404,44.99522],[-93.21646,44.99519],[-93.21771,44.99517],[-93.21771,44.99526],[-93.21912,44.99525],[-93.21957,44.99524],[-93.22023,44.9952],[-93.22114,44.99514],[-93.22156,44.99513],[-93.22287,44.99512],[-93.22417,44.9951],[-93.22545,44.99509],[-93.22665,44.99508],[-93.22675,44.99508],[-93.22695,44.99508],[-93.22699,44.99396],[-93.2269,44.99369],[-93.22695,44.99338],[-93.22701,44.99311],[-93.2271,44.99269],[-93.22714,44.99246],[-93.22717,44.99224]]]},"properties":{"id":"crime-bg-270531040023","layer":"crime_block_group","name":"Block group 3, tract 104002","county":"Hennepin","state":"MN","countyFips":"27053","attributes":{"geoid":"270531040023","tract":"104002","blockGroup":"3","statYear":2025,"firstYear":2018,"lastYear":2025,"total2018":69,"total2019":54,"total2020":45,"total2021":51,"total2022":90,"total2023":68,"total2024":70,"total2025":100,"reportedTotal":100,"reportedTotalBand":"75–114","suppressed":false},"confidence":"confirmed","sourceDate":"2025"}},{"type":"Feature","geometry":{"type":"Polygon","coordinates":[[[-93.21516,44.98977],[-93.2152,44.98796],[-93.21506,44.98796],[-93.21265,44.988],[-93.21088,44.98803],[-93.20779,44.98807],[-93.20759,44.98807],[-93.20757,44.9895],[-93.20757,44.99042],[-93.20756,44.99168],[-93.20777,44.99168],[-93.21016,44.99165],[-93.21029,44.99165],[-93.21264,44.99161],[-93.21515,44.99158],[-93.21516,44.98977]]]},"properties":{"id":"crime-bg-270531040024","layer":"crime_block_group","name":"Block group 4, tract 104002","county":"Hennepin","state":"MN","countyFips":"27053","attributes":{"geoid":"270531040024","tract":"104002","blockGroup":"4","statYear":2025,"firstYear":2018,"lastYear":2025,"total2018":8,"total2019":21,"total2020":15,"total2021":17,"total2022":27,"total2023":15,"total2024":10,"total2025":14,"reportedTotal":14,"reportedTotalBand":"0–24","suppressed":false},"confidence":"confirmed","sourceDate":"2025"}},{"type":"Feature","geometry":{"type":"Polygon","coordinates":[[[-93.30833,44.97848],[-93.30834,44.97777],[-93.30792,44.97768],[-93.30753,44.97761],[-93.30728,44.97758],[-93.30708,44.97755],[-93.30693,44.97754],[-93.30678,44.97754],[-93.30642,44.97754],[-93.30627,44.97753],[-93.30612,44.97751],[-93.30598,44.97747],[-93.30584,44.97741],[-93.30568,44.97732],[-93.30559,44.97724],[-93.30557,44.97715],[-93.30557,44.97713],[-93.30549,44.97697],[-93.30545,44.97688],[-93.30539,44.97678],[-93.30528,44.97667],[-93.30509,44.97663],[-93.30482,44.97662],[-93.30467,44.97663],[-93.30437,44.97664],[-93.30416,44.97665],[-93.30401,44.97664],[-93.30387,44.97661],[-93.30372,44.97657],[-93.3034,44.97647],[-93.30276,44.97625],[-93.30257,44.97619],[-93.30238,44.97615],[-93.30218,44.97611],[-93.30188,44.97609],[-93.30132,44.97605],[-93.30117,44.97604],[-93.30102,44.97605],[-93.30082,44.97606],[-93.30057,44.97611],[-93.2998,44.97629],[-93.29947,44.97638],[-93.29945,44.97639],[-93.2991,44.97651],[-93.2983,44.97681],[-93.29819,44.97685],[-93.29758,44.97707],[-93.29729,44.97709],[-93.29602,44.97708],[-93.29552,44.97708],[-93.29552,44.97722],[-93.29402,44.97723],[-93.2937,44.97721],[-93.2937,44.97707],[-93.29179,44.97708],[-93.29009,44.97705],[-93.28989,44.97705],[-93.28931,44.97725],[-93.28807,44.97766],[-93.28807,44.97786],[-93.28806,44.97896],[-93.28805,44.97926],[-93.28804,44.97949],[-93.28952,44.9797],[-93.28967,44.97972],[-93.29085,44.97989],[-93.29143,44.97997],[-93.29296,44.98018],[-93.29302,44.98019],[-93.29551,44.98048],[-93.29715,44.98066],[-93.29813,44.98078],[-93.29819,44.98079],[-93.29826,44.98079],[-93.29832,44.9808],[-93.29894,44.98082],[-93.29944,44.98084],[-93.30076,44.9809],[-93.30188,44.9809],[-93.30199,44.9809],[-93.30319,44.98084],[-93.30327,44.98083],[-93.3045,44.98079],[-93.30454,44.98079],[-93.30582,44.98077],[-93.3063,44.98076],[-93.30832,44.98072],[-93.30833,44.97979],[-93.30833,44.97894],[-93.30833,44.97848]]]},"properties":{"id":"crime-bg-270531041001","layer":"crime_block_group","name":"Block group 1, tract 104100","county":"Hennepin","state":"MN","countyFips":"27053","attributes":{"geoid":"270531041001","tract":"104100","blockGroup":"1","statYear":2025,"firstYear":2018,"lastYear":2025,"total2018":101,"total2019":84,"total2020":123,"total2021":121,"total2022":125,"total2023":115,"total2024":136,"total2025":131,"reportedTotal":131,"reportedTotalBand":"115+","suppressed":false},"confidence":"confirmed","sourceDate":"2025"}},{"type":"Feature","geometry":{"type":"Polygon","coordinates":[[[-93.31847,44.98174],[-93.3185,44.98075],[-93.31724,44.98074],[-93.31603,44.98074],[-93.31596,44.98074],[-93.3146,44.98074],[-93.31435,44.98074],[-93.31392,44.9799],[-93.31379,44.97962],[-93.31363,44.97934],[-93.31351,44.97916],[-93.31335,44.97908],[-93.31317,44.97896],[-93.31308,44.97885],[-93.31284,44.97867],[-93.31234,44.97844],[-93.31163,44.97823],[-93.31101,44.97793],[-93.31089,44.97792],[-93.31029,44.97784],[-93.30961,44.97781],[-93.30951,44.97783],[-93.30909,44.97791],[-93.30874,44.97785],[-93.3086,44.97783],[-93.30834,44.97777],[-93.30833,44.97848],[-93.30833,44.97894],[-93.30833,44.97979],[-93.30832,44.98072],[-93.30831,44.98158],[-93.3083,44.98265],[-93.30829,44.98428],[-93.30829,44.98442],[-93.30829,44.98451],[-93.30967,44.98455],[-93.31036,44.98455],[-93.31106,44.98453],[-93.3117,44.9845],[-93.31211,44.98447],[-93.31233,44.98445],[-93.31338,44.98431],[-93.31345,44.9843],[-93.31469,44.98414],[-93.31583,44.98403],[-93.3161,44.98402],[-93.3164,44.98402],[-93.31656,44.98402],[-93.31675,44.98403],[-93.31693,44.98402],[-93.31745,44.98401],[-93.31797,44.98402],[-93.31842,44.98405],[-93.31847,44.98405],[-93.31847,44.98394],[-93.31847,44.98312],[-93.31847,44.98174]]]},"properties":{"id":"crime-bg-270531041002","layer":"crime_block_group","name":"Block group 2, tract 104100","county":"Hennepin","state":"MN","countyFips":"27053","attributes":{"geoid":"270531041002","tract":"104100","blockGroup":"2","statYear":2025,"firstYear":2018,"lastYear":2025,"total2018":43,"total2019":29,"total2020":21,"total2021":19,"total2022":44,"total2023":53,"total2024":45,"total2025":30,"reportedTotal":30,"reportedTotalBand":"25–44","suppressed":false},"confidence":"confirmed","sourceDate":"2025"}},{"type":"Feature","geometry":{"type":"Polygon","coordinates":[[[-93.30831,44.98158],[-93.30832,44.98072],[-93.3063,44.98076],[-93.30582,44.98077],[-93.30454,44.98079],[-93.3045,44.98079],[-93.30327,44.98083],[-93.30319,44.98084],[-93.30199,44.9809],[-93.30188,44.9809],[-93.30076,44.9809],[-93.29944,44.98084],[-93.29894,44.98082],[-93.29832,44.9808],[-93.29826,44.98079],[-93.29819,44.98079],[-93.29813,44.98078],[-93.29715,44.98066],[-93.29714,44.98068],[-93.29716,44.98158],[-93.29715,44.98172],[-93.29714,44.98188],[-93.29712,44.98202],[-93.29706,44.98215],[-93.29697,44.98228],[-93.29685,44.9824],[-93.29671,44.9825],[-93.29655,44.98258],[-93.29636,44.98264],[-93.29617,44.98268],[-93.29561,44.98275],[-93.29535,44.98279],[-93.2951,44.98286],[-93.29488,44.98295],[-93.29472,44.98303],[-93.29468,44.98307],[-93.29451,44.98321],[-93.29445,44.98329],[-93.29439,44.98337],[-93.29428,44.98354],[-93.29426,44.9837],[-93.29423,44.98387],[-93.2942,44.98406],[-93.29421,44.98413],[-93.29417,44.98427],[-93.29435,44.98427],[-93.29556,44.98429],[-93.29819,44.98426],[-93.29819,44.98447],[-93.3006,44.98451],[-93.30169,44.9845],[-93.30324,44.98449],[-93.30451,44.98451],[-93.30578,44.98454],[-93.30703,44.9845],[-93.30829,44.98451],[-93.30829,44.98442],[-93.30829,44.98428],[-93.3083,44.98265],[-93.30831,44.98158]]]},"properties":{"id":"crime-bg-270531041003","layer":"crime_block_group","name":"Block group 3, tract 104100","county":"Hennepin","state":"MN","countyFips":"27053","attributes":{"geoid":"270531041003","tract":"104100","blockGroup":"3","statYear":2025,"firstYear":2018,"lastYear":2025,"total2018":52,"total2019":59,"total2020":64,"total2021":64,"total2022":81,"total2023":73,"total2024":63,"total2025":53,"reportedTotal":53,"reportedTotalBand":"45–74","suppressed":false},"confidence":"confirmed","sourceDate":"2025"}},{"type":"Feature","geometry":{"type":"Polygon","coordinates":[[[-93.28158,44.9779],[-93.28161,44.97698],[-93.28152,44.97688],[-93.28135,44.97648],[-93.2813,44.97638],[-93.28123,44.97621],[-93.28109,44.97588],[-93.28105,44.97577],[-93.281,44.97565],[-93.28087,44.97542],[-93.28049,44.97487],[-93.2804,44.97476],[-93.27913,44.97528],[-93.27805,44.97574],[-93.27784,44.97583],[-93.27764,44.97593],[-93.27747,44.97606],[-93.27703,44.97638],[-93.27698,44.97642],[-93.27599,44.97714],[-93.27593,44.97718],[-93.27482,44.97798],[-93.27596,44.97883],[-93.27646,44.97883],[-93.27671,44.97889],[-93.27685,44.97898],[-93.27697,44.97909],[-93.27707,44.97921],[-93.27736,44.97946],[-93.27745,44.97972],[-93.27751,44.97982],[-93.27758,44.97993],[-93.27766,44.98004],[-93.27779,44.98014],[-93.27801,44.98029],[-93.27814,44.98038],[-93.27832,44.98051],[-93.27847,44.98063],[-93.27865,44.98076],[-93.27877,44.98072],[-93.27951,44.98023],[-93.2796,44.98014],[-93.27974,44.98003],[-93.28021,44.97964],[-93.28075,44.9792],[-93.28089,44.9791],[-93.281,44.97906],[-93.28109,44.97903],[-93.28126,44.97899],[-93.28153,44.97893],[-93.28158,44.9779]]]},"properties":{"id":"crime-bg-270531044001","layer":"crime_block_group","name":"Block group 1, tract 104400","county":"Hennepin","state":"MN","countyFips":"27053","attributes":{"geoid":"270531044001","tract":"104400","blockGroup":"1","statYear":2025,"firstYear":2018,"lastYear":2025,"total2018":251,"total2019":352,"total2020":174,"total2021":191,"total2022":240,"total2023":169,"total2024":159,"total2025":99,"reportedTotal":99,"reportedTotalBand":"75–114","suppressed":false},"confidence":"confirmed","sourceDate":"2025"}},{"type":"Feature","geometry":{"type":"Polygon","coordinates":[[[-93.27275,44.97182],[-93.27355,44.97087],[-93.2722,44.97036],[-93.27151,44.96999],[-93.27049,44.96996],[-93.27027,44.96989],[-93.27011,44.96983],[-93.27002,44.96975],[-93.26993,44.96964],[-93.26989,44.96954],[-93.26989,44.96879],[-93.26993,44.96845],[-93.26993,44.9684],[-93.26994,44.9683],[-93.26994,44.96807],[-93.26986,44.96807],[-93.26981,44.96807],[-93.26972,44.96807],[-93.26926,44.96996],[-93.26924,44.97005],[-93.26915,44.97022],[-93.26906,44.97035],[-93.2688,44.97058],[-93.26847,44.9708],[-93.26816,44.97097],[-93.26789,44.9711],[-93.26788,44.97112],[-93.26708,44.97205],[-93.26705,44.97208],[-93.267,44.97214],[-93.26623,44.97304],[-93.26541,44.97401],[-93.26678,44.97458],[-93.26814,44.97515],[-93.26951,44.97572],[-93.27034,44.97475],[-93.27117,44.97377],[-93.27199,44.97281],[-93.27195,44.97279],[-93.27275,44.97182]]]},"properties":{"id":"crime-bg-270531044002","layer":"crime_block_group","name":"Block group 2, tract 104400","county":"Hennepin","state":"MN","countyFips":"27053","attributes":{"geoid":"270531044002","tract":"104400","blockGroup":"2","statYear":2025,"firstYear":2018,"lastYear":2025,"total2018":74,"total2019":65,"total2020":54,"total2021":46,"total2022":87,"total2023":111,"total2024":102,"total2025":90,"reportedTotal":90,"reportedTotalBand":"75–114","suppressed":false},"confidence":"confirmed","sourceDate":"2025"}},{"type":"Feature","geometry":{"type":"Polygon","coordinates":[[[-93.2804,44.97476],[-93.2796,44.9738],[-93.27931,44.97343],[-93.27886,44.97291],[-93.27785,44.97265],[-93.27779,44.97263],[-93.27635,44.97203],[-93.27493,44.97144],[-93.27355,44.97087],[-93.27275,44.97182],[-93.27195,44.97279],[-93.27199,44.97281],[-93.27117,44.97377],[-93.27034,44.97475],[-93.26951,44.97572],[-93.27087,44.97629],[-93.27224,44.97687],[-93.27482,44.97798],[-93.27593,44.97718],[-93.27599,44.97714],[-93.27698,44.97642],[-93.27703,44.97638],[-93.27747,44.97606],[-93.27764,44.97593],[-93.27784,44.97583],[-93.27805,44.97574],[-93.27913,44.97528],[-93.2804,44.97476]]]},"properties":{"id":"crime-bg-270531044003","layer":"crime_block_group","name":"Block group 3, tract 104400","county":"Hennepin","state":"MN","countyFips":"27053","attributes":{"geoid":"270531044003","tract":"104400","blockGroup":"3","statYear":2025,"firstYear":2018,"lastYear":2025,"total2018":454,"total2019":506,"total2020":408,"total2021":394,"total2022":447,"total2023":436,"total2024":482,"total2025":443,"reportedTotal":443,"reportedTotalBand":"115+","suppressed":false},"confidence":"confirmed","sourceDate":"2025"}},{"type":"Feature","geometry":{"type":"Polygon","coordinates":[[[-93.25391,44.96771],[-93.25382,44.96765],[-93.25376,44.96758],[-93.25351,44.96735],[-93.25331,44.96713],[-93.25304,44.96683],[-93.25241,44.96615],[-93.25227,44.966],[-93.25203,44.96603],[-93.25182,44.96606],[-93.25177,44.96607],[-93.25142,44.96613],[-93.25079,44.96621],[-93.25034,44.96624],[-93.24994,44.96624],[-93.24991,44.96624],[-93.24985,44.96624],[-93.24953,44.96622],[-93.24936,44.96622],[-93.24891,44.96617],[-93.24871,44.96614],[-93.24862,44.96612],[-93.24835,44.96606],[-93.24808,44.96598],[-93.24759,44.9658],[-93.24726,44.96567],[-93.24726,44.96586],[-93.24725,44.96627],[-93.24725,44.96667],[-93.24725,44.96762],[-93.24962,44.96862],[-93.251,44.96922],[-93.25047,44.96984],[-93.25023,44.97013],[-93.25019,44.97019],[-93.24937,44.97116],[-93.24875,44.97089],[-93.24802,44.97058],[-93.24789,44.97053],[-93.24723,44.97025],[-93.24723,44.97118],[-93.24723,44.97128],[-93.24723,44.97172],[-93.24723,44.97186],[-93.24765,44.97179],[-93.24783,44.97177],[-93.24809,44.97175],[-93.24855,44.97172],[-93.249,44.97173],[-93.24945,44.97176],[-93.2499,44.97182],[-93.24995,44.97183],[-93.25038,44.97193],[-93.25042,44.97194],[-93.25057,44.97199],[-93.25078,44.97206],[-93.25092,44.9721],[-93.25108,44.97215],[-93.25135,44.97223],[-93.25139,44.97219],[-93.25147,44.9721],[-93.25156,44.972],[-93.25184,44.97165],[-93.25224,44.97119],[-93.25254,44.97082],[-93.2526,44.97072],[-93.25271,44.97058],[-93.25277,44.97051],[-93.2528,44.97045],[-93.25292,44.97026],[-93.25293,44.97022],[-93.253,44.97008],[-93.25304,44.97],[-93.25331,44.96937],[-93.25339,44.9692],[-93.25345,44.96902],[-93.25359,44.96855],[-93.25365,44.96835],[-93.25372,44.96818],[-93.25382,44.96792],[-93.25391,44.96771]]]},"properties":{"id":"crime-bg-270531048011","layer":"crime_block_group","name":"Block group 1, tract 104801","county":"Hennepin","state":"MN","countyFips":"27053","attributes":{"geoid":"270531048011","tract":"104801","blockGroup":"1","statYear":2025,"firstYear":2018,"lastYear":2025,"total2018":54,"total2019":61,"total2020":66,"total2021":62,"total2022":70,"total2023":70,"total2024":46,"total2025":44,"reportedTotal":44,"reportedTotalBand":"25–44","suppressed":false},"confidence":"confirmed","sourceDate":"2025"}},{"type":"Feature","geometry":{"type":"Polygon","coordinates":[[[-93.25047,44.96984],[-93.251,44.96922],[-93.24962,44.96862],[-93.24725,44.96762],[-93.24725,44.96779],[-93.24724,44.96891],[-93.24724,44.96899],[-93.24724,44.9698],[-93.24724,44.97004],[-93.24723,44.97025],[-93.24789,44.97053],[-93.24802,44.97058],[-93.24875,44.97089],[-93.24937,44.97116],[-93.25019,44.97019],[-93.25023,44.97013],[-93.25047,44.96984]]]},"properties":{"id":"crime-bg-270531048012","layer":"crime_block_group","name":"Block group 2, tract 104801","county":"Hennepin","state":"MN","countyFips":"27053","attributes":{"geoid":"270531048012","tract":"104801","blockGroup":"2","statYear":2025,"firstYear":2018,"lastYear":2025,"total2018":94,"total2019":129,"total2020":108,"total2021":123,"total2022":149,"total2023":105,"total2024":94,"total2025":97,"reportedTotal":97,"reportedTotalBand":"75–114","suppressed":false},"confidence":"confirmed","sourceDate":"2025"}},{"type":"Feature","geometry":{"type":"Polygon","coordinates":[[[-93.25135,44.97223],[-93.25108,44.97215],[-93.25092,44.9721],[-93.25078,44.97206],[-93.25057,44.97199],[-93.25042,44.97194],[-93.25038,44.97193],[-93.24995,44.97183],[-93.2499,44.97182],[-93.24945,44.97176],[-93.249,44.97173],[-93.24855,44.97172],[-93.24809,44.97175],[-93.24783,44.97177],[-93.24765,44.97179],[-93.24723,44.97186],[-93.24577,44.9721],[-93.24576,44.97229],[-93.2458,44.97267],[-93.24587,44.97344],[-93.24589,44.97422],[-93.24586,44.97476],[-93.24582,44.97511],[-93.24577,44.97536],[-93.2457,44.97555],[-93.24549,44.97556],[-93.24414,44.97556],[-93.24405,44.97556],[-93.24375,44.97556],[-93.24358,44.97555],[-93.24343,44.9755],[-93.24246,44.97483],[-93.2422,44.97454],[-93.24188,44.97414],[-93.24182,44.97404],[-93.2418,44.97396],[-93.24179,44.97375],[-93.24178,44.97371],[-93.24174,44.97368],[-93.24169,44.97365],[-93.24159,44.97363],[-93.24143,44.97362],[-93.2414,44.97286],[-93.24024,44.97307],[-93.24018,44.97309],[-93.23941,44.97323],[-93.23927,44.97326],[-93.23934,44.97551],[-93.23963,44.97647],[-93.24065,44.97736],[-93.24101,44.97755],[-93.24121,44.97779],[-93.24124,44.97781],[-93.24287,44.97848],[-93.24401,44.97886],[-93.24503,44.97888],[-93.24539,44.97889],[-93.24541,44.97885],[-93.24555,44.9784],[-93.24575,44.9777],[-93.24582,44.97751],[-93.24589,44.97737],[-93.24603,44.97714],[-93.24613,44.97697],[-93.24619,44.97687],[-93.24631,44.97667],[-93.2464,44.97655],[-93.24656,44.97636],[-93.24675,44.97616],[-93.24711,44.97582],[-93.24833,44.97499],[-93.24872,44.97472],[-93.2497,44.97393],[-93.24991,44.97375],[-93.24999,44.97369],[-93.25022,44.97347],[-93.25057,44.9731],[-93.25089,44.97273],[-93.25091,44.97271],[-93.25135,44.97223]]]},"properties":{"id":"crime-bg-270531048021","layer":"crime_block_group","name":"Block group 1, tract 104802","county":"Hennepin","state":"MN","countyFips":"27053","attributes":{"geoid":"270531048021","tract":"104802","blockGroup":"1","statYear":2025,"firstYear":2018,"lastYear":2025,"total2018":69,"total2019":54,"total2020":66,"total2021":72,"total2022":48,"total2023":31,"total2024":28,"total2025":18,"reportedTotal":18,"reportedTotalBand":"0–24","suppressed":false},"confidence":"confirmed","sourceDate":"2025"}},{"type":"Feature","geometry":{"type":"Polygon","coordinates":[[[-93.24726,44.96586],[-93.24726,44.96567],[-93.24714,44.96562],[-93.24584,44.96509],[-93.24506,44.9648],[-93.24502,44.96479],[-93.24485,44.96473],[-93.24421,44.96456],[-93.24399,44.96451],[-93.24371,44.96445],[-93.24321,44.96436],[-93.24269,44.96429],[-93.2424,44.96427],[-93.24218,44.96425],[-93.24166,44.96423],[-93.24114,44.96424],[-93.24085,44.96423],[-93.24063,44.96423],[-93.23924,44.96423],[-93.23709,44.96422],[-93.23631,44.96422],[-93.23616,44.96422],[-93.23568,44.96422],[-93.23339,44.96423],[-93.23317,44.96423],[-93.23354,44.96438],[-93.23416,44.96465],[-93.23457,44.96482],[-93.23565,44.96528],[-93.23616,44.9655],[-93.23708,44.96589],[-93.23775,44.96618],[-93.23799,44.96628],[-93.23878,44.96662],[-93.23931,44.96685],[-93.24008,44.96718],[-93.2409,44.96753],[-93.24141,44.96775],[-93.24248,44.96821],[-93.24407,44.96889],[-93.24423,44.96896],[-93.24452,44.96908],[-93.24566,44.96958],[-93.24613,44.96978],[-93.24663,44.96999],[-93.24723,44.97025],[-93.24724,44.97004],[-93.24724,44.9698],[-93.24724,44.96899],[-93.24724,44.96891],[-93.24725,44.96779],[-93.24725,44.96762],[-93.24725,44.96667],[-93.24725,44.96627],[-93.24726,44.96586]]]},"properties":{"id":"crime-bg-270531048022","layer":"crime_block_group","name":"Block group 2, tract 104802","county":"Hennepin","state":"MN","countyFips":"27053","attributes":{"geoid":"270531048022","tract":"104802","blockGroup":"2","statYear":2025,"firstYear":2018,"lastYear":2025,"total2018":95,"total2019":99,"total2020":112,"total2021":62,"total2022":86,"total2023":115,"total2024":110,"total2025":81,"reportedTotal":81,"reportedTotalBand":"75–114","suppressed":false},"confidence":"confirmed","sourceDate":"2025"}},{"type":"Feature","geometry":{"type":"Polygon","coordinates":[[[-93.24723,44.97118],[-93.24723,44.97025],[-93.24663,44.96999],[-93.24613,44.96978],[-93.24566,44.96958],[-93.24452,44.96908],[-93.24423,44.96896],[-93.24407,44.96889],[-93.24248,44.96821],[-93.24141,44.96775],[-93.2409,44.96753],[-93.24008,44.96718],[-93.23931,44.96685],[-93.23878,44.96662],[-93.23799,44.96628],[-93.23775,44.96618],[-93.23708,44.96589],[-93.23616,44.9655],[-93.23565,44.96528],[-93.23457,44.96482],[-93.23416,44.96465],[-93.23354,44.96438],[-93.23317,44.96423],[-93.23302,44.96422],[-93.23191,44.96421],[-93.23146,44.96422],[-93.23102,44.96425],[-93.23058,44.9643],[-93.23015,44.96437],[-93.22972,44.96446],[-93.22948,44.96453],[-93.22923,44.9646],[-93.22878,44.96475],[-93.22866,44.96479],[-93.22832,44.96493],[-93.2279,44.96512],[-93.22729,44.96541],[-93.22697,44.96558],[-93.22682,44.96565],[-93.22662,44.96575],[-93.22573,44.96616],[-93.22595,44.96631],[-93.22646,44.96662],[-93.2278,44.96743],[-93.23035,44.96818],[-93.23089,44.96834],[-93.23204,44.96868],[-93.23449,44.96902],[-93.23467,44.96906],[-93.23645,44.96946],[-93.23805,44.97032],[-93.23855,44.97104],[-93.239,44.97168],[-93.23924,44.97247],[-93.23926,44.97293],[-93.23926,44.97314],[-93.23927,44.97326],[-93.23941,44.97323],[-93.24018,44.97309],[-93.24024,44.97307],[-93.2414,44.97286],[-93.24143,44.97362],[-93.24159,44.97363],[-93.24169,44.97365],[-93.24174,44.97368],[-93.24178,44.97371],[-93.24179,44.97375],[-93.2418,44.97396],[-93.24182,44.97404],[-93.24188,44.97414],[-93.2422,44.97454],[-93.24246,44.97483],[-93.24343,44.9755],[-93.24358,44.97555],[-93.24375,44.97556],[-93.24405,44.97556],[-93.24414,44.97556],[-93.24549,44.97556],[-93.2457,44.97555],[-93.24577,44.97536],[-93.24582,44.97511],[-93.24586,44.97476],[-93.24589,44.97422],[-93.24587,44.97344],[-93.2458,44.97267],[-93.24576,44.97229],[-93.24577,44.9721],[-93.24723,44.97186],[-93.24723,44.97172],[-93.24723,44.97128],[-93.24723,44.97118]]]},"properties":{"id":"crime-bg-270531048023","layer":"crime_block_group","name":"Block group 3, tract 104802","county":"Hennepin","state":"MN","countyFips":"27053","attributes":{"geoid":"270531048023","tract":"104802","blockGroup":"3","statYear":2025,"firstYear":2018,"lastYear":2025,"total2018":49,"total2019":66,"total2020":90,"total2021":56,"total2022":142,"total2023":129,"total2024":105,"total2025":84,"reportedTotal":84,"reportedTotalBand":"75–114","suppressed":false},"confidence":"confirmed","sourceDate":"2025"}},{"type":"Feature","geometry":{"type":"Polygon","coordinates":[[[-93.23927,44.97326],[-93.23926,44.97314],[-93.23926,44.97293],[-93.23924,44.97247],[-93.239,44.97168],[-93.23855,44.97104],[-93.23805,44.97032],[-93.23645,44.96946],[-93.23467,44.96906],[-93.23449,44.96902],[-93.23204,44.96868],[-93.23089,44.96834],[-93.23035,44.96818],[-93.2278,44.96743],[-93.22646,44.96662],[-93.22595,44.96631],[-93.22573,44.96616],[-93.22561,44.96622],[-93.22483,44.96657],[-93.22446,44.9667],[-93.22426,44.96677],[-93.22449,44.96694],[-93.22455,44.96699],[-93.22567,44.96781],[-93.2271,44.96886],[-93.22712,44.96972],[-93.22711,44.96973],[-93.22711,44.97022],[-93.22711,44.97024],[-93.22711,44.97132],[-93.22711,44.97256],[-93.22711,44.97297],[-93.22711,44.97332],[-93.2271,44.97363],[-93.2271,44.97366],[-93.22868,44.97368],[-93.23031,44.97366],[-93.23181,44.97364],[-93.23383,44.97367],[-93.23401,44.97369],[-93.2341,44.9737],[-93.23425,44.9737],[-93.235,44.97369],[-93.23667,44.97368],[-93.23675,44.97368],[-93.23689,44.97366],[-93.23711,44.97362],[-93.23786,44.9735],[-93.23855,44.97338],[-93.2388,44.97333],[-93.23927,44.97326]]]},"properties":{"id":"crime-bg-270531049011","layer":"crime_block_group","name":"Block group 1, tract 104901","county":"Hennepin","state":"MN","countyFips":"27053","attributes":{"geoid":"270531049011","tract":"104901","blockGroup":"1","statYear":2025,"firstYear":2018,"lastYear":2025,"total2018":36,"total2019":38,"total2020":24,"total2021":27,"total2022":75,"total2023":94,"total2024":70,"total2025":50,"reportedTotal":50,"reportedTotalBand":"45–74","suppressed":false},"confidence":"confirmed","sourceDate":"2025"}},{"type":"Feature","geometry":{"type":"Polygon","coordinates":[[[-93.24385,44.97931],[-93.24401,44.97886],[-93.24287,44.97848],[-93.24124,44.97781],[-93.24121,44.97779],[-93.24101,44.97755],[-93.24065,44.97736],[-93.23963,44.97647],[-93.23934,44.97551],[-93.23927,44.97326],[-93.2388,44.97333],[-93.23855,44.97338],[-93.23786,44.9735],[-93.23711,44.97362],[-93.23689,44.97366],[-93.23675,44.97368],[-93.23667,44.97368],[-93.235,44.97369],[-93.23425,44.9737],[-93.2341,44.9737],[-93.23401,44.97369],[-93.23383,44.97367],[-93.23181,44.97364],[-93.23031,44.97366],[-93.22868,44.97368],[-93.2271,44.97366],[-93.2271,44.97466],[-93.22711,44.97473],[-93.2271,44.97479],[-93.22709,44.97486],[-93.22704,44.97494],[-93.22662,44.97553],[-93.22638,44.97581],[-93.22623,44.97626],[-93.22649,44.97659],[-93.22678,44.97686],[-93.2271,44.97704],[-93.22701,44.97717],[-93.22694,44.97726],[-93.22675,44.9775],[-93.22637,44.97796],[-93.22634,44.97801],[-93.22627,44.97809],[-93.22619,44.97822],[-93.22615,44.97836],[-93.22613,44.97851],[-93.22614,44.97866],[-93.22625,44.97865],[-93.22637,44.97864],[-93.22687,44.97855],[-93.22694,44.97853],[-93.22703,44.97851],[-93.22715,44.97848],[-93.22726,44.97846],[-93.22734,44.97846],[-93.22742,44.97847],[-93.2276,44.97849],[-93.22944,44.9792],[-93.22945,44.97922],[-93.23082,44.97977],[-93.23091,44.97981],[-93.23105,44.97987],[-93.23119,44.97991],[-93.23217,44.98022],[-93.23232,44.98027],[-93.23213,44.98029],[-93.23099,44.98043],[-93.23045,44.98048],[-93.22991,44.98051],[-93.22987,44.98051],[-93.22937,44.98051],[-93.22883,44.9805],[-93.22861,44.98048],[-93.22829,44.98046],[-93.22694,44.98034],[-93.22588,44.98025],[-93.22517,44.98018],[-93.22446,44.98008],[-93.22376,44.97997],[-93.22307,44.97983],[-93.22238,44.97968],[-93.22603,44.98168],[-93.22613,44.98173],[-93.22693,44.98217],[-93.2271,44.98227],[-93.23036,44.9841],[-93.23085,44.98438],[-93.231,44.9842],[-93.23127,44.98385],[-93.23205,44.98287],[-93.23282,44.9819],[-93.23363,44.98087],[-93.23387,44.98056],[-93.23424,44.98008],[-93.23435,44.97993],[-93.2351,44.97894],[-93.23548,44.9791],[-93.23649,44.9795],[-93.23708,44.97974],[-93.23716,44.97977],[-93.23788,44.98005],[-93.2393,44.9806],[-93.24068,44.98114],[-93.24071,44.98116],[-93.24177,44.98037],[-93.24186,44.98034],[-93.24197,44.98035],[-93.24297,44.98074],[-93.24337,44.98024],[-93.24351,44.98006],[-93.24361,44.9799],[-93.24369,44.97974],[-93.24376,44.97957],[-93.24385,44.97931]]]},"properties":{"id":"crime-bg-270531049012","layer":"crime_block_group","name":"Block group 2, tract 104901","county":"Hennepin","state":"MN","countyFips":"27053","attributes":{"geoid":"270531049012","tract":"104901","blockGroup":"2","statYear":2025,"firstYear":2018,"lastYear":2025,"total2018":57,"total2019":47,"total2020":46,"total2021":46,"total2022":51,"total2023":36,"total2024":35,"total2025":27,"reportedTotal":27,"reportedTotalBand":"25–44","suppressed":false},"confidence":"confirmed","sourceDate":"2025"}},{"type":"Feature","geometry":{"type":"Polygon","coordinates":[[[-93.22561,44.96622],[-93.22573,44.96616],[-93.22286,44.96382],[-93.22195,44.96439],[-93.22136,44.96471],[-93.22116,44.9648],[-93.22106,44.96484],[-93.22081,44.96477],[-93.22066,44.96473],[-93.22053,44.96468],[-93.2203,44.96462],[-93.22023,44.9646],[-93.22007,44.96461],[-93.21921,44.96462],[-93.21788,44.96463],[-93.21785,44.96462],[-93.21649,44.96461],[-93.21607,44.96461],[-93.21627,44.96477],[-93.21688,44.96528],[-93.2172,44.96553],[-93.21753,44.96578],[-93.21773,44.96592],[-93.21786,44.96599],[-93.21802,44.96608],[-93.21824,44.96619],[-93.21847,44.9663],[-93.21867,44.96638],[-93.21875,44.96641],[-93.21934,44.96664],[-93.21971,44.96677],[-93.21989,44.96682],[-93.22007,44.96687],[-93.22016,44.96689],[-93.22034,44.96694],[-93.22055,44.96698],[-93.22055,44.96716],[-93.22055,44.96724],[-93.22054,44.96799],[-93.22055,44.96861],[-93.22055,44.96979],[-93.22054,44.96985],[-93.22052,44.96991],[-93.22017,44.97036],[-93.22154,44.97088],[-93.22233,44.97118],[-93.2227,44.97133],[-93.2229,44.97133],[-93.2243,44.97132],[-93.2243,44.97022],[-93.2243,44.96974],[-93.22428,44.96853],[-93.22427,44.96786],[-93.22427,44.96738],[-93.22455,44.96699],[-93.22449,44.96694],[-93.22426,44.96677],[-93.22446,44.9667],[-93.22483,44.96657],[-93.22561,44.96622]]]},"properties":{"id":"crime-bg-270531049021","layer":"crime_block_group","name":"Block group 1, tract 104902","county":"Hennepin","state":"MN","countyFips":"27053","attributes":{"geoid":"270531049021","tract":"104902","blockGroup":"1","statYear":2025,"firstYear":2018,"lastYear":2025,"total2018":39,"total2019":48,"total2020":60,"total2021":60,"total2022":60,"total2023":67,"total2024":48,"total2025":46,"reportedTotal":46,"reportedTotalBand":"45–74","suppressed":false},"confidence":"confirmed","sourceDate":"2025"}},{"type":"Feature","geometry":{"type":"Polygon","coordinates":[[[-93.22711,44.96973],[-93.22712,44.96972],[-93.2271,44.96886],[-93.22567,44.96781],[-93.22455,44.96699],[-93.22427,44.96738],[-93.22427,44.96786],[-93.22428,44.96853],[-93.2243,44.96974],[-93.2243,44.97022],[-93.22568,44.97022],[-93.22568,44.97132],[-93.22711,44.97132],[-93.22711,44.97024],[-93.22711,44.97022],[-93.22711,44.96973]]]},"properties":{"id":"crime-bg-270531049022","layer":"crime_block_group","name":"Block group 2, tract 104902","county":"Hennepin","state":"MN","countyFips":"27053","attributes":{"geoid":"270531049022","tract":"104902","blockGroup":"2","statYear":2025,"firstYear":2018,"lastYear":2025,"total2018":9,"total2019":7,"total2020":7,"total2021":8,"total2022":21,"total2023":16,"total2024":12,"total2025":15,"reportedTotal":15,"reportedTotalBand":"0–24","suppressed":false},"confidence":"confirmed","sourceDate":"2025"}},{"type":"Feature","geometry":{"type":"Polygon","coordinates":[[[-93.22711,44.97256],[-93.22711,44.97132],[-93.22568,44.97132],[-93.22568,44.97022],[-93.2243,44.97022],[-93.2243,44.97132],[-93.2229,44.97133],[-93.22295,44.97151],[-93.22295,44.9716],[-93.22294,44.97169],[-93.22292,44.97178],[-93.2229,44.97188],[-93.2229,44.97198],[-93.2229,44.972],[-93.2232,44.97244],[-93.2235,44.97288],[-93.22372,44.97324],[-93.22392,44.97363],[-93.22362,44.97432],[-93.22452,44.97468],[-93.22478,44.97478],[-93.22569,44.97515],[-93.22651,44.97548],[-93.22662,44.97553],[-93.22704,44.97494],[-93.22709,44.97486],[-93.2271,44.97479],[-93.22711,44.97473],[-93.2271,44.97466],[-93.2271,44.97366],[-93.2271,44.97363],[-93.22711,44.97332],[-93.22711,44.97297],[-93.22711,44.97256]]]},"properties":{"id":"crime-bg-270531049023","layer":"crime_block_group","name":"Block group 3, tract 104902","county":"Hennepin","state":"MN","countyFips":"27053","attributes":{"geoid":"270531049023","tract":"104902","blockGroup":"3","statYear":2025,"firstYear":2018,"lastYear":2025,"total2018":97,"total2019":119,"total2020":135,"total2021":129,"total2022":87,"total2023":64,"total2024":57,"total2025":31,"reportedTotal":31,"reportedTotalBand":"25–44","suppressed":false},"confidence":"confirmed","sourceDate":"2025"}},{"type":"Feature","geometry":{"type":"Polygon","coordinates":[[[-93.22392,44.97363],[-93.22372,44.97324],[-93.2235,44.97288],[-93.2232,44.97244],[-93.2229,44.972],[-93.2229,44.97198],[-93.2229,44.97188],[-93.22292,44.97178],[-93.22294,44.97169],[-93.22295,44.9716],[-93.22295,44.97151],[-93.2229,44.97133],[-93.2227,44.97133],[-93.22233,44.97118],[-93.22154,44.97088],[-93.22017,44.97036],[-93.21939,44.97134],[-93.21861,44.97233],[-93.22,44.97287],[-93.22136,44.9734],[-93.22137,44.97341],[-93.22248,44.97385],[-93.22362,44.97432],[-93.22392,44.97363]]]},"properties":{"id":"crime-bg-270531049024","layer":"crime_block_group","name":"Block group 4, tract 104902","county":"Hennepin","state":"MN","countyFips":"27053","attributes":{"geoid":"270531049024","tract":"104902","blockGroup":"4","statYear":2025,"firstYear":2018,"lastYear":2025,"total2018":39,"total2019":29,"total2020":26,"total2021":39,"total2022":160,"total2023":113,"total2024":99,"total2025":118,"reportedTotal":118,"reportedTotalBand":"115+","suppressed":false},"confidence":"confirmed","sourceDate":"2025"}},{"type":"Feature","geometry":{"type":"Polygon","coordinates":[[[-93.22055,44.96716],[-93.22055,44.96698],[-93.22034,44.96694],[-93.22016,44.96689],[-93.22007,44.96687],[-93.21989,44.96682],[-93.21971,44.96677],[-93.21934,44.96664],[-93.21875,44.96641],[-93.21867,44.96638],[-93.21847,44.9663],[-93.21824,44.96619],[-93.21802,44.96608],[-93.21786,44.96599],[-93.21773,44.96592],[-93.21753,44.96578],[-93.2172,44.96553],[-93.21688,44.96528],[-93.21627,44.96477],[-93.21607,44.96461],[-93.21572,44.96462],[-93.21488,44.96455],[-93.21486,44.9655],[-93.21503,44.96551],[-93.21504,44.96578],[-93.21506,44.96583],[-93.21509,44.96587],[-93.21521,44.96594],[-93.2153,44.96599],[-93.21567,44.96618],[-93.21576,44.96625],[-93.21579,44.96629],[-93.21583,44.96636],[-93.21603,44.96702],[-93.21628,44.96734],[-93.21679,44.9671],[-93.21681,44.96713],[-93.21687,44.96718],[-93.21689,44.96719],[-93.21697,44.96722],[-93.21707,44.96725],[-93.21777,44.96734],[-93.21809,44.96725],[-93.21814,44.96728],[-93.2183,44.96743],[-93.21843,44.9676],[-93.21852,44.96777],[-93.21858,44.96795],[-93.21861,44.96814],[-93.21861,44.96833],[-93.21856,44.96851],[-93.21848,44.96869],[-93.21837,44.96882],[-93.21823,44.96894],[-93.21806,44.96903],[-93.21788,44.96911],[-93.21764,44.96917],[-93.21737,44.96925],[-93.21722,44.96929],[-93.21708,44.96936],[-93.21696,44.96944],[-93.21687,44.96954],[-93.21679,44.96965],[-93.21674,44.96976],[-93.21674,44.96988],[-93.21676,44.97006],[-93.21682,44.97022],[-93.21691,44.97038],[-93.21703,44.97053],[-93.21717,44.97067],[-93.21735,44.97082],[-93.21755,44.97095],[-93.21763,44.97102],[-93.21767,44.9711],[-93.2177,44.97119],[-93.21724,44.97179],[-93.2179,44.97205],[-93.21861,44.97233],[-93.21939,44.97134],[-93.22017,44.97036],[-93.22052,44.96991],[-93.22054,44.96985],[-93.22055,44.96979],[-93.22055,44.96861],[-93.22054,44.96799],[-93.22055,44.96724],[-93.22055,44.96716]]]},"properties":{"id":"crime-bg-270531049025","layer":"crime_block_group","name":"Block group 5, tract 104902","county":"Hennepin","state":"MN","countyFips":"27053","attributes":{"geoid":"270531049025","tract":"104902","blockGroup":"5","statYear":2025,"firstYear":2018,"lastYear":2025,"total2018":55,"total2019":87,"total2020":79,"total2021":93,"total2022":81,"total2023":50,"total2024":46,"total2025":43,"reportedTotal":43,"reportedTotalBand":"25–44","suppressed":false},"confidence":"confirmed","sourceDate":"2025"}},{"type":"Feature","geometry":{"type":"Polygon","coordinates":[[[-93.32869,44.97014],[-93.32869,44.97002],[-93.32764,44.97004],[-93.32653,44.97007],[-93.32555,44.97009],[-93.32456,44.97009],[-93.32192,44.97012],[-93.32186,44.97012],[-93.32175,44.97012],[-93.32106,44.97014],[-93.32032,44.97015],[-93.31761,44.97009],[-93.31484,44.97004],[-93.3148,44.97018],[-93.31476,44.97032],[-93.31473,44.97045],[-93.31435,44.97043],[-93.31346,44.97102],[-93.3122,44.97185],[-93.31091,44.97269],[-93.30878,44.97356],[-93.30836,44.97373],[-93.30835,44.97536],[-93.30835,44.97717],[-93.30835,44.97729],[-93.30835,44.97742],[-93.30834,44.97777],[-93.3086,44.97783],[-93.30874,44.97785],[-93.30909,44.97791],[-93.30951,44.97783],[-93.30961,44.97781],[-93.31029,44.97784],[-93.31089,44.97792],[-93.31101,44.97793],[-93.31163,44.97823],[-93.31234,44.97844],[-93.31284,44.97867],[-93.31308,44.97885],[-93.31317,44.97896],[-93.31335,44.97908],[-93.31351,44.97916],[-93.31363,44.97934],[-93.31379,44.97962],[-93.31392,44.9799],[-93.31435,44.98074],[-93.3146,44.98074],[-93.31596,44.98074],[-93.31603,44.98074],[-93.31724,44.98074],[-93.3185,44.98075],[-93.31852,44.97895],[-93.31852,44.97783],[-93.3185,44.97765],[-93.31847,44.97757],[-93.31843,44.97744],[-93.31837,44.9773],[-93.31837,44.97724],[-93.31838,44.97719],[-93.3184,44.97717],[-93.31841,44.97716],[-93.31845,44.97716],[-93.31853,44.97716],[-93.31855,44.97716],[-93.31864,44.97716],[-93.32045,44.97715],[-93.32167,44.97718],[-93.32498,44.97718],[-93.32593,44.97719],[-93.32615,44.97718],[-93.32776,44.97719],[-93.32784,44.97717],[-93.32787,44.97717],[-93.32816,44.97715],[-93.32844,44.97714],[-93.32857,44.97714],[-93.32865,44.97714],[-93.32866,44.97452],[-93.32867,44.97125],[-93.32869,44.97027],[-93.32869,44.97014]]]},"properties":{"id":"crime-bg-270531051001","layer":"crime_block_group","name":"Block group 1, tract 105100","county":"Hennepin","state":"MN","countyFips":"27053","attributes":{"geoid":"270531051001","tract":"105100","blockGroup":"1","statYear":2025,"firstYear":2018,"lastYear":2025,"total2018":26,"total2019":29,"total2020":29,"total2021":29,"total2022":37,"total2023":26,"total2024":34,"total2025":23,"reportedTotal":23,"reportedTotalBand":"0–24","suppressed":false},"confidence":"confirmed","sourceDate":"2025"}},{"type":"Feature","geometry":{"type":"Polygon","coordinates":[[[-93.3148,44.97018],[-93.31484,44.97004],[-93.31366,44.97004],[-93.31229,44.97001],[-93.31067,44.96997],[-93.30925,44.96989],[-93.30909,44.96987],[-93.30904,44.96987],[-93.30897,44.96987],[-93.30884,44.96986],[-93.30744,44.96973],[-93.30651,44.96967],[-93.30643,44.96966],[-93.30606,44.96964],[-93.30568,44.9696],[-93.30537,44.96956],[-93.30521,44.96954],[-93.3046,44.96948],[-93.30413,44.96959],[-93.30374,44.96969],[-93.30263,44.96996],[-93.30249,44.96999],[-93.30234,44.97],[-93.30211,44.97],[-93.30191,44.97002],[-93.30172,44.97004],[-93.30153,44.97008],[-93.30099,44.97026],[-93.30046,44.97046],[-93.29995,44.97068],[-93.29945,44.97092],[-93.29898,44.97117],[-93.29818,44.97165],[-93.29532,44.97347],[-93.2944,44.97406],[-93.29023,44.9762],[-93.28807,44.97736],[-93.28807,44.97766],[-93.28931,44.97725],[-93.28989,44.97705],[-93.29009,44.97705],[-93.29179,44.97708],[-93.2937,44.97707],[-93.2937,44.97721],[-93.29402,44.97723],[-93.29552,44.97722],[-93.29552,44.97708],[-93.29602,44.97708],[-93.29729,44.97709],[-93.29758,44.97707],[-93.29819,44.97685],[-93.2983,44.97681],[-93.2991,44.97651],[-93.29945,44.97639],[-93.29947,44.97638],[-93.2998,44.97629],[-93.30057,44.97611],[-93.30082,44.97606],[-93.30102,44.97605],[-93.30117,44.97604],[-93.30132,44.97605],[-93.30188,44.97609],[-93.30218,44.97611],[-93.30238,44.97615],[-93.30257,44.97619],[-93.30276,44.97625],[-93.3034,44.97647],[-93.30372,44.97657],[-93.30387,44.97661],[-93.30401,44.97664],[-93.30416,44.97665],[-93.30437,44.97664],[-93.30467,44.97663],[-93.30482,44.97662],[-93.30509,44.97663],[-93.30528,44.97667],[-93.30539,44.97678],[-93.30545,44.97688],[-93.30549,44.97697],[-93.30557,44.97713],[-93.30557,44.97715],[-93.30559,44.97724],[-93.30568,44.97732],[-93.30584,44.97741],[-93.30598,44.97747],[-93.30612,44.97751],[-93.30627,44.97753],[-93.30642,44.97754],[-93.30678,44.97754],[-93.30693,44.97754],[-93.30708,44.97755],[-93.30728,44.97758],[-93.30753,44.97761],[-93.30792,44.97768],[-93.30834,44.97777],[-93.30835,44.97742],[-93.30835,44.97729],[-93.30835,44.97717],[-93.30835,44.97536],[-93.30836,44.97373],[-93.30878,44.97356],[-93.31091,44.97269],[-93.3122,44.97185],[-93.31346,44.97102],[-93.31435,44.97043],[-93.31473,44.97045],[-93.31476,44.97032],[-93.3148,44.97018]]]},"properties":{"id":"crime-bg-270531051002","layer":"crime_block_group","name":"Block group 2, tract 105100","county":"Hennepin","state":"MN","countyFips":"27053","attributes":{"geoid":"270531051002","tract":"105100","blockGroup":"2","statYear":2025,"firstYear":2018,"lastYear":2025,"total2018":19,"total2019":30,"total2020":36,"total2021":40,"total2022":31,"total2023":32,"total2024":25,"total2025":22,"reportedTotal":22,"reportedTotalBand":"0–24","suppressed":false},"confidence":"confirmed","sourceDate":"2025"}},{"type":"Feature","geometry":{"type":"Polygon","coordinates":[[[-93.32873,44.96012],[-93.32873,44.95933],[-93.32863,44.95933],[-93.32741,44.95933],[-93.32721,44.95933],[-93.32699,44.95932],[-93.32704,44.95945],[-93.32706,44.95961],[-93.32705,44.95976],[-93.327,44.95992],[-93.32693,44.96006],[-93.32682,44.96019],[-93.32668,44.96031],[-93.32651,44.96042],[-93.32634,44.96051],[-93.32616,44.96058],[-93.32596,44.96064],[-93.3258,44.96068],[-93.32575,44.96069],[-93.32547,44.96077],[-93.32535,44.96082],[-93.32526,44.96085],[-93.32517,44.96089],[-93.32503,44.96094],[-93.32493,44.96102],[-93.32483,44.9611],[-93.32479,44.96122],[-93.32477,44.96134],[-93.32476,44.96146],[-93.32475,44.96175],[-93.32476,44.96209],[-93.32473,44.96238],[-93.32461,44.9626],[-93.32429,44.96298],[-93.32418,44.96308],[-93.32409,44.9632],[-93.32403,44.96332],[-93.32399,44.9635],[-93.32393,44.96384],[-93.32391,44.96414],[-93.32393,44.96445],[-93.32396,44.96459],[-93.32403,44.96473],[-93.32414,44.96493],[-93.32431,44.96521],[-93.32436,44.9654],[-93.3243,44.96578],[-93.32421,44.96588],[-93.32413,44.96596],[-93.32404,44.9659],[-93.32365,44.96595],[-93.32335,44.96597],[-93.32304,44.96598],[-93.31878,44.96629],[-93.31854,44.9663],[-93.31834,44.96633],[-93.31753,44.96641],[-93.31652,44.96653],[-93.31648,44.96655],[-93.31601,44.96664],[-93.3155,44.96677],[-93.31174,44.96777],[-93.31165,44.9678],[-93.30837,44.96871],[-93.30759,44.96892],[-93.30707,44.96907],[-93.30654,44.96921],[-93.3056,44.96944],[-93.30535,44.9695],[-93.30521,44.96954],[-93.30537,44.96956],[-93.30568,44.9696],[-93.30606,44.96964],[-93.30643,44.96966],[-93.30651,44.96967],[-93.30744,44.96973],[-93.30884,44.96986],[-93.30897,44.96987],[-93.30904,44.96987],[-93.30909,44.96987],[-93.30925,44.96989],[-93.31067,44.96997],[-93.31229,44.97001],[-93.31366,44.97004],[-93.31484,44.97004],[-93.31761,44.97009],[-93.32032,44.97015],[-93.32106,44.97014],[-93.32175,44.97012],[-93.32186,44.97012],[-93.32192,44.97012],[-93.32456,44.97009],[-93.32555,44.97009],[-93.32653,44.97007],[-93.32764,44.97004],[-93.32869,44.97002],[-93.32868,44.96992],[-93.32867,44.96987],[-93.32868,44.96964],[-93.32868,44.96945],[-93.32869,44.96824],[-93.32869,44.96818],[-93.32869,44.96812],[-93.32869,44.9677],[-93.32869,44.96656],[-93.32869,44.96648],[-93.3287,44.96504],[-93.3287,44.96479],[-93.3287,44.96453],[-93.3287,44.96449],[-93.32871,44.96248],[-93.32871,44.96212],[-93.32872,44.96184],[-93.32872,44.96165],[-93.32872,44.96138],[-93.32873,44.96014],[-93.32873,44.96012]]]},"properties":{"id":"crime-bg-270531051003","layer":"crime_block_group","name":"Block group 3, tract 105100","county":"Hennepin","state":"MN","countyFips":"27053","attributes":{"geoid":"270531051003","tract":"105100","blockGroup":"3","statYear":2025,"firstYear":2018,"lastYear":2025,"total2018":14,"total2019":16,"total2020":19,"total2021":19,"total2022":15,"total2023":19,"total2024":12,"total2025":18,"reportedTotal":18,"reportedTotalBand":"0–24","suppressed":false},"confidence":"confirmed","sourceDate":"2025"}},{"type":"Feature","geometry":{"type":"Polygon","coordinates":[[[-93.28233,44.9715],[-93.2827,44.97135],[-93.28229,44.97086],[-93.28185,44.97032],[-93.28185,44.96989],[-93.28083,44.96989],[-93.27933,44.96988],[-93.27933,44.97088],[-93.27933,44.97093],[-93.27889,44.97142],[-93.27779,44.97263],[-93.27785,44.97265],[-93.27886,44.97291],[-93.27984,44.97251],[-93.28019,44.97237],[-93.28062,44.97219],[-93.28086,44.9721],[-93.2815,44.97184],[-93.28218,44.97156],[-93.28233,44.9715]]]},"properties":{"id":"crime-bg-270531052011","layer":"crime_block_group","name":"Block group 1, tract 105201","county":"Hennepin","state":"MN","countyFips":"27053","attributes":{"geoid":"270531052011","tract":"105201","blockGroup":"1","statYear":2025,"firstYear":2018,"lastYear":2025,"total2018":31,"total2019":42,"total2020":58,"total2021":41,"total2022":64,"total2023":56,"total2024":58,"total2025":121,"reportedTotal":121,"reportedTotalBand":"115+","suppressed":false},"confidence":"confirmed","sourceDate":"2025"}},{"type":"Feature","geometry":{"type":"Polygon","coordinates":[[[-93.28809,44.96921],[-93.2881,44.9689],[-93.28793,44.96892],[-93.28772,44.96895],[-93.28763,44.96896],[-93.28753,44.96897],[-93.28683,44.96896],[-93.28668,44.96895],[-93.28655,44.96891],[-93.28644,44.96886],[-93.28634,44.96879],[-93.28626,44.9687],[-93.28621,44.96861],[-93.28619,44.96856],[-93.28509,44.96811],[-93.28339,44.96791],[-93.28185,44.96773],[-93.28185,44.96882],[-93.28185,44.96987],[-93.28185,44.96989],[-93.28185,44.97032],[-93.28229,44.97086],[-93.2827,44.97135],[-93.28233,44.9715],[-93.28218,44.97156],[-93.2815,44.97184],[-93.28086,44.9721],[-93.28062,44.97219],[-93.28019,44.97237],[-93.27984,44.97251],[-93.27886,44.97291],[-93.27931,44.97343],[-93.2796,44.9738],[-93.2804,44.97476],[-93.28049,44.97487],[-93.28087,44.97542],[-93.281,44.97565],[-93.28105,44.97577],[-93.28109,44.97588],[-93.28123,44.97621],[-93.28131,44.97611],[-93.28142,44.97601],[-93.28153,44.97592],[-93.28173,44.97577],[-93.28194,44.97565],[-93.28218,44.97554],[-93.28243,44.97545],[-93.28248,44.97543],[-93.28261,44.9754],[-93.28254,44.97526],[-93.28249,44.97516],[-93.28172,44.97422],[-93.283,44.97371],[-93.28305,44.97368],[-93.28311,44.97366],[-93.28361,44.97346],[-93.28418,44.97323],[-93.28559,44.97265],[-93.2863,44.97236],[-93.2865,44.97228],[-93.28694,44.97212],[-93.28715,44.97206],[-93.28718,44.97205],[-93.28735,44.97202],[-93.28758,44.972],[-93.2878,44.972],[-93.28805,44.97198],[-93.28805,44.97193],[-93.28808,44.97009],[-93.28808,44.96992],[-93.28808,44.96983],[-93.28809,44.96921]]]},"properties":{"id":"crime-bg-270531052012","layer":"crime_block_group","name":"Block group 2, tract 105201","county":"Hennepin","state":"MN","countyFips":"27053","attributes":{"geoid":"270531052012","tract":"105201","blockGroup":"2","statYear":2025,"firstYear":2018,"lastYear":2025,"total2018":101,"total2019":98,"total2020":80,"total2021":92,"total2022":66,"total2023":56,"total2024":69,"total2025":73,"reportedTotal":73,"reportedTotalBand":"45–74","suppressed":false},"confidence":"confirmed","sourceDate":"2025"}},{"type":"Feature","geometry":{"type":"Polygon","coordinates":[[[-93.28805,44.97334],[-93.28806,44.97308],[-93.28805,44.97198],[-93.2878,44.972],[-93.28758,44.972],[-93.28735,44.97202],[-93.28718,44.97205],[-93.28715,44.97206],[-93.28694,44.97212],[-93.2865,44.97228],[-93.2863,44.97236],[-93.28559,44.97265],[-93.28418,44.97323],[-93.28361,44.97346],[-93.28311,44.97366],[-93.28305,44.97368],[-93.283,44.97371],[-93.28172,44.97422],[-93.28249,44.97516],[-93.28254,44.97526],[-93.28261,44.9754],[-93.28269,44.97538],[-93.28296,44.97533],[-93.28482,44.97514],[-93.28558,44.9751],[-93.28577,44.97509],[-93.28596,44.9751],[-93.28625,44.97507],[-93.28654,44.97504],[-93.28734,44.97498],[-93.28757,44.97497],[-93.28786,44.97495],[-93.28806,44.97493],[-93.28805,44.97429],[-93.28804,44.97388],[-93.28804,44.97367],[-93.28804,44.97349],[-93.28805,44.97334]]]},"properties":{"id":"crime-bg-270531052013","layer":"crime_block_group","name":"Block group 3, tract 105201","county":"Hennepin","state":"MN","countyFips":"27053","attributes":{"geoid":"270531052013","tract":"105201","blockGroup":"3","statYear":2025,"firstYear":2018,"lastYear":2025,"total2018":7,"total2019":9,"total2020":null,"total2021":12,"total2022":32,"total2023":37,"total2024":34,"total2025":48,"reportedTotal":48,"reportedTotalBand":"45–74","suppressed":false},"confidence":"confirmed","sourceDate":"2025"}},{"type":"Feature","geometry":{"type":"Polygon","coordinates":[[[-93.27782,44.97033],[-93.27782,44.96988],[-93.27782,44.96985],[-93.27782,44.96895],[-93.27782,44.96879],[-93.27782,44.9681],[-93.27782,44.96789],[-93.27782,44.96771],[-93.27782,44.96724],[-93.27782,44.96644],[-93.27782,44.96639],[-93.27767,44.96644],[-93.27716,44.96655],[-93.2768,44.96662],[-93.27665,44.96665],[-93.27652,44.96667],[-93.27578,44.96677],[-93.27546,44.96681],[-93.2748,44.96684],[-93.27416,44.96682],[-93.27365,44.96679],[-93.27314,44.96675],[-93.27274,44.96671],[-93.2727,44.9667],[-93.27217,44.96661],[-93.27203,44.96658],[-93.27164,44.9665],[-93.2711,44.96637],[-93.27034,44.96621],[-93.27001,44.96614],[-93.26994,44.96613],[-93.26994,44.96644],[-93.26994,44.96664],[-93.26992,44.96694],[-93.26991,44.96724],[-93.26986,44.96807],[-93.26994,44.96807],[-93.26994,44.9683],[-93.26993,44.9684],[-93.26993,44.96845],[-93.26989,44.96879],[-93.26989,44.96954],[-93.26993,44.96964],[-93.27002,44.96975],[-93.27011,44.96983],[-93.27027,44.96989],[-93.27049,44.96996],[-93.27151,44.96999],[-93.2722,44.97036],[-93.27355,44.97087],[-93.27493,44.97144],[-93.27635,44.97203],[-93.27718,44.97107],[-93.27782,44.97033]]]},"properties":{"id":"crime-bg-270531052041","layer":"crime_block_group","name":"Block group 1, tract 105204","county":"Hennepin","state":"MN","countyFips":"27053","attributes":{"geoid":"270531052041","tract":"105204","blockGroup":"1","statYear":2025,"firstYear":2018,"lastYear":2025,"total2018":114,"total2019":134,"total2020":129,"total2021":107,"total2022":104,"total2023":108,"total2024":84,"total2025":95,"reportedTotal":95,"reportedTotalBand":"75–114","suppressed":false},"confidence":"confirmed","sourceDate":"2025"}},{"type":"Feature","geometry":{"type":"Polygon","coordinates":[[[-93.28185,44.96987],[-93.28185,44.96882],[-93.28185,44.96773],[-93.28083,44.96773],[-93.27933,44.96772],[-93.27933,44.9688],[-93.27933,44.96988],[-93.28083,44.96989],[-93.28185,44.96989],[-93.28185,44.96987]]]},"properties":{"id":"crime-bg-270531052042","layer":"crime_block_group","name":"Block group 2, tract 105204","county":"Hennepin","state":"MN","countyFips":"27053","attributes":{"geoid":"270531052042","tract":"105204","blockGroup":"2","statYear":2025,"firstYear":2018,"lastYear":2025,"total2018":32,"total2019":23,"total2020":42,"total2021":41,"total2022":59,"total2023":49,"total2024":49,"total2025":44,"reportedTotal":44,"reportedTotalBand":"25–44","suppressed":false},"confidence":"confirmed","sourceDate":"2025"}},{"type":"Feature","geometry":{"type":"Polygon","coordinates":[[[-93.27933,44.96988],[-93.27933,44.9688],[-93.27933,44.96772],[-93.27782,44.96771],[-93.27782,44.96789],[-93.27782,44.9681],[-93.27782,44.96879],[-93.27782,44.96895],[-93.27782,44.96985],[-93.27782,44.96988],[-93.27782,44.97033],[-93.27718,44.97107],[-93.27635,44.97203],[-93.27779,44.97263],[-93.27889,44.97142],[-93.27933,44.97093],[-93.27933,44.97088],[-93.27933,44.96988]]]},"properties":{"id":"crime-bg-270531052043","layer":"crime_block_group","name":"Block group 3, tract 105204","county":"Hennepin","state":"MN","countyFips":"27053","attributes":{"geoid":"270531052043","tract":"105204","blockGroup":"3","statYear":2025,"firstYear":2018,"lastYear":2025,"total2018":83,"total2019":115,"total2020":115,"total2021":124,"total2022":110,"total2023":121,"total2024":118,"total2025":100,"reportedTotal":100,"reportedTotalBand":"75–114","suppressed":false},"confidence":"confirmed","sourceDate":"2025"}},{"type":"Feature","geometry":{"type":"Polygon","coordinates":[[[-93.26972,44.96807],[-93.26955,44.96807],[-93.2694,44.96806],[-93.26893,44.96806],[-93.26769,44.96806],[-93.26765,44.96806],[-93.26511,44.96809],[-93.26254,44.96812],[-93.26253,44.96889],[-93.26253,44.96898],[-93.26269,44.96897],[-93.26307,44.96897],[-93.26334,44.96896],[-93.26511,44.96894],[-93.2653,44.96894],[-93.26548,44.96899],[-93.26592,44.96911],[-93.26619,44.9692],[-93.26735,44.96958],[-93.26766,44.96971],[-93.26787,44.96982],[-93.26894,44.96985],[-93.26907,44.96994],[-93.26924,44.97005],[-93.26926,44.96996],[-93.26972,44.96807]]]},"properties":{"id":"crime-bg-270531054001","layer":"crime_block_group","name":"Block group 1, tract 105400","county":"Hennepin","state":"MN","countyFips":"27053","attributes":{"geoid":"270531054001","tract":"105400","blockGroup":"1","statYear":2025,"firstYear":2018,"lastYear":2025,"total2018":45,"total2019":77,"total2020":79,"total2021":91,"total2022":74,"total2023":51,"total2024":51,"total2025":53,"reportedTotal":53,"reportedTotalBand":"45–74","suppressed":false},"confidence":"confirmed","sourceDate":"2025"}},{"type":"Feature","geometry":{"type":"Polygon","coordinates":[[[-93.26915,44.97022],[-93.26924,44.97005],[-93.26907,44.96994],[-93.26894,44.96985],[-93.26787,44.96982],[-93.26766,44.96971],[-93.26735,44.96958],[-93.26619,44.9692],[-93.26592,44.96911],[-93.26548,44.96899],[-93.2653,44.96894],[-93.26511,44.96894],[-93.26334,44.96896],[-93.26307,44.96897],[-93.26269,44.96897],[-93.26253,44.96898],[-93.26258,44.96963],[-93.26262,44.96974],[-93.26266,44.96982],[-93.26272,44.96991],[-93.26278,44.97002],[-93.26285,44.97015],[-93.26296,44.97037],[-93.26432,44.97094],[-93.2657,44.97152],[-93.26705,44.97208],[-93.26708,44.97205],[-93.26788,44.97112],[-93.26789,44.9711],[-93.26816,44.97097],[-93.26847,44.9708],[-93.2688,44.97058],[-93.26906,44.97035],[-93.26915,44.97022]]]},"properties":{"id":"crime-bg-270531054002","layer":"crime_block_group","name":"Block group 2, tract 105400","county":"Hennepin","state":"MN","countyFips":"27053","attributes":{"geoid":"270531054002","tract":"105400","blockGroup":"2","statYear":2025,"firstYear":2018,"lastYear":2025,"total2018":48,"total2019":40,"total2020":44,"total2021":33,"total2022":74,"total2023":81,"total2024":80,"total2025":93,"reportedTotal":93,"reportedTotalBand":"75–114","suppressed":false},"confidence":"confirmed","sourceDate":"2025"}},{"type":"Feature","geometry":{"type":"Polygon","coordinates":[[[-93.267,44.97214],[-93.26705,44.97208],[-93.2657,44.97152],[-93.26432,44.97094],[-93.26296,44.97037],[-93.26285,44.97015],[-93.26278,44.97002],[-93.26272,44.96991],[-93.26266,44.96982],[-93.26262,44.96974],[-93.26258,44.96963],[-93.26253,44.96898],[-93.26253,44.96889],[-93.26254,44.96812],[-93.26254,44.96803],[-93.26196,44.96804],[-93.26104,44.96804],[-93.25964,44.96805],[-93.25964,44.96891],[-93.25815,44.96893],[-93.25814,44.96952],[-93.25812,44.96954],[-93.25806,44.96961],[-93.25805,44.96963],[-93.25781,44.96989],[-93.25776,44.96995],[-93.25722,44.97058],[-93.25641,44.97153],[-93.25728,44.9719],[-93.25777,44.97211],[-93.25913,44.97268],[-93.26049,44.97325],[-93.26006,44.97375],[-93.26006,44.97379],[-93.26005,44.97388],[-93.26006,44.97397],[-93.2601,44.97416],[-93.26015,44.97426],[-93.26022,44.97432],[-93.26025,44.97436],[-93.26034,44.97444],[-93.26041,44.97448],[-93.26044,44.9745],[-93.26049,44.97453],[-93.26056,44.97456],[-93.26106,44.97478],[-93.26243,44.97535],[-93.26379,44.97592],[-93.2646,44.97497],[-93.26541,44.97401],[-93.26623,44.97304],[-93.267,44.97214]]]},"properties":{"id":"crime-bg-270531054003","layer":"crime_block_group","name":"Block group 3, tract 105400","county":"Hennepin","state":"MN","countyFips":"27053","attributes":{"geoid":"270531054003","tract":"105400","blockGroup":"3","statYear":2025,"firstYear":2018,"lastYear":2025,"total2018":163,"total2019":261,"total2020":194,"total2021":191,"total2022":149,"total2023":159,"total2024":154,"total2025":149,"reportedTotal":149,"reportedTotalBand":"115+","suppressed":false},"confidence":"confirmed","sourceDate":"2025"}},{"type":"Feature","geometry":{"type":"Polygon","coordinates":[[[-93.29308,44.96271],[-93.29308,44.96092],[-93.29272,44.96092],[-93.29182,44.96217],[-93.29178,44.96234],[-93.29176,44.96238],[-93.29156,44.9627],[-93.29121,44.9631],[-93.29094,44.96339],[-93.29006,44.9644],[-93.28927,44.96542],[-93.28874,44.96604],[-93.28862,44.96629],[-93.2886,44.96638],[-93.28836,44.96714],[-93.28825,44.96759],[-93.28823,44.96764],[-93.28818,44.96772],[-93.28811,44.96809],[-93.28811,44.96877],[-93.2881,44.9689],[-93.28809,44.96921],[-93.28808,44.96983],[-93.28808,44.96992],[-93.29053,44.96992],[-93.29051,44.96963],[-93.2905,44.96954],[-93.29049,44.96948],[-93.29047,44.96941],[-93.29044,44.96934],[-93.29042,44.96929],[-93.29032,44.96918],[-93.2904,44.96909],[-93.29042,44.96904],[-93.29041,44.96901],[-93.29028,44.96889],[-93.29023,44.96883],[-93.2902,44.96876],[-93.2902,44.9687],[-93.29022,44.96865],[-93.29027,44.96856],[-93.29059,44.96819],[-93.29088,44.96843],[-93.29197,44.96861],[-93.29201,44.96849],[-93.29208,44.96838],[-93.29217,44.96827],[-93.29229,44.96819],[-93.29241,44.96804],[-93.2925,44.96788],[-93.29255,44.96772],[-93.29256,44.96756],[-93.2923,44.96753],[-93.29205,44.96749],[-93.29179,44.96743],[-93.2918,44.9664],[-93.2918,44.96541],[-93.29181,44.96442],[-93.29181,44.96339],[-93.29181,44.96291],[-93.29181,44.96273],[-93.29182,44.96271],[-93.2925,44.96271],[-93.2928,44.96271],[-93.29308,44.96271]]]},"properties":{"id":"crime-bg-270531055001","layer":"crime_block_group","name":"Block group 1, tract 105500","county":"Hennepin","state":"MN","countyFips":"27053","attributes":{"geoid":"270531055001","tract":"105500","blockGroup":"1","statYear":2025,"firstYear":2018,"lastYear":2025,"total2018":22,"total2019":48,"total2020":61,"total2021":66,"total2022":75,"total2023":59,"total2024":66,"total2025":31,"reportedTotal":31,"reportedTotalBand":"25–44","suppressed":false},"confidence":"confirmed","sourceDate":"2025"}},{"type":"Feature","geometry":{"type":"Polygon","coordinates":[[[-93.29563,44.96271],[-93.29564,44.96092],[-93.29437,44.96092],[-93.29308,44.96092],[-93.29308,44.96271],[-93.2928,44.96271],[-93.2925,44.96271],[-93.29182,44.96271],[-93.29181,44.96273],[-93.29181,44.96291],[-93.29181,44.96339],[-93.29181,44.96442],[-93.2918,44.96541],[-93.2918,44.9664],[-93.29179,44.96743],[-93.29205,44.96749],[-93.2923,44.96753],[-93.29256,44.96756],[-93.29255,44.96772],[-93.2925,44.96788],[-93.29241,44.96804],[-93.29229,44.96819],[-93.29217,44.96827],[-93.29208,44.96838],[-93.29201,44.96849],[-93.29197,44.96861],[-93.29088,44.96843],[-93.29059,44.96819],[-93.29027,44.96856],[-93.29022,44.96865],[-93.2902,44.9687],[-93.2902,44.96876],[-93.29023,44.96883],[-93.29028,44.96889],[-93.29041,44.96901],[-93.29042,44.96904],[-93.2904,44.96909],[-93.29032,44.96918],[-93.29042,44.96929],[-93.29044,44.96934],[-93.29047,44.96941],[-93.29049,44.96948],[-93.2905,44.96954],[-93.29051,44.96963],[-93.29053,44.96992],[-93.29438,44.96993],[-93.29438,44.96939],[-93.29435,44.96923],[-93.29429,44.96911],[-93.29415,44.96893],[-93.29401,44.96884],[-93.29388,44.96878],[-93.29369,44.96873],[-93.29346,44.96871],[-93.29339,44.96868],[-93.29343,44.96868],[-93.29359,44.96862],[-93.29375,44.96854],[-93.29388,44.96845],[-93.29423,44.96818],[-93.29453,44.96785],[-93.29454,44.96779],[-93.29452,44.96772],[-93.29436,44.96737],[-93.29509,44.96713],[-93.29562,44.96681],[-93.29562,44.9664],[-93.29562,44.96542],[-93.29562,44.96444],[-93.29562,44.96413],[-93.29562,44.96273],[-93.29563,44.96271]]]},"properties":{"id":"crime-bg-270531055002","layer":"crime_block_group","name":"Block group 2, tract 105500","county":"Hennepin","state":"MN","countyFips":"27053","attributes":{"geoid":"270531055002","tract":"105500","blockGroup":"2","statYear":2025,"firstYear":2018,"lastYear":2025,"total2018":31,"total2019":37,"total2020":46,"total2021":55,"total2022":56,"total2023":55,"total2024":65,"total2025":36,"reportedTotal":36,"reportedTotalBand":"25–44","suppressed":false},"confidence":"confirmed","sourceDate":"2025"}},{"type":"Feature","geometry":{"type":"Polygon","coordinates":[[[-93.3046,44.96948],[-93.30415,44.96945],[-93.30394,44.96943],[-93.30386,44.96943],[-93.30322,44.96937],[-93.30304,44.96933],[-93.30307,44.96894],[-93.3032,44.96888],[-93.30339,44.96885],[-93.3035,44.96883],[-93.3036,44.96881],[-93.3037,44.96878],[-93.30382,44.96872],[-93.30391,44.96867],[-93.30403,44.96857],[-93.30417,44.96842],[-93.30427,44.96831],[-93.30434,44.96824],[-93.30443,44.96817],[-93.30456,44.96809],[-93.30454,44.96798],[-93.30453,44.96642],[-93.30325,44.96642],[-93.30325,44.96543],[-93.30325,44.96444],[-93.30329,44.96328],[-93.30356,44.96332],[-93.30375,44.96332],[-93.30396,44.9633],[-93.30416,44.96327],[-93.30433,44.96321],[-93.30445,44.96315],[-93.30458,44.96308],[-93.30434,44.96315],[-93.30418,44.96316],[-93.30402,44.96315],[-93.30387,44.96312],[-93.30373,44.96307],[-93.30363,44.96302],[-93.3036,44.963],[-93.30349,44.96292],[-93.30345,44.96288],[-93.30323,44.96271],[-93.3028,44.96232],[-93.30237,44.96191],[-93.30196,44.9615],[-93.30169,44.96119],[-93.30144,44.96088],[-93.30128,44.96091],[-93.30117,44.96094],[-93.30114,44.96094],[-93.29968,44.96093],[-93.29946,44.96272],[-93.29945,44.96275],[-93.29945,44.96444],[-93.29944,44.96543],[-93.29944,44.96641],[-93.29945,44.96795],[-93.2987,44.96795],[-93.29864,44.96785],[-93.29856,44.96776],[-93.29845,44.96769],[-93.29832,44.96764],[-93.29817,44.96761],[-93.298,44.96761],[-93.29792,44.96761],[-93.29785,44.96759],[-93.29779,44.96756],[-93.29763,44.96748],[-93.29761,44.96756],[-93.29757,44.96764],[-93.2975,44.96771],[-93.29741,44.96777],[-93.2973,44.96781],[-93.29674,44.9679],[-93.29666,44.96793],[-93.29659,44.96797],[-93.29655,44.96802],[-93.29653,44.96809],[-93.29657,44.96824],[-93.29659,44.9683],[-93.29656,44.96836],[-93.29652,44.96841],[-93.29645,44.96845],[-93.29637,44.96851],[-93.29632,44.96858],[-93.2963,44.96865],[-93.29633,44.9689],[-93.29636,44.96904],[-93.29639,44.96911],[-93.2964,44.96912],[-93.29646,44.9692],[-93.29624,44.96932],[-93.29588,44.96966],[-93.29575,44.96976],[-93.29563,44.96983],[-93.29553,44.96987],[-93.2955,44.96988],[-93.29532,44.96992],[-93.29479,44.96992],[-93.2945,44.96993],[-93.29438,44.96993],[-93.29053,44.96992],[-93.28808,44.96992],[-93.28808,44.97009],[-93.28805,44.97193],[-93.28805,44.97198],[-93.28806,44.97308],[-93.28805,44.97334],[-93.28804,44.97349],[-93.28804,44.97367],[-93.28804,44.97388],[-93.28805,44.97429],[-93.28806,44.97493],[-93.28805,44.97509],[-93.28804,44.97546],[-93.28804,44.97571],[-93.28804,44.97582],[-93.28804,44.97606],[-93.28807,44.97722],[-93.28807,44.97736],[-93.29023,44.9762],[-93.2944,44.97406],[-93.29532,44.97347],[-93.29818,44.97165],[-93.29898,44.97117],[-93.29945,44.97092],[-93.29995,44.97068],[-93.30046,44.97046],[-93.30099,44.97026],[-93.30153,44.97008],[-93.30172,44.97004],[-93.30191,44.97002],[-93.30211,44.97],[-93.30234,44.97],[-93.30249,44.96999],[-93.30263,44.96996],[-93.30374,44.96969],[-93.30413,44.96959],[-93.3046,44.96948]]]},"properties":{"id":"crime-bg-270531055003","layer":"crime_block_group","name":"Block group 3, tract 105500","county":"Hennepin","state":"MN","countyFips":"27053","attributes":{"geoid":"270531055003","tract":"105500","blockGroup":"3","statYear":2025,"firstYear":2018,"lastYear":2025,"total2018":20,"total2019":13,"total2020":16,"total2021":18,"total2022":19,"total2023":33,"total2024":26,"total2025":13,"reportedTotal":13,"reportedTotalBand":"0–24","suppressed":false},"confidence":"confirmed","sourceDate":"2025"}},{"type":"Feature","geometry":{"type":"Polygon","coordinates":[[[-93.29946,44.96272],[-93.29968,44.96093],[-93.29818,44.96093],[-93.29812,44.96093],[-93.29692,44.96092],[-93.29564,44.96092],[-93.29563,44.96271],[-93.29562,44.96273],[-93.29562,44.96413],[-93.29562,44.96444],[-93.29562,44.96542],[-93.29562,44.9664],[-93.29562,44.96681],[-93.29509,44.96713],[-93.29436,44.96737],[-93.29452,44.96772],[-93.29454,44.96779],[-93.29453,44.96785],[-93.29423,44.96818],[-93.29388,44.96845],[-93.29375,44.96854],[-93.29359,44.96862],[-93.29343,44.96868],[-93.29339,44.96868],[-93.29346,44.96871],[-93.29369,44.96873],[-93.29388,44.96878],[-93.29401,44.96884],[-93.29415,44.96893],[-93.29429,44.96911],[-93.29435,44.96923],[-93.29438,44.96939],[-93.29438,44.96993],[-93.2945,44.96993],[-93.29479,44.96992],[-93.29532,44.96992],[-93.2955,44.96988],[-93.29553,44.96987],[-93.29563,44.96983],[-93.29575,44.96976],[-93.29588,44.96966],[-93.29624,44.96932],[-93.29646,44.9692],[-93.2964,44.96912],[-93.29639,44.96911],[-93.29636,44.96904],[-93.29633,44.9689],[-93.2963,44.96865],[-93.29632,44.96858],[-93.29637,44.96851],[-93.29645,44.96845],[-93.29652,44.96841],[-93.29656,44.96836],[-93.29659,44.9683],[-93.29657,44.96824],[-93.29653,44.96809],[-93.29655,44.96802],[-93.29659,44.96797],[-93.29666,44.96793],[-93.29674,44.9679],[-93.2973,44.96781],[-93.29741,44.96777],[-93.2975,44.96771],[-93.29757,44.96764],[-93.29761,44.96756],[-93.29763,44.96748],[-93.29779,44.96756],[-93.29785,44.96759],[-93.29792,44.96761],[-93.298,44.96761],[-93.29817,44.96761],[-93.29832,44.96764],[-93.29845,44.96769],[-93.29856,44.96776],[-93.29864,44.96785],[-93.2987,44.96795],[-93.29945,44.96795],[-93.29944,44.96641],[-93.29944,44.96543],[-93.29945,44.96444],[-93.29945,44.96275],[-93.29946,44.96272]]]},"properties":{"id":"crime-bg-270531055004","layer":"crime_block_group","name":"Block group 4, tract 105500","county":"Hennepin","state":"MN","countyFips":"27053","attributes":{"geoid":"270531055004","tract":"105500","blockGroup":"4","statYear":2025,"firstYear":2018,"lastYear":2025,"total2018":18,"total2019":38,"total2020":40,"total2021":76,"total2022":67,"total2023":83,"total2024":73,"total2025":53,"reportedTotal":53,"reportedTotalBand":"45–74","suppressed":false},"confidence":"confirmed","sourceDate":"2025"}},{"type":"Feature","geometry":{"type":"Polygon","coordinates":[[[-93.28083,44.9664],[-93.28079,44.9664],[-93.28044,44.96638],[-93.27933,44.96637],[-93.27933,44.96597],[-93.27896,44.96607],[-93.27858,44.96618],[-93.27802,44.96634],[-93.27782,44.96639],[-93.27782,44.96644],[-93.27782,44.96724],[-93.27782,44.96771],[-93.27933,44.96772],[-93.28083,44.96773],[-93.28083,44.9664]]]},"properties":{"id":"crime-bg-270531056001","layer":"crime_block_group","name":"Block group 1, tract 105600","county":"Hennepin","state":"MN","countyFips":"27053","attributes":{"geoid":"270531056001","tract":"105600","blockGroup":"1","statYear":2025,"firstYear":2018,"lastYear":2025,"total2018":37,"total2019":46,"total2020":56,"total2021":84,"total2022":83,"total2023":79,"total2024":77,"total2025":86,"reportedTotal":86,"reportedTotalBand":"75–114","suppressed":false},"confidence":"confirmed","sourceDate":"2025"}},{"type":"Feature","geometry":{"type":"Polygon","coordinates":[[[-93.28796,44.9628],[-93.288,44.9627],[-93.28677,44.9627],[-93.2855,44.9627],[-93.28426,44.9627],[-93.28391,44.9627],[-93.28323,44.9627],[-93.28298,44.9627],[-93.28129,44.9627],[-93.28082,44.9627],[-93.27959,44.9627],[-93.27942,44.9627],[-93.27933,44.9627],[-93.27782,44.9627],[-93.27782,44.96397],[-93.27782,44.9642],[-93.27782,44.96523],[-93.27782,44.96615],[-93.27782,44.96639],[-93.27802,44.96634],[-93.27858,44.96618],[-93.27896,44.96607],[-93.27933,44.96597],[-93.27961,44.96589],[-93.28336,44.96492],[-93.28377,44.9648],[-93.28411,44.9647],[-93.28456,44.96463],[-93.28501,44.96458],[-93.28546,44.96455],[-93.28575,44.96455],[-93.28605,44.96458],[-93.28634,44.96464],[-93.2866,44.96471],[-93.28686,44.96481],[-93.2871,44.96493],[-93.28732,44.96507],[-93.28752,44.96522],[-93.28771,44.96539],[-93.2878,44.9655],[-93.28796,44.96549],[-93.28797,44.96532],[-93.28798,44.96458],[-93.28799,44.96438],[-93.28799,44.96419],[-93.28797,44.9632],[-93.28797,44.96296],[-93.28796,44.96284],[-93.28796,44.9628]]]},"properties":{"id":"crime-bg-270531056002","layer":"crime_block_group","name":"Block group 2, tract 105600","county":"Hennepin","state":"MN","countyFips":"27053","attributes":{"geoid":"270531056002","tract":"105600","blockGroup":"2","statYear":2025,"firstYear":2018,"lastYear":2025,"total2018":30,"total2019":37,"total2020":47,"total2021":32,"total2022":53,"total2023":74,"total2024":77,"total2025":36,"reportedTotal":36,"reportedTotalBand":"25–44","suppressed":false},"confidence":"confirmed","sourceDate":"2025"}},{"type":"Feature","geometry":{"type":"Polygon","coordinates":[[[-93.2882,44.9666],[-93.28818,44.9662],[-93.28816,44.96589],[-93.28816,44.96583],[-93.28815,44.96576],[-93.2881,44.9656],[-93.28806,44.96548],[-93.28796,44.96549],[-93.2878,44.9655],[-93.28771,44.96539],[-93.28752,44.96522],[-93.28732,44.96507],[-93.2871,44.96493],[-93.28686,44.96481],[-93.2866,44.96471],[-93.28634,44.96464],[-93.28605,44.96458],[-93.28575,44.96455],[-93.28546,44.96455],[-93.28501,44.96458],[-93.28456,44.96463],[-93.28411,44.9647],[-93.28377,44.9648],[-93.28336,44.96492],[-93.27961,44.96589],[-93.27933,44.96597],[-93.27933,44.96637],[-93.28044,44.96638],[-93.28079,44.9664],[-93.28083,44.9664],[-93.28142,44.96647],[-93.28178,44.96651],[-93.2828,44.9668],[-93.28381,44.96709],[-93.28536,44.96754],[-93.28546,44.96756],[-93.2855,44.96759],[-93.28594,44.96784],[-93.28601,44.9679],[-93.28612,44.96818],[-93.28619,44.96856],[-93.28621,44.96861],[-93.28626,44.9687],[-93.28634,44.96879],[-93.28644,44.96886],[-93.28655,44.96891],[-93.28668,44.96895],[-93.28683,44.96896],[-93.28753,44.96897],[-93.28763,44.96896],[-93.28772,44.96895],[-93.28793,44.96892],[-93.2881,44.9689],[-93.28811,44.96877],[-93.28811,44.96809],[-93.28813,44.96743],[-93.28816,44.96717],[-93.28818,44.96692],[-93.2882,44.9666]]]},"properties":{"id":"crime-bg-270531056003","layer":"crime_block_group","name":"Block group 3, tract 105600","county":"Hennepin","state":"MN","countyFips":"27053","attributes":{"geoid":"270531056003","tract":"105600","blockGroup":"3","statYear":2025,"firstYear":2018,"lastYear":2025,"total2018":14,"total2019":32,"total2020":46,"total2021":46,"total2022":49,"total2023":58,"total2024":52,"total2025":52,"reportedTotal":52,"reportedTotalBand":"45–74","suppressed":false},"confidence":"confirmed","sourceDate":"2025"}},{"type":"Feature","geometry":{"type":"Polygon","coordinates":[[[-93.28619,44.96856],[-93.28612,44.96818],[-93.28601,44.9679],[-93.28594,44.96784],[-93.2855,44.96759],[-93.28546,44.96756],[-93.28536,44.96754],[-93.28381,44.96709],[-93.2828,44.9668],[-93.28178,44.96651],[-93.28142,44.96647],[-93.28083,44.9664],[-93.28083,44.96773],[-93.28185,44.96773],[-93.28339,44.96791],[-93.28509,44.96811],[-93.28619,44.96856]]]},"properties":{"id":"crime-bg-270531056004","layer":"crime_block_group","name":"Block group 4, tract 105600","county":"Hennepin","state":"MN","countyFips":"27053","attributes":{"geoid":"270531056004","tract":"105600","blockGroup":"4","statYear":2025,"firstYear":2018,"lastYear":2025,"total2018":36,"total2019":56,"total2020":92,"total2021":98,"total2022":74,"total2023":74,"total2024":100,"total2025":71,"reportedTotal":71,"reportedTotalBand":"45–74","suppressed":false},"confidence":"confirmed","sourceDate":"2025"}},{"type":"Feature","geometry":{"type":"Polygon","coordinates":[[[-93.27782,44.96615],[-93.27782,44.96523],[-93.27782,44.9642],[-93.27782,44.96397],[-93.27782,44.9627],[-93.27657,44.96269],[-93.27654,44.96269],[-93.27528,44.9627],[-93.27529,44.96271],[-93.27529,44.96396],[-93.2753,44.96522],[-93.2753,44.96628],[-93.2766,44.96628],[-93.27656,44.96646],[-93.27652,44.96667],[-93.27665,44.96665],[-93.2768,44.96662],[-93.27716,44.96655],[-93.27767,44.96644],[-93.27782,44.96639],[-93.27782,44.96615]]]},"properties":{"id":"crime-bg-270531057001","layer":"crime_block_group","name":"Block group 1, tract 105700","county":"Hennepin","state":"MN","countyFips":"27053","attributes":{"geoid":"270531057001","tract":"105700","blockGroup":"1","statYear":2025,"firstYear":2018,"lastYear":2025,"total2018":59,"total2019":81,"total2020":121,"total2021":117,"total2022":107,"total2023":97,"total2024":136,"total2025":113,"reportedTotal":113,"reportedTotalBand":"75–114","suppressed":false},"confidence":"confirmed","sourceDate":"2025"}},{"type":"Feature","geometry":{"type":"Polygon","coordinates":[[[-93.2728,44.96522],[-93.27279,44.96437],[-93.27279,44.96396],[-93.27277,44.96271],[-93.27276,44.9627],[-93.27147,44.96269],[-93.27019,44.96269],[-93.26992,44.96269],[-93.26993,44.96393],[-93.26991,44.96432],[-93.26991,44.96541],[-93.26993,44.96591],[-93.26994,44.96613],[-93.27001,44.96614],[-93.27034,44.96621],[-93.2711,44.96637],[-93.27164,44.9665],[-93.27203,44.96658],[-93.27217,44.96661],[-93.2727,44.9667],[-93.27274,44.96671],[-93.27276,44.96654],[-93.27276,44.96641],[-93.27276,44.96632],[-93.27277,44.96627],[-93.2728,44.96522]]]},"properties":{"id":"crime-bg-270531057002","layer":"crime_block_group","name":"Block group 2, tract 105700","county":"Hennepin","state":"MN","countyFips":"27053","attributes":{"geoid":"270531057002","tract":"105700","blockGroup":"2","statYear":2025,"firstYear":2018,"lastYear":2025,"total2018":52,"total2019":73,"total2020":87,"total2021":69,"total2022":81,"total2023":82,"total2024":70,"total2025":61,"reportedTotal":61,"reportedTotalBand":"45–74","suppressed":false},"confidence":"confirmed","sourceDate":"2025"}},{"type":"Feature","geometry":{"type":"Polygon","coordinates":[[[-93.27656,44.96646],[-93.2766,44.96628],[-93.2753,44.96628],[-93.2753,44.96522],[-93.27529,44.96396],[-93.27529,44.96271],[-93.27528,44.9627],[-93.27402,44.96269],[-93.27339,44.96269],[-93.27276,44.9627],[-93.27277,44.96271],[-93.27279,44.96396],[-93.27279,44.96437],[-93.2728,44.96522],[-93.27277,44.96627],[-93.27276,44.96632],[-93.27276,44.96641],[-93.27276,44.96654],[-93.27274,44.96671],[-93.27314,44.96675],[-93.27365,44.96679],[-93.27416,44.96682],[-93.2748,44.96684],[-93.27546,44.96681],[-93.27578,44.96677],[-93.27652,44.96667],[-93.27656,44.96646]]]},"properties":{"id":"crime-bg-270531057003","layer":"crime_block_group","name":"Block group 3, tract 105700","county":"Hennepin","state":"MN","countyFips":"27053","attributes":{"geoid":"270531057003","tract":"105700","blockGroup":"3","statYear":2025,"firstYear":2018,"lastYear":2025,"total2018":32,"total2019":51,"total2020":70,"total2021":83,"total2022":92,"total2023":89,"total2024":79,"total2025":66,"reportedTotal":66,"reportedTotalBand":"45–74","suppressed":false},"confidence":"confirmed","sourceDate":"2025"}},{"type":"Feature","geometry":{"type":"Polygon","coordinates":[[[-93.25967,44.96394],[-93.25967,44.96272],[-93.25818,44.96272],[-93.25745,44.96272],[-93.2574,44.96272],[-93.2568,44.96272],[-93.25619,44.96272],[-93.25542,44.96273],[-93.25484,44.96273],[-93.25396,44.96274],[-93.25353,44.96275],[-93.25236,44.96275],[-93.25163,44.96275],[-93.2511,44.96275],[-93.25076,44.96275],[-93.24999,44.96266],[-93.24963,44.96262],[-93.24914,44.96258],[-93.24879,44.9622],[-93.24779,44.96113],[-93.24755,44.96092],[-93.2473,44.96069],[-93.2469,44.96032],[-93.24667,44.9601],[-93.24662,44.96015],[-93.24653,44.96023],[-93.24627,44.96049],[-93.24622,44.96054],[-93.24589,44.96087],[-93.24702,44.96253],[-93.24728,44.96291],[-93.24742,44.96313],[-93.24904,44.96549],[-93.24914,44.96564],[-93.24918,44.9657],[-93.24933,44.96592],[-93.24951,44.96619],[-93.24953,44.96622],[-93.24985,44.96624],[-93.24991,44.96624],[-93.24994,44.96624],[-93.25034,44.96624],[-93.25079,44.96621],[-93.25142,44.96613],[-93.25177,44.96607],[-93.25182,44.96606],[-93.25203,44.96603],[-93.25227,44.966],[-93.25252,44.96596],[-93.25273,44.96594],[-93.25297,44.9659],[-93.2538,44.96579],[-93.2544,44.96568],[-93.25491,44.96561],[-93.25522,44.96558],[-93.25545,44.96557],[-93.25605,44.96551],[-93.25669,44.96575],[-93.25716,44.96586],[-93.25746,44.96585],[-93.2579,44.96584],[-93.25816,44.96584],[-93.25836,44.96584],[-93.25958,44.96583],[-93.25966,44.96583],[-93.25966,44.96569],[-93.25966,44.96545],[-93.25967,44.96517],[-93.25967,44.96394]]]},"properties":{"id":"crime-bg-270531060001","layer":"crime_block_group","name":"Block group 1, tract 106000","county":"Hennepin","state":"MN","countyFips":"27053","attributes":{"geoid":"270531060001","tract":"106000","blockGroup":"1","statYear":2025,"firstYear":2018,"lastYear":2025,"total2018":48,"total2019":67,"total2020":76,"total2021":40,"total2022":61,"total2023":46,"total2024":73,"total2025":63,"reportedTotal":63,"reportedTotalBand":"45–74","suppressed":false},"confidence":"confirmed","sourceDate":"2025"}},{"type":"Feature","geometry":{"type":"Polygon","coordinates":[[[-93.25967,44.96272],[-93.25967,44.9627],[-93.25964,44.96183],[-93.25964,44.96093],[-93.25963,44.95913],[-93.2587,44.95913],[-93.25816,44.95913],[-93.25746,44.95913],[-93.25744,44.95912],[-93.25616,44.95913],[-93.25613,44.95913],[-93.25494,44.95913],[-93.25489,44.95913],[-93.25362,44.95913],[-93.25352,44.95913],[-93.25234,44.95913],[-93.25235,44.96001],[-93.25235,44.96092],[-93.25236,44.96182],[-93.25236,44.96275],[-93.25353,44.96275],[-93.25396,44.96274],[-93.25484,44.96273],[-93.25542,44.96273],[-93.25619,44.96272],[-93.2568,44.96272],[-93.2574,44.96272],[-93.25745,44.96272],[-93.25818,44.96272],[-93.25967,44.96272]]]},"properties":{"id":"crime-bg-270531060002","layer":"crime_block_group","name":"Block group 2, tract 106000","county":"Hennepin","state":"MN","countyFips":"27053","attributes":{"geoid":"270531060002","tract":"106000","blockGroup":"2","statYear":2025,"firstYear":2018,"lastYear":2025,"total2018":85,"total2019":120,"total2020":148,"total2021":98,"total2022":92,"total2023":111,"total2024":117,"total2025":88,"reportedTotal":88,"reportedTotalBand":"75–114","suppressed":false},"confidence":"confirmed","sourceDate":"2025"}},{"type":"Feature","geometry":{"type":"Polygon","coordinates":[[[-93.25236,44.96275],[-93.25236,44.96182],[-93.25235,44.96092],[-93.25235,44.96001],[-93.25234,44.95913],[-93.25111,44.95913],[-93.24983,44.95914],[-93.24984,44.96093],[-93.24873,44.96093],[-93.24857,44.96093],[-93.24833,44.96091],[-93.2482,44.96092],[-93.24794,44.96092],[-93.24755,44.96092],[-93.24779,44.96113],[-93.24879,44.9622],[-93.24914,44.96258],[-93.24963,44.96262],[-93.24999,44.96266],[-93.25076,44.96275],[-93.2511,44.96275],[-93.25163,44.96275],[-93.25236,44.96275]]]},"properties":{"id":"crime-bg-270531060003","layer":"crime_block_group","name":"Block group 3, tract 106000","county":"Hennepin","state":"MN","countyFips":"27053","attributes":{"geoid":"270531060003","tract":"106000","blockGroup":"3","statYear":2025,"firstYear":2018,"lastYear":2025,"total2018":66,"total2019":83,"total2020":72,"total2021":56,"total2022":58,"total2023":72,"total2024":70,"total2025":51,"reportedTotal":51,"reportedTotalBand":"45–74","suppressed":false},"confidence":"confirmed","sourceDate":"2025"}},{"type":"Feature","geometry":{"type":"Polygon","coordinates":[[[-93.24953,44.96622],[-93.24951,44.96619],[-93.24933,44.96592],[-93.24918,44.9657],[-93.24914,44.96564],[-93.24904,44.96549],[-93.24742,44.96313],[-93.24728,44.96291],[-93.24702,44.96253],[-93.24689,44.96254],[-93.24512,44.96268],[-93.24441,44.96275],[-93.24436,44.96275],[-93.2441,44.96275],[-93.24252,44.96275],[-93.24091,44.96275],[-93.23993,44.96275],[-93.23934,44.96275],[-93.23917,44.96275],[-93.23775,44.96275],[-93.23708,44.96275],[-93.23617,44.96275],[-93.23457,44.96276],[-93.233,44.96276],[-93.233,44.96385],[-93.233,44.96398],[-93.233,44.96415],[-93.23317,44.96423],[-93.23339,44.96423],[-93.23568,44.96422],[-93.23616,44.96422],[-93.23631,44.96422],[-93.23709,44.96422],[-93.23924,44.96423],[-93.24063,44.96423],[-93.24085,44.96423],[-93.24114,44.96424],[-93.24166,44.96423],[-93.24218,44.96425],[-93.2424,44.96427],[-93.24269,44.96429],[-93.24321,44.96436],[-93.24371,44.96445],[-93.24399,44.96451],[-93.24421,44.96456],[-93.24485,44.96473],[-93.24502,44.96479],[-93.24506,44.9648],[-93.24584,44.96509],[-93.24714,44.96562],[-93.24726,44.96567],[-93.24759,44.9658],[-93.24808,44.96598],[-93.24835,44.96606],[-93.24862,44.96612],[-93.24871,44.96614],[-93.24891,44.96617],[-93.24936,44.96622],[-93.24953,44.96622]]]},"properties":{"id":"crime-bg-270531062001","layer":"crime_block_group","name":"Block group 1, tract 106200","county":"Hennepin","state":"MN","countyFips":"27053","attributes":{"geoid":"270531062001","tract":"106200","blockGroup":"1","statYear":2025,"firstYear":2018,"lastYear":2025,"total2018":144,"total2019":175,"total2020":202,"total2021":198,"total2022":186,"total2023":183,"total2024":146,"total2025":138,"reportedTotal":138,"reportedTotalBand":"115+","suppressed":false},"confidence":"confirmed","sourceDate":"2025"}},{"type":"Feature","geometry":{"type":"Polygon","coordinates":[[[-93.23935,44.96085],[-93.23936,44.95915],[-93.23919,44.95915],[-93.23917,44.95915],[-93.23782,44.95915],[-93.23775,44.95916],[-93.2377,44.95915],[-93.23712,44.95916],[-93.2371,44.95915],[-93.23621,44.95915],[-93.23463,44.95916],[-93.23303,44.95916],[-93.23303,44.95983],[-93.23302,44.96052],[-93.23302,44.96098],[-93.233,44.96229],[-93.233,44.9624],[-93.233,44.96273],[-93.233,44.96276],[-93.23457,44.96276],[-93.23617,44.96275],[-93.23708,44.96275],[-93.23775,44.96275],[-93.23917,44.96275],[-93.23934,44.96275],[-93.23934,44.96248],[-93.23935,44.96104],[-93.23935,44.96095],[-93.23935,44.96085]]]},"properties":{"id":"crime-bg-270531062002","layer":"crime_block_group","name":"Block group 2, tract 106200","county":"Hennepin","state":"MN","countyFips":"27053","attributes":{"geoid":"270531062002","tract":"106200","blockGroup":"2","statYear":2025,"firstYear":2018,"lastYear":2025,"total2018":50,"total2019":53,"total2020":63,"total2021":57,"total2022":95,"total2023":73,"total2024":99,"total2025":70,"reportedTotal":70,"reportedTotalBand":"45–74","suppressed":false},"confidence":"confirmed","sourceDate":"2025"}},{"type":"Feature","geometry":{"type":"Polygon","coordinates":[[[-93.24689,44.96254],[-93.24702,44.96253],[-93.24589,44.96087],[-93.24622,44.96054],[-93.24627,44.96049],[-93.24653,44.96023],[-93.24662,44.96015],[-93.24667,44.9601],[-93.24652,44.95996],[-93.24624,44.95969],[-93.24618,44.95962],[-93.24595,44.95941],[-93.24569,44.95915],[-93.24513,44.95914],[-93.24471,44.95914],[-93.2437,44.95915],[-93.24197,44.95915],[-93.24194,44.95915],[-93.24094,44.95915],[-93.23993,44.95915],[-93.23936,44.95915],[-93.23935,44.96085],[-93.23935,44.96095],[-93.23935,44.96104],[-93.23934,44.96248],[-93.23934,44.96275],[-93.23993,44.96275],[-93.24091,44.96275],[-93.24252,44.96275],[-93.2441,44.96275],[-93.24436,44.96275],[-93.24441,44.96275],[-93.24512,44.96268],[-93.24689,44.96254]]]},"properties":{"id":"crime-bg-270531062003","layer":"crime_block_group","name":"Block group 3, tract 106200","county":"Hennepin","state":"MN","countyFips":"27053","attributes":{"geoid":"270531062003","tract":"106200","blockGroup":"3","statYear":2025,"firstYear":2018,"lastYear":2025,"total2018":42,"total2019":82,"total2020":69,"total2021":76,"total2022":87,"total2023":110,"total2024":85,"total2025":100,"reportedTotal":100,"reportedTotalBand":"75–114","suppressed":false},"confidence":"confirmed","sourceDate":"2025"}},{"type":"Feature","geometry":{"type":"Polygon","coordinates":[[[-93.23302,44.96422],[-93.23317,44.96423],[-93.233,44.96415],[-93.233,44.96398],[-93.233,44.96385],[-93.233,44.96276],[-93.23141,44.96276],[-93.22981,44.96277],[-93.22821,44.96277],[-93.22818,44.96277],[-93.22687,44.96278],[-93.22644,44.9628],[-93.22634,44.96277],[-93.22624,44.96273],[-93.22618,44.9627],[-93.22565,44.96259],[-93.22551,44.96256],[-93.22537,44.96255],[-93.22534,44.96255],[-93.22499,44.96259],[-93.22482,44.96264],[-93.22472,44.96268],[-93.22468,44.9627],[-93.22453,44.96278],[-93.22446,44.96282],[-93.22368,44.96331],[-93.22286,44.96382],[-93.22573,44.96616],[-93.22662,44.96575],[-93.22682,44.96565],[-93.22697,44.96558],[-93.22729,44.96541],[-93.2279,44.96512],[-93.22832,44.96493],[-93.22866,44.96479],[-93.22878,44.96475],[-93.22923,44.9646],[-93.22948,44.96453],[-93.22972,44.96446],[-93.23015,44.96437],[-93.23058,44.9643],[-93.23102,44.96425],[-93.23146,44.96422],[-93.23191,44.96421],[-93.23302,44.96422]]]},"properties":{"id":"crime-bg-270531064001","layer":"crime_block_group","name":"Block group 1, tract 106400","county":"Hennepin","state":"MN","countyFips":"27053","attributes":{"geoid":"270531064001","tract":"106400","blockGroup":"1","statYear":2025,"firstYear":2018,"lastYear":2025,"total2018":39,"total2019":49,"total2020":59,"total2021":56,"total2022":46,"total2023":55,"total2024":50,"total2025":47,"reportedTotal":47,"reportedTotalBand":"45–74","suppressed":false},"confidence":"confirmed","sourceDate":"2025"}},{"type":"Feature","geometry":{"type":"Polygon","coordinates":[[[-93.23303,44.95983],[-93.23303,44.95916],[-93.23187,44.95916],[-93.23144,44.95917],[-93.22986,44.95917],[-93.22829,44.95918],[-93.22826,44.95918],[-93.22715,44.95918],[-93.22694,44.95918],[-93.22543,44.95918],[-93.22397,44.95918],[-93.22256,44.95919],[-93.22244,44.95918],[-93.2209,44.95918],[-93.22067,44.95918],[-93.22022,44.95918],[-93.219,44.95918],[-93.21721,44.95921],[-93.21867,44.9604],[-93.22286,44.96382],[-93.22368,44.96331],[-93.22446,44.96282],[-93.22453,44.96278],[-93.22468,44.9627],[-93.22472,44.96268],[-93.22482,44.96264],[-93.22499,44.96259],[-93.22534,44.96255],[-93.22537,44.96255],[-93.22551,44.96256],[-93.22565,44.96259],[-93.22618,44.9627],[-93.22624,44.96273],[-93.22634,44.96277],[-93.22644,44.9628],[-93.22687,44.96278],[-93.22818,44.96277],[-93.22821,44.96277],[-93.22981,44.96277],[-93.23141,44.96276],[-93.233,44.96276],[-93.233,44.96273],[-93.233,44.9624],[-93.233,44.96229],[-93.23302,44.96098],[-93.23302,44.96052],[-93.23303,44.95983]]]},"properties":{"id":"crime-bg-270531064002","layer":"crime_block_group","name":"Block group 2, tract 106400","county":"Hennepin","state":"MN","countyFips":"27053","attributes":{"geoid":"270531064002","tract":"106400","blockGroup":"2","statYear":2025,"firstYear":2018,"lastYear":2025,"total2018":42,"total2019":56,"total2020":58,"total2021":55,"total2022":60,"total2023":71,"total2024":63,"total2025":47,"reportedTotal":47,"reportedTotalBand":"45–74","suppressed":false},"confidence":"confirmed","sourceDate":"2025"}},{"type":"Feature","geometry":{"type":"Polygon","coordinates":[[[-93.3289,44.94893],[-93.3289,44.94878],[-93.32889,44.94867],[-93.32885,44.94854],[-93.32885,44.94848],[-93.32885,44.94829],[-93.32849,44.94833],[-93.328,44.94837],[-93.32773,44.94838],[-93.32755,44.94839],[-93.32711,44.9484],[-93.3266,44.94842],[-93.32626,44.94841],[-93.32541,44.9484],[-93.32499,44.94842],[-93.32375,44.9484],[-93.32367,44.9484],[-93.32354,44.9485],[-93.32283,44.94901],[-93.32249,44.94926],[-93.32223,44.94943],[-93.322,44.94965],[-93.32178,44.94988],[-93.3216,44.9501],[-93.32143,44.95032],[-93.32129,44.95056],[-93.32047,44.95201],[-93.32031,44.95227],[-93.32011,44.95253],[-93.3199,44.95277],[-93.31967,44.95301],[-93.31925,44.9534],[-93.31908,44.95356],[-93.31848,44.95412],[-93.31799,44.95466],[-93.31689,44.95562],[-93.31678,44.9557],[-93.31666,44.9558],[-93.31657,44.95587],[-93.31646,44.95597],[-93.31631,44.9561],[-93.31627,44.95615],[-93.31609,44.95634],[-93.31589,44.9566],[-93.31572,44.95687],[-93.31558,44.95715],[-93.31547,44.95743],[-93.31539,44.95771],[-93.31535,44.95801],[-93.31523,44.95909],[-93.31521,44.95918],[-93.31503,44.96012],[-93.31496,44.96048],[-93.31493,44.96085],[-93.31491,44.96121],[-93.31491,44.96129],[-93.31493,44.96197],[-93.31491,44.96226],[-93.31486,44.96255],[-93.31479,44.96282],[-93.31479,44.96284],[-93.31472,44.96299],[-93.31464,44.96315],[-93.31453,44.9633],[-93.31332,44.965],[-93.31309,44.96534],[-93.31282,44.96567],[-93.31253,44.96599],[-93.31221,44.96629],[-93.31187,44.96658],[-93.31184,44.96659],[-93.31145,44.9669],[-93.31101,44.96721],[-93.31056,44.9675],[-93.31012,44.96775],[-93.3101,44.96778],[-93.30985,44.96791],[-93.30972,44.96799],[-93.30933,44.9682],[-93.30892,44.96841],[-93.3085,44.96859],[-93.30804,44.96877],[-93.30759,44.96892],[-93.30837,44.96871],[-93.31165,44.9678],[-93.31174,44.96777],[-93.3155,44.96677],[-93.31601,44.96664],[-93.31648,44.96655],[-93.31652,44.96653],[-93.31753,44.96641],[-93.31834,44.96633],[-93.31854,44.9663],[-93.31878,44.96629],[-93.32304,44.96598],[-93.32335,44.96597],[-93.32365,44.96595],[-93.32404,44.9659],[-93.32413,44.96596],[-93.32421,44.96588],[-93.3243,44.96578],[-93.32436,44.9654],[-93.32431,44.96521],[-93.32414,44.96493],[-93.32403,44.96473],[-93.32396,44.96459],[-93.32393,44.96445],[-93.32391,44.96414],[-93.32393,44.96384],[-93.32399,44.9635],[-93.32403,44.96332],[-93.32409,44.9632],[-93.32418,44.96308],[-93.32429,44.96298],[-93.32461,44.9626],[-93.32473,44.96238],[-93.32476,44.96209],[-93.32475,44.96175],[-93.32476,44.96146],[-93.32477,44.96134],[-93.32479,44.96122],[-93.32483,44.9611],[-93.32493,44.96102],[-93.32503,44.96094],[-93.32517,44.96089],[-93.32526,44.96085],[-93.32535,44.96082],[-93.32547,44.96077],[-93.32575,44.96069],[-93.3258,44.96068],[-93.32596,44.96064],[-93.32616,44.96058],[-93.32634,44.96051],[-93.32651,44.96042],[-93.32668,44.96031],[-93.32682,44.96019],[-93.32693,44.96006],[-93.327,44.95992],[-93.32705,44.95976],[-93.32706,44.95961],[-93.32704,44.95945],[-93.32699,44.95932],[-93.32721,44.95933],[-93.32741,44.95933],[-93.32863,44.95933],[-93.32873,44.95933],[-93.32874,44.95836],[-93.32875,44.95736],[-93.32875,44.9569],[-93.32875,44.95673],[-93.32875,44.95637],[-93.32875,44.95631],[-93.32877,44.95384],[-93.32877,44.95367],[-93.32878,44.95206],[-93.32879,44.95133],[-93.32879,44.95053],[-93.32875,44.94976],[-93.32876,44.94951],[-93.32879,44.94937],[-93.32884,44.94916],[-93.32889,44.94903],[-93.3289,44.94893]]]},"properties":{"id":"crime-bg-270531065001","layer":"crime_block_group","name":"Block group 1, tract 106500","county":"Hennepin","state":"MN","countyFips":"27053","attributes":{"geoid":"270531065001","tract":"106500","blockGroup":"1","statYear":2025,"firstYear":2018,"lastYear":2025,"total2018":19,"total2019":20,"total2020":28,"total2021":40,"total2022":41,"total2023":32,"total2024":32,"total2025":19,"reportedTotal":19,"reportedTotalBand":"0–24","suppressed":false},"confidence":"confirmed","sourceDate":"2025"}},{"type":"Feature","geometry":{"type":"Polygon","coordinates":[[[-93.31666,44.9558],[-93.31678,44.9557],[-93.31663,44.9556],[-93.31617,44.95529],[-93.31396,44.95477],[-93.31246,44.95465],[-93.31236,44.95465],[-93.31213,44.95465],[-93.31209,44.95456],[-93.31204,44.95436],[-93.31189,44.95395],[-93.31183,44.95376],[-93.31181,44.95353],[-93.3118,44.95326],[-93.31182,44.95315],[-93.31186,44.95296],[-93.31186,44.95281],[-93.31186,44.95269],[-93.31186,44.9526],[-93.31184,44.95247],[-93.31181,44.95239],[-93.31176,44.95228],[-93.3116,44.95216],[-93.31149,44.95209],[-93.31136,44.95203],[-93.31121,44.95199],[-93.31052,44.95184],[-93.30981,44.95169],[-93.30913,44.95155],[-93.30844,44.95142],[-93.30762,44.95128],[-93.30679,44.95116],[-93.30618,44.95108],[-93.306,44.95106],[-93.30596,44.95106],[-93.30579,44.95104],[-93.30576,44.95104],[-93.3056,44.95104],[-93.30554,44.95105],[-93.30539,44.95107],[-93.30512,44.95114],[-93.30496,44.9512],[-93.3046,44.95136],[-93.30425,44.95154],[-93.30391,44.95174],[-93.3036,44.95195],[-93.30338,44.95213],[-93.30272,44.95262],[-93.3026,44.95273],[-93.30247,44.95287],[-93.30241,44.95296],[-93.3023,44.95314],[-93.30222,44.95333],[-93.30216,44.95352],[-93.30209,44.95369],[-93.30199,44.95385],[-93.30187,44.95401],[-93.30173,44.95416],[-93.30167,44.95421],[-93.30163,44.95427],[-93.30137,44.95476],[-93.30133,44.95484],[-93.30131,44.95492],[-93.30131,44.95507],[-93.30133,44.95521],[-93.30138,44.95535],[-93.30146,44.95549],[-93.30157,44.95561],[-93.30169,44.95571],[-93.30183,44.95581],[-93.30199,44.95588],[-93.30216,44.95594],[-93.30234,44.95598],[-93.30267,44.95606],[-93.30299,44.95617],[-93.30328,44.95629],[-93.30342,44.95637],[-93.30353,44.95647],[-93.30361,44.95657],[-93.30366,44.95669],[-93.30368,44.95681],[-93.3037,44.95702],[-93.30367,44.95723],[-93.30363,44.95744],[-93.30354,44.95763],[-93.30319,44.95814],[-93.30283,44.9586],[-93.30282,44.95863],[-93.30241,44.95911],[-93.30141,44.96016],[-93.30135,44.9603],[-93.30132,44.96044],[-93.30133,44.96059],[-93.30137,44.96074],[-93.30144,44.96088],[-93.30169,44.96119],[-93.30196,44.9615],[-93.30237,44.96191],[-93.3028,44.96232],[-93.30323,44.96271],[-93.30345,44.96288],[-93.30349,44.96292],[-93.3036,44.963],[-93.30363,44.96302],[-93.30373,44.96307],[-93.30387,44.96312],[-93.30402,44.96315],[-93.30418,44.96316],[-93.30434,44.96315],[-93.30458,44.96308],[-93.30445,44.96315],[-93.30433,44.96321],[-93.30416,44.96327],[-93.30396,44.9633],[-93.30375,44.96332],[-93.30356,44.96332],[-93.30329,44.96328],[-93.30325,44.96444],[-93.30325,44.96543],[-93.30325,44.96642],[-93.30453,44.96642],[-93.30454,44.96798],[-93.30456,44.96809],[-93.30443,44.96817],[-93.30434,44.96824],[-93.30427,44.96831],[-93.30417,44.96842],[-93.30403,44.96857],[-93.30391,44.96867],[-93.30382,44.96872],[-93.3037,44.96878],[-93.3036,44.96881],[-93.3035,44.96883],[-93.30339,44.96885],[-93.3032,44.96888],[-93.30307,44.96894],[-93.30304,44.96933],[-93.30322,44.96937],[-93.30386,44.96943],[-93.30394,44.96943],[-93.30415,44.96945],[-93.3046,44.96948],[-93.30521,44.96954],[-93.30535,44.9695],[-93.3056,44.96944],[-93.30654,44.96921],[-93.30707,44.96907],[-93.30759,44.96892],[-93.30804,44.96877],[-93.3085,44.96859],[-93.30892,44.96841],[-93.30933,44.9682],[-93.30972,44.96799],[-93.30985,44.96791],[-93.3101,44.96778],[-93.31012,44.96775],[-93.31056,44.9675],[-93.31101,44.96721],[-93.31145,44.9669],[-93.31184,44.96659],[-93.31187,44.96658],[-93.31221,44.96629],[-93.31253,44.96599],[-93.31282,44.96567],[-93.31309,44.96534],[-93.31332,44.965],[-93.31453,44.9633],[-93.31464,44.96315],[-93.31472,44.96299],[-93.31479,44.96284],[-93.31479,44.96282],[-93.31486,44.96255],[-93.31491,44.96226],[-93.31493,44.96197],[-93.31491,44.96129],[-93.31491,44.96121],[-93.31493,44.96085],[-93.31496,44.96048],[-93.31503,44.96012],[-93.31521,44.95918],[-93.31523,44.95909],[-93.31535,44.95801],[-93.31539,44.95771],[-93.31547,44.95743],[-93.31558,44.95715],[-93.31572,44.95687],[-93.31589,44.9566],[-93.31609,44.95634],[-93.31627,44.95615],[-93.31631,44.9561],[-93.31646,44.95597],[-93.31657,44.95587],[-93.31666,44.9558]]]},"properties":{"id":"crime-bg-270531065002","layer":"crime_block_group","name":"Block group 2, tract 106500","county":"Hennepin","state":"MN","countyFips":"27053","attributes":{"geoid":"270531065002","tract":"106500","blockGroup":"2","statYear":2025,"firstYear":2018,"lastYear":2025,"total2018":26,"total2019":31,"total2020":40,"total2021":43,"total2022":69,"total2023":74,"total2024":84,"total2025":36,"reportedTotal":36,"reportedTotalBand":"25–44","suppressed":false},"confidence":"confirmed","sourceDate":"2025"}},{"type":"Feature","geometry":{"type":"Polygon","coordinates":[[[-93.32047,44.95201],[-93.32037,44.95203],[-93.32028,44.95204],[-93.32019,44.95204],[-93.31912,44.95203],[-93.31862,44.95202],[-93.31728,44.95201],[-93.31718,44.95183],[-93.31699,44.95155],[-93.31676,44.95129],[-93.31671,44.95124],[-93.31668,44.95121],[-93.31663,44.95111],[-93.31663,44.95107],[-93.31662,44.95102],[-93.31663,44.95098],[-93.31659,44.95087],[-93.31667,44.95069],[-93.31677,44.95044],[-93.31686,44.95024],[-93.31688,44.95019],[-93.31689,44.95012],[-93.31688,44.94994],[-93.31687,44.94977],[-93.31681,44.94957],[-93.3166,44.94911],[-93.31648,44.94898],[-93.31647,44.94887],[-93.31637,44.9489],[-93.31593,44.94904],[-93.31509,44.94933],[-93.31385,44.94972],[-93.31244,44.95019],[-93.31206,44.95032],[-93.31168,44.9504],[-93.31143,44.95046],[-93.31117,44.95049],[-93.31092,44.95049],[-93.31071,44.9505],[-93.31043,44.95049],[-93.31018,44.95046],[-93.30994,44.95041],[-93.30973,44.95035],[-93.30944,44.95025],[-93.30923,44.95018],[-93.30893,44.95005],[-93.30836,44.9498],[-93.30766,44.94952],[-93.3072,44.94933],[-93.30715,44.9493],[-93.30678,44.94913],[-93.30635,44.94893],[-93.30548,44.94849],[-93.30551,44.949],[-93.3055,44.94918],[-93.30543,44.9495],[-93.30538,44.94962],[-93.30533,44.9497],[-93.30522,44.94988],[-93.30513,44.94999],[-93.30504,44.9501],[-93.30502,44.95028],[-93.30503,44.95039],[-93.30502,44.95048],[-93.30503,44.95068],[-93.30503,44.95084],[-93.30506,44.95099],[-93.30512,44.95114],[-93.30539,44.95107],[-93.30554,44.95105],[-93.3056,44.95104],[-93.30576,44.95104],[-93.30579,44.95104],[-93.30596,44.95106],[-93.306,44.95106],[-93.30618,44.95108],[-93.30679,44.95116],[-93.30762,44.95128],[-93.30844,44.95142],[-93.30913,44.95155],[-93.30981,44.95169],[-93.31052,44.95184],[-93.31121,44.95199],[-93.31136,44.95203],[-93.31149,44.95209],[-93.3116,44.95216],[-93.31176,44.95228],[-93.31181,44.95239],[-93.31184,44.95247],[-93.31186,44.9526],[-93.31186,44.95269],[-93.31186,44.95281],[-93.31186,44.95296],[-93.31182,44.95315],[-93.3118,44.95326],[-93.31181,44.95353],[-93.31183,44.95376],[-93.31189,44.95395],[-93.31204,44.95436],[-93.31209,44.95456],[-93.31213,44.95465],[-93.31236,44.95465],[-93.31246,44.95465],[-93.31396,44.95477],[-93.31617,44.95529],[-93.31663,44.9556],[-93.31678,44.9557],[-93.31689,44.95562],[-93.31799,44.95466],[-93.31848,44.95412],[-93.31908,44.95356],[-93.31925,44.9534],[-93.31967,44.95301],[-93.3199,44.95277],[-93.32011,44.95253],[-93.32031,44.95227],[-93.32047,44.95201]]]},"properties":{"id":"crime-bg-270531065003","layer":"crime_block_group","name":"Block group 3, tract 106500","county":"Hennepin","state":"MN","countyFips":"27053","attributes":{"geoid":"270531065003","tract":"106500","blockGroup":"3","statYear":2025,"firstYear":2018,"lastYear":2025,"total2018":31,"total2019":59,"total2020":115,"total2021":91,"total2022":34,"total2023":53,"total2024":50,"total2025":62,"reportedTotal":62,"reportedTotalBand":"45–74","suppressed":false},"confidence":"confirmed","sourceDate":"2025"}},{"type":"Feature","geometry":{"type":"Polygon","coordinates":[[[-93.32354,44.9485],[-93.32367,44.9484],[-93.3233,44.9484],[-93.32065,44.94836],[-93.31915,44.94836],[-93.31831,44.94836],[-93.31795,44.94835],[-93.31723,44.94862],[-93.31647,44.94887],[-93.31648,44.94898],[-93.3166,44.94911],[-93.31681,44.94957],[-93.31687,44.94977],[-93.31688,44.94994],[-93.31689,44.95012],[-93.31688,44.95019],[-93.31686,44.95024],[-93.31677,44.95044],[-93.31667,44.95069],[-93.31659,44.95087],[-93.31663,44.95098],[-93.31662,44.95102],[-93.31663,44.95107],[-93.31663,44.95111],[-93.31668,44.95121],[-93.31671,44.95124],[-93.31676,44.95129],[-93.31699,44.95155],[-93.31718,44.95183],[-93.31728,44.95201],[-93.31862,44.95202],[-93.31912,44.95203],[-93.32019,44.95204],[-93.32028,44.95204],[-93.32037,44.95203],[-93.32047,44.95201],[-93.32129,44.95056],[-93.32143,44.95032],[-93.3216,44.9501],[-93.32178,44.94988],[-93.322,44.94965],[-93.32223,44.94943],[-93.32249,44.94926],[-93.32283,44.94901],[-93.32354,44.9485]]]},"properties":{"id":"crime-bg-270531065004","layer":"crime_block_group","name":"Block group 4, tract 106500","county":"Hennepin","state":"MN","countyFips":"27053","attributes":{"geoid":"270531065004","tract":"106500","blockGroup":"4","statYear":2025,"firstYear":2018,"lastYear":2025,"total2018":22,"total2019":17,"total2020":33,"total2021":32,"total2022":79,"total2023":114,"total2024":121,"total2025":124,"reportedTotal":124,"reportedTotalBand":"115+","suppressed":false},"confidence":"confirmed","sourceDate":"2025"}},{"type":"Feature","geometry":{"type":"Polygon","coordinates":[[[-93.30319,44.95814],[-93.30354,44.95763],[-93.30231,44.95713],[-93.30059,44.95644],[-93.29975,44.95609],[-93.29839,44.95554],[-93.29822,44.95554],[-93.29679,44.95554],[-93.29623,44.95628],[-93.29613,44.95642],[-93.29572,44.95696],[-93.29567,44.95703],[-93.29544,44.95734],[-93.29476,44.95822],[-93.29438,44.95874],[-93.29409,44.95912],[-93.29406,44.95914],[-93.29309,44.96042],[-93.29272,44.96092],[-93.29308,44.96092],[-93.29437,44.96092],[-93.29564,44.96092],[-93.29692,44.96092],[-93.29812,44.96093],[-93.29818,44.96093],[-93.29968,44.96093],[-93.30114,44.96094],[-93.30117,44.96094],[-93.30128,44.96091],[-93.30144,44.96088],[-93.30137,44.96074],[-93.30133,44.96059],[-93.30132,44.96044],[-93.30135,44.9603],[-93.30141,44.96016],[-93.30241,44.95911],[-93.30282,44.95863],[-93.30283,44.9586],[-93.30319,44.95814]]]},"properties":{"id":"crime-bg-270531066001","layer":"crime_block_group","name":"Block group 1, tract 106600","county":"Hennepin","state":"MN","countyFips":"27053","attributes":{"geoid":"270531066001","tract":"106600","blockGroup":"1","statYear":2025,"firstYear":2018,"lastYear":2025,"total2018":61,"total2019":97,"total2020":110,"total2021":102,"total2022":129,"total2023":146,"total2024":114,"total2025":88,"reportedTotal":88,"reportedTotalBand":"75–114","suppressed":false},"confidence":"confirmed","sourceDate":"2025"}},{"type":"Feature","geometry":{"type":"Polygon","coordinates":[[[-93.30512,44.95114],[-93.30506,44.95099],[-93.30503,44.95084],[-93.30503,44.95068],[-93.30502,44.95048],[-93.30339,44.95039],[-93.30211,44.95032],[-93.30083,44.95031],[-93.29829,44.95031],[-93.29827,44.95032],[-93.29826,44.95195],[-93.29826,44.95219],[-93.29758,44.95375],[-93.297,44.95505],[-93.29679,44.95553],[-93.29679,44.95554],[-93.29822,44.95554],[-93.29839,44.95554],[-93.29975,44.95609],[-93.30059,44.95644],[-93.30231,44.95713],[-93.30354,44.95763],[-93.30363,44.95744],[-93.30367,44.95723],[-93.3037,44.95702],[-93.30368,44.95681],[-93.30366,44.95669],[-93.30361,44.95657],[-93.30353,44.95647],[-93.30342,44.95637],[-93.30328,44.95629],[-93.30299,44.95617],[-93.30267,44.95606],[-93.30234,44.95598],[-93.30216,44.95594],[-93.30199,44.95588],[-93.30183,44.95581],[-93.30169,44.95571],[-93.30157,44.95561],[-93.30146,44.95549],[-93.30138,44.95535],[-93.30133,44.95521],[-93.30131,44.95507],[-93.30131,44.95492],[-93.30133,44.95484],[-93.30137,44.95476],[-93.30163,44.95427],[-93.30167,44.95421],[-93.30173,44.95416],[-93.30187,44.95401],[-93.30199,44.95385],[-93.30209,44.95369],[-93.30216,44.95352],[-93.30222,44.95333],[-93.3023,44.95314],[-93.30241,44.95296],[-93.30247,44.95287],[-93.3026,44.95273],[-93.30272,44.95262],[-93.30338,44.95213],[-93.3036,44.95195],[-93.30391,44.95174],[-93.30425,44.95154],[-93.3046,44.95136],[-93.30496,44.9512],[-93.30512,44.95114]]]},"properties":{"id":"crime-bg-270531066002","layer":"crime_block_group","name":"Block group 2, tract 106600","county":"Hennepin","state":"MN","countyFips":"27053","attributes":{"geoid":"270531066002","tract":"106600","blockGroup":"2","statYear":2025,"firstYear":2018,"lastYear":2025,"total2018":118,"total2019":102,"total2020":105,"total2021":110,"total2022":146,"total2023":156,"total2024":147,"total2025":87,"reportedTotal":87,"reportedTotalBand":"75–114","suppressed":false},"confidence":"confirmed","sourceDate":"2025"}},{"type":"Feature","geometry":{"type":"Polygon","coordinates":[[[-93.29826,44.95219],[-93.29826,44.95195],[-93.29697,44.95195],[-93.29568,44.95195],[-93.29453,44.95195],[-93.29442,44.95195],[-93.29423,44.95195],[-93.29317,44.95195],[-93.29189,44.95195],[-93.29063,44.95195],[-93.28934,44.95195],[-93.28807,44.95195],[-93.28806,44.95373],[-93.28804,44.95554],[-93.28932,44.95554],[-93.2906,44.95554],[-93.29186,44.95554],[-93.29315,44.95554],[-93.29441,44.95554],[-93.29568,44.95554],[-93.29679,44.95554],[-93.29679,44.95553],[-93.297,44.95505],[-93.29758,44.95375],[-93.29826,44.95219]]]},"properties":{"id":"crime-bg-270531067001","layer":"crime_block_group","name":"Block group 1, tract 106700","county":"Hennepin","state":"MN","countyFips":"27053","attributes":{"geoid":"270531067001","tract":"106700","blockGroup":"1","statYear":2025,"firstYear":2018,"lastYear":2025,"total2018":97,"total2019":123,"total2020":104,"total2021":147,"total2022":145,"total2023":129,"total2024":139,"total2025":87,"reportedTotal":87,"reportedTotalBand":"75–114","suppressed":false},"confidence":"confirmed","sourceDate":"2025"}},{"type":"Feature","geometry":{"type":"Polygon","coordinates":[[[-93.29623,44.95628],[-93.29679,44.95554],[-93.29568,44.95554],[-93.29441,44.95554],[-93.29315,44.95554],[-93.29186,44.95554],[-93.2906,44.95554],[-93.28932,44.95554],[-93.28804,44.95554],[-93.28803,44.95731],[-93.28803,44.95733],[-93.28802,44.95912],[-93.28808,44.95912],[-93.28929,44.95912],[-93.29056,44.95912],[-93.29183,44.95912],[-93.29311,44.95912],[-93.29409,44.95912],[-93.29438,44.95874],[-93.29476,44.95822],[-93.29544,44.95734],[-93.29567,44.95703],[-93.29572,44.95696],[-93.29613,44.95642],[-93.29623,44.95628]]]},"properties":{"id":"crime-bg-270531067002","layer":"crime_block_group","name":"Block group 2, tract 106700","county":"Hennepin","state":"MN","countyFips":"27053","attributes":{"geoid":"270531067002","tract":"106700","blockGroup":"2","statYear":2025,"firstYear":2018,"lastYear":2025,"total2018":71,"total2019":83,"total2020":92,"total2021":74,"total2022":144,"total2023":182,"total2024":152,"total2025":98,"reportedTotal":98,"reportedTotalBand":"75–114","suppressed":false},"confidence":"confirmed","sourceDate":"2025"}},{"type":"Feature","geometry":{"type":"Polygon","coordinates":[[[-93.29406,44.95914],[-93.29409,44.95912],[-93.29311,44.95912],[-93.29183,44.95912],[-93.29056,44.95912],[-93.28929,44.95912],[-93.28808,44.95912],[-93.28802,44.95912],[-93.28801,44.96092],[-93.288,44.9627],[-93.28796,44.9628],[-93.28796,44.96284],[-93.28797,44.96296],[-93.28797,44.9632],[-93.28799,44.96419],[-93.28799,44.96438],[-93.28798,44.96458],[-93.28797,44.96532],[-93.28796,44.96549],[-93.28806,44.96548],[-93.2881,44.9656],[-93.28815,44.96576],[-93.28816,44.96583],[-93.28816,44.96589],[-93.28818,44.9662],[-93.2882,44.9666],[-93.28818,44.96692],[-93.28816,44.96717],[-93.28813,44.96743],[-93.28811,44.96809],[-93.28818,44.96772],[-93.28823,44.96764],[-93.28825,44.96759],[-93.28836,44.96714],[-93.2886,44.96638],[-93.28862,44.96629],[-93.28874,44.96604],[-93.28927,44.96542],[-93.29006,44.9644],[-93.29094,44.96339],[-93.29121,44.9631],[-93.29156,44.9627],[-93.29176,44.96238],[-93.29178,44.96234],[-93.29182,44.96217],[-93.29272,44.96092],[-93.29309,44.96042],[-93.29406,44.95914]]]},"properties":{"id":"crime-bg-270531067003","layer":"crime_block_group","name":"Block group 3, tract 106700","county":"Hennepin","state":"MN","countyFips":"27053","attributes":{"geoid":"270531067003","tract":"106700","blockGroup":"3","statYear":2025,"firstYear":2018,"lastYear":2025,"total2018":122,"total2019":183,"total2020":175,"total2021":159,"total2022":182,"total2023":205,"total2024":140,"total2025":112,"reportedTotal":112,"reportedTotalBand":"75–114","suppressed":false},"confidence":"confirmed","sourceDate":"2025"}},{"type":"Feature","geometry":{"type":"Polygon","coordinates":[[[-93.27783,44.9609],[-93.27785,44.9592],[-93.27657,44.9592],[-93.27531,44.95921],[-93.27275,44.95921],[-93.2715,44.95921],[-93.27059,44.95921],[-93.2702,44.95921],[-93.2702,44.95912],[-93.26998,44.95912],[-93.26998,44.95921],[-93.26998,44.96023],[-93.26996,44.96092],[-93.26992,44.96269],[-93.27019,44.96269],[-93.27147,44.96269],[-93.27276,44.9627],[-93.27339,44.96269],[-93.27402,44.96269],[-93.27528,44.9627],[-93.27654,44.96269],[-93.27657,44.96269],[-93.27782,44.9627],[-93.27781,44.96268],[-93.27783,44.9609]]]},"properties":{"id":"crime-bg-270531069001","layer":"crime_block_group","name":"Block group 1, tract 106900","county":"Hennepin","state":"MN","countyFips":"27053","attributes":{"geoid":"270531069001","tract":"106900","blockGroup":"1","statYear":2025,"firstYear":2018,"lastYear":2025,"total2018":78,"total2019":78,"total2020":89,"total2021":81,"total2022":88,"total2023":112,"total2024":135,"total2025":76,"reportedTotal":76,"reportedTotalBand":"75–114","suppressed":false},"confidence":"confirmed","sourceDate":"2025"}},{"type":"Feature","geometry":{"type":"Polygon","coordinates":[[[-93.27275,44.95733],[-93.27277,44.95553],[-93.2715,44.95553],[-93.27056,44.95553],[-93.27021,44.95553],[-93.27002,44.95581],[-93.26982,44.95614],[-93.26965,44.95646],[-93.26958,44.95662],[-93.26953,44.95676],[-93.26947,44.95695],[-93.26941,44.95732],[-93.26937,44.95759],[-93.26936,44.95771],[-93.26934,44.95781],[-93.26934,44.95798],[-93.26935,44.95811],[-93.26937,44.95825],[-93.26938,44.95839],[-93.2694,44.95852],[-93.26944,44.95871],[-93.26946,44.95882],[-93.26948,44.95888],[-93.26951,44.95901],[-93.26953,44.95912],[-93.26965,44.95912],[-93.26988,44.95912],[-93.26998,44.95912],[-93.2702,44.95912],[-93.2702,44.95921],[-93.27059,44.95921],[-93.2715,44.95921],[-93.27275,44.95921],[-93.27274,44.95919],[-93.27275,44.95733]]]},"properties":{"id":"crime-bg-270531069002","layer":"crime_block_group","name":"Block group 2, tract 106900","county":"Hennepin","state":"MN","countyFips":"27053","attributes":{"geoid":"270531069002","tract":"106900","blockGroup":"2","statYear":2025,"firstYear":2018,"lastYear":2025,"total2018":6,"total2019":9,"total2020":14,"total2021":13,"total2022":48,"total2023":63,"total2024":49,"total2025":25,"reportedTotal":25,"reportedTotalBand":"25–44","suppressed":false},"confidence":"confirmed","sourceDate":"2025"}},{"type":"Feature","geometry":{"type":"Polygon","coordinates":[[[-93.27786,44.95732],[-93.27788,44.95553],[-93.27781,44.95554],[-93.2766,44.95554],[-93.27534,44.95553],[-93.27404,44.95553],[-93.27277,44.95553],[-93.27275,44.95733],[-93.27274,44.95919],[-93.27275,44.95921],[-93.27531,44.95921],[-93.27657,44.9592],[-93.27785,44.9592],[-93.27785,44.95911],[-93.27786,44.95734],[-93.27786,44.95732]]]},"properties":{"id":"crime-bg-270531069003","layer":"crime_block_group","name":"Block group 3, tract 106900","county":"Hennepin","state":"MN","countyFips":"27053","attributes":{"geoid":"270531069003","tract":"106900","blockGroup":"3","statYear":2025,"firstYear":2018,"lastYear":2025,"total2018":54,"total2019":93,"total2020":84,"total2021":60,"total2022":110,"total2023":156,"total2024":127,"total2025":91,"reportedTotal":91,"reportedTotalBand":"75–114","suppressed":false},"confidence":"confirmed","sourceDate":"2025"}},{"type":"Feature","geometry":{"type":"Polygon","coordinates":[[[-93.28803,44.95731],[-93.28804,44.95554],[-93.28677,44.95554],[-93.2855,44.95554],[-93.28422,44.95554],[-93.28361,44.95554],[-93.28297,44.95554],[-93.28132,44.95554],[-93.27964,44.95554],[-93.27788,44.95553],[-93.27786,44.95732],[-93.27786,44.95734],[-93.27804,44.95732],[-93.27964,44.95733],[-93.28131,44.95733],[-93.28296,44.95732],[-93.28361,44.95732],[-93.28422,44.95732],[-93.28549,44.95732],[-93.28675,44.95731],[-93.28803,44.95731]]]},"properties":{"id":"crime-bg-270531070001","layer":"crime_block_group","name":"Block group 1, tract 107000","county":"Hennepin","state":"MN","countyFips":"27053","attributes":{"geoid":"270531070001","tract":"107000","blockGroup":"1","statYear":2025,"firstYear":2018,"lastYear":2025,"total2018":20,"total2019":27,"total2020":22,"total2021":35,"total2022":87,"total2023":76,"total2024":83,"total2025":39,"reportedTotal":39,"reportedTotalBand":"25–44","suppressed":false},"confidence":"confirmed","sourceDate":"2025"}},{"type":"Feature","geometry":{"type":"Polygon","coordinates":[[[-93.28804,44.95554],[-93.28806,44.95373],[-93.28678,44.95373],[-93.28552,44.95374],[-93.28424,44.95374],[-93.28298,44.95374],[-93.28132,44.95374],[-93.27965,44.95374],[-93.27789,44.95374],[-93.27788,44.95525],[-93.27788,44.95553],[-93.27964,44.95554],[-93.28132,44.95554],[-93.28297,44.95554],[-93.28361,44.95554],[-93.28422,44.95554],[-93.2855,44.95554],[-93.28677,44.95554],[-93.28804,44.95554]]]},"properties":{"id":"crime-bg-270531070002","layer":"crime_block_group","name":"Block group 2, tract 107000","county":"Hennepin","state":"MN","countyFips":"27053","attributes":{"geoid":"270531070002","tract":"107000","blockGroup":"2","statYear":2025,"firstYear":2018,"lastYear":2025,"total2018":59,"total2019":147,"total2020":129,"total2021":145,"total2022":94,"total2023":105,"total2024":94,"total2025":81,"reportedTotal":81,"reportedTotalBand":"75–114","suppressed":false},"confidence":"confirmed","sourceDate":"2025"}},{"type":"Feature","geometry":{"type":"Polygon","coordinates":[[[-93.28806,44.95373],[-93.28807,44.95195],[-93.28801,44.95195],[-93.2868,44.95195],[-93.28553,44.95195],[-93.28426,44.95195],[-93.28298,44.95195],[-93.28133,44.95194],[-93.27973,44.95194],[-93.27966,44.95194],[-93.2779,44.95194],[-93.27792,44.95196],[-93.27789,44.95374],[-93.27965,44.95374],[-93.28132,44.95374],[-93.28298,44.95374],[-93.28424,44.95374],[-93.28552,44.95374],[-93.28678,44.95373],[-93.28806,44.95373]]]},"properties":{"id":"crime-bg-270531070003","layer":"crime_block_group","name":"Block group 3, tract 107000","county":"Hennepin","state":"MN","countyFips":"27053","attributes":{"geoid":"270531070003","tract":"107000","blockGroup":"3","statYear":2025,"firstYear":2018,"lastYear":2025,"total2018":54,"total2019":87,"total2020":96,"total2021":73,"total2022":132,"total2023":144,"total2024":137,"total2025":115,"reportedTotal":115,"reportedTotalBand":"115+","suppressed":false},"confidence":"confirmed","sourceDate":"2025"}},{"type":"Feature","geometry":{"type":"Polygon","coordinates":[[[-93.23892,44.95083],[-93.23891,44.95064],[-93.23884,44.95043],[-93.23875,44.9502],[-93.23839,44.94972],[-93.23801,44.94932],[-93.23738,44.94847],[-93.2373,44.94837],[-93.23724,44.94837],[-93.23617,44.94837],[-93.23606,44.94837],[-93.23429,44.94837],[-93.23318,44.94837],[-93.2316,44.94837],[-93.23,44.94837],[-93.22844,44.94837],[-93.2284,44.94837],[-93.22708,44.94837],[-93.22706,44.95017],[-93.22704,44.95198],[-93.22703,44.95346],[-93.22836,44.95352],[-93.22994,44.9536],[-93.23,44.9536],[-93.23311,44.9536],[-93.23471,44.95359],[-93.23493,44.95359],[-93.23515,44.95355],[-93.23536,44.95349],[-93.23555,44.95342],[-93.23566,44.95336],[-93.23583,44.95326],[-93.23596,44.95317],[-93.23608,44.95306],[-93.23626,44.95287],[-93.23656,44.95253],[-93.23668,44.95241],[-93.23673,44.95237],[-93.23693,44.95223],[-93.23716,44.95211],[-93.23741,44.95201],[-93.23761,44.95194],[-93.23787,44.95182],[-93.23817,44.95175],[-93.23852,44.95159],[-93.23867,44.95141],[-93.23877,44.95124],[-93.23887,44.95102],[-93.23892,44.95083]]]},"properties":{"id":"crime-bg-270531074001","layer":"crime_block_group","name":"Block group 1, tract 107400","county":"Hennepin","state":"MN","countyFips":"27053","attributes":{"geoid":"270531074001","tract":"107400","blockGroup":"1","statYear":2025,"firstYear":2018,"lastYear":2025,"total2018":425,"total2019":501,"total2020":275,"total2021":198,"total2022":217,"total2023":204,"total2024":234,"total2025":342,"reportedTotal":342,"reportedTotalBand":"115+","suppressed":false},"confidence":"confirmed","sourceDate":"2025"}},{"type":"Feature","geometry":{"type":"Polygon","coordinates":[[[-93.22706,44.95017],[-93.22708,44.94837],[-93.22706,44.94838],[-93.22572,44.94837],[-93.22433,44.94837],[-93.22295,44.94837],[-93.22166,44.94837],[-93.22038,44.94836],[-93.21911,44.94836],[-93.21783,44.94836],[-93.21783,44.94838],[-93.21783,44.95017],[-93.21784,44.95197],[-93.21912,44.95197],[-93.22038,44.95197],[-93.22038,44.95327],[-93.22068,44.95325],[-93.22128,44.95323],[-93.22188,44.95323],[-93.22247,44.95325],[-93.22404,44.95332],[-93.22559,44.9534],[-93.22687,44.95346],[-93.22703,44.95346],[-93.22704,44.95198],[-93.22706,44.95017]]]},"properties":{"id":"crime-bg-270531074002","layer":"crime_block_group","name":"Block group 2, tract 107400","county":"Hennepin","state":"MN","countyFips":"27053","attributes":{"geoid":"270531074002","tract":"107400","blockGroup":"2","statYear":2025,"firstYear":2018,"lastYear":2025,"total2018":41,"total2019":56,"total2020":48,"total2021":47,"total2022":42,"total2023":49,"total2024":68,"total2025":63,"reportedTotal":63,"reportedTotalBand":"45–74","suppressed":false},"confidence":"confirmed","sourceDate":"2025"}},{"type":"Feature","geometry":{"type":"Polygon","coordinates":[[[-93.22702,44.95368],[-93.22703,44.95346],[-93.22687,44.95346],[-93.22559,44.9534],[-93.22404,44.95332],[-93.22247,44.95325],[-93.22188,44.95323],[-93.22128,44.95323],[-93.22068,44.95325],[-93.22038,44.95327],[-93.22007,44.95329],[-93.21947,44.95336],[-93.21887,44.95346],[-93.21835,44.95356],[-93.21783,44.95368],[-93.21725,44.95384],[-93.21667,44.95402],[-93.21656,44.95407],[-93.21612,44.95424],[-93.21558,44.95446],[-93.21532,44.95459],[-93.21506,44.95472],[-93.21455,44.95499],[-93.21448,44.95504],[-93.21408,44.95528],[-93.21403,44.95531],[-93.21363,44.95559],[-93.21354,44.95564],[-93.21276,44.9561],[-93.21494,44.95736],[-93.21721,44.95921],[-93.219,44.95918],[-93.22022,44.95918],[-93.22067,44.95918],[-93.2209,44.95918],[-93.22244,44.95918],[-93.22256,44.95919],[-93.22397,44.95918],[-93.22543,44.95918],[-93.22694,44.95918],[-93.22697,44.9574],[-93.227,44.95559],[-93.22702,44.95378],[-93.22702,44.95368]]]},"properties":{"id":"crime-bg-270531075001","layer":"crime_block_group","name":"Block group 1, tract 107500","county":"Hennepin","state":"MN","countyFips":"27053","attributes":{"geoid":"270531075001","tract":"107500","blockGroup":"1","statYear":2025,"firstYear":2018,"lastYear":2025,"total2018":30,"total2019":36,"total2020":54,"total2021":33,"total2022":38,"total2023":42,"total2024":31,"total2025":24,"reportedTotal":24,"reportedTotalBand":"0–24","suppressed":false},"confidence":"confirmed","sourceDate":"2025"}},{"type":"Feature","geometry":{"type":"Polygon","coordinates":[[[-93.24513,44.95914],[-93.24569,44.95915],[-93.24509,44.95855],[-93.24472,44.95817],[-93.24411,44.95742],[-93.24349,44.9565],[-93.24321,44.95602],[-93.24297,44.95555],[-93.24253,44.95475],[-93.24247,44.95464],[-93.24231,44.95434],[-93.24189,44.95359],[-93.24123,44.95245],[-93.24087,44.95198],[-93.24055,44.95157],[-93.23944,44.95018],[-93.23892,44.94954],[-93.23818,44.94853],[-93.23807,44.94837],[-93.23779,44.94837],[-93.2373,44.94837],[-93.23738,44.94847],[-93.23801,44.94932],[-93.23839,44.94972],[-93.23875,44.9502],[-93.23884,44.95043],[-93.23891,44.95064],[-93.23892,44.95083],[-93.23887,44.95102],[-93.23877,44.95124],[-93.23867,44.95141],[-93.23852,44.95159],[-93.23817,44.95175],[-93.23787,44.95182],[-93.23761,44.95194],[-93.23741,44.95201],[-93.23716,44.95211],[-93.23693,44.95223],[-93.23673,44.95237],[-93.23668,44.95241],[-93.23656,44.95253],[-93.23626,44.95287],[-93.23608,44.95306],[-93.23596,44.95317],[-93.23583,44.95326],[-93.23566,44.95336],[-93.23555,44.95342],[-93.23536,44.95349],[-93.23515,44.95355],[-93.23493,44.95359],[-93.23471,44.95359],[-93.23311,44.9536],[-93.23,44.9536],[-93.22994,44.9536],[-93.22836,44.95352],[-93.22703,44.95346],[-93.22702,44.95368],[-93.22702,44.95378],[-93.227,44.95559],[-93.22697,44.9574],[-93.22694,44.95918],[-93.22715,44.95918],[-93.22826,44.95918],[-93.22829,44.95918],[-93.22986,44.95917],[-93.23144,44.95917],[-93.23187,44.95916],[-93.23303,44.95916],[-93.23463,44.95916],[-93.23621,44.95915],[-93.2371,44.95915],[-93.23712,44.95916],[-93.2377,44.95915],[-93.23775,44.95916],[-93.23782,44.95915],[-93.23917,44.95915],[-93.23919,44.95915],[-93.23936,44.95915],[-93.23993,44.95915],[-93.24094,44.95915],[-93.24194,44.95915],[-93.24197,44.95915],[-93.2437,44.95915],[-93.24471,44.95914],[-93.24513,44.95914]]]},"properties":{"id":"crime-bg-270531075002","layer":"crime_block_group","name":"Block group 2, tract 107500","county":"Hennepin","state":"MN","countyFips":"27053","attributes":{"geoid":"270531075002","tract":"107500","blockGroup":"2","statYear":2025,"firstYear":2018,"lastYear":2025,"total2018":67,"total2019":124,"total2020":103,"total2021":85,"total2022":97,"total2023":89,"total2024":117,"total2025":75,"reportedTotal":75,"reportedTotalBand":"75–114","suppressed":false},"confidence":"confirmed","sourceDate":"2025"}},{"type":"Feature","geometry":{"type":"Polygon","coordinates":[[[-93.20875,44.94681],[-93.20875,44.94508],[-93.20872,44.94508],[-93.20872,44.94332],[-93.20872,44.94151],[-93.2077,44.94152],[-93.20763,44.94152],[-93.20638,44.94153],[-93.20636,44.94153],[-93.20594,44.94154],[-93.20514,44.94154],[-93.20436,44.94155],[-93.2043,44.94158],[-93.20379,44.94159],[-93.20235,44.94158],[-93.20158,44.94155],[-93.2001,44.94151],[-93.2007,44.94363],[-93.20206,44.94838],[-93.20266,44.94838],[-93.20381,44.94837],[-93.20538,44.94835],[-93.20586,44.94835],[-93.20643,44.94835],[-93.20756,44.94835],[-93.20763,44.94835],[-93.20769,44.94835],[-93.20875,44.94835],[-93.20875,44.94681]]]},"properties":{"id":"crime-bg-270531076001","layer":"crime_block_group","name":"Block group 1, tract 107600","county":"Hennepin","state":"MN","countyFips":"27053","attributes":{"geoid":"270531076001","tract":"107600","blockGroup":"1","statYear":2025,"firstYear":2018,"lastYear":2025,"total2018":16,"total2019":27,"total2020":19,"total2021":33,"total2022":38,"total2023":37,"total2024":26,"total2025":28,"reportedTotal":28,"reportedTotalBand":"25–44","suppressed":false},"confidence":"confirmed","sourceDate":"2025"}},{"type":"Feature","geometry":{"type":"Polygon","coordinates":[[[-93.22038,44.95327],[-93.22038,44.95197],[-93.21912,44.95197],[-93.21784,44.95197],[-93.21783,44.95017],[-93.21783,44.94838],[-93.21783,44.94836],[-93.21776,44.94836],[-93.21673,44.94836],[-93.21655,44.94836],[-93.21639,44.94836],[-93.21527,44.94836],[-93.21399,44.94836],[-93.21272,44.94835],[-93.21145,44.94835],[-93.21139,44.94835],[-93.21017,44.94835],[-93.20889,44.94835],[-93.20875,44.94835],[-93.20769,44.94835],[-93.20763,44.94835],[-93.20756,44.94835],[-93.20643,44.94835],[-93.20586,44.94835],[-93.20538,44.94835],[-93.20381,44.94837],[-93.20266,44.94838],[-93.20206,44.94838],[-93.2036,44.95098],[-93.20775,44.95303],[-93.20776,44.95321],[-93.21003,44.95469],[-93.21276,44.9561],[-93.21354,44.95564],[-93.21363,44.95559],[-93.21403,44.95531],[-93.21408,44.95528],[-93.21448,44.95504],[-93.21455,44.95499],[-93.21506,44.95472],[-93.21532,44.95459],[-93.21558,44.95446],[-93.21612,44.95424],[-93.21656,44.95407],[-93.21667,44.95402],[-93.21725,44.95384],[-93.21783,44.95368],[-93.21835,44.95356],[-93.21887,44.95346],[-93.21947,44.95336],[-93.22007,44.95329],[-93.22038,44.95327]]]},"properties":{"id":"crime-bg-270531076002","layer":"crime_block_group","name":"Block group 2, tract 107600","county":"Hennepin","state":"MN","countyFips":"27053","attributes":{"geoid":"270531076002","tract":"107600","blockGroup":"2","statYear":2025,"firstYear":2018,"lastYear":2025,"total2018":39,"total2019":43,"total2020":41,"total2021":37,"total2022":33,"total2023":48,"total2024":48,"total2025":50,"reportedTotal":50,"reportedTotalBand":"45–74","suppressed":false},"confidence":"confirmed","sourceDate":"2025"}},{"type":"Feature","geometry":{"type":"Polygon","coordinates":[[[-93.21783,44.94836],[-93.21783,44.94681],[-93.21783,44.94502],[-93.21655,44.94503],[-93.21528,44.94505],[-93.214,44.94506],[-93.21273,44.94507],[-93.21138,44.94508],[-93.21004,44.94508],[-93.20875,44.94508],[-93.20875,44.94681],[-93.20875,44.94835],[-93.20889,44.94835],[-93.21017,44.94835],[-93.21139,44.94835],[-93.21145,44.94835],[-93.21272,44.94835],[-93.21399,44.94836],[-93.21527,44.94836],[-93.21639,44.94836],[-93.21655,44.94836],[-93.21673,44.94836],[-93.21776,44.94836],[-93.21783,44.94836]]]},"properties":{"id":"crime-bg-270531076003","layer":"crime_block_group","name":"Block group 3, tract 107600","county":"Hennepin","state":"MN","countyFips":"27053","attributes":{"geoid":"270531076003","tract":"107600","blockGroup":"3","statYear":2025,"firstYear":2018,"lastYear":2025,"total2018":36,"total2019":49,"total2020":64,"total2021":48,"total2022":45,"total2023":57,"total2024":77,"total2025":31,"reportedTotal":31,"reportedTotalBand":"25–44","suppressed":false},"confidence":"confirmed","sourceDate":"2025"}},{"type":"Feature","geometry":{"type":"Polygon","coordinates":[[[-93.21784,44.94144],[-93.21785,44.94142],[-93.21782,44.94144],[-93.21658,44.94145],[-93.21531,44.94146],[-93.21404,44.94147],[-93.21401,44.94147],[-93.21274,44.94148],[-93.21149,44.94149],[-93.21139,44.94149],[-93.2102,44.9415],[-93.21004,44.9415],[-93.20892,44.94151],[-93.20872,44.94151],[-93.20872,44.94332],[-93.20872,44.94508],[-93.20875,44.94508],[-93.21004,44.94508],[-93.21138,44.94508],[-93.21273,44.94507],[-93.214,44.94506],[-93.21528,44.94505],[-93.21655,44.94503],[-93.21783,44.94502],[-93.21784,44.945],[-93.21784,44.94323],[-93.21784,44.94144]]]},"properties":{"id":"crime-bg-270531076004","layer":"crime_block_group","name":"Block group 4, tract 107600","county":"Hennepin","state":"MN","countyFips":"27053","attributes":{"geoid":"270531076004","tract":"107600","blockGroup":"4","statYear":2025,"firstYear":2018,"lastYear":2025,"total2018":18,"total2019":16,"total2020":26,"total2021":15,"total2022":38,"total2023":38,"total2024":34,"total2025":28,"reportedTotal":28,"reportedTotalBand":"25–44","suppressed":false},"confidence":"confirmed","sourceDate":"2025"}},{"type":"Feature","geometry":{"type":"Polygon","coordinates":[[[-93.3055,44.94918],[-93.30551,44.949],[-93.30548,44.94849],[-93.30544,44.94848],[-93.30501,44.94838],[-93.30467,44.94838],[-93.3034,44.94838],[-93.30212,44.94837],[-93.30084,44.94837],[-93.29955,44.94836],[-93.29828,44.94836],[-93.29828,44.94926],[-93.29827,44.94987],[-93.29827,44.95007],[-93.29827,44.95023],[-93.29827,44.95032],[-93.29829,44.95031],[-93.30083,44.95031],[-93.30211,44.95032],[-93.30339,44.95039],[-93.30502,44.95048],[-93.30503,44.95039],[-93.30502,44.95028],[-93.30504,44.9501],[-93.30513,44.94999],[-93.30522,44.94988],[-93.30533,44.9497],[-93.30538,44.94962],[-93.30543,44.9495],[-93.3055,44.94918]]]},"properties":{"id":"crime-bg-270531080001","layer":"crime_block_group","name":"Block group 1, tract 108000","county":"Hennepin","state":"MN","countyFips":"27053","attributes":{"geoid":"270531080001","tract":"108000","blockGroup":"1","statYear":2025,"firstYear":2018,"lastYear":2025,"total2018":61,"total2019":123,"total2020":115,"total2021":105,"total2022":132,"total2023":126,"total2024":102,"total2025":128,"reportedTotal":128,"reportedTotalBand":"115+","suppressed":false},"confidence":"confirmed","sourceDate":"2025"}},{"type":"Feature","geometry":{"type":"Polygon","coordinates":[[[-93.30601,44.94774],[-93.30598,44.94758],[-93.30594,44.94743],[-93.30587,44.94727],[-93.3055,44.94661],[-93.30456,44.94494],[-93.30444,44.94474],[-93.30344,44.94473],[-93.30215,44.94472],[-93.30088,44.94471],[-93.2996,44.9447],[-93.29832,44.94469],[-93.2983,44.94657],[-93.29828,44.94836],[-93.29955,44.94836],[-93.30084,44.94837],[-93.30212,44.94837],[-93.3034,44.94838],[-93.30467,44.94838],[-93.30501,44.94838],[-93.30544,44.94848],[-93.30548,44.94849],[-93.30551,44.94838],[-93.30557,44.94828],[-93.30569,44.94816],[-93.30587,44.94804],[-93.30598,44.94789],[-93.30601,44.94774]]]},"properties":{"id":"crime-bg-270531080002","layer":"crime_block_group","name":"Block group 2, tract 108000","county":"Hennepin","state":"MN","countyFips":"27053","attributes":{"geoid":"270531080002","tract":"108000","blockGroup":"2","statYear":2025,"firstYear":2018,"lastYear":2025,"total2018":258,"total2019":208,"total2020":133,"total2021":116,"total2022":112,"total2023":102,"total2024":115,"total2025":96,"reportedTotal":96,"reportedTotalBand":"75–114","suppressed":false},"confidence":"confirmed","sourceDate":"2025"}},{"type":"Feature","geometry":{"type":"Polygon","coordinates":[[[-93.30444,44.94474],[-93.3037,44.94347],[-93.30364,44.94332],[-93.3036,44.94316],[-93.30359,44.94301],[-93.30364,44.94174],[-93.30361,44.94134],[-93.30216,44.94134],[-93.30089,44.94133],[-93.29961,44.94133],[-93.29842,44.94132],[-93.29836,44.94133],[-93.29834,44.94289],[-93.29832,44.94469],[-93.2996,44.9447],[-93.30088,44.94471],[-93.30215,44.94472],[-93.30344,44.94473],[-93.30444,44.94474]]]},"properties":{"id":"crime-bg-270531080003","layer":"crime_block_group","name":"Block group 3, tract 108000","county":"Hennepin","state":"MN","countyFips":"27053","attributes":{"geoid":"270531080003","tract":"108000","blockGroup":"3","statYear":2025,"firstYear":2018,"lastYear":2025,"total2018":25,"total2019":23,"total2020":28,"total2021":35,"total2022":38,"total2023":38,"total2024":45,"total2025":38,"reportedTotal":38,"reportedTotalBand":"25–44","suppressed":false},"confidence":"confirmed","sourceDate":"2025"}},{"type":"Feature","geometry":{"type":"Polygon","coordinates":[[[-93.30392,44.93833],[-93.30401,44.93772],[-93.3029,44.93772],[-93.30221,44.93771],[-93.30093,44.93771],[-93.29964,44.93771],[-93.29839,44.93771],[-93.29838,44.93951],[-93.29836,44.94133],[-93.29842,44.94132],[-93.29961,44.94133],[-93.30089,44.94133],[-93.30216,44.94134],[-93.30361,44.94134],[-93.30362,44.94132],[-93.30362,44.94106],[-93.30365,44.94079],[-93.30369,44.94046],[-93.30371,44.94037],[-93.30377,44.94013],[-93.30382,44.93983],[-93.30385,44.93953],[-93.30386,44.93894],[-93.30392,44.93833]]]},"properties":{"id":"crime-bg-270531080004","layer":"crime_block_group","name":"Block group 4, tract 108000","county":"Hennepin","state":"MN","countyFips":"27053","attributes":{"geoid":"270531080004","tract":"108000","blockGroup":"4","statYear":2025,"firstYear":2018,"lastYear":2025,"total2018":10,"total2019":18,"total2020":34,"total2021":24,"total2022":31,"total2023":27,"total2024":34,"total2025":35,"reportedTotal":35,"reportedTotalBand":"25–44","suppressed":false},"confidence":"confirmed","sourceDate":"2025"}},{"type":"Feature","geometry":{"type":"Polygon","coordinates":[[[-93.24737,44.94134],[-93.24736,44.93955],[-93.24735,44.93773],[-93.24606,44.93773],[-93.24481,44.93773],[-93.24356,44.93773],[-93.24226,44.93773],[-93.24227,44.93955],[-93.24229,44.94134],[-93.24358,44.94134],[-93.24482,44.94134],[-93.24609,44.94134],[-93.24737,44.94134]]]},"properties":{"id":"crime-bg-270531086001","layer":"crime_block_group","name":"Block group 1, tract 108600","county":"Hennepin","state":"MN","countyFips":"27053","attributes":{"geoid":"270531086001","tract":"108600","blockGroup":"1","statYear":2025,"firstYear":2018,"lastYear":2025,"total2018":19,"total2019":34,"total2020":41,"total2021":16,"total2022":31,"total2023":35,"total2024":44,"total2025":51,"reportedTotal":51,"reportedTotalBand":"45–74","suppressed":false},"confidence":"confirmed","sourceDate":"2025"}},{"type":"Feature","geometry":{"type":"Polygon","coordinates":[[[-93.24743,44.94477],[-93.24742,44.94476],[-93.2474,44.94294],[-93.24737,44.94134],[-93.24609,44.94134],[-93.24482,44.94134],[-93.24358,44.94134],[-93.24229,44.94134],[-93.24227,44.94136],[-93.2423,44.94294],[-93.24233,44.94476],[-93.24234,44.94657],[-93.24234,44.94743],[-93.24235,44.94837],[-93.24361,44.94837],[-93.24488,44.94837],[-93.24613,44.94837],[-93.24741,44.94837],[-93.24742,44.94657],[-93.24743,44.94477]]]},"properties":{"id":"crime-bg-270531086002","layer":"crime_block_group","name":"Block group 2, tract 108600","county":"Hennepin","state":"MN","countyFips":"27053","attributes":{"geoid":"270531086002","tract":"108600","blockGroup":"2","statYear":2025,"firstYear":2018,"lastYear":2025,"total2018":54,"total2019":83,"total2020":90,"total2021":90,"total2022":121,"total2023":112,"total2024":87,"total2025":98,"reportedTotal":98,"reportedTotalBand":"75–114","suppressed":false},"confidence":"confirmed","sourceDate":"2025"}},{"type":"Feature","geometry":{"type":"Polygon","coordinates":[[[-93.24995,44.94656],[-93.24995,44.94477],[-93.24995,44.94475],[-93.24993,44.94293],[-93.24991,44.94134],[-93.2499,44.93955],[-93.24865,44.93955],[-93.24736,44.93955],[-93.24737,44.94134],[-93.2474,44.94294],[-93.24742,44.94476],[-93.24743,44.94477],[-93.24742,44.94657],[-93.24741,44.94837],[-93.24868,44.94837],[-93.24994,44.94837],[-93.24995,44.94835],[-93.24995,44.94656]]]},"properties":{"id":"crime-bg-270531086003","layer":"crime_block_group","name":"Block group 3, tract 108600","county":"Hennepin","state":"MN","countyFips":"27053","attributes":{"geoid":"270531086003","tract":"108600","blockGroup":"3","statYear":2025,"firstYear":2018,"lastYear":2025,"total2018":36,"total2019":49,"total2020":60,"total2021":69,"total2022":69,"total2023":67,"total2024":64,"total2025":52,"reportedTotal":52,"reportedTotalBand":"45–74","suppressed":false},"confidence":"confirmed","sourceDate":"2025"}},{"type":"Feature","geometry":{"type":"Polygon","coordinates":[[[-93.24227,44.93593],[-93.24227,44.93413],[-93.24226,44.93412],[-93.24103,44.93412],[-93.23976,44.93412],[-93.23971,44.93412],[-93.23887,44.93412],[-93.23846,44.93412],[-93.23781,44.93411],[-93.23719,44.93411],[-93.23716,44.93412],[-93.23592,44.93411],[-93.23467,44.9341],[-93.23338,44.9341],[-93.23211,44.93409],[-93.23085,44.93409],[-93.22958,44.93408],[-93.22913,44.93408],[-93.22873,44.93408],[-93.22851,44.93408],[-93.22955,44.93562],[-93.22974,44.9359],[-93.2308,44.93745],[-93.23098,44.93772],[-93.23124,44.93772],[-93.2316,44.93772],[-93.2321,44.93772],[-93.23338,44.93772],[-93.23465,44.93772],[-93.23591,44.93772],[-93.23715,44.93773],[-93.23721,44.93773],[-93.23888,44.93773],[-93.24056,44.93773],[-93.24059,44.93773],[-93.24226,44.93773],[-93.24227,44.93772],[-93.24227,44.93684],[-93.24227,44.93593]]]},"properties":{"id":"crime-bg-270531087001","layer":"crime_block_group","name":"Block group 1, tract 108700","county":"Hennepin","state":"MN","countyFips":"27053","attributes":{"geoid":"270531087001","tract":"108700","blockGroup":"1","statYear":2025,"firstYear":2018,"lastYear":2025,"total2018":60,"total2019":70,"total2020":54,"total2021":35,"total2022":71,"total2023":64,"total2024":61,"total2025":44,"reportedTotal":44,"reportedTotalBand":"25–44","suppressed":false},"confidence":"confirmed","sourceDate":"2025"}},{"type":"Feature","geometry":{"type":"Polygon","coordinates":[[[-93.24229,44.94134],[-93.24227,44.93955],[-93.24226,44.93773],[-93.24059,44.93773],[-93.24056,44.93773],[-93.23888,44.93773],[-93.23721,44.93773],[-93.23715,44.93773],[-93.23591,44.93772],[-93.23465,44.93772],[-93.23338,44.93772],[-93.2321,44.93772],[-93.2316,44.93772],[-93.23124,44.93772],[-93.23098,44.93772],[-93.23212,44.93937],[-93.23222,44.93953],[-93.2332,44.94095],[-93.23347,44.94133],[-93.23349,44.94136],[-93.23378,44.94135],[-93.23408,44.94135],[-93.23467,44.94134],[-93.23589,44.94134],[-93.23595,44.94135],[-93.23721,44.94134],[-93.23833,44.94134],[-93.23845,44.94134],[-93.23891,44.94134],[-93.24059,44.94134],[-93.24229,44.94134]]]},"properties":{"id":"crime-bg-270531087002","layer":"crime_block_group","name":"Block group 2, tract 108700","county":"Hennepin","state":"MN","countyFips":"27053","attributes":{"geoid":"270531087002","tract":"108700","blockGroup":"2","statYear":2025,"firstYear":2018,"lastYear":2025,"total2018":39,"total2019":56,"total2020":65,"total2021":40,"total2022":60,"total2023":67,"total2024":47,"total2025":49,"reportedTotal":49,"reportedTotalBand":"45–74","suppressed":false},"confidence":"confirmed","sourceDate":"2025"}},{"type":"Feature","geometry":{"type":"Polygon","coordinates":[[[-93.24235,44.94837],[-93.24234,44.94743],[-93.24234,44.94657],[-93.24233,44.94476],[-93.2423,44.94294],[-93.24227,44.94136],[-93.24229,44.94134],[-93.24059,44.94134],[-93.23891,44.94134],[-93.23845,44.94134],[-93.23833,44.94134],[-93.23721,44.94134],[-93.23595,44.94135],[-93.23589,44.94134],[-93.23467,44.94134],[-93.23408,44.94135],[-93.23378,44.94135],[-93.23349,44.94136],[-93.23456,44.94295],[-93.2358,44.94478],[-93.23616,44.94529],[-93.23682,44.94627],[-93.23702,44.94657],[-93.23719,44.94688],[-93.23798,44.94822],[-93.23807,44.94837],[-93.23835,44.94837],[-93.23874,44.94837],[-93.23894,44.94837],[-93.24034,44.94837],[-93.24063,44.94837],[-93.24235,44.94837]]]},"properties":{"id":"crime-bg-270531087003","layer":"crime_block_group","name":"Block group 3, tract 108700","county":"Hennepin","state":"MN","countyFips":"27053","attributes":{"geoid":"270531087003","tract":"108700","blockGroup":"3","statYear":2025,"firstYear":2018,"lastYear":2025,"total2018":114,"total2019":117,"total2020":130,"total2021":120,"total2022":131,"total2023":169,"total2024":155,"total2025":176,"reportedTotal":176,"reportedTotalBand":"115+","suppressed":false},"confidence":"confirmed","sourceDate":"2025"}},{"type":"Feature","geometry":{"type":"Polygon","coordinates":[[[-93.23347,44.94133],[-93.2332,44.94095],[-93.23222,44.93953],[-93.23212,44.93937],[-93.23098,44.93772],[-93.2308,44.93745],[-93.22974,44.9359],[-93.22955,44.93562],[-93.22851,44.93408],[-93.22749,44.93408],[-93.22707,44.93408],[-93.22704,44.93408],[-93.22662,44.93409],[-93.22566,44.9341],[-93.22391,44.93413],[-93.22293,44.93415],[-93.22294,44.93574],[-93.22295,44.93777],[-93.22295,44.93779],[-93.22295,44.93957],[-93.22295,44.94137],[-93.22296,44.94139],[-93.22432,44.94138],[-93.22441,44.94138],[-93.22569,44.94137],[-93.22704,44.94136],[-93.22707,44.94135],[-93.22839,44.94135],[-93.22909,44.94135],[-93.22911,44.94135],[-93.23088,44.94135],[-93.23183,44.94135],[-93.23244,44.94134],[-93.23255,44.94134],[-93.23347,44.94133]]]},"properties":{"id":"crime-bg-270531088001","layer":"crime_block_group","name":"Block group 1, tract 108800","county":"Hennepin","state":"MN","countyFips":"27053","attributes":{"geoid":"270531088001","tract":"108800","blockGroup":"1","statYear":2025,"firstYear":2018,"lastYear":2025,"total2018":82,"total2019":73,"total2020":94,"total2021":84,"total2022":116,"total2023":101,"total2024":84,"total2025":86,"reportedTotal":86,"reportedTotalBand":"75–114","suppressed":false},"confidence":"confirmed","sourceDate":"2025"}},{"type":"Feature","geometry":{"type":"Polygon","coordinates":[[[-93.23807,44.94837],[-93.23798,44.94822],[-93.23719,44.94688],[-93.23702,44.94657],[-93.23682,44.94627],[-93.23616,44.94529],[-93.2358,44.94478],[-93.23456,44.94295],[-93.23349,44.94136],[-93.23347,44.94133],[-93.23255,44.94134],[-93.23244,44.94134],[-93.23183,44.94135],[-93.23088,44.94135],[-93.22911,44.94135],[-93.22997,44.94251],[-93.23029,44.94295],[-93.23046,44.94317],[-93.23163,44.94475],[-93.2318,44.94498],[-93.23158,44.94498],[-93.23001,44.94498],[-93.23001,44.94686],[-93.23,44.94837],[-93.2316,44.94837],[-93.23318,44.94837],[-93.23429,44.94837],[-93.23606,44.94837],[-93.23617,44.94837],[-93.23724,44.94837],[-93.2373,44.94837],[-93.23779,44.94837],[-93.23807,44.94837]]]},"properties":{"id":"crime-bg-270531088002","layer":"crime_block_group","name":"Block group 2, tract 108800","county":"Hennepin","state":"MN","countyFips":"27053","attributes":{"geoid":"270531088002","tract":"108800","blockGroup":"2","statYear":2025,"firstYear":2018,"lastYear":2025,"total2018":36,"total2019":43,"total2020":54,"total2021":19,"total2022":87,"total2023":113,"total2024":90,"total2025":107,"reportedTotal":107,"reportedTotalBand":"75–114","suppressed":false},"confidence":"confirmed","sourceDate":"2025"}},{"type":"Feature","geometry":{"type":"Polygon","coordinates":[[[-93.22708,44.94685],[-93.22708,44.94497],[-93.22707,44.94496],[-93.22705,44.94316],[-93.22703,44.94137],[-93.22704,44.94136],[-93.22569,44.94137],[-93.22441,44.94138],[-93.22432,44.94138],[-93.22296,44.94139],[-93.22296,44.94319],[-93.22295,44.94497],[-93.22295,44.94499],[-93.22295,44.94683],[-93.22295,44.94837],[-93.22433,44.94837],[-93.22572,44.94837],[-93.22706,44.94838],[-93.22708,44.94837],[-93.22708,44.94685]]]},"properties":{"id":"crime-bg-270531088003","layer":"crime_block_group","name":"Block group 3, tract 108800","county":"Hennepin","state":"MN","countyFips":"27053","attributes":{"geoid":"270531088003","tract":"108800","blockGroup":"3","statYear":2025,"firstYear":2018,"lastYear":2025,"total2018":28,"total2019":46,"total2020":49,"total2021":40,"total2022":52,"total2023":50,"total2024":55,"total2025":82,"reportedTotal":82,"reportedTotalBand":"75–114","suppressed":false},"confidence":"confirmed","sourceDate":"2025"}},{"type":"Feature","geometry":{"type":"Polygon","coordinates":[[[-93.2318,44.94498],[-93.23163,44.94475],[-93.23046,44.94317],[-93.23029,44.94295],[-93.22997,44.94251],[-93.22911,44.94135],[-93.22909,44.94135],[-93.22839,44.94135],[-93.22707,44.94135],[-93.22704,44.94136],[-93.22703,44.94137],[-93.22705,44.94316],[-93.22707,44.94496],[-93.22708,44.94497],[-93.22708,44.94685],[-93.22708,44.94837],[-93.2284,44.94837],[-93.22844,44.94837],[-93.23,44.94837],[-93.23001,44.94686],[-93.23001,44.94498],[-93.23158,44.94498],[-93.2318,44.94498]]]},"properties":{"id":"crime-bg-270531088004","layer":"crime_block_group","name":"Block group 4, tract 108800","county":"Hennepin","state":"MN","countyFips":"27053","attributes":{"geoid":"270531088004","tract":"108800","blockGroup":"4","statYear":2025,"firstYear":2018,"lastYear":2025,"total2018":32,"total2019":65,"total2020":51,"total2021":56,"total2022":70,"total2023":85,"total2024":83,"total2025":58,"reportedTotal":58,"reportedTotalBand":"45–74","suppressed":false},"confidence":"confirmed","sourceDate":"2025"}},{"type":"Feature","geometry":{"type":"Polygon","coordinates":[[[-93.22295,44.93777],[-93.22294,44.93574],[-93.22293,44.93415],[-93.22166,44.93416],[-93.22041,44.93418],[-93.21915,44.9342],[-93.21788,44.93422],[-93.21661,44.93423],[-93.21532,44.93425],[-93.21532,44.93584],[-93.21532,44.93785],[-93.2166,44.93784],[-93.21786,44.93783],[-93.21912,44.93781],[-93.22041,44.9378],[-93.22168,44.93778],[-93.22295,44.93777]]]},"properties":{"id":"crime-bg-270531089001","layer":"crime_block_group","name":"Block group 1, tract 108900","county":"Hennepin","state":"MN","countyFips":"27053","attributes":{"geoid":"270531089001","tract":"108900","blockGroup":"1","statYear":2025,"firstYear":2018,"lastYear":2025,"total2018":10,"total2019":11,"total2020":18,"total2021":15,"total2022":20,"total2023":28,"total2024":32,"total2025":16,"reportedTotal":16,"reportedTotalBand":"0–24","suppressed":false},"confidence":"confirmed","sourceDate":"2025"}},{"type":"Feature","geometry":{"type":"Polygon","coordinates":[[[-93.22296,44.94139],[-93.22295,44.94137],[-93.22295,44.93957],[-93.22295,44.93779],[-93.22295,44.93777],[-93.22168,44.93778],[-93.22041,44.9378],[-93.21912,44.93781],[-93.21786,44.93783],[-93.2166,44.93784],[-93.21532,44.93785],[-93.21531,44.93965],[-93.21531,44.94146],[-93.21658,44.94145],[-93.21782,44.94144],[-93.21785,44.94142],[-93.21913,44.94141],[-93.2204,44.94141],[-93.22168,44.9414],[-93.22296,44.94139]]]},"properties":{"id":"crime-bg-270531089002","layer":"crime_block_group","name":"Block group 2, tract 108900","county":"Hennepin","state":"MN","countyFips":"27053","attributes":{"geoid":"270531089002","tract":"108900","blockGroup":"2","statYear":2025,"firstYear":2018,"lastYear":2025,"total2018":7,"total2019":13,"total2020":22,"total2021":16,"total2022":17,"total2023":28,"total2024":22,"total2025":29,"reportedTotal":29,"reportedTotalBand":"25–44","suppressed":false},"confidence":"confirmed","sourceDate":"2025"}},{"type":"Feature","geometry":{"type":"Polygon","coordinates":[[[-93.22296,44.94319],[-93.22296,44.94139],[-93.22168,44.9414],[-93.2204,44.94141],[-93.21913,44.94141],[-93.21785,44.94142],[-93.21784,44.94144],[-93.21784,44.94323],[-93.21784,44.945],[-93.21783,44.94502],[-93.21783,44.94681],[-93.21783,44.94836],[-93.21911,44.94836],[-93.22038,44.94836],[-93.22166,44.94837],[-93.22295,44.94837],[-93.22295,44.94683],[-93.22295,44.94499],[-93.22295,44.94497],[-93.22296,44.94319]]]},"properties":{"id":"crime-bg-270531089003","layer":"crime_block_group","name":"Block group 3, tract 108900","county":"Hennepin","state":"MN","countyFips":"27053","attributes":{"geoid":"270531089003","tract":"108900","blockGroup":"3","statYear":2025,"firstYear":2018,"lastYear":2025,"total2018":34,"total2019":40,"total2020":44,"total2021":27,"total2022":46,"total2023":65,"total2024":69,"total2025":42,"reportedTotal":42,"reportedTotalBand":"25–44","suppressed":false},"confidence":"confirmed","sourceDate":"2025"}},{"type":"Feature","geometry":{"type":"Polygon","coordinates":[[[-93.21532,44.93584],[-93.21532,44.93425],[-93.21405,44.93425],[-93.21277,44.93426],[-93.21149,44.93428],[-93.21027,44.93429],[-93.2102,44.93429],[-93.21014,44.93429],[-93.20893,44.9343],[-93.20894,44.93432],[-93.20894,44.9359],[-93.20893,44.9379],[-93.20895,44.9379],[-93.20894,44.9397],[-93.20892,44.94151],[-93.21004,44.9415],[-93.2102,44.9415],[-93.21139,44.94149],[-93.21149,44.94149],[-93.21274,44.94148],[-93.21401,44.94147],[-93.21404,44.94147],[-93.21531,44.94146],[-93.21531,44.93965],[-93.21532,44.93785],[-93.21532,44.93584]]]},"properties":{"id":"crime-bg-270531090001","layer":"crime_block_group","name":"Block group 1, tract 109000","county":"Hennepin","state":"MN","countyFips":"27053","attributes":{"geoid":"270531090001","tract":"109000","blockGroup":"1","statYear":2025,"firstYear":2018,"lastYear":2025,"total2018":23,"total2019":44,"total2020":25,"total2021":30,"total2022":51,"total2023":37,"total2024":34,"total2025":52,"reportedTotal":52,"reportedTotalBand":"45–74","suppressed":false},"confidence":"confirmed","sourceDate":"2025"}},{"type":"Feature","geometry":{"type":"Polygon","coordinates":[[[-93.20894,44.9397],[-93.20895,44.9379],[-93.20893,44.9379],[-93.20894,44.9359],[-93.20894,44.93432],[-93.20893,44.9343],[-93.20766,44.93431],[-93.20641,44.93432],[-93.20516,44.93433],[-93.20362,44.93434],[-93.2035,44.93434],[-93.20345,44.93434],[-93.20303,44.93435],[-93.20232,44.93433],[-93.20079,44.9343],[-93.20065,44.93738],[-93.20064,44.93753],[-93.20062,44.93788],[-93.2001,44.94151],[-93.20158,44.94155],[-93.20235,44.94158],[-93.20379,44.94159],[-93.2043,44.94158],[-93.20436,44.94155],[-93.20514,44.94154],[-93.20594,44.94154],[-93.20636,44.94153],[-93.20638,44.94153],[-93.20763,44.94152],[-93.2077,44.94152],[-93.20872,44.94151],[-93.20892,44.94151],[-93.20894,44.9397]]]},"properties":{"id":"crime-bg-270531090002","layer":"crime_block_group","name":"Block group 2, tract 109000","county":"Hennepin","state":"MN","countyFips":"27053","attributes":{"geoid":"270531090002","tract":"109000","blockGroup":"2","statYear":2025,"firstYear":2018,"lastYear":2025,"total2018":11,"total2019":12,"total2020":25,"total2021":16,"total2022":25,"total2023":16,"total2024":20,"total2025":21,"reportedTotal":21,"reportedTotalBand":"0–24","suppressed":false},"confidence":"confirmed","sourceDate":"2025"}},{"type":"Feature","geometry":{"type":"Polygon","coordinates":[[[-93.32916,44.94142],[-93.32916,44.94068],[-93.32914,44.94059],[-93.32911,44.94043],[-93.329,44.93982],[-93.329,44.93939],[-93.32902,44.93599],[-93.32902,44.93417],[-93.32902,44.93406],[-93.32883,44.93406],[-93.32774,44.93406],[-93.32646,44.93405],[-93.32518,44.93404],[-93.32391,44.93404],[-93.32327,44.93409],[-93.32263,44.93415],[-93.32263,44.93595],[-93.32262,44.93776],[-93.32161,44.93775],[-93.32135,44.93775],[-93.31991,44.93774],[-93.32009,44.93745],[-93.32024,44.93716],[-93.32037,44.93685],[-93.32044,44.93654],[-93.32048,44.93623],[-93.32049,44.93591],[-93.32047,44.93576],[-93.32043,44.93561],[-93.32034,44.93547],[-93.32023,44.93534],[-93.32008,44.93523],[-93.31991,44.93515],[-93.31972,44.93508],[-93.31952,44.93504],[-93.31916,44.93502],[-93.3188,44.93502],[-93.31878,44.93503],[-93.31763,44.93504],[-93.31756,44.93504],[-93.31719,44.93503],[-93.31683,44.93505],[-93.31646,44.93508],[-93.31528,44.93521],[-93.31496,44.93521],[-93.31466,44.9352],[-93.31435,44.93516],[-93.31412,44.93512],[-93.31409,44.93512],[-93.31389,44.93506],[-93.31367,44.93498],[-93.31343,44.93485],[-93.31321,44.93472],[-93.313,44.93456],[-93.31293,44.9345],[-93.31277,44.93441],[-93.31269,44.93438],[-93.31264,44.93436],[-93.31233,44.93424],[-93.31201,44.93414],[-93.31168,44.93407],[-93.31141,44.93404],[-93.31115,44.93402],[-93.31089,44.93403],[-93.31083,44.93403],[-93.31074,44.93404],[-93.3106,44.93404],[-93.31054,44.93404],[-93.31047,44.93402],[-93.31043,44.93399],[-93.31038,44.9339],[-93.31034,44.93382],[-93.3103,44.93363],[-93.30908,44.93404],[-93.30906,44.93405],[-93.3087,44.93412],[-93.30835,44.93426],[-93.30806,44.93436],[-93.30778,44.93447],[-93.30771,44.93451],[-93.30752,44.9346],[-93.30718,44.93473],[-93.30549,44.93569],[-93.30521,44.9359],[-93.30495,44.93613],[-93.30472,44.93636],[-93.30451,44.93662],[-93.30434,44.93688],[-93.3042,44.93715],[-93.30409,44.93743],[-93.30401,44.93772],[-93.30392,44.93833],[-93.30386,44.93894],[-93.30385,44.93953],[-93.30382,44.93983],[-93.30377,44.94013],[-93.30371,44.94037],[-93.30369,44.94046],[-93.30365,44.94079],[-93.30362,44.94106],[-93.30362,44.94132],[-93.30361,44.94134],[-93.30364,44.94174],[-93.30359,44.94301],[-93.3036,44.94316],[-93.30364,44.94332],[-93.3037,44.94347],[-93.30444,44.94474],[-93.30456,44.94494],[-93.3055,44.94661],[-93.30587,44.94727],[-93.30594,44.94743],[-93.30598,44.94758],[-93.30601,44.94774],[-93.30598,44.94789],[-93.30587,44.94804],[-93.30569,44.94816],[-93.30557,44.94828],[-93.30551,44.94838],[-93.30548,44.94849],[-93.30635,44.94893],[-93.30678,44.94913],[-93.30715,44.9493],[-93.3072,44.94933],[-93.30766,44.94952],[-93.30836,44.9498],[-93.30893,44.95005],[-93.30923,44.95018],[-93.30944,44.95025],[-93.30973,44.95035],[-93.30994,44.95041],[-93.31018,44.95046],[-93.31043,44.95049],[-93.31071,44.9505],[-93.31092,44.95049],[-93.31117,44.95049],[-93.31143,44.95046],[-93.31168,44.9504],[-93.31206,44.95032],[-93.31244,44.95019],[-93.31385,44.94972],[-93.31509,44.94933],[-93.31593,44.94904],[-93.31637,44.9489],[-93.31647,44.94887],[-93.31723,44.94862],[-93.31795,44.94835],[-93.31831,44.94836],[-93.31915,44.94836],[-93.32065,44.94836],[-93.3233,44.9484],[-93.32367,44.9484],[-93.32429,44.94797],[-93.32539,44.94721],[-93.3257,44.94699],[-93.3261,44.94675],[-93.32634,44.94662],[-93.32652,44.94653],[-93.32697,44.94633],[-93.32743,44.94616],[-93.32762,44.9461],[-93.3279,44.94601],[-93.3284,44.94589],[-93.32883,44.94581],[-93.32883,44.94561],[-93.32883,44.94554],[-93.32911,44.94438],[-93.32912,44.94361],[-93.32916,44.94142]]]},"properties":{"id":"crime-bg-270531091001","layer":"crime_block_group","name":"Block group 1, tract 109100","county":"Hennepin","state":"MN","countyFips":"27053","attributes":{"geoid":"270531091001","tract":"109100","blockGroup":"1","statYear":2025,"firstYear":2018,"lastYear":2025,"total2018":64,"total2019":55,"total2020":97,"total2021":97,"total2022":53,"total2023":67,"total2024":53,"total2025":44,"reportedTotal":44,"reportedTotalBand":"25–44","suppressed":false},"confidence":"confirmed","sourceDate":"2025"}},{"type":"Feature","geometry":{"type":"Polygon","coordinates":[[[-93.32885,44.94786],[-93.32888,44.94662],[-93.32883,44.94581],[-93.3284,44.94589],[-93.3279,44.94601],[-93.32762,44.9461],[-93.32743,44.94616],[-93.32697,44.94633],[-93.32652,44.94653],[-93.32634,44.94662],[-93.3261,44.94675],[-93.3257,44.94699],[-93.32539,44.94721],[-93.32429,44.94797],[-93.32367,44.9484],[-93.32375,44.9484],[-93.32499,44.94842],[-93.32541,44.9484],[-93.32626,44.94841],[-93.3266,44.94842],[-93.32711,44.9484],[-93.32755,44.94839],[-93.32773,44.94838],[-93.328,44.94837],[-93.32849,44.94833],[-93.32885,44.94829],[-93.32885,44.9479],[-93.32885,44.94786]]]},"properties":{"id":"crime-bg-270531091002","layer":"crime_block_group","name":"Block group 2, tract 109100","county":"Hennepin","state":"MN","countyFips":"27053","attributes":{"geoid":"270531091002","tract":"109100","blockGroup":"2","statYear":2025,"firstYear":2018,"lastYear":2025,"total2018":19,"total2019":40,"total2020":70,"total2021":75,"total2022":56,"total2023":43,"total2024":74,"total2025":81,"reportedTotal":81,"reportedTotalBand":"75–114","suppressed":false},"confidence":"confirmed","sourceDate":"2025"}},{"type":"Feature","geometry":{"type":"Polygon","coordinates":[[[-93.32263,44.93595],[-93.32263,44.93415],[-93.32136,44.93414],[-93.32008,44.93413],[-93.3188,44.93412],[-93.31882,44.9323],[-93.31765,44.9323],[-93.31647,44.9323],[-93.31529,44.93229],[-93.31412,44.93229],[-93.31295,44.93229],[-93.31296,44.93048],[-93.31298,44.93047],[-93.31308,44.93023],[-93.31316,44.92998],[-93.31319,44.92972],[-93.31319,44.92945],[-93.31316,44.92921],[-93.3131,44.92897],[-93.31303,44.92868],[-93.31302,44.9286],[-93.31297,44.92836],[-93.31296,44.92812],[-93.31297,44.92788],[-93.31302,44.92765],[-93.313,44.92764],[-93.31141,44.92751],[-93.31143,44.92738],[-93.31151,44.92712],[-93.31161,44.92686],[-93.31172,44.92659],[-93.31187,44.92632],[-93.31205,44.92606],[-93.31224,44.9258],[-93.31245,44.92554],[-93.31252,44.92545],[-93.31256,44.92534],[-93.31256,44.92524],[-93.31252,44.92513],[-93.31245,44.92504],[-93.31234,44.92496],[-93.31228,44.92494],[-93.31221,44.92492],[-93.31141,44.92464],[-93.31139,44.92462],[-93.3112,44.92438],[-93.31083,44.9244],[-93.3108,44.92453],[-93.31073,44.92476],[-93.31062,44.92498],[-93.31049,44.9252],[-93.31031,44.9254],[-93.31025,44.92547],[-93.31004,44.9257],[-93.30986,44.92594],[-93.30972,44.9262],[-93.3096,44.92647],[-93.30946,44.92687],[-93.30936,44.92711],[-93.30928,44.92735],[-93.30917,44.92769],[-93.30915,44.92777],[-93.30887,44.93011],[-93.30883,44.93019],[-93.30875,44.93026],[-93.30862,44.93033],[-93.30846,44.9304],[-93.30831,44.93042],[-93.30816,44.93038],[-93.30797,44.93029],[-93.30806,44.93073],[-93.30809,44.93093],[-93.30818,44.93109],[-93.30834,44.93124],[-93.30851,44.93132],[-93.30877,44.93137],[-93.30909,44.93145],[-93.30919,44.93148],[-93.30927,44.93153],[-93.30933,44.9316],[-93.30937,44.93166],[-93.30937,44.93174],[-93.30938,44.93184],[-93.30942,44.93193],[-93.3095,44.93202],[-93.30967,44.93216],[-93.30981,44.93233],[-93.30989,44.93245],[-93.31001,44.93254],[-93.3101,44.93264],[-93.31023,44.93275],[-93.31031,44.93287],[-93.31034,44.93294],[-93.31036,44.93304],[-93.31035,44.93315],[-93.31033,44.93329],[-93.31032,44.93341],[-93.31031,44.93347],[-93.3103,44.93363],[-93.31034,44.93382],[-93.31038,44.9339],[-93.31043,44.93399],[-93.31047,44.93402],[-93.31054,44.93404],[-93.3106,44.93404],[-93.31074,44.93404],[-93.31083,44.93403],[-93.31089,44.93403],[-93.31115,44.93402],[-93.31141,44.93404],[-93.31168,44.93407],[-93.31201,44.93414],[-93.31233,44.93424],[-93.31264,44.93436],[-93.31269,44.93438],[-93.31277,44.93441],[-93.31293,44.9345],[-93.313,44.93456],[-93.31321,44.93472],[-93.31343,44.93485],[-93.31367,44.93498],[-93.31389,44.93506],[-93.31409,44.93512],[-93.31412,44.93512],[-93.31435,44.93516],[-93.31466,44.9352],[-93.31496,44.93521],[-93.31528,44.93521],[-93.31646,44.93508],[-93.31683,44.93505],[-93.31719,44.93503],[-93.31756,44.93504],[-93.31763,44.93504],[-93.31878,44.93503],[-93.3188,44.93502],[-93.31916,44.93502],[-93.31952,44.93504],[-93.31972,44.93508],[-93.31991,44.93515],[-93.32008,44.93523],[-93.32023,44.93534],[-93.32034,44.93547],[-93.32043,44.93561],[-93.32047,44.93576],[-93.32049,44.93591],[-93.32048,44.93623],[-93.32044,44.93654],[-93.32037,44.93685],[-93.32024,44.93716],[-93.32009,44.93745],[-93.31991,44.93774],[-93.32135,44.93775],[-93.32161,44.93775],[-93.32262,44.93776],[-93.32263,44.93595]]]},"properties":{"id":"crime-bg-270531091003","layer":"crime_block_group","name":"Block group 3, tract 109100","county":"Hennepin","state":"MN","countyFips":"27053","attributes":{"geoid":"270531091003","tract":"109100","blockGroup":"3","statYear":2025,"firstYear":2018,"lastYear":2025,"total2018":15,"total2019":10,"total2020":13,"total2021":12,"total2022":23,"total2023":35,"total2024":18,"total2025":22,"reportedTotal":22,"reportedTotalBand":"0–24","suppressed":false},"confidence":"confirmed","sourceDate":"2025"}},{"type":"Feature","geometry":{"type":"Polygon","coordinates":[[[-93.31887,44.92511],[-93.3189,44.92334],[-93.31763,44.92333],[-93.31637,44.92333],[-93.31509,44.92332],[-93.31509,44.92339],[-93.31507,44.92346],[-93.31467,44.92337],[-93.31428,44.92329],[-93.31382,44.92324],[-93.31358,44.92322],[-93.31345,44.92321],[-93.31309,44.9232],[-93.31271,44.92321],[-93.31244,44.92319],[-93.31216,44.92315],[-93.3119,44.9231],[-93.31165,44.92302],[-93.31205,44.92253],[-93.31217,44.92237],[-93.31205,44.92248],[-93.31191,44.92258],[-93.31174,44.92265],[-93.31156,44.92276],[-93.3114,44.92289],[-93.31135,44.92295],[-93.31127,44.92304],[-93.31117,44.9232],[-93.31107,44.92343],[-93.311,44.92359],[-93.31097,44.92376],[-93.31083,44.9244],[-93.3112,44.92438],[-93.31139,44.92462],[-93.31141,44.92464],[-93.31221,44.92492],[-93.31228,44.92494],[-93.31234,44.92496],[-93.31245,44.92504],[-93.31252,44.92513],[-93.31256,44.92524],[-93.31256,44.92534],[-93.31252,44.92545],[-93.31245,44.92554],[-93.31224,44.9258],[-93.31205,44.92606],[-93.31187,44.92632],[-93.31172,44.92659],[-93.31161,44.92686],[-93.31151,44.92712],[-93.31143,44.92738],[-93.31141,44.92751],[-93.313,44.92764],[-93.31302,44.92765],[-93.3131,44.92738],[-93.31321,44.92712],[-93.31332,44.92687],[-93.31339,44.92687],[-93.31464,44.92688],[-93.31605,44.92688],[-93.31746,44.92688],[-93.31885,44.92689],[-93.31884,44.92687],[-93.31887,44.92511]]]},"properties":{"id":"crime-bg-270531091004","layer":"crime_block_group","name":"Block group 4, tract 109100","county":"Hennepin","state":"MN","countyFips":"27053","attributes":{"geoid":"270531091004","tract":"109100","blockGroup":"4","statYear":2025,"firstYear":2018,"lastYear":2025,"total2018":40,"total2019":40,"total2020":36,"total2021":28,"total2022":27,"total2023":34,"total2024":28,"total2025":27,"reportedTotal":27,"reportedTotalBand":"25–44","suppressed":false},"confidence":"confirmed","sourceDate":"2025"}},{"type":"Feature","geometry":{"type":"Polygon","coordinates":[[[-93.31883,44.92868],[-93.31885,44.92689],[-93.31746,44.92688],[-93.31605,44.92688],[-93.31464,44.92688],[-93.31339,44.92687],[-93.31332,44.92687],[-93.31321,44.92712],[-93.3131,44.92738],[-93.31302,44.92765],[-93.31297,44.92788],[-93.31296,44.92812],[-93.31297,44.92836],[-93.31302,44.9286],[-93.31303,44.92868],[-93.3131,44.92897],[-93.31316,44.92921],[-93.31319,44.92945],[-93.31319,44.92972],[-93.31316,44.92998],[-93.31308,44.93023],[-93.31298,44.93047],[-93.31296,44.93048],[-93.31295,44.93229],[-93.31412,44.93229],[-93.31529,44.93229],[-93.31647,44.9323],[-93.31765,44.9323],[-93.31882,44.9323],[-93.31883,44.93051],[-93.31882,44.93049],[-93.31883,44.92868]]]},"properties":{"id":"crime-bg-270531091005","layer":"crime_block_group","name":"Block group 5, tract 109100","county":"Hennepin","state":"MN","countyFips":"27053","attributes":{"geoid":"270531091005","tract":"109100","blockGroup":"5","statYear":2025,"firstYear":2018,"lastYear":2025,"total2018":5,"total2019":10,"total2020":18,"total2021":8,"total2022":15,"total2023":21,"total2024":11,"total2025":11,"reportedTotal":11,"reportedTotalBand":"0–24","suppressed":false},"confidence":"confirmed","sourceDate":"2025"}},{"type":"Feature","geometry":{"type":"Polygon","coordinates":[[[-93.29836,44.94133],[-93.29838,44.93951],[-93.2971,44.93951],[-93.29583,44.93952],[-93.29455,44.93952],[-93.29328,44.93952],[-93.29202,44.93952],[-93.29074,44.93952],[-93.28947,44.93952],[-93.28819,44.93952],[-93.28817,44.94133],[-93.28823,44.94133],[-93.28945,44.94133],[-93.29073,44.94133],[-93.292,44.94133],[-93.29326,44.94133],[-93.29453,44.94133],[-93.29581,44.94133],[-93.29709,44.94133],[-93.29836,44.94133]]]},"properties":{"id":"crime-bg-270531092001","layer":"crime_block_group","name":"Block group 1, tract 109200","county":"Hennepin","state":"MN","countyFips":"27053","attributes":{"geoid":"270531092001","tract":"109200","blockGroup":"1","statYear":2025,"firstYear":2018,"lastYear":2025,"total2018":53,"total2019":63,"total2020":79,"total2021":86,"total2022":58,"total2023":74,"total2024":84,"total2025":55,"reportedTotal":55,"reportedTotalBand":"45–74","suppressed":false},"confidence":"confirmed","sourceDate":"2025"}},{"type":"Feature","geometry":{"type":"Polygon","coordinates":[[[-93.29332,44.93589],[-93.29335,44.93408],[-93.29329,44.93408],[-93.29208,44.93408],[-93.29079,44.93408],[-93.28956,44.93407],[-93.28951,44.93408],[-93.28945,44.93407],[-93.28824,44.93407],[-93.28822,44.9359],[-93.28821,44.93772],[-93.28827,44.93771],[-93.28949,44.93771],[-93.29076,44.93771],[-93.29204,44.93771],[-93.2933,44.93771],[-93.29329,44.93769],[-93.2933,44.9359],[-93.29332,44.93589]]]},"properties":{"id":"crime-bg-270531092002","layer":"crime_block_group","name":"Block group 2, tract 109200","county":"Hennepin","state":"MN","countyFips":"27053","attributes":{"geoid":"270531092002","tract":"109200","blockGroup":"2","statYear":2025,"firstYear":2018,"lastYear":2025,"total2018":45,"total2019":42,"total2020":51,"total2021":50,"total2022":67,"total2023":91,"total2024":78,"total2025":55,"reportedTotal":55,"reportedTotalBand":"45–74","suppressed":false},"confidence":"confirmed","sourceDate":"2025"}},{"type":"Feature","geometry":{"type":"Polygon","coordinates":[[[-93.29838,44.93951],[-93.29839,44.93771],[-93.29712,44.93771],[-93.29584,44.93771],[-93.29456,44.93771],[-93.2933,44.93771],[-93.29204,44.93771],[-93.29076,44.93771],[-93.28949,44.93771],[-93.28827,44.93771],[-93.28821,44.93772],[-93.28819,44.93952],[-93.28947,44.93952],[-93.29074,44.93952],[-93.29202,44.93952],[-93.29328,44.93952],[-93.29455,44.93952],[-93.29583,44.93952],[-93.2971,44.93951],[-93.29838,44.93951]]]},"properties":{"id":"crime-bg-270531092003","layer":"crime_block_group","name":"Block group 3, tract 109200","county":"Hennepin","state":"MN","countyFips":"27053","attributes":{"geoid":"270531092003","tract":"109200","blockGroup":"3","statYear":2025,"firstYear":2018,"lastYear":2025,"total2018":14,"total2019":21,"total2020":42,"total2021":17,"total2022":46,"total2023":46,"total2024":58,"total2025":31,"reportedTotal":31,"reportedTotalBand":"25–44","suppressed":false},"confidence":"confirmed","sourceDate":"2025"}},{"type":"Feature","geometry":{"type":"Polygon","coordinates":[[[-93.27975,44.93773],[-93.27975,44.9359],[-93.27975,44.93411],[-93.27798,44.93411],[-93.27795,44.9341],[-93.27791,44.9341],[-93.27662,44.93411],[-93.27531,44.93412],[-93.27483,44.93412],[-93.27455,44.93412],[-93.27454,44.93425],[-93.27453,44.93442],[-93.27455,44.93593],[-93.27455,44.93712],[-93.27453,44.93774],[-93.27486,44.93774],[-93.27533,44.93774],[-93.27663,44.93774],[-93.27793,44.93773],[-93.27969,44.93773],[-93.27975,44.93773]]]},"properties":{"id":"crime-bg-270531093001","layer":"crime_block_group","name":"Block group 1, tract 109300","county":"Hennepin","state":"MN","countyFips":"27053","attributes":{"geoid":"270531093001","tract":"109300","blockGroup":"1","statYear":2025,"firstYear":2018,"lastYear":2025,"total2018":29,"total2019":44,"total2020":45,"total2021":50,"total2022":49,"total2023":75,"total2024":73,"total2025":46,"reportedTotal":46,"reportedTotalBand":"45–74","suppressed":false},"confidence":"confirmed","sourceDate":"2025"}},{"type":"Feature","geometry":{"type":"Polygon","coordinates":[[[-93.28822,44.9359],[-93.28824,44.93407],[-93.28821,44.93408],[-93.28694,44.93409],[-93.28564,44.93409],[-93.28436,44.9341],[-93.28307,44.9341],[-93.2814,44.9341],[-93.27975,44.93411],[-93.27975,44.9359],[-93.27975,44.93773],[-93.27982,44.93773],[-93.2814,44.93773],[-93.28306,44.93772],[-93.28433,44.93772],[-93.28561,44.93772],[-93.28691,44.93772],[-93.28821,44.93772],[-93.28822,44.9359]]]},"properties":{"id":"crime-bg-270531093002","layer":"crime_block_group","name":"Block group 2, tract 109300","county":"Hennepin","state":"MN","countyFips":"27053","attributes":{"geoid":"270531093002","tract":"109300","blockGroup":"2","statYear":2025,"firstYear":2018,"lastYear":2025,"total2018":35,"total2019":18,"total2020":27,"total2021":34,"total2022":43,"total2023":58,"total2024":57,"total2025":38,"reportedTotal":38,"reportedTotalBand":"25–44","suppressed":false},"confidence":"confirmed","sourceDate":"2025"}},{"type":"Feature","geometry":{"type":"Polygon","coordinates":[[[-93.28819,44.93952],[-93.28821,44.93772],[-93.28691,44.93772],[-93.28561,44.93772],[-93.28433,44.93772],[-93.28306,44.93772],[-93.2814,44.93773],[-93.28141,44.93774],[-93.2814,44.93953],[-93.2814,44.94132],[-93.28139,44.94134],[-93.28306,44.94133],[-93.28433,44.94134],[-93.2856,44.94134],[-93.28689,44.94134],[-93.28811,44.94133],[-93.28817,44.94133],[-93.28819,44.93952]]]},"properties":{"id":"crime-bg-270531093003","layer":"crime_block_group","name":"Block group 3, tract 109300","county":"Hennepin","state":"MN","countyFips":"27053","attributes":{"geoid":"270531093003","tract":"109300","blockGroup":"3","statYear":2025,"firstYear":2018,"lastYear":2025,"total2018":27,"total2019":44,"total2020":43,"total2021":47,"total2022":48,"total2023":68,"total2024":64,"total2025":40,"reportedTotal":40,"reportedTotalBand":"25–44","suppressed":false},"confidence":"confirmed","sourceDate":"2025"}},{"type":"Feature","geometry":{"type":"Polygon","coordinates":[[[-93.2814,44.93953],[-93.28141,44.93774],[-93.2814,44.93773],[-93.27982,44.93773],[-93.27975,44.93773],[-93.27969,44.93773],[-93.27793,44.93773],[-93.27663,44.93774],[-93.27533,44.93774],[-93.27486,44.93774],[-93.27453,44.93774],[-93.27454,44.9382],[-93.27455,44.93922],[-93.27456,44.93954],[-93.27456,44.9399],[-93.27459,44.94136],[-93.27486,44.94136],[-93.27522,44.94136],[-93.27534,44.94135],[-93.27663,44.94135],[-93.27792,44.94134],[-93.27798,44.94134],[-93.27972,44.94134],[-93.28139,44.94134],[-93.2814,44.94132],[-93.2814,44.93953]]]},"properties":{"id":"crime-bg-270531093004","layer":"crime_block_group","name":"Block group 4, tract 109300","county":"Hennepin","state":"MN","countyFips":"27053","attributes":{"geoid":"270531093004","tract":"109300","blockGroup":"4","statYear":2025,"firstYear":2018,"lastYear":2025,"total2018":56,"total2019":73,"total2020":79,"total2021":68,"total2022":105,"total2023":107,"total2024":149,"total2025":76,"reportedTotal":76,"reportedTotalBand":"75–114","suppressed":false},"confidence":"confirmed","sourceDate":"2025"}},{"type":"Feature","geometry":{"type":"Polygon","coordinates":[[[-93.27459,44.94136],[-93.27456,44.9399],[-93.27456,44.93954],[-93.27455,44.93922],[-93.27454,44.9382],[-93.27453,44.93774],[-93.27409,44.93774],[-93.274,44.93774],[-93.27275,44.93775],[-93.27146,44.93776],[-93.27017,44.93776],[-93.26889,44.93777],[-93.26825,44.93777],[-93.26791,44.93777],[-93.26759,44.93778],[-93.26762,44.93957],[-93.26765,44.94138],[-93.26825,44.94138],[-93.26894,44.94138],[-93.2702,44.94137],[-93.27149,44.94137],[-93.27277,44.94136],[-93.27405,44.94136],[-93.27422,44.94136],[-93.27434,44.94136],[-93.27459,44.94136]]]},"properties":{"id":"crime-bg-270531094001","layer":"crime_block_group","name":"Block group 1, tract 109400","county":"Hennepin","state":"MN","countyFips":"27053","attributes":{"geoid":"270531094001","tract":"109400","blockGroup":"1","statYear":2025,"firstYear":2018,"lastYear":2025,"total2018":37,"total2019":49,"total2020":56,"total2021":75,"total2022":85,"total2023":78,"total2024":80,"total2025":59,"reportedTotal":59,"reportedTotalBand":"45–74","suppressed":false},"confidence":"confirmed","sourceDate":"2025"}},{"type":"Feature","geometry":{"type":"Polygon","coordinates":[[[-93.27455,44.93712],[-93.27455,44.93593],[-93.27453,44.93442],[-93.27454,44.93425],[-93.27455,44.93412],[-93.27407,44.93413],[-93.27402,44.93413],[-93.27396,44.93413],[-93.27276,44.93414],[-93.27272,44.93414],[-93.27142,44.93414],[-93.27013,44.93415],[-93.26884,44.93415],[-93.2682,44.93415],[-93.26798,44.93415],[-93.26756,44.93415],[-93.26754,44.93416],[-93.26757,44.93595],[-93.26759,44.93778],[-93.26791,44.93777],[-93.26825,44.93777],[-93.26889,44.93777],[-93.27017,44.93776],[-93.27146,44.93776],[-93.27275,44.93775],[-93.274,44.93774],[-93.27409,44.93774],[-93.27453,44.93774],[-93.27455,44.93712]]]},"properties":{"id":"crime-bg-270531094002","layer":"crime_block_group","name":"Block group 2, tract 109400","county":"Hennepin","state":"MN","countyFips":"27053","attributes":{"geoid":"270531094002","tract":"109400","blockGroup":"2","statYear":2025,"firstYear":2018,"lastYear":2025,"total2018":21,"total2019":34,"total2020":39,"total2021":41,"total2022":40,"total2023":60,"total2024":66,"total2025":60,"reportedTotal":60,"reportedTotalBand":"45–74","suppressed":false},"confidence":"confirmed","sourceDate":"2025"}},{"type":"Feature","geometry":{"type":"Polygon","coordinates":[[[-93.24735,44.93773],[-93.24736,44.93772],[-93.24735,44.93593],[-93.24734,44.93413],[-93.24734,44.93412],[-93.24732,44.93412],[-93.24604,44.93412],[-93.2448,44.93412],[-93.24354,44.93412],[-93.24226,44.93412],[-93.24227,44.93413],[-93.24227,44.93593],[-93.24227,44.93684],[-93.24227,44.93772],[-93.24226,44.93773],[-93.24356,44.93773],[-93.24481,44.93773],[-93.24606,44.93773],[-93.24735,44.93773]]]},"properties":{"id":"crime-bg-270531097001","layer":"crime_block_group","name":"Block group 1, tract 109700","county":"Hennepin","state":"MN","countyFips":"27053","attributes":{"geoid":"270531097001","tract":"109700","blockGroup":"1","statYear":2025,"firstYear":2018,"lastYear":2025,"total2018":16,"total2019":26,"total2020":29,"total2021":21,"total2022":26,"total2023":24,"total2024":24,"total2025":37,"reportedTotal":37,"reportedTotalBand":"25–44","suppressed":false},"confidence":"confirmed","sourceDate":"2025"}},{"type":"Feature","geometry":{"type":"Polygon","coordinates":[[[-93.25494,44.93594],[-93.25493,44.93414],[-93.25365,44.93413],[-93.2524,44.93413],[-93.25113,44.93413],[-93.24987,44.93412],[-93.24861,44.93412],[-93.24734,44.93412],[-93.24734,44.93413],[-93.24735,44.93593],[-93.24736,44.93772],[-93.24735,44.93773],[-93.24738,44.93774],[-93.24863,44.93774],[-93.24989,44.93774],[-93.25114,44.93774],[-93.25118,44.93774],[-93.25233,44.93774],[-93.2524,44.93775],[-93.25246,44.93774],[-93.25369,44.93775],[-93.25369,44.93773],[-93.25367,44.93594],[-93.25494,44.93594]]]},"properties":{"id":"crime-bg-270531097002","layer":"crime_block_group","name":"Block group 2, tract 109700","county":"Hennepin","state":"MN","countyFips":"27053","attributes":{"geoid":"270531097002","tract":"109700","blockGroup":"2","statYear":2025,"firstYear":2018,"lastYear":2025,"total2018":27,"total2019":35,"total2020":51,"total2021":49,"total2022":54,"total2023":52,"total2024":48,"total2025":52,"reportedTotal":52,"reportedTotalBand":"45–74","suppressed":false},"confidence":"confirmed","sourceDate":"2025"}},{"type":"Feature","geometry":{"type":"Polygon","coordinates":[[[-93.25497,44.93955],[-93.25494,44.93777],[-93.25495,44.93775],[-93.25494,44.93594],[-93.25367,44.93594],[-93.25369,44.93773],[-93.25369,44.93775],[-93.25246,44.93774],[-93.2524,44.93775],[-93.25233,44.93774],[-93.25118,44.93774],[-93.25114,44.93774],[-93.24989,44.93774],[-93.24863,44.93774],[-93.24738,44.93774],[-93.24735,44.93773],[-93.24736,44.93955],[-93.24865,44.93955],[-93.2499,44.93955],[-93.25118,44.93955],[-93.25243,44.93955],[-93.25371,44.93955],[-93.25497,44.93955]]]},"properties":{"id":"crime-bg-270531097003","layer":"crime_block_group","name":"Block group 3, tract 109700","county":"Hennepin","state":"MN","countyFips":"27053","attributes":{"geoid":"270531097003","tract":"109700","blockGroup":"3","statYear":2025,"firstYear":2018,"lastYear":2025,"total2018":35,"total2019":36,"total2020":60,"total2021":45,"total2022":63,"total2023":65,"total2024":56,"total2025":52,"reportedTotal":52,"reportedTotalBand":"45–74","suppressed":false},"confidence":"confirmed","sourceDate":"2025"}},{"type":"Feature","geometry":{"type":"Polygon","coordinates":[[[-93.32396,44.92693],[-93.32397,44.92691],[-93.32269,44.92691],[-93.32141,44.9269],[-93.32012,44.92689],[-93.31887,44.92688],[-93.31885,44.92689],[-93.31883,44.92868],[-93.31882,44.93049],[-93.31883,44.93051],[-93.31882,44.9323],[-93.3188,44.93412],[-93.32008,44.93413],[-93.32136,44.93414],[-93.32263,44.93415],[-93.32327,44.93409],[-93.32391,44.93404],[-93.32392,44.93234],[-93.32394,44.93052],[-93.32395,44.92872],[-93.32396,44.92693]]]},"properties":{"id":"crime-bg-270531098001","layer":"crime_block_group","name":"Block group 1, tract 109800","county":"Hennepin","state":"MN","countyFips":"27053","attributes":{"geoid":"270531098001","tract":"109800","blockGroup":"1","statYear":2025,"firstYear":2018,"lastYear":2025,"total2018":5,"total2019":null,"total2020":8,"total2021":11,"total2022":8,"total2023":18,"total2024":17,"total2025":9,"reportedTotal":9,"reportedTotalBand":"0–24","suppressed":false},"confidence":"confirmed","sourceDate":"2025"}},{"type":"Feature","geometry":{"type":"Polygon","coordinates":[[[-93.32907,44.92875],[-93.32909,44.92694],[-93.32906,44.92695],[-93.32845,44.92694],[-93.32781,44.92694],[-93.32778,44.92694],[-93.32651,44.92693],[-93.32524,44.92692],[-93.32397,44.92691],[-93.32396,44.92693],[-93.32395,44.92872],[-93.32394,44.93052],[-93.32392,44.93234],[-93.32391,44.93404],[-93.32518,44.93404],[-93.32646,44.93405],[-93.32774,44.93406],[-93.32883,44.93406],[-93.32902,44.93406],[-93.32904,44.93236],[-93.32906,44.93059],[-93.32906,44.93056],[-93.32907,44.92903],[-93.32907,44.92875]]]},"properties":{"id":"crime-bg-270531098002","layer":"crime_block_group","name":"Block group 2, tract 109800","county":"Hennepin","state":"MN","countyFips":"27053","attributes":{"geoid":"270531098002","tract":"109800","blockGroup":"2","statYear":2025,"firstYear":2018,"lastYear":2025,"total2018":9,"total2019":11,"total2020":15,"total2021":13,"total2022":20,"total2023":16,"total2024":15,"total2025":12,"reportedTotal":12,"reportedTotalBand":"0–24","suppressed":false},"confidence":"confirmed","sourceDate":"2025"}},{"type":"Feature","geometry":{"type":"Polygon","coordinates":[[[-93.3291,44.92338],[-93.3291,44.92263],[-93.32796,44.92269],[-93.32655,44.92276],[-93.3255,44.92295],[-93.32529,44.92299],[-93.324,44.92322],[-93.324,44.92333],[-93.32393,44.92333],[-93.32272,44.92333],[-93.32144,44.92333],[-93.32017,44.92333],[-93.3189,44.92334],[-93.31887,44.92511],[-93.31884,44.92687],[-93.31885,44.92689],[-93.31887,44.92688],[-93.32012,44.92689],[-93.32141,44.9269],[-93.32269,44.92691],[-93.32397,44.92691],[-93.32524,44.92692],[-93.32651,44.92693],[-93.32778,44.92694],[-93.32781,44.92694],[-93.32845,44.92694],[-93.32906,44.92695],[-93.32909,44.92694],[-93.32909,44.9251],[-93.32909,44.92508],[-93.32909,44.92495],[-93.3291,44.92367],[-93.3291,44.92338]]]},"properties":{"id":"crime-bg-270531098003","layer":"crime_block_group","name":"Block group 3, tract 109800","county":"Hennepin","state":"MN","countyFips":"27053","attributes":{"geoid":"270531098003","tract":"109800","blockGroup":"3","statYear":2025,"firstYear":2018,"lastYear":2025,"total2018":10,"total2019":9,"total2020":14,"total2021":11,"total2022":20,"total2023":17,"total2024":21,"total2025":13,"reportedTotal":13,"reportedTotalBand":"0–24","suppressed":false},"confidence":"confirmed","sourceDate":"2025"}},{"type":"Feature","geometry":{"type":"Polygon","coordinates":[[[-93.3291,44.92085],[-93.32911,44.91972],[-93.32909,44.91792],[-93.32903,44.91792],[-93.32781,44.91792],[-93.32654,44.91792],[-93.32555,44.91792],[-93.32548,44.91792],[-93.32542,44.91792],[-93.32397,44.91792],[-93.32269,44.91791],[-93.32271,44.91972],[-93.32399,44.91972],[-93.324,44.91974],[-93.324,44.92153],[-93.324,44.92322],[-93.32529,44.92299],[-93.3255,44.92295],[-93.32655,44.92276],[-93.32796,44.92269],[-93.3291,44.92263],[-93.3291,44.92254],[-93.3291,44.92199],[-93.3291,44.92194],[-93.3291,44.92153],[-93.3291,44.92085]]]},"properties":{"id":"crime-bg-270531098004","layer":"crime_block_group","name":"Block group 4, tract 109800","county":"Hennepin","state":"MN","countyFips":"27053","attributes":{"geoid":"270531098004","tract":"109800","blockGroup":"4","statYear":2025,"firstYear":2018,"lastYear":2025,"total2018":22,"total2019":17,"total2020":21,"total2021":13,"total2022":21,"total2023":22,"total2024":15,"total2025":15,"reportedTotal":15,"reportedTotalBand":"0–24","suppressed":false},"confidence":"confirmed","sourceDate":"2025"}},{"type":"Feature","geometry":{"type":"Polygon","coordinates":[[[-93.324,44.92153],[-93.324,44.91974],[-93.32399,44.91972],[-93.32271,44.91972],[-93.32269,44.91791],[-93.32143,44.91791],[-93.32015,44.9179],[-93.31887,44.9179],[-93.31888,44.91972],[-93.31889,44.91974],[-93.3189,44.92153],[-93.31891,44.92332],[-93.3189,44.92334],[-93.32017,44.92333],[-93.32144,44.92333],[-93.32272,44.92333],[-93.32393,44.92333],[-93.324,44.92333],[-93.324,44.92322],[-93.324,44.92153]]]},"properties":{"id":"crime-bg-270531098005","layer":"crime_block_group","name":"Block group 5, tract 109800","county":"Hennepin","state":"MN","countyFips":"27053","attributes":{"geoid":"270531098005","tract":"109800","blockGroup":"5","statYear":2025,"firstYear":2018,"lastYear":2025,"total2018":7,"total2019":8,"total2020":7,"total2021":10,"total2022":9,"total2023":12,"total2024":7,"total2025":8,"reportedTotal":8,"reportedTotalBand":"0–24","suppressed":false},"confidence":"confirmed","sourceDate":"2025"}},{"type":"Feature","geometry":{"type":"Polygon","coordinates":[[[-93.28565,44.93229],[-93.28567,44.93046],[-93.28439,44.93046],[-93.2831,44.93047],[-93.28182,44.93048],[-93.28144,44.93048],[-93.28051,44.93048],[-93.27978,44.93049],[-93.27921,44.93049],[-93.27885,44.93049],[-93.27794,44.9305],[-93.27792,44.9305],[-93.27663,44.9305],[-93.27534,44.93051],[-93.27533,44.93233],[-93.27533,44.9341],[-93.27531,44.93412],[-93.27662,44.93411],[-93.27791,44.9341],[-93.27795,44.9341],[-93.27798,44.93411],[-93.27975,44.93411],[-93.2814,44.9341],[-93.28307,44.9341],[-93.28436,44.9341],[-93.28564,44.93409],[-93.28564,44.93407],[-93.28565,44.93229]]]},"properties":{"id":"crime-bg-270531099001","layer":"crime_block_group","name":"Block group 1, tract 109900","county":"Hennepin","state":"MN","countyFips":"27053","attributes":{"geoid":"270531099001","tract":"109900","blockGroup":"1","statYear":2025,"firstYear":2018,"lastYear":2025,"total2018":41,"total2019":50,"total2020":59,"total2021":63,"total2022":44,"total2023":57,"total2024":63,"total2025":37,"reportedTotal":37,"reportedTotalBand":"25–44","suppressed":false},"confidence":"confirmed","sourceDate":"2025"}},{"type":"Feature","geometry":{"type":"Polygon","coordinates":[[[-93.2857,44.92684],[-93.28571,44.92682],[-93.2844,44.92683],[-93.2831,44.92684],[-93.28182,44.92685],[-93.28052,44.92686],[-93.27923,44.92687],[-93.27793,44.92688],[-93.27791,44.92687],[-93.27663,44.92688],[-93.27536,44.92689],[-93.27485,44.92689],[-93.27457,44.9269],[-93.27457,44.92737],[-93.27454,44.93052],[-93.27455,44.93399],[-93.27455,44.93412],[-93.27483,44.93412],[-93.27531,44.93412],[-93.27533,44.9341],[-93.27533,44.93233],[-93.27534,44.93051],[-93.27663,44.9305],[-93.27792,44.9305],[-93.27794,44.9305],[-93.27885,44.93049],[-93.27921,44.93049],[-93.27978,44.93049],[-93.28051,44.93048],[-93.28144,44.93048],[-93.28182,44.93048],[-93.2831,44.93047],[-93.28439,44.93046],[-93.28567,44.93046],[-93.28568,44.92864],[-93.2857,44.92684]]]},"properties":{"id":"crime-bg-270531099002","layer":"crime_block_group","name":"Block group 2, tract 109900","county":"Hennepin","state":"MN","countyFips":"27053","attributes":{"geoid":"270531099002","tract":"109900","blockGroup":"2","statYear":2025,"firstYear":2018,"lastYear":2025,"total2018":19,"total2019":18,"total2020":21,"total2021":25,"total2022":33,"total2023":47,"total2024":46,"total2025":31,"reportedTotal":31,"reportedTotalBand":"25–44","suppressed":false},"confidence":"confirmed","sourceDate":"2025"}},{"type":"Feature","geometry":{"type":"Polygon","coordinates":[[[-93.28827,44.92863],[-93.28828,44.92681],[-93.28699,44.92682],[-93.28571,44.92682],[-93.2857,44.92684],[-93.28568,44.92864],[-93.28567,44.93046],[-93.28565,44.93229],[-93.28564,44.93407],[-93.28564,44.93409],[-93.28694,44.93409],[-93.28821,44.93408],[-93.28824,44.93407],[-93.28823,44.93406],[-93.28825,44.93227],[-93.28827,44.93046],[-93.28826,44.93044],[-93.28826,44.92997],[-93.28827,44.92863]]]},"properties":{"id":"crime-bg-270531099003","layer":"crime_block_group","name":"Block group 3, tract 109900","county":"Hennepin","state":"MN","countyFips":"27053","attributes":{"geoid":"270531099003","tract":"109900","blockGroup":"3","statYear":2025,"firstYear":2018,"lastYear":2025,"total2018":null,"total2019":11,"total2020":13,"total2021":13,"total2022":44,"total2023":61,"total2024":56,"total2025":40,"reportedTotal":40,"reportedTotalBand":"25–44","suppressed":false},"confidence":"confirmed","sourceDate":"2025"}},{"type":"Feature","geometry":{"type":"Polygon","coordinates":[[[-93.31421,44.91879],[-93.31419,44.91868],[-93.3141,44.91844],[-93.31399,44.91821],[-93.31384,44.91799],[-93.31368,44.91779],[-93.3135,44.9176],[-93.31326,44.91739],[-93.31307,44.91725],[-93.31211,44.91664],[-93.31129,44.9162],[-93.3107,44.91587],[-93.31057,44.91581],[-93.31043,44.91578],[-93.31002,44.9157],[-93.30875,44.91544],[-93.3084,44.91541],[-93.30804,44.91539],[-93.30743,44.91533],[-93.30679,44.91529],[-93.30622,44.91526],[-93.30595,44.91524],[-93.30566,44.91523],[-93.30537,44.91525],[-93.3051,44.91528],[-93.30475,44.91535],[-93.30414,44.91548],[-93.30396,44.9155],[-93.30378,44.91552],[-93.30347,44.91555],[-93.30316,44.9156],[-93.30286,44.91567],[-93.30257,44.91576],[-93.30231,44.91586],[-93.30158,44.9162],[-93.30047,44.91675],[-93.3002,44.91691],[-93.30005,44.91701],[-93.29981,44.91718],[-93.29959,44.91738],[-93.2994,44.91758],[-93.29908,44.91799],[-93.2985,44.91874],[-93.29839,44.91888],[-93.29829,44.91902],[-93.29829,44.91904],[-93.29798,44.91957],[-93.29797,44.9196],[-93.2974,44.92068],[-93.29716,44.92112],[-93.29695,44.92158],[-93.29678,44.92204],[-93.29663,44.92252],[-93.29639,44.9232],[-93.29633,44.92343],[-93.29629,44.92366],[-93.29627,44.92389],[-93.29629,44.9241],[-93.29633,44.92431],[-93.2964,44.92451],[-93.29651,44.92471],[-93.29656,44.92481],[-93.29659,44.92492],[-93.29623,44.92631],[-93.29618,44.92642],[-93.2961,44.92652],[-93.296,44.92662],[-93.29588,44.92669],[-93.29573,44.92675],[-93.29558,44.92679],[-93.29487,44.92678],[-93.29337,44.92677],[-93.29336,44.92682],[-93.29208,44.92681],[-93.29082,44.9268],[-93.28955,44.9268],[-93.28831,44.9268],[-93.28828,44.92681],[-93.28827,44.92863],[-93.28826,44.92997],[-93.28826,44.93044],[-93.28827,44.93046],[-93.28825,44.93227],[-93.28823,44.93406],[-93.28824,44.93407],[-93.28945,44.93407],[-93.28951,44.93408],[-93.28956,44.93407],[-93.29079,44.93408],[-93.29208,44.93408],[-93.29329,44.93408],[-93.29335,44.93408],[-93.29332,44.93589],[-93.2933,44.9359],[-93.29329,44.93769],[-93.2933,44.93771],[-93.29456,44.93771],[-93.29584,44.93771],[-93.29712,44.93771],[-93.29839,44.93771],[-93.29964,44.93771],[-93.30093,44.93771],[-93.30221,44.93771],[-93.3029,44.93772],[-93.30401,44.93772],[-93.30409,44.93743],[-93.3042,44.93715],[-93.30434,44.93688],[-93.30451,44.93662],[-93.30472,44.93636],[-93.30495,44.93613],[-93.30521,44.9359],[-93.30549,44.93569],[-93.30718,44.93473],[-93.30752,44.9346],[-93.30771,44.93451],[-93.30778,44.93447],[-93.30806,44.93436],[-93.30835,44.93426],[-93.3087,44.93412],[-93.30906,44.93405],[-93.30908,44.93404],[-93.3103,44.93363],[-93.31031,44.93347],[-93.31032,44.93341],[-93.31033,44.93329],[-93.31035,44.93315],[-93.31036,44.93304],[-93.31034,44.93294],[-93.31031,44.93287],[-93.31023,44.93275],[-93.3101,44.93264],[-93.31001,44.93254],[-93.30989,44.93245],[-93.30981,44.93233],[-93.30967,44.93216],[-93.3095,44.93202],[-93.30942,44.93193],[-93.30938,44.93184],[-93.30937,44.93174],[-93.30937,44.93166],[-93.30933,44.9316],[-93.30927,44.93153],[-93.30919,44.93148],[-93.30909,44.93145],[-93.30877,44.93137],[-93.30851,44.93132],[-93.30834,44.93124],[-93.30818,44.93109],[-93.30809,44.93093],[-93.30806,44.93073],[-93.30797,44.93029],[-93.30816,44.93038],[-93.30831,44.93042],[-93.30846,44.9304],[-93.30862,44.93033],[-93.30875,44.93026],[-93.30883,44.93019],[-93.30887,44.93011],[-93.30915,44.92777],[-93.30917,44.92769],[-93.30928,44.92735],[-93.30936,44.92711],[-93.30946,44.92687],[-93.3096,44.92647],[-93.30972,44.9262],[-93.30986,44.92594],[-93.31004,44.9257],[-93.31025,44.92547],[-93.31031,44.9254],[-93.31049,44.9252],[-93.31062,44.92498],[-93.31073,44.92476],[-93.3108,44.92453],[-93.31083,44.9244],[-93.31097,44.92376],[-93.311,44.92359],[-93.31107,44.92343],[-93.31117,44.9232],[-93.31127,44.92304],[-93.31135,44.92295],[-93.3114,44.92289],[-93.31156,44.92276],[-93.31174,44.92265],[-93.31191,44.92258],[-93.31205,44.92248],[-93.31217,44.92237],[-93.31226,44.92224],[-93.31245,44.92188],[-93.31253,44.92175],[-93.31262,44.92164],[-93.31274,44.92153],[-93.31275,44.92152],[-93.31293,44.92135],[-93.31302,44.92124],[-93.31309,44.92115],[-93.31322,44.92094],[-93.31338,44.92056],[-93.31351,44.92019],[-93.31361,44.9198],[-93.31364,44.91972],[-93.31365,44.91969],[-93.31371,44.91958],[-93.31379,44.91948],[-93.31393,44.91933],[-93.31405,44.91917],[-93.31414,44.91901],[-93.31419,44.9189],[-93.31421,44.91879]]]},"properties":{"id":"crime-bg-270531099004","layer":"crime_block_group","name":"Block group 4, tract 109900","county":"Hennepin","state":"MN","countyFips":"27053","attributes":{"geoid":"270531099004","tract":"109900","blockGroup":"4","statYear":2025,"firstYear":2018,"lastYear":2025,"total2018":52,"total2019":47,"total2020":44,"total2021":71,"total2022":56,"total2023":72,"total2024":50,"total2025":39,"reportedTotal":39,"reportedTotalBand":"25–44","suppressed":false},"confidence":"confirmed","sourceDate":"2025"}},{"type":"Feature","geometry":{"type":"Polygon","coordinates":[[[-93.27402,44.93233],[-93.27403,44.93052],[-93.27401,44.93052],[-93.27273,44.93052],[-93.27144,44.93053],[-93.27014,44.93054],[-93.2689,44.93054],[-93.26885,44.93054],[-93.26879,44.93054],[-93.2681,44.93055],[-93.26754,44.93055],[-93.26755,44.93057],[-93.26754,44.93236],[-93.26754,44.93416],[-93.26756,44.93415],[-93.26798,44.93415],[-93.2682,44.93415],[-93.26884,44.93415],[-93.27013,44.93415],[-93.27142,44.93414],[-93.27272,44.93414],[-93.27276,44.93414],[-93.27396,44.93413],[-93.27402,44.93413],[-93.27402,44.93411],[-93.27402,44.93233]]]},"properties":{"id":"crime-bg-270531100001","layer":"crime_block_group","name":"Block group 1, tract 110000","county":"Hennepin","state":"MN","countyFips":"27053","attributes":{"geoid":"270531100001","tract":"110000","blockGroup":"1","statYear":2025,"firstYear":2018,"lastYear":2025,"total2018":23,"total2019":20,"total2020":36,"total2021":23,"total2022":37,"total2023":45,"total2024":33,"total2025":27,"reportedTotal":27,"reportedTotalBand":"25–44","suppressed":false},"confidence":"confirmed","sourceDate":"2025"}},{"type":"Feature","geometry":{"type":"Polygon","coordinates":[[[-93.27457,44.92737],[-93.27457,44.9269],[-93.27405,44.9269],[-93.27402,44.92689],[-93.27274,44.92691],[-93.27274,44.9268],[-93.27234,44.92676],[-93.27172,44.92674],[-93.27095,44.92676],[-93.27069,44.92676],[-93.27051,44.92676],[-93.27014,44.92682],[-93.27014,44.92692],[-93.26885,44.92693],[-93.26822,44.92693],[-93.26755,44.92694],[-93.26755,44.92875],[-93.26754,44.93055],[-93.2681,44.93055],[-93.26879,44.93054],[-93.26885,44.93054],[-93.2689,44.93054],[-93.27014,44.93054],[-93.27144,44.93053],[-93.27273,44.93052],[-93.27401,44.93052],[-93.27403,44.93052],[-93.27402,44.93233],[-93.27402,44.93411],[-93.27402,44.93413],[-93.27407,44.93413],[-93.27455,44.93412],[-93.27455,44.93399],[-93.27454,44.93052],[-93.27457,44.92737]]]},"properties":{"id":"crime-bg-270531100002","layer":"crime_block_group","name":"Block group 2, tract 110000","county":"Hennepin","state":"MN","countyFips":"27053","attributes":{"geoid":"270531100002","tract":"110000","blockGroup":"2","statYear":2025,"firstYear":2018,"lastYear":2025,"total2018":27,"total2019":28,"total2020":30,"total2021":29,"total2022":26,"total2023":37,"total2024":37,"total2025":32,"reportedTotal":32,"reportedTotalBand":"25–44","suppressed":false},"confidence":"confirmed","sourceDate":"2025"}},{"type":"Feature","geometry":{"type":"Polygon","coordinates":[[[-93.24734,44.93412],[-93.24734,44.93228],[-93.24734,44.93052],[-93.24734,44.93045],[-93.24734,44.92996],[-93.24733,44.92873],[-93.24733,44.92864],[-93.24733,44.92696],[-93.24732,44.92694],[-93.2473,44.92693],[-93.24606,44.92693],[-93.24606,44.92513],[-93.24479,44.92513],[-93.24352,44.92512],[-93.24225,44.92511],[-93.24225,44.92692],[-93.24226,44.92694],[-93.24226,44.92872],[-93.24226,44.93051],[-93.24226,44.9323],[-93.24226,44.93412],[-93.24354,44.93412],[-93.2448,44.93412],[-93.24604,44.93412],[-93.24732,44.93412],[-93.24734,44.93412]]]},"properties":{"id":"crime-bg-270531101001","layer":"crime_block_group","name":"Block group 1, tract 110100","county":"Hennepin","state":"MN","countyFips":"27053","attributes":{"geoid":"270531101001","tract":"110100","blockGroup":"1","statYear":2025,"firstYear":2018,"lastYear":2025,"total2018":34,"total2019":46,"total2020":52,"total2021":54,"total2022":46,"total2023":61,"total2024":51,"total2025":45,"reportedTotal":45,"reportedTotalBand":"45–74","suppressed":false},"confidence":"confirmed","sourceDate":"2025"}},{"type":"Feature","geometry":{"type":"Polygon","coordinates":[[[-93.25493,44.93233],[-93.25494,44.93053],[-93.25368,44.93053],[-93.2524,44.93052],[-93.2524,44.93047],[-93.25113,44.93047],[-93.24985,44.93046],[-93.24859,44.93046],[-93.24734,44.93045],[-93.24734,44.93052],[-93.24734,44.93228],[-93.24734,44.93412],[-93.24861,44.93412],[-93.24987,44.93412],[-93.25113,44.93413],[-93.2524,44.93413],[-93.25365,44.93413],[-93.25493,44.93414],[-93.25493,44.93233]]]},"properties":{"id":"crime-bg-270531101002","layer":"crime_block_group","name":"Block group 2, tract 110100","county":"Hennepin","state":"MN","countyFips":"27053","attributes":{"geoid":"270531101002","tract":"110100","blockGroup":"2","statYear":2025,"firstYear":2018,"lastYear":2025,"total2018":29,"total2019":40,"total2020":45,"total2021":34,"total2022":55,"total2023":29,"total2024":33,"total2025":29,"reportedTotal":29,"reportedTotalBand":"25–44","suppressed":false},"confidence":"confirmed","sourceDate":"2025"}},{"type":"Feature","geometry":{"type":"Polygon","coordinates":[[[-93.25494,44.93051],[-93.25494,44.92873],[-93.25493,44.92694],[-93.25365,44.92694],[-93.25238,44.92694],[-93.25111,44.92694],[-93.24985,44.92694],[-93.24857,44.92694],[-93.24732,44.92694],[-93.24733,44.92696],[-93.24733,44.92864],[-93.24733,44.92873],[-93.24734,44.92996],[-93.24734,44.93045],[-93.24859,44.93046],[-93.24985,44.93046],[-93.25113,44.93047],[-93.2524,44.93047],[-93.2524,44.93052],[-93.25368,44.93053],[-93.25494,44.93053],[-93.25494,44.93051]]]},"properties":{"id":"crime-bg-270531101003","layer":"crime_block_group","name":"Block group 3, tract 110100","county":"Hennepin","state":"MN","countyFips":"27053","attributes":{"geoid":"270531101003","tract":"110100","blockGroup":"3","statYear":2025,"firstYear":2018,"lastYear":2025,"total2018":29,"total2019":42,"total2020":47,"total2021":59,"total2022":61,"total2023":67,"total2024":37,"total2025":31,"reportedTotal":31,"reportedTotalBand":"25–44","suppressed":false},"confidence":"confirmed","sourceDate":"2025"}},{"type":"Feature","geometry":{"type":"Polygon","coordinates":[[[-93.24226,44.93412],[-93.24226,44.9323],[-93.24226,44.93051],[-93.241,44.93051],[-93.23972,44.93051],[-93.23846,44.93051],[-93.23784,44.93051],[-93.23726,44.93052],[-93.2372,44.93051],[-93.23593,44.93051],[-93.23467,44.93051],[-93.23339,44.93051],[-93.23212,44.9305],[-93.23212,44.9323],[-93.23211,44.93409],[-93.23338,44.9341],[-93.23467,44.9341],[-93.23592,44.93411],[-93.23716,44.93412],[-93.23719,44.93411],[-93.23781,44.93411],[-93.23846,44.93412],[-93.23887,44.93412],[-93.23971,44.93412],[-93.23976,44.93412],[-93.24103,44.93412],[-93.24226,44.93412]]]},"properties":{"id":"crime-bg-270531102001","layer":"crime_block_group","name":"Block group 1, tract 110200","county":"Hennepin","state":"MN","countyFips":"27053","attributes":{"geoid":"270531102001","tract":"110200","blockGroup":"1","statYear":2025,"firstYear":2018,"lastYear":2025,"total2018":36,"total2019":35,"total2020":38,"total2021":44,"total2022":44,"total2023":44,"total2024":48,"total2025":46,"reportedTotal":46,"reportedTotalBand":"45–74","suppressed":false},"confidence":"confirmed","sourceDate":"2025"}},{"type":"Feature","geometry":{"type":"Polygon","coordinates":[[[-93.24226,44.92872],[-93.24226,44.92694],[-93.24225,44.92692],[-93.24225,44.92511],[-93.24098,44.92511],[-93.23972,44.92511],[-93.23846,44.92511],[-93.2372,44.9251],[-93.23721,44.92689],[-93.23721,44.92691],[-93.23721,44.9287],[-93.2372,44.93051],[-93.23726,44.93052],[-93.23784,44.93051],[-93.23846,44.93051],[-93.23972,44.93051],[-93.241,44.93051],[-93.24226,44.93051],[-93.24226,44.92872]]]},"properties":{"id":"crime-bg-270531102002","layer":"crime_block_group","name":"Block group 2, tract 110200","county":"Hennepin","state":"MN","countyFips":"27053","attributes":{"geoid":"270531102002","tract":"110200","blockGroup":"2","statYear":2025,"firstYear":2018,"lastYear":2025,"total2018":5,"total2019":20,"total2020":20,"total2021":18,"total2022":15,"total2023":30,"total2024":16,"total2025":19,"reportedTotal":19,"reportedTotalBand":"0–24","suppressed":false},"confidence":"confirmed","sourceDate":"2025"}},{"type":"Feature","geometry":{"type":"Polygon","coordinates":[[[-93.23721,44.92691],[-93.23721,44.92689],[-93.2372,44.9251],[-93.23717,44.92509],[-93.23595,44.92509],[-93.23467,44.92509],[-93.23341,44.92508],[-93.23335,44.92508],[-93.23211,44.92508],[-93.23212,44.92688],[-93.23212,44.92689],[-93.23212,44.92869],[-93.23212,44.92987],[-93.23212,44.9305],[-93.23339,44.93051],[-93.23467,44.93051],[-93.23593,44.93051],[-93.2372,44.93051],[-93.23721,44.9287],[-93.23721,44.92691]]]},"properties":{"id":"crime-bg-270531102003","layer":"crime_block_group","name":"Block group 3, tract 110200","county":"Hennepin","state":"MN","countyFips":"27053","attributes":{"geoid":"270531102003","tract":"110200","blockGroup":"3","statYear":2025,"firstYear":2018,"lastYear":2025,"total2018":28,"total2019":24,"total2020":30,"total2021":24,"total2022":35,"total2023":43,"total2024":28,"total2025":36,"reportedTotal":36,"reportedTotalBand":"25–44","suppressed":false},"confidence":"confirmed","sourceDate":"2025"}},{"type":"Feature","geometry":{"type":"Polygon","coordinates":[[[-93.23212,44.92689],[-93.23212,44.92688],[-93.23084,44.92688],[-93.22957,44.92688],[-93.2283,44.92688],[-93.22704,44.92688],[-93.22697,44.92688],[-93.22567,44.9269],[-93.22466,44.9269],[-93.22429,44.92691],[-93.22422,44.92691],[-93.22384,44.92691],[-93.2236,44.92691],[-93.2236,44.92693],[-93.22427,44.9279],[-93.22482,44.92871],[-93.22605,44.93049],[-93.22605,44.93051],[-93.22695,44.93181],[-93.22709,44.932],[-93.22727,44.93228],[-93.2283,44.93378],[-93.22851,44.93408],[-93.22873,44.93408],[-93.22913,44.93408],[-93.22958,44.93408],[-93.23085,44.93409],[-93.23211,44.93409],[-93.23212,44.9323],[-93.23212,44.9305],[-93.23212,44.92987],[-93.23212,44.92869],[-93.23212,44.92689]]]},"properties":{"id":"crime-bg-270531102004","layer":"crime_block_group","name":"Block group 4, tract 110200","county":"Hennepin","state":"MN","countyFips":"27053","attributes":{"geoid":"270531102004","tract":"110200","blockGroup":"4","statYear":2025,"firstYear":2018,"lastYear":2025,"total2018":76,"total2019":59,"total2020":82,"total2021":78,"total2022":84,"total2023":85,"total2024":90,"total2025":65,"reportedTotal":65,"reportedTotalBand":"45–74","suppressed":false},"confidence":"confirmed","sourceDate":"2025"}},{"type":"Feature","geometry":{"type":"Polygon","coordinates":[[[-93.22851,44.93408],[-93.2283,44.93378],[-93.22727,44.93228],[-93.22709,44.932],[-93.22695,44.93181],[-93.22605,44.93051],[-93.22504,44.93052],[-93.22399,44.93053],[-93.22305,44.93054],[-93.22129,44.93056],[-93.2204,44.93057],[-93.21912,44.93058],[-93.2179,44.93059],[-93.21787,44.93059],[-93.21659,44.9306],[-93.21532,44.93061],[-93.21413,44.93062],[-93.21404,44.93063],[-93.21393,44.93063],[-93.21275,44.93064],[-93.21275,44.93065],[-93.21276,44.93245],[-93.21277,44.93426],[-93.21405,44.93425],[-93.21532,44.93425],[-93.21661,44.93423],[-93.21788,44.93422],[-93.21915,44.9342],[-93.22041,44.93418],[-93.22166,44.93416],[-93.22293,44.93415],[-93.22391,44.93413],[-93.22566,44.9341],[-93.22662,44.93409],[-93.22704,44.93408],[-93.22707,44.93408],[-93.22749,44.93408],[-93.22851,44.93408]]]},"properties":{"id":"crime-bg-270531104001","layer":"crime_block_group","name":"Block group 1, tract 110400","county":"Hennepin","state":"MN","countyFips":"27053","attributes":{"geoid":"270531104001","tract":"110400","blockGroup":"1","statYear":2025,"firstYear":2018,"lastYear":2025,"total2018":38,"total2019":49,"total2020":68,"total2021":56,"total2022":69,"total2023":36,"total2024":60,"total2025":57,"reportedTotal":57,"reportedTotalBand":"45–74","suppressed":false},"confidence":"confirmed","sourceDate":"2025"}},{"type":"Feature","geometry":{"type":"Polygon","coordinates":[[[-93.22605,44.93051],[-93.22605,44.93049],[-93.22482,44.92871],[-93.22427,44.9279],[-93.2236,44.92693],[-93.2236,44.92691],[-93.22291,44.9259],[-93.22237,44.92511],[-93.22136,44.92512],[-93.2204,44.92513],[-93.21945,44.92514],[-93.21774,44.92515],[-93.21661,44.92517],[-93.21532,44.92518],[-93.21404,44.92519],[-93.21276,44.9252],[-93.21277,44.92699],[-93.21276,44.92701],[-93.21276,44.92882],[-93.21275,44.93064],[-93.21393,44.93063],[-93.21404,44.93063],[-93.21413,44.93062],[-93.21532,44.93061],[-93.21659,44.9306],[-93.21787,44.93059],[-93.2179,44.93059],[-93.21912,44.93058],[-93.2204,44.93057],[-93.22129,44.93056],[-93.22305,44.93054],[-93.22399,44.93053],[-93.22504,44.93052],[-93.22605,44.93051]]]},"properties":{"id":"crime-bg-270531104002","layer":"crime_block_group","name":"Block group 2, tract 110400","county":"Hennepin","state":"MN","countyFips":"27053","attributes":{"geoid":"270531104002","tract":"110400","blockGroup":"2","statYear":2025,"firstYear":2018,"lastYear":2025,"total2018":44,"total2019":70,"total2020":67,"total2021":87,"total2022":95,"total2023":106,"total2024":81,"total2025":80,"reportedTotal":80,"reportedTotalBand":"75–114","suppressed":false},"confidence":"confirmed","sourceDate":"2025"}},{"type":"Feature","geometry":{"type":"Polygon","coordinates":[[[-93.21277,44.93426],[-93.21276,44.93245],[-93.21275,44.93065],[-93.21275,44.93064],[-93.21148,44.93065],[-93.2102,44.93066],[-93.20892,44.93067],[-93.20766,44.93068],[-93.20734,44.93068],[-93.2071,44.93068],[-93.20651,44.93085],[-93.20541,44.93086],[-93.20527,44.93085],[-93.20512,44.93083],[-93.20499,44.93078],[-93.20487,44.93072],[-93.20463,44.9305],[-93.20461,44.93048],[-93.20448,44.93055],[-93.20425,44.93064],[-93.204,44.93071],[-93.20374,44.93075],[-93.20348,44.93077],[-93.20317,44.93076],[-93.20273,44.93071],[-93.20201,44.93068],[-93.2003,44.93071],[-93.20077,44.93413],[-93.20079,44.9343],[-93.20232,44.93433],[-93.20303,44.93435],[-93.20345,44.93434],[-93.2035,44.93434],[-93.20362,44.93434],[-93.20516,44.93433],[-93.20641,44.93432],[-93.20766,44.93431],[-93.20893,44.9343],[-93.21014,44.93429],[-93.2102,44.93429],[-93.21027,44.93429],[-93.21149,44.93428],[-93.21277,44.93426]]]},"properties":{"id":"crime-bg-270531105001","layer":"crime_block_group","name":"Block group 1, tract 110500","county":"Hennepin","state":"MN","countyFips":"27053","attributes":{"geoid":"270531105001","tract":"110500","blockGroup":"1","statYear":2025,"firstYear":2018,"lastYear":2025,"total2018":7,"total2019":16,"total2020":16,"total2021":12,"total2022":23,"total2023":39,"total2024":31,"total2025":20,"reportedTotal":20,"reportedTotalBand":"0–24","suppressed":false},"confidence":"confirmed","sourceDate":"2025"}},{"type":"Feature","geometry":{"type":"Polygon","coordinates":[[[-93.21513,44.9165],[-93.21523,44.91647],[-93.21513,44.91639],[-93.21502,44.91631],[-93.21471,44.9161],[-93.21375,44.91557],[-93.21347,44.91539],[-93.21325,44.91527],[-93.21299,44.9151],[-93.21265,44.91484],[-93.21234,44.91463],[-93.21199,44.91434],[-93.21131,44.91379],[-93.21046,44.91311],[-93.21029,44.91296],[-93.20991,44.91264],[-93.20949,44.91227],[-93.20889,44.91173],[-93.20842,44.91132],[-93.2081,44.91103],[-93.20788,44.91083],[-93.20759,44.91059],[-93.2072,44.91026],[-93.20684,44.90999],[-93.20649,44.90975],[-93.20631,44.90963],[-93.20617,44.90954],[-93.20604,44.90945],[-93.20574,44.90927],[-93.20568,44.90924],[-93.20535,44.90904],[-93.20506,44.90888],[-93.20484,44.90877],[-93.20408,44.90841],[-93.20224,44.90772],[-93.20133,44.90738],[-93.20095,44.9072],[-93.20066,44.90705],[-93.20047,44.90693],[-93.2003,44.90681],[-93.20013,44.90668],[-93.19994,44.90652],[-93.19967,44.90624],[-93.19853,44.90565],[-93.19845,44.90541],[-93.19788,44.90541],[-93.1947,44.90541],[-93.19404,44.90541],[-93.19433,44.90556],[-93.19602,44.9064],[-93.19761,44.9072],[-93.19874,44.90776],[-93.19898,44.90804],[-93.20037,44.90963],[-93.20093,44.91487],[-93.20113,44.91679],[-93.20121,44.9178],[-93.20121,44.91788],[-93.20132,44.91924],[-93.20136,44.91976],[-93.20043,44.92408],[-93.20012,44.9255],[-93.19985,44.92675],[-93.19981,44.92693],[-93.20026,44.92696],[-93.20181,44.92705],[-93.20259,44.92707],[-93.20271,44.92682],[-93.20287,44.92658],[-93.20306,44.92629],[-93.20322,44.92598],[-93.20337,44.92567],[-93.20348,44.92536],[-93.20358,44.92512],[-93.20371,44.92488],[-93.20387,44.92466],[-93.20406,44.92444],[-93.20427,44.92424],[-93.20452,44.92405],[-93.2048,44.92388],[-93.20491,44.92381],[-93.205,44.92373],[-93.20506,44.92364],[-93.2051,44.92354],[-93.2051,44.92344],[-93.20539,44.92344],[-93.20636,44.92343],[-93.20765,44.92342],[-93.20891,44.92341],[-93.2102,44.9234],[-93.21147,44.92339],[-93.21275,44.92338],[-93.21276,44.92157],[-93.21277,44.9197],[-93.21275,44.91858],[-93.21274,44.91846],[-93.2127,44.91834],[-93.21264,44.91823],[-93.2123,44.91756],[-93.21352,44.91711],[-93.21428,44.91682],[-93.21513,44.9165]]]},"properties":{"id":"crime-bg-270531105002","layer":"crime_block_group","name":"Block group 2, tract 110500","county":"Hennepin","state":"MN","countyFips":"27053","attributes":{"geoid":"270531105002","tract":"110500","blockGroup":"2","statYear":2025,"firstYear":2018,"lastYear":2025,"total2018":80,"total2019":67,"total2020":103,"total2021":91,"total2022":149,"total2023":75,"total2024":71,"total2025":79,"reportedTotal":79,"reportedTotalBand":"75–114","suppressed":false},"confidence":"confirmed","sourceDate":"2025"}},{"type":"Feature","geometry":{"type":"Polygon","coordinates":[[[-93.22237,44.92511],[-93.22167,44.92408],[-93.22115,44.92331],[-93.22042,44.92224],[-93.21993,44.92151],[-93.21992,44.9215],[-93.21918,44.92049],[-93.21856,44.91971],[-93.21835,44.91943],[-93.21789,44.91894],[-93.21717,44.9182],[-93.21657,44.91764],[-93.21523,44.91647],[-93.21513,44.9165],[-93.21428,44.91682],[-93.21352,44.91711],[-93.2123,44.91756],[-93.21264,44.91823],[-93.2127,44.91834],[-93.21274,44.91846],[-93.21275,44.91858],[-93.21277,44.9197],[-93.21276,44.92157],[-93.21275,44.92338],[-93.21276,44.9252],[-93.21404,44.92519],[-93.21532,44.92518],[-93.21661,44.92517],[-93.21774,44.92515],[-93.21945,44.92514],[-93.2204,44.92513],[-93.22136,44.92512],[-93.22237,44.92511]]]},"properties":{"id":"crime-bg-270531105003","layer":"crime_block_group","name":"Block group 3, tract 110500","county":"Hennepin","state":"MN","countyFips":"27053","attributes":{"geoid":"270531105003","tract":"110500","blockGroup":"3","statYear":2025,"firstYear":2018,"lastYear":2025,"total2018":85,"total2019":116,"total2020":115,"total2021":99,"total2022":166,"total2023":154,"total2024":140,"total2025":135,"reportedTotal":135,"reportedTotalBand":"115+","suppressed":false},"confidence":"confirmed","sourceDate":"2025"}},{"type":"Feature","geometry":{"type":"Polygon","coordinates":[[[-93.21277,44.92699],[-93.21276,44.9252],[-93.21275,44.92338],[-93.21147,44.92339],[-93.2102,44.9234],[-93.20891,44.92341],[-93.20765,44.92342],[-93.20636,44.92343],[-93.20539,44.92344],[-93.2051,44.92344],[-93.2051,44.92354],[-93.20506,44.92364],[-93.205,44.92373],[-93.20491,44.92381],[-93.2048,44.92388],[-93.20452,44.92405],[-93.20427,44.92424],[-93.20406,44.92444],[-93.20387,44.92466],[-93.20371,44.92488],[-93.20358,44.92512],[-93.20348,44.92536],[-93.20337,44.92567],[-93.20322,44.92598],[-93.20306,44.92629],[-93.20287,44.92658],[-93.20271,44.92682],[-93.20259,44.92707],[-93.20262,44.92707],[-93.2032,44.92707],[-93.20325,44.92707],[-93.20446,44.92706],[-93.20548,44.92706],[-93.20765,44.92705],[-93.20892,44.92704],[-93.21021,44.92702],[-93.21149,44.92702],[-93.21276,44.92701],[-93.21277,44.92699]]]},"properties":{"id":"crime-bg-270531105004","layer":"crime_block_group","name":"Block group 4, tract 110500","county":"Hennepin","state":"MN","countyFips":"27053","attributes":{"geoid":"270531105004","tract":"110500","blockGroup":"4","statYear":2025,"firstYear":2018,"lastYear":2025,"total2018":15,"total2019":27,"total2020":44,"total2021":41,"total2022":48,"total2023":50,"total2024":57,"total2025":33,"reportedTotal":33,"reportedTotalBand":"25–44","suppressed":false},"confidence":"confirmed","sourceDate":"2025"}},{"type":"Feature","geometry":{"type":"Polygon","coordinates":[[[-93.21276,44.92882],[-93.21276,44.92701],[-93.21149,44.92702],[-93.21021,44.92702],[-93.20892,44.92704],[-93.20765,44.92705],[-93.20548,44.92706],[-93.20446,44.92706],[-93.20325,44.92707],[-93.2032,44.92707],[-93.20262,44.92707],[-93.20259,44.92707],[-93.20181,44.92705],[-93.20026,44.92696],[-93.19981,44.92693],[-93.19979,44.92703],[-93.20025,44.93039],[-93.20029,44.93065],[-93.2003,44.93071],[-93.20201,44.93068],[-93.20273,44.93071],[-93.20317,44.93076],[-93.20348,44.93077],[-93.20374,44.93075],[-93.204,44.93071],[-93.20425,44.93064],[-93.20448,44.93055],[-93.20461,44.93048],[-93.20463,44.9305],[-93.20487,44.93072],[-93.20499,44.93078],[-93.20512,44.93083],[-93.20527,44.93085],[-93.20541,44.93086],[-93.20651,44.93085],[-93.2071,44.93068],[-93.20734,44.93068],[-93.20766,44.93068],[-93.20892,44.93067],[-93.2102,44.93066],[-93.21148,44.93065],[-93.21275,44.93064],[-93.21276,44.92882]]]},"properties":{"id":"crime-bg-270531105005","layer":"crime_block_group","name":"Block group 5, tract 110500","county":"Hennepin","state":"MN","countyFips":"27053","attributes":{"geoid":"270531105005","tract":"110500","blockGroup":"5","statYear":2025,"firstYear":2018,"lastYear":2025,"total2018":13,"total2019":15,"total2020":18,"total2021":19,"total2022":17,"total2023":16,"total2024":20,"total2025":17,"reportedTotal":17,"reportedTotalBand":"0–24","suppressed":false},"confidence":"confirmed","sourceDate":"2025"}},{"type":"Feature","geometry":{"type":"Polygon","coordinates":[[[-93.27794,44.92145],[-93.27795,44.91964],[-93.27667,44.91965],[-93.27538,44.91966],[-93.27505,44.91966],[-93.27454,44.91966],[-93.27452,44.92328],[-93.27452,44.92383],[-93.27457,44.9269],[-93.27485,44.92689],[-93.27536,44.92689],[-93.27663,44.92688],[-93.27791,44.92687],[-93.27793,44.92688],[-93.27793,44.92507],[-93.27793,44.92326],[-93.27794,44.92145]]]},"properties":{"id":"crime-bg-270531108001","layer":"crime_block_group","name":"Block group 1, tract 110800","county":"Hennepin","state":"MN","countyFips":"27053","attributes":{"geoid":"270531108001","tract":"110800","blockGroup":"1","statYear":2025,"firstYear":2018,"lastYear":2025,"total2018":21,"total2019":16,"total2020":17,"total2021":14,"total2022":32,"total2023":49,"total2024":44,"total2025":32,"reportedTotal":32,"reportedTotalBand":"25–44","suppressed":false},"confidence":"confirmed","sourceDate":"2025"}},{"type":"Feature","geometry":{"type":"Polygon","coordinates":[[[-93.28832,44.91957],[-93.28831,44.91775],[-93.2883,44.91596],[-93.28829,44.91594],[-93.28699,44.91595],[-93.28569,44.91596],[-93.28442,44.91597],[-93.28321,44.91598],[-93.28314,44.91598],[-93.28308,44.91598],[-93.28186,44.91599],[-93.28181,44.91599],[-93.28057,44.916],[-93.27927,44.91602],[-93.27798,44.91602],[-93.27792,44.91602],[-93.27672,44.91603],[-93.27543,44.91604],[-93.27528,44.91604],[-93.27506,44.91604],[-93.27463,44.91605],[-93.27462,44.91634],[-93.27458,44.91843],[-93.27454,44.91966],[-93.27505,44.91966],[-93.27538,44.91966],[-93.27667,44.91965],[-93.27795,44.91964],[-93.27924,44.91963],[-93.28054,44.91962],[-93.28185,44.91961],[-93.28314,44.9196],[-93.28443,44.91959],[-93.28571,44.91958],[-93.28701,44.91958],[-93.28832,44.91957]]]},"properties":{"id":"crime-bg-270531108002","layer":"crime_block_group","name":"Block group 2, tract 110800","county":"Hennepin","state":"MN","countyFips":"27053","attributes":{"geoid":"270531108002","tract":"110800","blockGroup":"2","statYear":2025,"firstYear":2018,"lastYear":2025,"total2018":49,"total2019":56,"total2020":64,"total2021":54,"total2022":50,"total2023":53,"total2024":78,"total2025":53,"reportedTotal":53,"reportedTotalBand":"45–74","suppressed":false},"confidence":"confirmed","sourceDate":"2025"}},{"type":"Feature","geometry":{"type":"Polygon","coordinates":[[[-93.28832,44.92318],[-93.28832,44.92138],[-93.28832,44.91957],[-93.28701,44.91958],[-93.28571,44.91958],[-93.28443,44.91959],[-93.28314,44.9196],[-93.28313,44.92141],[-93.28313,44.92321],[-93.28312,44.92503],[-93.2831,44.92684],[-93.2844,44.92683],[-93.28571,44.92682],[-93.28699,44.92682],[-93.28828,44.92681],[-93.2883,44.925],[-93.28832,44.92318]]]},"properties":{"id":"crime-bg-270531108003","layer":"crime_block_group","name":"Block group 3, tract 110800","county":"Hennepin","state":"MN","countyFips":"27053","attributes":{"geoid":"270531108003","tract":"110800","blockGroup":"3","statYear":2025,"firstYear":2018,"lastYear":2025,"total2018":24,"total2019":34,"total2020":53,"total2021":35,"total2022":30,"total2023":42,"total2024":33,"total2025":23,"reportedTotal":23,"reportedTotalBand":"0–24","suppressed":false},"confidence":"confirmed","sourceDate":"2025"}},{"type":"Feature","geometry":{"type":"Polygon","coordinates":[[[-93.28313,44.92141],[-93.28314,44.9196],[-93.28185,44.91961],[-93.28054,44.91962],[-93.27924,44.91963],[-93.27795,44.91964],[-93.27794,44.92145],[-93.27793,44.92326],[-93.27793,44.92507],[-93.27793,44.92688],[-93.27923,44.92687],[-93.28052,44.92686],[-93.28182,44.92685],[-93.2831,44.92684],[-93.28312,44.92503],[-93.28313,44.92321],[-93.28313,44.92141]]]},"properties":{"id":"crime-bg-270531108004","layer":"crime_block_group","name":"Block group 4, tract 110800","county":"Hennepin","state":"MN","countyFips":"27053","attributes":{"geoid":"270531108004","tract":"110800","blockGroup":"4","statYear":2025,"firstYear":2018,"lastYear":2025,"total2018":35,"total2019":59,"total2020":76,"total2021":37,"total2022":49,"total2023":60,"total2024":58,"total2025":40,"reportedTotal":40,"reportedTotalBand":"25–44","suppressed":false},"confidence":"confirmed","sourceDate":"2025"}},{"type":"Feature","geometry":{"type":"Polygon","coordinates":[[[-93.27462,44.91634],[-93.27463,44.91605],[-93.27415,44.91605],[-93.27286,44.91606],[-93.27158,44.91608],[-93.2703,44.91609],[-93.26901,44.9161],[-93.2685,44.9161],[-93.26774,44.91611],[-93.26646,44.91611],[-93.2652,44.91611],[-93.26392,44.91611],[-93.26264,44.91611],[-93.26262,44.91791],[-93.2626,44.9197],[-93.26261,44.91972],[-93.26311,44.91972],[-93.26389,44.91972],[-93.26514,44.91972],[-93.26642,44.91973],[-93.26695,44.91973],[-93.26762,44.91973],[-93.26769,44.91972],[-93.26826,44.91972],[-93.26895,44.91972],[-93.27024,44.9197],[-93.27153,44.9197],[-93.27282,44.91968],[-93.2741,44.91967],[-93.27454,44.91966],[-93.27458,44.91843],[-93.27462,44.91634]]]},"properties":{"id":"crime-bg-270531109001","layer":"crime_block_group","name":"Block group 1, tract 110900","county":"Hennepin","state":"MN","countyFips":"27053","attributes":{"geoid":"270531109001","tract":"110900","blockGroup":"1","statYear":2025,"firstYear":2018,"lastYear":2025,"total2018":32,"total2019":35,"total2020":41,"total2021":56,"total2022":37,"total2023":42,"total2024":46,"total2025":37,"reportedTotal":37,"reportedTotalBand":"25–44","suppressed":false},"confidence":"confirmed","sourceDate":"2025"}},{"type":"Feature","geometry":{"type":"Polygon","coordinates":[[[-93.27457,44.9269],[-93.27452,44.92383],[-93.27452,44.92328],[-93.27435,44.92328],[-93.27407,44.92329],[-93.27277,44.92329],[-93.27146,44.92331],[-93.27018,44.92331],[-93.26891,44.92332],[-93.26827,44.92333],[-93.26794,44.92333],[-93.26762,44.92333],[-93.26755,44.92334],[-93.26636,44.92333],[-93.2651,44.92333],[-93.26383,44.92333],[-93.26256,44.92332],[-93.26254,44.92514],[-93.26251,44.92694],[-93.26376,44.92694],[-93.26501,44.92695],[-93.26504,44.92695],[-93.26628,44.92695],[-93.26631,44.92695],[-93.26753,44.92695],[-93.26755,44.92694],[-93.26822,44.92693],[-93.26885,44.92693],[-93.27014,44.92692],[-93.27014,44.92682],[-93.27051,44.92676],[-93.27069,44.92676],[-93.27095,44.92676],[-93.27172,44.92674],[-93.27234,44.92676],[-93.27274,44.9268],[-93.27274,44.92691],[-93.27402,44.92689],[-93.27405,44.9269],[-93.27457,44.9269]]]},"properties":{"id":"crime-bg-270531109002","layer":"crime_block_group","name":"Block group 2, tract 110900","county":"Hennepin","state":"MN","countyFips":"27053","attributes":{"geoid":"270531109002","tract":"110900","blockGroup":"2","statYear":2025,"firstYear":2018,"lastYear":2025,"total2018":15,"total2019":34,"total2020":23,"total2021":25,"total2022":44,"total2023":51,"total2024":47,"total2025":31,"reportedTotal":31,"reportedTotalBand":"25–44","suppressed":false},"confidence":"confirmed","sourceDate":"2025"}},{"type":"Feature","geometry":{"type":"Polygon","coordinates":[[[-93.27452,44.92328],[-93.27454,44.91966],[-93.2741,44.91967],[-93.27282,44.91968],[-93.27153,44.9197],[-93.27024,44.9197],[-93.26895,44.91972],[-93.26826,44.91972],[-93.26769,44.91972],[-93.26762,44.91973],[-93.26695,44.91973],[-93.26642,44.91973],[-93.26514,44.91972],[-93.26389,44.91972],[-93.26311,44.91972],[-93.26261,44.91972],[-93.26257,44.92153],[-93.26254,44.92332],[-93.26256,44.92332],[-93.26383,44.92333],[-93.2651,44.92333],[-93.26636,44.92333],[-93.26755,44.92334],[-93.26762,44.92333],[-93.26794,44.92333],[-93.26827,44.92333],[-93.26891,44.92332],[-93.27018,44.92331],[-93.27146,44.92331],[-93.27277,44.92329],[-93.27407,44.92329],[-93.27435,44.92328],[-93.27452,44.92328]]]},"properties":{"id":"crime-bg-270531109003","layer":"crime_block_group","name":"Block group 3, tract 110900","county":"Hennepin","state":"MN","countyFips":"27053","attributes":{"geoid":"270531109003","tract":"110900","blockGroup":"3","statYear":2025,"firstYear":2018,"lastYear":2025,"total2018":25,"total2019":30,"total2020":41,"total2021":36,"total2022":46,"total2023":56,"total2024":36,"total2025":40,"reportedTotal":40,"reportedTotalBand":"25–44","suppressed":false},"confidence":"confirmed","sourceDate":"2025"}},{"type":"Feature","geometry":{"type":"Polygon","coordinates":[[[-93.24732,44.92515],[-93.24732,44.92513],[-93.24731,44.92332],[-93.24729,44.92152],[-93.24727,44.91972],[-93.24727,44.91791],[-93.24727,44.91626],[-93.24727,44.91605],[-93.246,44.91605],[-93.24357,44.91604],[-93.24306,44.91604],[-93.24255,44.91606],[-93.24218,44.91609],[-93.2404,44.9163],[-93.24017,44.91628],[-93.23937,44.91639],[-93.23841,44.9164],[-93.23497,44.9164],[-93.23346,44.9164],[-93.23221,44.91642],[-93.23218,44.91803],[-93.23218,44.91827],[-93.23218,44.9197],[-93.2321,44.92148],[-93.2321,44.92329],[-93.23211,44.92508],[-93.23335,44.92508],[-93.23341,44.92508],[-93.23467,44.92509],[-93.23595,44.92509],[-93.23717,44.92509],[-93.2372,44.9251],[-93.23846,44.92511],[-93.23972,44.92511],[-93.24098,44.92511],[-93.24225,44.92511],[-93.24352,44.92512],[-93.24479,44.92513],[-93.24606,44.92513],[-93.24606,44.92693],[-93.2473,44.92693],[-93.24732,44.92694],[-93.24732,44.92515]]]},"properties":{"id":"crime-bg-270531111001","layer":"crime_block_group","name":"Block group 1, tract 111100","county":"Hennepin","state":"MN","countyFips":"27053","attributes":{"geoid":"270531111001","tract":"111100","blockGroup":"1","statYear":2025,"firstYear":2018,"lastYear":2025,"total2018":39,"total2019":43,"total2020":57,"total2021":62,"total2022":72,"total2023":64,"total2024":58,"total2025":43,"reportedTotal":43,"reportedTotalBand":"25–44","suppressed":false},"confidence":"confirmed","sourceDate":"2025"}},{"type":"Feature","geometry":{"type":"Polygon","coordinates":[[[-93.23218,44.91803],[-93.23221,44.91642],[-93.23094,44.91641],[-93.22966,44.91641],[-93.22835,44.91639],[-93.22706,44.9164],[-93.22706,44.91643],[-93.22566,44.91642],[-93.22421,44.91641],[-93.22285,44.9164],[-93.22151,44.91644],[-93.22027,44.91646],[-93.21898,44.91644],[-93.21774,44.91644],[-93.21738,44.91642],[-93.21717,44.91637],[-93.21695,44.91631],[-93.21684,44.91628],[-93.21679,44.91626],[-93.21643,44.9163],[-93.21639,44.9163],[-93.21572,44.9163],[-93.21557,44.9163],[-93.21524,44.91631],[-93.21502,44.91631],[-93.21513,44.91639],[-93.21523,44.91647],[-93.21657,44.91764],[-93.21717,44.9182],[-93.21789,44.91894],[-93.21835,44.91943],[-93.21856,44.91971],[-93.21883,44.91971],[-93.21912,44.9197],[-93.21918,44.91971],[-93.21921,44.9197],[-93.22039,44.9197],[-93.22045,44.9197],[-93.22166,44.91969],[-93.2217,44.91969],[-93.22294,44.91968],[-93.2243,44.91967],[-93.22508,44.91966],[-93.22569,44.91965],[-93.22707,44.91965],[-93.22833,44.91965],[-93.22959,44.91965],[-93.23086,44.91966],[-93.23218,44.9197],[-93.23218,44.91827],[-93.23218,44.91803]]]},"properties":{"id":"crime-bg-270531111002","layer":"crime_block_group","name":"Block group 2, tract 111100","county":"Hennepin","state":"MN","countyFips":"27053","attributes":{"geoid":"270531111002","tract":"111100","blockGroup":"2","statYear":2025,"firstYear":2018,"lastYear":2025,"total2018":32,"total2019":35,"total2020":35,"total2021":35,"total2022":46,"total2023":40,"total2024":28,"total2025":34,"reportedTotal":34,"reportedTotalBand":"25–44","suppressed":false},"confidence":"confirmed","sourceDate":"2025"}},{"type":"Feature","geometry":{"type":"Polygon","coordinates":[[[-93.22707,44.91966],[-93.22707,44.91965],[-93.22569,44.91965],[-93.22508,44.91966],[-93.2243,44.91967],[-93.22294,44.91968],[-93.2217,44.91969],[-93.22166,44.91969],[-93.22045,44.9197],[-93.22039,44.9197],[-93.21921,44.9197],[-93.21918,44.91971],[-93.21912,44.9197],[-93.21883,44.91971],[-93.21856,44.91971],[-93.21918,44.92049],[-93.21992,44.9215],[-93.21993,44.92151],[-93.22042,44.92224],[-93.22115,44.92331],[-93.22167,44.92408],[-93.22237,44.92511],[-93.22291,44.9259],[-93.2236,44.92691],[-93.22384,44.92691],[-93.22422,44.92691],[-93.22429,44.92691],[-93.22466,44.9269],[-93.22567,44.9269],[-93.22697,44.92688],[-93.22704,44.92688],[-93.22704,44.92507],[-93.22705,44.92326],[-93.22704,44.92324],[-93.22706,44.92146],[-93.22707,44.91966]]]},"properties":{"id":"crime-bg-270531111003","layer":"crime_block_group","name":"Block group 3, tract 111100","county":"Hennepin","state":"MN","countyFips":"27053","attributes":{"geoid":"270531111003","tract":"111100","blockGroup":"3","statYear":2025,"firstYear":2018,"lastYear":2025,"total2018":18,"total2019":38,"total2020":29,"total2021":34,"total2022":50,"total2023":54,"total2024":59,"total2025":57,"reportedTotal":57,"reportedTotalBand":"45–74","suppressed":false},"confidence":"confirmed","sourceDate":"2025"}},{"type":"Feature","geometry":{"type":"Polygon","coordinates":[[[-93.2321,44.92148],[-93.23218,44.9197],[-93.23086,44.91966],[-93.22959,44.91965],[-93.22833,44.91965],[-93.22707,44.91965],[-93.22707,44.91966],[-93.22706,44.92146],[-93.22704,44.92324],[-93.22705,44.92326],[-93.22704,44.92507],[-93.22704,44.92688],[-93.2283,44.92688],[-93.22957,44.92688],[-93.23084,44.92688],[-93.23212,44.92688],[-93.23211,44.92508],[-93.2321,44.92329],[-93.2321,44.92148]]]},"properties":{"id":"crime-bg-270531111004","layer":"crime_block_group","name":"Block group 4, tract 111100","county":"Hennepin","state":"MN","countyFips":"27053","attributes":{"geoid":"270531111004","tract":"111100","blockGroup":"4","statYear":2025,"firstYear":2018,"lastYear":2025,"total2018":18,"total2019":39,"total2020":25,"total2021":33,"total2022":24,"total2023":33,"total2024":34,"total2025":37,"reportedTotal":37,"reportedTotalBand":"25–44","suppressed":false},"confidence":"confirmed","sourceDate":"2025"}},{"type":"Feature","geometry":{"type":"Polygon","coordinates":[[[-93.32909,44.91792],[-93.32907,44.91613],[-93.32906,44.91433],[-93.32905,44.91345],[-93.32903,44.91253],[-93.32901,44.91253],[-93.32777,44.91252],[-93.3265,44.91251],[-93.32523,44.9125],[-93.32394,44.91249],[-93.32266,44.91248],[-93.32139,44.91247],[-93.32012,44.91246],[-93.31885,44.91245],[-93.31886,44.91427],[-93.31887,44.91608],[-93.31887,44.9179],[-93.32015,44.9179],[-93.32143,44.91791],[-93.32269,44.91791],[-93.32397,44.91792],[-93.32542,44.91792],[-93.32548,44.91792],[-93.32555,44.91792],[-93.32654,44.91792],[-93.32781,44.91792],[-93.32903,44.91792],[-93.32909,44.91792]]]},"properties":{"id":"crime-bg-270531112001","layer":"crime_block_group","name":"Block group 1, tract 111200","county":"Hennepin","state":"MN","countyFips":"27053","attributes":{"geoid":"270531112001","tract":"111200","blockGroup":"1","statYear":2025,"firstYear":2018,"lastYear":2025,"total2018":22,"total2019":27,"total2020":13,"total2021":19,"total2022":23,"total2023":21,"total2024":23,"total2025":8,"reportedTotal":8,"reportedTotalBand":"0–24","suppressed":false},"confidence":"confirmed","sourceDate":"2025"}},{"type":"Feature","geometry":{"type":"Polygon","coordinates":[[[-93.32903,44.91253],[-93.32902,44.91072],[-93.32902,44.9107],[-93.32902,44.90892],[-93.32774,44.90891],[-93.32647,44.9089],[-93.3252,44.90889],[-93.32392,44.90888],[-93.32265,44.90887],[-93.32136,44.90886],[-93.3201,44.90885],[-93.31884,44.90884],[-93.31885,44.91064],[-93.31885,44.91245],[-93.32012,44.91246],[-93.32139,44.91247],[-93.32266,44.91248],[-93.32394,44.91249],[-93.32523,44.9125],[-93.3265,44.91251],[-93.32777,44.91252],[-93.32901,44.91253],[-93.32903,44.91253]]]},"properties":{"id":"crime-bg-270531112002","layer":"crime_block_group","name":"Block group 2, tract 111200","county":"Hennepin","state":"MN","countyFips":"27053","attributes":{"geoid":"270531112002","tract":"111200","blockGroup":"2","statYear":2025,"firstYear":2018,"lastYear":2025,"total2018":41,"total2019":37,"total2020":23,"total2021":9,"total2022":18,"total2023":28,"total2024":26,"total2025":10,"reportedTotal":10,"reportedTotalBand":"0–24","suppressed":false},"confidence":"confirmed","sourceDate":"2025"}},{"type":"Feature","geometry":{"type":"Polygon","coordinates":[[[-93.32902,44.90892],[-93.32902,44.90891],[-93.32901,44.90711],[-93.32899,44.90538],[-93.32899,44.90531],[-93.3277,44.9053],[-93.32645,44.90529],[-93.32517,44.90528],[-93.32391,44.90527],[-93.32265,44.90526],[-93.32262,44.90526],[-93.32139,44.90526],[-93.32136,44.90526],[-93.32081,44.90525],[-93.3206,44.90525],[-93.32011,44.90525],[-93.32004,44.90525],[-93.31882,44.90524],[-93.31882,44.90527],[-93.31883,44.90552],[-93.31883,44.90705],[-93.31884,44.90884],[-93.3201,44.90885],[-93.32136,44.90886],[-93.32265,44.90887],[-93.32392,44.90888],[-93.3252,44.90889],[-93.32647,44.9089],[-93.32774,44.90891],[-93.32902,44.90892]]]},"properties":{"id":"crime-bg-270531112003","layer":"crime_block_group","name":"Block group 3, tract 111200","county":"Hennepin","state":"MN","countyFips":"27053","attributes":{"geoid":"270531112003","tract":"111200","blockGroup":"3","statYear":2025,"firstYear":2018,"lastYear":2025,"total2018":9,"total2019":8,"total2020":8,"total2021":9,"total2022":null,"total2023":14,"total2024":11,"total2025":10,"reportedTotal":10,"reportedTotalBand":"0–24","suppressed":false},"confidence":"confirmed","sourceDate":"2025"}},{"type":"Feature","geometry":{"type":"Polygon","coordinates":[[[-93.30358,44.91057],[-93.30358,44.91055],[-93.30358,44.90873],[-93.30357,44.90871],[-93.30357,44.90692],[-93.30355,44.90512],[-93.30228,44.90511],[-93.30103,44.90511],[-93.301,44.90511],[-93.29974,44.90511],[-93.29847,44.90511],[-93.29847,44.90691],[-93.29847,44.90872],[-93.29847,44.9091],[-93.29847,44.9095],[-93.29848,44.91068],[-93.29848,44.91104],[-93.29848,44.91128],[-93.29847,44.91138],[-93.29842,44.91147],[-93.29834,44.91155],[-93.29823,44.91161],[-93.29814,44.91165],[-93.2981,44.91166],[-93.29805,44.91166],[-93.29813,44.91179],[-93.29847,44.91233],[-93.30103,44.91234],[-93.30228,44.91235],[-93.30358,44.91235],[-93.30358,44.91057]]]},"properties":{"id":"crime-bg-270531113001","layer":"crime_block_group","name":"Block group 1, tract 111300","county":"Hennepin","state":"MN","countyFips":"27053","attributes":{"geoid":"270531113001","tract":"111300","blockGroup":"1","statYear":2025,"firstYear":2018,"lastYear":2025,"total2018":9,"total2019":17,"total2020":14,"total2021":8,"total2022":10,"total2023":12,"total2024":10,"total2025":11,"reportedTotal":11,"reportedTotalBand":"0–24","suppressed":false},"confidence":"confirmed","sourceDate":"2025"}},{"type":"Feature","geometry":{"type":"Polygon","coordinates":[[[-93.3087,44.91237],[-93.3087,44.91225],[-93.30868,44.91056],[-93.30866,44.90898],[-93.30866,44.90886],[-93.30866,44.90876],[-93.30867,44.90874],[-93.30866,44.90819],[-93.30865,44.90698],[-93.30865,44.90694],[-93.30864,44.90606],[-93.30863,44.90513],[-93.30864,44.90334],[-93.30865,44.90154],[-93.30739,44.90153],[-93.30611,44.90152],[-93.30485,44.90152],[-93.30357,44.90151],[-93.30357,44.90331],[-93.30357,44.9051],[-93.30355,44.90512],[-93.30357,44.90692],[-93.30357,44.90871],[-93.30358,44.90873],[-93.30358,44.91055],[-93.30358,44.91057],[-93.30358,44.91235],[-93.30486,44.91235],[-93.30613,44.91235],[-93.30743,44.91236],[-93.30868,44.91236],[-93.3087,44.91237]]]},"properties":{"id":"crime-bg-270531113002","layer":"crime_block_group","name":"Block group 2, tract 111300","county":"Hennepin","state":"MN","countyFips":"27053","attributes":{"geoid":"270531113002","tract":"111300","blockGroup":"2","statYear":2025,"firstYear":2018,"lastYear":2025,"total2018":52,"total2019":36,"total2020":22,"total2021":13,"total2022":19,"total2023":25,"total2024":19,"total2025":20,"reportedTotal":20,"reportedTotalBand":"0–24","suppressed":false},"confidence":"confirmed","sourceDate":"2025"}},{"type":"Feature","geometry":{"type":"Polygon","coordinates":[[[-93.31461,44.9088],[-93.3146,44.90799],[-93.31459,44.90702],[-93.31459,44.907],[-93.31458,44.90616],[-93.31458,44.90559],[-93.31458,44.90548],[-93.31458,44.9052],[-93.31275,44.90518],[-93.31194,44.90517],[-93.31135,44.90516],[-93.31131,44.90516],[-93.31008,44.90515],[-93.30939,44.90514],[-93.3093,44.90514],[-93.3087,44.90513],[-93.30863,44.90513],[-93.30864,44.90606],[-93.30865,44.90694],[-93.30865,44.90698],[-93.30866,44.90819],[-93.30867,44.90874],[-93.30866,44.90876],[-93.30866,44.90886],[-93.30866,44.90898],[-93.30868,44.91056],[-93.3087,44.91225],[-93.3087,44.91237],[-93.30882,44.91237],[-93.30996,44.91237],[-93.31123,44.91239],[-93.3125,44.9124],[-93.31377,44.9124],[-93.31375,44.9106],[-93.31374,44.90879],[-93.31461,44.9088]]]},"properties":{"id":"crime-bg-270531113003","layer":"crime_block_group","name":"Block group 3, tract 111300","county":"Hennepin","state":"MN","countyFips":"27053","attributes":{"geoid":"270531113003","tract":"111300","blockGroup":"3","statYear":2025,"firstYear":2018,"lastYear":2025,"total2018":10,"total2019":12,"total2020":6,"total2021":11,"total2022":8,"total2023":16,"total2024":11,"total2025":12,"reportedTotal":12,"reportedTotalBand":"0–24","suppressed":false},"confidence":"confirmed","sourceDate":"2025"}},{"type":"Feature","geometry":{"type":"Polygon","coordinates":[[[-93.31885,44.91245],[-93.31885,44.91064],[-93.31884,44.90884],[-93.31883,44.90705],[-93.31883,44.90552],[-93.31882,44.90527],[-93.31882,44.90524],[-93.31754,44.90523],[-93.31627,44.90522],[-93.31458,44.9052],[-93.31458,44.90548],[-93.31458,44.90559],[-93.31458,44.90616],[-93.31459,44.907],[-93.31459,44.90702],[-93.3146,44.90799],[-93.31461,44.9088],[-93.31374,44.90879],[-93.31375,44.9106],[-93.31377,44.9124],[-93.31503,44.91242],[-93.3163,44.91243],[-93.31757,44.91244],[-93.31885,44.91245]]]},"properties":{"id":"crime-bg-270531113004","layer":"crime_block_group","name":"Block group 4, tract 111300","county":"Hennepin","state":"MN","countyFips":"27053","attributes":{"geoid":"270531113004","tract":"111300","blockGroup":"4","statYear":2025,"firstYear":2018,"lastYear":2025,"total2018":17,"total2019":17,"total2020":21,"total2021":14,"total2022":23,"total2023":15,"total2024":10,"total2025":12,"reportedTotal":12,"reportedTotalBand":"0–24","suppressed":false},"confidence":"confirmed","sourceDate":"2025"}},{"type":"Feature","geometry":{"type":"Polygon","coordinates":[[[-93.31882,44.90343],[-93.31882,44.90162],[-93.31755,44.90161],[-93.31628,44.9016],[-93.31501,44.90159],[-93.31374,44.90157],[-93.31247,44.90156],[-93.31119,44.90155],[-93.30994,44.90154],[-93.3093,44.90154],[-93.30872,44.90153],[-93.30865,44.90154],[-93.30864,44.90334],[-93.30863,44.90513],[-93.3087,44.90513],[-93.3093,44.90514],[-93.30939,44.90514],[-93.31008,44.90515],[-93.31131,44.90516],[-93.31135,44.90516],[-93.31194,44.90517],[-93.31275,44.90518],[-93.31458,44.9052],[-93.31627,44.90522],[-93.31754,44.90523],[-93.31882,44.90524],[-93.31882,44.90345],[-93.31882,44.90343]]]},"properties":{"id":"crime-bg-270531113005","layer":"crime_block_group","name":"Block group 5, tract 111300","county":"Hennepin","state":"MN","countyFips":"27053","attributes":{"geoid":"270531113005","tract":"111300","blockGroup":"5","statYear":2025,"firstYear":2018,"lastYear":2025,"total2018":14,"total2019":15,"total2020":8,"total2021":6,"total2022":5,"total2023":20,"total2024":8,"total2025":12,"reportedTotal":12,"reportedTotalBand":"0–24","suppressed":false},"confidence":"confirmed","sourceDate":"2025"}},{"type":"Feature","geometry":{"type":"Polygon","coordinates":[[[-93.2984,44.91596],[-93.29826,44.9158],[-93.29814,44.91564],[-93.29805,44.91547],[-93.298,44.91529],[-93.29797,44.91511],[-93.29797,44.91415],[-93.29798,44.91233],[-93.29718,44.91233],[-93.29592,44.91233],[-93.29462,44.91232],[-93.29335,44.91232],[-93.29208,44.91232],[-93.29082,44.91231],[-93.28953,44.91231],[-93.28825,44.91231],[-93.28828,44.91413],[-93.28829,44.91594],[-93.28958,44.91594],[-93.29085,44.91594],[-93.29088,44.91594],[-93.29211,44.91594],[-93.29214,44.91594],[-93.29339,44.91594],[-93.29466,44.91595],[-93.29469,44.91595],[-93.29594,44.91595],[-93.29721,44.91595],[-93.2984,44.91596]]]},"properties":{"id":"crime-bg-270531114001","layer":"crime_block_group","name":"Block group 1, tract 111400","county":"Hennepin","state":"MN","countyFips":"27053","attributes":{"geoid":"270531114001","tract":"111400","blockGroup":"1","statYear":2025,"firstYear":2018,"lastYear":2025,"total2018":8,"total2019":11,"total2020":15,"total2021":10,"total2022":15,"total2023":31,"total2024":32,"total2025":26,"reportedTotal":26,"reportedTotalBand":"25–44","suppressed":false},"confidence":"confirmed","sourceDate":"2025"}},{"type":"Feature","geometry":{"type":"Polygon","coordinates":[[[-93.29848,44.91128],[-93.29848,44.91104],[-93.29816,44.91095],[-93.29791,44.91064],[-93.29782,44.91051],[-93.2977,44.91031],[-93.29754,44.91013],[-93.29736,44.90995],[-93.29699,44.90961],[-93.29644,44.90909],[-93.29633,44.90897],[-93.29607,44.90866],[-93.29595,44.90854],[-93.29581,44.90844],[-93.29565,44.90835],[-93.29547,44.90829],[-93.29527,44.90828],[-93.29497,44.90835],[-93.29469,44.90844],[-93.2944,44.90848],[-93.2942,44.90848],[-93.29399,44.90848],[-93.29379,44.90847],[-93.29359,44.90845],[-93.29339,44.90842],[-93.29291,44.90831],[-93.29271,44.90827],[-93.29241,44.90823],[-93.29191,44.90818],[-93.29171,44.90815],[-93.29102,44.90805],[-93.29082,44.90802],[-93.29072,44.90801],[-93.29031,44.90797],[-93.29011,44.90796],[-93.28981,44.90798],[-93.28961,44.90801],[-93.28942,44.90805],[-93.28922,44.90809],[-93.28875,44.90823],[-93.28856,44.90827],[-93.28836,44.90829],[-93.28828,44.90829],[-93.28828,44.9087],[-93.28827,44.91014],[-93.28827,44.9105],[-93.28825,44.91231],[-93.28953,44.91231],[-93.29082,44.91231],[-93.29208,44.91232],[-93.29335,44.91232],[-93.29462,44.91232],[-93.29592,44.91233],[-93.29718,44.91233],[-93.29798,44.91233],[-93.29811,44.91233],[-93.29847,44.91233],[-93.29813,44.91179],[-93.29805,44.91166],[-93.2981,44.91166],[-93.29814,44.91165],[-93.29823,44.91161],[-93.29834,44.91155],[-93.29842,44.91147],[-93.29847,44.91138],[-93.29848,44.91128]]]},"properties":{"id":"crime-bg-270531114002","layer":"crime_block_group","name":"Block group 2, tract 111400","county":"Hennepin","state":"MN","countyFips":"27053","attributes":{"geoid":"270531114002","tract":"111400","blockGroup":"2","statYear":2025,"firstYear":2018,"lastYear":2025,"total2018":14,"total2019":11,"total2020":25,"total2021":15,"total2022":21,"total2023":24,"total2024":29,"total2025":17,"reportedTotal":17,"reportedTotalBand":"0–24","suppressed":false},"confidence":"confirmed","sourceDate":"2025"}},{"type":"Feature","geometry":{"type":"Polygon","coordinates":[[[-93.29848,44.91104],[-93.29848,44.91068],[-93.29847,44.9095],[-93.29847,44.9091],[-93.29847,44.90872],[-93.29847,44.90691],[-93.29847,44.90511],[-93.29719,44.90511],[-93.29592,44.9051],[-93.29465,44.9051],[-93.29336,44.9051],[-93.29209,44.90509],[-93.29083,44.90509],[-93.28954,44.90509],[-93.28829,44.90508],[-93.28828,44.90651],[-93.28828,44.90689],[-93.28828,44.90766],[-93.28828,44.90829],[-93.28836,44.90829],[-93.28856,44.90827],[-93.28875,44.90823],[-93.28922,44.90809],[-93.28942,44.90805],[-93.28961,44.90801],[-93.28981,44.90798],[-93.29011,44.90796],[-93.29031,44.90797],[-93.29072,44.90801],[-93.29082,44.90802],[-93.29102,44.90805],[-93.29171,44.90815],[-93.29191,44.90818],[-93.29241,44.90823],[-93.29271,44.90827],[-93.29291,44.90831],[-93.29339,44.90842],[-93.29359,44.90845],[-93.29379,44.90847],[-93.29399,44.90848],[-93.2942,44.90848],[-93.2944,44.90848],[-93.29469,44.90844],[-93.29497,44.90835],[-93.29527,44.90828],[-93.29547,44.90829],[-93.29565,44.90835],[-93.29581,44.90844],[-93.29595,44.90854],[-93.29607,44.90866],[-93.29633,44.90897],[-93.29644,44.90909],[-93.29699,44.90961],[-93.29736,44.90995],[-93.29754,44.91013],[-93.2977,44.91031],[-93.29782,44.91051],[-93.29791,44.91064],[-93.29816,44.91095],[-93.29848,44.91104]]]},"properties":{"id":"crime-bg-270531114003","layer":"crime_block_group","name":"Block group 3, tract 111400","county":"Hennepin","state":"MN","countyFips":"27053","attributes":{"geoid":"270531114003","tract":"111400","blockGroup":"3","statYear":2025,"firstYear":2018,"lastYear":2025,"total2018":35,"total2019":35,"total2020":28,"total2021":21,"total2022":17,"total2023":12,"total2024":14,"total2025":20,"reportedTotal":20,"reportedTotalBand":"0–24","suppressed":false},"confidence":"confirmed","sourceDate":"2025"}},{"type":"Feature","geometry":{"type":"Polygon","coordinates":[[[-93.30357,44.90331],[-93.30357,44.90151],[-93.30229,44.90152],[-93.30101,44.9015],[-93.29977,44.9015],[-93.29974,44.9015],[-93.2985,44.90149],[-93.29847,44.90149],[-93.29722,44.90148],[-93.29592,44.90148],[-93.29465,44.90147],[-93.29338,44.90147],[-93.29211,44.90146],[-93.29084,44.90146],[-93.2896,44.90145],[-93.28957,44.90145],[-93.28835,44.90145],[-93.28829,44.90144],[-93.2883,44.90149],[-93.28829,44.90328],[-93.28829,44.90508],[-93.28954,44.90509],[-93.29083,44.90509],[-93.29209,44.90509],[-93.29336,44.9051],[-93.29465,44.9051],[-93.29592,44.9051],[-93.29719,44.90511],[-93.29847,44.90511],[-93.29974,44.90511],[-93.301,44.90511],[-93.30103,44.90511],[-93.30228,44.90511],[-93.30355,44.90512],[-93.30357,44.9051],[-93.30357,44.90331]]]},"properties":{"id":"crime-bg-270531114004","layer":"crime_block_group","name":"Block group 4, tract 111400","county":"Hennepin","state":"MN","countyFips":"27053","attributes":{"geoid":"270531114004","tract":"111400","blockGroup":"4","statYear":2025,"firstYear":2018,"lastYear":2025,"total2018":33,"total2019":40,"total2020":30,"total2021":26,"total2022":15,"total2023":24,"total2024":31,"total2025":11,"reportedTotal":11,"reportedTotalBand":"0–24","suppressed":false},"confidence":"confirmed","sourceDate":"2025"}},{"type":"Feature","geometry":{"type":"Polygon","coordinates":[[[-93.28828,44.9087],[-93.28828,44.90829],[-93.28805,44.90829],[-93.28775,44.90826],[-93.28755,44.90828],[-93.28735,44.90833],[-93.28716,44.90835],[-93.28697,44.90832],[-93.28668,44.90823],[-93.28651,44.90816],[-93.2863,44.908],[-93.28614,44.90791],[-93.28594,44.90788],[-93.28573,44.90789],[-93.28553,44.90792],[-93.28539,44.90796],[-93.28535,44.90797],[-93.28513,44.90813],[-93.28497,44.90821],[-93.28477,44.90827],[-93.28457,44.9083],[-93.28438,44.90827],[-93.28412,44.90815],[-93.28397,44.90805],[-93.28385,44.90793],[-93.28379,44.9078],[-93.28375,44.90747],[-93.28375,44.90743],[-93.28368,44.9073],[-93.28354,44.9072],[-93.28336,44.90713],[-93.28316,44.9071],[-93.28296,44.9071],[-93.28288,44.90709],[-93.28275,44.90709],[-93.28245,44.9071],[-93.28194,44.90716],[-93.28174,44.90717],[-93.28155,44.90711],[-93.28147,44.90699],[-93.2815,44.90685],[-93.28167,44.90666],[-93.2817,44.90652],[-93.28165,44.90638],[-93.28154,44.90626],[-93.28139,44.90616],[-93.28122,44.90607],[-93.28104,44.90602],[-93.28073,44.906],[-93.28053,44.90598],[-93.28023,44.90593],[-93.28003,44.9059],[-93.27983,44.9059],[-93.27953,44.90593],[-93.27933,44.90597],[-93.27915,44.90603],[-93.27897,44.9061],[-93.27881,44.90619],[-93.27867,44.9063],[-93.27856,44.90642],[-93.27851,44.90656],[-93.27853,44.90671],[-93.27864,44.90691],[-93.27869,44.90704],[-93.27871,44.90719],[-93.2787,44.90734],[-93.27865,44.90747],[-93.27851,44.90758],[-93.27834,44.90767],[-93.27806,44.90774],[-93.27749,44.9079],[-93.2773,44.90795],[-93.27712,44.90802],[-93.27676,44.90815],[-93.2762,44.90832],[-93.27602,44.90839],[-93.27578,44.90852],[-93.27565,44.90859],[-93.27524,44.90885],[-93.27502,44.90899],[-93.27472,44.90921],[-93.27466,44.90925],[-93.27465,44.90986],[-93.27464,44.91009],[-93.27468,44.91225],[-93.27468,44.91243],[-93.27504,44.91243],[-93.27546,44.91242],[-93.27608,44.91242],[-93.27675,44.91241],[-93.27676,44.91252],[-93.2768,44.91261],[-93.27688,44.9127],[-93.27698,44.91277],[-93.2771,44.91281],[-93.27724,44.91285],[-93.27737,44.91285],[-93.27801,44.91284],[-93.27813,44.91272],[-93.27827,44.91261],[-93.27842,44.91251],[-93.27856,44.91244],[-93.27872,44.91238],[-93.27889,44.91235],[-93.27906,44.91234],[-93.27921,44.91234],[-93.28017,44.91231],[-93.28033,44.91228],[-93.28048,44.91228],[-93.28062,44.91231],[-93.28118,44.91253],[-93.28133,44.9126],[-93.28151,44.91265],[-93.28168,44.91266],[-93.28229,44.91265],[-93.28304,44.91263],[-93.28316,44.91262],[-93.28326,44.91259],[-93.28337,44.91254],[-93.28376,44.91236],[-93.28564,44.91234],[-93.28568,44.91234],[-93.28696,44.91232],[-93.28825,44.91231],[-93.28827,44.9105],[-93.28827,44.91014],[-93.28828,44.9087]]]},"properties":{"id":"crime-bg-270531115001","layer":"crime_block_group","name":"Block group 1, tract 111500","county":"Hennepin","state":"MN","countyFips":"27053","attributes":{"geoid":"270531115001","tract":"111500","blockGroup":"1","statYear":2025,"firstYear":2018,"lastYear":2025,"total2018":12,"total2019":18,"total2020":24,"total2021":11,"total2022":20,"total2023":22,"total2024":16,"total2025":27,"reportedTotal":27,"reportedTotalBand":"25–44","suppressed":false},"confidence":"confirmed","sourceDate":"2025"}},{"type":"Feature","geometry":{"type":"Polygon","coordinates":[[[-93.2832,44.90472],[-93.2832,44.90333],[-93.28317,44.90148],[-93.28189,44.90149],[-93.28191,44.89968],[-93.28193,44.89787],[-93.28192,44.89785],[-93.2807,44.89786],[-93.28066,44.89786],[-93.27938,44.89787],[-93.27816,44.89787],[-93.2781,44.89787],[-93.27684,44.89787],[-93.27557,44.89787],[-93.27538,44.89787],[-93.27511,44.89787],[-93.27475,44.89788],[-93.27477,44.8991],[-93.27477,44.90078],[-93.27475,44.90195],[-93.27474,44.90354],[-93.27509,44.90358],[-93.27552,44.90363],[-93.27566,44.90365],[-93.2768,44.9038],[-93.27808,44.90398],[-93.27811,44.90397],[-93.27932,44.90415],[-93.28065,44.90434],[-93.28187,44.90452],[-93.2832,44.90472]]]},"properties":{"id":"crime-bg-270531115002","layer":"crime_block_group","name":"Block group 2, tract 111500","county":"Hennepin","state":"MN","countyFips":"27053","attributes":{"geoid":"270531115002","tract":"111500","blockGroup":"2","statYear":2025,"firstYear":2018,"lastYear":2025,"total2018":20,"total2019":25,"total2020":40,"total2021":35,"total2022":44,"total2023":38,"total2024":47,"total2025":27,"reportedTotal":27,"reportedTotalBand":"25–44","suppressed":false},"confidence":"confirmed","sourceDate":"2025"}},{"type":"Feature","geometry":{"type":"Polygon","coordinates":[[[-93.28829,44.91594],[-93.28828,44.91413],[-93.28825,44.91231],[-93.28696,44.91232],[-93.28568,44.91234],[-93.28564,44.91234],[-93.28376,44.91236],[-93.28337,44.91254],[-93.28326,44.91259],[-93.28316,44.91262],[-93.28304,44.91263],[-93.28229,44.91265],[-93.28168,44.91266],[-93.28151,44.91265],[-93.28133,44.9126],[-93.28118,44.91253],[-93.28062,44.91231],[-93.28048,44.91228],[-93.28033,44.91228],[-93.28017,44.91231],[-93.27921,44.91234],[-93.27906,44.91234],[-93.27889,44.91235],[-93.27872,44.91238],[-93.27856,44.91244],[-93.27842,44.91251],[-93.27827,44.91261],[-93.27813,44.91272],[-93.27801,44.91284],[-93.27737,44.91285],[-93.27724,44.91285],[-93.2771,44.91281],[-93.27698,44.91277],[-93.27688,44.9127],[-93.2768,44.91261],[-93.27676,44.91252],[-93.27675,44.91241],[-93.27608,44.91242],[-93.27546,44.91242],[-93.27504,44.91243],[-93.27468,44.91243],[-93.27468,44.91265],[-93.27463,44.91605],[-93.27506,44.91604],[-93.27528,44.91604],[-93.27543,44.91604],[-93.27672,44.91603],[-93.27792,44.91602],[-93.27798,44.91602],[-93.27927,44.91602],[-93.28057,44.916],[-93.28181,44.91599],[-93.28186,44.91599],[-93.28308,44.91598],[-93.28314,44.91598],[-93.28321,44.91598],[-93.28442,44.91597],[-93.28569,44.91596],[-93.28699,44.91595],[-93.28829,44.91594]]]},"properties":{"id":"crime-bg-270531115003","layer":"crime_block_group","name":"Block group 3, tract 111500","county":"Hennepin","state":"MN","countyFips":"27053","attributes":{"geoid":"270531115003","tract":"111500","blockGroup":"3","statYear":2025,"firstYear":2018,"lastYear":2025,"total2018":13,"total2019":11,"total2020":34,"total2021":26,"total2022":25,"total2023":41,"total2024":34,"total2025":20,"reportedTotal":20,"reportedTotalBand":"0–24","suppressed":false},"confidence":"confirmed","sourceDate":"2025"}},{"type":"Feature","geometry":{"type":"Polygon","coordinates":[[[-93.28951,44.89869],[-93.28988,44.89784],[-93.28933,44.89783],[-93.2883,44.89783],[-93.28824,44.89783],[-93.28702,44.89784],[-93.28583,44.89784],[-93.28573,44.89784],[-93.28561,44.89784],[-93.28461,44.89784],[-93.28447,44.89784],[-93.2832,44.89785],[-93.28192,44.89785],[-93.28193,44.89787],[-93.28191,44.89968],[-93.28189,44.90149],[-93.28317,44.90148],[-93.2832,44.90333],[-93.2832,44.90472],[-93.28445,44.90493],[-93.28547,44.9051],[-93.28574,44.9051],[-93.28702,44.90509],[-93.28827,44.90508],[-93.28829,44.90508],[-93.28829,44.90328],[-93.2883,44.90149],[-93.28829,44.90144],[-93.28839,44.90132],[-93.28843,44.90124],[-93.28847,44.90112],[-93.28852,44.90091],[-93.28861,44.90069],[-93.28899,44.89984],[-93.28926,44.89926],[-93.28951,44.89869]]]},"properties":{"id":"crime-bg-270531115004","layer":"crime_block_group","name":"Block group 4, tract 111500","county":"Hennepin","state":"MN","countyFips":"27053","attributes":{"geoid":"270531115004","tract":"111500","blockGroup":"4","statYear":2025,"firstYear":2018,"lastYear":2025,"total2018":25,"total2019":39,"total2020":58,"total2021":45,"total2022":34,"total2023":47,"total2024":55,"total2025":33,"reportedTotal":33,"reportedTotalBand":"25–44","suppressed":false},"confidence":"confirmed","sourceDate":"2025"}},{"type":"Feature","geometry":{"type":"Polygon","coordinates":[[[-93.28828,44.90651],[-93.28829,44.90508],[-93.28827,44.90508],[-93.28702,44.90509],[-93.28574,44.9051],[-93.28547,44.9051],[-93.28445,44.90493],[-93.2832,44.90472],[-93.28187,44.90452],[-93.28065,44.90434],[-93.27932,44.90415],[-93.27811,44.90397],[-93.27808,44.90398],[-93.2768,44.9038],[-93.27566,44.90365],[-93.27552,44.90363],[-93.27509,44.90358],[-93.27474,44.90354],[-93.27473,44.90406],[-93.2747,44.90594],[-93.27469,44.90666],[-93.27467,44.90898],[-93.27467,44.90908],[-93.27466,44.90925],[-93.27472,44.90921],[-93.27502,44.90899],[-93.27524,44.90885],[-93.27565,44.90859],[-93.27578,44.90852],[-93.27602,44.90839],[-93.2762,44.90832],[-93.27676,44.90815],[-93.27712,44.90802],[-93.2773,44.90795],[-93.27749,44.9079],[-93.27806,44.90774],[-93.27834,44.90767],[-93.27851,44.90758],[-93.27865,44.90747],[-93.2787,44.90734],[-93.27871,44.90719],[-93.27869,44.90704],[-93.27864,44.90691],[-93.27853,44.90671],[-93.27851,44.90656],[-93.27856,44.90642],[-93.27867,44.9063],[-93.27881,44.90619],[-93.27897,44.9061],[-93.27915,44.90603],[-93.27933,44.90597],[-93.27953,44.90593],[-93.27983,44.9059],[-93.28003,44.9059],[-93.28023,44.90593],[-93.28053,44.90598],[-93.28073,44.906],[-93.28104,44.90602],[-93.28122,44.90607],[-93.28139,44.90616],[-93.28154,44.90626],[-93.28165,44.90638],[-93.2817,44.90652],[-93.28167,44.90666],[-93.2815,44.90685],[-93.28147,44.90699],[-93.28155,44.90711],[-93.28174,44.90717],[-93.28194,44.90716],[-93.28245,44.9071],[-93.28275,44.90709],[-93.28288,44.90709],[-93.28296,44.9071],[-93.28316,44.9071],[-93.28336,44.90713],[-93.28354,44.9072],[-93.28368,44.9073],[-93.28375,44.90743],[-93.28375,44.90747],[-93.28379,44.9078],[-93.28385,44.90793],[-93.28397,44.90805],[-93.28412,44.90815],[-93.28438,44.90827],[-93.28457,44.9083],[-93.28477,44.90827],[-93.28497,44.90821],[-93.28513,44.90813],[-93.28535,44.90797],[-93.28539,44.90796],[-93.28553,44.90792],[-93.28573,44.90789],[-93.28594,44.90788],[-93.28614,44.90791],[-93.2863,44.908],[-93.28651,44.90816],[-93.28668,44.90823],[-93.28697,44.90832],[-93.28716,44.90835],[-93.28735,44.90833],[-93.28755,44.90828],[-93.28775,44.90826],[-93.28805,44.90829],[-93.28828,44.90829],[-93.28828,44.90766],[-93.28828,44.90689],[-93.28828,44.90651]]]},"properties":{"id":"crime-bg-270531115005","layer":"crime_block_group","name":"Block group 5, tract 111500","county":"Hennepin","state":"MN","countyFips":"27053","attributes":{"geoid":"270531115005","tract":"111500","blockGroup":"5","statYear":2025,"firstYear":2018,"lastYear":2025,"total2018":10,"total2019":20,"total2020":23,"total2021":28,"total2022":25,"total2023":26,"total2024":21,"total2025":19,"reportedTotal":19,"reportedTotalBand":"0–24","suppressed":false},"confidence":"confirmed","sourceDate":"2025"}},{"type":"Feature","geometry":{"type":"Polygon","coordinates":[[[-93.26775,44.91249],[-93.26776,44.9124],[-93.26769,44.91249],[-93.26762,44.91258],[-93.26714,44.9126],[-93.26683,44.91262],[-93.26664,44.9126],[-93.26646,44.91252],[-93.26636,44.91242],[-93.26635,44.9124],[-93.26625,44.91228],[-93.26611,44.91217],[-93.26581,44.91198],[-93.26561,44.91182],[-93.26537,44.91159],[-93.26523,44.91148],[-93.26509,44.91137],[-93.26486,44.91124],[-93.26468,44.91116],[-93.2645,44.91109],[-93.26431,44.91105],[-93.26401,44.91105],[-93.2634,44.91108],[-93.2632,44.9111],[-93.263,44.91112],[-93.26264,44.91119],[-93.26264,44.91139],[-93.26264,44.91248],[-93.26264,44.9143],[-93.26264,44.91611],[-93.26392,44.91611],[-93.2652,44.91611],[-93.26646,44.91611],[-93.26774,44.91611],[-93.26775,44.9143],[-93.26775,44.91318],[-93.26775,44.91271],[-93.26775,44.91269],[-93.26775,44.91257],[-93.26775,44.91249]]]},"properties":{"id":"crime-bg-270531116001","layer":"crime_block_group","name":"Block group 1, tract 111600","county":"Hennepin","state":"MN","countyFips":"27053","attributes":{"geoid":"270531116001","tract":"111600","blockGroup":"1","statYear":2025,"firstYear":2018,"lastYear":2025,"total2018":16,"total2019":30,"total2020":24,"total2021":26,"total2022":40,"total2023":25,"total2024":38,"total2025":28,"reportedTotal":28,"reportedTotalBand":"25–44","suppressed":false},"confidence":"confirmed","sourceDate":"2025"}},{"type":"Feature","geometry":{"type":"Polygon","coordinates":[[[-93.26777,44.91069],[-93.26778,44.90977],[-93.26774,44.9096],[-93.26767,44.90944],[-93.26758,44.90929],[-93.26746,44.90914],[-93.26731,44.90901],[-93.26719,44.90892],[-93.26715,44.90889],[-93.26681,44.90756],[-93.26702,44.90704],[-93.26727,44.90656],[-93.26727,44.90522],[-93.26734,44.90495],[-93.26739,44.90469],[-93.2674,44.90441],[-93.26739,44.90414],[-93.26736,44.90387],[-93.26733,44.90374],[-93.26733,44.90372],[-93.26727,44.90356],[-93.26717,44.90342],[-93.26715,44.90339],[-93.26523,44.9034],[-93.26395,44.90341],[-93.26266,44.90341],[-93.26262,44.90524],[-93.26263,44.90705],[-93.26264,44.90887],[-93.26264,44.91068],[-93.26264,44.91096],[-93.26264,44.91119],[-93.263,44.91112],[-93.2632,44.9111],[-93.2634,44.91108],[-93.26401,44.91105],[-93.26431,44.91105],[-93.2645,44.91109],[-93.26468,44.91116],[-93.26486,44.91124],[-93.26509,44.91137],[-93.26523,44.91148],[-93.26537,44.91159],[-93.26561,44.91182],[-93.26581,44.91198],[-93.26611,44.91217],[-93.26625,44.91228],[-93.26635,44.9124],[-93.26636,44.91242],[-93.26646,44.91252],[-93.26664,44.9126],[-93.26683,44.91262],[-93.26714,44.9126],[-93.26762,44.91258],[-93.26769,44.91249],[-93.26776,44.9124],[-93.26776,44.91235],[-93.26776,44.91218],[-93.26776,44.91145],[-93.26777,44.91069]]]},"properties":{"id":"crime-bg-270531116002","layer":"crime_block_group","name":"Block group 2, tract 111600","county":"Hennepin","state":"MN","countyFips":"27053","attributes":{"geoid":"270531116002","tract":"111600","blockGroup":"2","statYear":2025,"firstYear":2018,"lastYear":2025,"total2018":27,"total2019":17,"total2020":28,"total2021":29,"total2022":20,"total2023":23,"total2024":30,"total2025":24,"reportedTotal":24,"reportedTotalBand":"0–24","suppressed":false},"confidence":"confirmed","sourceDate":"2025"}},{"type":"Feature","geometry":{"type":"Polygon","coordinates":[[[-93.27473,44.90406],[-93.27474,44.90354],[-93.27449,44.90351],[-93.27431,44.90349],[-93.27415,44.90347],[-93.2729,44.90331],[-93.27165,44.90315],[-93.27126,44.9031],[-93.27105,44.90309],[-93.27088,44.90312],[-93.27071,44.90317],[-93.27054,44.90326],[-93.27039,44.90336],[-93.2703,44.90342],[-93.27016,44.9035],[-93.27002,44.90357],[-93.26962,44.9037],[-93.26936,44.90374],[-93.26866,44.9038],[-93.26782,44.90384],[-93.26736,44.90387],[-93.26739,44.90414],[-93.2674,44.90441],[-93.26739,44.90469],[-93.26734,44.90495],[-93.26727,44.90522],[-93.26727,44.90656],[-93.26702,44.90704],[-93.26681,44.90756],[-93.26715,44.90889],[-93.26719,44.90892],[-93.26731,44.90901],[-93.26746,44.90914],[-93.26758,44.90929],[-93.26767,44.90944],[-93.26774,44.9096],[-93.26778,44.90977],[-93.26777,44.91069],[-93.26776,44.91145],[-93.26776,44.91218],[-93.26776,44.91235],[-93.26776,44.9124],[-93.26797,44.91257],[-93.26897,44.91257],[-93.26916,44.91254],[-93.26934,44.91248],[-93.2695,44.91239],[-93.26954,44.91236],[-93.26964,44.91228],[-93.26975,44.91216],[-93.26994,44.9119],[-93.27014,44.91165],[-93.27021,44.91151],[-93.27013,44.91137],[-93.2702,44.91125],[-93.27051,44.91104],[-93.27054,44.91092],[-93.27044,44.91071],[-93.2705,44.91057],[-93.27066,44.91048],[-93.27086,44.91044],[-93.27106,44.91042],[-93.27126,44.91044],[-93.27182,44.91054],[-93.272,44.91052],[-93.27237,44.91043],[-93.27284,44.91037],[-93.2731,44.91028],[-93.27326,44.91021],[-93.27341,44.91013],[-93.2736,44.90998],[-93.27374,44.90989],[-93.27397,44.90976],[-93.27413,44.90969],[-93.27425,44.90959],[-93.27443,44.90943],[-93.27456,44.90933],[-93.27466,44.90925],[-93.27467,44.90908],[-93.27467,44.90898],[-93.27469,44.90666],[-93.2747,44.90594],[-93.27473,44.90406]]]},"properties":{"id":"crime-bg-270531116003","layer":"crime_block_group","name":"Block group 3, tract 111600","county":"Hennepin","state":"MN","countyFips":"27053","attributes":{"geoid":"270531116003","tract":"111600","blockGroup":"3","statYear":2025,"firstYear":2018,"lastYear":2025,"total2018":6,"total2019":7,"total2020":24,"total2021":17,"total2022":14,"total2023":10,"total2024":16,"total2025":13,"reportedTotal":13,"reportedTotalBand":"0–24","suppressed":false},"confidence":"confirmed","sourceDate":"2025"}},{"type":"Feature","geometry":{"type":"Polygon","coordinates":[[[-93.27468,44.91265],[-93.27468,44.91243],[-93.27468,44.91225],[-93.27464,44.91009],[-93.27465,44.90986],[-93.27466,44.90925],[-93.27456,44.90933],[-93.27443,44.90943],[-93.27425,44.90959],[-93.27413,44.90969],[-93.27397,44.90976],[-93.27374,44.90989],[-93.2736,44.90998],[-93.27341,44.91013],[-93.27326,44.91021],[-93.2731,44.91028],[-93.27284,44.91037],[-93.27237,44.91043],[-93.272,44.91052],[-93.27182,44.91054],[-93.27126,44.91044],[-93.27106,44.91042],[-93.27086,44.91044],[-93.27066,44.91048],[-93.2705,44.91057],[-93.27044,44.91071],[-93.27054,44.91092],[-93.27051,44.91104],[-93.2702,44.91125],[-93.27013,44.91137],[-93.27021,44.91151],[-93.27014,44.91165],[-93.26994,44.9119],[-93.26975,44.91216],[-93.26964,44.91228],[-93.26954,44.91236],[-93.2695,44.91239],[-93.26934,44.91248],[-93.26916,44.91254],[-93.26897,44.91257],[-93.26797,44.91257],[-93.26776,44.9124],[-93.26775,44.91249],[-93.26775,44.91257],[-93.26775,44.91269],[-93.26775,44.91271],[-93.26775,44.91318],[-93.26775,44.9143],[-93.26774,44.91611],[-93.2685,44.9161],[-93.26901,44.9161],[-93.2703,44.91609],[-93.27158,44.91608],[-93.27286,44.91606],[-93.27415,44.91605],[-93.27463,44.91605],[-93.27468,44.91265]]]},"properties":{"id":"crime-bg-270531116004","layer":"crime_block_group","name":"Block group 4, tract 111600","county":"Hennepin","state":"MN","countyFips":"27053","attributes":{"geoid":"270531116004","tract":"111600","blockGroup":"4","statYear":2025,"firstYear":2018,"lastYear":2025,"total2018":9,"total2019":14,"total2020":24,"total2021":23,"total2022":24,"total2023":31,"total2024":44,"total2025":28,"reportedTotal":28,"reportedTotalBand":"25–44","suppressed":false},"confidence":"confirmed","sourceDate":"2025"}},{"type":"Feature","geometry":{"type":"Polygon","coordinates":[[[-93.22195,44.96439],[-93.22286,44.96382],[-93.21867,44.9604],[-93.21721,44.95921],[-93.21494,44.95736],[-93.21276,44.9561],[-93.21003,44.95469],[-93.20776,44.95321],[-93.20776,44.95326],[-93.20776,44.95431],[-93.20776,44.95476],[-93.20776,44.95493],[-93.20777,44.95523],[-93.20777,44.95538],[-93.20778,44.95609],[-93.20779,44.9564],[-93.20777,44.95731],[-93.20777,44.95843],[-93.20777,44.95857],[-93.20778,44.95874],[-93.20777,44.95903],[-93.20777,44.95963],[-93.20777,44.95966],[-93.20777,44.95969],[-93.20777,44.95976],[-93.20777,44.95979],[-93.20777,44.9599],[-93.20777,44.95997],[-93.20777,44.96001],[-93.20777,44.96003],[-93.20777,44.96007],[-93.20776,44.96012],[-93.20776,44.96033],[-93.20776,44.96059],[-93.20776,44.96281],[-93.20774,44.96461],[-93.20899,44.9646],[-93.21026,44.96459],[-93.2115,44.96458],[-93.21276,44.96457],[-93.21488,44.96455],[-93.21572,44.96462],[-93.21607,44.96461],[-93.21649,44.96461],[-93.21785,44.96462],[-93.21788,44.96463],[-93.21921,44.96462],[-93.22007,44.96461],[-93.22023,44.9646],[-93.2203,44.96462],[-93.22053,44.96468],[-93.22066,44.96473],[-93.22081,44.96477],[-93.22106,44.96484],[-93.22116,44.9648],[-93.22136,44.96471],[-93.22195,44.96439]]]},"properties":{"id":"crime-bg-270531256001","layer":"crime_block_group","name":"Block group 1, tract 125600","county":"Hennepin","state":"MN","countyFips":"27053","attributes":{"geoid":"270531256001","tract":"125600","blockGroup":"1","statYear":2025,"firstYear":2018,"lastYear":2025,"total2018":38,"total2019":35,"total2020":44,"total2021":36,"total2022":34,"total2023":23,"total2024":17,"total2025":31,"reportedTotal":31,"reportedTotalBand":"25–44","suppressed":false},"confidence":"confirmed","sourceDate":"2025"}},{"type":"Feature","geometry":{"type":"Polygon","coordinates":[[[-93.21861,44.96833],[-93.21861,44.96814],[-93.21858,44.96795],[-93.21852,44.96777],[-93.21843,44.9676],[-93.2183,44.96743],[-93.21814,44.96728],[-93.21809,44.96725],[-93.21777,44.96734],[-93.21707,44.96725],[-93.21697,44.96722],[-93.21689,44.96719],[-93.21687,44.96718],[-93.21681,44.96713],[-93.21679,44.9671],[-93.21628,44.96734],[-93.21603,44.96702],[-93.21583,44.96636],[-93.21579,44.96629],[-93.21576,44.96625],[-93.21567,44.96618],[-93.2153,44.96599],[-93.21521,44.96594],[-93.21509,44.96587],[-93.21506,44.96583],[-93.21504,44.96578],[-93.21503,44.96551],[-93.21486,44.9655],[-93.21488,44.96455],[-93.21276,44.96457],[-93.2115,44.96458],[-93.21026,44.96459],[-93.20899,44.9646],[-93.20774,44.96461],[-93.20773,44.96642],[-93.20773,44.96801],[-93.20858,44.96835],[-93.20898,44.96851],[-93.21155,44.96953],[-93.21213,44.96976],[-93.21263,44.96996],[-93.2128,44.97003],[-93.214,44.97051],[-93.21467,44.97077],[-93.21536,44.97105],[-93.21724,44.97179],[-93.2177,44.97119],[-93.21767,44.9711],[-93.21763,44.97102],[-93.21755,44.97095],[-93.21735,44.97082],[-93.21717,44.97067],[-93.21703,44.97053],[-93.21691,44.97038],[-93.21682,44.97022],[-93.21676,44.97006],[-93.21674,44.96988],[-93.21674,44.96976],[-93.21679,44.96965],[-93.21687,44.96954],[-93.21696,44.96944],[-93.21708,44.96936],[-93.21722,44.96929],[-93.21737,44.96925],[-93.21764,44.96917],[-93.21788,44.96911],[-93.21806,44.96903],[-93.21823,44.96894],[-93.21837,44.96882],[-93.21848,44.96869],[-93.21856,44.96851],[-93.21861,44.96833]]]},"properties":{"id":"crime-bg-270531256002","layer":"crime_block_group","name":"Block group 2, tract 125600","county":"Hennepin","state":"MN","countyFips":"27053","attributes":{"geoid":"270531256002","tract":"125600","blockGroup":"2","statYear":2025,"firstYear":2018,"lastYear":2025,"total2018":51,"total2019":34,"total2020":65,"total2021":57,"total2022":118,"total2023":82,"total2024":94,"total2025":81,"reportedTotal":81,"reportedTotalBand":"75–114","suppressed":false},"confidence":"confirmed","sourceDate":"2025"}},{"type":"Feature","geometry":{"type":"Polygon","coordinates":[[[-93.23232,44.98027],[-93.23217,44.98022],[-93.23119,44.97991],[-93.23105,44.97987],[-93.23091,44.97981],[-93.23082,44.97977],[-93.22945,44.97922],[-93.22944,44.9792],[-93.2276,44.97849],[-93.22742,44.97847],[-93.22734,44.97846],[-93.22726,44.97846],[-93.22715,44.97848],[-93.22703,44.97851],[-93.22694,44.97853],[-93.22687,44.97855],[-93.22637,44.97864],[-93.22625,44.97865],[-93.22614,44.97866],[-93.22613,44.97851],[-93.22615,44.97836],[-93.22619,44.97822],[-93.22627,44.97809],[-93.22634,44.97801],[-93.22637,44.97796],[-93.22675,44.9775],[-93.22694,44.97726],[-93.22701,44.97717],[-93.2271,44.97704],[-93.22678,44.97686],[-93.22649,44.97659],[-93.22623,44.97626],[-93.22638,44.97581],[-93.22662,44.97553],[-93.22651,44.97548],[-93.22569,44.97515],[-93.22478,44.97478],[-93.22452,44.97468],[-93.22362,44.97432],[-93.22248,44.97385],[-93.22137,44.97341],[-93.22136,44.9734],[-93.22,44.97287],[-93.21861,44.97233],[-93.2179,44.97205],[-93.21724,44.97179],[-93.21536,44.97105],[-93.21467,44.97077],[-93.214,44.97051],[-93.2128,44.97003],[-93.21263,44.96996],[-93.21213,44.96976],[-93.21155,44.96953],[-93.20898,44.96851],[-93.20858,44.96835],[-93.20773,44.96801],[-93.20771,44.96944],[-93.20771,44.9696],[-93.20771,44.97002],[-93.2077,44.97123],[-93.2077,44.9714],[-93.20769,44.9715],[-93.2077,44.97159],[-93.20769,44.97258],[-93.20769,44.97317],[-93.20769,44.97416],[-93.20769,44.97429],[-93.20768,44.97475],[-93.20768,44.97492],[-93.20768,44.97521],[-93.20768,44.97574],[-93.20767,44.97602],[-93.20767,44.97633],[-93.20844,44.97663],[-93.21042,44.97676],[-93.21142,44.97737],[-93.22222,44.98047],[-93.22392,44.98096],[-93.22613,44.98173],[-93.22603,44.98168],[-93.22238,44.97968],[-93.22307,44.97983],[-93.22376,44.97997],[-93.22446,44.98008],[-93.22517,44.98018],[-93.22588,44.98025],[-93.22694,44.98034],[-93.22829,44.98046],[-93.22861,44.98048],[-93.22883,44.9805],[-93.22937,44.98051],[-93.22987,44.98051],[-93.22991,44.98051],[-93.23045,44.98048],[-93.23099,44.98043],[-93.23213,44.98029],[-93.23232,44.98027]]]},"properties":{"id":"crime-bg-270531256003","layer":"crime_block_group","name":"Block group 3, tract 125600","county":"Hennepin","state":"MN","countyFips":"27053","attributes":{"geoid":"270531256003","tract":"125600","blockGroup":"3","statYear":2025,"firstYear":2018,"lastYear":2025,"total2018":55,"total2019":74,"total2020":131,"total2021":141,"total2022":90,"total2023":52,"total2024":58,"total2025":43,"reportedTotal":43,"reportedTotalBand":"25–44","suppressed":false},"confidence":"confirmed","sourceDate":"2025"}},{"type":"Feature","geometry":{"type":"Polygon","coordinates":[[[-93.30823,45.01324],[-93.30824,45.01322],[-93.30823,45.01144],[-93.30822,45.00963],[-93.30816,45.00963],[-93.30696,45.00962],[-93.30569,45.00962],[-93.30444,45.00961],[-93.30318,45.0096],[-93.30189,45.00959],[-93.30091,45.00959],[-93.30084,45.00959],[-93.30076,45.00959],[-93.30062,45.00959],[-93.30062,45.00972],[-93.30063,45.01138],[-93.30064,45.01319],[-93.30192,45.01319],[-93.30319,45.0132],[-93.30444,45.01321],[-93.3057,45.01322],[-93.30698,45.01323],[-93.30823,45.01324]]]},"properties":{"id":"crime-bg-270531257001","layer":"crime_block_group","name":"Block group 1, tract 125700","county":"Hennepin","state":"MN","countyFips":"27053","attributes":{"geoid":"270531257001","tract":"125700","blockGroup":"1","statYear":2025,"firstYear":2018,"lastYear":2025,"total2018":62,"total2019":60,"total2020":76,"total2021":64,"total2022":88,"total2023":98,"total2024":84,"total2025":67,"reportedTotal":67,"reportedTotalBand":"45–74","suppressed":false},"confidence":"confirmed","sourceDate":"2025"}},{"type":"Feature","geometry":{"type":"Polygon","coordinates":[[[-93.30822,45.00963],[-93.30821,45.00783],[-93.3082,45.00603],[-93.30693,45.00602],[-93.30567,45.00601],[-93.30441,45.00601],[-93.30315,45.006],[-93.30187,45.00599],[-93.30066,45.00599],[-93.30061,45.00599],[-93.30061,45.006],[-93.30062,45.00778],[-93.30062,45.0093],[-93.30062,45.00943],[-93.30062,45.00959],[-93.30076,45.00959],[-93.30084,45.00959],[-93.30091,45.00959],[-93.30189,45.00959],[-93.30318,45.0096],[-93.30444,45.00961],[-93.30569,45.00962],[-93.30696,45.00962],[-93.30816,45.00963],[-93.30822,45.00963]]]},"properties":{"id":"crime-bg-270531257002","layer":"crime_block_group","name":"Block group 2, tract 125700","county":"Hennepin","state":"MN","countyFips":"27053","attributes":{"geoid":"270531257002","tract":"125700","blockGroup":"2","statYear":2025,"firstYear":2018,"lastYear":2025,"total2018":32,"total2019":28,"total2020":49,"total2021":45,"total2022":58,"total2023":52,"total2024":65,"total2025":44,"reportedTotal":44,"reportedTotalBand":"25–44","suppressed":false},"confidence":"confirmed","sourceDate":"2025"}},{"type":"Feature","geometry":{"type":"Polygon","coordinates":[[[-93.30064,45.01319],[-93.30063,45.01138],[-93.30062,45.00972],[-93.30062,45.00959],[-93.30062,45.00943],[-93.30062,45.0093],[-93.30062,45.00778],[-93.30061,45.006],[-93.30061,45.00599],[-93.29934,45.00598],[-93.2981,45.00597],[-93.29803,45.00597],[-93.29715,45.00597],[-93.29684,45.00597],[-93.29562,45.00596],[-93.29557,45.00596],[-93.2942,45.00595],[-93.29431,45.00623],[-93.29431,45.00775],[-93.29431,45.00954],[-93.29431,45.01134],[-93.2943,45.01313],[-93.29431,45.01315],[-93.29519,45.01315],[-93.29556,45.01316],[-93.2963,45.01316],[-93.29684,45.01316],[-93.29808,45.01317],[-93.29811,45.01317],[-93.29936,45.01318],[-93.29938,45.01318],[-93.30064,45.01319]]]},"properties":{"id":"crime-bg-270531257003","layer":"crime_block_group","name":"Block group 3, tract 125700","county":"Hennepin","state":"MN","countyFips":"27053","attributes":{"geoid":"270531257003","tract":"125700","blockGroup":"3","statYear":2025,"firstYear":2018,"lastYear":2025,"total2018":86,"total2019":102,"total2020":110,"total2021":93,"total2022":134,"total2023":131,"total2024":128,"total2025":114,"reportedTotal":114,"reportedTotalBand":"75–114","suppressed":false},"confidence":"confirmed","sourceDate":"2025"}},{"type":"Feature","geometry":{"type":"Polygon","coordinates":[[[-93.26257,44.95555],[-93.26258,44.95553],[-93.26131,44.95553],[-93.26003,44.95553],[-93.26006,44.95375],[-93.25751,44.95374],[-93.25748,44.95553],[-93.25746,44.95734],[-93.25744,44.95912],[-93.25746,44.95913],[-93.25816,44.95913],[-93.2587,44.95913],[-93.25963,44.95913],[-93.25997,44.95913],[-93.26107,44.95912],[-93.26125,44.95912],[-93.26127,44.95912],[-93.26256,44.95912],[-93.26256,44.95846],[-93.26255,44.95732],[-93.26257,44.95555]]]},"properties":{"id":"crime-bg-270531258001","layer":"crime_block_group","name":"Block group 1, tract 125800","county":"Hennepin","state":"MN","countyFips":"27053","attributes":{"geoid":"270531258001","tract":"125800","blockGroup":"1","statYear":2025,"firstYear":2018,"lastYear":2025,"total2018":57,"total2019":112,"total2020":150,"total2021":94,"total2022":105,"total2023":113,"total2024":144,"total2025":91,"reportedTotal":91,"reportedTotalBand":"75–114","suppressed":false},"confidence":"confirmed","sourceDate":"2025"}},{"type":"Feature","geometry":{"type":"Polygon","coordinates":[[[-93.25748,44.95553],[-93.25751,44.95374],[-93.25624,44.95375],[-93.25498,44.95375],[-93.2537,44.95375],[-93.25247,44.95375],[-93.25244,44.95375],[-93.25242,44.95553],[-93.25238,44.95733],[-93.25234,44.95913],[-93.25352,44.95913],[-93.25362,44.95913],[-93.25489,44.95913],[-93.25494,44.95913],[-93.25613,44.95913],[-93.25616,44.95913],[-93.25744,44.95912],[-93.25746,44.95734],[-93.25748,44.95553]]]},"properties":{"id":"crime-bg-270531258002","layer":"crime_block_group","name":"Block group 2, tract 125800","county":"Hennepin","state":"MN","countyFips":"27053","attributes":{"geoid":"270531258002","tract":"125800","blockGroup":"2","statYear":2025,"firstYear":2018,"lastYear":2025,"total2018":85,"total2019":126,"total2020":168,"total2021":141,"total2022":124,"total2023":100,"total2024":117,"total2025":87,"reportedTotal":87,"reportedTotalBand":"75–114","suppressed":false},"confidence":"confirmed","sourceDate":"2025"}},{"type":"Feature","geometry":{"type":"Polygon","coordinates":[[[-93.25756,44.95006],[-93.25758,44.94836],[-93.25756,44.94836],[-93.25632,44.94836],[-93.25506,44.94836],[-93.25378,44.94836],[-93.2525,44.94836],[-93.25248,44.95005],[-93.25248,44.95026],[-93.25248,44.95035],[-93.25246,44.95195],[-93.25246,44.95197],[-93.25244,44.95375],[-93.25247,44.95375],[-93.2537,44.95375],[-93.25498,44.95375],[-93.25624,44.95375],[-93.25751,44.95374],[-93.25752,44.95279],[-93.25754,44.95195],[-93.25756,44.95034],[-93.25756,44.95025],[-93.25756,44.95006]]]},"properties":{"id":"crime-bg-270531258003","layer":"crime_block_group","name":"Block group 3, tract 125800","county":"Hennepin","state":"MN","countyFips":"27053","attributes":{"geoid":"270531258003","tract":"125800","blockGroup":"3","statYear":2025,"firstYear":2018,"lastYear":2025,"total2018":84,"total2019":73,"total2020":139,"total2021":119,"total2022":196,"total2023":120,"total2024":152,"total2025":130,"reportedTotal":130,"reportedTotalBand":"115+","suppressed":false},"confidence":"confirmed","sourceDate":"2025"}},{"type":"Feature","geometry":{"type":"Polygon","coordinates":[[[-93.26265,44.95026],[-93.26267,44.94836],[-93.26138,44.94836],[-93.26012,44.94836],[-93.25885,44.94836],[-93.25758,44.94836],[-93.25756,44.95006],[-93.25756,44.95025],[-93.25756,44.95034],[-93.25754,44.95195],[-93.25752,44.95279],[-93.25751,44.95374],[-93.26006,44.95375],[-93.26003,44.95553],[-93.26131,44.95553],[-93.26258,44.95553],[-93.26259,44.95375],[-93.26261,44.95194],[-93.26263,44.95193],[-93.26265,44.95035],[-93.26265,44.95026]]]},"properties":{"id":"crime-bg-270531258004","layer":"crime_block_group","name":"Block group 4, tract 125800","county":"Hennepin","state":"MN","countyFips":"27053","attributes":{"geoid":"270531258004","tract":"125800","blockGroup":"4","statYear":2025,"firstYear":2018,"lastYear":2025,"total2018":116,"total2019":164,"total2020":137,"total2021":121,"total2022":102,"total2023":127,"total2024":141,"total2025":111,"reportedTotal":111,"reportedTotalBand":"75–114","suppressed":false},"confidence":"confirmed","sourceDate":"2025"}},{"type":"Feature","geometry":{"type":"Polygon","coordinates":[[[-93.25248,44.95005],[-93.2525,44.94836],[-93.25121,44.94837],[-93.24994,44.94837],[-93.24868,44.94837],[-93.24741,44.94837],[-93.24613,44.94837],[-93.24488,44.94837],[-93.24361,44.94837],[-93.24235,44.94837],[-93.24063,44.94837],[-93.24034,44.94837],[-93.23894,44.94837],[-93.23874,44.94837],[-93.23835,44.94837],[-93.23807,44.94837],[-93.23818,44.94853],[-93.23892,44.94954],[-93.23944,44.95018],[-93.24055,44.95157],[-93.24087,44.95198],[-93.24118,44.95196],[-93.24124,44.95196],[-93.24218,44.95196],[-93.24232,44.95196],[-93.24271,44.95196],[-93.24343,44.95196],[-93.2436,44.95196],[-93.24442,44.95196],[-93.24611,44.95196],[-93.24738,44.95195],[-93.24866,44.95195],[-93.24992,44.95195],[-93.25119,44.95195],[-93.25246,44.95195],[-93.25248,44.95035],[-93.25248,44.95026],[-93.25248,44.95005]]]},"properties":{"id":"crime-bg-270531259001","layer":"crime_block_group","name":"Block group 1, tract 125900","county":"Hennepin","state":"MN","countyFips":"27053","attributes":{"geoid":"270531259001","tract":"125900","blockGroup":"1","statYear":2025,"firstYear":2018,"lastYear":2025,"total2018":73,"total2019":82,"total2020":165,"total2021":136,"total2022":112,"total2023":91,"total2024":87,"total2025":108,"reportedTotal":108,"reportedTotalBand":"75–114","suppressed":false},"confidence":"confirmed","sourceDate":"2025"}},{"type":"Feature","geometry":{"type":"Polygon","coordinates":[[[-93.25238,44.95733],[-93.25242,44.95553],[-93.25115,44.95553],[-93.24989,44.95553],[-93.24867,44.95553],[-93.24862,44.95553],[-93.24855,44.95553],[-93.24738,44.95554],[-93.24735,44.95554],[-93.24608,44.95554],[-93.24406,44.95555],[-93.24379,44.95555],[-93.24322,44.95555],[-93.24297,44.95555],[-93.24321,44.95602],[-93.24349,44.9565],[-93.24411,44.95742],[-93.24472,44.95817],[-93.24509,44.95855],[-93.24569,44.95915],[-93.24595,44.95941],[-93.24618,44.95962],[-93.24624,44.95969],[-93.24652,44.95996],[-93.24667,44.9601],[-93.2469,44.96032],[-93.2473,44.96069],[-93.24755,44.96092],[-93.24794,44.96092],[-93.2482,44.96092],[-93.24833,44.96091],[-93.24857,44.96093],[-93.24873,44.96093],[-93.24984,44.96093],[-93.24983,44.95914],[-93.25111,44.95913],[-93.25234,44.95913],[-93.25238,44.95733]]]},"properties":{"id":"crime-bg-270531259002","layer":"crime_block_group","name":"Block group 2, tract 125900","county":"Hennepin","state":"MN","countyFips":"27053","attributes":{"geoid":"270531259002","tract":"125900","blockGroup":"2","statYear":2025,"firstYear":2018,"lastYear":2025,"total2018":101,"total2019":120,"total2020":140,"total2021":125,"total2022":119,"total2023":124,"total2024":116,"total2025":124,"reportedTotal":124,"reportedTotalBand":"115+","suppressed":false},"confidence":"confirmed","sourceDate":"2025"}},{"type":"Feature","geometry":{"type":"Polygon","coordinates":[[[-93.25246,44.95197],[-93.25246,44.95195],[-93.25119,44.95195],[-93.24992,44.95195],[-93.24866,44.95195],[-93.24738,44.95195],[-93.24611,44.95196],[-93.24442,44.95196],[-93.2436,44.95196],[-93.24343,44.95196],[-93.24271,44.95196],[-93.24232,44.95196],[-93.24218,44.95196],[-93.24124,44.95196],[-93.24118,44.95196],[-93.24087,44.95198],[-93.24123,44.95245],[-93.24189,44.95359],[-93.24231,44.95434],[-93.24247,44.95464],[-93.24253,44.95475],[-93.24297,44.95555],[-93.24322,44.95555],[-93.24379,44.95555],[-93.24406,44.95555],[-93.24608,44.95554],[-93.24735,44.95554],[-93.24738,44.95554],[-93.24855,44.95553],[-93.24862,44.95553],[-93.24867,44.95553],[-93.24989,44.95553],[-93.25115,44.95553],[-93.25242,44.95553],[-93.25244,44.95375],[-93.25246,44.95197]]]},"properties":{"id":"crime-bg-270531259003","layer":"crime_block_group","name":"Block group 3, tract 125900","county":"Hennepin","state":"MN","countyFips":"27053","attributes":{"geoid":"270531259003","tract":"125900","blockGroup":"3","statYear":2025,"firstYear":2018,"lastYear":2025,"total2018":74,"total2019":99,"total2020":108,"total2021":98,"total2022":95,"total2023":78,"total2024":90,"total2025":79,"reportedTotal":79,"reportedTotalBand":"75–114","suppressed":false},"confidence":"confirmed","sourceDate":"2025"}},{"type":"Feature","geometry":{"type":"Polygon","coordinates":[[[-93.26767,44.95552],[-93.26769,44.95374],[-93.26642,44.95374],[-93.26514,44.95374],[-93.26386,44.95374],[-93.26259,44.95375],[-93.26258,44.95553],[-93.26384,44.95553],[-93.26512,44.95553],[-93.26639,44.95553],[-93.26764,44.95553],[-93.26767,44.95552]]]},"properties":{"id":"crime-bg-270531260001","layer":"crime_block_group","name":"Block group 1, tract 126000","county":"Hennepin","state":"MN","countyFips":"27053","attributes":{"geoid":"270531260001","tract":"126000","blockGroup":"1","statYear":2025,"firstYear":2018,"lastYear":2025,"total2018":23,"total2019":44,"total2020":41,"total2021":40,"total2022":44,"total2023":59,"total2024":68,"total2025":52,"reportedTotal":52,"reportedTotalBand":"45–74","suppressed":false},"confidence":"confirmed","sourceDate":"2025"}},{"type":"Feature","geometry":{"type":"Polygon","coordinates":[[[-93.26767,44.95732],[-93.26767,44.95552],[-93.26764,44.95553],[-93.26639,44.95553],[-93.26512,44.95553],[-93.26384,44.95553],[-93.26258,44.95553],[-93.26257,44.95555],[-93.26255,44.95732],[-93.26256,44.95846],[-93.26256,44.95912],[-93.26255,44.95914],[-93.26256,44.96092],[-93.26279,44.96095],[-93.2633,44.96092],[-93.26511,44.96091],[-93.26635,44.9609],[-93.26642,44.96091],[-93.26648,44.9609],[-93.26766,44.9609],[-93.26766,44.9592],[-93.26766,44.95911],[-93.26767,44.95732]]]},"properties":{"id":"crime-bg-270531260002","layer":"crime_block_group","name":"Block group 2, tract 126000","county":"Hennepin","state":"MN","countyFips":"27053","attributes":{"geoid":"270531260002","tract":"126000","blockGroup":"2","statYear":2025,"firstYear":2018,"lastYear":2025,"total2018":59,"total2019":81,"total2020":74,"total2021":81,"total2022":76,"total2023":96,"total2024":83,"total2025":61,"reportedTotal":61,"reportedTotalBand":"45–74","suppressed":false},"confidence":"confirmed","sourceDate":"2025"}},{"type":"Feature","geometry":{"type":"Polygon","coordinates":[[[-93.27461,44.9489],[-93.27463,44.94835],[-93.27414,44.94835],[-93.27412,44.94836],[-93.27286,44.94835],[-93.2716,44.94835],[-93.27158,44.94835],[-93.27031,44.94835],[-93.26903,44.94835],[-93.26795,44.94835],[-93.26776,44.94835],[-93.26774,44.95006],[-93.26774,44.95023],[-93.26773,44.95031],[-93.26772,44.95194],[-93.26769,44.95373],[-93.26769,44.95374],[-93.26767,44.95552],[-93.26767,44.95732],[-93.26766,44.95911],[-93.26766,44.9592],[-93.26766,44.9609],[-93.26768,44.96089],[-93.26897,44.96089],[-93.26924,44.96089],[-93.26941,44.9609],[-93.26975,44.96091],[-93.26996,44.96092],[-93.26998,44.96023],[-93.26998,44.95921],[-93.26998,44.95912],[-93.26988,44.95912],[-93.26965,44.95912],[-93.26953,44.95912],[-93.26951,44.95901],[-93.26948,44.95888],[-93.26946,44.95882],[-93.26944,44.95871],[-93.2694,44.95852],[-93.26938,44.95839],[-93.26937,44.95825],[-93.26935,44.95811],[-93.26934,44.95798],[-93.26934,44.95781],[-93.26936,44.95771],[-93.26937,44.95759],[-93.26941,44.95732],[-93.26947,44.95695],[-93.26953,44.95676],[-93.26958,44.95662],[-93.26965,44.95646],[-93.26982,44.95614],[-93.27002,44.95581],[-93.27021,44.95553],[-93.27048,44.95518],[-93.2717,44.95375],[-93.27279,44.95242],[-93.27307,44.95208],[-93.27319,44.95194],[-93.27339,44.95172],[-93.27349,44.95162],[-93.27374,44.95129],[-93.27398,44.95095],[-93.27418,44.95058],[-93.2743,44.95032],[-93.27436,44.95018],[-93.27445,44.95],[-93.27449,44.94989],[-93.27452,44.94978],[-93.27455,44.94967],[-93.27457,44.94954],[-93.27459,44.94941],[-93.2746,44.9493],[-93.27461,44.94907],[-93.27461,44.9489]]]},"properties":{"id":"crime-bg-270531260003","layer":"crime_block_group","name":"Block group 3, tract 126000","county":"Hennepin","state":"MN","countyFips":"27053","attributes":{"geoid":"270531260003","tract":"126000","blockGroup":"3","statYear":2025,"firstYear":2018,"lastYear":2025,"total2018":62,"total2019":76,"total2020":62,"total2021":81,"total2022":94,"total2023":87,"total2024":92,"total2025":76,"reportedTotal":76,"reportedTotalBand":"75–114","suppressed":false},"confidence":"confirmed","sourceDate":"2025"}},{"type":"Feature","geometry":{"type":"Polygon","coordinates":[[[-93.26774,44.95006],[-93.26776,44.94835],[-93.2677,44.94835],[-93.2665,44.94835],[-93.26648,44.94835],[-93.26521,44.94835],[-93.26396,44.94835],[-93.26267,44.94836],[-93.26265,44.95026],[-93.26265,44.95035],[-93.26263,44.95193],[-93.26261,44.95194],[-93.26259,44.95375],[-93.26386,44.95374],[-93.26514,44.95374],[-93.26642,44.95374],[-93.26769,44.95374],[-93.26769,44.95373],[-93.26772,44.95194],[-93.26773,44.95031],[-93.26774,44.95023],[-93.26774,44.95006]]]},"properties":{"id":"crime-bg-270531260004","layer":"crime_block_group","name":"Block group 4, tract 126000","county":"Hennepin","state":"MN","countyFips":"27053","attributes":{"geoid":"270531260004","tract":"126000","blockGroup":"4","statYear":2025,"firstYear":2018,"lastYear":2025,"total2018":88,"total2019":141,"total2020":166,"total2021":102,"total2022":134,"total2023":155,"total2024":151,"total2025":98,"reportedTotal":98,"reportedTotalBand":"75–114","suppressed":false},"confidence":"confirmed","sourceDate":"2025"}},{"type":"Feature","geometry":{"type":"Polygon","coordinates":[[[-93.26611,44.98426],[-93.26681,44.9838],[-93.26523,44.98315],[-93.26383,44.98258],[-93.26466,44.98158],[-93.26547,44.9806],[-93.26547,44.98057],[-93.26544,44.98057],[-93.26407,44.98],[-93.2627,44.97942],[-93.26135,44.97885],[-93.25997,44.97826],[-93.25981,44.97846],[-93.25914,44.97927],[-93.25856,44.97995],[-93.25851,44.98001],[-93.25847,44.98006],[-93.25817,44.98041],[-93.25775,44.98097],[-93.25765,44.98113],[-93.25741,44.98146],[-93.25712,44.98187],[-93.25999,44.98304],[-93.26047,44.98322],[-93.26351,44.98507],[-93.26391,44.98536],[-93.26461,44.98507],[-93.26535,44.98475],[-93.26542,44.98471],[-93.26549,44.98466],[-93.26591,44.98439],[-93.26611,44.98426]]]},"properties":{"id":"crime-bg-270531261011","layer":"crime_block_group","name":"Block group 1, tract 126101","county":"Hennepin","state":"MN","countyFips":"27053","attributes":{"geoid":"270531261011","tract":"126101","blockGroup":"1","statYear":2025,"firstYear":2018,"lastYear":2025,"total2018":69,"total2019":99,"total2020":107,"total2021":112,"total2022":132,"total2023":93,"total2024":102,"total2025":94,"reportedTotal":94,"reportedTotalBand":"75–114","suppressed":false},"confidence":"confirmed","sourceDate":"2025"}},{"type":"Feature","geometry":{"type":"Polygon","coordinates":[[[-93.26907,44.98215],[-93.2682,44.98177],[-93.26685,44.98119],[-93.26604,44.98217],[-93.26523,44.98315],[-93.26681,44.9838],[-93.26795,44.98296],[-93.26907,44.98215]]]},"properties":{"id":"crime-bg-270531261012","layer":"crime_block_group","name":"Block group 2, tract 126101","county":"Hennepin","state":"MN","countyFips":"27053","attributes":{"geoid":"270531261012","tract":"126101","blockGroup":"2","statYear":2025,"firstYear":2018,"lastYear":2025,"total2018":27,"total2019":19,"total2020":13,"total2021":9,"total2022":30,"total2023":15,"total2024":29,"total2025":14,"reportedTotal":14,"reportedTotalBand":"0–24","suppressed":false},"confidence":"confirmed","sourceDate":"2025"}},{"type":"Feature","geometry":{"type":"Polygon","coordinates":[[[-93.26604,44.98217],[-93.26685,44.98119],[-93.26547,44.98057],[-93.26547,44.9806],[-93.26466,44.98158],[-93.26383,44.98258],[-93.26523,44.98315],[-93.26604,44.98217]]]},"properties":{"id":"crime-bg-270531261013","layer":"crime_block_group","name":"Block group 3, tract 126101","county":"Hennepin","state":"MN","countyFips":"27053","attributes":{"geoid":"270531261013","tract":"126101","blockGroup":"3","statYear":2025,"firstYear":2018,"lastYear":2025,"total2018":41,"total2019":70,"total2020":63,"total2021":51,"total2022":60,"total2023":26,"total2024":34,"total2025":26,"reportedTotal":26,"reportedTotalBand":"25–44","suppressed":false},"confidence":"confirmed","sourceDate":"2025"}},{"type":"Feature","geometry":{"type":"Polygon","coordinates":[[[-93.2687,44.97668],[-93.26951,44.97572],[-93.26814,44.97515],[-93.26678,44.97458],[-93.26541,44.97401],[-93.2646,44.97497],[-93.26379,44.97592],[-93.26243,44.97535],[-93.26238,44.9754],[-93.26162,44.97631],[-93.26108,44.97695],[-93.2608,44.97727],[-93.25997,44.97826],[-93.26135,44.97885],[-93.2627,44.97942],[-93.26407,44.98],[-93.26544,44.98057],[-93.26547,44.98057],[-93.26627,44.9796],[-93.26708,44.97862],[-93.26783,44.97771],[-93.26788,44.97765],[-93.2687,44.97668]]]},"properties":{"id":"crime-bg-270531261021","layer":"crime_block_group","name":"Block group 1, tract 126102","county":"Hennepin","state":"MN","countyFips":"27053","attributes":{"geoid":"270531261021","tract":"126102","blockGroup":"1","statYear":2025,"firstYear":2018,"lastYear":2025,"total2018":70,"total2019":85,"total2020":55,"total2021":34,"total2022":113,"total2023":114,"total2024":126,"total2025":114,"reportedTotal":114,"reportedTotalBand":"75–114","suppressed":false},"confidence":"confirmed","sourceDate":"2025"}},{"type":"Feature","geometry":{"type":"Polygon","coordinates":[[[-93.26238,44.9754],[-93.26243,44.97535],[-93.26106,44.97478],[-93.26056,44.97456],[-93.26049,44.97453],[-93.26044,44.9745],[-93.26041,44.97448],[-93.26034,44.97444],[-93.26025,44.97436],[-93.26022,44.97432],[-93.26015,44.97426],[-93.2601,44.97416],[-93.26006,44.97397],[-93.26005,44.97388],[-93.26006,44.97379],[-93.26006,44.97375],[-93.26049,44.97325],[-93.25913,44.97268],[-93.25777,44.97211],[-93.25728,44.9719],[-93.25641,44.97153],[-93.25505,44.97096],[-93.25376,44.97038],[-93.25337,44.97019],[-93.25322,44.9701],[-93.2531,44.97003],[-93.25304,44.97],[-93.253,44.97008],[-93.25293,44.97022],[-93.25292,44.97026],[-93.2528,44.97045],[-93.25277,44.97051],[-93.25271,44.97058],[-93.2526,44.97072],[-93.25254,44.97082],[-93.25224,44.97119],[-93.25184,44.97165],[-93.25156,44.972],[-93.25147,44.9721],[-93.25139,44.97219],[-93.25135,44.97223],[-93.25091,44.97271],[-93.25089,44.97273],[-93.25057,44.9731],[-93.25022,44.97347],[-93.24999,44.97369],[-93.24991,44.97375],[-93.2497,44.97393],[-93.25043,44.97424],[-93.25049,44.97426],[-93.25178,44.9748],[-93.25314,44.97538],[-93.2545,44.97595],[-93.25593,44.97656],[-93.25653,44.97681],[-93.25724,44.97711],[-93.25861,44.97769],[-93.25997,44.97826],[-93.2608,44.97727],[-93.26108,44.97695],[-93.26162,44.97631],[-93.26238,44.9754]]]},"properties":{"id":"crime-bg-270531261022","layer":"crime_block_group","name":"Block group 2, tract 126102","county":"Hennepin","state":"MN","countyFips":"27053","attributes":{"geoid":"270531261022","tract":"126102","blockGroup":"2","statYear":2025,"firstYear":2018,"lastYear":2025,"total2018":152,"total2019":120,"total2020":72,"total2021":60,"total2022":149,"total2023":159,"total2024":165,"total2025":149,"reportedTotal":149,"reportedTotalBand":"115+","suppressed":false},"confidence":"confirmed","sourceDate":"2025"}},{"type":"Feature","geometry":{"type":"Polygon","coordinates":[[[-93.25981,44.97846],[-93.25997,44.97826],[-93.25861,44.97769],[-93.25724,44.97711],[-93.25653,44.97681],[-93.25593,44.97656],[-93.2545,44.97595],[-93.25314,44.97538],[-93.25178,44.9748],[-93.25049,44.97426],[-93.25043,44.97424],[-93.2497,44.97393],[-93.24872,44.97472],[-93.24833,44.97499],[-93.24711,44.97582],[-93.24675,44.97616],[-93.24656,44.97636],[-93.2464,44.97655],[-93.24631,44.97667],[-93.24619,44.97687],[-93.24613,44.97697],[-93.24603,44.97714],[-93.24589,44.97737],[-93.24582,44.97751],[-93.24575,44.9777],[-93.24555,44.9784],[-93.24541,44.97885],[-93.24575,44.97891],[-93.24787,44.97886],[-93.25024,44.97937],[-93.25063,44.97947],[-93.2514,44.97966],[-93.25142,44.97966],[-93.25264,44.98017],[-93.25373,44.98062],[-93.25385,44.98067],[-93.25429,44.98085],[-93.25506,44.98113],[-93.25582,44.9814],[-93.25712,44.98187],[-93.25741,44.98146],[-93.25765,44.98113],[-93.25775,44.98097],[-93.25817,44.98041],[-93.25847,44.98006],[-93.25851,44.98001],[-93.25856,44.97995],[-93.25914,44.97927],[-93.25981,44.97846]]]},"properties":{"id":"crime-bg-270531261023","layer":"crime_block_group","name":"Block group 3, tract 126102","county":"Hennepin","state":"MN","countyFips":"27053","attributes":{"geoid":"270531261023","tract":"126102","blockGroup":"3","statYear":2025,"firstYear":2018,"lastYear":2025,"total2018":64,"total2019":129,"total2020":124,"total2021":123,"total2022":89,"total2023":65,"total2024":103,"total2025":83,"reportedTotal":83,"reportedTotalBand":"75–114","suppressed":false},"confidence":"confirmed","sourceDate":"2025"}},{"type":"Feature","geometry":{"type":"Polygon","coordinates":[[[-93.2737,44.97879],[-93.27482,44.97798],[-93.27224,44.97687],[-93.27087,44.97629],[-93.26951,44.97572],[-93.2687,44.97668],[-93.26788,44.97765],[-93.26783,44.97771],[-93.26708,44.97862],[-93.26627,44.9796],[-93.26547,44.98057],[-93.26685,44.98119],[-93.2682,44.98177],[-93.26907,44.98215],[-93.2691,44.98212],[-93.27023,44.9813],[-93.27138,44.98047],[-93.2714,44.98045],[-93.27142,44.98044],[-93.27247,44.97968],[-93.27252,44.97964],[-93.27256,44.97962],[-93.27367,44.97882],[-93.2737,44.97879]]]},"properties":{"id":"crime-bg-270531261024","layer":"crime_block_group","name":"Block group 4, tract 126102","county":"Hennepin","state":"MN","countyFips":"27053","attributes":{"geoid":"270531261024","tract":"126102","blockGroup":"4","statYear":2025,"firstYear":2018,"lastYear":2025,"total2018":661,"total2019":1176,"total2020":492,"total2021":563,"total2022":491,"total2023":388,"total2024":302,"total2025":263,"reportedTotal":263,"reportedTotalBand":"115+","suppressed":false},"confidence":"confirmed","sourceDate":"2025"}},{"type":"Feature","geometry":{"type":"Polygon","coordinates":[[[-93.27865,44.98076],[-93.27847,44.98063],[-93.27832,44.98051],[-93.27814,44.98038],[-93.27801,44.98029],[-93.27779,44.98014],[-93.27766,44.98004],[-93.27758,44.97993],[-93.27751,44.97982],[-93.27745,44.97972],[-93.27736,44.97946],[-93.27707,44.97921],[-93.27697,44.97909],[-93.27685,44.97898],[-93.27671,44.97889],[-93.27646,44.97883],[-93.27596,44.97883],[-93.27482,44.97798],[-93.2737,44.97879],[-93.27367,44.97882],[-93.27256,44.97962],[-93.27252,44.97964],[-93.27247,44.97968],[-93.27142,44.98044],[-93.2714,44.98045],[-93.27138,44.98047],[-93.27023,44.9813],[-93.2691,44.98212],[-93.26907,44.98215],[-93.2692,44.98221],[-93.27026,44.98294],[-93.2714,44.98373],[-93.27218,44.98428],[-93.27251,44.98452],[-93.27256,44.98449],[-93.27281,44.98432],[-93.27312,44.98409],[-93.27371,44.98367],[-93.27391,44.98352],[-93.27482,44.98287],[-93.27598,44.98204],[-93.2766,44.9816],[-93.27708,44.98135],[-93.27717,44.98131],[-93.27739,44.9812],[-93.27771,44.98107],[-93.27805,44.98096],[-93.27865,44.98076]]]},"properties":{"id":"crime-bg-270531261025","layer":"crime_block_group","name":"Block group 5, tract 126102","county":"Hennepin","state":"MN","countyFips":"27053","attributes":{"geoid":"270531261025","tract":"126102","blockGroup":"5","statYear":2025,"firstYear":2018,"lastYear":2025,"total2018":264,"total2019":255,"total2020":84,"total2021":130,"total2022":369,"total2023":272,"total2024":286,"total2025":249,"reportedTotal":249,"reportedTotalBand":"115+","suppressed":false},"confidence":"confirmed","sourceDate":"2025"}},{"type":"Feature","geometry":{"type":"Polygon","coordinates":[[[-93.28863,44.98424],[-93.28856,44.98367],[-93.28848,44.98335],[-93.28843,44.98308],[-93.28832,44.98262],[-93.28823,44.98226],[-93.28812,44.98173],[-93.28808,44.98159],[-93.28805,44.98144],[-93.28804,44.98122],[-93.28804,44.98079],[-93.28804,44.98067],[-93.28804,44.97949],[-93.28805,44.97926],[-93.28806,44.97896],[-93.28807,44.97786],[-93.28807,44.97766],[-93.28807,44.97736],[-93.28807,44.97722],[-93.28804,44.97606],[-93.28804,44.97582],[-93.28804,44.97571],[-93.28804,44.97546],[-93.28805,44.97509],[-93.28806,44.97493],[-93.28786,44.97495],[-93.28757,44.97497],[-93.28734,44.97498],[-93.28654,44.97504],[-93.28625,44.97507],[-93.28596,44.9751],[-93.28577,44.97509],[-93.28558,44.9751],[-93.28482,44.97514],[-93.28296,44.97533],[-93.28269,44.97538],[-93.28261,44.9754],[-93.28248,44.97543],[-93.28243,44.97545],[-93.28218,44.97554],[-93.28194,44.97565],[-93.28173,44.97577],[-93.28153,44.97592],[-93.28142,44.97601],[-93.28131,44.97611],[-93.28123,44.97621],[-93.2813,44.97638],[-93.28135,44.97648],[-93.28152,44.97688],[-93.28161,44.97698],[-93.28158,44.9779],[-93.28153,44.97893],[-93.28126,44.97899],[-93.28109,44.97903],[-93.281,44.97906],[-93.28089,44.9791],[-93.28075,44.9792],[-93.28021,44.97964],[-93.27974,44.98003],[-93.2796,44.98014],[-93.27951,44.98023],[-93.27877,44.98072],[-93.27865,44.98076],[-93.27891,44.98097],[-93.2794,44.98138],[-93.27958,44.98153],[-93.27969,44.98162],[-93.28026,44.98206],[-93.28036,44.98211],[-93.28059,44.98214],[-93.28164,44.9829],[-93.28296,44.98384],[-93.28343,44.98417],[-93.28382,44.98444],[-93.28519,44.98534],[-93.28553,44.98557],[-93.28553,44.98634],[-93.28553,44.98635],[-93.28551,44.98654],[-93.28547,44.98668],[-93.28538,44.98685],[-93.28528,44.98696],[-93.2841,44.98784],[-93.28324,44.98844],[-93.28303,44.98859],[-93.28287,44.9887],[-93.28231,44.98909],[-93.2818,44.98944],[-93.28127,44.98982],[-93.2806,44.99029],[-93.28093,44.9909],[-93.28125,44.99149],[-93.28143,44.9919],[-93.28143,44.99198],[-93.28294,44.99197],[-93.28379,44.99196],[-93.28406,44.99196],[-93.28421,44.99196],[-93.28485,44.99195],[-93.28495,44.99195],[-93.28532,44.99195],[-93.28558,44.99195],[-93.28604,44.99194],[-93.28787,44.99195],[-93.28799,44.99195],[-93.28799,44.99193],[-93.28799,44.99146],[-93.28796,44.99115],[-93.28792,44.99086],[-93.28787,44.99067],[-93.28777,44.99018],[-93.28769,44.98982],[-93.28776,44.98972],[-93.28791,44.98947],[-93.28808,44.9892],[-93.28822,44.98893],[-93.28824,44.98887],[-93.28835,44.98861],[-93.28845,44.98828],[-93.2885,44.98794],[-93.28853,44.98765],[-93.2885,44.98735],[-93.28849,44.98718],[-93.28847,44.987],[-93.28843,44.98684],[-93.28842,44.9868],[-93.2883,44.98636],[-93.28824,44.98601],[-93.28809,44.98537],[-93.2879,44.98462],[-93.28786,44.98446],[-93.2878,44.98433],[-93.28779,44.98426],[-93.28796,44.98425],[-93.28814,44.98425],[-93.28831,44.98424],[-93.28863,44.98424]]]},"properties":{"id":"crime-bg-270531262011","layer":"crime_block_group","name":"Block group 1, tract 126201","county":"Hennepin","state":"MN","countyFips":"27053","attributes":{"geoid":"270531262011","tract":"126201","blockGroup":"1","statYear":2025,"firstYear":2018,"lastYear":2025,"total2018":39,"total2019":29,"total2020":25,"total2021":47,"total2022":69,"total2023":65,"total2024":70,"total2025":70,"reportedTotal":70,"reportedTotalBand":"45–74","suppressed":false},"confidence":"confirmed","sourceDate":"2025"}},{"type":"Feature","geometry":{"type":"Polygon","coordinates":[[[-93.28231,44.98909],[-93.28287,44.9887],[-93.2819,44.98792],[-93.28126,44.98746],[-93.27895,44.9858],[-93.27837,44.98621],[-93.27779,44.98661],[-93.27718,44.98705],[-93.27664,44.98744],[-93.27721,44.98785],[-93.27779,44.98827],[-93.27824,44.98859],[-93.27863,44.98886],[-93.27971,44.98962],[-93.28056,44.99023],[-93.2806,44.99029],[-93.28127,44.98982],[-93.2818,44.98944],[-93.28231,44.98909]]]},"properties":{"id":"crime-bg-270531262012","layer":"crime_block_group","name":"Block group 2, tract 126201","county":"Hennepin","state":"MN","countyFips":"27053","attributes":{"geoid":"270531262012","tract":"126201","blockGroup":"2","statYear":2025,"firstYear":2018,"lastYear":2025,"total2018":15,"total2019":8,"total2020":15,"total2021":16,"total2022":75,"total2023":61,"total2024":66,"total2025":69,"reportedTotal":69,"reportedTotalBand":"45–74","suppressed":false},"confidence":"confirmed","sourceDate":"2025"}},{"type":"Feature","geometry":{"type":"Polygon","coordinates":[[[-93.28553,44.98634],[-93.28553,44.98557],[-93.28519,44.98534],[-93.28382,44.98444],[-93.28343,44.98417],[-93.28296,44.98384],[-93.28164,44.9829],[-93.28059,44.98214],[-93.28036,44.98211],[-93.28026,44.98206],[-93.27969,44.98162],[-93.27958,44.98153],[-93.2794,44.98138],[-93.27891,44.98097],[-93.27865,44.98076],[-93.27805,44.98096],[-93.27771,44.98107],[-93.27739,44.9812],[-93.27717,44.98131],[-93.27708,44.98135],[-93.2766,44.9816],[-93.27598,44.98204],[-93.27482,44.98287],[-93.27391,44.98352],[-93.27371,44.98367],[-93.27312,44.98409],[-93.27281,44.98432],[-93.27256,44.98449],[-93.27251,44.98452],[-93.27322,44.98501],[-93.27379,44.98542],[-93.27474,44.98609],[-93.27475,44.9861],[-93.27587,44.9869],[-93.27664,44.98744],[-93.27718,44.98705],[-93.27779,44.98661],[-93.27837,44.98621],[-93.27895,44.9858],[-93.28126,44.98746],[-93.2819,44.98792],[-93.28287,44.9887],[-93.28303,44.98859],[-93.28324,44.98844],[-93.2841,44.98784],[-93.28528,44.98696],[-93.28538,44.98685],[-93.28547,44.98668],[-93.28551,44.98654],[-93.28553,44.98635],[-93.28553,44.98634]]]},"properties":{"id":"crime-bg-270531262013","layer":"crime_block_group","name":"Block group 3, tract 126201","county":"Hennepin","state":"MN","countyFips":"27053","attributes":{"geoid":"270531262013","tract":"126201","blockGroup":"3","statYear":2025,"firstYear":2018,"lastYear":2025,"total2018":101,"total2019":153,"total2020":153,"total2021":146,"total2022":136,"total2023":89,"total2024":87,"total2025":111,"reportedTotal":111,"reportedTotalBand":"75–114","suppressed":false},"confidence":"confirmed","sourceDate":"2025"}},{"type":"Feature","geometry":{"type":"Polygon","coordinates":[[[-93.27694,44.98935],[-93.27634,44.98892],[-93.27485,44.98784],[-93.27472,44.98775],[-93.27358,44.98694],[-93.27247,44.98616],[-93.27245,44.98615],[-93.27227,44.98601],[-93.27128,44.98633],[-93.27101,44.98642],[-93.27067,44.98651],[-93.27131,44.98697],[-93.27254,44.98784],[-93.27353,44.98854],[-93.27508,44.98963],[-93.27581,44.99015],[-93.27694,44.98935]]]},"properties":{"id":"crime-bg-270531262021","layer":"crime_block_group","name":"Block group 1, tract 126202","county":"Hennepin","state":"MN","countyFips":"27053","attributes":{"geoid":"270531262021","tract":"126202","blockGroup":"1","statYear":2025,"firstYear":2018,"lastYear":2025,"total2018":13,"total2019":6,"total2020":14,"total2021":18,"total2022":77,"total2023":92,"total2024":62,"total2025":80,"reportedTotal":80,"reportedTotalBand":"75–114","suppressed":false},"confidence":"confirmed","sourceDate":"2025"}},{"type":"Feature","geometry":{"type":"Polygon","coordinates":[[[-93.28143,44.99198],[-93.28143,44.9919],[-93.28125,44.99149],[-93.28093,44.9909],[-93.2806,44.99029],[-93.28056,44.99023],[-93.27971,44.98962],[-93.27863,44.98886],[-93.27824,44.98859],[-93.27779,44.98827],[-93.27721,44.98785],[-93.27664,44.98744],[-93.27587,44.9869],[-93.27475,44.9861],[-93.27474,44.98609],[-93.27379,44.98542],[-93.2734,44.98559],[-93.27291,44.98578],[-93.27284,44.98581],[-93.27227,44.98601],[-93.27245,44.98615],[-93.27247,44.98616],[-93.27358,44.98694],[-93.27472,44.98775],[-93.27485,44.98784],[-93.27634,44.98892],[-93.27694,44.98935],[-93.27779,44.98995],[-93.279,44.99081],[-93.27942,44.99111],[-93.27963,44.9915],[-93.27982,44.9919],[-93.27982,44.992],[-93.28143,44.99198]]]},"properties":{"id":"crime-bg-270531262022","layer":"crime_block_group","name":"Block group 2, tract 126202","county":"Hennepin","state":"MN","countyFips":"27053","attributes":{"geoid":"270531262022","tract":"126202","blockGroup":"2","statYear":2025,"firstYear":2018,"lastYear":2025,"total2018":43,"total2019":36,"total2020":40,"total2021":42,"total2022":78,"total2023":63,"total2024":66,"total2025":79,"reportedTotal":79,"reportedTotalBand":"75–114","suppressed":false},"confidence":"confirmed","sourceDate":"2025"}},{"type":"Feature","geometry":{"type":"Polygon","coordinates":[[[-93.2734,44.98559],[-93.27379,44.98542],[-93.27322,44.98501],[-93.27251,44.98452],[-93.27218,44.98428],[-93.2714,44.98373],[-93.27026,44.98294],[-93.2692,44.98221],[-93.26907,44.98215],[-93.26795,44.98296],[-93.26681,44.9838],[-93.26611,44.98426],[-93.26591,44.98439],[-93.26549,44.98466],[-93.26542,44.98471],[-93.26535,44.98475],[-93.26461,44.98507],[-93.26391,44.98536],[-93.26519,44.98628],[-93.26623,44.98771],[-93.26692,44.98749],[-93.26709,44.98744],[-93.26736,44.98737],[-93.26759,44.98732],[-93.26862,44.98706],[-93.26913,44.98693],[-93.27067,44.98651],[-93.27101,44.98642],[-93.27128,44.98633],[-93.27227,44.98601],[-93.27284,44.98581],[-93.27291,44.98578],[-93.2734,44.98559]]]},"properties":{"id":"crime-bg-270531262023","layer":"crime_block_group","name":"Block group 3, tract 126202","county":"Hennepin","state":"MN","countyFips":"27053","attributes":{"geoid":"270531262023","tract":"126202","blockGroup":"3","statYear":2025,"firstYear":2018,"lastYear":2025,"total2018":57,"total2019":67,"total2020":45,"total2021":42,"total2022":110,"total2023":106,"total2024":111,"total2025":135,"reportedTotal":135,"reportedTotalBand":"115+","suppressed":false},"confidence":"confirmed","sourceDate":"2025"}},{"type":"Feature","geometry":{"type":"Polygon","coordinates":[[[-93.27982,44.992],[-93.27982,44.9919],[-93.27963,44.9915],[-93.27942,44.99111],[-93.279,44.99081],[-93.27779,44.98995],[-93.27694,44.98935],[-93.27581,44.99015],[-93.27508,44.98963],[-93.27353,44.98854],[-93.27254,44.98784],[-93.27131,44.98697],[-93.27067,44.98651],[-93.26913,44.98693],[-93.26862,44.98706],[-93.26759,44.98732],[-93.26736,44.98737],[-93.26709,44.98744],[-93.26692,44.98749],[-93.26623,44.98771],[-93.26642,44.98796],[-93.26733,44.98932],[-93.26765,44.98949],[-93.268,44.98965],[-93.27034,44.99075],[-93.27179,44.99167],[-93.27364,44.99286],[-93.27439,44.99264],[-93.27519,44.99239],[-93.27549,44.99229],[-93.27577,44.99221],[-93.27637,44.99202],[-93.27751,44.99201],[-93.27795,44.99201],[-93.27821,44.99201],[-93.27866,44.992],[-93.27885,44.992],[-93.27982,44.992]]]},"properties":{"id":"crime-bg-270531262024","layer":"crime_block_group","name":"Block group 4, tract 126202","county":"Hennepin","state":"MN","countyFips":"27053","attributes":{"geoid":"270531262024","tract":"126202","blockGroup":"4","statYear":2025,"firstYear":2018,"lastYear":2025,"total2018":65,"total2019":105,"total2020":161,"total2021":188,"total2022":65,"total2023":50,"total2024":49,"total2025":40,"reportedTotal":40,"reportedTotalBand":"25–44","suppressed":false},"confidence":"confirmed","sourceDate":"2025"}},{"type":"Feature","geometry":{"type":"Polygon","coordinates":[[[-93.28646,45.00149],[-93.28647,45.00024],[-93.28644,44.99914],[-93.28564,44.99914],[-93.28496,44.99914],[-93.28442,44.99914],[-93.28394,44.99914],[-93.28354,44.99914],[-93.28336,44.99914],[-93.283,44.99914],[-93.2827,44.99913],[-93.28231,44.99913],[-93.28179,44.99913],[-93.2802,44.99912],[-93.27908,44.99911],[-93.27871,44.99911],[-93.27861,44.99911],[-93.2785,44.9991],[-93.27758,44.9991],[-93.27669,44.9991],[-93.27543,44.99899],[-93.27508,45.00077],[-93.27472,45.00256],[-93.27442,45.00441],[-93.27442,45.00576],[-93.27444,45.00594],[-93.27512,45.00593],[-93.27515,45.00594],[-93.2772,45.00593],[-93.27795,45.00593],[-93.27852,45.00594],[-93.27856,45.00594],[-93.27871,45.00594],[-93.28021,45.00594],[-93.28024,45.00594],[-93.28176,45.00592],[-93.28178,45.00592],[-93.28225,45.00593],[-93.28234,45.00593],[-93.28244,45.00593],[-93.28285,45.00594],[-93.28297,45.00594],[-93.28304,45.00593],[-93.28335,45.00592],[-93.2849,45.00592],[-93.28644,45.00592],[-93.28645,45.0048],[-93.28647,45.00368],[-93.28645,45.00257],[-93.28645,45.0023],[-93.28646,45.00149]]]},"properties":{"id":"crime-bg-270531263001","layer":"crime_block_group","name":"Block group 1, tract 126300","county":"Hennepin","state":"MN","countyFips":"27053","attributes":{"geoid":"270531263001","tract":"126300","blockGroup":"1","statYear":2025,"firstYear":2018,"lastYear":2025,"total2018":88,"total2019":126,"total2020":104,"total2021":87,"total2022":86,"total2023":102,"total2024":113,"total2025":104,"reportedTotal":104,"reportedTotalBand":"75–114","suppressed":false},"confidence":"confirmed","sourceDate":"2025"}},{"type":"Feature","geometry":{"type":"Polygon","coordinates":[[[-93.28368,44.99222],[-93.28379,44.99196],[-93.28294,44.99197],[-93.28143,44.99198],[-93.27982,44.992],[-93.27885,44.992],[-93.27866,44.992],[-93.27821,44.99201],[-93.27795,44.99201],[-93.27751,44.99201],[-93.27637,44.99202],[-93.27577,44.99221],[-93.27549,44.99229],[-93.27519,44.99239],[-93.27439,44.99264],[-93.27364,44.99286],[-93.27568,44.99637],[-93.27577,44.99652],[-93.27543,44.99899],[-93.27669,44.9991],[-93.27758,44.9991],[-93.2785,44.9991],[-93.27861,44.99911],[-93.27871,44.99911],[-93.27908,44.99911],[-93.2802,44.99912],[-93.28179,44.99913],[-93.28231,44.99913],[-93.28227,44.99743],[-93.28227,44.99725],[-93.28227,44.99698],[-93.28227,44.99634],[-93.28226,44.99625],[-93.28225,44.9962],[-93.28225,44.99613],[-93.28232,44.99545],[-93.28236,44.99526],[-93.28244,44.99484],[-93.28266,44.99417],[-93.28272,44.99403],[-93.28298,44.99351],[-93.28318,44.99315],[-93.28324,44.99304],[-93.28353,44.9925],[-93.28368,44.99222]]]},"properties":{"id":"crime-bg-270531263002","layer":"crime_block_group","name":"Block group 2, tract 126300","county":"Hennepin","state":"MN","countyFips":"27053","attributes":{"geoid":"270531263002","tract":"126300","blockGroup":"2","statYear":2025,"firstYear":2018,"lastYear":2025,"total2018":57,"total2019":60,"total2020":77,"total2021":89,"total2022":142,"total2023":68,"total2024":50,"total2025":38,"reportedTotal":38,"reportedTotalBand":"25–44","suppressed":false},"confidence":"confirmed","sourceDate":"2025"}},{"type":"Feature","geometry":{"type":"Polygon","coordinates":[[[-93.28799,44.99225],[-93.28799,44.99195],[-93.28787,44.99195],[-93.28604,44.99194],[-93.28558,44.99195],[-93.28532,44.99195],[-93.28495,44.99195],[-93.28485,44.99195],[-93.28421,44.99196],[-93.28406,44.99196],[-93.28379,44.99196],[-93.28368,44.99222],[-93.28353,44.9925],[-93.28324,44.99304],[-93.28318,44.99315],[-93.28298,44.99351],[-93.28272,44.99403],[-93.28266,44.99417],[-93.28244,44.99484],[-93.28236,44.99526],[-93.28232,44.99545],[-93.28225,44.99613],[-93.28225,44.9962],[-93.28226,44.99625],[-93.28227,44.99634],[-93.28227,44.99698],[-93.28227,44.99725],[-93.28227,44.99743],[-93.28231,44.99913],[-93.2827,44.99913],[-93.283,44.99914],[-93.28336,44.99914],[-93.28354,44.99914],[-93.28394,44.99914],[-93.28442,44.99914],[-93.28496,44.99914],[-93.28564,44.99914],[-93.28644,44.99914],[-93.28718,44.99914],[-93.28799,44.99914],[-93.28799,44.99864],[-93.28799,44.99807],[-93.28799,44.99738],[-93.28799,44.99674],[-93.28799,44.99589],[-93.28799,44.99563],[-93.28799,44.99525],[-93.28799,44.9951],[-93.28799,44.99496],[-93.28799,44.99473],[-93.28799,44.9945],[-93.28799,44.99444],[-93.28799,44.99391],[-93.28799,44.99381],[-93.28799,44.99306],[-93.28799,44.99303],[-93.28799,44.99244],[-93.28799,44.99225]]]},"properties":{"id":"crime-bg-270531263003","layer":"crime_block_group","name":"Block group 3, tract 126300","county":"Hennepin","state":"MN","countyFips":"27053","attributes":{"geoid":"270531263003","tract":"126300","blockGroup":"3","statYear":2025,"firstYear":2018,"lastYear":2025,"total2018":35,"total2019":13,"total2020":15,"total2021":8,"total2022":41,"total2023":53,"total2024":38,"total2025":27,"reportedTotal":27,"reportedTotalBand":"25–44","suppressed":false},"confidence":"confirmed","sourceDate":"2025"}},{"type":"Feature","geometry":{"type":"Polygon","coordinates":[[[-93.29719,44.99304],[-93.29719,44.99198],[-93.29566,44.99198],[-93.29412,44.99197],[-93.29259,44.99197],[-93.2911,44.99196],[-93.28951,44.99196],[-93.28873,44.99195],[-93.28799,44.99195],[-93.28799,44.99225],[-93.28799,44.99244],[-93.28799,44.99303],[-93.28799,44.99306],[-93.28799,44.99381],[-93.28799,44.99391],[-93.28799,44.99444],[-93.28799,44.9945],[-93.28799,44.99473],[-93.28799,44.99496],[-93.28799,44.9951],[-93.28799,44.99525],[-93.28799,44.99563],[-93.28799,44.99589],[-93.28799,44.99674],[-93.28799,44.99738],[-93.28799,44.99807],[-93.28799,44.99864],[-93.28799,44.99914],[-93.28951,44.99914],[-93.29103,44.99914],[-93.29262,44.99914],[-93.29409,44.99914],[-93.29563,44.99914],[-93.29717,44.99915],[-93.29717,44.99873],[-93.29717,44.99741],[-93.29718,44.99632],[-93.29719,44.99524],[-93.29719,44.99416],[-93.29719,44.99306],[-93.29719,44.99304]]]},"properties":{"id":"crime-bg-270531263004","layer":"crime_block_group","name":"Block group 4, tract 126300","county":"Hennepin","state":"MN","countyFips":"27053","attributes":{"geoid":"270531263004","tract":"126300","blockGroup":"4","statYear":2025,"firstYear":2018,"lastYear":2025,"total2018":118,"total2019":73,"total2020":114,"total2021":60,"total2022":78,"total2023":93,"total2024":109,"total2025":98,"reportedTotal":98,"reportedTotalBand":"75–114","suppressed":false},"confidence":"confirmed","sourceDate":"2025"}}]}