{"type":"FeatureCollection","metadata":{"layer":"redlining","schema":"https://github.com/NgabantuDev/get-flocked/blob/main/src/layers/types.ts","featureCount":168,"knownGaps":["Only the 8 Minnesota cities HOLC surveyed appear: Austin, Duluth, Mankato, Minneapolis, Rochester, St. Cloud, St. Paul, Staples. A neighbourhood with no polygon was not necessarily spared housing discrimination — it may simply never have been graded.","Boundaries are georeferenced from hand-drawn 1930s map sheets and are approximate.","Racial covenants are a separate record, mapped by Mapping Prejudice at the University of Minnesota, and are linked rather than duplicated here.","This layer is CC BY-NC-SA 4.0 and cannot be redistributed under this project's own CC BY 4.0 data terms."],"source":"Mapping Inequality, Digital Scholarship Lab, University of Richmond","sourceUrl":"https://dsl.richmond.edu/panorama/redlining/","datasetUrl":"https://dsl.richmond.edu/panorama/redlining/static/mappinginequality.json","license":"CC BY-NC-SA 4.0","licenseUrl":"https://creativecommons.org/licenses/by-nc-sa/4.0/","attribution":"Robert K. Nelson, LaDale Winling, et al., \"Mapping Inequality: Redlining in New Deal America\", American Panorama, ed. Robert K. Nelson and Edward L. Ayers","sourceDate":"1935-1940","refresh":"rare","nationalAreaCount":10154,"lastUpdated":"2026-07-30T19:00:00.235Z"},"features":[{"type":"Feature","geometry":{"type":"MultiPolygon","coordinates":[[[[-92.9796,43.66011],[-92.97962,43.66113],[-92.97726,43.66116],[-92.97725,43.66282],[-92.97725,43.663],[-92.98483,43.66295],[-92.98482,43.66235],[-92.98477,43.65937],[-92.98475,43.65842],[-92.98229,43.65843],[-92.98227,43.65603],[-92.9797,43.65601],[-92.97975,43.65566],[-92.97757,43.65569],[-92.9776,43.6575],[-92.97697,43.6575],[-92.97779,43.65831],[-92.97822,43.65842],[-92.9796,43.65841],[-92.9796,43.66011]]],[[[-92.97744,43.67498],[-92.97786,43.67544],[-92.97772,43.67549],[-92.97797,43.67582],[-92.9764,43.67589],[-92.97633,43.67686],[-92.97654,43.67731],[-92.97668,43.67781],[-92.97971,43.67779],[-92.981,43.67766],[-92.98096,43.67497],[-92.98484,43.67488],[-92.98487,43.67567],[-92.9878,43.67565],[-92.98773,43.67773],[-92.98963,43.67776],[-92.98965,43.67403],[-92.97964,43.67398],[-92.97969,43.67174],[-92.97726,43.67169],[-92.9764,43.67167],[-92.97601,43.6712],[-92.97529,43.67147],[-92.97575,43.67217],[-92.97555,43.67259],[-92.97594,43.67336],[-92.97652,43.67326],[-92.97693,43.67393],[-92.97677,43.67393],[-92.97763,43.67485],[-92.97744,43.67498]]]]},"properties":{"id":"redlining-mn-austin-11612","layer":"redlining","name":"Austin — HOLC area Best (grade A)","county":"Mower County","state":"MN","countyFips":"27099","confidence":"confirmed","sourceDate":"1930s","attributes":{"grade":"A","gradeMeaning":"Graded \"Best\" — new, homogeneous, and in HOLC's words \"in demand as residential locations in good times and bad\". In practice, restricted to white residents.","category":"Best","city":"Austin","holcId":"Best","areaId":11612,"residential":true,"holcFill":"#76a865","cityScan":"https://dsl.richmond.edu/panorama/redlining/map/MN/Austin"}}},{"type":"Feature","geometry":{"type":"MultiPolygon","coordinates":[[[[-92.98477,43.65937],[-92.9897,43.65937],[-92.98968,43.65556],[-92.98454,43.65566],[-92.98457,43.65604],[-92.98227,43.65603],[-92.98229,43.65843],[-92.98475,43.65842],[-92.98477,43.65937]]],[[[-92.96301,43.66203],[-92.96349,43.66203],[-92.9635,43.66182],[-92.96972,43.66186],[-92.96989,43.66186],[-92.96988,43.66164],[-92.96977,43.65935],[-92.96843,43.65934],[-92.96842,43.6587],[-92.96748,43.65756],[-92.96405,43.65755],[-92.96412,43.6594],[-92.96297,43.65939],[-92.96262,43.65957],[-92.96268,43.66134],[-92.96301,43.66134],[-92.96301,43.66203]]],[[[-92.9724,43.66461],[-92.9724,43.66565],[-92.97366,43.66567],[-92.97728,43.66571],[-92.97727,43.66921],[-92.97726,43.67036],[-92.97726,43.67169],[-92.97969,43.67174],[-92.97964,43.67398],[-92.98965,43.67403],[-92.98956,43.66237],[-92.98482,43.66235],[-92.98483,43.66295],[-92.97725,43.663],[-92.97725,43.66282],[-92.97491,43.66281],[-92.9724,43.6628],[-92.9724,43.66461]]]]},"properties":{"id":"redlining-mn-austin-11613","layer":"redlining","name":"Austin — HOLC area Good  (grade B)","county":"Mower County","state":"MN","countyFips":"27099","confidence":"confirmed","sourceDate":"1930s","attributes":{"grade":"B","gradeMeaning":"Graded \"Still Desirable\" — expected to hold value, but nearing the end of its most desirable period.","category":"Good ","city":"Austin","holcId":"Good ","areaId":11613,"residential":true,"holcFill":"#7cb5bd","cityScan":"https://dsl.richmond.edu/panorama/redlining/map/MN/Austin"}}},{"type":"Feature","geometry":{"type":"MultiPolygon","coordinates":[[[[-92.97107,43.66191],[-92.9713,43.66241],[-92.97132,43.66278],[-92.97183,43.66279],[-92.9724,43.6628],[-92.97491,43.66281],[-92.9748,43.66027],[-92.9746,43.65936],[-92.97445,43.65644],[-92.97381,43.65644],[-92.97287,43.65675],[-92.97235,43.6572],[-92.97203,43.65722],[-92.97166,43.65711],[-92.97122,43.65707],[-92.97113,43.65612],[-92.96985,43.65612],[-92.96977,43.65935],[-92.96988,43.66164],[-92.9707,43.66121],[-92.97107,43.66191]]],[[[-92.9616,43.66672],[-92.96477,43.6666],[-92.96746,43.66663],[-92.96746,43.66633],[-92.96798,43.66572],[-92.96803,43.66543],[-92.96979,43.66537],[-92.96982,43.66445],[-92.96981,43.6641],[-92.96975,43.66274],[-92.96972,43.66186],[-92.9635,43.66182],[-92.96349,43.66203],[-92.96301,43.66203],[-92.96301,43.66134],[-92.96268,43.66134],[-92.96262,43.65957],[-92.96147,43.65984],[-92.96098,43.66065],[-92.96059,43.66185],[-92.96052,43.6626],[-92.96054,43.66317],[-92.96059,43.66549],[-92.96162,43.66551],[-92.9616,43.66672]]],[[[-92.94989,43.66393],[-92.94993,43.66451],[-92.94989,43.66483],[-92.94991,43.66683],[-92.94998,43.67134],[-92.94988,43.67408],[-92.95468,43.67415],[-92.95476,43.66807],[-92.95485,43.66674],[-92.95532,43.66674],[-92.95567,43.66644],[-92.95715,43.6655],[-92.95796,43.6651],[-92.95794,43.66445],[-92.95786,43.66366],[-92.95983,43.66361],[-92.9598,43.66317],[-92.94986,43.66311],[-92.94989,43.66393]]],[[[-92.98096,43.67497],[-92.981,43.67766],[-92.98484,43.67772],[-92.98487,43.67567],[-92.98484,43.67488],[-92.98096,43.67497]]]]},"properties":{"id":"redlining-mn-austin-11614","layer":"redlining","name":"Austin — HOLC area Fair  (grade C)","county":"Mower County","state":"MN","countyFips":"27099","confidence":"confirmed","sourceDate":"1930s","attributes":{"grade":"C","gradeMeaning":"Graded \"Definitely Declining\" — described as an area of \"infiltration of a lower grade population\", language HOLC applied to the arrival of Black, Jewish and immigrant residents.","category":"Fair ","city":"Austin","holcId":"Fair ","areaId":11614,"residential":true,"holcFill":"#ffff00","cityScan":"https://dsl.richmond.edu/panorama/redlining/map/MN/Austin"}}},{"type":"Feature","geometry":{"type":"MultiPolygon","coordinates":[[[[-92.9632,43.67037],[-92.96167,43.67041],[-92.96157,43.67407],[-92.96465,43.67404],[-92.9658,43.67324],[-92.96591,43.66988],[-92.96636,43.66989],[-92.96698,43.66989],[-92.96698,43.66959],[-92.96708,43.66955],[-92.96711,43.66828],[-92.96744,43.66826],[-92.9674,43.66769],[-92.96703,43.66769],[-92.96701,43.66739],[-92.96749,43.66739],[-92.96738,43.66705],[-92.96746,43.66663],[-92.96477,43.6666],[-92.9616,43.66672],[-92.96167,43.66828],[-92.96326,43.66831],[-92.9632,43.67037]]],[[[-92.95733,43.66622],[-92.9573,43.66798],[-92.95709,43.66803],[-92.95476,43.66807],[-92.95468,43.67415],[-92.95872,43.67416],[-92.95876,43.66991],[-92.95877,43.6667],[-92.95867,43.66669],[-92.95864,43.66589],[-92.95733,43.66622]]]]},"properties":{"id":"redlining-mn-austin-11615","layer":"redlining","name":"Austin — HOLC area Poor (grade D)","county":"Mower County","state":"MN","countyFips":"27099","confidence":"confirmed","sourceDate":"1930s","attributes":{"grade":"D","gradeMeaning":"Graded \"Hazardous\" — outlined in red. Lending was withheld here for decades. Grades turned explicitly on the race, ethnicity and immigration status of residents.","category":"Poor","city":"Austin","holcId":"Poor","areaId":11615,"residential":true,"holcFill":"#d9838d","cityScan":"https://dsl.richmond.edu/panorama/redlining/map/MN/Austin"}}},{"type":"Feature","geometry":{"type":"MultiPolygon","coordinates":[[[[-92.96093,43.65985],[-92.96147,43.65984],[-92.96262,43.65957],[-92.96297,43.65939],[-92.96412,43.6594],[-92.96405,43.65755],[-92.96748,43.65756],[-92.96842,43.6587],[-92.96843,43.65934],[-92.96977,43.65935],[-92.96985,43.65612],[-92.96999,43.65178],[-92.95954,43.65193],[-92.95961,43.65822],[-92.96093,43.65985]]],[[[-92.96975,43.66274],[-92.97116,43.66278],[-92.97113,43.66413],[-92.97109,43.66552],[-92.97104,43.66783],[-92.97102,43.66832],[-92.97229,43.66832],[-92.97229,43.66659],[-92.97171,43.66658],[-92.97175,43.66565],[-92.97178,43.66466],[-92.97183,43.66279],[-92.97132,43.66278],[-92.9713,43.66241],[-92.97107,43.66191],[-92.9707,43.66121],[-92.96988,43.66164],[-92.96989,43.66186],[-92.96972,43.66186],[-92.96975,43.66274]]],[[[-92.96945,43.67],[-92.96941,43.67101],[-92.97018,43.67051],[-92.97029,43.67039],[-92.97065,43.67],[-92.96945,43.67]]],[[[-92.96479,43.67562],[-92.96479,43.67785],[-92.9697,43.67784],[-92.97245,43.67606],[-92.97245,43.67332],[-92.97206,43.67321],[-92.97172,43.67293],[-92.97132,43.67262],[-92.97107,43.67262],[-92.97069,43.67287],[-92.97028,43.67289],[-92.96891,43.67275],[-92.9686,43.67277],[-92.96834,43.6727],[-92.96821,43.67252],[-92.9683,43.67236],[-92.96825,43.67212],[-92.9684,43.67179],[-92.96898,43.67141],[-92.96879,43.67124],[-92.96759,43.67197],[-92.96761,43.67128],[-92.96755,43.67093],[-92.96739,43.67043],[-92.96741,43.67003],[-92.96815,43.67001],[-92.96812,43.66987],[-92.96912,43.66988],[-92.96922,43.66831],[-92.96985,43.66832],[-92.96984,43.66787],[-92.96979,43.66537],[-92.96803,43.66543],[-92.96798,43.66572],[-92.96746,43.66633],[-92.96746,43.66663],[-92.96738,43.66705],[-92.96749,43.66739],[-92.96701,43.66739],[-92.96703,43.66769],[-92.9674,43.66769],[-92.96744,43.66826],[-92.96711,43.66828],[-92.96708,43.66955],[-92.96698,43.66959],[-92.96698,43.66989],[-92.96636,43.66989],[-92.96635,43.6729],[-92.9658,43.67324],[-92.96465,43.67404],[-92.96157,43.67407],[-92.96167,43.67041],[-92.96167,43.66828],[-92.9616,43.66672],[-92.96162,43.66551],[-92.96059,43.66549],[-92.95864,43.66589],[-92.95867,43.66669],[-92.95877,43.6667],[-92.95876,43.66991],[-92.95872,43.67416],[-92.95468,43.67415],[-92.95481,43.67776],[-92.95915,43.6778],[-92.96249,43.6778],[-92.96238,43.67602],[-92.963,43.67558],[-92.96479,43.67562]]]]},"properties":{"id":"redlining-mn-austin-11616","layer":"redlining","name":"Austin — HOLC area Industrial District","county":"Mower County","state":"MN","countyFips":"27099","confidence":"confirmed","sourceDate":"1930s","attributes":{"grade":null,"gradeMeaning":"No grade recorded on the original survey sheet.","category":"Industrial District","city":"Austin","holcId":"Industrial District","areaId":11616,"residential":false,"holcFill":"#000000","cityScan":"https://dsl.richmond.edu/panorama/redlining/map/MN/Austin"}}},{"type":"Feature","geometry":{"type":"MultiPolygon","coordinates":[[[[-92.96981,43.6641],[-92.97113,43.66413],[-92.97116,43.66278],[-92.96975,43.66274],[-92.96981,43.6641]]],[[[-92.96167,43.67041],[-92.9632,43.67037],[-92.96326,43.66831],[-92.96167,43.66828],[-92.96167,43.67041]]],[[[-92.97065,43.67],[-92.97029,43.67039],[-92.9748,43.67048],[-92.97479,43.6711],[-92.97529,43.67147],[-92.97601,43.6712],[-92.97607,43.66992],[-92.97609,43.6692],[-92.97727,43.66921],[-92.97728,43.66571],[-92.97366,43.66567],[-92.97363,43.66659],[-92.97229,43.66659],[-92.97229,43.66832],[-92.97102,43.66832],[-92.97104,43.66783],[-92.96984,43.66787],[-92.96985,43.66832],[-92.9698,43.66919],[-92.97101,43.66918],[-92.97065,43.67]]],[[[-92.9658,43.67324],[-92.96635,43.6729],[-92.96636,43.66989],[-92.96591,43.66988],[-92.9658,43.67324]]]]},"properties":{"id":"redlining-mn-austin-11617","layer":"redlining","name":"Austin — HOLC area Commercial & Light Industrial District","county":"Mower County","state":"MN","countyFips":"27099","confidence":"confirmed","sourceDate":"1930s","attributes":{"grade":null,"gradeMeaning":"No grade recorded on the original survey sheet.","category":"Commercial & Light Industrial District","city":"Austin","holcId":"Commercial & Light Industrial District","areaId":11617,"residential":false,"holcFill":"#333333","cityScan":"https://dsl.richmond.edu/panorama/redlining/map/MN/Austin"}}},{"type":"Feature","geometry":{"type":"MultiPolygon","coordinates":[[[[-92.03314,46.83122],[-92.04227,46.83112],[-92.0423,46.82624],[-92.03514,46.82644],[-92.03329,46.82719],[-92.03314,46.83122]]]]},"properties":{"id":"redlining-mn-duluth-2848","layer":"redlining","name":"Duluth — HOLC area A1 (grade A)","county":"St. Louis County","state":"MN","countyFips":"27137","confidence":"confirmed","sourceDate":"1930s","attributes":{"grade":"A","gradeMeaning":"Graded \"Best\" — new, homogeneous, and in HOLC's words \"in demand as residential locations in good times and bad\". In practice, restricted to white residents.","category":"Best","city":"Duluth","holcId":"A1","areaId":2848,"residential":true,"holcFill":"#76a865","cityScan":"https://dsl.richmond.edu/panorama/redlining/map/MN/Duluth"}}},{"type":"Feature","geometry":{"type":"MultiPolygon","coordinates":[[[[-92.03671,46.82159],[-92.03678,46.82235],[-92.04246,46.82227],[-92.04322,46.82225],[-92.04741,46.81917],[-92.05271,46.81514],[-92.05216,46.81494],[-92.0521,46.81493],[-92.05204,46.8149],[-92.05199,46.81488],[-92.05194,46.81485],[-92.05189,46.81482],[-92.05185,46.81478],[-92.05181,46.81474],[-92.05178,46.8147],[-92.05176,46.81466],[-92.05137,46.81433],[-92.05132,46.81431],[-92.05128,46.81428],[-92.05124,46.81425],[-92.0512,46.81422],[-92.05116,46.81419],[-92.05114,46.81415],[-92.05112,46.81411],[-92.05052,46.81409],[-92.04779,46.81643],[-92.04648,46.81723],[-92.04644,46.81729],[-92.0464,46.81736],[-92.04635,46.81742],[-92.04631,46.81749],[-92.04626,46.81755],[-92.04621,46.81762],[-92.04615,46.81768],[-92.04609,46.81775],[-92.04603,46.81781],[-92.04597,46.81788],[-92.04591,46.81794],[-92.04584,46.81801],[-92.04577,46.81807],[-92.0457,46.81814],[-92.04563,46.8182],[-92.04555,46.81827],[-92.04547,46.81833],[-92.04539,46.8184],[-92.04531,46.81846],[-92.04522,46.81853],[-92.04514,46.81859],[-92.04505,46.81865],[-92.04495,46.81872],[-92.04486,46.81878],[-92.04476,46.81884],[-92.04467,46.8189],[-92.04447,46.81902],[-92.04426,46.81914],[-92.04404,46.81926],[-92.04393,46.81932],[-92.04381,46.81938],[-92.04369,46.81944],[-92.04357,46.8195],[-92.04345,46.81955],[-92.04333,46.81961],[-92.04321,46.81966],[-92.04309,46.81972],[-92.04296,46.81977],[-92.04284,46.81982],[-92.04272,46.81986],[-92.0426,46.81991],[-92.04247,46.81996],[-92.04235,46.82],[-92.04223,46.82004],[-92.04211,46.82008],[-92.042,46.82011],[-92.04188,46.82015],[-92.04177,46.82018],[-92.04166,46.82021],[-92.04155,46.82024],[-92.04144,46.82026],[-92.04134,46.82028],[-92.04124,46.8203],[-92.04115,46.82032],[-92.04106,46.82033],[-92.04097,46.82034],[-92.04089,46.82035],[-92.04081,46.82035],[-92.04074,46.82036],[-92.04067,46.82036],[-92.04061,46.82035],[-92.04046,46.82034],[-92.04032,46.82033],[-92.04017,46.82031],[-92.04003,46.82028],[-92.03989,46.82025],[-92.03975,46.82022],[-92.03961,46.82018],[-92.0395,46.82019],[-92.03939,46.8202],[-92.03928,46.82021],[-92.03917,46.82023],[-92.03906,46.82025],[-92.03896,46.82028],[-92.03886,46.82031],[-92.03876,46.82034],[-92.03866,46.82038],[-92.03857,46.82042],[-92.03848,46.82047],[-92.0384,46.82052],[-92.03832,46.82057],[-92.03824,46.82062],[-92.03817,46.82068],[-92.0381,46.82074],[-92.03804,46.82081],[-92.03796,46.82089],[-92.03786,46.82097],[-92.03777,46.82104],[-92.03767,46.82112],[-92.03756,46.82119],[-92.03745,46.82126],[-92.03734,46.82132],[-92.03722,46.82138],[-92.0371,46.82144],[-92.03697,46.82149],[-92.03684,46.82154],[-92.03671,46.82159]]]]},"properties":{"id":"redlining-mn-duluth-2842","layer":"redlining","name":"Duluth — HOLC area A2 (grade A)","county":"St. Louis County","state":"MN","countyFips":"27137","confidence":"confirmed","sourceDate":"1930s","attributes":{"grade":"A","gradeMeaning":"Graded \"Best\" — new, homogeneous, and in HOLC's words \"in demand as residential locations in good times and bad\". In practice, restricted to white residents.","category":"Best","city":"Duluth","holcId":"A2","areaId":2842,"residential":true,"holcFill":"#76a865","cityScan":"https://dsl.richmond.edu/panorama/redlining/map/MN/Duluth"}}},{"type":"Feature","geometry":{"type":"MultiPolygon","coordinates":[[[[-92.05458,46.81672],[-92.04718,46.82216],[-92.05262,46.82215],[-92.0527,46.8292],[-92.05821,46.82916],[-92.05814,46.82317],[-92.06403,46.81865],[-92.06423,46.81875],[-92.06441,46.81885],[-92.0646,46.81895],[-92.06477,46.81904],[-92.06495,46.81913],[-92.06512,46.81921],[-92.06528,46.81929],[-92.06544,46.81936],[-92.0656,46.81943],[-92.06575,46.8195],[-92.0659,46.81956],[-92.06604,46.81962],[-92.06618,46.81967],[-92.06632,46.81972],[-92.06645,46.81977],[-92.06658,46.81981],[-92.0667,46.81985],[-92.06681,46.81988],[-92.06693,46.81991],[-92.06704,46.81994],[-92.06715,46.81997],[-92.06726,46.81999],[-92.06737,46.82001],[-92.06748,46.82003],[-92.06757,46.82004],[-92.06767,46.82005],[-92.06777,46.82006],[-92.06787,46.82007],[-92.06806,46.82009],[-92.06848,46.82012],[-92.06868,46.82013],[-92.06888,46.82011],[-92.06909,46.82007],[-92.06929,46.82003],[-92.06949,46.81999],[-92.06969,46.81994],[-92.06989,46.81989],[-92.07008,46.81983],[-92.07027,46.81977],[-92.07046,46.81971],[-92.07064,46.81964],[-92.07082,46.81956],[-92.071,46.81948],[-92.07117,46.8194],[-92.07134,46.81932],[-92.0715,46.81922],[-92.07166,46.81913],[-92.07182,46.81903],[-92.07197,46.81893],[-92.0725,46.81984],[-92.07776,46.81972],[-92.07992,46.81796],[-92.08012,46.81484],[-92.0823,46.81481],[-92.08234,46.81479],[-92.08236,46.81478],[-92.08239,46.81476],[-92.08241,46.81474],[-92.08242,46.81472],[-92.08244,46.8147],[-92.08245,46.81468],[-92.08246,46.81465],[-92.08246,46.81462],[-92.08247,46.81458],[-92.08247,46.81453],[-92.08247,46.81441],[-92.08247,46.81435],[-92.08247,46.81428],[-92.08248,46.81421],[-92.08256,46.81395],[-92.08269,46.81392],[-92.08282,46.8139],[-92.08296,46.81389],[-92.0831,46.81388],[-92.08324,46.81387],[-92.08337,46.81387],[-92.08351,46.81387],[-92.08365,46.81388],[-92.08379,46.81389],[-92.08392,46.81391],[-92.08406,46.81393],[-92.08419,46.81395],[-92.08507,46.8139],[-92.08743,46.81253],[-92.0875,46.81251],[-92.08757,46.8125],[-92.08764,46.81249],[-92.08771,46.81248],[-92.08779,46.81248],[-92.08786,46.81249],[-92.08793,46.81249],[-92.088,46.81251],[-92.08807,46.81252],[-92.08814,46.81254],[-92.0882,46.81256],[-92.08887,46.81254],[-92.08906,46.81201],[-92.08901,46.81186],[-92.08895,46.8117],[-92.08889,46.81155],[-92.08882,46.81139],[-92.08875,46.81124],[-92.08868,46.81112],[-92.08861,46.811],[-92.08856,46.8109],[-92.08849,46.81081],[-92.08843,46.81072],[-92.08828,46.81051],[-92.08819,46.81038],[-92.08811,46.81026],[-92.08803,46.81014],[-92.088,46.80967],[-92.08802,46.8096],[-92.08803,46.80954],[-92.08804,46.80948],[-92.08804,46.80942],[-92.08805,46.80937],[-92.08805,46.80932],[-92.08804,46.80927],[-92.08804,46.80923],[-92.08803,46.80915],[-92.08801,46.80907],[-92.08798,46.80899],[-92.08792,46.8088],[-92.08789,46.80869],[-92.08787,46.80861],[-92.08785,46.80853],[-92.08783,46.80845],[-92.08781,46.80836],[-92.0878,46.80828],[-92.08779,46.80819],[-92.08776,46.808],[-92.08775,46.80779],[-92.08774,46.80756],[-92.08773,46.80732],[-92.08773,46.80707],[-92.08744,46.807],[-92.08176,46.81122],[-92.07335,46.80585],[-92.07247,46.80529],[-92.06475,46.80923],[-92.05458,46.81672]]]]},"properties":{"id":"redlining-mn-duluth-2840","layer":"redlining","name":"Duluth — HOLC area A3 (grade A)","county":"St. Louis County","state":"MN","countyFips":"27137","confidence":"confirmed","sourceDate":"1930s","attributes":{"grade":"A","gradeMeaning":"Graded \"Best\" — new, homogeneous, and in HOLC's words \"in demand as residential locations in good times and bad\". In practice, restricted to white residents.","category":"Best","city":"Duluth","holcId":"A3","areaId":2840,"residential":true,"holcFill":"#76a865","cityScan":"https://dsl.richmond.edu/panorama/redlining/map/MN/Duluth"}}},{"type":"Feature","geometry":{"type":"MultiPolygon","coordinates":[[[[-92.1663,46.74289],[-92.1643,46.74287],[-92.14882,46.75372],[-92.1538,46.75692],[-92.15453,46.7564],[-92.16619,46.74811],[-92.1663,46.74289]]]]},"properties":{"id":"redlining-mn-duluth-2860","layer":"redlining","name":"Duluth — HOLC area A4 (grade A)","county":"St. Louis County","state":"MN","countyFips":"27137","confidence":"confirmed","sourceDate":"1930s","attributes":{"grade":"A","gradeMeaning":"Graded \"Best\" — new, homogeneous, and in HOLC's words \"in demand as residential locations in good times and bad\". In practice, restricted to white residents.","category":"Best","city":"Duluth","holcId":"A4","areaId":2860,"residential":true,"holcFill":"#76a865","cityScan":"https://dsl.richmond.edu/panorama/redlining/map/MN/Duluth"}}},{"type":"Feature","geometry":{"type":"MultiPolygon","coordinates":[[[[-92.01657,46.83333],[-92.01632,46.83627],[-92.0165,46.83627],[-92.02569,46.83104],[-92.02556,46.83981],[-92.0252,46.84007],[-92.0163,46.84032],[-92.01598,46.84051],[-92.01594,46.84506],[-92.01613,46.84518],[-92.01961,46.84516],[-92.02654,46.84232],[-92.033,46.83968],[-92.03314,46.83122],[-92.03329,46.82719],[-92.03514,46.82644],[-92.0423,46.82624],[-92.04246,46.82227],[-92.03678,46.82235],[-92.03671,46.82159],[-92.03638,46.82163],[-92.03555,46.82169],[-92.03463,46.82187],[-92.03439,46.82193],[-92.03415,46.82199],[-92.03392,46.82206],[-92.03369,46.82214],[-92.03347,46.82221],[-92.03324,46.8223],[-92.03302,46.82238],[-92.03281,46.82247],[-92.03259,46.82257],[-92.03238,46.82266],[-92.03218,46.82277],[-92.03212,46.82278],[-92.03207,46.8228],[-92.03202,46.82282],[-92.03198,46.82285],[-92.03194,46.82288],[-92.0319,46.82291],[-92.03187,46.82294],[-92.03185,46.82298],[-92.03183,46.82302],[-92.03174,46.8231],[-92.03164,46.82319],[-92.03154,46.82326],[-92.03144,46.82334],[-92.03133,46.82341],[-92.03121,46.82348],[-92.03109,46.82355],[-92.03097,46.82361],[-92.03084,46.82367],[-92.03071,46.82372],[-92.03058,46.82377],[-92.03044,46.82381],[-92.0303,46.82386],[-92.03016,46.82389],[-92.03002,46.82392],[-92.02931,46.82441],[-92.02887,46.82459],[-92.02877,46.82466],[-92.02866,46.82474],[-92.02856,46.82482],[-92.02847,46.8249],[-92.02838,46.82498],[-92.0283,46.82507],[-92.02822,46.82516],[-92.02815,46.82525],[-92.02809,46.82535],[-92.02803,46.82545],[-92.02798,46.82554],[-92.02794,46.82564],[-92.02659,46.82695],[-92.02633,46.82722],[-92.02607,46.82748],[-92.0258,46.82775],[-92.02552,46.82801],[-92.02524,46.82828],[-92.02496,46.82854],[-92.02335,46.82958],[-92.02127,46.8308],[-92.02114,46.83087],[-92.021,46.83094],[-92.02086,46.83101],[-92.02072,46.83108],[-92.02057,46.83114],[-92.02042,46.8312],[-92.02027,46.83125],[-92.02011,46.8313],[-92.01995,46.83135],[-92.01979,46.83139],[-92.01963,46.83143],[-92.01946,46.83146],[-92.0193,46.83149],[-92.01752,46.83297],[-92.01657,46.83333]]]]},"properties":{"id":"redlining-mn-duluth-2849","layer":"redlining","name":"Duluth — HOLC area B1 (grade B)","county":"St. Louis County","state":"MN","countyFips":"27137","confidence":"confirmed","sourceDate":"1930s","attributes":{"grade":"B","gradeMeaning":"Graded \"Still Desirable\" — expected to hold value, but nearing the end of its most desirable period.","category":"Still Desirable","city":"Duluth","holcId":"B1","areaId":2849,"residential":true,"holcFill":"#7cb5bd","cityScan":"https://dsl.richmond.edu/panorama/redlining/map/MN/Duluth"}}},{"type":"Feature","geometry":{"type":"MultiPolygon","coordinates":[[[[-92.07465,46.83655],[-92.07437,46.84478],[-92.07392,46.85356],[-92.08518,46.85357],[-92.08514,46.85136],[-92.0864,46.85131],[-92.08767,46.85127],[-92.08893,46.85123],[-92.0902,46.85119],[-92.09146,46.85116],[-92.09273,46.85114],[-92.09399,46.85112],[-92.09526,46.8511],[-92.09653,46.85109],[-92.09779,46.85109],[-92.09906,46.85108],[-92.10032,46.85109],[-92.1003,46.8504],[-92.10028,46.84971],[-92.10025,46.84902],[-92.10021,46.84833],[-92.10017,46.84764],[-92.10012,46.84695],[-92.10006,46.84626],[-92.1,46.84558],[-92.09993,46.84489],[-92.09986,46.8442],[-92.09978,46.84351],[-92.07946,46.84374],[-92.07955,46.83652],[-92.07465,46.83655]]]]},"properties":{"id":"redlining-mn-duluth-2836","layer":"redlining","name":"Duluth — HOLC area B2 (grade B)","county":"St. Louis County","state":"MN","countyFips":"27137","confidence":"confirmed","sourceDate":"1930s","attributes":{"grade":"B","gradeMeaning":"Graded \"Still Desirable\" — expected to hold value, but nearing the end of its most desirable period.","category":"Still Desirable","city":"Duluth","holcId":"B2","areaId":2836,"residential":true,"holcFill":"#7cb5bd","cityScan":"https://dsl.richmond.edu/panorama/redlining/map/MN/Duluth"}}},{"type":"Feature","geometry":{"type":"MultiPolygon","coordinates":[[[[-92.06893,46.83463],[-92.06913,46.83477],[-92.06933,46.83491],[-92.06954,46.83505],[-92.06975,46.83518],[-92.06997,46.83531],[-92.07019,46.83544],[-92.07041,46.83556],[-92.07064,46.83568],[-92.07087,46.8358],[-92.07315,46.83596],[-92.07331,46.83604],[-92.07346,46.83612],[-92.07362,46.8362],[-92.07379,46.83627],[-92.07395,46.83633],[-92.07412,46.83639],[-92.0743,46.83645],[-92.07447,46.8365],[-92.07465,46.83655],[-92.07465,46.83641],[-92.07463,46.83626],[-92.07461,46.83611],[-92.07459,46.83597],[-92.07455,46.83582],[-92.07451,46.83568],[-92.07447,46.83554],[-92.07441,46.83539],[-92.07435,46.83525],[-92.07429,46.83511],[-92.07421,46.83497],[-92.07413,46.83484],[-92.07405,46.8347],[-92.07396,46.83457],[-92.07386,46.83444],[-92.07376,46.83431],[-92.07365,46.83418],[-92.07353,46.83406],[-92.07341,46.83394],[-92.07329,46.83382],[-92.07316,46.8337],[-92.07302,46.83359],[-92.07288,46.83348],[-92.07286,46.83341],[-92.07286,46.83334],[-92.07286,46.83327],[-92.07287,46.8332],[-92.07289,46.83313],[-92.07291,46.83306],[-92.07294,46.83299],[-92.07298,46.83292],[-92.07302,46.83286],[-92.07307,46.8328],[-92.07313,46.83274],[-92.07319,46.83268],[-92.07326,46.83263],[-92.07333,46.83257],[-92.07341,46.83253],[-92.07349,46.83248],[-92.07358,46.83244],[-92.07367,46.83241],[-92.07377,46.83238],[-92.07386,46.83235],[-92.07396,46.83233],[-92.07406,46.83231],[-92.07417,46.8323],[-92.07427,46.8323],[-92.07704,46.83201],[-92.07714,46.8292],[-92.07946,46.82914],[-92.07966,46.82579],[-92.08511,46.8257],[-92.08528,46.82193],[-92.08526,46.82193],[-92.08076,46.822],[-92.07726,46.82226],[-92.07503,46.82222],[-92.07775,46.81973],[-92.07776,46.81972],[-92.0725,46.81984],[-92.07197,46.81893],[-92.07182,46.81903],[-92.07166,46.81913],[-92.0715,46.81922],[-92.07134,46.81932],[-92.07117,46.8194],[-92.071,46.81948],[-92.07082,46.81956],[-92.07064,46.81964],[-92.07046,46.81971],[-92.07027,46.81977],[-92.07008,46.81983],[-92.06989,46.81989],[-92.06969,46.81994],[-92.06949,46.81999],[-92.06929,46.82003],[-92.06909,46.82007],[-92.06888,46.82011],[-92.06868,46.82013],[-92.06877,46.82203],[-92.06876,46.82209],[-92.06875,46.82215],[-92.06873,46.8222],[-92.06871,46.82224],[-92.06869,46.82228],[-92.06867,46.82229],[-92.06866,46.82231],[-92.06865,46.82232],[-92.06863,46.82233],[-92.06861,46.82234],[-92.0686,46.82235],[-92.06857,46.82235],[-92.06854,46.82236],[-92.06851,46.82236],[-92.06848,46.82236],[-92.06845,46.82236],[-92.06841,46.82236],[-92.06824,46.82234],[-92.06816,46.82233],[-92.06812,46.82233],[-92.06808,46.82233],[-92.06804,46.82233],[-92.068,46.82233],[-92.06796,46.82234],[-92.06791,46.82235],[-92.06787,46.82236],[-92.06783,46.82237],[-92.06779,46.82238],[-92.06775,46.8224],[-92.06771,46.82242],[-92.06767,46.82244],[-92.06764,46.82246],[-92.06761,46.82248],[-92.06757,46.82251],[-92.06754,46.82253],[-92.06748,46.82259],[-92.06742,46.82266],[-92.06736,46.82273],[-92.06729,46.82281],[-92.06723,46.82289],[-92.06717,46.82298],[-92.06635,46.82563],[-92.06625,46.82564],[-92.06616,46.82566],[-92.06607,46.82568],[-92.06598,46.82571],[-92.06589,46.82575],[-92.06581,46.82578],[-92.06573,46.82582],[-92.06566,46.82587],[-92.06559,46.82591],[-92.06552,46.82597],[-92.06546,46.82602],[-92.06541,46.82608],[-92.06536,46.82613],[-92.06532,46.8262],[-92.06529,46.82626],[-92.06361,46.82625],[-92.06362,46.83121],[-92.06363,46.83272],[-92.0689,46.83269],[-92.06893,46.83463]]]]},"properties":{"id":"redlining-mn-duluth-2837","layer":"redlining","name":"Duluth — HOLC area B3 (grade B)","county":"St. Louis County","state":"MN","countyFips":"27137","confidence":"confirmed","sourceDate":"1930s","attributes":{"grade":"B","gradeMeaning":"Graded \"Still Desirable\" — expected to hold value, but nearing the end of its most desirable period.","category":"Still Desirable","city":"Duluth","holcId":"B3","areaId":2837,"residential":true,"holcFill":"#7cb5bd","cityScan":"https://dsl.richmond.edu/panorama/redlining/map/MN/Duluth"}}},{"type":"Feature","geometry":{"type":"MultiPolygon","coordinates":[[[[-92.08906,46.81201],[-92.08924,46.81196],[-92.08941,46.81292],[-92.08941,46.81296],[-92.08942,46.813],[-92.08943,46.81303],[-92.08945,46.81307],[-92.08947,46.8131],[-92.0895,46.81313],[-92.08953,46.81316],[-92.08957,46.81319],[-92.08962,46.81321],[-92.08966,46.81323],[-92.08971,46.81325],[-92.08985,46.81326],[-92.08999,46.81327],[-92.09012,46.81328],[-92.09026,46.81328],[-92.0904,46.81328],[-92.09054,46.81327],[-92.09067,46.81326],[-92.09081,46.81324],[-92.09094,46.81322],[-92.09108,46.81319],[-92.09121,46.81316],[-92.09133,46.81313],[-92.09146,46.81308],[-92.09151,46.81305],[-92.09156,46.813],[-92.09161,46.81296],[-92.09164,46.81291],[-92.09168,46.81286],[-92.0917,46.81281],[-92.09172,46.81276],[-92.09174,46.8127],[-92.09174,46.81265],[-92.09174,46.8126],[-92.09174,46.81254],[-92.09172,46.81249],[-92.0917,46.81244],[-92.09168,46.81239],[-92.09165,46.81234],[-92.09161,46.81229],[-92.09156,46.81224],[-92.09152,46.8122],[-92.09146,46.81216],[-92.0914,46.81212],[-92.09134,46.81209],[-92.09127,46.81206],[-92.0912,46.81204],[-92.09116,46.812],[-92.09112,46.81197],[-92.09108,46.81193],[-92.09105,46.81189],[-92.09103,46.81184],[-92.09101,46.8118],[-92.091,46.81176],[-92.09099,46.81171],[-92.09099,46.81166],[-92.091,46.81162],[-92.09101,46.81157],[-92.09103,46.81153],[-92.09106,46.81149],[-92.09109,46.81145],[-92.09112,46.81141],[-92.09117,46.81137],[-92.08905,46.80945],[-92.08933,46.8086],[-92.08941,46.8085],[-92.08948,46.80841],[-92.08955,46.80831],[-92.08962,46.80821],[-92.08967,46.8081],[-92.08972,46.808],[-92.08977,46.80789],[-92.08981,46.80779],[-92.08984,46.80768],[-92.08986,46.80757],[-92.08988,46.80746],[-92.08989,46.80735],[-92.0899,46.80724],[-92.0899,46.80713],[-92.08989,46.80702],[-92.08987,46.80691],[-92.08985,46.8068],[-92.08982,46.80669],[-92.08979,46.80659],[-92.08975,46.80648],[-92.0897,46.80637],[-92.08947,46.80619],[-92.08802,46.80526],[-92.08679,46.80447],[-92.08058,46.80044],[-92.08055,46.80047],[-92.07335,46.80585],[-92.08176,46.81122],[-92.08744,46.807],[-92.08773,46.80707],[-92.08773,46.80732],[-92.08774,46.80756],[-92.08775,46.80779],[-92.08776,46.808],[-92.08779,46.80819],[-92.0878,46.80828],[-92.08781,46.80836],[-92.08783,46.80845],[-92.08785,46.80853],[-92.08787,46.80861],[-92.08789,46.80869],[-92.08792,46.8088],[-92.08798,46.80899],[-92.08801,46.80907],[-92.08803,46.80915],[-92.08804,46.80923],[-92.08804,46.80927],[-92.08805,46.80932],[-92.08805,46.80937],[-92.08804,46.80942],[-92.08804,46.80948],[-92.08803,46.80954],[-92.08802,46.8096],[-92.088,46.80967],[-92.08803,46.81014],[-92.08811,46.81026],[-92.08819,46.81038],[-92.08828,46.81051],[-92.08843,46.81072],[-92.08849,46.81081],[-92.08856,46.8109],[-92.08861,46.811],[-92.08868,46.81112],[-92.08875,46.81124],[-92.08882,46.81139],[-92.08889,46.81155],[-92.08895,46.8117],[-92.08901,46.81186],[-92.08906,46.81201]]]]},"properties":{"id":"redlining-mn-duluth-2844","layer":"redlining","name":"Duluth — HOLC area B4 (grade B)","county":"St. Louis County","state":"MN","countyFips":"27137","confidence":"confirmed","sourceDate":"1930s","attributes":{"grade":"B","gradeMeaning":"Graded \"Still Desirable\" — expected to hold value, but nearing the end of its most desirable period.","category":"Still Desirable","city":"Duluth","holcId":"B4","areaId":2844,"residential":true,"holcFill":"#7cb5bd","cityScan":"https://dsl.richmond.edu/panorama/redlining/map/MN/Duluth"}}},{"type":"Feature","geometry":{"type":"MultiPolygon","coordinates":[[[[-92.08679,46.80447],[-92.08802,46.80526],[-92.08947,46.80619],[-92.0897,46.80637],[-92.08975,46.80648],[-92.08979,46.80659],[-92.08982,46.80669],[-92.08985,46.8068],[-92.08987,46.80691],[-92.08989,46.80702],[-92.0899,46.80713],[-92.0899,46.80724],[-92.08989,46.80735],[-92.08988,46.80746],[-92.08986,46.80757],[-92.08984,46.80768],[-92.08981,46.80779],[-92.08977,46.80789],[-92.08972,46.808],[-92.08967,46.8081],[-92.08962,46.80821],[-92.08955,46.80831],[-92.08948,46.80841],[-92.08941,46.8085],[-92.08933,46.8086],[-92.08905,46.80945],[-92.09117,46.81137],[-92.09398,46.80844],[-92.09472,46.80786],[-92.09472,46.80786],[-92.10057,46.80329],[-92.10053,46.80322],[-92.1005,46.80315],[-92.10047,46.80308],[-92.10045,46.803],[-92.10044,46.80293],[-92.10043,46.80285],[-92.10043,46.80278],[-92.10044,46.8027],[-92.10046,46.80263],[-92.10048,46.80255],[-92.10051,46.80248],[-92.10054,46.80241],[-92.10058,46.80234],[-92.10063,46.80227],[-92.10068,46.80221],[-92.10074,46.80214],[-92.10081,46.80208],[-92.10088,46.80203],[-92.10094,46.80198],[-92.101,46.80192],[-92.10105,46.80186],[-92.10109,46.8018],[-92.10113,46.80174],[-92.10116,46.80168],[-92.10119,46.80161],[-92.10121,46.80154],[-92.10123,46.80147],[-92.10123,46.80141],[-92.10123,46.80134],[-92.10123,46.80127],[-92.10121,46.8012],[-92.10119,46.80113],[-92.10117,46.80107],[-92.09804,46.799],[-92.09314,46.80273],[-92.0909,46.80131],[-92.08679,46.80447]]]]},"properties":{"id":"redlining-mn-duluth-2845","layer":"redlining","name":"Duluth — HOLC area B5 (grade B)","county":"St. Louis County","state":"MN","countyFips":"27137","confidence":"confirmed","sourceDate":"1930s","attributes":{"grade":"B","gradeMeaning":"Graded \"Still Desirable\" — expected to hold value, but nearing the end of its most desirable period.","category":"Still Desirable","city":"Duluth","holcId":"B5","areaId":2845,"residential":true,"holcFill":"#7cb5bd","cityScan":"https://dsl.richmond.edu/panorama/redlining/map/MN/Duluth"}}},{"type":"Feature","geometry":{"type":"MultiPolygon","coordinates":[[[[-92.12865,46.77397],[-92.12904,46.77446],[-92.13022,46.77512],[-92.13159,46.77499],[-92.13168,46.77562],[-92.13167,46.77565],[-92.13167,46.77569],[-92.13167,46.77573],[-92.13169,46.77577],[-92.1317,46.77581],[-92.13173,46.77585],[-92.13176,46.77588],[-92.1318,46.77591],[-92.13184,46.77594],[-92.13188,46.77596],[-92.13193,46.77598],[-92.13199,46.776],[-92.13204,46.77601],[-92.1321,46.77602],[-92.13216,46.77602],[-92.13221,46.77602],[-92.1337,46.77608],[-92.13628,46.77567],[-92.13639,46.7757],[-92.1365,46.77572],[-92.13662,46.77574],[-92.13673,46.77575],[-92.13685,46.77576],[-92.13697,46.77577],[-92.13709,46.77577],[-92.1372,46.77577],[-92.13732,46.77576],[-92.13744,46.77574],[-92.13755,46.77572],[-92.13766,46.7757],[-92.13777,46.77567],[-92.13788,46.77564],[-92.13799,46.77561],[-92.13809,46.77556],[-92.13819,46.77552],[-92.13828,46.77547],[-92.13837,46.77542],[-92.13846,46.77536],[-92.13854,46.7753],[-92.13861,46.77524],[-92.13868,46.77518],[-92.13874,46.77511],[-92.1388,46.77504],[-92.13885,46.77496],[-92.13889,46.77489],[-92.13893,46.77481],[-92.13896,46.77474],[-92.13899,46.77466],[-92.13901,46.77458],[-92.13902,46.7745],[-92.13902,46.77442],[-92.14094,46.77349],[-92.14216,46.77347],[-92.14242,46.77335],[-92.13787,46.77021],[-92.1382,46.76983],[-92.13754,46.7694],[-92.13838,46.7687],[-92.13267,46.76528],[-92.13058,46.76402],[-92.12137,46.77082],[-92.12242,46.77081],[-92.12423,46.77078],[-92.12869,46.77122],[-92.1303,46.77117],[-92.13139,46.77171],[-92.12865,46.77397]]]]},"properties":{"id":"redlining-mn-duluth-2856","layer":"redlining","name":"Duluth — HOLC area B6 (grade B)","county":"St. Louis County","state":"MN","countyFips":"27137","confidence":"confirmed","sourceDate":"1930s","attributes":{"grade":"B","gradeMeaning":"Graded \"Still Desirable\" — expected to hold value, but nearing the end of its most desirable period.","category":"Still Desirable","city":"Duluth","holcId":"B6","areaId":2856,"residential":true,"holcFill":"#7cb5bd","cityScan":"https://dsl.richmond.edu/panorama/redlining/map/MN/Duluth"}}},{"type":"Feature","geometry":{"type":"MultiPolygon","coordinates":[[[[-92.16619,46.74811],[-92.16671,46.74832],[-92.17205,46.74823],[-92.17193,46.74406],[-92.17478,46.74191],[-92.17475,46.73994],[-92.17468,46.73515],[-92.16653,46.74087],[-92.1663,46.74289],[-92.16619,46.74811]]]]},"properties":{"id":"redlining-mn-duluth-2862","layer":"redlining","name":"Duluth — HOLC area B7 (grade B)","county":"St. Louis County","state":"MN","countyFips":"27137","confidence":"confirmed","sourceDate":"1930s","attributes":{"grade":"B","gradeMeaning":"Graded \"Still Desirable\" — expected to hold value, but nearing the end of its most desirable period.","category":"Still Desirable","city":"Duluth","holcId":"B7","areaId":2862,"residential":true,"holcFill":"#7cb5bd","cityScan":"https://dsl.richmond.edu/panorama/redlining/map/MN/Duluth"}}},{"type":"Feature","geometry":{"type":"MultiPolygon","coordinates":[[[[-92.00498,46.84215],[-92.00506,46.84209],[-92.00514,46.84202],[-92.00522,46.84194],[-92.00529,46.84187],[-92.00536,46.84178],[-92.00543,46.8417],[-92.0055,46.84161],[-92.00556,46.84152],[-92.00561,46.84143],[-92.00567,46.84133],[-92.00572,46.84123],[-92.00576,46.84113],[-92.0058,46.84103],[-92.00584,46.84092],[-92.00588,46.84082],[-92.0059,46.84071],[-92.00593,46.84061],[-92.00595,46.8405],[-92.00596,46.8404],[-92.00597,46.8403],[-92.00597,46.84019],[-92.00597,46.84009],[-92.00597,46.84],[-92.00596,46.8399],[-92.00594,46.83981],[-92.00592,46.83972],[-92.0059,46.83964],[-92.00587,46.83956],[-92.00583,46.83948],[-92.00579,46.83941],[-92.00575,46.83934],[-92.0057,46.83928],[-92.0002,46.84094],[-91.9907,46.8477],[-91.99322,46.84973],[-92.00391,46.84185],[-92.00428,46.84183],[-92.00498,46.84215]]]]},"properties":{"id":"redlining-mn-duluth-2851","layer":"redlining","name":"Duluth — HOLC area C1 (grade C)","county":"St. Louis County","state":"MN","countyFips":"27137","confidence":"confirmed","sourceDate":"1930s","attributes":{"grade":"C","gradeMeaning":"Graded \"Definitely Declining\" — described as an area of \"infiltration of a lower grade population\", language HOLC applied to the arrival of Black, Jewish and immigrant residents.","category":"Definitely Declining","city":"Duluth","holcId":"C1","areaId":2851,"residential":true,"holcFill":"#ffff00","cityScan":"https://dsl.richmond.edu/panorama/redlining/map/MN/Duluth"}}},{"type":"Feature","geometry":{"type":"MultiPolygon","coordinates":[[[[-92.15453,46.7564],[-92.15456,46.75668],[-92.15484,46.75664],[-92.15512,46.7566],[-92.1554,46.75655],[-92.15567,46.75649],[-92.15594,46.75644],[-92.15621,46.75637],[-92.15648,46.75631],[-92.15675,46.75624],[-92.15701,46.75616],[-92.15727,46.75608],[-92.15753,46.756],[-92.15778,46.75591],[-92.15804,46.75581],[-92.15828,46.75572],[-92.15853,46.75562],[-92.15877,46.75551],[-92.15901,46.7554],[-92.15924,46.75529],[-92.15947,46.75517],[-92.16286,46.75316],[-92.1634,46.75287],[-92.16396,46.75259],[-92.16451,46.75231],[-92.16507,46.75204],[-92.16564,46.75177],[-92.1662,46.7515],[-92.16678,46.75123],[-92.16735,46.75097],[-92.16793,46.75072],[-92.16851,46.75046],[-92.1691,46.75021],[-92.16969,46.74997],[-92.17028,46.74973],[-92.17088,46.74949],[-92.17147,46.74925],[-92.17208,46.74903],[-92.17205,46.74823],[-92.16671,46.74832],[-92.16619,46.74811],[-92.15453,46.7564]]]]},"properties":{"id":"redlining-mn-duluth-2861","layer":"redlining","name":"Duluth — HOLC area C10 (grade C)","county":"St. Louis County","state":"MN","countyFips":"27137","confidence":"confirmed","sourceDate":"1930s","attributes":{"grade":"C","gradeMeaning":"Graded \"Definitely Declining\" — described as an area of \"infiltration of a lower grade population\", language HOLC applied to the arrival of Black, Jewish and immigrant residents.","category":"Definitely Declining","city":"Duluth","holcId":"C10","areaId":2861,"residential":true,"holcFill":"#ffff00","cityScan":"https://dsl.richmond.edu/panorama/redlining/map/MN/Duluth"}}},{"type":"Feature","geometry":{"type":"MultiPolygon","coordinates":[[[[-92.17468,46.73515],[-92.17475,46.73994],[-92.17511,46.73982],[-92.17546,46.7397],[-92.17581,46.73957],[-92.17616,46.73944],[-92.1765,46.73931],[-92.17684,46.73917],[-92.17718,46.73903],[-92.17751,46.73889],[-92.17784,46.73874],[-92.17817,46.73859],[-92.17849,46.73843],[-92.17881,46.73827],[-92.17927,46.738],[-92.17973,46.73772],[-92.18018,46.73744],[-92.18062,46.73716],[-92.18107,46.73687],[-92.1815,46.73658],[-92.18193,46.73628],[-92.18236,46.73598],[-92.18278,46.73568],[-92.1832,46.73538],[-92.18361,46.73507],[-92.1886,46.73181],[-92.1905,46.73026],[-92.19237,46.72825],[-92.19227,46.728],[-92.19029,46.72807],[-92.19003,46.72791],[-92.19,46.72607],[-92.1886,46.72597],[-92.18845,46.72527],[-92.18776,46.72581],[-92.18714,46.72572],[-92.18644,46.72635],[-92.18641,46.72661],[-92.17468,46.73515]]]]},"properties":{"id":"redlining-mn-duluth-2863","layer":"redlining","name":"Duluth — HOLC area C11 (grade C)","county":"St. Louis County","state":"MN","countyFips":"27137","confidence":"confirmed","sourceDate":"1930s","attributes":{"grade":"C","gradeMeaning":"Graded \"Definitely Declining\" — described as an area of \"infiltration of a lower grade population\", language HOLC applied to the arrival of Black, Jewish and immigrant residents.","category":"Definitely Declining","city":"Duluth","holcId":"C11","areaId":2863,"residential":true,"holcFill":"#ffff00","cityScan":"https://dsl.richmond.edu/panorama/redlining/map/MN/Duluth"}}},{"type":"Feature","geometry":{"type":"MultiPolygon","coordinates":[[[[-92.191,46.72382],[-92.19186,46.72436],[-92.19545,46.72431],[-92.19564,46.72493],[-92.19761,46.72379],[-92.19825,46.72367],[-92.19846,46.72358],[-92.19866,46.7235],[-92.19886,46.7234],[-92.19905,46.72331],[-92.19924,46.72321],[-92.19942,46.7231],[-92.19961,46.723],[-92.19978,46.72289],[-92.19996,46.72277],[-92.20012,46.72266],[-92.20029,46.72254],[-92.20044,46.72241],[-92.2006,46.72229],[-92.20075,46.72216],[-92.20089,46.72203],[-92.20079,46.71853],[-92.19953,46.71776],[-92.191,46.72382]]]]},"properties":{"id":"redlining-mn-duluth-2864","layer":"redlining","name":"Duluth — HOLC area C12 (grade C)","county":"St. Louis County","state":"MN","countyFips":"27137","confidence":"confirmed","sourceDate":"1930s","attributes":{"grade":"C","gradeMeaning":"Graded \"Definitely Declining\" — described as an area of \"infiltration of a lower grade population\", language HOLC applied to the arrival of Black, Jewish and immigrant residents.","category":"Definitely Declining","city":"Duluth","holcId":"C12","areaId":2864,"residential":true,"holcFill":"#ffff00","cityScan":"https://dsl.richmond.edu/panorama/redlining/map/MN/Duluth"}}},{"type":"Feature","geometry":{"type":"MultiPolygon","coordinates":[[[[-92.22685,46.68494],[-92.22206,46.68483],[-92.22209,46.69717],[-92.21677,46.69716],[-92.21664,46.69903],[-92.20944,46.69897],[-92.20916,46.69883],[-92.20831,46.69882],[-92.20788,46.70501],[-92.20715,46.70613],[-92.20628,46.70699],[-92.20326,46.70966],[-92.20234,46.71077],[-92.20023,46.71287],[-92.20159,46.71457],[-92.19694,46.71815],[-92.19737,46.71847],[-92.20346,46.71408],[-92.2129,46.7065],[-92.21644,46.70409],[-92.21668,46.70534],[-92.22157,46.70138],[-92.22522,46.6986],[-92.22533,46.69849],[-92.22543,46.69837],[-92.22553,46.69825],[-92.22563,46.69813],[-92.22572,46.69801],[-92.2258,46.69789],[-92.22587,46.69776],[-92.22594,46.69764],[-92.22601,46.69751],[-92.22606,46.69738],[-92.22611,46.69724],[-92.22615,46.69711],[-92.22619,46.69698],[-92.22622,46.69684],[-92.22624,46.69671],[-92.22625,46.69657],[-92.22626,46.69644],[-92.22626,46.6963],[-92.22626,46.69616],[-92.22619,46.69384],[-92.22604,46.69291],[-92.22618,46.69257],[-92.22632,46.69223],[-92.22645,46.69189],[-92.22657,46.69156],[-92.22668,46.69121],[-92.22679,46.69087],[-92.22689,46.69053],[-92.22698,46.69019],[-92.22707,46.68984],[-92.22715,46.6895],[-92.22722,46.68915],[-92.22728,46.6888],[-92.22734,46.68846],[-92.22739,46.68811],[-92.22744,46.68776],[-92.22777,46.68642],[-92.2288,46.68498],[-92.22685,46.68494]]]]},"properties":{"id":"redlining-mn-duluth-2865","layer":"redlining","name":"Duluth — HOLC area C13 (grade C)","county":"St. Louis County","state":"MN","countyFips":"27137","confidence":"confirmed","sourceDate":"1930s","attributes":{"grade":"C","gradeMeaning":"Graded \"Definitely Declining\" — described as an area of \"infiltration of a lower grade population\", language HOLC applied to the arrival of Black, Jewish and immigrant residents.","category":"Definitely Declining","city":"Duluth","holcId":"C13","areaId":2865,"residential":true,"holcFill":"#ffff00","cityScan":"https://dsl.richmond.edu/panorama/redlining/map/MN/Duluth"}}},{"type":"Feature","geometry":{"type":"MultiPolygon","coordinates":[[[[-92.01657,46.83333],[-92.01598,46.83339],[-92.01538,46.83351],[-92.01523,46.83352],[-92.01507,46.83354],[-92.01492,46.83356],[-92.01476,46.83359],[-92.01461,46.83362],[-92.01446,46.83366],[-92.01432,46.8337],[-92.01417,46.83374],[-92.01352,46.83404],[-92.01263,46.83456],[-92.01237,46.83464],[-92.01211,46.83471],[-92.01184,46.83479],[-92.01158,46.83485],[-92.01131,46.83492],[-92.01104,46.83498],[-92.00958,46.83519],[-92.00869,46.83524],[-92.00853,46.83523],[-92.00837,46.83522],[-92.00822,46.83521],[-92.00806,46.83521],[-92.00791,46.83522],[-92.00777,46.83522],[-92.00762,46.83523],[-92.00749,46.83525],[-92.00735,46.83527],[-92.00729,46.83528],[-92.00723,46.83529],[-92.00717,46.8353],[-92.00711,46.83532],[-92.00705,46.83533],[-92.007,46.83535],[-92.00695,46.83536],[-92.00691,46.83538],[-92.00687,46.83539],[-92.00683,46.83541],[-92.0068,46.83543],[-92.00677,46.83545],[-92.00675,46.83546],[-92.00673,46.83548],[-92.00665,46.83552],[-92.00658,46.83556],[-92.0065,46.8356],[-92.00644,46.83565],[-92.00637,46.8357],[-92.00632,46.83576],[-92.00627,46.83581],[-92.00622,46.83587],[-92.00618,46.83593],[-92.00615,46.836],[-92.00613,46.83606],[-92.00611,46.83613],[-92.0061,46.83619],[-92.00609,46.83626],[-92.0061,46.83632],[-92.00611,46.83639],[-92.00631,46.83662],[-92.00688,46.83632],[-92.00695,46.83669],[-92.00684,46.83733],[-92.00655,46.8375],[-92.00651,46.83753],[-92.00646,46.83757],[-92.00643,46.8376],[-92.0064,46.83764],[-92.00637,46.83768],[-92.00635,46.83773],[-92.00634,46.83777],[-92.00634,46.83781],[-92.00634,46.83786],[-92.00635,46.8379],[-92.00637,46.83794],[-92.00639,46.83799],[-92.00642,46.83802],[-92.00645,46.83806],[-92.00649,46.8381],[-92.00654,46.83813],[-92.00659,46.83815],[-92.00884,46.83952],[-92.00879,46.83973],[-92.00944,46.84046],[-92.00922,46.84057],[-92.0103,46.84435],[-92.01042,46.84435],[-92.01054,46.84436],[-92.01066,46.84437],[-92.01078,46.84439],[-92.0109,46.84441],[-92.01101,46.84444],[-92.01113,46.84447],[-92.01124,46.8445],[-92.01134,46.84454],[-92.01145,46.84459],[-92.01154,46.84464],[-92.01164,46.84469],[-92.01173,46.84474],[-92.01182,46.8448],[-92.0119,46.84487],[-92.01197,46.84493],[-92.01204,46.845],[-92.0121,46.84507],[-92.01216,46.84515],[-92.01221,46.84522],[-92.01225,46.8453],[-92.01229,46.84538],[-92.01232,46.84546],[-92.01234,46.84554],[-92.01236,46.84562],[-92.01237,46.84571],[-92.01237,46.84579],[-92.01237,46.84587],[-92.01236,46.84596],[-92.01234,46.84604],[-92.01231,46.84612],[-92.01228,46.8462],[-92.01224,46.84628],[-92.01219,46.84635],[-92.01214,46.84643],[-92.02651,46.84632],[-92.02654,46.84232],[-92.01961,46.84516],[-92.01613,46.84518],[-92.01594,46.84506],[-92.01598,46.84051],[-92.0163,46.84032],[-92.0252,46.84007],[-92.02556,46.83981],[-92.02569,46.83104],[-92.0165,46.83627],[-92.01632,46.83627],[-92.01657,46.83333]]]]},"properties":{"id":"redlining-mn-duluth-2850","layer":"redlining","name":"Duluth — HOLC area C2 (grade C)","county":"St. Louis County","state":"MN","countyFips":"27137","confidence":"confirmed","sourceDate":"1930s","attributes":{"grade":"C","gradeMeaning":"Graded \"Definitely Declining\" — described as an area of \"infiltration of a lower grade population\", language HOLC applied to the arrival of Black, Jewish and immigrant residents.","category":"Definitely Declining","city":"Duluth","holcId":"C2","areaId":2850,"residential":true,"holcFill":"#ffff00","cityScan":"https://dsl.richmond.edu/panorama/redlining/map/MN/Duluth"}}},{"type":"Feature","geometry":{"type":"MultiPolygon","coordinates":[[[[-92.06362,46.83121],[-92.0635,46.83121],[-92.06338,46.83122],[-92.06327,46.83123],[-92.06315,46.83125],[-92.06303,46.83127],[-92.06292,46.83129],[-92.06281,46.83132],[-92.0627,46.83135],[-92.06259,46.83139],[-92.06249,46.83143],[-92.06239,46.83148],[-92.06229,46.83153],[-92.0622,46.83158],[-92.06211,46.83164],[-92.06203,46.8317],[-92.06129,46.83271],[-92.06102,46.83334],[-92.05856,46.8351],[-92.05837,46.84005],[-92.05489,46.84016],[-92.05481,46.84389],[-92.06372,46.84383],[-92.06385,46.83689],[-92.06421,46.83686],[-92.06458,46.83683],[-92.06495,46.83681],[-92.06531,46.83679],[-92.06568,46.83677],[-92.06605,46.83676],[-92.06642,46.83675],[-92.06678,46.83675],[-92.06715,46.83675],[-92.06752,46.83675],[-92.06862,46.83576],[-92.06887,46.8354],[-92.06893,46.83463],[-92.0689,46.83269],[-92.06363,46.83272],[-92.06362,46.83121]]]]},"properties":{"id":"redlining-mn-duluth-2838","layer":"redlining","name":"Duluth — HOLC area C3 (grade C)","county":"St. Louis County","state":"MN","countyFips":"27137","confidence":"confirmed","sourceDate":"1930s","attributes":{"grade":"C","gradeMeaning":"Graded \"Definitely Declining\" — described as an area of \"infiltration of a lower grade population\", language HOLC applied to the arrival of Black, Jewish and immigrant residents.","category":"Definitely Declining","city":"Duluth","holcId":"C3","areaId":2838,"residential":true,"holcFill":"#ffff00","cityScan":"https://dsl.richmond.edu/panorama/redlining/map/MN/Duluth"}}},{"type":"Feature","geometry":{"type":"MultiPolygon","coordinates":[[[[-92.07908,46.79947],[-92.06142,46.80872],[-92.06127,46.80883],[-92.05588,46.81282],[-92.05532,46.81287],[-92.05295,46.81477],[-92.05362,46.81526],[-92.05373,46.8162],[-92.05458,46.81672],[-92.06475,46.80923],[-92.07247,46.80529],[-92.07335,46.80585],[-92.08055,46.80047],[-92.08058,46.80044],[-92.07908,46.79947]]]]},"properties":{"id":"redlining-mn-duluth-2841","layer":"redlining","name":"Duluth — HOLC area C4 (grade C)","county":"St. Louis County","state":"MN","countyFips":"27137","confidence":"confirmed","sourceDate":"1930s","attributes":{"grade":"C","gradeMeaning":"Graded \"Definitely Declining\" — described as an area of \"infiltration of a lower grade population\", language HOLC applied to the arrival of Black, Jewish and immigrant residents.","category":"Definitely Declining","city":"Duluth","holcId":"C4","areaId":2841,"residential":true,"holcFill":"#ffff00","cityScan":"https://dsl.richmond.edu/panorama/redlining/map/MN/Duluth"}}},{"type":"Feature","geometry":{"type":"MultiPolygon","coordinates":[[[[-92.08526,46.82193],[-92.08742,46.82198],[-92.08958,46.82204],[-92.09174,46.82209],[-92.0939,46.82214],[-92.09605,46.82218],[-92.09704,46.82221],[-92.09803,46.82223],[-92.09902,46.82225],[-92.1,46.82226],[-92.10099,46.82227],[-92.10198,46.82227],[-92.10297,46.82227],[-92.10396,46.82227],[-92.10494,46.82226],[-92.10593,46.82224],[-92.10692,46.82222],[-92.10791,46.8222],[-92.10889,46.82217],[-92.10988,46.82213],[-92.11087,46.82209],[-92.11077,46.81824],[-92.10054,46.81836],[-92.10049,46.81671],[-92.09771,46.81664],[-92.09767,46.8163],[-92.09693,46.81587],[-92.09688,46.81583],[-92.09682,46.81578],[-92.09677,46.81574],[-92.09673,46.81569],[-92.09668,46.81563],[-92.09664,46.81558],[-92.0966,46.81552],[-92.09656,46.81545],[-92.09654,46.8154],[-92.09651,46.81535],[-92.09648,46.81529],[-92.09646,46.81523],[-92.09641,46.8151],[-92.09633,46.81486],[-92.0963,46.81477],[-92.09626,46.81469],[-92.09623,46.81462],[-92.09619,46.81457],[-92.09614,46.81452],[-92.09609,46.81448],[-92.09604,46.81444],[-92.09598,46.8144],[-92.09591,46.81437],[-92.09585,46.81434],[-92.09578,46.81431],[-92.0957,46.81429],[-92.09563,46.81427],[-92.09555,46.81426],[-92.09547,46.81425],[-92.09539,46.81424],[-92.09531,46.81424],[-92.09523,46.81424],[-92.09515,46.81425],[-92.09507,46.81426],[-92.09499,46.81428],[-92.09492,46.81429],[-92.09483,46.81431],[-92.09453,46.81439],[-92.09439,46.81442],[-92.09432,46.81443],[-92.09424,46.81444],[-92.09417,46.81445],[-92.0941,46.81446],[-92.094,46.81447],[-92.09391,46.81448],[-92.09382,46.81448],[-92.09372,46.81448],[-92.09362,46.81448],[-92.09352,46.81448],[-92.09341,46.81447],[-92.0933,46.81447],[-92.09222,46.81402],[-92.09204,46.81404],[-92.09185,46.81406],[-92.09167,46.81407],[-92.09149,46.81407],[-92.09131,46.81407],[-92.09113,46.81407],[-92.09095,46.81406],[-92.09076,46.81404],[-92.09058,46.81403],[-92.09041,46.814],[-92.09023,46.81398],[-92.09005,46.81394],[-92.08988,46.81391],[-92.08971,46.81387],[-92.08866,46.81313],[-92.08866,46.81307],[-92.08865,46.81302],[-92.08864,46.81297],[-92.08862,46.81292],[-92.0886,46.81287],[-92.08857,46.81282],[-92.08853,46.81278],[-92.08849,46.81273],[-92.08844,46.81269],[-92.08839,46.81266],[-92.08833,46.81262],[-92.08827,46.81259],[-92.0882,46.81256],[-92.08814,46.81254],[-92.08807,46.81252],[-92.088,46.81251],[-92.08793,46.81249],[-92.08786,46.81249],[-92.08779,46.81248],[-92.08771,46.81248],[-92.08764,46.81249],[-92.08757,46.8125],[-92.0875,46.81251],[-92.08743,46.81253],[-92.08507,46.8139],[-92.08419,46.81395],[-92.08406,46.81393],[-92.08392,46.81391],[-92.08379,46.81389],[-92.08365,46.81388],[-92.08351,46.81387],[-92.08337,46.81387],[-92.08324,46.81387],[-92.0831,46.81388],[-92.08296,46.81389],[-92.08282,46.8139],[-92.08269,46.81392],[-92.08256,46.81395],[-92.08248,46.81421],[-92.08247,46.81428],[-92.08247,46.81435],[-92.08247,46.81441],[-92.08247,46.81453],[-92.08247,46.81458],[-92.08246,46.81462],[-92.08246,46.81465],[-92.08245,46.81468],[-92.08244,46.8147],[-92.08242,46.81472],[-92.08241,46.81474],[-92.08239,46.81476],[-92.08236,46.81478],[-92.08234,46.81479],[-92.0823,46.81481],[-92.08012,46.81484],[-92.07992,46.81796],[-92.07776,46.81972],[-92.07775,46.81973],[-92.07503,46.82222],[-92.07726,46.82226],[-92.08076,46.822],[-92.08526,46.82193]]]]},"properties":{"id":"redlining-mn-duluth-2839","layer":"redlining","name":"Duluth — HOLC area C5 (grade C)","county":"St. Louis County","state":"MN","countyFips":"27137","confidence":"confirmed","sourceDate":"1930s","attributes":{"grade":"C","gradeMeaning":"Graded \"Definitely Declining\" — described as an area of \"infiltration of a lower grade population\", language HOLC applied to the arrival of Black, Jewish and immigrant residents.","category":"Definitely Declining","city":"Duluth","holcId":"C5","areaId":2839,"residential":true,"holcFill":"#ffff00","cityScan":"https://dsl.richmond.edu/panorama/redlining/map/MN/Duluth"}}},{"type":"Feature","geometry":{"type":"MultiPolygon","coordinates":[[[[-92.08058,46.80044],[-92.08679,46.80447],[-92.0909,46.80131],[-92.09314,46.80273],[-92.09804,46.799],[-92.10117,46.80107],[-92.10615,46.79746],[-92.10747,46.79651],[-92.10933,46.79498],[-92.11001,46.79444],[-92.11068,46.79389],[-92.11134,46.79334],[-92.11136,46.79058],[-92.12193,46.78226],[-92.12182,46.77866],[-92.12188,46.77869],[-92.12195,46.7787],[-92.12201,46.77872],[-92.12208,46.77872],[-92.12215,46.77873],[-92.12221,46.77873],[-92.12228,46.77872],[-92.12235,46.77871],[-92.12241,46.7787],[-92.12247,46.77868],[-92.12253,46.77865],[-92.12259,46.77862],[-92.12264,46.77859],[-92.12268,46.77856],[-92.12272,46.77852],[-92.12276,46.77848],[-92.12278,46.77844],[-92.1228,46.77839],[-92.12282,46.77835],[-92.12283,46.7783],[-92.12283,46.77825],[-92.12282,46.77821],[-92.12281,46.77816],[-92.12279,46.77812],[-92.12276,46.77808],[-92.12273,46.77803],[-92.12269,46.778],[-92.12264,46.77796],[-92.12259,46.77793],[-92.12254,46.7779],[-92.12248,46.77788],[-92.12242,46.77786],[-92.12236,46.77784],[-92.12229,46.77783],[-92.12222,46.77782],[-92.12216,46.77782],[-92.12209,46.77782],[-92.1213,46.77755],[-92.12115,46.77696],[-92.11656,46.77447],[-92.1082,46.78062],[-92.10837,46.78353],[-92.10622,46.78503],[-92.10729,46.78575],[-92.1035,46.78869],[-92.10396,46.78896],[-92.09523,46.79555],[-92.09263,46.7942],[-92.08782,46.79779],[-92.0854,46.79629],[-92.08453,46.79653],[-92.07908,46.79947],[-92.08058,46.80044]]]]},"properties":{"id":"redlining-mn-duluth-2846","layer":"redlining","name":"Duluth — HOLC area C6 (grade C)","county":"St. Louis County","state":"MN","countyFips":"27137","confidence":"confirmed","sourceDate":"1930s","attributes":{"grade":"C","gradeMeaning":"Graded \"Definitely Declining\" — described as an area of \"infiltration of a lower grade population\", language HOLC applied to the arrival of Black, Jewish and immigrant residents.","category":"Definitely Declining","city":"Duluth","holcId":"C6","areaId":2846,"residential":true,"holcFill":"#ffff00","cityScan":"https://dsl.richmond.edu/panorama/redlining/map/MN/Duluth"}}},{"type":"Feature","geometry":{"type":"MultiPolygon","coordinates":[[[[-92.09472,46.80786],[-92.10061,46.8079],[-92.10063,46.8104],[-92.11063,46.81038],[-92.11134,46.79334],[-92.11068,46.79389],[-92.11001,46.79444],[-92.10933,46.79498],[-92.10747,46.79651],[-92.10615,46.79746],[-92.10117,46.80107],[-92.10119,46.80113],[-92.10121,46.8012],[-92.10123,46.80127],[-92.10123,46.80134],[-92.10123,46.80141],[-92.10123,46.80147],[-92.10121,46.80154],[-92.10119,46.80161],[-92.10116,46.80168],[-92.10113,46.80174],[-92.10109,46.8018],[-92.10105,46.80186],[-92.101,46.80192],[-92.10094,46.80198],[-92.10088,46.80203],[-92.10081,46.80208],[-92.10074,46.80214],[-92.10068,46.80221],[-92.10063,46.80227],[-92.10058,46.80234],[-92.10054,46.80241],[-92.10051,46.80248],[-92.10048,46.80255],[-92.10046,46.80263],[-92.10044,46.8027],[-92.10043,46.80278],[-92.10043,46.80285],[-92.10044,46.80293],[-92.10045,46.803],[-92.10047,46.80308],[-92.1005,46.80315],[-92.10053,46.80322],[-92.10057,46.80329],[-92.09472,46.80786],[-92.09472,46.80786]]]]},"properties":{"id":"redlining-mn-duluth-2847","layer":"redlining","name":"Duluth — HOLC area C7 (grade C)","county":"St. Louis County","state":"MN","countyFips":"27137","confidence":"confirmed","sourceDate":"1930s","attributes":{"grade":"C","gradeMeaning":"Graded \"Definitely Declining\" — described as an area of \"infiltration of a lower grade population\", language HOLC applied to the arrival of Black, Jewish and immigrant residents.","category":"Definitely Declining","city":"Duluth","holcId":"C7","areaId":2847,"residential":true,"holcFill":"#ffff00","cityScan":"https://dsl.richmond.edu/panorama/redlining/map/MN/Duluth"}}},{"type":"Feature","geometry":{"type":"MultiPolygon","coordinates":[[[[-92.13198,46.80742],[-92.13174,46.80054],[-92.12178,46.80032],[-92.12174,46.80758],[-92.13198,46.80742]]]]},"properties":{"id":"redlining-mn-duluth-2853","layer":"redlining","name":"Duluth — HOLC area C8 (grade C)","county":"St. Louis County","state":"MN","countyFips":"27137","confidence":"confirmed","sourceDate":"1930s","attributes":{"grade":"C","gradeMeaning":"Graded \"Definitely Declining\" — described as an area of \"infiltration of a lower grade population\", language HOLC applied to the arrival of Black, Jewish and immigrant residents.","category":"Definitely Declining","city":"Duluth","holcId":"C8","areaId":2853,"residential":true,"holcFill":"#ffff00","cityScan":"https://dsl.richmond.edu/panorama/redlining/map/MN/Duluth"}}},{"type":"Feature","geometry":{"type":"MultiPolygon","coordinates":[[[[-92.13267,46.76528],[-92.13391,46.76437],[-92.13686,46.76626],[-92.13796,46.76632],[-92.13923,46.76707],[-92.13917,46.76779],[-92.14104,46.76898],[-92.14086,46.76922],[-92.14079,46.76976],[-92.1406,46.77012],[-92.14287,46.77169],[-92.14354,46.77293],[-92.14958,46.76868],[-92.15097,46.76627],[-92.15351,46.76421],[-92.14569,46.76417],[-92.14557,46.76063],[-92.1477,46.76062],[-92.14771,46.7593],[-92.1475,46.7593],[-92.14728,46.75929],[-92.14707,46.75928],[-92.14686,46.75926],[-92.14664,46.75924],[-92.14643,46.75921],[-92.14622,46.75918],[-92.14601,46.75915],[-92.14581,46.75911],[-92.1456,46.75907],[-92.1454,46.75902],[-92.1452,46.75896],[-92.145,46.75891],[-92.14481,46.75885],[-92.14461,46.75878],[-92.14443,46.75871],[-92.14424,46.75864],[-92.14406,46.75856],[-92.14388,46.75848],[-92.14371,46.75839],[-92.14354,46.7583],[-92.14337,46.75821],[-92.14321,46.75811],[-92.14055,46.75655],[-92.13058,46.76402],[-92.13267,46.76528]]]]},"properties":{"id":"redlining-mn-duluth-2857","layer":"redlining","name":"Duluth — HOLC area C9 (grade C)","county":"St. Louis County","state":"MN","countyFips":"27137","confidence":"confirmed","sourceDate":"1930s","attributes":{"grade":"C","gradeMeaning":"Graded \"Definitely Declining\" — described as an area of \"infiltration of a lower grade population\", language HOLC applied to the arrival of Black, Jewish and immigrant residents.","category":"Definitely Declining","city":"Duluth","holcId":"C9","areaId":2857,"residential":true,"holcFill":"#ffff00","cityScan":"https://dsl.richmond.edu/panorama/redlining/map/MN/Duluth"}}},{"type":"Feature","geometry":{"type":"MultiPolygon","coordinates":[[[[-92.07908,46.79947],[-92.07933,46.79892],[-92.07936,46.79888],[-92.07938,46.79884],[-92.07939,46.79879],[-92.0794,46.79875],[-92.0794,46.7987],[-92.07939,46.79866],[-92.07938,46.79862],[-92.07936,46.79857],[-92.07933,46.79853],[-92.0793,46.79849],[-92.07935,46.79846],[-92.07939,46.79842],[-92.07943,46.79838],[-92.07947,46.79834],[-92.0795,46.79829],[-92.07952,46.79824],[-92.07954,46.79819],[-92.07955,46.79815],[-92.07956,46.7981],[-92.07955,46.79805],[-92.07955,46.798],[-92.07953,46.79795],[-92.07951,46.7979],[-92.07948,46.79785],[-92.07945,46.79781],[-92.07941,46.79777],[-92.07937,46.79773],[-92.07928,46.79769],[-92.07919,46.79765],[-92.0791,46.79761],[-92.07902,46.79757],[-92.07895,46.79752],[-92.07888,46.79746],[-92.07881,46.79741],[-92.07875,46.79735],[-92.07875,46.79732],[-92.07875,46.79729],[-92.07873,46.79726],[-92.07871,46.79723],[-92.07869,46.79721],[-92.07866,46.79719],[-92.07862,46.79717],[-92.07802,46.79782],[-92.07789,46.7979],[-92.07776,46.79798],[-92.07762,46.79805],[-92.07748,46.79813],[-92.07734,46.7982],[-92.07717,46.79822],[-92.07714,46.7982],[-92.0771,46.79818],[-92.07706,46.79817],[-92.07702,46.79815],[-92.07698,46.79815],[-92.07694,46.79814],[-92.0769,46.79814],[-92.07685,46.79815],[-92.07681,46.79816],[-92.07677,46.79817],[-92.07672,46.79824],[-92.07665,46.79832],[-92.07658,46.79838],[-92.07651,46.79845],[-92.07643,46.79852],[-92.07634,46.79858],[-92.07625,46.79863],[-92.07615,46.79869],[-92.07605,46.79874],[-92.07595,46.79878],[-92.07584,46.79882],[-92.07573,46.79886],[-92.07562,46.79889],[-92.0755,46.79893],[-92.07539,46.79896],[-92.07529,46.799],[-92.07519,46.79903],[-92.0751,46.79907],[-92.07501,46.79911],[-92.07493,46.79914],[-92.07485,46.79918],[-92.07479,46.79921],[-92.07474,46.79925],[-92.07468,46.79928],[-92.07463,46.79932],[-92.07453,46.79939],[-92.07431,46.79956],[-92.07424,46.79961],[-92.07417,46.79966],[-92.07409,46.79971],[-92.07401,46.79976],[-92.07393,46.7998],[-92.07384,46.79984],[-92.07376,46.79988],[-92.07367,46.79992],[-92.07357,46.79996],[-92.07347,46.8],[-92.07336,46.80004],[-92.07325,46.80008],[-92.07313,46.80012],[-92.073,46.80016],[-92.07186,46.80021],[-92.07182,46.80018],[-92.07177,46.80016],[-92.07172,46.80014],[-92.07167,46.80013],[-92.07161,46.80012],[-92.07156,46.80011],[-92.0715,46.80011],[-92.07116,46.80012],[-92.07112,46.80024],[-92.07107,46.80036],[-92.07102,46.80049],[-92.07096,46.80061],[-92.07089,46.80073],[-92.07082,46.80085],[-92.07074,46.80096],[-92.07066,46.80108],[-92.07057,46.80119],[-92.07047,46.8013],[-92.07037,46.80141],[-92.07027,46.80152],[-92.07015,46.80162],[-92.07004,46.80172],[-92.06992,46.80182],[-92.06979,46.80191],[-92.06966,46.802],[-92.06818,46.8021],[-92.06782,46.80222],[-92.06774,46.8022],[-92.06766,46.80219],[-92.06758,46.80218],[-92.06749,46.80218],[-92.06741,46.80218],[-92.06733,46.80218],[-92.06552,46.80281],[-92.06442,46.80342],[-92.06424,46.8035],[-92.06406,46.80358],[-92.06388,46.80366],[-92.06369,46.80373],[-92.0635,46.8038],[-92.0633,46.80386],[-92.06311,46.80392],[-92.06291,46.80398],[-92.06271,46.80403],[-92.0625,46.80407],[-92.06229,46.80412],[-92.06209,46.80415],[-92.06194,46.80457],[-92.06171,46.80473],[-92.0616,46.80512],[-92.06132,46.80528],[-92.06131,46.80548],[-92.06128,46.80554],[-92.06125,46.80559],[-92.06122,46.80565],[-92.06118,46.8057],[-92.06113,46.80575],[-92.06108,46.80579],[-92.06095,46.80653],[-92.06028,46.80808],[-92.06127,46.80883],[-92.06142,46.80872],[-92.07908,46.79947]]]]},"properties":{"id":"redlining-mn-duluth-2843","layer":"redlining","name":"Duluth — HOLC area D1 (grade D)","county":"St. Louis County","state":"MN","countyFips":"27137","confidence":"confirmed","sourceDate":"1930s","attributes":{"grade":"D","gradeMeaning":"Graded \"Hazardous\" — outlined in red. Lending was withheld here for decades. Grades turned explicitly on the race, ethnicity and immigration status of residents.","category":"Hazardous","city":"Duluth","holcId":"D1","areaId":2843,"residential":true,"holcFill":"#d9838d","cityScan":"https://dsl.richmond.edu/panorama/redlining/map/MN/Duluth"}}},{"type":"Feature","geometry":{"type":"MultiPolygon","coordinates":[[[[-92.09095,46.77742],[-92.09127,46.77791],[-92.09137,46.77815],[-92.09118,46.77836],[-92.09129,46.77865],[-92.09189,46.77857],[-92.09305,46.77831],[-92.0936,46.77808],[-92.09366,46.77789],[-92.09366,46.77788],[-92.09351,46.77769],[-92.09328,46.77758],[-92.09323,46.77732],[-92.09313,46.7771],[-92.09298,46.777],[-92.09255,46.777],[-92.09231,46.77665],[-92.09238,46.77619],[-92.09255,46.77614],[-92.09267,46.77598],[-92.09256,46.77578],[-92.09179,46.77488],[-92.09192,46.77466],[-92.09144,46.77382],[-92.09125,46.7738],[-92.09105,46.77354],[-92.0902,46.7723],[-92.09095,46.77227],[-92.09055,46.77212],[-92.09076,46.77159],[-92.0905,46.77197],[-92.09025,46.77203],[-92.08977,46.77187],[-92.08973,46.77154],[-92.08953,46.77138],[-92.08948,46.77098],[-92.0892,46.77064],[-92.08922,46.76966],[-92.089,46.7696],[-92.08898,46.76944],[-92.08875,46.76939],[-92.08847,46.76922],[-92.08846,46.7691],[-92.08989,46.76878],[-92.08924,46.7678],[-92.08783,46.76813],[-92.08783,46.76834],[-92.08761,46.76832],[-92.08743,46.76794],[-92.08722,46.76762],[-92.08722,46.76723],[-92.08703,46.76695],[-92.08658,46.76633],[-92.08643,46.76587],[-92.08627,46.76571],[-92.08532,46.76523],[-92.08495,46.76464],[-92.08435,46.76432],[-92.08424,46.76366],[-92.084,46.76359],[-92.08384,46.76329],[-92.08335,46.76266],[-92.08271,46.76196],[-92.08226,46.76149],[-92.08104,46.76038],[-92.08075,46.76012],[-92.0804,46.75969],[-92.08003,46.75942],[-92.07999,46.75906],[-92.07976,46.75889],[-92.07939,46.75851],[-92.07937,46.75805],[-92.07885,46.75771],[-92.07878,46.75753],[-92.0784,46.75751],[-92.07814,46.75718],[-92.07815,46.75694],[-92.07799,46.75663],[-92.07765,46.75631],[-92.07754,46.75624],[-92.0775,46.75584],[-92.0773,46.75567],[-92.07705,46.75561],[-92.07699,46.75542],[-92.07682,46.75536],[-92.0767,46.75531],[-92.0763,46.75495],[-92.07589,46.75459],[-92.07536,46.75419],[-92.07533,46.75406],[-92.07519,46.75384],[-92.07488,46.75353],[-92.07481,46.75316],[-92.07463,46.7531],[-92.07457,46.75301],[-92.0743,46.75274],[-92.07387,46.75246],[-92.07374,46.75217],[-92.07348,46.75201],[-92.07311,46.7516],[-92.07259,46.75114],[-92.07241,46.75099],[-92.07219,46.75074],[-92.07179,46.75032],[-92.07133,46.74991],[-92.07117,46.74962],[-92.07092,46.74928],[-92.07077,46.74912],[-92.07059,46.74884],[-92.07025,46.74868],[-92.06964,46.74817],[-92.06964,46.74807],[-92.06962,46.7478],[-92.06933,46.74777],[-92.06933,46.74747],[-92.06895,46.74721],[-92.06879,46.74691],[-92.06845,46.74674],[-92.06842,46.74654],[-92.06827,46.74635],[-92.06814,46.74619],[-92.06781,46.74603],[-92.06754,46.74584],[-92.06698,46.7455],[-92.06691,46.74531],[-92.06676,46.74523],[-92.06666,46.74503],[-92.06655,46.74479],[-92.06645,46.74475],[-92.06631,46.74467],[-92.06623,46.74428],[-92.06599,46.7442],[-92.06572,46.74401],[-92.06548,46.74376],[-92.06548,46.74357],[-92.06546,46.74333],[-92.06524,46.74323],[-92.06501,46.74309],[-92.06479,46.74308],[-92.06473,46.74299],[-92.06439,46.74271],[-92.06437,46.74249],[-92.06403,46.74246],[-92.06387,46.74228],[-92.06331,46.74184],[-92.06278,46.74137],[-92.06246,46.74109],[-92.06201,46.74071],[-92.0613,46.74012],[-92.06055,46.7395],[-92.05996,46.739],[-92.05944,46.73836],[-92.05932,46.73816],[-92.05881,46.73762],[-92.05798,46.73685],[-92.05743,46.73641],[-92.05692,46.73582],[-92.05657,46.73555],[-92.05598,46.73497],[-92.05538,46.73446],[-92.0549,46.73391],[-92.05423,46.7331],[-92.05373,46.73249],[-92.05252,46.73319],[-92.05346,46.73403],[-92.05423,46.73488],[-92.0544,46.73516],[-92.05501,46.73543],[-92.05566,46.73606],[-92.05615,46.73666],[-92.05658,46.73704],[-92.05694,46.7372],[-92.05706,46.73761],[-92.05731,46.73789],[-92.05799,46.73853],[-92.05924,46.73975],[-92.05994,46.74043],[-92.06064,46.74122],[-92.06138,46.74199],[-92.0616,46.74237],[-92.06223,46.74308],[-92.06268,46.74354],[-92.06382,46.74463],[-92.06466,46.74535],[-92.06505,46.74572],[-92.06549,46.74634],[-92.06646,46.74727],[-92.0672,46.74808],[-92.06776,46.74857],[-92.06881,46.74951],[-92.06948,46.75027],[-92.07002,46.7508],[-92.0704,46.75131],[-92.07128,46.7522],[-92.07185,46.75284],[-92.07251,46.75356],[-92.07283,46.75387],[-92.07324,46.75439],[-92.07362,46.75483],[-92.07403,46.7552],[-92.0743,46.75559],[-92.07469,46.75598],[-92.0755,46.75666],[-92.07609,46.75746],[-92.07679,46.75849],[-92.07762,46.75949],[-92.07811,46.76002],[-92.07859,46.76069],[-92.07911,46.76132],[-92.07982,46.76262],[-92.08083,46.76386],[-92.08121,46.76447],[-92.08157,46.76487],[-92.08193,46.76551],[-92.08205,46.76596],[-92.08219,46.76618],[-92.08256,46.76658],[-92.08327,46.76706],[-92.0837,46.76737],[-92.08403,46.76785],[-92.08432,46.76819],[-92.08476,46.76869],[-92.08542,46.76927],[-92.08601,46.76985],[-92.08658,46.7704],[-92.08677,46.77076],[-92.08772,46.77216],[-92.08961,46.77547],[-92.08987,46.7761],[-92.09032,46.77655],[-92.09095,46.77742]]],[[[-92.09371,46.77929],[-92.09261,46.77948],[-92.09218,46.77963],[-92.09226,46.77991],[-92.09284,46.78143],[-92.09565,46.78083],[-92.09497,46.77976],[-92.09468,46.77946],[-92.09437,46.77927],[-92.09371,46.77929]]]]},"properties":{"id":"redlining-mn-duluth-2854","layer":"redlining","name":"Duluth — HOLC area D2 (grade D)","county":"St. Louis County","state":"MN","countyFips":"27137","confidence":"confirmed","sourceDate":"1930s","attributes":{"grade":"D","gradeMeaning":"Graded \"Hazardous\" — outlined in red. Lending was withheld here for decades. Grades turned explicitly on the race, ethnicity and immigration status of residents.","category":"Hazardous","city":"Duluth","holcId":"D2","areaId":2854,"residential":true,"holcFill":"#d9838d","cityScan":"https://dsl.richmond.edu/panorama/redlining/map/MN/Duluth"}}},{"type":"Feature","geometry":{"type":"MultiPolygon","coordinates":[[[[-92.13198,46.80742],[-92.1322,46.8183],[-92.13728,46.8183],[-92.13729,46.81513],[-92.1375,46.81492],[-92.1428,46.81489],[-92.14275,46.80718],[-92.14309,46.79879],[-92.14331,46.7987],[-92.14775,46.79873],[-92.14775,46.79666],[-92.13735,46.79656],[-92.13731,46.79283],[-92.13176,46.79286],[-92.13173,46.8004],[-92.13174,46.80054],[-92.13198,46.80742]]]]},"properties":{"id":"redlining-mn-duluth-2852","layer":"redlining","name":"Duluth — HOLC area D3 (grade D)","county":"St. Louis County","state":"MN","countyFips":"27137","confidence":"confirmed","sourceDate":"1930s","attributes":{"grade":"D","gradeMeaning":"Graded \"Hazardous\" — outlined in red. Lending was withheld here for decades. Grades turned explicitly on the race, ethnicity and immigration status of residents.","category":"Hazardous","city":"Duluth","holcId":"D3","areaId":2852,"residential":true,"holcFill":"#d9838d","cityScan":"https://dsl.richmond.edu/panorama/redlining/map/MN/Duluth"}}},{"type":"Feature","geometry":{"type":"MultiPolygon","coordinates":[[[[-92.12242,46.77081],[-92.12226,46.77084],[-92.12211,46.77087],[-92.12196,46.77091],[-92.12181,46.77095],[-92.12167,46.771],[-92.12153,46.77105],[-92.12139,46.77111],[-92.12125,46.77116],[-92.12112,46.77123],[-92.12099,46.77129],[-92.12087,46.77136],[-92.12075,46.77143],[-92.12063,46.77151],[-92.12052,46.77159],[-92.12042,46.77167],[-92.12032,46.77176],[-92.12022,46.77185],[-92.12013,46.77194],[-92.12234,46.77328],[-92.1239,46.77402],[-92.12475,46.7735],[-92.12515,46.77362],[-92.12554,46.77338],[-92.12606,46.77334],[-92.12685,46.77289],[-92.12865,46.77397],[-92.13139,46.77171],[-92.1303,46.77117],[-92.12869,46.77122],[-92.12423,46.77078],[-92.12242,46.77081]]]]},"properties":{"id":"redlining-mn-duluth-2855","layer":"redlining","name":"Duluth — HOLC area D4 (grade D)","county":"St. Louis County","state":"MN","countyFips":"27137","confidence":"confirmed","sourceDate":"1930s","attributes":{"grade":"D","gradeMeaning":"Graded \"Hazardous\" — outlined in red. Lending was withheld here for decades. Grades turned explicitly on the race, ethnicity and immigration status of residents.","category":"Hazardous","city":"Duluth","holcId":"D4","areaId":2855,"residential":true,"holcFill":"#d9838d","cityScan":"https://dsl.richmond.edu/panorama/redlining/map/MN/Duluth"}}},{"type":"Feature","geometry":{"type":"MultiPolygon","coordinates":[[[[-92.13331,46.75901],[-92.1322,46.7582],[-92.13226,46.75787],[-92.13292,46.75737],[-92.13216,46.75696],[-92.12791,46.75995],[-92.12791,46.76032],[-92.12977,46.76161],[-92.13331,46.75901]]]]},"properties":{"id":"redlining-mn-duluth-2858","layer":"redlining","name":"Duluth — HOLC area D5 (grade D)","county":"St. Louis County","state":"MN","countyFips":"27137","confidence":"confirmed","sourceDate":"1930s","attributes":{"grade":"D","gradeMeaning":"Graded \"Hazardous\" — outlined in red. Lending was withheld here for decades. Grades turned explicitly on the race, ethnicity and immigration status of residents.","category":"Hazardous","city":"Duluth","holcId":"D5","areaId":2858,"residential":true,"holcFill":"#d9838d","cityScan":"https://dsl.richmond.edu/panorama/redlining/map/MN/Duluth"}}},{"type":"Feature","geometry":{"type":"MultiPolygon","coordinates":[[[[-92.1416,46.75296],[-92.15019,46.75049],[-92.16375,46.74131],[-92.1778,46.73141],[-92.19044,46.7223],[-92.19047,46.71945],[-92.19007,46.71911],[-92.19003,46.71911],[-92.18999,46.71912],[-92.18995,46.71912],[-92.1899,46.71911],[-92.18986,46.71911],[-92.18981,46.7191],[-92.18976,46.71909],[-92.18971,46.71908],[-92.18966,46.71907],[-92.18961,46.71905],[-92.18949,46.71901],[-92.18937,46.71896],[-92.18907,46.71885],[-92.18894,46.71879],[-92.18879,46.71874],[-92.18872,46.71872],[-92.18866,46.7187],[-92.18858,46.71868],[-92.18851,46.71866],[-92.18843,46.71865],[-92.18836,46.71863],[-92.18829,46.71862],[-92.18822,46.71861],[-92.18815,46.71861],[-92.18808,46.7186],[-92.188,46.7186],[-92.18793,46.71861],[-92.18785,46.71861],[-92.18777,46.71863],[-92.18769,46.71864],[-92.18762,46.71866],[-92.18754,46.71868],[-92.18747,46.7187],[-92.18739,46.71873],[-92.18732,46.71876],[-92.18724,46.7188],[-92.18717,46.71884],[-92.1871,46.71888],[-92.18702,46.71893],[-92.18695,46.71898],[-92.18688,46.71903],[-92.18603,46.71956],[-92.18536,46.71975],[-92.18544,46.72227],[-92.18805,46.72228],[-92.18792,46.72343],[-92.1883,46.72374],[-92.18693,46.72464],[-92.18223,46.72453],[-92.18219,46.72427],[-92.18171,46.72401],[-92.18154,46.72395],[-92.18137,46.72389],[-92.1812,46.72382],[-92.18103,46.72375],[-92.18088,46.72367],[-92.18072,46.7236],[-92.18057,46.72351],[-92.18042,46.72343],[-92.18028,46.72333],[-92.18014,46.72324],[-92.18001,46.72314],[-92.17989,46.72304],[-92.17977,46.72294],[-92.17965,46.72283],[-92.17954,46.72272],[-92.17944,46.72261],[-92.17934,46.72249],[-92.17925,46.72238],[-92.17917,46.72226],[-92.17909,46.72214],[-92.17902,46.72201],[-92.17709,46.72196],[-92.17688,46.72212],[-92.17687,46.72476],[-92.17701,46.72705],[-92.17514,46.72701],[-92.17506,46.72609],[-92.17165,46.7261],[-92.17158,46.72845],[-92.16645,46.72846],[-92.16617,46.7286],[-92.16598,46.73095],[-92.16585,46.73139],[-92.16568,46.73142],[-92.16551,46.73144],[-92.16534,46.73145],[-92.16517,46.73147],[-92.165,46.73148],[-92.16483,46.73148],[-92.16465,46.73148],[-92.16448,46.73148],[-92.16431,46.73147],[-92.16414,46.73146],[-92.16397,46.73144],[-92.1638,46.73142],[-92.16363,46.73139],[-92.16346,46.73136],[-92.16339,46.73237],[-92.16237,46.73234],[-92.16226,46.73345],[-92.16094,46.73348],[-92.16097,46.73878],[-92.1591,46.73879],[-92.1542,46.74197],[-92.14586,46.74803],[-92.14122,46.75143],[-92.14092,46.75184],[-92.14086,46.75297],[-92.1416,46.75296]]]]},"properties":{"id":"redlining-mn-duluth-2859","layer":"redlining","name":"Duluth — HOLC area D6 (grade D)","county":"St. Louis County","state":"MN","countyFips":"27137","confidence":"confirmed","sourceDate":"1930s","attributes":{"grade":"D","gradeMeaning":"Graded \"Hazardous\" — outlined in red. Lending was withheld here for decades. Grades turned explicitly on the race, ethnicity and immigration status of residents.","category":"Hazardous","city":"Duluth","holcId":"D6","areaId":2859,"residential":true,"holcFill":"#d9838d","cityScan":"https://dsl.richmond.edu/panorama/redlining/map/MN/Duluth"}}},{"type":"Feature","geometry":{"type":"MultiPolygon","coordinates":[[[[-92.22685,46.68494],[-92.2288,46.68498],[-92.22906,46.68477],[-92.2293,46.68457],[-92.22954,46.68438],[-92.22976,46.6842],[-92.22998,46.68404],[-92.23019,46.68388],[-92.23039,46.68374],[-92.23058,46.68361],[-92.23074,46.6835],[-92.2309,46.6834],[-92.23105,46.68331],[-92.2312,46.68323],[-92.23133,46.68316],[-92.23146,46.68309],[-92.23158,46.68304],[-92.23179,46.68295],[-92.23186,46.68292],[-92.23189,46.6829],[-92.23193,46.68288],[-92.23196,46.68286],[-92.23199,46.68284],[-92.23202,46.68282],[-92.23206,46.68279],[-92.23209,46.68275],[-92.23213,46.68272],[-92.23216,46.68267],[-92.23219,46.68263],[-92.23223,46.68258],[-92.23227,46.68252],[-92.23239,46.68244],[-92.23252,46.68237],[-92.23265,46.68231],[-92.23279,46.68224],[-92.23292,46.68218],[-92.23307,46.68213],[-92.23321,46.68208],[-92.23336,46.68203],[-92.23351,46.68199],[-92.23366,46.68195],[-92.23382,46.68192],[-92.23398,46.68189],[-92.23414,46.68187],[-92.2343,46.68185],[-92.23446,46.68183],[-92.23462,46.68182],[-92.23478,46.68182],[-92.23495,46.68181],[-92.23511,46.68182],[-92.23527,46.68183],[-92.23543,46.68184],[-92.23559,46.68185],[-92.23575,46.68188],[-92.23591,46.6819],[-92.23607,46.68193],[-92.23622,46.68197],[-92.23637,46.68201],[-92.23652,46.68205],[-92.23667,46.6821],[-92.23682,46.68215],[-92.23696,46.68221],[-92.23709,46.68227],[-92.23723,46.68233],[-92.23736,46.6824],[-92.23683,46.67683],[-92.23633,46.66874],[-92.23709,46.65965],[-92.23491,46.65957],[-92.23493,46.65823],[-92.23225,46.6582],[-92.23209,46.65812],[-92.23194,46.65804],[-92.23179,46.65797],[-92.23164,46.6579],[-92.23149,46.65784],[-92.23135,46.65778],[-92.23121,46.65773],[-92.23107,46.65768],[-92.23093,46.65763],[-92.2308,46.65759],[-92.23066,46.65756],[-92.23053,46.65752],[-92.23041,46.6575],[-92.23029,46.65747],[-92.22988,46.6574],[-92.22981,46.65739],[-92.22975,46.65738],[-92.22971,46.65737],[-92.22967,46.65735],[-92.22964,46.65734],[-92.22961,46.65733],[-92.22958,46.65732],[-92.22955,46.6573],[-92.22952,46.65729],[-92.2295,46.65727],[-92.22946,46.65724],[-92.22941,46.6572],[-92.22938,46.65716],[-92.22934,46.65711],[-92.2293,46.65705],[-92.22927,46.65699],[-92.22924,46.65693],[-92.2292,46.65685],[-92.22917,46.65677],[-92.22914,46.65668],[-92.22911,46.65658],[-92.22907,46.65647],[-92.22904,46.65634],[-92.229,46.6562],[-92.22892,46.65588],[-92.22174,46.65585],[-92.21846,46.65572],[-92.21895,46.67435],[-92.219,46.67449],[-92.21905,46.67463],[-92.21911,46.67476],[-92.21918,46.6749],[-92.21925,46.67503],[-92.21934,46.67517],[-92.21942,46.6753],[-92.21951,46.67543],[-92.21961,46.67555],[-92.21972,46.67568],[-92.21983,46.6758],[-92.21994,46.67592],[-92.22007,46.67604],[-92.22019,46.67615],[-92.22033,46.67626],[-92.22046,46.67637],[-92.22061,46.67648],[-92.22075,46.67658],[-92.22091,46.67668],[-92.22106,46.67677],[-92.22123,46.67686],[-92.22139,46.67695],[-92.22156,46.67704],[-92.22174,46.67712],[-92.22191,46.67719],[-92.22209,46.67727],[-92.22228,46.67733],[-92.22247,46.6774],[-92.22266,46.67746],[-92.22285,46.67751],[-92.22305,46.67757],[-92.22324,46.67761],[-92.22344,46.67766],[-92.22365,46.67769],[-92.22385,46.67773],[-92.22406,46.67776],[-92.22426,46.67778],[-92.22685,46.67779],[-92.22685,46.68494]]]]},"properties":{"id":"redlining-mn-duluth-2866","layer":"redlining","name":"Duluth — HOLC area D7 (grade D)","county":"St. Louis County","state":"MN","countyFips":"27137","confidence":"confirmed","sourceDate":"1930s","attributes":{"grade":"D","gradeMeaning":"Graded \"Hazardous\" — outlined in red. Lending was withheld here for decades. Grades turned explicitly on the race, ethnicity and immigration status of residents.","category":"Hazardous","city":"Duluth","holcId":"D7","areaId":2866,"residential":true,"holcFill":"#d9838d","cityScan":"https://dsl.richmond.edu/panorama/redlining/map/MN/Duluth"}}},{"type":"Feature","geometry":{"type":"MultiPolygon","coordinates":[[[[-92.25848,46.67036],[-92.26894,46.67028],[-92.26896,46.66843],[-92.2676,46.66755],[-92.26535,46.66742],[-92.26375,46.6664],[-92.2638,46.66469],[-92.2769,46.66591],[-92.27766,46.6627],[-92.28091,46.66311],[-92.28178,46.65931],[-92.28027,46.6597],[-92.27934,46.65956],[-92.27924,46.65956],[-92.27915,46.65956],[-92.27907,46.65955],[-92.27898,46.65954],[-92.2789,46.65953],[-92.27882,46.65952],[-92.27875,46.6595],[-92.27868,46.65948],[-92.27862,46.65946],[-92.27857,46.65943],[-92.27851,46.65941],[-92.27845,46.65938],[-92.27841,46.65935],[-92.27836,46.65932],[-92.2782,46.6592],[-92.27817,46.65918],[-92.27814,46.65917],[-92.2781,46.65915],[-92.27807,46.65914],[-92.27804,46.65913],[-92.27801,46.65912],[-92.27798,46.65912],[-92.27796,46.65912],[-92.27793,46.65912],[-92.2779,46.65912],[-92.27787,46.65913],[-92.27784,46.65914],[-92.27781,46.65914],[-92.27778,46.65915],[-92.27771,46.65918],[-92.27763,46.65921],[-92.27755,46.65926],[-92.27746,46.65931],[-92.2773,46.6593],[-92.27715,46.65928],[-92.277,46.65926],[-92.27684,46.65924],[-92.27669,46.65921],[-92.27655,46.65918],[-92.2764,46.65914],[-92.27626,46.6591],[-92.27612,46.65905],[-92.27598,46.659],[-92.27584,46.65895],[-92.27571,46.65889],[-92.27559,46.65883],[-92.27546,46.65876],[-92.27535,46.6587],[-92.27523,46.65862],[-92.27512,46.65855],[-92.27502,46.65847],[-92.27492,46.65838],[-92.27483,46.6583],[-92.27474,46.65821],[-92.27466,46.65812],[-92.27458,46.65803],[-92.27451,46.65793],[-92.27444,46.65783],[-92.27439,46.65774],[-92.27433,46.65763],[-92.27348,46.65588],[-92.27302,46.6536],[-92.2723,46.65239],[-92.27224,46.65228],[-92.27217,46.65217],[-92.2721,46.65207],[-92.27203,46.65197],[-92.27194,46.65187],[-92.27185,46.65177],[-92.27176,46.65168],[-92.27166,46.65159],[-92.27155,46.6515],[-92.27144,46.65141],[-92.27132,46.65133],[-92.2712,46.65125],[-92.27107,46.65118],[-92.27094,46.65111],[-92.27081,46.65104],[-92.27067,46.65098],[-92.27053,46.65092],[-92.27038,46.65087],[-92.27023,46.65082],[-92.27008,46.65077],[-92.26992,46.65073],[-92.26976,46.65069],[-92.2696,46.65066],[-92.26944,46.65063],[-92.26928,46.65061],[-92.26911,46.65059],[-92.26895,46.65058],[-92.26878,46.65057],[-92.26861,46.65057],[-92.26845,46.65057],[-92.26828,46.65058],[-92.26811,46.65059],[-92.26795,46.6506],[-92.26778,46.65062],[-92.26762,46.65065],[-92.26746,46.65068],[-92.2673,46.65071],[-92.26715,46.65075],[-92.26699,46.6508],[-92.26684,46.65085],[-92.26669,46.6509],[-92.26655,46.65096],[-92.26641,46.65102],[-92.26627,46.65108],[-92.26614,46.65115],[-92.26601,46.65123],[-92.26589,46.6513],[-92.26577,46.65138],[-92.26565,46.65147],[-92.26555,46.65156],[-92.26544,46.65165],[-92.26535,46.65174],[-92.26525,46.65183],[-92.26517,46.65193],[-92.26509,46.65203],[-92.26502,46.65214],[-92.26495,46.65224],[-92.26489,46.65235],[-92.26484,46.65246],[-92.26313,46.66005],[-92.25467,46.65936],[-92.25438,46.6613],[-92.25384,46.66312],[-92.25793,46.66305],[-92.25826,46.66331],[-92.25848,46.67036]]]]},"properties":{"id":"redlining-mn-duluth-2867","layer":"redlining","name":"Duluth — HOLC area D8 (grade D)","county":"St. Louis County","state":"MN","countyFips":"27137","confidence":"confirmed","sourceDate":"1930s","attributes":{"grade":"D","gradeMeaning":"Graded \"Hazardous\" — outlined in red. Lending was withheld here for decades. Grades turned explicitly on the race, ethnicity and immigration status of residents.","category":"Hazardous","city":"Duluth","holcId":"D8","areaId":2867,"residential":true,"holcFill":"#d9838d","cityScan":"https://dsl.richmond.edu/panorama/redlining/map/MN/Duluth"}}},{"type":"Feature","geometry":{"type":"MultiPolygon","coordinates":[[[[-92.2167,46.69104],[-92.21728,46.69033],[-92.21718,46.68579],[-92.21663,46.68508],[-92.21557,46.68461],[-92.21462,46.68442],[-92.21292,46.68475],[-92.21097,46.68467],[-92.21069,46.68636],[-92.20868,46.68656],[-92.20807,46.68679],[-92.208,46.6873],[-92.20821,46.68919],[-92.20722,46.68991],[-92.20599,46.68976],[-92.20592,46.69102],[-92.204,46.69273],[-92.20396,46.6934],[-92.20523,46.69422],[-92.20695,46.69436],[-92.20958,46.69528],[-92.2115,46.69512],[-92.21239,46.6947],[-92.21292,46.69339],[-92.2167,46.69104]]]]},"properties":{"id":"redlining-mn-duluth-8027","layer":"redlining","name":"Duluth — HOLC area E1 (grade E)","county":"St. Louis County","state":"MN","countyFips":"27137","confidence":"confirmed","sourceDate":"1930s","attributes":{"grade":"E","gradeMeaning":"Recorded in some surveys for commercial or industrial land rather than a residential grade.","category":"\"E\" ","city":"Duluth","holcId":"E1","areaId":8027,"residential":true,"holcFill":"#fefefe","cityScan":"https://dsl.richmond.edu/panorama/redlining/map/MN/Duluth"}}},{"type":"Feature","geometry":{"type":"MultiPolygon","coordinates":[[[[-92.21776,46.68496],[-92.22206,46.68483],[-92.22393,46.68487],[-92.22685,46.68494],[-92.22685,46.67779],[-92.22426,46.67778],[-92.22406,46.67776],[-92.22385,46.67773],[-92.22365,46.67769],[-92.22344,46.67766],[-92.22324,46.67761],[-92.22305,46.67757],[-92.22285,46.67751],[-92.22266,46.67746],[-92.22247,46.6774],[-92.22228,46.67733],[-92.22209,46.67727],[-92.22191,46.67719],[-92.22174,46.67712],[-92.22156,46.67704],[-92.22139,46.67695],[-92.22123,46.67686],[-92.22106,46.67677],[-92.22091,46.67668],[-92.22075,46.67658],[-92.22061,46.67648],[-92.22046,46.67637],[-92.22033,46.67626],[-92.22019,46.67615],[-92.22007,46.67604],[-92.21994,46.67592],[-92.21983,46.6758],[-92.21972,46.67568],[-92.21961,46.67555],[-92.21951,46.67543],[-92.21942,46.6753],[-92.21934,46.67517],[-92.21925,46.67503],[-92.21918,46.6749],[-92.21911,46.67476],[-92.21905,46.67463],[-92.219,46.67449],[-92.21895,46.67435],[-92.21884,46.67035],[-92.20473,46.67067],[-92.20164,46.67572],[-92.20142,46.67822],[-92.20228,46.67977],[-92.20348,46.67999],[-92.20468,46.68173],[-92.20698,46.68159],[-92.20762,46.6832],[-92.20866,46.68334],[-92.21071,46.68325],[-92.2132,46.68254],[-92.21325,46.68333],[-92.21752,46.68302],[-92.21776,46.68496]]],[[[-92.19904,46.70675],[-92.2001,46.7073],[-92.20019,46.70765],[-92.19998,46.70826],[-92.20003,46.70924],[-92.20057,46.70979],[-92.20155,46.71043],[-92.20179,46.71131],[-92.20234,46.71077],[-92.20326,46.70966],[-92.20628,46.70699],[-92.20715,46.70613],[-92.20788,46.70501],[-92.20611,46.70524],[-92.20484,46.70507],[-92.20369,46.70561],[-92.20106,46.70456],[-92.19904,46.70675]]],[[[-92.08704,46.79421],[-92.08627,46.79444],[-92.08488,46.79534],[-92.0854,46.79629],[-92.08782,46.79779],[-92.09263,46.7942],[-92.09523,46.79555],[-92.10396,46.78896],[-92.1035,46.78869],[-92.10729,46.78575],[-92.10622,46.78503],[-92.10837,46.78353],[-92.1082,46.78062],[-92.11656,46.77447],[-92.12013,46.77194],[-92.12022,46.77185],[-92.12032,46.77176],[-92.12042,46.77167],[-92.12052,46.77159],[-92.12063,46.77151],[-92.12075,46.77143],[-92.12087,46.77136],[-92.12099,46.77129],[-92.12112,46.77123],[-92.12125,46.77116],[-92.12139,46.77111],[-92.12153,46.77105],[-92.12167,46.771],[-92.12181,46.77095],[-92.12196,46.77091],[-92.12211,46.77087],[-92.12226,46.77084],[-92.12242,46.77081],[-92.12137,46.77082],[-92.13058,46.76402],[-92.13572,46.76017],[-92.14055,46.75655],[-92.14297,46.75797],[-92.14882,46.75372],[-92.15204,46.75146],[-92.15683,46.74811],[-92.1643,46.74287],[-92.16653,46.74087],[-92.16658,46.73931],[-92.16375,46.74131],[-92.15757,46.7455],[-92.15019,46.75049],[-92.1416,46.75296],[-92.14086,46.75297],[-92.14092,46.75184],[-92.14122,46.75143],[-92.14586,46.74803],[-92.1542,46.74197],[-92.15452,46.74176],[-92.1591,46.73879],[-92.16097,46.73878],[-92.16094,46.73348],[-92.16226,46.73345],[-92.16237,46.73234],[-92.16339,46.73237],[-92.16346,46.73136],[-92.16363,46.73139],[-92.1638,46.73142],[-92.16397,46.73144],[-92.16414,46.73146],[-92.16431,46.73147],[-92.16448,46.73148],[-92.16465,46.73148],[-92.16483,46.73148],[-92.165,46.73148],[-92.16517,46.73147],[-92.16534,46.73145],[-92.16551,46.73144],[-92.16568,46.73142],[-92.16585,46.73139],[-92.16598,46.73095],[-92.16617,46.7286],[-92.16645,46.72846],[-92.17158,46.72845],[-92.17165,46.7261],[-92.17506,46.72609],[-92.17456,46.7252],[-92.17432,46.72429],[-92.17354,46.72383],[-92.17261,46.72379],[-92.17144,46.72391],[-92.17058,46.72442],[-92.16924,46.72278],[-92.16819,46.722],[-92.1684,46.7193],[-92.16797,46.71884],[-92.16743,46.71968],[-92.16657,46.72065],[-92.16412,46.72067],[-92.163,46.7212],[-92.16188,46.72223],[-92.16211,46.72274],[-92.16259,46.72328],[-92.1593,46.72328],[-92.15929,46.72398],[-92.15765,46.72397],[-92.15402,46.72108],[-92.15387,46.72311],[-92.15255,46.72321],[-92.15186,46.72429],[-92.15175,46.7402],[-92.15034,46.7415],[-92.1487,46.74037],[-92.14837,46.7428],[-92.14621,46.74395],[-92.14419,46.74472],[-92.14234,46.74341],[-92.1407,46.74354],[-92.14063,46.74589],[-92.14034,46.74665],[-92.14055,46.74703],[-92.14063,46.74862],[-92.13973,46.74914],[-92.13889,46.74843],[-92.13788,46.74851],[-92.13729,46.75052],[-92.13243,46.75496],[-92.13121,46.75503],[-92.12999,46.75482],[-92.12873,46.75419],[-92.12826,46.75549],[-92.12732,46.75631],[-92.12758,46.75697],[-92.12652,46.75792],[-92.12497,46.75769],[-92.12284,46.75794],[-92.12152,46.75755],[-92.12042,46.75776],[-92.12368,46.75996],[-92.12368,46.76205],[-92.12199,46.76527],[-92.12119,46.76573],[-92.11911,46.76573],[-92.11835,46.76456],[-92.11675,46.76307],[-92.11643,46.76231],[-92.11236,46.75794],[-92.11123,46.75637],[-92.1073,46.75797],[-92.10371,46.7615],[-92.10347,46.76695],[-92.10483,46.76908],[-92.10371,46.77245],[-92.10425,46.77417],[-92.10455,46.77412],[-92.10451,46.77498],[-92.09688,46.78065],[-92.09582,46.7806],[-92.09479,46.77864],[-92.09211,46.77922],[-92.09218,46.77963],[-92.09261,46.77948],[-92.09371,46.77929],[-92.09437,46.77927],[-92.09468,46.77946],[-92.09497,46.77976],[-92.09565,46.78083],[-92.09284,46.78143],[-92.0935,46.7819],[-92.09308,46.78259],[-92.09345,46.78293],[-92.09333,46.78362],[-92.09399,46.7843],[-92.09352,46.78481],[-92.09404,46.78631],[-92.09404,46.78767],[-92.09171,46.78946],[-92.09066,46.78965],[-92.09019,46.78967],[-92.09042,46.79016],[-92.09035,46.79092],[-92.08878,46.79293],[-92.08704,46.79421]],[[-92.13292,46.75737],[-92.13226,46.75787],[-92.1322,46.7582],[-92.13331,46.75901],[-92.12977,46.76161],[-92.12791,46.76032],[-92.12791,46.75995],[-92.12886,46.75928],[-92.13216,46.75696],[-92.13292,46.75737]]]]},"properties":{"id":"redlining-mn-duluth-11178","layer":"redlining","name":"Duluth — HOLC area Business and Industrial","county":"St. Louis County","state":"MN","countyFips":"27137","confidence":"confirmed","sourceDate":"1930s","attributes":{"grade":null,"gradeMeaning":"No grade recorded on the original survey sheet.","category":"Business and Industrial","city":"Duluth","holcId":"Business and Industrial","areaId":11178,"residential":false,"holcFill":"#000000","cityScan":"https://dsl.richmond.edu/panorama/redlining/map/MN/Duluth"}}},{"type":"Feature","geometry":{"type":"MultiPolygon","coordinates":[[[[-94.00863,44.16622],[-94.01182,44.1652],[-94.01442,44.16452],[-94.01567,44.16424],[-94.01805,44.16429],[-94.01863,44.16404],[-94.01858,44.16309],[-94.01851,44.1619],[-94.0185,44.16117],[-94.01267,44.16106],[-94.01015,44.16159],[-94.0091,44.16215],[-94.00856,44.16301],[-94.00863,44.16622]]],[[[-94.00555,44.16977],[-94.00558,44.17083],[-94.0085,44.17071],[-94.00853,44.16962],[-94.00661,44.16964],[-94.0066,44.1686],[-94.00655,44.1683],[-94.00473,44.16914],[-94.00555,44.16977]]],[[[-93.99503,44.17755],[-93.99881,44.17753],[-93.99944,44.17681],[-93.99687,44.17559],[-93.99503,44.17755]]],[[[-93.98931,44.17745],[-93.98615,44.18085],[-93.9887,44.18209],[-93.98954,44.18109],[-93.98931,44.17745]]],[[[-93.98931,44.17745],[-93.9911,44.17832],[-93.9911,44.18137],[-93.99249,44.18138],[-93.99249,44.18452],[-93.99179,44.1848],[-93.99091,44.18477],[-93.99086,44.18554],[-93.99533,44.18559],[-93.99675,44.19348],[-93.99913,44.19347],[-93.99926,44.19195],[-94.00404,44.19189],[-94.00432,44.18554],[-94.005,44.18552],[-94.00497,44.18374],[-94.00346,44.18374],[-94.00344,44.18257],[-94.00197,44.18257],[-94.00214,44.17814],[-93.99399,44.17821],[-93.99287,44.17769],[-93.99018,44.17651],[-93.98999,44.17668],[-93.98931,44.17745]]],[[[-94.00404,44.19189],[-94.0042,44.19626],[-94.00874,44.19624],[-94.00855,44.19185],[-94.00404,44.19189]]]]},"properties":{"id":"redlining-mn-mankato-11023","layer":"redlining","name":"Mankato — HOLC area Hazardous as Residential","county":"Blue Earth County","state":"MN","countyFips":"27013","confidence":"confirmed","sourceDate":"1930s","attributes":{"grade":null,"gradeMeaning":"No grade recorded on the original survey sheet.","category":"Hazardous as Residential","city":"Mankato","holcId":"Hazardous as Residential","areaId":11023,"residential":true,"holcFill":"#d9838d","cityScan":"https://dsl.richmond.edu/panorama/redlining/map/MN/Mankato"}}},{"type":"Feature","geometry":{"type":"MultiPolygon","coordinates":[[[[-93.99312,44.16185],[-93.99301,44.16081],[-93.99438,44.16084],[-93.99442,44.1594],[-93.99865,44.15943],[-93.99867,44.15975],[-93.99672,44.15978],[-93.9967,44.16296],[-93.99896,44.16296],[-93.99914,44.16296],[-94.00176,44.16004],[-94.00136,44.15955],[-94.00166,44.15882],[-94.00201,44.15824],[-94.00197,44.15759],[-94.00307,44.15622],[-94.00341,44.15492],[-94.00435,44.15513],[-94.00422,44.15569],[-94.0085,44.1555],[-94.00873,44.15407],[-94.01266,44.15396],[-94.01359,44.15544],[-94.01447,44.1555],[-94.01593,44.15842],[-94.01478,44.15881],[-94.01532,44.15974],[-94.01375,44.16015],[-94.01408,44.16077],[-94.01015,44.16159],[-94.00961,44.16159],[-94.00955,44.16113],[-94.00904,44.16119],[-94.00869,44.16019],[-94.00461,44.16445],[-94.00405,44.16406],[-94.00231,44.16591],[-93.99866,44.16958],[-93.99753,44.1707],[-93.99738,44.17089],[-93.99737,44.17103],[-93.99728,44.17116],[-93.99696,44.1715],[-93.99658,44.17187],[-93.99584,44.17259],[-93.99564,44.17279],[-93.9959,44.17291],[-93.99544,44.17329],[-93.99589,44.17353],[-93.99534,44.17411],[-93.99511,44.17432],[-93.99573,44.17461],[-93.99287,44.17769],[-93.99018,44.17651],[-93.98999,44.17668],[-93.98931,44.17745],[-93.98615,44.18085],[-93.98219,44.18512],[-93.98065,44.18445],[-93.98086,44.18386],[-93.98046,44.18376],[-93.98108,44.18292],[-93.98072,44.18279],[-93.98189,44.18132],[-93.98284,44.18012],[-93.9828,44.17967],[-93.98413,44.17679],[-93.98421,44.17539],[-93.98546,44.17284],[-93.98668,44.17168],[-93.98736,44.17175],[-93.98825,44.17085],[-93.98944,44.17036],[-93.99305,44.16645],[-93.99215,44.16598],[-93.99177,44.16532],[-93.99134,44.16537],[-93.99131,44.16577],[-93.99015,44.16669],[-93.98935,44.16635],[-93.9892,44.1621],[-93.99121,44.16297],[-93.99191,44.16214],[-93.99028,44.16136],[-93.99076,44.16066],[-93.99312,44.16185]],[[-93.99312,44.16185],[-93.99302,44.16263],[-93.99447,44.16333],[-93.99444,44.16185],[-93.99312,44.16185]]],[[[-94.02318,44.15171],[-94.02337,44.15041],[-94.02323,44.14965],[-94.02884,44.14957],[-94.02879,44.15089],[-94.02622,44.15088],[-94.02617,44.15169],[-94.02318,44.15171]]],[[[-94.00619,44.15013],[-94.00619,44.14891],[-94.00746,44.14897],[-94.00875,44.14897],[-94.0087,44.1539],[-94.00732,44.15378],[-94.0072,44.15209],[-94.00584,44.15203],[-94.00584,44.15015],[-94.00619,44.15013]]],[[[-94.02752,44.16092],[-94.02885,44.16088],[-94.02888,44.16262],[-94.02748,44.16255],[-94.02752,44.16114],[-94.02752,44.16092]]],[[[-94.00515,44.17564],[-94.00536,44.17195],[-94.00558,44.17083],[-94.0085,44.17071],[-94.00853,44.16962],[-94.00661,44.16964],[-94.0066,44.1686],[-94.00772,44.1686],[-94.00901,44.16827],[-94.01114,44.16746],[-94.01616,44.16739],[-94.01609,44.1689],[-94.02123,44.16885],[-94.02117,44.16983],[-94.02235,44.16985],[-94.02376,44.16939],[-94.02242,44.16941],[-94.02238,44.16889],[-94.02148,44.16889],[-94.02142,44.16714],[-94.02177,44.1672],[-94.02295,44.16732],[-94.02327,44.16743],[-94.02398,44.16737],[-94.02438,44.1672],[-94.02472,44.16717],[-94.025,44.16717],[-94.02542,44.16707],[-94.02681,44.16697],[-94.02672,44.16876],[-94.02669,44.16889],[-94.02621,44.16886],[-94.02379,44.16969],[-94.02284,44.17002],[-94.02282,44.17036],[-94.02177,44.1711],[-94.01878,44.17107],[-94.01873,44.17356],[-94.01383,44.17359],[-94.01378,44.17272],[-94.00928,44.1728],[-94.00927,44.17374],[-94.0086,44.17383],[-94.00862,44.17734],[-94.00492,44.17741],[-94.00488,44.17572],[-94.00515,44.17564]]],[[[-94.01857,44.15918],[-94.01842,44.15877],[-94.01859,44.15728],[-94.02315,44.15717],[-94.0235,44.15717],[-94.02418,44.15716],[-94.02459,44.15715],[-94.02489,44.15713],[-94.02591,44.1572],[-94.02639,44.15722],[-94.02631,44.15397],[-94.02843,44.15396],[-94.02886,44.15396],[-94.02885,44.1552],[-94.03093,44.15504],[-94.03218,44.15451],[-94.03279,44.15536],[-94.03226,44.15559],[-94.0322,44.15584],[-94.03294,44.15586],[-94.03277,44.1572],[-94.02879,44.15728],[-94.02881,44.15836],[-94.02881,44.15864],[-94.02868,44.15915],[-94.02841,44.15912],[-94.02829,44.15949],[-94.02468,44.16056],[-94.02376,44.16059],[-94.02381,44.16109],[-94.02182,44.16111],[-94.02111,44.16111],[-94.01935,44.16122],[-94.0185,44.16117],[-94.01845,44.15996],[-94.01932,44.15981],[-94.01931,44.15924],[-94.01857,44.15918]]],[[[-94.02107,44.16267],[-94.02104,44.16194],[-94.02384,44.1619],[-94.0239,44.16261],[-94.0253,44.16258],[-94.02565,44.1626],[-94.02565,44.16292],[-94.02594,44.16294],[-94.02594,44.16307],[-94.02107,44.16304],[-94.02107,44.16267]]]]},"properties":{"id":"redlining-mn-mankato-11024","layer":"redlining","name":"Mankato — HOLC area Still Good as Residential","county":"Blue Earth County","state":"MN","countyFips":"27013","confidence":"confirmed","sourceDate":"1930s","attributes":{"grade":null,"gradeMeaning":"No grade recorded on the original survey sheet.","category":"Still Good as Residential","city":"Mankato","holcId":"Still Good as Residential","areaId":11024,"residential":true,"holcFill":"#7cb5bd","cityScan":"https://dsl.richmond.edu/panorama/redlining/map/MN/Mankato"}}},{"type":"Feature","geometry":{"type":"MultiPolygon","coordinates":[[[[-94.02881,44.15836],[-94.02923,44.15837],[-94.02947,44.1577],[-94.03265,44.15771],[-94.03277,44.1572],[-94.02879,44.15728],[-94.02881,44.15836]]],[[[-94.02868,44.15915],[-94.03395,44.15907],[-94.03384,44.15808],[-94.03238,44.15812],[-94.03133,44.15856],[-94.02925,44.15864],[-94.02881,44.15864],[-94.02868,44.15915]]],[[[-94.00063,44.16032],[-94.00092,44.15951],[-94.00136,44.15955],[-94.00166,44.15882],[-94.00201,44.15824],[-94.00197,44.15759],[-94.00183,44.15734],[-94.00047,44.1573],[-93.99948,44.15683],[-93.99974,44.15583],[-93.99886,44.15392],[-93.99621,44.15389],[-93.99748,44.1557],[-93.99579,44.15565],[-93.99568,44.15767],[-93.9969,44.15765],[-93.99688,44.15836],[-93.99842,44.15833],[-93.99853,44.15905],[-93.99865,44.15943],[-94.00063,44.16032]]],[[[-94.02868,44.15915],[-94.02841,44.15912],[-94.02829,44.15949],[-94.02468,44.16056],[-94.02376,44.16059],[-94.02381,44.16109],[-94.02182,44.16111],[-94.02111,44.16111],[-94.01935,44.16122],[-94.0185,44.16117],[-94.01851,44.1619],[-94.02028,44.16188],[-94.02029,44.16173],[-94.02089,44.16166],[-94.02104,44.16194],[-94.02384,44.1619],[-94.02388,44.16122],[-94.02752,44.16114],[-94.02752,44.16092],[-94.02885,44.16088],[-94.02868,44.15915]]],[[[-93.9817,44.16324],[-93.98373,44.16317],[-93.98367,44.16084],[-93.98261,44.16028],[-93.98173,44.15947],[-93.9817,44.16324]]],[[[-94.02101,44.16459],[-94.02382,44.16461],[-94.02382,44.16427],[-94.02529,44.16429],[-94.02598,44.1643],[-94.02594,44.16307],[-94.02107,44.16304],[-94.02101,44.16459]]],[[[-93.98541,44.16102],[-93.9854,44.16267],[-93.98413,44.16267],[-93.98422,44.16673],[-93.98932,44.16661],[-93.98935,44.16635],[-93.9892,44.1621],[-93.98935,44.161],[-93.98541,44.16102]]],[[[-93.97426,44.16319],[-93.97435,44.1669],[-93.97743,44.16688],[-93.982,44.16684],[-93.98203,44.16461],[-93.97846,44.16455],[-93.97846,44.16313],[-93.97426,44.16319]]],[[[-94.00743,44.1836],[-94.00785,44.18386],[-94.00886,44.1839],[-94.01093,44.18349],[-94.0123,44.18285],[-94.01356,44.18259],[-94.01597,44.18273],[-94.01856,44.18318],[-94.01854,44.18092],[-94.02349,44.1809],[-94.02376,44.17356],[-94.02379,44.16969],[-94.02284,44.17002],[-94.02282,44.17036],[-94.02177,44.1711],[-94.01878,44.17107],[-94.01873,44.17356],[-94.01383,44.17359],[-94.01359,44.17721],[-94.00862,44.17734],[-94.00492,44.17741],[-94.00487,44.18105],[-94.00732,44.18111],[-94.00743,44.1836]]],[[[-93.98384,44.18805],[-93.98908,44.18603],[-93.98935,44.18132],[-93.9887,44.18209],[-93.98615,44.18085],[-93.98219,44.18512],[-93.98065,44.18445],[-93.98053,44.18497],[-93.98049,44.18521],[-93.98031,44.18655],[-93.984,44.18633],[-93.98384,44.18805]]]]},"properties":{"id":"redlining-mn-mankato-11025","layer":"redlining","name":"Mankato — HOLC area Definitiely Declining as Residential","county":"Nicollet County","state":"MN","countyFips":"27103","confidence":"confirmed","sourceDate":"1930s","attributes":{"grade":null,"gradeMeaning":"No grade recorded on the original survey sheet.","category":"Definitiely Declining as Residential","city":"Mankato","holcId":"Definitiely Declining as Residential","areaId":11025,"residential":true,"holcFill":"#ffff00","cityScan":"https://dsl.richmond.edu/panorama/redlining/map/MN/Mankato"}}},{"type":"Feature","geometry":{"type":"MultiPolygon","coordinates":[[[[-94.01859,44.15728],[-94.02315,44.15717],[-94.0235,44.15717],[-94.02418,44.15716],[-94.02459,44.15715],[-94.02489,44.15713],[-94.02591,44.1572],[-94.02639,44.15722],[-94.02631,44.15397],[-94.02843,44.15396],[-94.02843,44.15289],[-94.02648,44.15288],[-94.02652,44.15174],[-94.02617,44.15169],[-94.02318,44.15171],[-94.01871,44.1518],[-94.01882,44.14985],[-94.01375,44.1499],[-94.01382,44.1518],[-94.0179,44.15194],[-94.01788,44.15555],[-94.01787,44.1559],[-94.01817,44.1559],[-94.01857,44.15591],[-94.01859,44.15728]]],[[[-93.99672,44.15978],[-93.9967,44.16296],[-93.99896,44.16296],[-93.99867,44.15975],[-93.99672,44.15978]]],[[[-93.9892,44.1621],[-93.99121,44.16297],[-93.99191,44.16214],[-93.99028,44.16136],[-93.98935,44.161],[-93.9892,44.1621]]]]},"properties":{"id":"redlining-mn-mankato-11026","layer":"redlining","name":"Mankato — HOLC area Best Residential","county":"Blue Earth County","state":"MN","countyFips":"27013","confidence":"confirmed","sourceDate":"1930s","attributes":{"grade":null,"gradeMeaning":"No grade recorded on the original survey sheet.","category":"Best Residential","city":"Mankato","holcId":"Best Residential","areaId":11026,"residential":true,"holcFill":"#76a865","cityScan":"https://dsl.richmond.edu/panorama/redlining/map/MN/Mankato"}}},{"type":"Feature","geometry":{"type":"MultiPolygon","coordinates":[[[[-94.02885,44.1552],[-94.03093,44.15504],[-94.03218,44.15451],[-94.03195,44.15333],[-94.03198,44.15097],[-94.03146,44.14955],[-94.03317,44.14795],[-94.02853,44.14809],[-94.02276,44.14809],[-94.02323,44.14965],[-94.02884,44.14957],[-94.02879,44.15089],[-94.02622,44.15088],[-94.02617,44.15169],[-94.02652,44.15174],[-94.02648,44.15288],[-94.02843,44.15289],[-94.02843,44.15396],[-94.02886,44.15396],[-94.02885,44.1552]]],[[[-94.00434,44.15194],[-94.00384,44.152],[-94.00402,44.15323],[-94.00341,44.15492],[-94.00435,44.15513],[-94.00422,44.15569],[-94.0085,44.1555],[-94.00873,44.15407],[-94.0087,44.1539],[-94.00732,44.15378],[-94.0072,44.15209],[-94.00584,44.15203],[-94.00584,44.15015],[-94.00619,44.15013],[-94.00619,44.14891],[-94.00746,44.14897],[-94.00875,44.14897],[-94.00876,44.14509],[-94.00432,44.14492],[-94.00434,44.15194]]],[[[-94.02881,44.15864],[-94.02925,44.15864],[-94.03133,44.15856],[-94.03238,44.15812],[-94.03384,44.15808],[-94.0334,44.15607],[-94.03279,44.15536],[-94.03226,44.15559],[-94.0322,44.15584],[-94.03294,44.15586],[-94.03277,44.1572],[-94.03265,44.15771],[-94.02947,44.1577],[-94.02923,44.15837],[-94.02881,44.15836],[-94.02881,44.15864]]],[[[-94.01375,44.16015],[-94.01408,44.16077],[-94.01267,44.16106],[-94.0185,44.16117],[-94.01845,44.15996],[-94.01932,44.15981],[-94.01931,44.15924],[-94.01857,44.15918],[-94.01478,44.15881],[-94.01532,44.15974],[-94.01375,44.16015]]],[[[-94.02565,44.1626],[-94.02565,44.16292],[-94.02594,44.16294],[-94.02888,44.16262],[-94.02748,44.16255],[-94.02752,44.16114],[-94.02388,44.16122],[-94.02384,44.1619],[-94.0239,44.16261],[-94.0253,44.16258],[-94.02565,44.1626]]],[[[-94.02029,44.16173],[-94.02028,44.16188],[-94.01851,44.1619],[-94.01858,44.16309],[-94.02107,44.16304],[-94.02107,44.16267],[-94.02104,44.16194],[-94.02089,44.16166],[-94.02029,44.16173]]],[[[-94.02117,44.16983],[-94.02235,44.16985],[-94.02376,44.16939],[-94.02242,44.16941],[-94.02238,44.16889],[-94.02148,44.16889],[-94.02142,44.16714],[-94.01957,44.16651],[-94.01772,44.16577],[-94.01455,44.16512],[-94.01326,44.16566],[-94.01047,44.16687],[-94.00896,44.16778],[-94.00655,44.1683],[-94.0066,44.1686],[-94.00772,44.1686],[-94.00901,44.16827],[-94.01114,44.16746],[-94.01616,44.16739],[-94.01609,44.1689],[-94.02123,44.16885],[-94.02117,44.16983]]],[[[-93.98421,44.17539],[-93.98546,44.17284],[-93.98668,44.17168],[-93.98736,44.17175],[-93.98825,44.17085],[-93.98944,44.17036],[-93.99305,44.16645],[-93.99215,44.16598],[-93.99177,44.16532],[-93.99134,44.16537],[-93.99131,44.16577],[-93.99015,44.16669],[-93.98935,44.16635],[-93.98932,44.16661],[-93.98422,44.16673],[-93.98413,44.16267],[-93.9854,44.16267],[-93.98541,44.16102],[-93.98935,44.161],[-93.99028,44.16136],[-93.99076,44.16066],[-93.99312,44.16185],[-93.99301,44.16081],[-93.99438,44.16084],[-93.99442,44.1594],[-93.99865,44.15943],[-93.99853,44.15905],[-93.99842,44.15833],[-93.99688,44.15836],[-93.9969,44.15765],[-93.99568,44.15767],[-93.99579,44.15565],[-93.99208,44.15576],[-93.99254,44.15728],[-93.98935,44.15752],[-93.98605,44.15811],[-93.98527,44.15839],[-93.98382,44.15781],[-93.9829,44.1567],[-93.98205,44.15656],[-93.98053,44.15754],[-93.97932,44.15736],[-93.97926,44.15409],[-93.97387,44.15422],[-93.97418,44.15973],[-93.97426,44.16319],[-93.97846,44.16313],[-93.97846,44.16455],[-93.98203,44.16461],[-93.982,44.16684],[-93.97743,44.16688],[-93.97731,44.17509],[-93.98421,44.17496],[-93.98421,44.17539]],[[-93.98373,44.16317],[-93.9817,44.16324],[-93.98173,44.15947],[-93.98261,44.16028],[-93.98367,44.16084],[-93.98373,44.16317]]],[[[-93.99573,44.17461],[-93.99287,44.17769],[-93.99399,44.17821],[-93.99503,44.17755],[-93.99687,44.17559],[-93.99944,44.17681],[-93.99881,44.17753],[-94.00268,44.17746],[-94.00186,44.1737],[-94.00092,44.17327],[-94.00171,44.17046],[-94.00258,44.16897],[-94.00359,44.16798],[-94.00863,44.16622],[-94.00856,44.16301],[-94.0091,44.16215],[-94.01015,44.16159],[-94.00961,44.16159],[-94.00955,44.16113],[-94.00904,44.16119],[-94.00869,44.16019],[-94.00461,44.16445],[-94.00405,44.16406],[-94.00231,44.16591],[-93.99866,44.16958],[-93.99753,44.1707],[-93.99738,44.17089],[-93.99737,44.17103],[-93.99728,44.17116],[-93.99696,44.1715],[-93.99658,44.17187],[-93.99584,44.17259],[-93.99564,44.17279],[-93.9959,44.17291],[-93.99544,44.17329],[-93.99589,44.17353],[-93.99534,44.17411],[-93.99511,44.17432],[-93.99573,44.17461]]],[[[-94.00349,44.16994],[-94.00337,44.17095],[-94.00371,44.17264],[-94.00359,44.17487],[-94.00397,44.17683],[-94.00431,44.17926],[-94.00487,44.18105],[-94.00492,44.17741],[-94.00488,44.17572],[-94.00515,44.17564],[-94.00536,44.17195],[-94.00558,44.17083],[-94.00555,44.16977],[-94.00473,44.16914],[-94.00349,44.16994]]],[[[-93.97897,44.18138],[-93.979,44.18527],[-93.98049,44.18521],[-93.98053,44.18497],[-93.98065,44.18445],[-93.98086,44.18386],[-93.98046,44.18376],[-93.98108,44.18292],[-93.98072,44.18279],[-93.98189,44.18132],[-93.97897,44.18138]]],[[[-93.99926,44.19195],[-93.99913,44.19347],[-93.99675,44.19348],[-93.99747,44.19621],[-94.0042,44.19626],[-94.00404,44.19189],[-93.99926,44.19195]]]]},"properties":{"id":"redlining-mn-mankato-11027","layer":"redlining","name":"Mankato — HOLC area Industrial, Commercial, & Underdeveloped","county":"Nicollet County","state":"MN","countyFips":"27103","confidence":"confirmed","sourceDate":"1930s","attributes":{"grade":null,"gradeMeaning":"No grade recorded on the original survey sheet.","category":"Industrial, Commercial, & Underdeveloped","city":"Mankato","holcId":"Industrial, Commercial, & Underdeveloped","areaId":11027,"residential":false,"holcFill":"#000000","cityScan":"https://dsl.richmond.edu/panorama/redlining/map/MN/Mankato"}}},{"type":"Feature","geometry":{"type":"MultiPolygon","coordinates":[[[[-93.24988,44.91601],[-93.24994,44.9179],[-93.25483,44.91791],[-93.2549,44.91607],[-93.25741,44.91611],[-93.2575,44.91785],[-93.2613,44.91786],[-93.26133,44.91609],[-93.2652,44.91615],[-93.26496,44.9251],[-93.26749,44.9251],[-93.26752,44.9251],[-93.26752,44.92507],[-93.26752,44.92504],[-93.26752,44.92503],[-93.26758,44.92145],[-93.26821,44.9215],[-93.26829,44.91786],[-93.2689,44.91782],[-93.26923,44.91255],[-93.26913,44.91255],[-93.2678,44.91262],[-93.2676,44.90437],[-93.26734,44.90437],[-93.26715,44.90526],[-93.26269,44.90526],[-93.26282,44.89788],[-93.25056,44.89788],[-93.25132,44.89854],[-93.25015,44.90003],[-93.2494,44.90103],[-93.24786,44.90083],[-93.24786,44.90084],[-93.24781,44.90084],[-93.24809,44.90152],[-93.24897,44.90191],[-93.25016,44.90235],[-93.25104,44.90261],[-93.2515,44.90314],[-93.25183,44.90395],[-93.25166,44.90501],[-93.25111,44.90579],[-93.25021,44.90717],[-93.24958,44.90802],[-93.2479,44.90863],[-93.24795,44.90894],[-93.24872,44.90894],[-93.24863,44.91249],[-93.24992,44.91252],[-93.24996,44.9144],[-93.25128,44.91442],[-93.25125,44.91261],[-93.25125,44.91252],[-93.25153,44.91232],[-93.25177,44.90787],[-93.25317,44.9079],[-93.25305,44.91254],[-93.25228,44.91253],[-93.25229,44.91263],[-93.25237,44.91463],[-93.25185,44.91516],[-93.25099,44.91557],[-93.24988,44.91598],[-93.24988,44.91601]]],[[[-93.24672,44.91654],[-93.24595,44.91651],[-93.24593,44.92323],[-93.24475,44.92322],[-93.24466,44.92503],[-93.24242,44.92507],[-93.24237,44.92584],[-93.2454,44.92585],[-93.24538,44.92347],[-93.24619,44.92349],[-93.24609,44.92502],[-93.24672,44.92506],[-93.24677,44.92085],[-93.24739,44.92085],[-93.24731,44.91973],[-93.24674,44.91981],[-93.24672,44.91654]]]]},"properties":{"id":"redlining-mn-minneapolis-9102","layer":"redlining","name":"Minneapolis — HOLC area A1 (grade A)","county":"Hennepin County","state":"MN","countyFips":"27053","confidence":"confirmed","sourceDate":"1930s","attributes":{"grade":"A","gradeMeaning":"Graded \"Best\" — new, homogeneous, and in HOLC's words \"in demand as residential locations in good times and bad\". In practice, restricted to white residents.","category":"Best","city":"Minneapolis","holcId":"A1","areaId":9102,"residential":true,"holcFill":"#76a865","cityScan":"https://dsl.richmond.edu/panorama/redlining/map/MN/Minneapolis"}}},{"type":"Feature","geometry":{"type":"MultiPolygon","coordinates":[[[[-93.31012,44.96994],[-93.3149,44.96998],[-93.31488,44.97005],[-93.31497,44.97003],[-93.31582,44.9698],[-93.31746,44.96953],[-93.31762,44.96941],[-93.3187,44.96939],[-93.3205,44.96928],[-93.32173,44.96911],[-93.32207,44.9685],[-93.32243,44.96782],[-93.32331,44.96728],[-93.3236,44.96685],[-93.32378,44.96632],[-93.32368,44.96635],[-93.32339,44.96642],[-93.31845,44.96769],[-93.31841,44.96806],[-93.31785,44.96823],[-93.31684,44.96802],[-93.31612,44.96798],[-93.31549,44.96855],[-93.31506,44.96844],[-93.31396,44.96876],[-93.31324,44.96903],[-93.31299,44.96955],[-93.31241,44.96899],[-93.3121,44.96901],[-93.31104,44.9693],[-93.31028,44.96944],[-93.31012,44.96994]]]]},"properties":{"id":"redlining-mn-minneapolis-9143","layer":"redlining","name":"Minneapolis — HOLC area A10 (grade A)","county":"Hennepin County","state":"MN","countyFips":"27053","confidence":"confirmed","sourceDate":"1930s","attributes":{"grade":"A","gradeMeaning":"Graded \"Best\" — new, homogeneous, and in HOLC's words \"in demand as residential locations in good times and bad\". In practice, restricted to white residents.","category":"Best","city":"Minneapolis","holcId":"A10","areaId":9143,"residential":true,"holcFill":"#76a865","cityScan":"https://dsl.richmond.edu/panorama/redlining/map/MN/Minneapolis"}}},{"type":"Feature","geometry":{"type":"MultiPolygon","coordinates":[[[[-93.31353,44.99149],[-93.31353,44.99154],[-93.31591,44.99163],[-93.31591,44.99159],[-93.31591,44.99153],[-93.31591,44.99153],[-93.31636,44.99153],[-93.31736,44.99153],[-93.31722,44.98606],[-93.31597,44.98603],[-93.31589,44.98603],[-93.31589,44.98607],[-93.31589,44.9879],[-93.31466,44.98792],[-93.31457,44.98897],[-93.31153,44.98784],[-93.30891,44.988],[-93.30897,44.98959],[-93.30821,44.98978],[-93.30812,44.99147],[-93.30824,44.99147],[-93.30824,44.99151],[-93.30824,44.99153],[-93.30824,44.99156],[-93.30949,44.99154],[-93.30949,44.99151],[-93.30948,44.99148],[-93.30942,44.99076],[-93.31344,44.99083],[-93.31352,44.99146],[-93.31353,44.99149]]]]},"properties":{"id":"redlining-mn-minneapolis-9138","layer":"redlining","name":"Minneapolis — HOLC area A11 (grade A)","county":"Hennepin County","state":"MN","countyFips":"27053","confidence":"confirmed","sourceDate":"1930s","attributes":{"grade":"A","gradeMeaning":"Graded \"Best\" — new, homogeneous, and in HOLC's words \"in demand as residential locations in good times and bad\". In practice, restricted to white residents.","category":"Best","city":"Minneapolis","holcId":"A11","areaId":9138,"residential":true,"holcFill":"#76a865","cityScan":"https://dsl.richmond.edu/panorama/redlining/map/MN/Minneapolis"}}},{"type":"Feature","geometry":{"type":"MultiPolygon","coordinates":[[[[-93.31592,45.0016],[-93.31595,45.0016],[-93.31599,45.0016],[-93.31593,45.00423],[-93.3158,45.00969],[-93.31689,45.00977],[-93.31692,45.01057],[-93.31819,45.01054],[-93.31835,45.00056],[-93.31821,45.00056],[-93.31645,45.00059],[-93.31614,45.00059],[-93.31609,45.00059],[-93.31598,45.00059],[-93.31592,45.0016]]]]},"properties":{"id":"redlining-mn-minneapolis-9121","layer":"redlining","name":"Minneapolis — HOLC area A12 (grade A)","county":"Hennepin County","state":"MN","countyFips":"27053","confidence":"confirmed","sourceDate":"1930s","attributes":{"grade":"A","gradeMeaning":"Graded \"Best\" — new, homogeneous, and in HOLC's words \"in demand as residential locations in good times and bad\". In practice, restricted to white residents.","category":"Best","city":"Minneapolis","holcId":"A12","areaId":9121,"residential":true,"holcFill":"#76a865","cityScan":"https://dsl.richmond.edu/panorama/redlining/map/MN/Minneapolis"}}},{"type":"Feature","geometry":{"type":"MultiPolygon","coordinates":[[[[-93.31848,45.02757],[-93.31621,45.0276],[-93.3163,45.0356],[-93.31856,45.0356],[-93.31892,45.0356],[-93.31866,45.02756],[-93.31848,45.02757]]]]},"properties":{"id":"redlining-mn-minneapolis-9118","layer":"redlining","name":"Minneapolis — HOLC area A13 (grade A)","county":"Hennepin County","state":"MN","countyFips":"27053","confidence":"confirmed","sourceDate":"1930s","attributes":{"grade":"A","gradeMeaning":"Graded \"Best\" — new, homogeneous, and in HOLC's words \"in demand as residential locations in good times and bad\". In practice, restricted to white residents.","category":"Best","city":"Minneapolis","holcId":"A13","areaId":9118,"residential":true,"holcFill":"#76a865","cityScan":"https://dsl.richmond.edu/panorama/redlining/map/MN/Minneapolis"}}},{"type":"Feature","geometry":{"type":"MultiPolygon","coordinates":[[[[-93.22954,45.02212],[-93.23329,45.02228],[-93.23419,45.0229],[-93.235,45.02332],[-93.23598,45.02363],[-93.23599,45.02348],[-93.23603,45.01872],[-93.2301,45.01861],[-93.22844,45.02047],[-93.22934,45.02045],[-93.22954,45.02212]]]]},"properties":{"id":"redlining-mn-minneapolis-9128","layer":"redlining","name":"Minneapolis — HOLC area A14 (grade A)","county":"Hennepin County","state":"MN","countyFips":"27053","confidence":"confirmed","sourceDate":"1930s","attributes":{"grade":"A","gradeMeaning":"Graded \"Best\" — new, homogeneous, and in HOLC's words \"in demand as residential locations in good times and bad\". In practice, restricted to white residents.","category":"Best","city":"Minneapolis","holcId":"A14","areaId":9128,"residential":true,"holcFill":"#76a865","cityScan":"https://dsl.richmond.edu/panorama/redlining/map/MN/Minneapolis"}}},{"type":"Feature","geometry":{"type":"MultiPolygon","coordinates":[[[[-93.29341,44.92857],[-93.29345,44.92857],[-93.29359,44.92676],[-93.29459,44.92677],[-93.29569,44.92687],[-93.2961,44.92673],[-93.29631,44.92625],[-93.29648,44.92548],[-93.29688,44.92509],[-93.29734,44.92501],[-93.29736,44.92527],[-93.29749,44.92598],[-93.29811,44.92663],[-93.29885,44.92714],[-93.30016,44.92757],[-93.30126,44.92787],[-93.30242,44.92814],[-93.30351,44.92825],[-93.30487,44.92845],[-93.30654,44.92811],[-93.30786,44.92765],[-93.30861,44.92723],[-93.30936,44.92737],[-93.30942,44.92739],[-93.31107,44.92466],[-93.31133,44.92451],[-93.31134,44.9245],[-93.31132,44.92449],[-93.31143,44.92432],[-93.3125,44.92456],[-93.31297,44.92407],[-93.31459,44.92433],[-93.31524,44.92326],[-93.31517,44.92141],[-93.31748,44.92148],[-93.31761,44.91423],[-93.31505,44.9142],[-93.31499,44.91066],[-93.31619,44.91073],[-93.31628,44.9071],[-93.31752,44.9071],[-93.31739,44.90527],[-93.30873,44.90517],[-93.30873,44.90498],[-93.29725,44.90494],[-93.29725,44.90502],[-93.28833,44.90511],[-93.28839,44.90769],[-93.28758,44.90758],[-93.28682,44.90734],[-93.28687,44.90659],[-93.28569,44.90663],[-93.28554,44.90516],[-93.28458,44.90519],[-93.28164,44.90437],[-93.28174,44.90148],[-93.27953,44.90147],[-93.27945,44.90536],[-93.2783,44.90603],[-93.27819,44.90513],[-93.27696,44.90524],[-93.27699,44.90225],[-93.27696,44.90083],[-93.27699,44.89968],[-93.27697,44.89785],[-93.27698,44.89785],[-93.2711,44.89777],[-93.27125,44.8993],[-93.27133,44.9009],[-93.27123,44.90168],[-93.27096,44.90231],[-93.2705,44.90295],[-93.26992,44.90312],[-93.2688,44.90321],[-93.26853,44.90341],[-93.26834,44.90398],[-93.2676,44.90433],[-93.2676,44.90437],[-93.2678,44.91262],[-93.26913,44.91255],[-93.26923,44.91255],[-93.27005,44.91251],[-93.27005,44.91207],[-93.27033,44.91169],[-93.27102,44.91125],[-93.27198,44.91101],[-93.27299,44.9108],[-93.27301,44.91244],[-93.27159,44.91248],[-93.27163,44.91431],[-93.27408,44.91422],[-93.27414,44.91611],[-93.27806,44.91609],[-93.2782,44.92145],[-93.28829,44.92143],[-93.28839,44.92499],[-93.29088,44.92495],[-93.29088,44.9285],[-93.29341,44.92857]],[[-93.30407,44.916],[-93.30525,44.91585],[-93.30662,44.91586],[-93.30782,44.9159],[-93.30885,44.91601],[-93.30993,44.91634],[-93.31137,44.91676],[-93.3122,44.91718],[-93.31319,44.91773],[-93.31345,44.91825],[-93.31351,44.91902],[-93.31325,44.91947],[-93.31315,44.91971],[-93.31284,44.92031],[-93.3126,44.92099],[-93.31201,44.92162],[-93.31143,44.92245],[-93.31062,44.92362],[-93.31019,44.92471],[-93.30959,44.92566],[-93.30903,44.92672],[-93.30854,44.92715],[-93.30779,44.92753],[-93.30644,44.92805],[-93.30513,44.92833],[-93.30402,44.92823],[-93.30269,44.92808],[-93.30156,44.92778],[-93.30031,44.92747],[-93.29896,44.92708],[-93.29851,44.92674],[-93.29803,44.92625],[-93.2976,44.92536],[-93.29732,44.92461],[-93.29709,44.92307],[-93.29736,44.92228],[-93.29833,44.92047],[-93.29894,44.91928],[-93.29988,44.91806],[-93.3005,44.9173],[-93.30111,44.91699],[-93.30261,44.91635],[-93.30407,44.916]]]]},"properties":{"id":"redlining-mn-minneapolis-9101","layer":"redlining","name":"Minneapolis — HOLC area A2 (grade A)","county":"Hennepin County","state":"MN","countyFips":"27053","confidence":"confirmed","sourceDate":"1930s","attributes":{"grade":"A","gradeMeaning":"Graded \"Best\" — new, homogeneous, and in HOLC's words \"in demand as residential locations in good times and bad\". In practice, restricted to white residents.","category":"Best","city":"Minneapolis","holcId":"A2","areaId":9101,"residential":true,"holcFill":"#76a865","cityScan":"https://dsl.richmond.edu/panorama/redlining/map/MN/Minneapolis"}}},{"type":"Feature","geometry":{"type":"MultiPolygon","coordinates":[[[[-93.3174,44.93499],[-93.31739,44.93502],[-93.31794,44.93496],[-93.31884,44.93499],[-93.3195,44.93515],[-93.3201,44.93542],[-93.32055,44.93595],[-93.32082,44.93654],[-93.32067,44.93698],[-93.32029,44.93749],[-93.32008,44.93801],[-93.31983,44.93846],[-93.31976,44.93888],[-93.31997,44.93941],[-93.3204,44.94016],[-93.32063,44.94069],[-93.32066,44.94123],[-93.32073,44.942],[-93.32055,44.94305],[-93.32009,44.94428],[-93.31988,44.94478],[-93.3217,44.94491],[-93.32236,44.94442],[-93.32282,44.94395],[-93.32288,44.94331],[-93.32291,44.94273],[-93.32266,44.9422],[-93.32211,44.94164],[-93.32168,44.94134],[-93.32219,44.94129],[-93.32224,44.94065],[-93.32114,44.94057],[-93.32143,44.94003],[-93.32178,44.93937],[-93.32188,44.93855],[-93.32155,44.93784],[-93.32297,44.93782],[-93.32279,44.9374],[-93.32283,44.93421],[-93.32892,44.93427],[-93.3288,44.93057],[-93.32399,44.93061],[-93.32394,44.92875],[-93.3214,44.92873],[-93.32148,44.92345],[-93.31888,44.92342],[-93.31894,44.92509],[-93.31609,44.92471],[-93.31596,44.92684],[-93.31343,44.92686],[-93.31402,44.92598],[-93.31262,44.92544],[-93.31152,44.92464],[-93.31134,44.9245],[-93.31133,44.92451],[-93.31107,44.92466],[-93.30942,44.92739],[-93.30936,44.92737],[-93.30952,44.92807],[-93.30952,44.92857],[-93.30916,44.92907],[-93.30933,44.92988],[-93.30926,44.93029],[-93.30907,44.93109],[-93.3089,44.93128],[-93.30938,44.93161],[-93.30965,44.93132],[-93.30994,44.931],[-93.3104,44.93086],[-93.31104,44.93068],[-93.31152,44.93072],[-93.31222,44.93127],[-93.31234,44.93171],[-93.31212,44.93219],[-93.31149,44.93269],[-93.3111,44.93298],[-93.3107,44.93331],[-93.31027,44.93344],[-93.31048,44.93365],[-93.31049,44.93367],[-93.31115,44.93339],[-93.31173,44.93316],[-93.31245,44.9327],[-93.31266,44.93253],[-93.31298,44.93255],[-93.3129,44.93396],[-93.3175,44.93408],[-93.3174,44.93499]]]]},"properties":{"id":"redlining-mn-minneapolis-9149","layer":"redlining","name":"Minneapolis — HOLC area A3 (grade A)","county":"Hennepin County","state":"MN","countyFips":"27053","confidence":"confirmed","sourceDate":"1930s","attributes":{"grade":"A","gradeMeaning":"Graded \"Best\" — new, homogeneous, and in HOLC's words \"in demand as residential locations in good times and bad\". In practice, restricted to white residents.","category":"Best","city":"Minneapolis","holcId":"A3","areaId":9149,"residential":true,"holcFill":"#76a865","cityScan":"https://dsl.richmond.edu/panorama/redlining/map/MN/Minneapolis"}}},{"type":"Feature","geometry":{"type":"MultiPolygon","coordinates":[[[[-93.30035,44.93765],[-93.30045,44.93765],[-93.30038,44.94121],[-93.30203,44.94128],[-93.30216,44.94016],[-93.30297,44.94026],[-93.3031,44.9403],[-93.30312,44.94001],[-93.30347,44.93955],[-93.30357,44.93909],[-93.3037,44.93859],[-93.30367,44.93817],[-93.30364,44.93771],[-93.30035,44.93761],[-93.30035,44.93765]]]]},"properties":{"id":"redlining-mn-minneapolis-9150","layer":"redlining","name":"Minneapolis — HOLC area A4 (grade A)","county":"Hennepin County","state":"MN","countyFips":"27053","confidence":"confirmed","sourceDate":"1930s","attributes":{"grade":"A","gradeMeaning":"Graded \"Best\" — new, homogeneous, and in HOLC's words \"in demand as residential locations in good times and bad\". In practice, restricted to white residents.","category":"Best","city":"Minneapolis","holcId":"A4","areaId":9150,"residential":true,"holcFill":"#76a865","cityScan":"https://dsl.richmond.edu/panorama/redlining/map/MN/Minneapolis"}}},{"type":"Feature","geometry":{"type":"MultiPolygon","coordinates":[[[[-93.22557,44.91656],[-93.22562,44.91676],[-93.22554,44.91747],[-93.22587,44.91776],[-93.22592,44.91798],[-93.22557,44.91819],[-93.22571,44.91839],[-93.22594,44.91879],[-93.2261,44.91908],[-93.22725,44.91931],[-93.22808,44.91933],[-93.22866,44.91897],[-93.22949,44.91818],[-93.23037,44.91791],[-93.23127,44.91801],[-93.23206,44.91849],[-93.23213,44.92322],[-93.23155,44.92324],[-93.2315,44.92518],[-93.23347,44.92515],[-93.23348,44.9251],[-93.23353,44.92318],[-93.23245,44.92318],[-93.23236,44.91804],[-93.23348,44.91803],[-93.23346,44.91355],[-93.23347,44.91256],[-93.23426,44.9122],[-93.23623,44.90967],[-93.23616,44.90893],[-93.23587,44.90879],[-93.23603,44.90815],[-93.23673,44.90744],[-93.23843,44.90575],[-93.23904,44.90493],[-93.23995,44.9037],[-93.24064,44.9029],[-93.2408,44.90235],[-93.24218,44.90199],[-93.24328,44.90169],[-93.24442,44.90151],[-93.24549,44.90139],[-93.24747,44.9014],[-93.2475,44.90084],[-93.24596,44.90083],[-93.24446,44.9009],[-93.24341,44.90098],[-93.24249,44.90132],[-93.24152,44.90181],[-93.24028,44.90178],[-93.23935,44.90266],[-93.23897,44.90357],[-93.2386,44.90372],[-93.23481,44.90354],[-93.23481,44.90723],[-93.23455,44.909],[-93.2335,44.909],[-93.23348,44.9108],[-93.23228,44.91081],[-93.23228,44.91747],[-93.23098,44.91741],[-93.23094,44.91656],[-93.22557,44.91656]]]]},"properties":{"id":"redlining-mn-minneapolis-9166","layer":"redlining","name":"Minneapolis — HOLC area A5 (grade A)","county":"Hennepin County","state":"MN","countyFips":"27053","confidence":"confirmed","sourceDate":"1930s","attributes":{"grade":"A","gradeMeaning":"Graded \"Best\" — new, homogeneous, and in HOLC's words \"in demand as residential locations in good times and bad\". In practice, restricted to white residents.","category":"Best","city":"Minneapolis","holcId":"A5","areaId":9166,"residential":true,"holcFill":"#76a865","cityScan":"https://dsl.richmond.edu/panorama/redlining/map/MN/Minneapolis"}}},{"type":"Feature","geometry":{"type":"MultiPolygon","coordinates":[[[[-93.2065,44.93791],[-93.20611,44.93815],[-93.20543,44.93841],[-93.20474,44.93858],[-93.2044,44.93909],[-93.20424,44.93979],[-93.20438,44.94043],[-93.20465,44.94117],[-93.20462,44.94165],[-93.20429,44.9423],[-93.20388,44.94295],[-93.20361,44.94356],[-93.20364,44.94424],[-93.20382,44.9451],[-93.20636,44.94509],[-93.20763,44.94508],[-93.20781,44.93787],[-93.20665,44.93782],[-93.2065,44.93791]]]]},"properties":{"id":"redlining-mn-minneapolis-9110","layer":"redlining","name":"Minneapolis — HOLC area A6 (grade A)","county":"Hennepin County","state":"MN","countyFips":"27053","confidence":"confirmed","sourceDate":"1930s","attributes":{"grade":"A","gradeMeaning":"Graded \"Best\" — new, homogeneous, and in HOLC's words \"in demand as residential locations in good times and bad\". In practice, restricted to white residents.","category":"Best","city":"Minneapolis","holcId":"A6","areaId":9110,"residential":true,"holcFill":"#76a865","cityScan":"https://dsl.richmond.edu/panorama/redlining/map/MN/Minneapolis"}}},{"type":"Feature","geometry":{"type":"MultiPolygon","coordinates":[[[[-93.20762,44.94963],[-93.20759,44.94961],[-93.2077,44.95081],[-93.2076,44.95104],[-93.20867,44.95157],[-93.20988,44.95202],[-93.21129,44.95286],[-93.21281,44.95386],[-93.21322,44.95444],[-93.21329,44.95439],[-93.21411,44.95376],[-93.20762,44.94963]]],[[[-93.21447,44.95508],[-93.21366,44.95561],[-93.2149,44.95633],[-93.21612,44.95689],[-93.21742,44.95778],[-93.21903,44.95919],[-93.22211,44.96151],[-93.22315,44.96241],[-93.22395,44.96295],[-93.22593,44.96284],[-93.22596,44.96284],[-93.21964,44.95859],[-93.21617,44.95626],[-93.21456,44.95502],[-93.21447,44.95508]]],[[[-93.21773,44.96386],[-93.21773,44.96386],[-93.21941,44.96386],[-93.21272,44.95909],[-93.21191,44.95962],[-93.21196,44.95965],[-93.21773,44.96386]]]]},"properties":{"id":"redlining-mn-minneapolis-9160","layer":"redlining","name":"Minneapolis — HOLC area A7 (grade A)","county":"Hennepin County","state":"MN","countyFips":"27053","confidence":"confirmed","sourceDate":"1930s","attributes":{"grade":"A","gradeMeaning":"Graded \"Best\" — new, homogeneous, and in HOLC's words \"in demand as residential locations in good times and bad\". In practice, restricted to white residents.","category":"Best","city":"Minneapolis","holcId":"A7","areaId":9160,"residential":true,"holcFill":"#76a865","cityScan":"https://dsl.richmond.edu/panorama/redlining/map/MN/Minneapolis"}}},{"type":"Feature","geometry":{"type":"MultiPolygon","coordinates":[[[[-93.32504,44.95342],[-93.32504,44.95346],[-93.32867,44.95378],[-93.32865,44.95006],[-93.32859,44.95006],[-93.32506,44.95005],[-93.32504,44.95342]]]]},"properties":{"id":"redlining-mn-minneapolis-9145","layer":"redlining","name":"Minneapolis — HOLC area A8 (grade A)","county":"Hennepin County","state":"MN","countyFips":"27053","confidence":"confirmed","sourceDate":"1930s","attributes":{"grade":"A","gradeMeaning":"Graded \"Best\" — new, homogeneous, and in HOLC's words \"in demand as residential locations in good times and bad\". In practice, restricted to white residents.","category":"Best","city":"Minneapolis","holcId":"A8","areaId":9145,"residential":true,"holcFill":"#76a865","cityScan":"https://dsl.richmond.edu/panorama/redlining/map/MN/Minneapolis"}}},{"type":"Feature","geometry":{"type":"MultiPolygon","coordinates":[[[[-93.30478,44.96],[-93.30478,44.96001],[-93.30685,44.95995],[-93.30897,44.96013],[-93.31025,44.96057],[-93.31102,44.96022],[-93.3116,44.9593],[-93.31296,44.95917],[-93.31319,44.95843],[-93.31388,44.95782],[-93.31393,44.95733],[-93.31475,44.95644],[-93.31562,44.95568],[-93.31651,44.95577],[-93.31661,44.95577],[-93.3189,44.95362],[-93.31868,44.95361],[-93.31823,44.95353],[-93.31764,44.95324],[-93.3174,44.953],[-93.31755,44.95234],[-93.31737,44.95185],[-93.31035,44.9519],[-93.31204,44.95225],[-93.31209,44.95357],[-93.31252,44.95449],[-93.31224,44.95482],[-93.31224,44.95603],[-93.31252,44.95697],[-93.31212,44.95782],[-93.31148,44.95796],[-93.31051,44.95805],[-93.30974,44.95928],[-93.30902,44.95959],[-93.30836,44.95981],[-93.30708,44.95822],[-93.30667,44.95758],[-93.30626,44.95706],[-93.30573,44.95738],[-93.30537,44.95802],[-93.30486,44.95856],[-93.30455,44.95936],[-93.30478,44.96]]],[[[-93.28834,44.96719],[-93.28909,44.96714],[-93.28987,44.96763],[-93.29042,44.96811],[-93.29048,44.96879],[-93.29068,44.96936],[-93.29111,44.96951],[-93.29206,44.96951],[-93.29374,44.96954],[-93.29437,44.96957],[-93.29483,44.96961],[-93.29565,44.96896],[-93.29655,44.96871],[-93.29786,44.96865],[-93.29951,44.96894],[-93.29962,44.96868],[-93.2992,44.96838],[-93.29914,44.96796],[-93.30367,44.96813],[-93.30478,44.96786],[-93.30476,44.96656],[-93.30476,44.96654],[-93.30363,44.9665],[-93.3036,44.96383],[-93.30353,44.96334],[-93.30271,44.96208],[-93.30193,44.96142],[-93.3014,44.96082],[-93.30144,44.96062],[-93.30197,44.9596],[-93.30259,44.95874],[-93.30311,44.9581],[-93.30375,44.95711],[-93.30355,44.95651],[-93.30272,44.95597],[-93.30167,44.95552],[-93.30148,44.95505],[-93.30221,44.95415],[-93.30263,44.95302],[-93.30136,44.95272],[-93.30126,44.95269],[-93.29996,44.95589],[-93.29994,44.96088],[-93.29946,44.9629],[-93.29951,44.96447],[-93.30193,44.96447],[-93.30204,44.96646],[-93.28874,44.96628],[-93.28869,44.96639],[-93.28838,44.9671],[-93.28834,44.96719]]]]},"properties":{"id":"redlining-mn-minneapolis-9156","layer":"redlining","name":"Minneapolis — HOLC area A9 (grade A)","county":"Hennepin County","state":"MN","countyFips":"27053","confidence":"confirmed","sourceDate":"1930s","attributes":{"grade":"A","gradeMeaning":"Graded \"Best\" — new, homogeneous, and in HOLC's words \"in demand as residential locations in good times and bad\". In practice, restricted to white residents.","category":"Best","city":"Minneapolis","holcId":"A9","areaId":9156,"residential":true,"holcFill":"#76a865","cityScan":"https://dsl.richmond.edu/panorama/redlining/map/MN/Minneapolis"}}},{"type":"Feature","geometry":{"type":"MultiPolygon","coordinates":[[[[-93.25838,45.03263],[-93.25737,45.03132],[-93.25617,45.03148],[-93.2549,45.03139],[-93.25456,45.03172],[-93.25404,45.0321],[-93.25333,45.03232],[-93.25278,45.0325],[-93.25189,45.0325],[-93.25104,45.03245],[-93.25015,45.03255],[-93.24908,45.03306],[-93.24871,45.03307],[-93.24873,45.03379],[-93.25016,45.03381],[-93.25068,45.03388],[-93.25206,45.03396],[-93.253,45.03379],[-93.25353,45.03379],[-93.25389,45.03364],[-93.25512,45.03358],[-93.25709,45.03302],[-93.25838,45.03263]]]]},"properties":{"id":"redlining-mn-minneapolis-9125","layer":"redlining","name":"Minneapolis — HOLC area B1 (grade B)","county":"Hennepin County","state":"MN","countyFips":"27053","confidence":"confirmed","sourceDate":"1930s","attributes":{"grade":"B","gradeMeaning":"Graded \"Still Desirable\" — expected to hold value, but nearing the end of its most desirable period.","category":"Still Desirable","city":"Minneapolis","holcId":"B1","areaId":9125,"residential":true,"holcFill":"#7cb5bd","cityScan":"https://dsl.richmond.edu/panorama/redlining/map/MN/Minneapolis"}}},{"type":"Feature","geometry":{"type":"MultiPolygon","coordinates":[[[[-93.28196,44.96775],[-93.28349,44.96789],[-93.28499,44.96821],[-93.28615,44.96855],[-93.28641,44.96889],[-93.28754,44.96892],[-93.28757,44.96892],[-93.28834,44.96719],[-93.28838,44.9671],[-93.28869,44.96639],[-93.28874,44.96628],[-93.28919,44.96527],[-93.28916,44.96527],[-93.28859,44.96525],[-93.28865,44.96267],[-93.28788,44.96267],[-93.28823,44.95189],[-93.28685,44.95189],[-93.28684,44.95381],[-93.28116,44.95377],[-93.28121,44.95552],[-93.2781,44.9555],[-93.27812,44.96276],[-93.2807,44.96274],[-93.28065,44.96413],[-93.27935,44.96413],[-93.27936,44.9663],[-93.28077,44.96626],[-93.2808,44.96763],[-93.28196,44.96761],[-93.28196,44.96775]]]]},"properties":{"id":"redlining-mn-minneapolis-9155","layer":"redlining","name":"Minneapolis — HOLC area B10 (grade B)","county":"Hennepin County","state":"MN","countyFips":"27053","confidence":"confirmed","sourceDate":"1930s","attributes":{"grade":"B","gradeMeaning":"Graded \"Still Desirable\" — expected to hold value, but nearing the end of its most desirable period.","category":"Still Desirable","city":"Minneapolis","holcId":"B10","areaId":9155,"residential":true,"holcFill":"#7cb5bd","cityScan":"https://dsl.richmond.edu/panorama/redlining/map/MN/Minneapolis"}}},{"type":"Feature","geometry":{"type":"MultiPolygon","coordinates":[[[[-93.32125,44.95314],[-93.32125,44.95315],[-93.32196,44.9531],[-93.32306,44.95315],[-93.32441,44.9534],[-93.32504,44.95342],[-93.32506,44.95005],[-93.32859,44.95006],[-93.32863,44.94823],[-93.3286,44.94823],[-93.32488,44.94818],[-93.32463,44.94866],[-93.32418,44.94885],[-93.32414,44.94917],[-93.32269,44.95021],[-93.32164,44.95184],[-93.32076,44.95234],[-93.32125,44.95314]]]]},"properties":{"id":"redlining-mn-minneapolis-9146","layer":"redlining","name":"Minneapolis — HOLC area B11 (grade B)","county":"Hennepin County","state":"MN","countyFips":"27053","confidence":"confirmed","sourceDate":"1930s","attributes":{"grade":"B","gradeMeaning":"Graded \"Still Desirable\" — expected to hold value, but nearing the end of its most desirable period.","category":"Still Desirable","city":"Minneapolis","holcId":"B11","areaId":9146,"residential":true,"holcFill":"#7cb5bd","cityScan":"https://dsl.richmond.edu/panorama/redlining/map/MN/Minneapolis"}}},{"type":"Feature","geometry":{"type":"MultiPolygon","coordinates":[[[[-93.31988,44.94478],[-93.3198,44.94477],[-93.31941,44.94546],[-93.31884,44.94592],[-93.31848,44.94639],[-93.31779,44.94683],[-93.31713,44.94756],[-93.31652,44.94806],[-93.31628,44.94871],[-93.31781,44.94845],[-93.31772,44.94845],[-93.31863,44.94806],[-93.32005,44.94759],[-93.3205,44.94741],[-93.32086,44.94711],[-93.32136,44.94673],[-93.32184,44.94622],[-93.32235,44.94577],[-93.32297,44.945],[-93.3217,44.94491],[-93.31988,44.94478]]]]},"properties":{"id":"redlining-mn-minneapolis-9148","layer":"redlining","name":"Minneapolis — HOLC area B12 (grade B)","county":"Hennepin County","state":"MN","countyFips":"27053","confidence":"confirmed","sourceDate":"1930s","attributes":{"grade":"B","gradeMeaning":"Graded \"Still Desirable\" — expected to hold value, but nearing the end of its most desirable period.","category":"Still Desirable","city":"Minneapolis","holcId":"B12","areaId":9148,"residential":true,"holcFill":"#7cb5bd","cityScan":"https://dsl.richmond.edu/panorama/redlining/map/MN/Minneapolis"}}},{"type":"Feature","geometry":{"type":"MultiPolygon","coordinates":[[[[-93.27978,44.94471],[-93.27983,44.94471],[-93.28283,44.94469],[-93.28289,44.94833],[-93.29583,44.94834],[-93.29842,44.94835],[-93.29837,44.94988],[-93.29829,44.95199],[-93.3,44.95239],[-93.30001,44.9524],[-93.30126,44.95269],[-93.30136,44.95272],[-93.30263,44.95302],[-93.30269,44.95303],[-93.30295,44.95275],[-93.30412,44.9519],[-93.30521,44.95139],[-93.30578,44.95118],[-93.30519,44.95049],[-93.30519,44.94993],[-93.30552,44.94924],[-93.30601,44.94881],[-93.30593,44.94823],[-93.3057,44.94729],[-93.30524,44.9461],[-93.30506,44.9455],[-93.30411,44.94412],[-93.30341,44.94229],[-93.30354,44.94043],[-93.3031,44.9403],[-93.30297,44.94026],[-93.30216,44.94016],[-93.30203,44.94128],[-93.30038,44.94121],[-93.30045,44.93765],[-93.30035,44.93765],[-93.2996,44.93769],[-93.29951,44.93955],[-93.29859,44.93953],[-93.29856,44.94126],[-93.29772,44.94127],[-93.2978,44.93764],[-93.29333,44.93761],[-93.29331,44.93418],[-93.2907,44.93413],[-93.29082,44.93046],[-93.29339,44.9305],[-93.29341,44.92857],[-93.29088,44.9285],[-93.29088,44.92495],[-93.28839,44.92499],[-93.28829,44.92143],[-93.2782,44.92145],[-93.27806,44.91609],[-93.27414,44.91611],[-93.27408,44.91422],[-93.27163,44.91431],[-93.27159,44.91248],[-93.27301,44.91244],[-93.27299,44.9108],[-93.27198,44.91101],[-93.27102,44.91125],[-93.27033,44.91169],[-93.27005,44.91207],[-93.27005,44.91251],[-93.26923,44.91255],[-93.2689,44.91782],[-93.26829,44.91786],[-93.26821,44.9215],[-93.26758,44.92145],[-93.26752,44.92503],[-93.26871,44.92507],[-93.26888,44.92491],[-93.26902,44.91784],[-93.27158,44.91794],[-93.2715,44.92143],[-93.27397,44.92148],[-93.27406,44.92872],[-93.27233,44.92872],[-93.27219,44.92872],[-93.27227,44.93224],[-93.27286,44.93222],[-93.27278,44.93948],[-93.2716,44.93944],[-93.27162,44.94664],[-93.27171,44.94664],[-93.2781,44.94666],[-93.27804,44.94478],[-93.27978,44.94471]],[[-93.2893,44.94665],[-93.28935,44.94665],[-93.28934,44.94729],[-93.28682,44.94732],[-93.28677,44.94658],[-93.2893,44.94665]],[[-93.2796,44.9318],[-93.27961,44.93224],[-93.2781,44.93227],[-93.278,44.93053],[-93.27959,44.93053],[-93.2796,44.9318]]]]},"properties":{"id":"redlining-mn-minneapolis-9152","layer":"redlining","name":"Minneapolis — HOLC area B13 (grade B)","county":"Hennepin County","state":"MN","countyFips":"27053","confidence":"confirmed","sourceDate":"1930s","attributes":{"grade":"B","gradeMeaning":"Graded \"Still Desirable\" — expected to hold value, but nearing the end of its most desirable period.","category":"Still Desirable","city":"Minneapolis","holcId":"B13","areaId":9152,"residential":true,"holcFill":"#7cb5bd","cityScan":"https://dsl.richmond.edu/panorama/redlining/map/MN/Minneapolis"}}},{"type":"Feature","geometry":{"type":"MultiPolygon","coordinates":[[[[-93.31134,44.9245],[-93.31152,44.92464],[-93.31262,44.92544],[-93.31402,44.92598],[-93.31343,44.92686],[-93.31596,44.92684],[-93.31609,44.92471],[-93.31894,44.92509],[-93.31888,44.92342],[-93.32148,44.92345],[-93.3214,44.92873],[-93.32394,44.92875],[-93.32399,44.93061],[-93.3288,44.93057],[-93.32891,44.93057],[-93.32898,44.92361],[-93.32887,44.9236],[-93.32526,44.92336],[-93.32529,44.92289],[-93.32278,44.9233],[-93.31894,44.92329],[-93.31891,44.92154],[-93.32887,44.92161],[-93.32896,44.92161],[-93.32903,44.90531],[-93.31882,44.90519],[-93.31885,44.90139],[-93.30879,44.90145],[-93.30873,44.90498],[-93.30873,44.90517],[-93.31739,44.90527],[-93.31752,44.9071],[-93.31628,44.9071],[-93.31619,44.91073],[-93.31499,44.91066],[-93.31505,44.9142],[-93.31761,44.91423],[-93.31748,44.92148],[-93.31517,44.92141],[-93.31524,44.92326],[-93.31459,44.92433],[-93.31297,44.92407],[-93.3125,44.92456],[-93.31143,44.92432],[-93.31132,44.92449],[-93.31134,44.9245]]],[[[-93.31048,44.93365],[-93.31038,44.93377],[-93.31038,44.93408],[-93.31214,44.93424],[-93.31296,44.93443],[-93.31365,44.93475],[-93.31439,44.93505],[-93.31592,44.93505],[-93.31701,44.9351],[-93.3174,44.93499],[-93.3175,44.93408],[-93.3129,44.93396],[-93.31298,44.93255],[-93.31266,44.93253],[-93.31245,44.9327],[-93.31173,44.93316],[-93.31115,44.93339],[-93.31049,44.93367],[-93.31048,44.93365]]]]},"properties":{"id":"redlining-mn-minneapolis-9098","layer":"redlining","name":"Minneapolis — HOLC area B14 (grade B)","county":"Hennepin County","state":"MN","countyFips":"27053","confidence":"confirmed","sourceDate":"1930s","attributes":{"grade":"B","gradeMeaning":"Graded \"Still Desirable\" — expected to hold value, but nearing the end of its most desirable period.","category":"Still Desirable","city":"Minneapolis","holcId":"B14","areaId":9098,"residential":true,"holcFill":"#7cb5bd","cityScan":"https://dsl.richmond.edu/panorama/redlining/map/MN/Minneapolis"}}},{"type":"Feature","geometry":{"type":"MultiPolygon","coordinates":[[[[-93.27698,44.89785],[-93.27697,44.89785],[-93.27699,44.89968],[-93.27696,44.90083],[-93.27699,44.90225],[-93.27696,44.90524],[-93.27819,44.90513],[-93.2783,44.90603],[-93.27945,44.90536],[-93.27953,44.90147],[-93.28174,44.90148],[-93.28164,44.90437],[-93.28458,44.90519],[-93.28554,44.90516],[-93.28569,44.90663],[-93.28687,44.90659],[-93.28682,44.90734],[-93.28758,44.90758],[-93.28839,44.90769],[-93.28833,44.90511],[-93.29725,44.90502],[-93.29725,44.90494],[-93.29728,44.90153],[-93.29592,44.90148],[-93.29586,44.89777],[-93.28843,44.89791],[-93.28831,44.89604],[-93.28831,44.89388],[-93.28284,44.89379],[-93.28285,44.89447],[-93.27868,44.89443],[-93.2783,44.89539],[-93.27834,44.89679],[-93.27833,44.89778],[-93.27698,44.89785]]]]},"properties":{"id":"redlining-mn-minneapolis-9100","layer":"redlining","name":"Minneapolis — HOLC area B15 (grade B)","county":"Hennepin County","state":"MN","countyFips":"27053","confidence":"confirmed","sourceDate":"1930s","attributes":{"grade":"B","gradeMeaning":"Graded \"Still Desirable\" — expected to hold value, but nearing the end of its most desirable period.","category":"Still Desirable","city":"Minneapolis","holcId":"B15","areaId":9100,"residential":true,"holcFill":"#7cb5bd","cityScan":"https://dsl.richmond.edu/panorama/redlining/map/MN/Minneapolis"}}},{"type":"Feature","geometry":{"type":"MultiPolygon","coordinates":[[[[-93.22228,44.92509],[-93.22417,44.92519],[-93.22415,44.92688],[-93.22546,44.927],[-93.22551,44.92843],[-93.22552,44.92867],[-93.22688,44.92869],[-93.22689,44.9305],[-93.2283,44.93053],[-93.22828,44.93238],[-93.2296,44.9324],[-93.22958,44.9342],[-93.2308,44.9342],[-93.23084,44.93604],[-93.23196,44.93598],[-93.23213,44.93781],[-93.23327,44.93782],[-93.23329,44.93962],[-93.23453,44.93964],[-93.23451,44.94139],[-93.23579,44.94143],[-93.23588,44.94302],[-93.23702,44.94304],[-93.23712,44.94477],[-93.23716,44.94481],[-93.23886,44.94482],[-93.23894,44.94662],[-93.2475,44.94661],[-93.24981,44.94661],[-93.24992,44.9475],[-93.2677,44.94756],[-93.2677,44.94753],[-93.26762,44.94753],[-93.26749,44.9251],[-93.26496,44.9251],[-93.2652,44.91615],[-93.26133,44.91609],[-93.2613,44.91786],[-93.2575,44.91785],[-93.25741,44.91611],[-93.2549,44.91607],[-93.25483,44.91791],[-93.24994,44.9179],[-93.24988,44.91601],[-93.24863,44.91633],[-93.24774,44.91646],[-93.24672,44.91652],[-93.24672,44.91654],[-93.24674,44.91981],[-93.24731,44.91973],[-93.24739,44.92085],[-93.24677,44.92085],[-93.24672,44.92506],[-93.24609,44.92502],[-93.24619,44.92349],[-93.24538,44.92347],[-93.2454,44.92585],[-93.24237,44.92584],[-93.24242,44.92507],[-93.24242,44.92501],[-93.23348,44.9251],[-93.23347,44.92515],[-93.2315,44.92518],[-93.23155,44.92324],[-93.23213,44.92322],[-93.23206,44.91849],[-93.23127,44.91801],[-93.23037,44.91791],[-93.22949,44.91818],[-93.22866,44.91897],[-93.22808,44.91933],[-93.22725,44.91931],[-93.2261,44.91908],[-93.22594,44.91879],[-93.22571,44.91839],[-93.22557,44.91819],[-93.22592,44.91798],[-93.22587,44.91776],[-93.22554,44.91747],[-93.22562,44.91676],[-93.22557,44.91656],[-93.21545,44.91655],[-93.21733,44.91845],[-93.21848,44.91966],[-93.21895,44.92027],[-93.21969,44.92156],[-93.22062,44.92268],[-93.22148,44.92388],[-93.22227,44.92508],[-93.22228,44.92509]],[[-93.25805,44.93966],[-93.25808,44.94052],[-93.2598,44.94053],[-93.25983,44.94552],[-93.25928,44.94553],[-93.25928,44.94557],[-93.25507,44.94556],[-93.25514,44.94195],[-93.2539,44.94198],[-93.25377,44.93964],[-93.25805,44.93966]],[[-93.26241,44.91982],[-93.26234,44.92322],[-93.25507,44.92325],[-93.25515,44.9198],[-93.26241,44.91982]]]]},"properties":{"id":"redlining-mn-minneapolis-9167","layer":"redlining","name":"Minneapolis — HOLC area B16 (grade B)","county":"Hennepin County","state":"MN","countyFips":"27053","confidence":"confirmed","sourceDate":"1930s","attributes":{"grade":"B","gradeMeaning":"Graded \"Still Desirable\" — expected to hold value, but nearing the end of its most desirable period.","category":"Still Desirable","city":"Minneapolis","holcId":"B16","areaId":9167,"residential":true,"holcFill":"#7cb5bd","cityScan":"https://dsl.richmond.edu/panorama/redlining/map/MN/Minneapolis"}}},{"type":"Feature","geometry":{"type":"MultiPolygon","coordinates":[[[[-93.25125,44.91261],[-93.25229,44.91263],[-93.25228,44.91253],[-93.25305,44.91254],[-93.25317,44.9079],[-93.25177,44.90787],[-93.25153,44.91232],[-93.25125,44.91252],[-93.25125,44.91261]]]]},"properties":{"id":"redlining-mn-minneapolis-9103","layer":"redlining","name":"Minneapolis — HOLC area B17 (grade B)","county":"Hennepin County","state":"MN","countyFips":"27053","confidence":"confirmed","sourceDate":"1930s","attributes":{"grade":"B","gradeMeaning":"Graded \"Still Desirable\" — expected to hold value, but nearing the end of its most desirable period.","category":"Still Desirable","city":"Minneapolis","holcId":"B17","areaId":9103,"residential":true,"holcFill":"#7cb5bd","cityScan":"https://dsl.richmond.edu/panorama/redlining/map/MN/Minneapolis"}}},{"type":"Feature","geometry":{"type":"MultiPolygon","coordinates":[[[[-93.22557,44.91656],[-93.23094,44.91656],[-93.23098,44.91741],[-93.23228,44.91747],[-93.23228,44.91081],[-93.23348,44.9108],[-93.2335,44.909],[-93.23455,44.909],[-93.23481,44.90723],[-93.23481,44.90354],[-93.2386,44.90372],[-93.23897,44.90357],[-93.23935,44.90266],[-93.24028,44.90178],[-93.24152,44.90181],[-93.24249,44.90132],[-93.24341,44.90098],[-93.24446,44.9009],[-93.24596,44.90083],[-93.2475,44.90084],[-93.24781,44.90084],[-93.24786,44.90084],[-93.24786,44.90083],[-93.2478,44.89795],[-93.23243,44.8981],[-93.23217,44.90534],[-93.20757,44.90546],[-93.20757,44.9053],[-93.19936,44.90542],[-93.19942,44.90547],[-93.20062,44.90647],[-93.20189,44.90695],[-93.203,44.90747],[-93.20433,44.90808],[-93.20541,44.90887],[-93.20669,44.90947],[-93.20847,44.91102],[-93.21036,44.91249],[-93.21172,44.91354],[-93.21263,44.91429],[-93.21354,44.91508],[-93.21449,44.91596],[-93.21532,44.91655],[-93.21542,44.91655],[-93.21545,44.91655],[-93.22557,44.91656]]]]},"properties":{"id":"redlining-mn-minneapolis-9105","layer":"redlining","name":"Minneapolis — HOLC area B18 (grade B)","county":"Hennepin County","state":"MN","countyFips":"27053","confidence":"confirmed","sourceDate":"1930s","attributes":{"grade":"B","gradeMeaning":"Graded \"Still Desirable\" — expected to hold value, but nearing the end of its most desirable period.","category":"Still Desirable","city":"Minneapolis","holcId":"B18","areaId":9105,"residential":true,"holcFill":"#7cb5bd","cityScan":"https://dsl.richmond.edu/panorama/redlining/map/MN/Minneapolis"}}},{"type":"Feature","geometry":{"type":"MultiPolygon","coordinates":[[[[-93.2065,44.93791],[-93.20665,44.93782],[-93.20781,44.93787],[-93.20763,44.94508],[-93.20636,44.94509],[-93.20636,44.9451],[-93.20646,44.94689],[-93.23005,44.94691],[-93.22998,44.94346],[-93.22998,44.94322],[-93.22981,44.94322],[-93.22834,44.94325],[-93.22846,44.9414],[-93.22705,44.94137],[-93.22711,44.93966],[-93.22596,44.93962],[-93.22586,44.93777],[-93.22438,44.93776],[-93.2243,44.93576],[-93.22297,44.93579],[-93.22289,44.9341],[-93.22164,44.9341],[-93.22159,44.93241],[-93.22041,44.93244],[-93.22036,44.9306],[-93.21914,44.93053],[-93.21905,44.92884],[-93.21783,44.92875],[-93.21783,44.92704],[-93.21658,44.92704],[-93.21663,44.92526],[-93.21526,44.92523],[-93.21535,44.92334],[-93.21397,44.92332],[-93.21396,44.92166],[-93.21263,44.92167],[-93.21272,44.91851],[-93.21238,44.918],[-93.21231,44.91802],[-93.20516,44.92023],[-93.20467,44.9214],[-93.20474,44.92212],[-93.20521,44.92306],[-93.20577,44.92339],[-93.2075,44.92342],[-93.20727,44.93337],[-93.20379,44.93344],[-93.20361,44.9343],[-93.204,44.93591],[-93.20626,44.93789],[-93.2065,44.93791]]]]},"properties":{"id":"redlining-mn-minneapolis-9111","layer":"redlining","name":"Minneapolis — HOLC area B19 (grade B)","county":"Hennepin County","state":"MN","countyFips":"27053","confidence":"confirmed","sourceDate":"1930s","attributes":{"grade":"B","gradeMeaning":"Graded \"Still Desirable\" — expected to hold value, but nearing the end of its most desirable period.","category":"Still Desirable","city":"Minneapolis","holcId":"B19","areaId":9111,"residential":true,"holcFill":"#7cb5bd","cityScan":"https://dsl.richmond.edu/panorama/redlining/map/MN/Minneapolis"}}},{"type":"Feature","geometry":{"type":"MultiPolygon","coordinates":[[[[-93.22642,45.01333],[-93.22633,45.01885],[-93.22698,45.01885],[-93.22691,45.02758],[-93.23598,45.02779],[-93.23592,45.03136],[-93.24369,45.03126],[-93.24369,45.0312],[-93.24369,45.0295],[-93.24461,45.02952],[-93.24495,45.02404],[-93.24235,45.02403],[-93.24232,45.01312],[-93.2372,45.01319],[-93.23719,45.00587],[-93.23593,45.00587],[-93.23601,45.00782],[-93.22643,45.00783],[-93.22643,45.00788],[-93.22652,45.01333],[-93.22642,45.01333]],[[-93.22954,45.02212],[-93.22934,45.02045],[-93.22844,45.02047],[-93.2301,45.01861],[-93.23603,45.01872],[-93.23599,45.02348],[-93.23598,45.02363],[-93.235,45.02332],[-93.23419,45.0229],[-93.23329,45.02228],[-93.22954,45.02212]]]]},"properties":{"id":"redlining-mn-minneapolis-9127","layer":"redlining","name":"Minneapolis — HOLC area B2 (grade B)","county":"Hennepin County","state":"MN","countyFips":"27053","confidence":"confirmed","sourceDate":"1930s","attributes":{"grade":"B","gradeMeaning":"Graded \"Still Desirable\" — expected to hold value, but nearing the end of its most desirable period.","category":"Still Desirable","city":"Minneapolis","holcId":"B2","areaId":9127,"residential":true,"holcFill":"#7cb5bd","cityScan":"https://dsl.richmond.edu/panorama/redlining/map/MN/Minneapolis"}}},{"type":"Feature","geometry":{"type":"MultiPolygon","coordinates":[[[[-93.23311,44.9666],[-93.23311,44.96658],[-93.23844,44.96661],[-93.22967,44.96275],[-93.229,44.96283],[-93.22904,44.96107],[-93.22827,44.96103],[-93.22825,44.95931],[-93.22399,44.95927],[-93.22396,44.95564],[-93.21781,44.95561],[-93.21767,44.95369],[-93.21842,44.95338],[-93.21937,44.95324],[-93.22015,44.95323],[-93.22012,44.95191],[-93.21907,44.95188],[-93.21903,44.95022],[-93.22161,44.95024],[-93.22166,44.951],[-93.22988,44.95098],[-93.22988,44.94936],[-93.20762,44.9493],[-93.20762,44.94963],[-93.21411,44.95376],[-93.21329,44.95439],[-93.21447,44.95508],[-93.21456,44.95502],[-93.21617,44.95626],[-93.21964,44.95859],[-93.22596,44.96284],[-93.22593,44.96284],[-93.22658,44.96328],[-93.22803,44.96448],[-93.22971,44.9653],[-93.23305,44.96534],[-93.23304,44.9666],[-93.23311,44.9666]]]]},"properties":{"id":"redlining-mn-minneapolis-9161","layer":"redlining","name":"Minneapolis — HOLC area B20 (grade B)","county":"Hennepin County","state":"MN","countyFips":"27053","confidence":"confirmed","sourceDate":"1930s","attributes":{"grade":"B","gradeMeaning":"Graded \"Still Desirable\" — expected to hold value, but nearing the end of its most desirable period.","category":"Still Desirable","city":"Minneapolis","holcId":"B20","areaId":9161,"residential":true,"holcFill":"#7cb5bd","cityScan":"https://dsl.richmond.edu/panorama/redlining/map/MN/Minneapolis"}}},{"type":"Feature","geometry":{"type":"MultiPolygon","coordinates":[[[[-93.21196,44.95965],[-93.21133,44.96],[-93.21684,44.96391],[-93.21773,44.96386],[-93.21196,44.95965]]],[[[-93.20908,44.96023],[-93.20905,44.96462],[-93.2088,44.96526],[-93.20871,44.96572],[-93.20914,44.96635],[-93.20929,44.96703],[-93.20917,44.96762],[-93.2093,44.9682],[-93.20932,44.96827],[-93.20932,44.96829],[-93.20949,44.96849],[-93.21735,44.97169],[-93.2179,44.97095],[-93.21787,44.97093],[-93.21723,44.97055],[-93.2169,44.97008],[-93.21692,44.96967],[-93.21733,44.96925],[-93.21824,44.96901],[-93.21848,44.96855],[-93.21866,44.96812],[-93.21848,44.96744],[-93.2182,44.96703],[-93.2183,44.96588],[-93.21646,44.96457],[-93.21526,44.96451],[-93.21297,44.96265],[-93.21354,44.96216],[-93.2123,44.9614],[-93.21017,44.96043],[-93.20908,44.96019],[-93.20908,44.96023]]]]},"properties":{"id":"redlining-mn-minneapolis-9108","layer":"redlining","name":"Minneapolis — HOLC area B21 (grade B)","county":"Hennepin County","state":"MN","countyFips":"27053","confidence":"confirmed","sourceDate":"1930s","attributes":{"grade":"B","gradeMeaning":"Graded \"Still Desirable\" — expected to hold value, but nearing the end of its most desirable period.","category":"Still Desirable","city":"Minneapolis","holcId":"B21","areaId":9108,"residential":true,"holcFill":"#7cb5bd","cityScan":"https://dsl.richmond.edu/panorama/redlining/map/MN/Minneapolis"}}},{"type":"Feature","geometry":{"type":"MultiPolygon","coordinates":[[[[-93.22552,44.96805],[-93.22557,44.96805],[-93.22552,44.96802],[-93.22552,44.96805]]],[[[-93.22578,44.96817],[-93.22575,44.97246],[-93.22698,44.97251],[-93.22699,44.97305],[-93.23183,44.97309],[-93.23185,44.97084],[-93.23091,44.97034],[-93.22911,44.96979],[-93.22646,44.96853],[-93.22578,44.96817]]]]},"properties":{"id":"redlining-mn-minneapolis-9134","layer":"redlining","name":"Minneapolis — HOLC area B22 (grade B)","county":"Hennepin County","state":"MN","countyFips":"27053","confidence":"confirmed","sourceDate":"1930s","attributes":{"grade":"B","gradeMeaning":"Graded \"Still Desirable\" — expected to hold value, but nearing the end of its most desirable period.","category":"Still Desirable","city":"Minneapolis","holcId":"B22","areaId":9134,"residential":true,"holcFill":"#7cb5bd","cityScan":"https://dsl.richmond.edu/panorama/redlining/map/MN/Minneapolis"}}},{"type":"Feature","geometry":{"type":"MultiPolygon","coordinates":[[[[-93.30393,45.03859],[-93.31334,45.03861],[-93.31076,45.03675],[-93.31448,45.03674],[-93.3168,45.03681],[-93.31762,45.03671],[-93.31822,45.0363],[-93.31849,45.03591],[-93.31856,45.0356],[-93.3163,45.0356],[-93.31621,45.0276],[-93.31848,45.02757],[-93.31824,45.01054],[-93.31819,45.01054],[-93.31692,45.01057],[-93.31689,45.00977],[-93.3158,45.00969],[-93.31593,45.00423],[-93.31599,45.0016],[-93.31595,45.0016],[-93.31592,45.0016],[-93.31342,45.00157],[-93.31342,45.00248],[-93.31449,45.00247],[-93.31447,45.006],[-93.30951,45.0059],[-93.3096,45.01686],[-93.29302,45.01665],[-93.29309,45.02415],[-93.2983,45.02407],[-93.2983,45.02407],[-93.2981,45.02039],[-93.30196,45.0204],[-93.3019,45.02409],[-93.30336,45.0241],[-93.30336,45.02406],[-93.30331,45.0222],[-93.30976,45.02221],[-93.30974,45.02577],[-93.3083,45.02577],[-93.30823,45.02577],[-93.30824,45.03121],[-93.30178,45.03119],[-93.30084,45.03118],[-93.30091,45.03316],[-93.29582,45.03329],[-93.29587,45.03543],[-93.29588,45.03546],[-93.29589,45.03547],[-93.29671,45.03613],[-93.2977,45.03618],[-93.29772,45.0365],[-93.29902,45.03652],[-93.29904,45.03755],[-93.30393,45.03859]]]]},"properties":{"id":"redlining-mn-minneapolis-9119","layer":"redlining","name":"Minneapolis — HOLC area B3 (grade B)","county":"Hennepin County","state":"MN","countyFips":"27053","confidence":"confirmed","sourceDate":"1930s","attributes":{"grade":"B","gradeMeaning":"Graded \"Still Desirable\" — expected to hold value, but nearing the end of its most desirable period.","category":"Still Desirable","city":"Minneapolis","holcId":"B3","areaId":9119,"residential":true,"holcFill":"#7cb5bd","cityScan":"https://dsl.richmond.edu/panorama/redlining/map/MN/Minneapolis"}}},{"type":"Feature","geometry":{"type":"MultiPolygon","coordinates":[[[[-93.31591,44.99163],[-93.31582,44.99327],[-93.30821,44.99332],[-93.30821,44.99528],[-93.30434,44.99523],[-93.3043,44.99825],[-93.30702,44.99818],[-93.30704,44.99764],[-93.30823,44.99758],[-93.30819,44.99701],[-93.31589,44.99706],[-93.31609,45.00059],[-93.31614,45.00059],[-93.31645,45.00059],[-93.31821,45.00056],[-93.31836,44.99153],[-93.31736,44.99153],[-93.31636,44.99153],[-93.31591,44.99153],[-93.31591,44.99153],[-93.31591,44.99159],[-93.31591,44.99163]]]]},"properties":{"id":"redlining-mn-minneapolis-9122","layer":"redlining","name":"Minneapolis — HOLC area B4 (grade B)","county":"Hennepin County","state":"MN","countyFips":"27053","confidence":"confirmed","sourceDate":"1930s","attributes":{"grade":"B","gradeMeaning":"Graded \"Still Desirable\" — expected to hold value, but nearing the end of its most desirable period.","category":"Still Desirable","city":"Minneapolis","holcId":"B4","areaId":9122,"residential":true,"holcFill":"#7cb5bd","cityScan":"https://dsl.richmond.edu/panorama/redlining/map/MN/Minneapolis"}}},{"type":"Feature","geometry":{"type":"MultiPolygon","coordinates":[[[[-93.30065,44.99622],[-93.30064,44.99524],[-93.29795,44.99523],[-93.29803,44.99802],[-93.30062,44.99804],[-93.30062,44.99808],[-93.30068,44.99808],[-93.30065,44.99622]]]]},"properties":{"id":"redlining-mn-minneapolis-9159","layer":"redlining","name":"Minneapolis — HOLC area B5 (grade B)","county":"Hennepin County","state":"MN","countyFips":"27053","confidence":"confirmed","sourceDate":"1930s","attributes":{"grade":"B","gradeMeaning":"Graded \"Still Desirable\" — expected to hold value, but nearing the end of its most desirable period.","category":"Still Desirable","city":"Minneapolis","holcId":"B5","areaId":9159,"residential":true,"holcFill":"#7cb5bd","cityScan":"https://dsl.richmond.edu/panorama/redlining/map/MN/Minneapolis"}}},{"type":"Feature","geometry":{"type":"MultiPolygon","coordinates":[[[[-93.30704,44.99147],[-93.30715,44.99147],[-93.30812,44.99147],[-93.30821,44.98978],[-93.30897,44.98959],[-93.30891,44.988],[-93.31153,44.98784],[-93.31457,44.98897],[-93.31466,44.98792],[-93.31589,44.9879],[-93.31589,44.98607],[-93.30816,44.98595],[-93.30819,44.98794],[-93.30711,44.98792],[-93.30704,44.99147]]],[[[-93.31353,44.99149],[-93.31352,44.99146],[-93.31344,44.99083],[-93.30942,44.99076],[-93.30948,44.99148],[-93.30949,44.99151],[-93.31353,44.99149]]]]},"properties":{"id":"redlining-mn-minneapolis-9139","layer":"redlining","name":"Minneapolis — HOLC area B6 (grade B)","county":"Hennepin County","state":"MN","countyFips":"27053","confidence":"confirmed","sourceDate":"1930s","attributes":{"grade":"B","gradeMeaning":"Graded \"Still Desirable\" — expected to hold value, but nearing the end of its most desirable period.","category":"Still Desirable","city":"Minneapolis","holcId":"B6","areaId":9139,"residential":true,"holcFill":"#7cb5bd","cityScan":"https://dsl.richmond.edu/panorama/redlining/map/MN/Minneapolis"}}},{"type":"Feature","geometry":{"type":"MultiPolygon","coordinates":[[[[-93.30567,44.97513],[-93.30576,44.97526],[-93.30583,44.97576],[-93.30581,44.97638],[-93.30704,44.97702],[-93.30704,44.97691],[-93.30704,44.97176],[-93.3083,44.97178],[-93.30841,44.97532],[-93.31475,44.97532],[-93.31481,44.97532],[-93.31481,44.97069],[-93.31468,44.9707],[-93.30688,44.97081],[-93.3067,44.97168],[-93.30612,44.97232],[-93.30554,44.97298],[-93.30488,44.97348],[-93.30473,44.9739],[-93.30495,44.9743],[-93.30542,44.97479],[-93.30567,44.97513]]]]},"properties":{"id":"redlining-mn-minneapolis-9141","layer":"redlining","name":"Minneapolis — HOLC area B7 (grade B)","county":"Hennepin County","state":"MN","countyFips":"27053","confidence":"confirmed","sourceDate":"1930s","attributes":{"grade":"B","gradeMeaning":"Graded \"Still Desirable\" — expected to hold value, but nearing the end of its most desirable period.","category":"Still Desirable","city":"Minneapolis","holcId":"B7","areaId":9141,"residential":true,"holcFill":"#7cb5bd","cityScan":"https://dsl.richmond.edu/panorama/redlining/map/MN/Minneapolis"}}},{"type":"Feature","geometry":{"type":"MultiPolygon","coordinates":[[[[-93.32368,44.96635],[-93.32414,44.96556],[-93.32497,44.96521],[-93.32611,44.96521],[-93.32688,44.96499],[-93.32753,44.96464],[-93.32865,44.96405],[-93.32858,44.95995],[-93.32784,44.95976],[-93.32746,44.95936],[-93.32688,44.95936],[-93.32685,44.95955],[-93.32659,44.96008],[-93.32571,44.96041],[-93.32499,44.96063],[-93.3245,44.96109],[-93.32436,44.9619],[-93.32405,44.96281],[-93.32353,44.96348],[-93.3234,44.96419],[-93.32353,44.96469],[-93.32382,44.96513],[-93.32375,44.96532],[-93.32339,44.96642],[-93.32368,44.96635]]]]},"properties":{"id":"redlining-mn-minneapolis-9144","layer":"redlining","name":"Minneapolis — HOLC area B8 (grade B)","county":"Hennepin County","state":"MN","countyFips":"27053","confidence":"confirmed","sourceDate":"1930s","attributes":{"grade":"B","gradeMeaning":"Graded \"Still Desirable\" — expected to hold value, but nearing the end of its most desirable period.","category":"Still Desirable","city":"Minneapolis","holcId":"B8","areaId":9144,"residential":true,"holcFill":"#7cb5bd","cityScan":"https://dsl.richmond.edu/panorama/redlining/map/MN/Minneapolis"}}},{"type":"Feature","geometry":{"type":"MultiPolygon","coordinates":[[[[-93.30478,44.96],[-93.30467,44.96007],[-93.3048,44.96079],[-93.30506,44.96147],[-93.30519,44.9621],[-93.30514,44.96306],[-93.30828,44.96304],[-93.30876,44.96345],[-93.30908,44.96466],[-93.30892,44.96604],[-93.30948,44.96565],[-93.31023,44.96548],[-93.31164,44.96467],[-93.31271,44.96435],[-93.31349,44.96377],[-93.31387,44.9629],[-93.315,44.96296],[-93.31503,44.96128],[-93.31455,44.96115],[-93.31404,44.96081],[-93.31388,44.96059],[-93.3151,44.95685],[-93.31651,44.95577],[-93.31562,44.95568],[-93.31475,44.95644],[-93.31393,44.95733],[-93.31388,44.95782],[-93.31319,44.95843],[-93.31296,44.95917],[-93.3116,44.9593],[-93.31102,44.96022],[-93.31025,44.96057],[-93.30897,44.96013],[-93.30685,44.95995],[-93.30478,44.96001],[-93.30478,44.96]]],[[[-93.28874,44.96628],[-93.30204,44.96646],[-93.30193,44.96447],[-93.29951,44.96447],[-93.29946,44.9629],[-93.29994,44.96088],[-93.29996,44.95589],[-93.30126,44.95269],[-93.30001,44.9524],[-93.3,44.95242],[-93.29852,44.95552],[-93.29701,44.9555],[-93.28919,44.96527],[-93.28919,44.96527],[-93.28874,44.96628]]],[[[-93.28754,44.96892],[-93.28704,44.97005],[-93.29536,44.97004],[-93.29573,44.9697],[-93.29651,44.96936],[-93.2971,44.96917],[-93.29798,44.96906],[-93.29862,44.96914],[-93.2999,44.9693],[-93.3007,44.96916],[-93.30194,44.96914],[-93.30286,44.96902],[-93.30388,44.96883],[-93.3045,44.96856],[-93.30524,44.96827],[-93.30574,44.96793],[-93.30693,44.96673],[-93.30476,44.96656],[-93.30478,44.96786],[-93.30367,44.96813],[-93.29914,44.96796],[-93.2992,44.96838],[-93.29962,44.96868],[-93.29951,44.96894],[-93.29786,44.96865],[-93.29655,44.96871],[-93.29565,44.96896],[-93.29483,44.96961],[-93.29437,44.96957],[-93.29374,44.96954],[-93.29206,44.96951],[-93.29111,44.96951],[-93.29068,44.96936],[-93.29048,44.96879],[-93.29042,44.96811],[-93.28987,44.96763],[-93.28909,44.96714],[-93.28834,44.96719],[-93.28757,44.96892],[-93.28754,44.96892]]]]},"properties":{"id":"redlining-mn-minneapolis-9157","layer":"redlining","name":"Minneapolis — HOLC area B9 (grade B)","county":"Hennepin County","state":"MN","countyFips":"27053","confidence":"confirmed","sourceDate":"1930s","attributes":{"grade":"B","gradeMeaning":"Graded \"Still Desirable\" — expected to hold value, but nearing the end of its most desirable period.","category":"Still Desirable","city":"Minneapolis","holcId":"B9","areaId":9157,"residential":true,"holcFill":"#7cb5bd","cityScan":"https://dsl.richmond.edu/panorama/redlining/map/MN/Minneapolis"}}},{"type":"Feature","geometry":{"type":"MultiPolygon","coordinates":[[[[-93.30393,45.03859],[-93.30388,45.03859],[-93.31136,45.04037],[-93.31593,45.04041],[-93.31342,45.03861],[-93.31334,45.03861],[-93.30393,45.03859]]]]},"properties":{"id":"redlining-mn-minneapolis-9117","layer":"redlining","name":"Minneapolis — HOLC area C1 (grade C)","county":"Hennepin County","state":"MN","countyFips":"27053","confidence":"confirmed","sourceDate":"1930s","attributes":{"grade":"C","gradeMeaning":"Graded \"Definitely Declining\" — described as an area of \"infiltration of a lower grade population\", language HOLC applied to the arrival of Black, Jewish and immigrant residents.","category":"Definitely Declining","city":"Minneapolis","holcId":"C1","areaId":9117,"residential":true,"holcFill":"#ffff00","cityScan":"https://dsl.richmond.edu/panorama/redlining/map/MN/Minneapolis"}}},{"type":"Feature","geometry":{"type":"MultiPolygon","coordinates":[[[[-93.24369,45.0312],[-93.24618,45.03123],[-93.24618,45.03121],[-93.24616,45.02413],[-93.24616,45.0241],[-93.24616,45.02401],[-93.24603,45.02035],[-93.24555,45.02032],[-93.2457,45.0158],[-93.25539,45.01582],[-93.2554,45.01499],[-93.25656,45.01495],[-93.25664,45.01495],[-93.25664,45.01487],[-93.2567,45.01216],[-93.25559,45.01214],[-93.25562,45.01103],[-93.25434,45.011],[-93.25431,45.01],[-93.25355,45.00996],[-93.25365,45.00754],[-93.25358,45.00753],[-93.25224,45.00749],[-93.25227,45.00802],[-93.24729,45.00787],[-93.2474,45.00455],[-93.24236,45.00458],[-93.24227,45.00403],[-93.23978,45.00408],[-93.23983,45.00331],[-93.23731,45.00335],[-93.2372,45.00044],[-93.23601,45.00041],[-93.23601,44.99885],[-93.23601,44.9988],[-93.23428,44.99882],[-93.23419,44.99891],[-93.22641,45.00631],[-93.22643,45.00783],[-93.23601,45.00782],[-93.23593,45.00587],[-93.23719,45.00587],[-93.2372,45.01319],[-93.24232,45.01312],[-93.24235,45.02403],[-93.24495,45.02404],[-93.24461,45.02952],[-93.24369,45.0295],[-93.24369,45.0312]]]]},"properties":{"id":"redlining-mn-minneapolis-9129","layer":"redlining","name":"Minneapolis — HOLC area C10 (grade C)","county":"Hennepin County","state":"MN","countyFips":"27053","confidence":"confirmed","sourceDate":"1930s","attributes":{"grade":"C","gradeMeaning":"Graded \"Definitely Declining\" — described as an area of \"infiltration of a lower grade population\", language HOLC applied to the arrival of Black, Jewish and immigrant residents.","category":"Definitely Declining","city":"Minneapolis","holcId":"C10","areaId":9129,"residential":true,"holcFill":"#ffff00","cityScan":"https://dsl.richmond.edu/panorama/redlining/map/MN/Minneapolis"}}},{"type":"Feature","geometry":{"type":"MultiPolygon","coordinates":[[[[-93.25361,45.00649],[-93.25492,45.00648],[-93.25495,45.00746],[-93.25553,45.00748],[-93.25551,45.0086],[-93.25676,45.00863],[-93.25681,45.01101],[-93.25796,45.011],[-93.25794,45.01215],[-93.26464,45.01215],[-93.26458,45.00095],[-93.26329,45.00092],[-93.26324,44.99876],[-93.26733,44.99881],[-93.26213,44.99137],[-93.26073,44.99174],[-93.25985,44.99063],[-93.25717,44.99145],[-93.25715,44.99142],[-93.25544,44.99203],[-93.25229,44.9932],[-93.25236,44.9932],[-93.25618,44.99313],[-93.25754,44.99491],[-93.25747,44.99871],[-93.25144,44.99869],[-93.25139,45.00301],[-93.25234,45.00298],[-93.2523,45.00518],[-93.2523,45.0052],[-93.25362,45.0052],[-93.25361,45.00649]]]]},"properties":{"id":"redlining-mn-minneapolis-9164","layer":"redlining","name":"Minneapolis — HOLC area C11 (grade C)","county":"Hennepin County","state":"MN","countyFips":"27053","confidence":"confirmed","sourceDate":"1930s","attributes":{"grade":"C","gradeMeaning":"Graded \"Definitely Declining\" — described as an area of \"infiltration of a lower grade population\", language HOLC applied to the arrival of Black, Jewish and immigrant residents.","category":"Definitely Declining","city":"Minneapolis","holcId":"C11","areaId":9164,"residential":true,"holcFill":"#ffff00","cityScan":"https://dsl.richmond.edu/panorama/redlining/map/MN/Minneapolis"}}},{"type":"Feature","geometry":{"type":"MultiPolygon","coordinates":[[[[-93.2528,44.98463],[-93.24149,44.9802],[-93.24072,44.98121],[-93.23513,44.97896],[-93.23511,44.97898],[-93.23084,44.98477],[-93.22875,44.98431],[-93.22867,44.98431],[-93.21795,44.9845],[-93.2128,44.98477],[-93.21278,44.99151],[-93.20754,44.99148],[-93.20746,44.99875],[-93.21796,44.99885],[-93.21782,44.99168],[-93.22691,44.99158],[-93.23207,44.9949],[-93.23196,44.9988],[-93.23419,44.99891],[-93.23428,44.99882],[-93.23601,44.9988],[-93.23601,44.99885],[-93.23718,44.99882],[-93.23717,44.99726],[-93.23713,44.99316],[-93.23711,44.99142],[-93.23709,44.99142],[-93.23465,44.99143],[-93.23461,44.98962],[-93.23714,44.98961],[-93.23715,44.98961],[-93.23716,44.9877],[-93.23776,44.98793],[-93.24288,44.98986],[-93.2446,44.9878],[-93.24618,44.98842],[-93.24765,44.98671],[-93.25049,44.9877],[-93.25299,44.98471],[-93.2528,44.98463]]]]},"properties":{"id":"redlining-mn-minneapolis-9132","layer":"redlining","name":"Minneapolis — HOLC area C12 (grade C)","county":"Hennepin County","state":"MN","countyFips":"27053","confidence":"confirmed","sourceDate":"1930s","attributes":{"grade":"C","gradeMeaning":"Graded \"Definitely Declining\" — described as an area of \"infiltration of a lower grade population\", language HOLC applied to the arrival of Black, Jewish and immigrant residents.","category":"Definitely Declining","city":"Minneapolis","holcId":"C12","areaId":9132,"residential":true,"holcFill":"#ffff00","cityScan":"https://dsl.richmond.edu/panorama/redlining/map/MN/Minneapolis"}}},{"type":"Feature","geometry":{"type":"MultiPolygon","coordinates":[[[[-93.22433,44.97471],[-93.22433,44.97472],[-93.22433,44.97472],[-93.22682,44.97483],[-93.22684,44.97573],[-93.22686,44.97699],[-93.23279,44.97939],[-93.23367,44.97838],[-93.23369,44.97835],[-93.23245,44.97785],[-93.22724,44.9758],[-93.22721,44.97476],[-93.23201,44.97479],[-93.23191,44.97309],[-93.23183,44.97309],[-93.22699,44.97305],[-93.22698,44.97251],[-93.22575,44.97246],[-93.22578,44.96817],[-93.22578,44.96806],[-93.22557,44.96805],[-93.22552,44.96805],[-93.22438,44.96799],[-93.22445,44.96695],[-93.22147,44.96496],[-93.22073,44.96471],[-93.22078,44.96802],[-93.22282,44.9681],[-93.22291,44.9703],[-93.22419,44.97036],[-93.22433,44.97471]]]]},"properties":{"id":"redlining-mn-minneapolis-9133","layer":"redlining","name":"Minneapolis — HOLC area C13 (grade C)","county":"Hennepin County","state":"MN","countyFips":"27053","confidence":"confirmed","sourceDate":"1930s","attributes":{"grade":"C","gradeMeaning":"Graded \"Definitely Declining\" — described as an area of \"infiltration of a lower grade population\", language HOLC applied to the arrival of Black, Jewish and immigrant residents.","category":"Definitely Declining","city":"Minneapolis","holcId":"C13","areaId":9133,"residential":true,"holcFill":"#ffff00","cityScan":"https://dsl.richmond.edu/panorama/redlining/map/MN/Minneapolis"}}},{"type":"Feature","geometry":{"type":"MultiPolygon","coordinates":[[[[-93.20908,44.96023],[-93.20769,44.9598],[-93.20764,44.96769],[-93.20864,44.96803],[-93.20932,44.96827],[-93.2093,44.9682],[-93.20917,44.96762],[-93.20929,44.96703],[-93.20914,44.96635],[-93.20871,44.96572],[-93.2088,44.96526],[-93.20905,44.96462],[-93.20908,44.96023]]]]},"properties":{"id":"redlining-mn-minneapolis-9109","layer":"redlining","name":"Minneapolis — HOLC area C14 (grade C)","county":"Hennepin County","state":"MN","countyFips":"27053","confidence":"confirmed","sourceDate":"1930s","attributes":{"grade":"C","gradeMeaning":"Graded \"Definitely Declining\" — described as an area of \"infiltration of a lower grade population\", language HOLC applied to the arrival of Black, Jewish and immigrant residents.","category":"Definitely Declining","city":"Minneapolis","holcId":"C14","areaId":9109,"residential":true,"holcFill":"#ffff00","cityScan":"https://dsl.richmond.edu/panorama/redlining/map/MN/Minneapolis"}}},{"type":"Feature","geometry":{"type":"MultiPolygon","coordinates":[[[[-93.23311,44.9666],[-93.23309,44.96732],[-93.23915,44.96791],[-93.23921,44.96792],[-93.23909,44.96689],[-93.24737,44.9703],[-93.2474,44.96528],[-93.24579,44.96527],[-93.2459,44.96285],[-93.2459,44.96284],[-93.24585,44.96284],[-93.23937,44.96287],[-93.23934,44.96104],[-93.22985,44.96094],[-93.22985,44.95913],[-93.22533,44.95913],[-93.22543,44.9573],[-93.227,44.95735],[-93.2271,44.95561],[-93.22419,44.95558],[-93.22411,44.95402],[-93.21796,44.95395],[-93.21791,44.9537],[-93.21848,44.95349],[-93.21945,44.95333],[-93.22069,44.95332],[-93.22998,44.95353],[-93.22998,44.95279],[-93.23306,44.9528],[-93.23306,44.9536],[-93.23462,44.95362],[-93.23469,44.95362],[-93.23471,44.9484],[-93.23208,44.94476],[-93.23167,44.94475],[-93.22899,44.94118],[-93.22123,44.93065],[-93.22382,44.93065],[-93.22281,44.92882],[-93.22361,44.92886],[-93.22259,44.92711],[-93.21747,44.91988],[-93.21571,44.91842],[-93.21441,44.91719],[-93.21234,44.91795],[-93.21238,44.918],[-93.21272,44.91851],[-93.21263,44.92167],[-93.21396,44.92166],[-93.21397,44.92332],[-93.21535,44.92334],[-93.21526,44.92523],[-93.21663,44.92526],[-93.21658,44.92704],[-93.21783,44.92704],[-93.21783,44.92875],[-93.21905,44.92884],[-93.21914,44.93053],[-93.22036,44.9306],[-93.22041,44.93244],[-93.22159,44.93241],[-93.22164,44.9341],[-93.22289,44.9341],[-93.22297,44.93579],[-93.2243,44.93576],[-93.22438,44.93776],[-93.22586,44.93777],[-93.22596,44.93962],[-93.22711,44.93966],[-93.22705,44.94137],[-93.22846,44.9414],[-93.22834,44.94325],[-93.22981,44.94322],[-93.22998,44.94322],[-93.22998,44.94346],[-93.23005,44.94691],[-93.20646,44.94689],[-93.20541,44.94689],[-93.20539,44.94821],[-93.20582,44.94846],[-93.20746,44.94851],[-93.20754,44.9493],[-93.20762,44.9493],[-93.22988,44.94936],[-93.22988,44.95098],[-93.22166,44.951],[-93.22161,44.95024],[-93.21903,44.95022],[-93.21907,44.95188],[-93.22012,44.95191],[-93.22015,44.95323],[-93.21937,44.95324],[-93.21842,44.95338],[-93.21767,44.95369],[-93.21781,44.95561],[-93.22396,44.95564],[-93.22399,44.95927],[-93.22825,44.95931],[-93.22827,44.96103],[-93.22904,44.96107],[-93.229,44.96283],[-93.22967,44.96275],[-93.23844,44.96661],[-93.23311,44.96658],[-93.23311,44.9666]]]]},"properties":{"id":"redlining-mn-minneapolis-9107","layer":"redlining","name":"Minneapolis — HOLC area C15 (grade C)","county":"Hennepin County","state":"MN","countyFips":"27053","confidence":"confirmed","sourceDate":"1930s","attributes":{"grade":"C","gradeMeaning":"Graded \"Definitely Declining\" — described as an area of \"infiltration of a lower grade population\", language HOLC applied to the arrival of Black, Jewish and immigrant residents.","category":"Definitely Declining","city":"Minneapolis","holcId":"C15","areaId":9107,"residential":true,"holcFill":"#ffff00","cityScan":"https://dsl.richmond.edu/panorama/redlining/map/MN/Minneapolis"}}},{"type":"Feature","geometry":{"type":"MultiPolygon","coordinates":[[[[-93.24615,44.95904],[-93.24616,44.95906],[-93.24883,44.95908],[-93.24872,44.9609],[-93.24764,44.96087],[-93.24761,44.9624],[-93.2476,44.96283],[-93.2476,44.96286],[-93.26955,44.96278],[-93.26955,44.96273],[-93.26955,44.96253],[-93.26957,44.952],[-93.26833,44.95201],[-93.26833,44.94848],[-93.26827,44.94847],[-93.26776,44.94844],[-93.2677,44.94844],[-93.2677,44.94756],[-93.24992,44.9475],[-93.24981,44.94661],[-93.2475,44.94661],[-93.23894,44.94662],[-93.23886,44.94482],[-93.23716,44.94481],[-93.23712,44.94477],[-93.23702,44.94304],[-93.23588,44.94302],[-93.23579,44.94143],[-93.23451,44.94139],[-93.23453,44.93964],[-93.23329,44.93962],[-93.23327,44.93782],[-93.23213,44.93781],[-93.23196,44.93598],[-93.23084,44.93604],[-93.2308,44.9342],[-93.22958,44.9342],[-93.2296,44.9324],[-93.22828,44.93238],[-93.2283,44.93053],[-93.22689,44.9305],[-93.22688,44.92869],[-93.22552,44.92867],[-93.22551,44.92843],[-93.22546,44.927],[-93.22415,44.92688],[-93.22417,44.92519],[-93.22228,44.92509],[-93.22352,44.92696],[-93.22331,44.92697],[-93.22412,44.92794],[-93.23821,44.94831],[-93.24733,44.94839],[-93.24757,44.95056],[-93.24644,44.95087],[-93.24586,44.95105],[-93.24538,44.95123],[-93.24495,44.95153],[-93.2445,44.95202],[-93.24544,44.95197],[-93.24551,44.95564],[-93.24362,44.95559],[-93.24615,44.95904]]]]},"properties":{"id":"redlining-mn-minneapolis-9112","layer":"redlining","name":"Minneapolis — HOLC area C16 (grade C)","county":"Hennepin County","state":"MN","countyFips":"27053","confidence":"confirmed","sourceDate":"1930s","attributes":{"grade":"C","gradeMeaning":"Graded \"Definitely Declining\" — described as an area of \"infiltration of a lower grade population\", language HOLC applied to the arrival of Black, Jewish and immigrant residents.","category":"Definitely Declining","city":"Minneapolis","holcId":"C16","areaId":9112,"residential":true,"holcFill":"#ffff00","cityScan":"https://dsl.richmond.edu/panorama/redlining/map/MN/Minneapolis"}}},{"type":"Feature","geometry":{"type":"MultiPolygon","coordinates":[[[[-93.20757,44.9053],[-93.20757,44.90546],[-93.23217,44.90534],[-93.23243,44.8981],[-93.23243,44.89805],[-93.20775,44.8979],[-93.20757,44.9053]]]]},"properties":{"id":"redlining-mn-minneapolis-9104","layer":"redlining","name":"Minneapolis — HOLC area C17 (grade C)","county":"Hennepin County","state":"MN","countyFips":"27053","confidence":"confirmed","sourceDate":"1930s","attributes":{"grade":"C","gradeMeaning":"Graded \"Definitely Declining\" — described as an area of \"infiltration of a lower grade population\", language HOLC applied to the arrival of Black, Jewish and immigrant residents.","category":"Definitely Declining","city":"Minneapolis","holcId":"C17","areaId":9104,"residential":true,"holcFill":"#ffff00","cityScan":"https://dsl.richmond.edu/panorama/redlining/map/MN/Minneapolis"}}},{"type":"Feature","geometry":{"type":"MultiPolygon","coordinates":[[[[-93.32887,44.92161],[-93.31891,44.92154],[-93.31894,44.92329],[-93.32278,44.9233],[-93.32529,44.92289],[-93.32526,44.92336],[-93.32887,44.9236],[-93.32887,44.92161]]]]},"properties":{"id":"redlining-mn-minneapolis-9099","layer":"redlining","name":"Minneapolis — HOLC area C18 (grade C)","county":"Hennepin County","state":"MN","countyFips":"27053","confidence":"confirmed","sourceDate":"1930s","attributes":{"grade":"C","gradeMeaning":"Graded \"Definitely Declining\" — described as an area of \"infiltration of a lower grade population\", language HOLC applied to the arrival of Black, Jewish and immigrant residents.","category":"Definitely Declining","city":"Minneapolis","holcId":"C18","areaId":9099,"residential":true,"holcFill":"#ffff00","cityScan":"https://dsl.richmond.edu/panorama/redlining/map/MN/Minneapolis"}}},{"type":"Feature","geometry":{"type":"MultiPolygon","coordinates":[[[[-93.2978,44.93764],[-93.29772,44.94127],[-93.29856,44.94126],[-93.29859,44.93953],[-93.29951,44.93955],[-93.2996,44.93769],[-93.2996,44.93764],[-93.2978,44.9376],[-93.2978,44.93764]]]]},"properties":{"id":"redlining-mn-minneapolis-9151","layer":"redlining","name":"Minneapolis — HOLC area C18a (grade C)","county":"Hennepin County","state":"MN","countyFips":"27053","confidence":"confirmed","sourceDate":"1930s","attributes":{"grade":"C","gradeMeaning":"Graded \"Definitely Declining\" — described as an area of \"infiltration of a lower grade population\", language HOLC applied to the arrival of Black, Jewish and immigrant residents.","category":"Definitely Declining","city":"Minneapolis","holcId":"C18a","areaId":9151,"residential":true,"holcFill":"#ffff00","cityScan":"https://dsl.richmond.edu/panorama/redlining/map/MN/Minneapolis"}}},{"type":"Feature","geometry":{"type":"MultiPolygon","coordinates":[[[[-93.2796,44.9318],[-93.27959,44.93053],[-93.278,44.93053],[-93.2781,44.93227],[-93.27961,44.93224],[-93.2796,44.9318]]]]},"properties":{"id":"redlining-mn-minneapolis-9153","layer":"redlining","name":"Minneapolis — HOLC area C19 (grade C)","county":"Hennepin County","state":"MN","countyFips":"27053","confidence":"confirmed","sourceDate":"1930s","attributes":{"grade":"C","gradeMeaning":"Graded \"Definitely Declining\" — described as an area of \"infiltration of a lower grade population\", language HOLC applied to the arrival of Black, Jewish and immigrant residents.","category":"Definitely Declining","city":"Minneapolis","holcId":"C19","areaId":9153,"residential":true,"holcFill":"#ffff00","cityScan":"https://dsl.richmond.edu/panorama/redlining/map/MN/Minneapolis"}}},{"type":"Feature","geometry":{"type":"MultiPolygon","coordinates":[[[[-93.30336,45.02406],[-93.30828,45.02415],[-93.3083,45.02577],[-93.30974,45.02577],[-93.30976,45.02221],[-93.30331,45.0222],[-93.30336,45.02406]]]]},"properties":{"id":"redlining-mn-minneapolis-9120","layer":"redlining","name":"Minneapolis — HOLC area C2 (grade C)","county":"Hennepin County","state":"MN","countyFips":"27053","confidence":"confirmed","sourceDate":"1930s","attributes":{"grade":"C","gradeMeaning":"Graded \"Definitely Declining\" — described as an area of \"infiltration of a lower grade population\", language HOLC applied to the arrival of Black, Jewish and immigrant residents.","category":"Definitely Declining","city":"Minneapolis","holcId":"C2","areaId":9120,"residential":true,"holcFill":"#ffff00","cityScan":"https://dsl.richmond.edu/panorama/redlining/map/MN/Minneapolis"}}},{"type":"Feature","geometry":{"type":"MultiPolygon","coordinates":[[[[-93.28345,45.02518],[-93.2849,45.02754],[-93.28548,45.02856],[-93.2865,45.02976],[-93.2882,45.03166],[-93.28852,45.03211],[-93.29032,45.03306],[-93.2927,45.03427],[-93.29497,45.03543],[-93.29587,45.03543],[-93.29582,45.03329],[-93.30091,45.03316],[-93.30084,45.03118],[-93.30178,45.03119],[-93.30175,45.02945],[-93.29857,45.02937],[-93.29838,45.02409],[-93.2983,45.02407],[-93.29309,45.02415],[-93.29302,45.01665],[-93.3096,45.01686],[-93.30951,45.0059],[-93.31447,45.006],[-93.31449,45.00247],[-93.31342,45.00248],[-93.31342,45.00157],[-93.31592,45.0016],[-93.31598,45.00059],[-93.31609,45.00059],[-93.31589,44.99706],[-93.30819,44.99701],[-93.30823,44.99758],[-93.30704,44.99764],[-93.30702,44.99818],[-93.3043,44.99825],[-93.30427,44.99864],[-93.30084,44.99864],[-93.30077,44.99524],[-93.30434,44.99523],[-93.30821,44.99528],[-93.30821,44.99332],[-93.31582,44.99327],[-93.31591,44.99163],[-93.31353,44.99154],[-93.31353,44.99149],[-93.30949,44.99151],[-93.30949,44.99154],[-93.30824,44.99156],[-93.30823,44.99308],[-93.29098,44.99308],[-93.29107,44.9991],[-93.28321,44.99915],[-93.28323,45.00592],[-93.28343,45.00595],[-93.2835,45.01357],[-93.28352,45.02412],[-93.28346,45.02511],[-93.28345,45.02518]],[[-93.30065,44.99622],[-93.30068,44.99808],[-93.30062,44.99808],[-93.30062,44.99804],[-93.29803,44.99802],[-93.29795,44.99523],[-93.30064,44.99524],[-93.30065,44.99622]]]]},"properties":{"id":"redlining-mn-minneapolis-9158","layer":"redlining","name":"Minneapolis — HOLC area C3 (grade C)","county":"Hennepin County","state":"MN","countyFips":"27053","confidence":"confirmed","sourceDate":"1930s","attributes":{"grade":"C","gradeMeaning":"Graded \"Definitely Declining\" — described as an area of \"infiltration of a lower grade population\", language HOLC applied to the arrival of Black, Jewish and immigrant residents.","category":"Definitely Declining","city":"Minneapolis","holcId":"C3","areaId":9158,"residential":true,"holcFill":"#ffff00","cityScan":"https://dsl.richmond.edu/panorama/redlining/map/MN/Minneapolis"}}},{"type":"Feature","geometry":{"type":"MultiPolygon","coordinates":[[[[-93.2982,44.99145],[-93.30704,44.99147],[-93.30711,44.98792],[-93.30819,44.98794],[-93.30816,44.98595],[-93.31589,44.98607],[-93.31589,44.98603],[-93.31597,44.98603],[-93.31592,44.98421],[-93.31336,44.98419],[-93.31336,44.9829],[-93.31234,44.98287],[-93.31231,44.98246],[-93.31169,44.98247],[-93.31171,44.9808],[-93.31372,44.98077],[-93.31227,44.97945],[-93.31033,44.98011],[-93.31034,44.97842],[-93.30529,44.97852],[-93.30524,44.97782],[-93.30457,44.97782],[-93.30455,44.97717],[-93.2982,44.97705],[-93.29812,44.98072],[-93.29817,44.98072],[-93.29837,44.98417],[-93.30324,44.98423],[-93.30324,44.98603],[-93.30178,44.98627],[-93.2983,44.9862],[-93.29821,44.99145],[-93.2982,44.99145]]]]},"properties":{"id":"redlining-mn-minneapolis-9140","layer":"redlining","name":"Minneapolis — HOLC area C4 (grade C)","county":"Hennepin County","state":"MN","countyFips":"27053","confidence":"confirmed","sourceDate":"1930s","attributes":{"grade":"C","gradeMeaning":"Graded \"Definitely Declining\" — described as an area of \"infiltration of a lower grade population\", language HOLC applied to the arrival of Black, Jewish and immigrant residents.","category":"Definitely Declining","city":"Minneapolis","holcId":"C4","areaId":9140,"residential":true,"holcFill":"#ffff00","cityScan":"https://dsl.richmond.edu/panorama/redlining/map/MN/Minneapolis"}}},{"type":"Feature","geometry":{"type":"MultiPolygon","coordinates":[[[[-93.31012,44.96994],[-93.30697,44.96992],[-93.30659,44.97128],[-93.30578,44.97155],[-93.30484,44.97198],[-93.30417,44.97262],[-93.30351,44.9733],[-93.30293,44.97403],[-93.30275,44.97451],[-93.303,44.97495],[-93.30376,44.97543],[-93.30446,44.97561],[-93.30567,44.97513],[-93.30542,44.97479],[-93.30495,44.9743],[-93.30473,44.9739],[-93.30488,44.97348],[-93.30554,44.97298],[-93.30612,44.97232],[-93.3067,44.97168],[-93.30688,44.97081],[-93.31468,44.9707],[-93.31488,44.97005],[-93.3149,44.96998],[-93.31012,44.96994]]],[[[-93.30704,44.97691],[-93.30807,44.97732],[-93.31475,44.97724],[-93.31475,44.97532],[-93.30841,44.97532],[-93.3083,44.97178],[-93.30704,44.97176],[-93.30704,44.97691]]]]},"properties":{"id":"redlining-mn-minneapolis-9142","layer":"redlining","name":"Minneapolis — HOLC area C5 (grade C)","county":"Hennepin County","state":"MN","countyFips":"27053","confidence":"confirmed","sourceDate":"1930s","attributes":{"grade":"C","gradeMeaning":"Graded \"Definitely Declining\" — described as an area of \"infiltration of a lower grade population\", language HOLC applied to the arrival of Black, Jewish and immigrant residents.","category":"Definitely Declining","city":"Minneapolis","holcId":"C5","areaId":9142,"residential":true,"holcFill":"#ffff00","cityScan":"https://dsl.richmond.edu/panorama/redlining/map/MN/Minneapolis"}}},{"type":"Feature","geometry":{"type":"MultiPolygon","coordinates":[[[[-93.2893,44.94665],[-93.28677,44.94658],[-93.28682,44.94732],[-93.28934,44.94729],[-93.28935,44.94665],[-93.2893,44.94665]]],[[[-93.27081,44.96272],[-93.27136,44.96273],[-93.27148,44.96725],[-93.27789,44.9673],[-93.27783,44.9697],[-93.27783,44.96973],[-93.27782,44.97036],[-93.27565,44.97302],[-93.27818,44.97405],[-93.27897,44.97481],[-93.28127,44.9738],[-93.28388,44.97266],[-93.28383,44.97261],[-93.28185,44.97021],[-93.28196,44.96775],[-93.28196,44.96761],[-93.2808,44.96763],[-93.28077,44.96626],[-93.27936,44.9663],[-93.27935,44.96413],[-93.28065,44.96413],[-93.2807,44.96274],[-93.27812,44.96276],[-93.2781,44.9555],[-93.28121,44.95552],[-93.28116,44.95377],[-93.28684,44.95381],[-93.28685,44.95189],[-93.28823,44.95189],[-93.28788,44.96267],[-93.28865,44.96267],[-93.28859,44.96525],[-93.28916,44.96527],[-93.28919,44.96527],[-93.28919,44.96527],[-93.29701,44.9555],[-93.29852,44.95552],[-93.3,44.95242],[-93.30001,44.9524],[-93.3,44.95239],[-93.29829,44.95199],[-93.29837,44.94988],[-93.29578,44.94993],[-93.29583,44.94834],[-93.28289,44.94833],[-93.28283,44.94469],[-93.27983,44.94471],[-93.27978,44.94471],[-93.27967,44.95064],[-93.27799,44.9506],[-93.27798,44.95202],[-93.27096,44.95197],[-93.27096,44.95219],[-93.27081,44.9626],[-93.27081,44.96272]]]]},"properties":{"id":"redlining-mn-minneapolis-9154","layer":"redlining","name":"Minneapolis — HOLC area C6 (grade C)","county":"Hennepin County","state":"MN","countyFips":"27053","confidence":"confirmed","sourceDate":"1930s","attributes":{"grade":"C","gradeMeaning":"Graded \"Definitely Declining\" — described as an area of \"infiltration of a lower grade population\", language HOLC applied to the arrival of Black, Jewish and immigrant residents.","category":"Definitely Declining","city":"Minneapolis","holcId":"C6","areaId":9154,"residential":true,"holcFill":"#ffff00","cityScan":"https://dsl.richmond.edu/panorama/redlining/map/MN/Minneapolis"}}},{"type":"Feature","geometry":{"type":"MultiPolygon","coordinates":[[[[-93.3189,44.95362],[-93.31926,44.95364],[-93.31899,44.95423],[-93.31913,44.9548],[-93.31888,44.95531],[-93.31832,44.95599],[-93.31767,44.95645],[-93.31769,44.95677],[-93.31787,44.95741],[-93.31778,44.95774],[-93.3174,44.95817],[-93.318,44.95822],[-93.3185,44.9579],[-93.31888,44.95734],[-93.31897,44.95706],[-93.31969,44.95623],[-93.32016,44.95571],[-93.32041,44.95482],[-93.32031,44.9536],[-93.32125,44.95314],[-93.32076,44.95234],[-93.32164,44.95184],[-93.32269,44.95021],[-93.32414,44.94917],[-93.32418,44.94885],[-93.32463,44.94866],[-93.32488,44.94818],[-93.3286,44.94823],[-93.32879,44.94502],[-93.32299,44.94497],[-93.32297,44.945],[-93.32235,44.94577],[-93.32184,44.94622],[-93.32136,44.94673],[-93.32086,44.94711],[-93.3205,44.94741],[-93.32005,44.94759],[-93.31863,44.94806],[-93.31772,44.94845],[-93.31781,44.94845],[-93.32368,44.94833],[-93.32347,44.94858],[-93.32255,44.94922],[-93.32127,44.94987],[-93.31978,44.95032],[-93.31805,44.95082],[-93.31706,44.95089],[-93.31688,44.951],[-93.31731,44.95168],[-93.31737,44.95185],[-93.31755,44.95234],[-93.3174,44.953],[-93.31764,44.95324],[-93.31823,44.95353],[-93.31868,44.95361],[-93.3189,44.95362]]]]},"properties":{"id":"redlining-mn-minneapolis-9147","layer":"redlining","name":"Minneapolis — HOLC area C7 (grade C)","county":"Hennepin County","state":"MN","countyFips":"27053","confidence":"confirmed","sourceDate":"1930s","attributes":{"grade":"C","gradeMeaning":"Graded \"Definitely Declining\" — described as an area of \"infiltration of a lower grade population\", language HOLC applied to the arrival of Black, Jewish and immigrant residents.","category":"Definitely Declining","city":"Minneapolis","holcId":"C7","areaId":9147,"residential":true,"holcFill":"#ffff00","cityScan":"https://dsl.richmond.edu/panorama/redlining/map/MN/Minneapolis"}}},{"type":"Feature","geometry":{"type":"MultiPolygon","coordinates":[[[[-93.27219,44.92872],[-93.27155,44.92872],[-93.2715,44.93056],[-93.27081,44.93052],[-93.27083,44.94008],[-93.27092,44.94827],[-93.27163,44.94828],[-93.27171,44.94664],[-93.27162,44.94664],[-93.2716,44.93944],[-93.27278,44.93948],[-93.27286,44.93222],[-93.27227,44.93224],[-93.27219,44.92872]]],[[[-93.26749,44.9251],[-93.26762,44.94753],[-93.2677,44.94753],[-93.2677,44.94756],[-93.2677,44.94844],[-93.26776,44.94844],[-93.26827,44.94847],[-93.26964,44.94843],[-93.26948,44.94237],[-93.26944,44.93595],[-93.26886,44.93595],[-93.26889,44.93173],[-93.26888,44.92866],[-93.26957,44.92869],[-93.26958,44.92449],[-93.26958,44.9242],[-93.26962,44.92152],[-93.2715,44.92153],[-93.2715,44.92149],[-93.2715,44.92143],[-93.27158,44.91794],[-93.26902,44.91784],[-93.26888,44.92491],[-93.26887,44.92508],[-93.26871,44.92507],[-93.26752,44.92503],[-93.26749,44.92503],[-93.26749,44.92504],[-93.26749,44.92507],[-93.26749,44.9251]]]]},"properties":{"id":"redlining-mn-minneapolis-9113","layer":"redlining","name":"Minneapolis — HOLC area C8 (grade C)","county":"Hennepin County","state":"MN","countyFips":"27053","confidence":"confirmed","sourceDate":"1930s","attributes":{"grade":"C","gradeMeaning":"Graded \"Definitely Declining\" — described as an area of \"infiltration of a lower grade population\", language HOLC applied to the arrival of Black, Jewish and immigrant residents.","category":"Definitely Declining","city":"Minneapolis","holcId":"C8","areaId":9113,"residential":true,"holcFill":"#ffff00","cityScan":"https://dsl.richmond.edu/panorama/redlining/map/MN/Minneapolis"}}},{"type":"Feature","geometry":{"type":"MultiPolygon","coordinates":[[[[-93.24616,45.02413],[-93.24618,45.03121],[-93.2474,45.03121],[-93.24749,45.0241],[-93.24616,45.02413]]]]},"properties":{"id":"redlining-mn-minneapolis-9131","layer":"redlining","name":"Minneapolis — HOLC area C9 (grade C)","county":"Hennepin County","state":"MN","countyFips":"27053","confidence":"confirmed","sourceDate":"1930s","attributes":{"grade":"C","gradeMeaning":"Graded \"Definitely Declining\" — described as an area of \"infiltration of a lower grade population\", language HOLC applied to the arrival of Black, Jewish and immigrant residents.","category":"Definitely Declining","city":"Minneapolis","holcId":"C9","areaId":9131,"residential":true,"holcFill":"#ffff00","cityScan":"https://dsl.richmond.edu/panorama/redlining/map/MN/Minneapolis"}}},{"type":"Feature","geometry":{"type":"MultiPolygon","coordinates":[[[[-93.28376,45.0513],[-93.31929,45.05122],[-93.31922,45.04398],[-93.29946,45.04388],[-93.29911,45.03851],[-93.29401,45.03839],[-93.29396,45.03539],[-93.28833,45.03551],[-93.28675,45.04197],[-93.28371,45.0476],[-93.28376,45.0513]]]]},"properties":{"id":"redlining-mn-minneapolis-9116","layer":"redlining","name":"Minneapolis — HOLC area D1 (grade D)","county":"Hennepin County","state":"MN","countyFips":"27053","confidence":"confirmed","sourceDate":"1930s","attributes":{"grade":"D","gradeMeaning":"Graded \"Hazardous\" — outlined in red. Lending was withheld here for decades. Grades turned explicitly on the race, ethnicity and immigration status of residents.","category":"Hazardous","city":"Minneapolis","holcId":"D1","areaId":9116,"residential":true,"holcFill":"#d9838d","cityScan":"https://dsl.richmond.edu/panorama/redlining/map/MN/Minneapolis"}}},{"type":"Feature","geometry":{"type":"MultiPolygon","coordinates":[[[[-93.22867,44.98431],[-93.22875,44.98431],[-93.23084,44.98477],[-93.23511,44.97898],[-93.23367,44.97838],[-93.23279,44.97939],[-93.22686,44.97699],[-93.22684,44.97573],[-93.22682,44.97483],[-93.22433,44.97472],[-93.22433,44.97472],[-93.22433,44.97471],[-93.21998,44.97295],[-93.2216,44.97094],[-93.22056,44.97048],[-93.22079,44.97004],[-93.22086,44.9695],[-93.22054,44.9688],[-93.21991,44.96855],[-93.21931,44.9687],[-93.21913,44.96898],[-93.21904,44.96944],[-93.21894,44.97004],[-93.21883,44.97064],[-93.21811,44.97088],[-93.21787,44.97093],[-93.2179,44.97095],[-93.21735,44.97169],[-93.20949,44.96849],[-93.20932,44.96829],[-93.20932,44.96827],[-93.20864,44.96803],[-93.20805,44.96848],[-93.20851,44.96959],[-93.20936,44.96965],[-93.21073,44.97004],[-93.21158,44.97051],[-93.21174,44.97091],[-93.22681,44.97722],[-93.22694,44.98308],[-93.2283,44.98348],[-93.22867,44.98431]]]]},"properties":{"id":"redlining-mn-minneapolis-9162","layer":"redlining","name":"Minneapolis — HOLC area D10 (grade D)","county":"Hennepin County","state":"MN","countyFips":"27053","confidence":"confirmed","sourceDate":"1930s","attributes":{"grade":"D","gradeMeaning":"Graded \"Hazardous\" — outlined in red. Lending was withheld here for decades. Grades turned explicitly on the race, ethnicity and immigration status of residents.","category":"Hazardous","city":"Minneapolis","holcId":"D10","areaId":9162,"residential":true,"holcFill":"#d9838d","cityScan":"https://dsl.richmond.edu/panorama/redlining/map/MN/Minneapolis"}}},{"type":"Feature","geometry":{"type":"MultiPolygon","coordinates":[[[[-93.25361,45.00649],[-93.25359,45.00649],[-93.25358,45.00753],[-93.25365,45.00754],[-93.25355,45.00996],[-93.25431,45.01],[-93.25434,45.011],[-93.25562,45.01103],[-93.25559,45.01214],[-93.2567,45.01216],[-93.25664,45.01487],[-93.25789,45.01494],[-93.25783,45.01677],[-93.2677,45.01677],[-93.26771,45.02168],[-93.26778,45.02398],[-93.27303,45.02393],[-93.27289,45.02225],[-93.27272,45.0201],[-93.27245,45.01675],[-93.27183,45.01322],[-93.27288,45.01321],[-93.27282,45.01255],[-93.2727,45.01206],[-93.27266,45.01118],[-93.27256,45.00993],[-93.27081,45.00997],[-93.27076,45.00697],[-93.27167,45.00697],[-93.27168,45.00601],[-93.27136,45.00447],[-93.27071,45.0012],[-93.26995,45.00013],[-93.26857,45.00064],[-93.26797,44.99985],[-93.27084,44.99882],[-93.26648,44.99217],[-93.26604,44.99205],[-93.26535,44.99156],[-93.26459,44.9911],[-93.26489,44.99059],[-93.26565,44.99052],[-93.26613,44.99039],[-93.26648,44.99],[-93.26648,44.98953],[-93.26629,44.98906],[-93.26558,44.98792],[-93.26483,44.98714],[-93.26401,44.98625],[-93.26106,44.9871],[-93.26177,44.98882],[-93.25637,44.99042],[-93.25715,44.99142],[-93.25717,44.99145],[-93.25985,44.99063],[-93.26073,44.99174],[-93.26213,44.99137],[-93.26733,44.99881],[-93.26324,44.99876],[-93.26329,45.00092],[-93.26458,45.00095],[-93.26464,45.01215],[-93.25794,45.01215],[-93.25796,45.011],[-93.25681,45.01101],[-93.25676,45.00863],[-93.25551,45.0086],[-93.25553,45.00748],[-93.25495,45.00746],[-93.25492,45.00648],[-93.25361,45.00649]]]]},"properties":{"id":"redlining-mn-minneapolis-9163","layer":"redlining","name":"Minneapolis — HOLC area D11 (grade D)","county":"Hennepin County","state":"MN","countyFips":"27053","confidence":"confirmed","sourceDate":"1930s","attributes":{"grade":"D","gradeMeaning":"Graded \"Hazardous\" — outlined in red. Lending was withheld here for decades. Grades turned explicitly on the race, ethnicity and immigration status of residents.","category":"Hazardous","city":"Minneapolis","holcId":"D11","areaId":9163,"residential":true,"holcFill":"#d9838d","cityScan":"https://dsl.richmond.edu/panorama/redlining/map/MN/Minneapolis"}}},{"type":"Feature","geometry":{"type":"MultiPolygon","coordinates":[[[[-93.23714,44.98961],[-93.23461,44.98962],[-93.23465,44.99143],[-93.23709,44.99142],[-93.23714,44.98961]]],[[[-93.23776,44.98793],[-93.24188,44.99148],[-93.24747,44.99146],[-93.24888,44.99207],[-93.25052,44.99014],[-93.25141,44.98841],[-93.25278,44.9872],[-93.25532,44.98425],[-93.25355,44.9836],[-93.2528,44.98463],[-93.25299,44.98471],[-93.25049,44.9877],[-93.24765,44.98671],[-93.24618,44.98842],[-93.2446,44.9878],[-93.24288,44.98986],[-93.23776,44.98793]]],[[[-93.23717,44.99726],[-93.24471,45.00174],[-93.24468,44.99881],[-93.24778,44.99883],[-93.25212,45.00507],[-93.2523,45.00518],[-93.25234,45.00298],[-93.25139,45.00301],[-93.25144,44.99869],[-93.25747,44.99871],[-93.25754,44.99491],[-93.25618,44.99313],[-93.25236,44.9932],[-93.24931,44.99424],[-93.24836,44.99478],[-93.24741,44.99599],[-93.24753,44.99845],[-93.24305,44.99244],[-93.24288,44.99219],[-93.24147,44.99219],[-93.24009,44.99249],[-93.23928,44.9929],[-93.23886,44.99311],[-93.23713,44.99316],[-93.23717,44.99726]]]]},"properties":{"id":"redlining-mn-minneapolis-9165","layer":"redlining","name":"Minneapolis — HOLC area D12 (grade D)","county":"Hennepin County","state":"MN","countyFips":"27053","confidence":"confirmed","sourceDate":"1930s","attributes":{"grade":"D","gradeMeaning":"Graded \"Hazardous\" — outlined in red. Lending was withheld here for decades. Grades turned explicitly on the race, ethnicity and immigration status of residents.","category":"Hazardous","city":"Minneapolis","holcId":"D12","areaId":9165,"residential":true,"holcFill":"#d9838d","cityScan":"https://dsl.richmond.edu/panorama/redlining/map/MN/Minneapolis"}}},{"type":"Feature","geometry":{"type":"MultiPolygon","coordinates":[[[[-93.22641,45.00631],[-93.22638,45.00433],[-93.22315,45.00429],[-93.22251,45.00537],[-93.22244,45.00597],[-93.22269,45.00637],[-93.22323,45.0068],[-93.22373,45.00701],[-93.22459,45.00734],[-93.22422,45.00787],[-93.22492,45.00789],[-93.21972,45.01333],[-93.22642,45.01333],[-93.22652,45.01333],[-93.22643,45.00788],[-93.22643,45.00783],[-93.22641,45.00631]]]]},"properties":{"id":"redlining-mn-minneapolis-9126","layer":"redlining","name":"Minneapolis — HOLC area D13 (grade D)","county":"Hennepin County","state":"MN","countyFips":"27053","confidence":"confirmed","sourceDate":"1930s","attributes":{"grade":"D","gradeMeaning":"Graded \"Hazardous\" — outlined in red. Lending was withheld here for decades. Grades turned explicitly on the race, ethnicity and immigration status of residents.","category":"Hazardous","city":"Minneapolis","holcId":"D13","areaId":9126,"residential":true,"holcFill":"#d9838d","cityScan":"https://dsl.richmond.edu/panorama/redlining/map/MN/Minneapolis"}}},{"type":"Feature","geometry":{"type":"MultiPolygon","coordinates":[[[[-93.25664,45.01487],[-93.25664,45.01495],[-93.25656,45.01495],[-93.2554,45.01499],[-93.25539,45.01582],[-93.2457,45.0158],[-93.24555,45.02032],[-93.24603,45.02035],[-93.24616,45.02401],[-93.24616,45.0241],[-93.24616,45.02413],[-93.24749,45.0241],[-93.24753,45.0241],[-93.24747,45.0168],[-93.25783,45.01678],[-93.25783,45.01677],[-93.25789,45.01494],[-93.25664,45.01487]]]]},"properties":{"id":"redlining-mn-minneapolis-9130","layer":"redlining","name":"Minneapolis — HOLC area D14 (grade D)","county":"Hennepin County","state":"MN","countyFips":"27053","confidence":"confirmed","sourceDate":"1930s","attributes":{"grade":"D","gradeMeaning":"Graded \"Hazardous\" — outlined in red. Lending was withheld here for decades. Grades turned explicitly on the race, ethnicity and immigration status of residents.","category":"Hazardous","city":"Minneapolis","holcId":"D14","areaId":9130,"residential":true,"holcFill":"#d9838d","cityScan":"https://dsl.richmond.edu/panorama/redlining/map/MN/Minneapolis"}}},{"type":"Feature","geometry":{"type":"MultiPolygon","coordinates":[[[[-93.28153,44.99183],[-93.28157,44.99904],[-93.2801,44.99905],[-93.2801,45.00367],[-93.28158,45.00366],[-93.28161,45.00591],[-93.28052,45.00592],[-93.28046,45.00938],[-93.28078,45.01243],[-93.28089,45.01478],[-93.28096,45.01667],[-93.28273,45.02405],[-93.28345,45.02518],[-93.28345,45.02518],[-93.28346,45.02511],[-93.28352,45.02412],[-93.2835,45.01357],[-93.28343,45.00595],[-93.28323,45.00592],[-93.28321,44.99915],[-93.29107,44.9991],[-93.29098,44.99308],[-93.30823,44.99308],[-93.30824,44.99156],[-93.30824,44.99153],[-93.30824,44.99151],[-93.30824,44.99147],[-93.30812,44.99147],[-93.30715,44.99147],[-93.30704,44.99147],[-93.2982,44.99145],[-93.2981,44.99152],[-93.2974,44.99197],[-93.28153,44.99183]]]]},"properties":{"id":"redlining-mn-minneapolis-9124","layer":"redlining","name":"Minneapolis — HOLC area D2 (grade D)","county":"Hennepin County","state":"MN","countyFips":"27053","confidence":"confirmed","sourceDate":"1930s","attributes":{"grade":"D","gradeMeaning":"Graded \"Hazardous\" — outlined in red. Lending was withheld here for decades. Grades turned explicitly on the race, ethnicity and immigration status of residents.","category":"Hazardous","city":"Minneapolis","holcId":"D2","areaId":9124,"residential":true,"holcFill":"#d9838d","cityScan":"https://dsl.richmond.edu/panorama/redlining/map/MN/Minneapolis"}}},{"type":"Feature","geometry":{"type":"MultiPolygon","coordinates":[[[[-93.28153,44.99183],[-93.2974,44.99197],[-93.2981,44.99152],[-93.2982,44.99145],[-93.29821,44.99145],[-93.2983,44.9862],[-93.30178,44.98627],[-93.30324,44.98603],[-93.30324,44.98423],[-93.29837,44.98417],[-93.29817,44.98072],[-93.29812,44.98072],[-93.28761,44.97931],[-93.28177,44.97885],[-93.283,44.97993],[-93.28303,44.98071],[-93.28368,44.98074],[-93.28372,44.98266],[-93.28294,44.98263],[-93.28287,44.98368],[-93.2881,44.98731],[-93.28811,44.9889],[-93.28052,44.9903],[-93.2815,44.99183],[-93.28153,44.99183]]]]},"properties":{"id":"redlining-mn-minneapolis-9123","layer":"redlining","name":"Minneapolis — HOLC area D3 (grade D)","county":"Hennepin County","state":"MN","countyFips":"27053","confidence":"confirmed","sourceDate":"1930s","attributes":{"grade":"D","gradeMeaning":"Graded \"Hazardous\" — outlined in red. Lending was withheld here for decades. Grades turned explicitly on the race, ethnicity and immigration status of residents.","category":"Hazardous","city":"Minneapolis","holcId":"D3","areaId":9123,"residential":true,"holcFill":"#d9838d","cityScan":"https://dsl.richmond.edu/panorama/redlining/map/MN/Minneapolis"}}},{"type":"Feature","geometry":{"type":"MultiPolygon","coordinates":[[[[-93.28127,44.9738],[-93.28233,44.97516],[-93.27999,44.97627],[-93.28046,44.97689],[-93.28812,44.97695],[-93.2896,44.97641],[-93.28949,44.97594],[-93.29149,44.97527],[-93.29269,44.97447],[-93.29416,44.97395],[-93.29718,44.97204],[-93.29823,44.97149],[-93.30002,44.97085],[-93.30104,44.97055],[-93.30122,44.97017],[-93.30079,44.9701],[-93.2996,44.97013],[-93.29821,44.97076],[-93.29736,44.97138],[-93.29612,44.97181],[-93.29554,44.97193],[-93.29388,44.97203],[-93.28687,44.97201],[-93.28489,44.97284],[-93.28437,44.97238],[-93.28383,44.97261],[-93.28388,44.97266],[-93.28127,44.9738]]]]},"properties":{"id":"redlining-mn-minneapolis-9137","layer":"redlining","name":"Minneapolis — HOLC area D4 (grade D)","county":"Hennepin County","state":"MN","countyFips":"27053","confidence":"confirmed","sourceDate":"1930s","attributes":{"grade":"D","gradeMeaning":"Graded \"Hazardous\" — outlined in red. Lending was withheld here for decades. Grades turned explicitly on the race, ethnicity and immigration status of residents.","category":"Hazardous","city":"Minneapolis","holcId":"D4","areaId":9137,"residential":true,"holcFill":"#d9838d","cityScan":"https://dsl.richmond.edu/panorama/redlining/map/MN/Minneapolis"}}},{"type":"Feature","geometry":{"type":"MultiPolygon","coordinates":[[[[-93.23915,44.96791],[-93.23917,44.96815],[-93.23885,44.96952],[-93.2397,44.97095],[-93.24002,44.97191],[-93.2413,44.97349],[-93.24229,44.97473],[-93.24307,44.97505],[-93.24476,44.97649],[-93.24668,44.97672],[-93.24791,44.97698],[-93.252,44.97689],[-93.25456,44.97352],[-93.25171,44.97233],[-93.2527,44.97125],[-93.25971,44.97421],[-93.26056,44.97328],[-93.2618,44.97383],[-93.26267,44.97287],[-93.26395,44.9734],[-93.26473,44.97239],[-93.26629,44.97302],[-93.26857,44.97032],[-93.26741,44.96968],[-93.27783,44.96973],[-93.27783,44.9697],[-93.27789,44.9673],[-93.27148,44.96725],[-93.27136,44.96273],[-93.27081,44.96272],[-93.27081,44.96276],[-93.26955,44.96273],[-93.26955,44.96278],[-93.2476,44.96286],[-93.2476,44.96283],[-93.2459,44.96285],[-93.24579,44.96527],[-93.2474,44.96528],[-93.24737,44.9703],[-93.23909,44.96689],[-93.23921,44.96792],[-93.23915,44.96791]]]]},"properties":{"id":"redlining-mn-minneapolis-9136","layer":"redlining","name":"Minneapolis — HOLC area D5 (grade D)","county":"Hennepin County","state":"MN","countyFips":"27053","confidence":"confirmed","sourceDate":"1930s","attributes":{"grade":"D","gradeMeaning":"Graded \"Hazardous\" — outlined in red. Lending was withheld here for decades. Grades turned explicitly on the race, ethnicity and immigration status of residents.","category":"Hazardous","city":"Minneapolis","holcId":"D5","areaId":9136,"residential":true,"holcFill":"#d9838d","cityScan":"https://dsl.richmond.edu/panorama/redlining/map/MN/Minneapolis"}}},{"type":"Feature","geometry":{"type":"MultiPolygon","coordinates":[[[[-93.26871,44.92507],[-93.26887,44.92508],[-93.26888,44.92491],[-93.26871,44.92507]]],[[[-93.26827,44.94847],[-93.26833,44.94848],[-93.26833,44.95201],[-93.26957,44.952],[-93.26955,44.96253],[-93.26955,44.96273],[-93.27081,44.96276],[-93.27081,44.96272],[-93.27081,44.9626],[-93.27096,44.95219],[-93.27096,44.95197],[-93.27096,44.9519],[-93.27092,44.94827],[-93.27083,44.94008],[-93.27081,44.93052],[-93.2715,44.93056],[-93.27155,44.92872],[-93.27219,44.92872],[-93.27233,44.92872],[-93.27406,44.92872],[-93.27397,44.92148],[-93.2715,44.92143],[-93.2715,44.92149],[-93.2715,44.92153],[-93.26962,44.92152],[-93.26958,44.9242],[-93.26958,44.92449],[-93.26957,44.92869],[-93.26888,44.92866],[-93.26889,44.93173],[-93.26886,44.93595],[-93.26944,44.93595],[-93.26948,44.94237],[-93.26964,44.94843],[-93.26827,44.94847]]]]},"properties":{"id":"redlining-mn-minneapolis-9114","layer":"redlining","name":"Minneapolis — HOLC area D6 (grade D)","county":"Hennepin County","state":"MN","countyFips":"27053","confidence":"confirmed","sourceDate":"1930s","attributes":{"grade":"D","gradeMeaning":"Graded \"Hazardous\" — outlined in red. Lending was withheld here for decades. Grades turned explicitly on the race, ethnicity and immigration status of residents.","category":"Hazardous","city":"Minneapolis","holcId":"D6","areaId":9114,"residential":true,"holcFill":"#d9838d","cityScan":"https://dsl.richmond.edu/panorama/redlining/map/MN/Minneapolis"}}},{"type":"Feature","geometry":{"type":"MultiPolygon","coordinates":[[[[-93.27096,44.95197],[-93.27798,44.95202],[-93.27799,44.9506],[-93.27802,44.94834],[-93.27163,44.94828],[-93.27092,44.94827],[-93.27096,44.9519],[-93.27096,44.95197]]]]},"properties":{"id":"redlining-mn-minneapolis-9115","layer":"redlining","name":"Minneapolis — HOLC area D7 (grade D)","county":"Hennepin County","state":"MN","countyFips":"27053","confidence":"confirmed","sourceDate":"1930s","attributes":{"grade":"D","gradeMeaning":"Graded \"Hazardous\" — outlined in red. Lending was withheld here for decades. Grades turned explicitly on the race, ethnicity and immigration status of residents.","category":"Hazardous","city":"Minneapolis","holcId":"D7","areaId":9115,"residential":true,"holcFill":"#d9838d","cityScan":"https://dsl.richmond.edu/panorama/redlining/map/MN/Minneapolis"}}},{"type":"Feature","geometry":{"type":"MultiPolygon","coordinates":[[[[-93.23208,44.94476],[-93.23324,44.94478],[-93.23195,44.94292],[-93.23326,44.94298],[-93.22981,44.93768],[-93.22787,44.93498],[-93.22379,44.92893],[-93.22262,44.92699],[-93.22331,44.92697],[-93.22352,44.92696],[-93.22228,44.92509],[-93.22227,44.92508],[-93.22148,44.92388],[-93.22062,44.92268],[-93.21969,44.92156],[-93.21895,44.92027],[-93.21848,44.91966],[-93.21733,44.91845],[-93.21545,44.91655],[-93.21542,44.91655],[-93.21532,44.91655],[-93.21449,44.91596],[-93.21354,44.91508],[-93.21263,44.91429],[-93.21172,44.91354],[-93.21036,44.91249],[-93.20847,44.91102],[-93.20669,44.90947],[-93.20541,44.90887],[-93.20433,44.90808],[-93.203,44.90747],[-93.20189,44.90695],[-93.20062,44.90647],[-93.19942,44.90547],[-93.19715,44.9054],[-93.19781,44.90606],[-93.19903,44.90674],[-93.19984,44.90714],[-93.20177,44.90788],[-93.20304,44.90838],[-93.20446,44.90908],[-93.20632,44.91028],[-93.20724,44.91106],[-93.21287,44.91573],[-93.21441,44.91719],[-93.21571,44.91842],[-93.21747,44.91988],[-93.22259,44.92711],[-93.22361,44.92886],[-93.22281,44.92882],[-93.22382,44.93065],[-93.22123,44.93065],[-93.22899,44.94118],[-93.23167,44.94475],[-93.23208,44.94476]]]]},"properties":{"id":"redlining-mn-minneapolis-9106","layer":"redlining","name":"Minneapolis — HOLC area D8 (grade D)","county":"Hennepin County","state":"MN","countyFips":"27053","confidence":"confirmed","sourceDate":"1930s","attributes":{"grade":"D","gradeMeaning":"Graded \"Hazardous\" — outlined in red. Lending was withheld here for decades. Grades turned explicitly on the race, ethnicity and immigration status of residents.","category":"Hazardous","city":"Minneapolis","holcId":"D8","areaId":9106,"residential":true,"holcFill":"#d9838d","cityScan":"https://dsl.richmond.edu/panorama/redlining/map/MN/Minneapolis"}}},{"type":"Feature","geometry":{"type":"MultiPolygon","coordinates":[[[[-93.23462,44.95362],[-93.23306,44.9536],[-93.23306,44.9528],[-93.22998,44.95279],[-93.22998,44.95353],[-93.22069,44.95332],[-93.21945,44.95333],[-93.21848,44.95349],[-93.21791,44.9537],[-93.21796,44.95395],[-93.22411,44.95402],[-93.22419,44.95558],[-93.2271,44.95561],[-93.227,44.95735],[-93.22543,44.9573],[-93.22533,44.95913],[-93.22985,44.95913],[-93.22985,44.96094],[-93.23934,44.96104],[-93.23937,44.96287],[-93.24585,44.96284],[-93.2459,44.96284],[-93.2459,44.96285],[-93.2476,44.96283],[-93.24761,44.9624],[-93.24764,44.96087],[-93.24872,44.9609],[-93.24883,44.95908],[-93.24616,44.95906],[-93.24615,44.95904],[-93.24387,44.95906],[-93.24293,44.95777],[-93.24133,44.95652],[-93.23987,44.95578],[-93.2385,44.95551],[-93.23484,44.95558],[-93.23462,44.95362]]]]},"properties":{"id":"redlining-mn-minneapolis-9135","layer":"redlining","name":"Minneapolis — HOLC area D9 (grade D)","county":"Hennepin County","state":"MN","countyFips":"27053","confidence":"confirmed","sourceDate":"1930s","attributes":{"grade":"D","gradeMeaning":"Graded \"Hazardous\" — outlined in red. Lending was withheld here for decades. Grades turned explicitly on the race, ethnicity and immigration status of residents.","category":"Hazardous","city":"Minneapolis","holcId":"D9","areaId":9135,"residential":true,"holcFill":"#d9838d","cityScan":"https://dsl.richmond.edu/panorama/redlining/map/MN/Minneapolis"}}},{"type":"Feature","geometry":{"type":"MultiPolygon","coordinates":[[[[-93.2781,44.94666],[-93.27974,44.9466],[-93.27978,44.94471],[-93.27804,44.94478],[-93.2781,44.94666]]],[[[-93.2781,44.94666],[-93.27171,44.94664],[-93.27163,44.94828],[-93.27802,44.94834],[-93.2781,44.94666]]],[[[-93.29578,44.94993],[-93.29706,44.94991],[-93.29837,44.94988],[-93.29842,44.94835],[-93.29704,44.94834],[-93.29583,44.94834],[-93.29578,44.94993]]],[[[-93.27802,44.94834],[-93.27799,44.9506],[-93.27967,44.95064],[-93.27971,44.94835],[-93.27802,44.94834]]],[[[-93.23987,44.95578],[-93.24133,44.95652],[-93.24293,44.95777],[-93.24387,44.95906],[-93.24615,44.95904],[-93.24362,44.95559],[-93.24551,44.95564],[-93.24544,44.95197],[-93.2445,44.95202],[-93.24484,44.95165],[-93.24472,44.95028],[-93.24225,44.95028],[-93.24223,44.94835],[-93.23821,44.94831],[-93.22412,44.92794],[-93.22331,44.92697],[-93.22262,44.92699],[-93.22379,44.92893],[-93.22787,44.93498],[-93.22981,44.93768],[-93.23326,44.94298],[-93.23195,44.94292],[-93.23324,44.94478],[-93.23208,44.94476],[-93.23471,44.9484],[-93.23469,44.95362],[-93.23462,44.95362],[-93.23484,44.95558],[-93.2385,44.95551],[-93.23987,44.95578]]],[[[-93.21354,44.96216],[-93.21395,44.96186],[-93.21133,44.96],[-93.21017,44.96043],[-93.2123,44.9614],[-93.21354,44.96216]]],[[[-93.21354,44.96216],[-93.21297,44.96265],[-93.21526,44.96451],[-93.21605,44.96455],[-93.21354,44.96216]]],[[[-93.2183,44.96588],[-93.22061,44.96832],[-93.22078,44.96802],[-93.22073,44.96471],[-93.21941,44.96386],[-93.21941,44.96467],[-93.21646,44.96457],[-93.2183,44.96588]]],[[[-93.22296,44.97683],[-93.22337,44.97697],[-93.22536,44.97902],[-93.22685,44.97904],[-93.22684,44.97846],[-93.22565,44.97691],[-93.22415,44.97686],[-93.22474,44.9761],[-93.22562,44.97648],[-93.2248,44.97494],[-93.22433,44.97472],[-93.22433,44.97471],[-93.22215,44.97116],[-93.2216,44.97094],[-93.21998,44.97295],[-93.22126,44.97347],[-93.22052,44.97459],[-93.21174,44.97091],[-93.21158,44.97051],[-93.21073,44.97004],[-93.20936,44.96965],[-93.20851,44.96959],[-93.20768,44.96957],[-93.2077,44.97056],[-93.21,44.97104],[-93.21164,44.97163],[-93.21144,44.97184],[-93.21482,44.97299],[-93.21771,44.97414],[-93.21771,44.97427],[-93.22103,44.97556],[-93.22195,44.97629],[-93.22246,44.97625],[-93.22296,44.97683]]],[[[-93.2337,44.98089],[-93.23489,44.98135],[-93.23562,44.98045],[-93.23728,44.98103],[-93.23796,44.9801],[-93.23511,44.97898],[-93.2337,44.98089]]],[[[-93.24129,44.97992],[-93.24149,44.9802],[-93.2528,44.98463],[-93.25355,44.9836],[-93.24694,44.98107],[-93.24619,44.98078],[-93.24464,44.98063],[-93.24231,44.97985],[-93.24129,44.97992]]],[[[-93.25943,44.9845],[-93.2594,44.98484],[-93.26106,44.9871],[-93.26401,44.98625],[-93.26325,44.98568],[-93.26168,44.98483],[-93.26033,44.98443],[-93.25943,44.9845]]],[[[-93.27071,45.0012],[-93.27126,45.00395],[-93.27273,45.00395],[-93.27278,45.00348],[-93.27305,45.00224],[-93.27163,44.99971],[-93.27415,44.99897],[-93.27418,44.99827],[-93.27386,44.99696],[-93.27292,44.99513],[-93.27206,44.9941],[-93.27148,44.99332],[-93.27102,44.99249],[-93.2701,44.99166],[-93.26885,44.99116],[-93.26732,44.9906],[-93.26613,44.99039],[-93.26565,44.99052],[-93.26489,44.99059],[-93.26459,44.9911],[-93.26363,44.99099],[-93.26255,44.99049],[-93.26174,44.9898],[-93.25978,44.98703],[-93.25911,44.98608],[-93.25809,44.98519],[-93.25543,44.98414],[-93.25532,44.98425],[-93.25278,44.9872],[-93.25141,44.98841],[-93.25052,44.99014],[-93.24888,44.99207],[-93.24747,44.99146],[-93.24188,44.99148],[-93.23776,44.98793],[-93.23716,44.9877],[-93.23715,44.98961],[-93.23714,44.98961],[-93.23709,44.99142],[-93.23711,44.99142],[-93.23713,44.99316],[-93.23886,44.99311],[-93.23928,44.9929],[-93.24009,44.99249],[-93.24147,44.99219],[-93.24288,44.99219],[-93.24305,44.99244],[-93.24753,44.99845],[-93.24741,44.99599],[-93.24836,44.99478],[-93.24931,44.99424],[-93.25236,44.9932],[-93.25229,44.9932],[-93.25544,44.99203],[-93.25715,44.99142],[-93.25637,44.99042],[-93.26064,44.98916],[-93.26213,44.99112],[-93.26465,44.99206],[-93.26571,44.99182],[-93.26604,44.99205],[-93.26648,44.99217],[-93.27084,44.99882],[-93.26797,44.99985],[-93.26857,45.00064],[-93.26995,45.00013],[-93.27071,45.0012]]],[[[-93.22638,45.00433],[-93.22641,45.00631],[-93.23419,44.99891],[-93.23196,44.9988],[-93.23207,44.9949],[-93.22691,44.99158],[-93.21782,44.99168],[-93.21796,44.99885],[-93.22676,44.99884],[-93.22638,45.00433]]],[[[-93.27167,45.00697],[-93.27076,45.00697],[-93.27081,45.00997],[-93.27256,45.00993],[-93.27263,45.00679],[-93.27167,45.00697]]],[[[-93.27183,45.01322],[-93.27211,45.01479],[-93.27308,45.0148],[-93.27288,45.01321],[-93.27183,45.01322]]],[[[-93.2726,45.01864],[-93.27272,45.0201],[-93.27289,45.02225],[-93.27303,45.02393],[-93.27685,45.02395],[-93.27528,45.01966],[-93.27478,45.01859],[-93.2726,45.01864]]],[[[-93.24747,45.0168],[-93.24753,45.0241],[-93.24749,45.0241],[-93.24875,45.02431],[-93.24849,45.02295],[-93.24908,45.02189],[-93.2504,45.02023],[-93.25171,45.01961],[-93.25311,45.0193],[-93.25259,45.01846],[-93.25257,45.01679],[-93.24747,45.0168]]],[[[-93.25618,45.02397],[-93.25626,45.02472],[-93.25718,45.02476],[-93.25829,45.0251],[-93.25954,45.02597],[-93.25988,45.02672],[-93.25978,45.02713],[-93.26011,45.02751],[-93.26257,45.02757],[-93.26249,45.02378],[-93.25618,45.02397]]],[[[-93.26752,45.02929],[-93.26761,45.03565],[-93.27296,45.03564],[-93.27254,45.03434],[-93.27126,45.03148],[-93.27002,45.02924],[-93.26752,45.02929]]],[[[-93.28412,45.03199],[-93.28475,45.03282],[-93.28508,45.03404],[-93.28412,45.03825],[-93.28784,45.03752],[-93.28833,45.03551],[-93.29133,45.03545],[-93.28845,45.03348],[-93.28611,45.03277],[-93.28673,45.03163],[-93.28642,45.0314],[-93.28787,45.03129],[-93.28852,45.03211],[-93.28929,45.03214],[-93.28919,45.02958],[-93.28631,45.02954],[-93.28548,45.02856],[-93.2849,45.02754],[-93.28345,45.02518],[-93.28273,45.02405],[-93.28096,45.01667],[-93.28089,45.01478],[-93.28078,45.01243],[-93.28046,45.00938],[-93.28052,45.00592],[-93.28161,45.00591],[-93.28158,45.00366],[-93.2801,45.00367],[-93.2801,44.99905],[-93.28157,44.99904],[-93.28153,44.99183],[-93.2815,44.99183],[-93.28052,44.9903],[-93.28811,44.9889],[-93.2881,44.98731],[-93.28287,44.98368],[-93.28294,44.98263],[-93.28372,44.98266],[-93.28368,44.98074],[-93.28303,44.98071],[-93.283,44.97993],[-93.28177,44.97885],[-93.28761,44.97931],[-93.29812,44.98072],[-93.2982,44.97705],[-93.28812,44.97695],[-93.28046,44.97689],[-93.27999,44.97627],[-93.28233,44.97516],[-93.28127,44.9738],[-93.27897,44.97481],[-93.27818,44.97405],[-93.27565,44.97302],[-93.27782,44.97036],[-93.27783,44.96973],[-93.26741,44.96968],[-93.26857,44.97032],[-93.26629,44.97302],[-93.26473,44.97239],[-93.26395,44.9734],[-93.26267,44.97287],[-93.2618,44.97383],[-93.26056,44.97328],[-93.25971,44.97421],[-93.2527,44.97125],[-93.25171,44.97233],[-93.25456,44.97352],[-93.25387,44.97443],[-93.25013,44.97279],[-93.24751,44.97165],[-93.24756,44.97112],[-93.24586,44.97116],[-93.24584,44.97335],[-93.24257,44.97335],[-93.24255,44.9713],[-93.241,44.97129],[-93.24102,44.97218],[-93.24026,44.97221],[-93.24002,44.97191],[-93.2397,44.97095],[-93.23909,44.96993],[-93.23928,44.97138],[-93.23972,44.97298],[-93.23977,44.97364],[-93.23968,44.97515],[-93.24,44.97629],[-93.2408,44.97706],[-93.2416,44.97739],[-93.24671,44.97832],[-93.25103,44.97875],[-93.25225,44.9787],[-93.25677,44.98018],[-93.25721,44.98073],[-93.25847,44.98087],[-93.25961,44.98128],[-93.26002,44.98168],[-93.26141,44.98251],[-93.26367,44.98439],[-93.26468,44.98509],[-93.26672,44.98652],[-93.26642,44.98666],[-93.26736,44.98826],[-93.26883,44.98924],[-93.27064,44.99005],[-93.27332,44.99139],[-93.27505,44.99255],[-93.27585,44.9941],[-93.27679,44.99736],[-93.27685,44.99894],[-93.27865,44.99897],[-93.27884,45.00594],[-93.27526,45.00599],[-93.27547,45.00781],[-93.27585,45.00989],[-93.2756,45.01172],[-93.2761,45.01252],[-93.27647,45.01373],[-93.27766,45.015],[-93.27773,45.01593],[-93.27819,45.01774],[-93.27835,45.01998],[-93.27854,45.02226],[-93.27975,45.02484],[-93.28149,45.02719],[-93.28412,45.03199]],[[-93.25314,44.97539],[-93.252,44.97689],[-93.24791,44.97698],[-93.24721,44.97683],[-93.24721,44.97562],[-93.24569,44.97562],[-93.24566,44.97429],[-93.24657,44.9743],[-93.24744,44.97366],[-93.24751,44.97423],[-93.24841,44.97464],[-93.24916,44.97365],[-93.25314,44.97539]]]]},"properties":{"id":"redlining-mn-minneapolis-11181","layer":"redlining","name":"Minneapolis — HOLC area Business and Industrial","county":"Hennepin County","state":"MN","countyFips":"27053","confidence":"confirmed","sourceDate":"1930s","attributes":{"grade":null,"gradeMeaning":"No grade recorded on the original survey sheet.","category":"Business and Industrial","city":"Minneapolis","holcId":"Business and Industrial","areaId":11181,"residential":false,"holcFill":"#000000","cityScan":"https://dsl.richmond.edu/panorama/redlining/map/MN/Minneapolis"}}},{"type":"Feature","geometry":{"type":"MultiPolygon","coordinates":[[[[-92.47879,44.02102],[-92.47879,44.02062],[-92.47778,44.02062],[-92.47781,44.01825],[-92.47793,44.01824],[-92.47792,44.0173],[-92.47809,44.0173],[-92.48185,44.01733],[-92.48184,44.01818],[-92.4834,44.01821],[-92.48338,44.0209],[-92.48339,44.02165],[-92.48541,44.02165],[-92.4854,44.02094],[-92.48591,44.02095],[-92.48596,44.01975],[-92.486,44.01877],[-92.48601,44.01812],[-92.486,44.01716],[-92.48604,44.01618],[-92.48288,44.01616],[-92.48286,44.01553],[-92.48236,44.01551],[-92.48236,44.01558],[-92.48217,44.01558],[-92.48217,44.01515],[-92.48163,44.01514],[-92.48162,44.01559],[-92.4804,44.01558],[-92.47913,44.01557],[-92.47886,44.01558],[-92.47884,44.0137],[-92.47875,44.0137],[-92.4786,44.01364],[-92.47843,44.01356],[-92.47823,44.01342],[-92.47809,44.01322],[-92.47805,44.01302],[-92.47625,44.01302],[-92.47622,44.01181],[-92.47614,44.01174],[-92.47616,44.01165],[-92.47616,44.01152],[-92.47622,44.01134],[-92.47623,44.01052],[-92.47632,44.01051],[-92.47625,44.01046],[-92.47626,44.00999],[-92.47575,44.00999],[-92.47492,44.01019],[-92.47457,44.01027],[-92.47408,44.01039],[-92.47397,44.01042],[-92.47391,44.0104],[-92.47221,44.0112],[-92.47215,44.01124],[-92.47154,44.01155],[-92.47153,44.01835],[-92.46828,44.01834],[-92.46826,44.02102],[-92.46881,44.02102],[-92.47084,44.02102],[-92.47128,44.02105],[-92.47205,44.02102],[-92.47263,44.02104],[-92.47412,44.02104],[-92.4743,44.02112],[-92.47478,44.02111],[-92.47682,44.0211],[-92.47694,44.02101],[-92.47841,44.021],[-92.47879,44.02102]]]]},"properties":{"id":"redlining-mn-rochester-8127","layer":"redlining","name":"Rochester — HOLC area A (grade A)","county":"Olmsted County","state":"MN","countyFips":"27109","confidence":"confirmed","sourceDate":"1930s","attributes":{"grade":"A","gradeMeaning":"Graded \"Best\" — new, homogeneous, and in HOLC's words \"in demand as residential locations in good times and bad\". In practice, restricted to white residents.","category":"Best","city":"Rochester","holcId":"A","areaId":8127,"residential":true,"holcFill":"#76a865","cityScan":"https://dsl.richmond.edu/panorama/redlining/map/MN/Rochester"}}},{"type":"Feature","geometry":{"type":"MultiPolygon","coordinates":[[[[-92.45872,44.01264],[-92.4588,44.01264],[-92.45882,44.01202],[-92.4614,44.012],[-92.46139,44.01006],[-92.46249,44.01005],[-92.46251,44.00992],[-92.46253,44.00982],[-92.46254,44.00923],[-92.46253,44.009],[-92.46251,44.00886],[-92.46248,44.00874],[-92.46247,44.00864],[-92.46244,44.00849],[-92.46241,44.00838],[-92.46238,44.00827],[-92.46236,44.00821],[-92.46235,44.00814],[-92.4623,44.00803],[-92.46223,44.00783],[-92.46214,44.00766],[-92.4618,44.0071],[-92.45877,44.00709],[-92.45877,44.00521],[-92.45753,44.00517],[-92.45557,44.00513],[-92.45468,44.00512],[-92.45082,44.00514],[-92.44861,44.00512],[-92.44867,44.01161],[-92.44768,44.01159],[-92.44737,44.01165],[-92.44717,44.01199],[-92.44711,44.01212],[-92.44731,44.01218],[-92.44749,44.01225],[-92.44761,44.01237],[-92.44758,44.01253],[-92.44869,44.01256],[-92.45108,44.01257],[-92.45116,44.01258],[-92.4531,44.01261],[-92.45426,44.01261],[-92.45687,44.01263],[-92.45872,44.01264]]],[[[-92.46821,44.02628],[-92.4736,44.02632],[-92.47501,44.02634],[-92.47571,44.02635],[-92.47587,44.02629],[-92.4763,44.02625],[-92.47654,44.02617],[-92.47681,44.02624],[-92.47686,44.02622],[-92.4768,44.02606],[-92.47692,44.02603],[-92.4771,44.02603],[-92.47721,44.026],[-92.4774,44.02598],[-92.47754,44.02609],[-92.47771,44.02614],[-92.47795,44.02617],[-92.4781,44.02612],[-92.47825,44.0261],[-92.47842,44.02608],[-92.47883,44.02608],[-92.4789,44.02596],[-92.47903,44.02584],[-92.47916,44.02576],[-92.47943,44.02574],[-92.47978,44.02576],[-92.48584,44.02579],[-92.48581,44.02574],[-92.48587,44.02434],[-92.48591,44.02434],[-92.48595,44.02165],[-92.48541,44.02165],[-92.48339,44.02165],[-92.48328,44.02165],[-92.48302,44.02164],[-92.47881,44.02163],[-92.47879,44.02102],[-92.47841,44.021],[-92.47694,44.02101],[-92.47682,44.0211],[-92.47478,44.02111],[-92.4743,44.02112],[-92.47412,44.02104],[-92.47263,44.02104],[-92.47205,44.02102],[-92.47128,44.02105],[-92.47084,44.02102],[-92.46881,44.02102],[-92.46826,44.02102],[-92.46826,44.02144],[-92.46876,44.02145],[-92.46876,44.02169],[-92.46826,44.02169],[-92.46821,44.02628]]]]},"properties":{"id":"redlining-mn-rochester-8126","layer":"redlining","name":"Rochester — HOLC area B (grade B)","county":"Olmsted County","state":"MN","countyFips":"27109","confidence":"confirmed","sourceDate":"1930s","attributes":{"grade":"B","gradeMeaning":"Graded \"Still Desirable\" — expected to hold value, but nearing the end of its most desirable period.","category":"Still Desirable","city":"Rochester","holcId":"B","areaId":8126,"residential":true,"holcFill":"#7cb5bd","cityScan":"https://dsl.richmond.edu/panorama/redlining/map/MN/Rochester"}}},{"type":"Feature","geometry":{"type":"MultiPolygon","coordinates":[[[[-92.4646,44.02627],[-92.46604,44.02627],[-92.46731,44.02702],[-92.47201,44.02705],[-92.4736,44.02706],[-92.4736,44.02632],[-92.46821,44.02628],[-92.46793,44.02628],[-92.46797,44.01813],[-92.47124,44.01814],[-92.47122,44.0144],[-92.46875,44.0144],[-92.46874,44.01603],[-92.46584,44.01601],[-92.46572,44.01612],[-92.46485,44.01611],[-92.46449,44.01616],[-92.46389,44.01619],[-92.46326,44.0162],[-92.46292,44.01611],[-92.46283,44.01608],[-92.46288,44.01437],[-92.45875,44.01436],[-92.45872,44.01264],[-92.45687,44.01263],[-92.45426,44.01261],[-92.4531,44.01261],[-92.45116,44.01258],[-92.45108,44.01257],[-92.44869,44.01256],[-92.44758,44.01253],[-92.44739,44.01271],[-92.4473,44.01287],[-92.44732,44.01301],[-92.44754,44.01314],[-92.44771,44.01314],[-92.44793,44.01309],[-92.44817,44.01297],[-92.4483,44.01294],[-92.44844,44.01302],[-92.44848,44.01311],[-92.44845,44.01327],[-92.44834,44.01342],[-92.44829,44.01354],[-92.44834,44.01358],[-92.44851,44.01359],[-92.44859,44.01352],[-92.44863,44.01335],[-92.44866,44.01322],[-92.44881,44.01313],[-92.44897,44.01305],[-92.44916,44.01301],[-92.44934,44.01301],[-92.44947,44.01301],[-92.44961,44.01304],[-92.44976,44.01313],[-92.44984,44.01324],[-92.44984,44.01342],[-92.44981,44.01352],[-92.44964,44.01374],[-92.44928,44.01409],[-92.4492,44.01421],[-92.44921,44.01431],[-92.4492,44.01438],[-92.44631,44.01439],[-92.44629,44.01947],[-92.44371,44.01952],[-92.439,44.02171],[-92.44336,44.0217],[-92.44334,44.02348],[-92.44525,44.02346],[-92.4462,44.02346],[-92.44718,44.02345],[-92.44886,44.02345],[-92.45385,44.02342],[-92.45724,44.02341],[-92.45711,44.02326],[-92.45671,44.02293],[-92.45618,44.02251],[-92.45601,44.02237],[-92.45581,44.02199],[-92.45576,44.02159],[-92.45574,44.02105],[-92.4559,44.02073],[-92.45638,44.02053],[-92.45678,44.02036],[-92.45679,44.02017],[-92.45714,44.02032],[-92.46282,44.02034],[-92.46307,44.02037],[-92.46456,44.02031],[-92.46597,44.02031],[-92.46596,44.02152],[-92.46741,44.02151],[-92.46739,44.0226],[-92.46658,44.02261],[-92.46656,44.02331],[-92.46741,44.02331],[-92.46741,44.02441],[-92.4646,44.02441],[-92.4646,44.02627]]],[[[-92.44868,44.02891],[-92.45012,44.02889],[-92.45011,44.0284],[-92.452,44.02839],[-92.45195,44.02618],[-92.45138,44.02619],[-92.45134,44.02488],[-92.45029,44.02479],[-92.44967,44.0248],[-92.44934,44.02481],[-92.44878,44.02482],[-92.44878,44.02479],[-92.44828,44.02482],[-92.4478,44.02486],[-92.44693,44.02494],[-92.4461,44.02504],[-92.44466,44.02525],[-92.44422,44.02532],[-92.443,44.02554],[-92.44214,44.02573],[-92.44137,44.0259],[-92.44142,44.02795],[-92.44489,44.02792],[-92.44668,44.02788],[-92.44865,44.02787],[-92.44868,44.02891]]],[[[-92.46294,44.03588],[-92.46322,44.03609],[-92.46523,44.03684],[-92.46534,44.03686],[-92.46532,44.03629],[-92.46538,44.03599],[-92.46555,44.03584],[-92.46581,44.03572],[-92.46578,44.03559],[-92.46586,44.03555],[-92.466,44.03562],[-92.4664,44.03548],[-92.46651,44.03548],[-92.46643,44.03514],[-92.46644,44.03503],[-92.46658,44.03495],[-92.46676,44.03491],[-92.46701,44.03491],[-92.46719,44.0349],[-92.46722,44.03454],[-92.46747,44.03448],[-92.46783,44.03424],[-92.46785,44.03401],[-92.46893,44.03401],[-92.46892,44.03277],[-92.46994,44.03277],[-92.46995,44.03233],[-92.46995,44.03063],[-92.46891,44.03052],[-92.46891,44.02962],[-92.46128,44.02958],[-92.46109,44.02983],[-92.46097,44.02997],[-92.46076,44.03018],[-92.4607,44.03029],[-92.46059,44.03041],[-92.46057,44.0305],[-92.45994,44.03049],[-92.45955,44.03087],[-92.45957,44.03453],[-92.46004,44.03459],[-92.46061,44.03466],[-92.46109,44.03468],[-92.46133,44.03473],[-92.46188,44.03513],[-92.46237,44.03551],[-92.46294,44.03588]]]]},"properties":{"id":"redlining-mn-rochester-8124","layer":"redlining","name":"Rochester — HOLC area C (grade C)","county":"Olmsted County","state":"MN","countyFips":"27109","confidence":"confirmed","sourceDate":"1930s","attributes":{"grade":"C","gradeMeaning":"Graded \"Definitely Declining\" — described as an area of \"infiltration of a lower grade population\", language HOLC applied to the arrival of Black, Jewish and immigrant residents.","category":"Definitely Declining","city":"Rochester","holcId":"C","areaId":8124,"residential":true,"holcFill":"#ffff00","cityScan":"https://dsl.richmond.edu/panorama/redlining/map/MN/Rochester"}}},{"type":"Feature","geometry":{"type":"MultiPolygon","coordinates":[[[[-92.45041,44.02454],[-92.45105,44.02457],[-92.45137,44.02457],[-92.45245,44.02466],[-92.45323,44.02473],[-92.45398,44.02487],[-92.45555,44.02514],[-92.45877,44.02576],[-92.4586,44.02555],[-92.45852,44.02544],[-92.45846,44.02522],[-92.45841,44.02505],[-92.45829,44.02482],[-92.45818,44.02472],[-92.45804,44.0246],[-92.45795,44.02451],[-92.45787,44.02431],[-92.45781,44.02419],[-92.45723,44.02352],[-92.45628,44.02355],[-92.45583,44.02355],[-92.44329,44.02367],[-92.44331,44.02524],[-92.44382,44.02513],[-92.4444,44.02505],[-92.44485,44.02494],[-92.44567,44.02483],[-92.44646,44.02473],[-92.44736,44.02463],[-92.44805,44.02458],[-92.44867,44.02454],[-92.44905,44.02454],[-92.45041,44.02454]]],[[[-92.4579,44.02353],[-92.458,44.02367],[-92.45814,44.02383],[-92.45826,44.02396],[-92.45848,44.02413],[-92.45856,44.02421],[-92.45865,44.02438],[-92.45876,44.02459],[-92.4589,44.02474],[-92.45896,44.02488],[-92.45907,44.02512],[-92.45915,44.02529],[-92.45926,44.02542],[-92.45943,44.02562],[-92.4595,44.02574],[-92.45963,44.02611],[-92.46124,44.02646],[-92.46279,44.02673],[-92.4628,44.02548],[-92.46261,44.02532],[-92.46243,44.0251],[-92.46225,44.02487],[-92.46215,44.0247],[-92.46206,44.02457],[-92.46197,44.02441],[-92.46186,44.02413],[-92.46182,44.02385],[-92.46178,44.02353],[-92.46174,44.02352],[-92.4579,44.02353]]],[[[-92.4646,44.02627],[-92.46464,44.02634],[-92.46504,44.02649],[-92.46585,44.02674],[-92.46663,44.02701],[-92.46697,44.02712],[-92.46727,44.02723],[-92.46808,44.0275],[-92.46874,44.02769],[-92.46944,44.02788],[-92.46944,44.02779],[-92.47037,44.02796],[-92.47215,44.02796],[-92.47215,44.02716],[-92.47201,44.02705],[-92.46731,44.02702],[-92.46604,44.02627],[-92.4646,44.02627]]],[[[-92.46021,44.02796],[-92.46104,44.02798],[-92.46106,44.02835],[-92.4611,44.02865],[-92.46108,44.0294],[-92.46942,44.02943],[-92.46943,44.02829],[-92.46909,44.02824],[-92.46775,44.02794],[-92.46644,44.02767],[-92.46354,44.02707],[-92.46225,44.02677],[-92.46133,44.02658],[-92.46058,44.0264],[-92.46022,44.0263],[-92.46021,44.02796]]],[[[-92.47385,44.02875],[-92.47896,44.02987],[-92.479,44.02994],[-92.47912,44.02997],[-92.47911,44.02866],[-92.47889,44.02867],[-92.47887,44.02826],[-92.47874,44.02807],[-92.47664,44.02807],[-92.47625,44.0279],[-92.47369,44.02787],[-92.47369,44.02858],[-92.47385,44.02861],[-92.47385,44.02875]]]]},"properties":{"id":"redlining-mn-rochester-8125","layer":"redlining","name":"Rochester — HOLC area D (grade D)","county":"Olmsted County","state":"MN","countyFips":"27109","confidence":"confirmed","sourceDate":"1930s","attributes":{"grade":"D","gradeMeaning":"Graded \"Hazardous\" — outlined in red. Lending was withheld here for decades. Grades turned explicitly on the race, ethnicity and immigration status of residents.","category":"Hazardous","city":"Rochester","holcId":"D","areaId":8125,"residential":true,"holcFill":"#d9838d","cityScan":"https://dsl.richmond.edu/panorama/redlining/map/MN/Rochester"}}},{"type":"Feature","geometry":{"type":"Polygon","coordinates":[[[-92.47039,44.02796],[-92.47037,44.02796],[-92.46944,44.02779],[-92.46944,44.02788],[-92.46874,44.02769],[-92.46808,44.0275],[-92.46727,44.02723],[-92.46697,44.02712],[-92.46663,44.02701],[-92.46585,44.02674],[-92.46504,44.02649],[-92.46464,44.02634],[-92.4646,44.02627],[-92.4646,44.02441],[-92.46741,44.02441],[-92.46741,44.02331],[-92.46656,44.02331],[-92.46658,44.02261],[-92.46739,44.0226],[-92.46741,44.02151],[-92.46596,44.02152],[-92.46597,44.02031],[-92.46456,44.02031],[-92.46307,44.02037],[-92.46282,44.02034],[-92.45714,44.02032],[-92.45695,44.0205],[-92.45595,44.02104],[-92.45607,44.02145],[-92.45627,44.02223],[-92.45745,44.02292],[-92.4579,44.02353],[-92.46174,44.02352],[-92.46178,44.02353],[-92.46182,44.02385],[-92.46186,44.02413],[-92.46197,44.02441],[-92.46206,44.02457],[-92.46215,44.0247],[-92.46225,44.02487],[-92.46243,44.0251],[-92.46261,44.02532],[-92.4628,44.02548],[-92.46279,44.02673],[-92.46124,44.02646],[-92.45963,44.02611],[-92.45881,44.02578],[-92.45631,44.02529],[-92.45388,44.02485],[-92.45245,44.02468],[-92.45106,44.02457],[-92.4497,44.02455],[-92.4486,44.02457],[-92.44731,44.02465],[-92.44532,44.02488],[-92.44135,44.02562],[-92.43862,44.02614],[-92.43864,44.02642],[-92.44058,44.02603],[-92.44296,44.02553],[-92.44493,44.02518],[-92.44664,44.02495],[-92.44876,44.0248],[-92.45031,44.02479],[-92.45246,44.02495],[-92.45448,44.02522],[-92.45659,44.02564],[-92.45884,44.0261],[-92.45907,44.02614],[-92.45998,44.0263],[-92.45994,44.0263],[-92.4599,44.02796],[-92.45882,44.02796],[-92.45877,44.03449],[-92.45957,44.03449],[-92.45955,44.03087],[-92.45994,44.03049],[-92.45994,44.03046],[-92.46062,44.03031],[-92.4611,44.02946],[-92.46103,44.02794],[-92.46021,44.02796],[-92.46023,44.02634],[-92.46058,44.0264],[-92.46133,44.02658],[-92.46225,44.02677],[-92.46354,44.02707],[-92.46644,44.02767],[-92.46775,44.02794],[-92.46909,44.02824],[-92.46943,44.02829],[-92.46943,44.02847],[-92.47913,44.03053],[-92.47912,44.02997],[-92.479,44.02994],[-92.47896,44.02987],[-92.47385,44.02875],[-92.47385,44.02874],[-92.47039,44.02796]]]},"properties":{"id":"redlining-mn-rochester-11180","layer":"redlining","name":"Rochester — HOLC area Industrial or Commercial","county":"Olmsted County","state":"MN","countyFips":"27109","confidence":"confirmed","sourceDate":"1930s","attributes":{"grade":null,"gradeMeaning":"No grade recorded on the original survey sheet.","category":"Industrial or Commercial","city":"Rochester","holcId":"Industrial or Commercial","areaId":11180,"residential":false,"holcFill":"#000000","cityScan":"https://dsl.richmond.edu/panorama/redlining/map/MN/Rochester"}}},{"type":"Feature","geometry":{"type":"MultiPolygon","coordinates":[[[[-94.78901,46.34933],[-94.79359,46.34945],[-94.7949,46.34946],[-94.79492,46.35055],[-94.79567,46.35061],[-94.79566,46.35105],[-94.79963,46.35116],[-94.79965,46.34975],[-94.7997,46.34865],[-94.80402,46.34865],[-94.80406,46.34672],[-94.80293,46.34676],[-94.80284,46.34397],[-94.79417,46.34404],[-94.79436,46.34744],[-94.78861,46.34739],[-94.78901,46.34933]]],[[[-94.78901,46.34933],[-94.78734,46.34926],[-94.78744,46.35076],[-94.78661,46.35076],[-94.78798,46.3519],[-94.78896,46.35237],[-94.78901,46.34933]]],[[[-94.80989,46.35466],[-94.81135,46.35465],[-94.81159,46.35261],[-94.81157,46.35043],[-94.8101,46.35046],[-94.81005,46.34855],[-94.8057,46.34864],[-94.80583,46.35154],[-94.81005,46.35149],[-94.81008,46.3526],[-94.80862,46.35258],[-94.80859,46.35366],[-94.81002,46.35363],[-94.80989,46.35466]]],[[[-94.78915,46.36295],[-94.78911,46.36417],[-94.79169,46.36422],[-94.79172,46.36307],[-94.7917,46.36215],[-94.79027,46.36208],[-94.79034,46.36114],[-94.7904,46.36005],[-94.78971,46.36006],[-94.78923,46.36004],[-94.78915,46.36295]]],[[[-94.79389,46.36118],[-94.79324,46.36119],[-94.79305,46.36317],[-94.79308,46.36416],[-94.79608,46.36428],[-94.79623,46.36068],[-94.79841,46.3607],[-94.79856,46.35843],[-94.79407,46.35825],[-94.79389,46.36118]]]]},"properties":{"id":"redlining-mn-staples-11018","layer":"redlining","name":"Staples — HOLC area Outlying - Undeveloped","county":"Todd County","state":"MN","countyFips":"27153","confidence":"confirmed","sourceDate":"1930s","attributes":{"grade":null,"gradeMeaning":"No grade recorded on the original survey sheet.","category":"Outlying - Undeveloped","city":"Staples","holcId":"Outlying - Undeveloped","areaId":11018,"residential":false,"holcFill":"#977669","cityScan":"https://dsl.richmond.edu/panorama/redlining/map/MN/Staples"}}},{"type":"Feature","geometry":{"type":"MultiPolygon","coordinates":[[[[-94.79961,46.35371],[-94.79961,46.35416],[-94.80497,46.35481],[-94.80989,46.35466],[-94.81002,46.35363],[-94.80859,46.35366],[-94.80292,46.35367],[-94.80291,46.35265],[-94.79966,46.35271],[-94.79964,46.35169],[-94.79963,46.35116],[-94.79566,46.35105],[-94.79567,46.35061],[-94.79492,46.35055],[-94.7949,46.34946],[-94.79359,46.34945],[-94.79358,46.34983],[-94.79356,46.35156],[-94.79316,46.35155],[-94.79309,46.35197],[-94.79219,46.35198],[-94.79212,46.35253],[-94.78896,46.35237],[-94.78905,46.35273],[-94.79359,46.35334],[-94.79426,46.35316],[-94.7943,46.35264],[-94.79789,46.3527],[-94.79788,46.35315],[-94.79959,46.35319],[-94.79961,46.35371]]],[[[-94.78371,46.3554],[-94.78388,46.35994],[-94.78923,46.36004],[-94.78925,46.3598],[-94.78928,46.35966],[-94.78921,46.3575],[-94.78771,46.35748],[-94.7877,46.35654],[-94.78485,46.35644],[-94.78457,46.35541],[-94.78457,46.35493],[-94.78619,46.35489],[-94.79208,46.35506],[-94.7921,46.35431],[-94.78357,46.35308],[-94.78371,46.3554]]]]},"properties":{"id":"redlining-mn-staples-11019","layer":"redlining","name":"Staples — HOLC area Poor","county":"Todd County","state":"MN","countyFips":"27153","confidence":"confirmed","sourceDate":"1930s","attributes":{"grade":null,"gradeMeaning":"No grade recorded on the original survey sheet.","category":"Poor","city":"Staples","holcId":"Poor","areaId":11019,"residential":true,"holcFill":"#d9838d","cityScan":"https://dsl.richmond.edu/panorama/redlining/map/MN/Staples"}}},{"type":"Feature","geometry":{"type":"MultiPolygon","coordinates":[[[[-94.78896,46.35237],[-94.79212,46.35253],[-94.79219,46.35198],[-94.79309,46.35197],[-94.79316,46.35155],[-94.79356,46.35156],[-94.79359,46.34945],[-94.78901,46.34933],[-94.78896,46.35237]]],[[[-94.80292,46.35367],[-94.80859,46.35366],[-94.80862,46.35258],[-94.81008,46.3526],[-94.81005,46.35149],[-94.80583,46.35154],[-94.8057,46.34864],[-94.80402,46.34865],[-94.7997,46.34865],[-94.79965,46.34975],[-94.80007,46.34976],[-94.8002,46.35168],[-94.79964,46.35169],[-94.79966,46.35271],[-94.80291,46.35265],[-94.80292,46.35367]],[[-94.80432,46.3507],[-94.80438,46.35172],[-94.80283,46.35173],[-94.80272,46.35071],[-94.80432,46.3507]]],[[[-94.78921,46.3575],[-94.78922,46.35656],[-94.78915,46.35603],[-94.78567,46.35594],[-94.78554,46.35545],[-94.78626,46.35543],[-94.78619,46.35489],[-94.78457,46.35493],[-94.78457,46.35541],[-94.78485,46.35644],[-94.7877,46.35654],[-94.78771,46.35748],[-94.78921,46.3575]]],[[[-94.79407,46.35825],[-94.79856,46.35843],[-94.79977,46.35848],[-94.79972,46.35573],[-94.79845,46.35568],[-94.79837,46.35601],[-94.79634,46.35596],[-94.79634,46.35571],[-94.79562,46.3557],[-94.79561,46.35662],[-94.7942,46.35661],[-94.79407,46.35825]],[[-94.79769,46.3567],[-94.7977,46.35767],[-94.79624,46.35768],[-94.79625,46.35663],[-94.79769,46.3567]]]]},"properties":{"id":"redlining-mn-staples-11020","layer":"redlining","name":"Staples — HOLC area Fair - Declining ","county":"Todd County","state":"MN","countyFips":"27153","confidence":"confirmed","sourceDate":"1930s","attributes":{"grade":null,"gradeMeaning":"No grade recorded on the original survey sheet.","category":"Fair - Declining ","city":"Staples","holcId":"Fair - Declining ","areaId":11020,"residential":true,"holcFill":"#ffff00","cityScan":"https://dsl.richmond.edu/panorama/redlining/map/MN/Staples"}}},{"type":"Feature","geometry":{"type":"Polygon","coordinates":[[[-94.78986,46.35657],[-94.78978,46.35907],[-94.79196,46.35917],[-94.79192,46.36005],[-94.79184,46.36117],[-94.79324,46.36119],[-94.79389,46.36118],[-94.79407,46.35825],[-94.7942,46.35661],[-94.7935,46.3566],[-94.79352,46.35564],[-94.79203,46.35559],[-94.78991,46.35549],[-94.78986,46.35657]]]},"properties":{"id":"redlining-mn-staples-11021","layer":"redlining","name":"Staples — HOLC area Best","county":"Todd County","state":"MN","countyFips":"27153","confidence":"confirmed","sourceDate":"1930s","attributes":{"grade":null,"gradeMeaning":"No grade recorded on the original survey sheet.","category":"Best","city":"Staples","holcId":"Best","areaId":11021,"residential":true,"holcFill":"#76a865","cityScan":"https://dsl.richmond.edu/panorama/redlining/map/MN/Staples"}}},{"type":"Feature","geometry":{"type":"MultiPolygon","coordinates":[[[[-94.78567,46.35594],[-94.78915,46.35603],[-94.78922,46.35656],[-94.78986,46.35657],[-94.78991,46.35549],[-94.79203,46.35559],[-94.79208,46.35506],[-94.78619,46.35489],[-94.78626,46.35543],[-94.78554,46.35545],[-94.78567,46.35594]]],[[[-94.78975,46.35968],[-94.78974,46.35982],[-94.78971,46.36006],[-94.7904,46.36005],[-94.79192,46.36005],[-94.79196,46.35917],[-94.78978,46.35907],[-94.78975,46.35968]]],[[[-94.7917,46.36215],[-94.79172,46.36307],[-94.79305,46.36317],[-94.79324,46.36119],[-94.79034,46.36114],[-94.79027,46.36208],[-94.7917,46.36215]]]]},"properties":{"id":"redlining-mn-staples-11022","layer":"redlining","name":"Staples — HOLC area Good ","county":"Todd County","state":"MN","countyFips":"27153","confidence":"confirmed","sourceDate":"1930s","attributes":{"grade":null,"gradeMeaning":"No grade recorded on the original survey sheet.","category":"Good ","city":"Staples","holcId":"Good ","areaId":11022,"residential":true,"holcFill":"#7cb5bd","cityScan":"https://dsl.richmond.edu/panorama/redlining/map/MN/Staples"}}},{"type":"Feature","geometry":{"type":"MultiPolygon","coordinates":[[[[-94.15157,45.55692],[-94.1535,45.55726],[-94.15437,45.55727],[-94.15742,45.55673],[-94.16099,45.55721],[-94.16108,45.55534],[-94.1612,45.55477],[-94.16247,45.55468],[-94.16425,45.5546],[-94.16457,45.55602],[-94.16423,45.55726],[-94.17405,45.55294],[-94.17266,45.55299],[-94.1726,45.54936],[-94.16859,45.54938],[-94.16722,45.54919],[-94.14891,45.54932],[-94.1491,45.55481],[-94.14877,45.55681],[-94.14989,45.5566],[-94.15157,45.55692]]],[[[-94.16345,45.56767],[-94.16634,45.5714],[-94.16758,45.57206],[-94.16764,45.5729],[-94.16866,45.57588],[-94.16942,45.5806],[-94.1712,45.58124],[-94.17319,45.58058],[-94.17382,45.57657],[-94.17331,45.57111],[-94.17246,45.57039],[-94.16862,45.56593],[-94.16839,45.56566],[-94.16345,45.56767]]]]},"properties":{"id":"redlining-mn-st-cloud-11028","layer":"redlining","name":"St. Cloud — HOLC area Best District (grade A)","county":"Stearns County","state":"MN","countyFips":"27145","confidence":"confirmed","sourceDate":"1930s","attributes":{"grade":"A","gradeMeaning":"Graded \"Best\" — new, homogeneous, and in HOLC's words \"in demand as residential locations in good times and bad\". In practice, restricted to white residents.","category":"Best District","city":"St. Cloud","holcId":"Best District","areaId":11028,"residential":true,"holcFill":"#76a865","cityScan":"https://dsl.richmond.edu/panorama/redlining/map/MN/St.Cloud"}}},{"type":"Feature","geometry":{"type":"MultiPolygon","coordinates":[[[[-94.17731,45.56043],[-94.17532,45.56057],[-94.17362,45.55861],[-94.17387,45.55823],[-94.17343,45.55741],[-94.17281,45.55631],[-94.16259,45.56054],[-94.15877,45.56219],[-94.15709,45.56256],[-94.16027,45.56426],[-94.16539,45.56214],[-94.16602,45.56188],[-94.17476,45.56176],[-94.17731,45.56043]]],[[[-94.17731,45.56043],[-94.17746,45.56111],[-94.17822,45.56161],[-94.17887,45.56196],[-94.18059,45.56234],[-94.1824,45.5627],[-94.18232,45.56341],[-94.18092,45.56342],[-94.18086,45.56399],[-94.17928,45.56402],[-94.17913,45.56429],[-94.17551,45.56418],[-94.17551,45.5634],[-94.16809,45.56342],[-94.16755,45.56277],[-94.16577,45.56273],[-94.16839,45.56566],[-94.16862,45.56593],[-94.17158,45.56597],[-94.17213,45.56584],[-94.17295,45.56565],[-94.17796,45.56595],[-94.19049,45.56597],[-94.19817,45.56585],[-94.19822,45.56231],[-94.19824,45.5605],[-94.17731,45.56043]]]]},"properties":{"id":"redlining-mn-st-cloud-11029","layer":"redlining","name":"St. Cloud — HOLC area Poor District (grade D)","county":"Stearns County","state":"MN","countyFips":"27145","confidence":"confirmed","sourceDate":"1930s","attributes":{"grade":"D","gradeMeaning":"Graded \"Hazardous\" — outlined in red. Lending was withheld here for decades. Grades turned explicitly on the race, ethnicity and immigration status of residents.","category":"Poor District","city":"St. Cloud","holcId":"Poor District","areaId":11029,"residential":true,"holcFill":"#d9838d","cityScan":"https://dsl.richmond.edu/panorama/redlining/map/MN/St.Cloud"}}},{"type":"Feature","geometry":{"type":"MultiPolygon","coordinates":[[[[-94.17266,45.55299],[-94.17405,45.55294],[-94.17626,45.55297],[-94.17629,45.55216],[-94.17567,45.55215],[-94.1756,45.55112],[-94.17529,45.55111],[-94.17525,45.54933],[-94.17395,45.54936],[-94.1739,45.54772],[-94.16868,45.54762],[-94.1682,45.54753],[-94.16335,45.54753],[-94.16346,45.54425],[-94.16078,45.54415],[-94.16122,45.54095],[-94.1565,45.54086],[-94.15647,45.54414],[-94.14873,45.5442],[-94.14905,45.54534],[-94.14919,45.54616],[-94.14905,45.54663],[-94.14999,45.54694],[-94.15044,45.5472],[-94.15068,45.54815],[-94.15019,45.54858],[-94.14899,45.54872],[-94.14891,45.54932],[-94.16722,45.54919],[-94.16859,45.54938],[-94.1726,45.54936],[-94.17266,45.55299]]],[[[-94.14883,45.55737],[-94.15043,45.5588],[-94.15293,45.5603],[-94.15491,45.5615],[-94.16169,45.5584],[-94.16103,45.55758],[-94.16099,45.55721],[-94.15742,45.55673],[-94.15437,45.55727],[-94.1535,45.55726],[-94.15157,45.55692],[-94.14989,45.5566],[-94.14877,45.55681],[-94.14883,45.55737]]],[[[-94.14749,45.56313],[-94.15157,45.56132],[-94.14955,45.56038],[-94.14841,45.55943],[-94.14668,45.55729],[-94.14481,45.55448],[-94.1445,45.54877],[-94.14281,45.54873],[-94.14277,45.54444],[-94.13991,45.54442],[-94.14009,45.55766],[-94.14132,45.55769],[-94.14134,45.55855],[-94.14215,45.55918],[-94.14415,45.55918],[-94.14749,45.56313]]],[[[-94.16027,45.56426],[-94.16201,45.5657],[-94.16345,45.56767],[-94.16839,45.56566],[-94.16577,45.56273],[-94.16539,45.56214],[-94.16027,45.56426]]],[[[-94.15282,45.56723],[-94.15835,45.57349],[-94.16397,45.57355],[-94.16323,45.57134],[-94.1631,45.57022],[-94.16246,45.56934],[-94.16178,45.56891],[-94.16132,45.56808],[-94.15972,45.5662],[-94.15914,45.56534],[-94.15813,45.56451],[-94.15677,45.56431],[-94.15282,45.56723]]],[[[-94.17246,45.57039],[-94.17331,45.57111],[-94.17382,45.57657],[-94.17752,45.57663],[-94.17744,45.57328],[-94.17725,45.57073],[-94.17343,45.56634],[-94.17213,45.56584],[-94.17158,45.56597],[-94.16862,45.56593],[-94.17246,45.57039]]]]},"properties":{"id":"redlining-mn-st-cloud-11030","layer":"redlining","name":"St. Cloud — HOLC area Good District (grade B)","county":"Stearns County","state":"MN","countyFips":"27145","confidence":"confirmed","sourceDate":"1930s","attributes":{"grade":"B","gradeMeaning":"Graded \"Still Desirable\" — expected to hold value, but nearing the end of its most desirable period.","category":"Good District","city":"St. Cloud","holcId":"Good District","areaId":11030,"residential":true,"holcFill":"#7cb5bd","cityScan":"https://dsl.richmond.edu/panorama/redlining/map/MN/St.Cloud"}}},{"type":"Feature","geometry":{"type":"MultiPolygon","coordinates":[[[[-94.19824,45.5605],[-94.19822,45.56231],[-94.20609,45.56245],[-94.20623,45.55864],[-94.20362,45.55852],[-94.20362,45.55487],[-94.19844,45.55479],[-94.19834,45.55314],[-94.18796,45.55312],[-94.18804,45.55135],[-94.18156,45.5514],[-94.17766,45.553],[-94.17194,45.55535],[-94.17281,45.55631],[-94.17343,45.55741],[-94.17387,45.55823],[-94.17362,45.55861],[-94.17532,45.56057],[-94.17731,45.56043],[-94.19824,45.5605]]],[[[-94.15272,45.57343],[-94.15835,45.57349],[-94.15282,45.56723],[-94.15272,45.57343]]],[[[-94.17744,45.57328],[-94.17752,45.57663],[-94.198,45.57705],[-94.1981,45.57309],[-94.20352,45.57316],[-94.20335,45.57141],[-94.20633,45.57175],[-94.20643,45.56968],[-94.20787,45.56975],[-94.2075,45.56618],[-94.20571,45.56584],[-94.19817,45.56585],[-94.19049,45.56597],[-94.17796,45.56595],[-94.17295,45.56565],[-94.17213,45.56584],[-94.17343,45.56634],[-94.17725,45.57073],[-94.17744,45.57328]]]]},"properties":{"id":"redlining-mn-st-cloud-11031","layer":"redlining","name":"St. Cloud — HOLC area Fair District  (grade C)","county":"Stearns County","state":"MN","countyFips":"27145","confidence":"confirmed","sourceDate":"1930s","attributes":{"grade":"C","gradeMeaning":"Graded \"Definitely Declining\" — described as an area of \"infiltration of a lower grade population\", language HOLC applied to the arrival of Black, Jewish and immigrant residents.","category":"Fair District ","city":"St. Cloud","holcId":"Fair District ","areaId":11031,"residential":true,"holcFill":"#ffff00","cityScan":"https://dsl.richmond.edu/panorama/redlining/map/MN/St.Cloud"}}},{"type":"Feature","geometry":{"type":"MultiPolygon","coordinates":[[[[-94.18796,45.55312],[-94.19834,45.55314],[-94.1982,45.54756],[-94.18149,45.54774],[-94.1739,45.54772],[-94.17395,45.54936],[-94.17525,45.54933],[-94.17529,45.55111],[-94.1756,45.55112],[-94.17567,45.55215],[-94.17629,45.55216],[-94.17626,45.55297],[-94.17766,45.553],[-94.18156,45.5514],[-94.18804,45.55135],[-94.18796,45.55312]]],[[[-94.13607,45.54444],[-94.13614,45.54801],[-94.1312,45.54811],[-94.13113,45.55294],[-94.13138,45.56138],[-94.13142,45.56422],[-94.1319,45.57378],[-94.13366,45.57375],[-94.13686,45.57115],[-94.13967,45.56923],[-94.14711,45.56597],[-94.14619,45.56436],[-94.14395,45.56113],[-94.14215,45.55918],[-94.14134,45.55855],[-94.14132,45.55769],[-94.14009,45.55766],[-94.13991,45.54442],[-94.13607,45.54444]]]]},"properties":{"id":"redlining-mn-st-cloud-11032","layer":"redlining","name":"St. Cloud — HOLC area Outlying - Sparcely Settled","county":"Stearns County","state":"MN","countyFips":"27145","confidence":"confirmed","sourceDate":"1930s","attributes":{"grade":null,"gradeMeaning":"No grade recorded on the original survey sheet.","category":"Outlying - Sparcely Settled","city":"St. Cloud","holcId":"Outlying - Sparcely Settled","areaId":11032,"residential":true,"holcFill":"#977669","cityScan":"https://dsl.richmond.edu/panorama/redlining/map/MN/St.Cloud"}}},{"type":"Feature","geometry":{"type":"MultiPolygon","coordinates":[[[[-93.15693,44.98825],[-93.16725,44.98816],[-93.16722,44.98647],[-93.15693,44.9865],[-93.15693,44.98825]]]]},"properties":{"id":"redlining-mn-st-paul-8077","layer":"redlining","name":"St. Paul — HOLC area A1 (grade A)","county":"Ramsey County","state":"MN","countyFips":"27123","confidence":"confirmed","sourceDate":"1930s","attributes":{"grade":"A","gradeMeaning":"Graded \"Best\" — new, homogeneous, and in HOLC's words \"in demand as residential locations in good times and bad\". In practice, restricted to white residents.","category":"Best","city":"St. Paul","holcId":"A1","areaId":8077,"residential":true,"holcFill":"#76a865","cityScan":"https://dsl.richmond.edu/panorama/redlining/map/MN/St.Paul"}}},{"type":"Feature","geometry":{"type":"MultiPolygon","coordinates":[[[[-93.14843,44.91949],[-93.14863,44.92],[-93.14863,44.92078],[-93.14834,44.92134],[-93.14791,44.92205],[-93.1478,44.92264],[-93.1478,44.92331],[-93.14805,44.9241],[-93.14854,44.92475],[-93.14933,44.92571],[-93.15146,44.92572],[-93.15135,44.91946],[-93.15643,44.91966],[-93.15654,44.91525],[-93.152,44.91531],[-93.15196,44.91595],[-93.15142,44.91698],[-93.15128,44.91782],[-93.15052,44.91946],[-93.15014,44.91946],[-93.15014,44.91898],[-93.14962,44.9186],[-93.14906,44.91847],[-93.14865,44.9189],[-93.1485,44.91943],[-93.14843,44.91949]]],[[[-93.18723,44.95115],[-93.18723,44.95213],[-93.1897,44.95213],[-93.18977,44.95284],[-93.19002,44.953],[-93.19071,44.953],[-93.19168,44.95319],[-93.19242,44.95349],[-93.19262,44.95376],[-93.19269,44.95516],[-93.19323,44.95548],[-93.20078,44.95556],[-93.20259,44.9574],[-93.20261,44.95741],[-93.20549,44.95388],[-93.20402,44.95346],[-93.2024,44.95202],[-93.20208,44.95172],[-93.20086,44.95091],[-93.19995,44.94998],[-93.19941,44.94893],[-93.19924,44.94774],[-93.19902,44.94685],[-93.19877,44.94604],[-93.19846,44.94501],[-93.1981,44.94429],[-93.19819,44.94364],[-93.19819,44.94318],[-93.19765,44.94296],[-93.19684,44.94297],[-93.19597,44.94319],[-93.19462,44.94324],[-93.19395,44.94329],[-93.19368,44.94304],[-93.19444,44.94249],[-93.19552,44.94225],[-93.19623,44.94199],[-93.19687,44.94169],[-93.19717,44.94136],[-93.19689,44.94115],[-93.19709,44.94065],[-93.19685,44.94024],[-93.19679,44.93968],[-93.19676,44.93877],[-93.19681,44.93802],[-93.19715,44.93684],[-93.19839,44.93467],[-93.1988,44.93412],[-93.19906,44.93366],[-93.19899,44.93332],[-93.19891,44.93296],[-93.1985,44.93224],[-93.19823,44.93119],[-93.19797,44.92997],[-93.19761,44.92817],[-93.19738,44.92716],[-93.1972,44.92655],[-93.19749,44.92566],[-93.19773,44.9251],[-93.19797,44.92429],[-93.19806,44.92359],[-93.19808,44.92301],[-93.19786,44.92204],[-93.19769,44.92156],[-93.1979,44.92088],[-93.1957,44.92082],[-93.1957,44.92083],[-93.1957,44.92089],[-93.18748,44.92078],[-93.18752,44.91972],[-93.18086,44.91958],[-93.18084,44.9161],[-93.16961,44.91603],[-93.16961,44.91511],[-93.16696,44.91513],[-93.16679,44.91954],[-93.16687,44.91954],[-93.16689,44.92157],[-93.17201,44.92159],[-93.17198,44.92681],[-93.16702,44.92687],[-93.16698,44.93418],[-93.15662,44.93426],[-93.15672,44.93873],[-93.16676,44.93864],[-93.16676,44.94302],[-93.16687,44.94302],[-93.16693,44.944],[-93.18739,44.94397],[-93.18728,44.95115],[-93.18723,44.95115]]]]},"properties":{"id":"redlining-mn-st-paul-8087","layer":"redlining","name":"St. Paul — HOLC area A2 (grade A)","county":"Ramsey County","state":"MN","countyFips":"27123","confidence":"confirmed","sourceDate":"1930s","attributes":{"grade":"A","gradeMeaning":"Graded \"Best\" — new, homogeneous, and in HOLC's words \"in demand as residential locations in good times and bad\". In practice, restricted to white residents.","category":"Best","city":"St. Paul","holcId":"A2","areaId":8087,"residential":true,"holcFill":"#76a865","cityScan":"https://dsl.richmond.edu/panorama/redlining/map/MN/St.Paul"}}},{"type":"Feature","geometry":{"type":"MultiPolygon","coordinates":[[[[-93.12056,44.93808],[-93.12299,44.94032],[-93.12487,44.94027],[-93.126,44.94024],[-93.12599,44.93962],[-93.12598,44.93698],[-93.12824,44.93703],[-93.12746,44.93671],[-93.12685,44.93638],[-93.1264,44.93583],[-93.12613,44.9355],[-93.12056,44.93808]]]]},"properties":{"id":"redlining-mn-st-paul-8115","layer":"redlining","name":"St. Paul — HOLC area A3 (grade A)","county":"Ramsey County","state":"MN","countyFips":"27123","confidence":"confirmed","sourceDate":"1930s","attributes":{"grade":"A","gradeMeaning":"Graded \"Best\" — new, homogeneous, and in HOLC's words \"in demand as residential locations in good times and bad\". In practice, restricted to white residents.","category":"Best","city":"St. Paul","holcId":"A3","areaId":8115,"residential":true,"holcFill":"#76a865","cityScan":"https://dsl.richmond.edu/panorama/redlining/map/MN/St.Paul"}}},{"type":"Feature","geometry":{"type":"MultiPolygon","coordinates":[[[[-93.13541,44.97739],[-93.13542,44.97746],[-93.13548,44.98135],[-93.13662,44.98171],[-93.1366,44.98509],[-93.13806,44.98627],[-93.14248,44.98632],[-93.14242,44.98521],[-93.14176,44.98478],[-93.14176,44.98366],[-93.14111,44.98354],[-93.14054,44.98308],[-93.14047,44.98248],[-93.14009,44.98204],[-93.13966,44.98171],[-93.13924,44.98115],[-93.13909,44.98038],[-93.13887,44.97988],[-93.13849,44.97936],[-93.13821,44.97876],[-93.13795,44.97837],[-93.13785,44.9782],[-93.13775,44.97807],[-93.13759,44.978],[-93.13746,44.97793],[-93.13709,44.97791],[-93.13663,44.97792],[-93.13624,44.97794],[-93.13605,44.97783],[-93.13588,44.97745],[-93.13599,44.97719],[-93.13652,44.97678],[-93.13752,44.97641],[-93.13823,44.97609],[-93.13905,44.97592],[-93.13959,44.97615],[-93.14048,44.97663],[-93.14128,44.97713],[-93.14174,44.97725],[-93.14246,44.97732],[-93.14301,44.9777],[-93.14322,44.97829],[-93.14326,44.97883],[-93.14387,44.97981],[-93.14451,44.97905],[-93.14565,44.97885],[-93.14567,44.97856],[-93.14548,44.97852],[-93.14536,44.97729],[-93.14456,44.97687],[-93.14259,44.97588],[-93.14211,44.97619],[-93.14163,44.97651],[-93.14149,44.97646],[-93.14145,44.97645],[-93.14082,44.97632],[-93.14019,44.97597],[-93.13989,44.97563],[-93.13977,44.97514],[-93.13941,44.97513],[-93.13897,44.97543],[-93.13776,44.97557],[-93.13694,44.97592],[-93.13628,44.97627],[-93.13613,44.97618],[-93.13608,44.97634],[-93.13599,44.97658],[-93.13552,44.97685],[-93.13543,44.97737],[-93.13541,44.97739]]]]},"properties":{"id":"redlining-mn-st-paul-8104","layer":"redlining","name":"St. Paul — HOLC area A4 (grade A)","county":"Ramsey County","state":"MN","countyFips":"27123","confidence":"confirmed","sourceDate":"1930s","attributes":{"grade":"A","gradeMeaning":"Graded \"Best\" — new, homogeneous, and in HOLC's words \"in demand as residential locations in good times and bad\". In practice, restricted to white residents.","category":"Best","city":"St. Paul","holcId":"A4","areaId":8104,"residential":true,"holcFill":"#76a865","cityScan":"https://dsl.richmond.edu/panorama/redlining/map/MN/St.Paul"}}},{"type":"Feature","geometry":{"type":"MultiPolygon","coordinates":[[[[-93.06561,44.97731],[-93.06508,44.97731],[-93.04946,44.97725],[-93.04942,44.97748],[-93.04957,44.97838],[-93.05057,44.9794],[-93.05181,44.9795],[-93.05247,44.98029],[-93.05283,44.98028],[-93.05291,44.98106],[-93.05566,44.98107],[-93.05566,44.9793],[-93.05917,44.97934],[-93.05926,44.98106],[-93.06089,44.9811],[-93.0609,44.98465],[-93.06592,44.9847],[-93.06593,44.9856],[-93.07109,44.98563],[-93.0711,44.98636],[-93.07366,44.98638],[-93.07366,44.98637],[-93.07371,44.9828],[-93.06608,44.98277],[-93.06603,44.97793],[-93.06602,44.97735],[-93.06602,44.97731],[-93.06596,44.97732],[-93.06561,44.97731]]]]},"properties":{"id":"redlining-mn-st-paul-8098","layer":"redlining","name":"St. Paul — HOLC area A5 (grade A)","county":"Ramsey County","state":"MN","countyFips":"27123","confidence":"confirmed","sourceDate":"1930s","attributes":{"grade":"A","gradeMeaning":"Graded \"Best\" — new, homogeneous, and in HOLC's words \"in demand as residential locations in good times and bad\". In practice, restricted to white residents.","category":"Best","city":"St. Paul","holcId":"A5","areaId":8098,"residential":true,"holcFill":"#76a865","cityScan":"https://dsl.richmond.edu/panorama/redlining/map/MN/St.Paul"}}},{"type":"Feature","geometry":{"type":"MultiPolygon","coordinates":[[[[-93.10712,44.9195],[-93.10712,44.91951],[-93.1058,44.91952],[-93.10595,44.92649],[-93.10474,44.92655],[-93.10467,44.92757],[-93.10339,44.92764],[-93.10336,44.92955],[-93.10198,44.92958],[-93.10186,44.931],[-93.10224,44.93088],[-93.10331,44.93027],[-93.1041,44.9298],[-93.10468,44.92933],[-93.10508,44.92884],[-93.10507,44.92845],[-93.1053,44.92771],[-93.10582,44.9271],[-93.10645,44.92688],[-93.10722,44.92664],[-93.10779,44.92627],[-93.10816,44.92575],[-93.10827,44.92525],[-93.10818,44.92474],[-93.10821,44.92368],[-93.1084,44.92342],[-93.10894,44.92327],[-93.10933,44.92307],[-93.10966,44.92274],[-93.10965,44.92235],[-93.10939,44.9218],[-93.10909,44.92119],[-93.10894,44.92087],[-93.10907,44.92055],[-93.10985,44.91956],[-93.10716,44.91951],[-93.10712,44.9195]]]]},"properties":{"id":"redlining-mn-st-paul-8112","layer":"redlining","name":"St. Paul — HOLC area A6 (grade A)","county":"Ramsey County","state":"MN","countyFips":"27123","confidence":"confirmed","sourceDate":"1930s","attributes":{"grade":"A","gradeMeaning":"Graded \"Best\" — new, homogeneous, and in HOLC's words \"in demand as residential locations in good times and bad\". In practice, restricted to white residents.","category":"Best","city":"St. Paul","holcId":"A6","areaId":8112,"residential":true,"holcFill":"#76a865","cityScan":"https://dsl.richmond.edu/panorama/redlining/map/MN/St.Paul"}}},{"type":"Feature","geometry":{"type":"MultiPolygon","coordinates":[[[[-93.18757,44.97737],[-93.18717,44.97725],[-93.18714,44.97724],[-93.18714,44.97732],[-93.18714,44.97733],[-93.18739,44.98791],[-93.19254,44.98781],[-93.19269,44.98972],[-93.19905,44.98943],[-93.1991,44.98765],[-93.20309,44.9876],[-93.20276,44.97843],[-93.20273,44.97842],[-93.1979,44.977],[-93.19784,44.97704],[-93.19768,44.97713],[-93.19598,44.97815],[-93.1933,44.97815],[-93.19361,44.97949],[-93.18757,44.97737]]]]},"properties":{"id":"redlining-mn-st-paul-8078","layer":"redlining","name":"St. Paul — HOLC area B1 (grade B)","county":"Ramsey County","state":"MN","countyFips":"27123","confidence":"confirmed","sourceDate":"1930s","attributes":{"grade":"B","gradeMeaning":"Graded \"Still Desirable\" — expected to hold value, but nearing the end of its most desirable period.","category":"Still Desirable","city":"St. Paul","holcId":"B1","areaId":8078,"residential":true,"holcFill":"#7cb5bd","cityScan":"https://dsl.richmond.edu/panorama/redlining/map/MN/St.Paul"}}},{"type":"Feature","geometry":{"type":"MultiPolygon","coordinates":[[[[-93.08376,44.92971],[-93.08366,44.93089],[-93.08363,44.93124],[-93.08357,44.93141],[-93.08448,44.93143],[-93.08375,44.93227],[-93.08476,44.93227],[-93.08472,44.93297],[-93.08466,44.93329],[-93.0847,44.93377],[-93.08476,44.93406],[-93.08505,44.93501],[-93.08615,44.93572],[-93.08672,44.93533],[-93.08745,44.93554],[-93.0883,44.93548],[-93.08925,44.93534],[-93.09026,44.93516],[-93.0911,44.93472],[-93.0922,44.93427],[-93.09225,44.9339],[-93.09369,44.93391],[-93.09506,44.93451],[-93.09568,44.93406],[-93.09614,44.93397],[-93.09683,44.93401],[-93.09684,44.93401],[-93.09734,44.93353],[-93.09727,44.93341],[-93.0968,44.93299],[-93.09664,44.93282],[-93.09686,44.9327],[-93.09718,44.93269],[-93.09763,44.93283],[-93.09818,44.93273],[-93.09892,44.93244],[-93.10037,44.93182],[-93.10186,44.93107],[-93.10186,44.931],[-93.10198,44.92958],[-93.10336,44.92955],[-93.10339,44.92764],[-93.10467,44.92757],[-93.10474,44.92655],[-93.10595,44.92649],[-93.1058,44.91952],[-93.10712,44.91951],[-93.10712,44.9195],[-93.10702,44.91351],[-93.1051,44.9135],[-93.10132,44.91637],[-93.09926,44.91593],[-93.09547,44.91589],[-93.09146,44.91591],[-93.0914,44.91393],[-93.08844,44.9139],[-93.08837,44.91232],[-93.08091,44.91228],[-93.0809,44.91604],[-93.08089,44.91947],[-93.09114,44.9195],[-93.09122,44.92314],[-93.09445,44.92314],[-93.09449,44.9271],[-93.08975,44.9271],[-93.08969,44.92964],[-93.08376,44.92967],[-93.08376,44.92971]]]]},"properties":{"id":"redlining-mn-st-paul-8111","layer":"redlining","name":"St. Paul — HOLC area B10 (grade B)","county":"Ramsey County","state":"MN","countyFips":"27123","confidence":"confirmed","sourceDate":"1930s","attributes":{"grade":"B","gradeMeaning":"Graded \"Still Desirable\" — expected to hold value, but nearing the end of its most desirable period.","category":"Still Desirable","city":"St. Paul","holcId":"B10","areaId":8111,"residential":true,"holcFill":"#7cb5bd","cityScan":"https://dsl.richmond.edu/panorama/redlining/map/MN/St.Paul"}}},{"type":"Feature","geometry":{"type":"MultiPolygon","coordinates":[[[[-93.0476,44.88895],[-93.04756,44.88342],[-93.03762,44.88339],[-93.03748,44.89062],[-93.03739,44.89065],[-93.03726,44.89274],[-93.03836,44.89382],[-93.0432,44.89382],[-93.04277,44.89442],[-93.05013,44.89437],[-93.05009,44.88894],[-93.0476,44.88895]]]]},"properties":{"id":"redlining-mn-st-paul-8109","layer":"redlining","name":"St. Paul — HOLC area B11 (grade B)","county":"Dakota County","state":"MN","countyFips":"27037","confidence":"confirmed","sourceDate":"1930s","attributes":{"grade":"B","gradeMeaning":"Graded \"Still Desirable\" — expected to hold value, but nearing the end of its most desirable period.","category":"Still Desirable","city":"St. Paul","holcId":"B11","areaId":8109,"residential":true,"holcFill":"#7cb5bd","cityScan":"https://dsl.richmond.edu/panorama/redlining/map/MN/St.Paul"}}},{"type":"Feature","geometry":{"type":"MultiPolygon","coordinates":[[[[-93.1957,44.92082],[-93.19563,44.91795],[-93.18759,44.91785],[-93.18752,44.9197],[-93.18752,44.91972],[-93.18748,44.92078],[-93.1957,44.92089],[-93.1957,44.92083],[-93.1957,44.92082]]]]},"properties":{"id":"redlining-mn-st-paul-8119","layer":"redlining","name":"St. Paul — HOLC area B12 (grade B)","county":"Ramsey County","state":"MN","countyFips":"27123","confidence":"confirmed","sourceDate":"1930s","attributes":{"grade":"B","gradeMeaning":"Graded \"Still Desirable\" — expected to hold value, but nearing the end of its most desirable period.","category":"Still Desirable","city":"St. Paul","holcId":"B12","areaId":8119,"residential":true,"holcFill":"#7cb5bd","cityScan":"https://dsl.richmond.edu/panorama/redlining/map/MN/St.Paul"}}},{"type":"Feature","geometry":{"type":"MultiPolygon","coordinates":[[[[-93.13469,44.97402],[-93.13377,44.9745],[-93.13289,44.97465],[-93.13307,44.97766],[-93.1335,44.97813],[-93.13431,44.97829],[-93.13431,44.97829],[-93.13541,44.97739],[-93.13543,44.97737],[-93.13552,44.97685],[-93.13599,44.97658],[-93.13608,44.97634],[-93.13613,44.97618],[-93.13615,44.97615],[-93.13572,44.97534],[-93.13538,44.97472],[-93.13469,44.97402]]],[[[-93.14149,44.97646],[-93.14163,44.97651],[-93.14211,44.97619],[-93.14259,44.97588],[-93.14456,44.97687],[-93.14536,44.97729],[-93.14548,44.97852],[-93.14567,44.97856],[-93.14601,44.97863],[-93.14667,44.97866],[-93.14709,44.97866],[-93.14714,44.97852],[-93.1472,44.97834],[-93.147,44.97814],[-93.14661,44.97789],[-93.14628,44.97782],[-93.14622,44.97512],[-93.14619,44.97482],[-93.14618,44.97474],[-93.14143,44.97474],[-93.14149,44.97643],[-93.14149,44.97646]]],[[[-93.15693,44.98825],[-93.15693,44.9865],[-93.16722,44.98647],[-93.16732,44.98647],[-93.16704,44.97826],[-93.167,44.97521],[-93.15693,44.97536],[-93.15693,44.98481],[-93.15339,44.98484],[-93.15335,44.98841],[-93.15693,44.98846],[-93.15693,44.98825]]]]},"properties":{"id":"redlining-mn-st-paul-8076","layer":"redlining","name":"St. Paul — HOLC area B2 (grade B)","county":"Ramsey County","state":"MN","countyFips":"27123","confidence":"confirmed","sourceDate":"1930s","attributes":{"grade":"B","gradeMeaning":"Graded \"Still Desirable\" — expected to hold value, but nearing the end of its most desirable period.","category":"Still Desirable","city":"St. Paul","holcId":"B2","areaId":8076,"residential":true,"holcFill":"#7cb5bd","cityScan":"https://dsl.richmond.edu/panorama/redlining/map/MN/St.Paul"}}},{"type":"Feature","geometry":{"type":"MultiPolygon","coordinates":[[[[-93.14671,44.95683],[-93.14658,44.96674],[-93.14658,44.96684],[-93.14669,44.96684],[-93.17711,44.96674],[-93.17721,44.96295],[-93.17732,44.95937],[-93.17198,44.95944],[-93.17181,44.95576],[-93.17181,44.9557],[-93.16685,44.95571],[-93.14672,44.95577],[-93.14671,44.95683]]]]},"properties":{"id":"redlining-mn-st-paul-8082","layer":"redlining","name":"St. Paul — HOLC area B3 (grade B)","county":"Ramsey County","state":"MN","countyFips":"27123","confidence":"confirmed","sourceDate":"1930s","attributes":{"grade":"B","gradeMeaning":"Graded \"Still Desirable\" — expected to hold value, but nearing the end of its most desirable period.","category":"Still Desirable","city":"St. Paul","holcId":"B3","areaId":8082,"residential":true,"holcFill":"#7cb5bd","cityScan":"https://dsl.richmond.edu/panorama/redlining/map/MN/St.Paul"}}},{"type":"Feature","geometry":{"type":"MultiPolygon","coordinates":[[[[-93.1667,44.94881],[-93.17445,44.94879],[-93.17454,44.95062],[-93.1855,44.95065],[-93.1855,44.95101],[-93.1864,44.95104],[-93.18723,44.95106],[-93.18723,44.95115],[-93.18728,44.95115],[-93.18739,44.94397],[-93.16693,44.944],[-93.16687,44.94302],[-93.16676,44.94302],[-93.1594,44.94305],[-93.15892,44.94305],[-93.15893,44.94323],[-93.1591,44.94602],[-93.16666,44.94604],[-93.16668,44.94705],[-93.1667,44.94881]]]]},"properties":{"id":"redlining-mn-st-paul-8084","layer":"redlining","name":"St. Paul — HOLC area B4 (grade B)","county":"Ramsey County","state":"MN","countyFips":"27123","confidence":"confirmed","sourceDate":"1930s","attributes":{"grade":"B","gradeMeaning":"Graded \"Still Desirable\" — expected to hold value, but nearing the end of its most desirable period.","category":"Still Desirable","city":"St. Paul","holcId":"B4","areaId":8084,"residential":true,"holcFill":"#7cb5bd","cityScan":"https://dsl.richmond.edu/panorama/redlining/map/MN/St.Paul"}}},{"type":"Feature","geometry":{"type":"MultiPolygon","coordinates":[[[[-93.15655,44.94196],[-93.15669,44.94323],[-93.15893,44.94323],[-93.15892,44.94305],[-93.1594,44.94305],[-93.16676,44.94302],[-93.16676,44.93864],[-93.15672,44.93873],[-93.15662,44.93426],[-93.16698,44.93418],[-93.16702,44.92687],[-93.17198,44.92681],[-93.17201,44.92159],[-93.16689,44.92157],[-93.16687,44.91954],[-93.16679,44.91954],[-93.1656,44.91956],[-93.1656,44.91956],[-93.15662,44.91963],[-93.15662,44.91967],[-93.15643,44.91966],[-93.15135,44.91946],[-93.15146,44.92572],[-93.14933,44.92571],[-93.14854,44.92475],[-93.14805,44.9241],[-93.1478,44.92331],[-93.1478,44.92264],[-93.14791,44.92205],[-93.14834,44.92134],[-93.14863,44.92078],[-93.14863,44.92],[-93.14843,44.91949],[-93.14843,44.91949],[-93.14696,44.91949],[-93.14657,44.91949],[-93.14658,44.92237],[-93.14658,44.92261],[-93.1466,44.9293],[-93.1466,44.92957],[-93.1466,44.92969],[-93.15153,44.92969],[-93.15163,44.93966],[-93.15163,44.94038],[-93.15165,44.94209],[-93.15165,44.94221],[-93.15165,44.94221],[-93.15176,44.94221],[-93.1525,44.94221],[-93.15268,44.94221],[-93.15271,44.94221],[-93.15244,44.94188],[-93.15655,44.94196]]]]},"properties":{"id":"redlining-mn-st-paul-8085","layer":"redlining","name":"St. Paul — HOLC area B5 (grade B)","county":"Ramsey County","state":"MN","countyFips":"27123","confidence":"confirmed","sourceDate":"1930s","attributes":{"grade":"B","gradeMeaning":"Graded \"Still Desirable\" — expected to hold value, but nearing the end of its most desirable period.","category":"Still Desirable","city":"St. Paul","holcId":"B5","areaId":8085,"residential":true,"holcFill":"#7cb5bd","cityScan":"https://dsl.richmond.edu/panorama/redlining/map/MN/St.Paul"}}},{"type":"Feature","geometry":{"type":"MultiPolygon","coordinates":[[[[-93.15165,44.94221],[-93.15165,44.94221],[-93.15165,44.94209],[-93.15163,44.94038],[-93.15163,44.93966],[-93.1515,44.93927],[-93.15137,44.93884],[-93.15068,44.937],[-93.1502,44.93537],[-93.14931,44.9339],[-93.148,44.93274],[-93.14592,44.93202],[-93.14356,44.93157],[-93.1416,44.93156],[-93.139,44.93196],[-93.13647,44.93237],[-93.13597,44.93245],[-93.1333,44.93277],[-93.13197,44.93267],[-93.13202,44.93264],[-93.13165,44.93271],[-93.12146,44.93275],[-93.12156,44.93428],[-93.12829,44.93429],[-93.12609,44.93545],[-93.12613,44.9355],[-93.1264,44.93583],[-93.12685,44.93638],[-93.12746,44.93671],[-93.12824,44.93703],[-93.12598,44.93698],[-93.12599,44.93962],[-93.126,44.94024],[-93.12487,44.94027],[-93.12299,44.94032],[-93.12056,44.93808],[-93.12052,44.93804],[-93.11342,44.94149],[-93.1135,44.94149],[-93.1158,44.9415],[-93.11588,44.94249],[-93.11589,44.9426],[-93.12547,44.94263],[-93.12626,44.94263],[-93.13623,44.94266],[-93.13623,44.94869],[-93.14648,44.94867],[-93.14643,44.94224],[-93.15165,44.94221]]]]},"properties":{"id":"redlining-mn-st-paul-8092","layer":"redlining","name":"St. Paul — HOLC area B6 (grade B)","county":"Ramsey County","state":"MN","countyFips":"27123","confidence":"confirmed","sourceDate":"1930s","attributes":{"grade":"B","gradeMeaning":"Graded \"Still Desirable\" — expected to hold value, but nearing the end of its most desirable period.","category":"Still Desirable","city":"St. Paul","holcId":"B6","areaId":8092,"residential":true,"holcFill":"#7cb5bd","cityScan":"https://dsl.richmond.edu/panorama/redlining/map/MN/St.Paul"}}},{"type":"Feature","geometry":{"type":"MultiPolygon","coordinates":[[[[-93.14942,44.91213],[-93.1493,44.91221],[-93.12174,44.93076],[-93.1347,44.93059],[-93.13504,44.93059],[-93.13504,44.9292],[-93.13544,44.9292],[-93.13615,44.9292],[-93.13615,44.92909],[-93.13617,44.92865],[-93.13857,44.92865],[-93.13862,44.92677],[-93.14132,44.92679],[-93.14132,44.92577],[-93.1443,44.92579],[-93.14423,44.92239],[-93.14658,44.92237],[-93.14657,44.91949],[-93.14696,44.91949],[-93.14791,44.91782],[-93.14942,44.91213]]]]},"properties":{"id":"redlining-mn-st-paul-8089","layer":"redlining","name":"St. Paul — HOLC area B7 (grade B)","county":"Ramsey County","state":"MN","countyFips":"27123","confidence":"confirmed","sourceDate":"1930s","attributes":{"grade":"B","gradeMeaning":"Graded \"Still Desirable\" — expected to hold value, but nearing the end of its most desirable period.","category":"Still Desirable","city":"St. Paul","holcId":"B7","areaId":8089,"residential":true,"holcFill":"#7cb5bd","cityScan":"https://dsl.richmond.edu/panorama/redlining/map/MN/St.Paul"}}},{"type":"Feature","geometry":{"type":"MultiPolygon","coordinates":[[[[-93.06086,44.96756],[-93.06089,44.96933],[-93.05557,44.96926],[-93.05557,44.96913],[-93.05165,44.96923],[-93.05166,44.97011],[-93.05031,44.97013],[-93.05028,44.97282],[-93.04773,44.97282],[-93.04774,44.97492],[-93.04841,44.97724],[-93.04946,44.97725],[-93.06508,44.97731],[-93.06561,44.97731],[-93.06596,44.97732],[-93.06602,44.96757],[-93.0651,44.96757],[-93.06086,44.96756]]],[[[-93.07366,44.98637],[-93.07618,44.9864],[-93.07621,44.98122],[-93.07622,44.98026],[-93.0737,44.98018],[-93.07375,44.97736],[-93.06613,44.97728],[-93.06602,44.97731],[-93.06602,44.97735],[-93.06603,44.97793],[-93.06608,44.98277],[-93.07371,44.9828],[-93.07366,44.98637]]],[[[-93.04926,44.9921],[-93.05225,44.99209],[-93.05208,44.99169],[-93.05165,44.9912],[-93.05178,44.99065],[-93.05201,44.99015],[-93.05235,44.98953],[-93.05257,44.98888],[-93.05235,44.9883],[-93.05182,44.98781],[-93.05128,44.98733],[-93.05074,44.98692],[-93.04997,44.98655],[-93.04932,44.98621],[-93.04926,44.9921]]]]},"properties":{"id":"redlining-mn-st-paul-8097","layer":"redlining","name":"St. Paul — HOLC area B8 (grade B)","county":"Ramsey County","state":"MN","countyFips":"27123","confidence":"confirmed","sourceDate":"1930s","attributes":{"grade":"B","gradeMeaning":"Graded \"Still Desirable\" — expected to hold value, but nearing the end of its most desirable period.","category":"Still Desirable","city":"St. Paul","holcId":"B8","areaId":8097,"residential":true,"holcFill":"#7cb5bd","cityScan":"https://dsl.richmond.edu/panorama/redlining/map/MN/St.Paul"}}},{"type":"Feature","geometry":{"type":"MultiPolygon","coordinates":[[[[-93.02771,44.9771],[-93.02342,44.97708],[-93.01979,44.97707],[-93.01974,44.98453],[-93.00956,44.98452],[-93.00954,44.99212],[-93.02503,44.99214],[-93.02522,44.97756],[-93.02776,44.97755],[-93.02771,44.9771]]]]},"properties":{"id":"redlining-mn-st-paul-8105","layer":"redlining","name":"St. Paul — HOLC area B9 (grade B)","county":"Ramsey County","state":"MN","countyFips":"27123","confidence":"confirmed","sourceDate":"1930s","attributes":{"grade":"B","gradeMeaning":"Graded \"Still Desirable\" — expected to hold value, but nearing the end of its most desirable period.","category":"Still Desirable","city":"St. Paul","holcId":"B9","areaId":8105,"residential":true,"holcFill":"#7cb5bd","cityScan":"https://dsl.richmond.edu/panorama/redlining/map/MN/St.Paul"}}},{"type":"Feature","geometry":{"type":"MultiPolygon","coordinates":[[[[-93.1466,44.96755],[-93.15907,44.969],[-93.18219,44.9689],[-93.18202,44.96299],[-93.17721,44.96295],[-93.17711,44.96674],[-93.14669,44.96684],[-93.14658,44.96684],[-93.14655,44.96684],[-93.1463,44.96751],[-93.1466,44.96755]]],[[[-93.18813,44.97533],[-93.18804,44.97531],[-93.18717,44.97725],[-93.18757,44.97737],[-93.19361,44.97949],[-93.1933,44.97815],[-93.19598,44.97815],[-93.19768,44.97713],[-93.19784,44.97704],[-93.18813,44.97533]]]]},"properties":{"id":"redlining-mn-st-paul-8079","layer":"redlining","name":"St. Paul — HOLC area C1 (grade C)","county":"Ramsey County","state":"MN","countyFips":"27123","confidence":"confirmed","sourceDate":"1930s","attributes":{"grade":"C","gradeMeaning":"Graded \"Definitely Declining\" — described as an area of \"infiltration of a lower grade population\", language HOLC applied to the arrival of Black, Jewish and immigrant residents.","category":"Definitely Declining","city":"St. Paul","holcId":"C1","areaId":8079,"residential":true,"holcFill":"#ffff00","cityScan":"https://dsl.richmond.edu/panorama/redlining/map/MN/St.Paul"}}},{"type":"Feature","geometry":{"type":"MultiPolygon","coordinates":[[[[-93.17181,44.95576],[-93.17212,44.95574],[-93.17556,44.95572],[-93.17626,44.95592],[-93.18225,44.95811],[-93.18215,44.95398],[-93.19365,44.95764],[-93.19789,44.95887],[-93.1991,44.95923],[-93.20138,44.95955],[-93.20249,44.95951],[-93.20372,44.95936],[-93.20365,44.95783],[-93.20261,44.95741],[-93.20259,44.9574],[-93.20078,44.95556],[-93.19323,44.95548],[-93.19269,44.95516],[-93.19262,44.95376],[-93.19242,44.95349],[-93.19168,44.95319],[-93.19071,44.953],[-93.19002,44.953],[-93.18977,44.95284],[-93.1897,44.95213],[-93.18723,44.95213],[-93.18723,44.95115],[-93.18723,44.95106],[-93.1864,44.95104],[-93.1855,44.95101],[-93.1855,44.95065],[-93.17454,44.95062],[-93.17445,44.94879],[-93.1667,44.94881],[-93.16042,44.94882],[-93.16039,44.95193],[-93.16672,44.95237],[-93.16685,44.95571],[-93.17181,44.9557],[-93.17181,44.95576]]]]},"properties":{"id":"redlining-mn-st-paul-8083","layer":"redlining","name":"St. Paul — HOLC area C2 (grade C)","county":"Ramsey County","state":"MN","countyFips":"27123","confidence":"confirmed","sourceDate":"1930s","attributes":{"grade":"C","gradeMeaning":"Graded \"Definitely Declining\" — described as an area of \"infiltration of a lower grade population\", language HOLC applied to the arrival of Black, Jewish and immigrant residents.","category":"Definitely Declining","city":"St. Paul","holcId":"C2","areaId":8083,"residential":true,"holcFill":"#ffff00","cityScan":"https://dsl.richmond.edu/panorama/redlining/map/MN/St.Paul"}}},{"type":"Feature","geometry":{"type":"MultiPolygon","coordinates":[[[[-93.12904,44.98081],[-93.1295,44.98091],[-93.13083,44.98039],[-93.13175,44.9799],[-93.1324,44.9795],[-93.13357,44.97894],[-93.13431,44.97829],[-93.1335,44.97813],[-93.13307,44.97766],[-93.13289,44.97465],[-93.13377,44.9745],[-93.13469,44.97402],[-93.13538,44.97472],[-93.13572,44.97534],[-93.13615,44.97615],[-93.13613,44.97618],[-93.13628,44.97627],[-93.13694,44.97592],[-93.13776,44.97557],[-93.13897,44.97543],[-93.13941,44.97513],[-93.13977,44.97514],[-93.13989,44.97563],[-93.14019,44.97597],[-93.14082,44.97632],[-93.14145,44.97645],[-93.14149,44.97646],[-93.14149,44.97643],[-93.14143,44.97474],[-93.14618,44.97474],[-93.14619,44.97482],[-93.14673,44.97473],[-93.1466,44.96757],[-93.1466,44.96755],[-93.1463,44.96751],[-93.14655,44.96684],[-93.14658,44.96684],[-93.14658,44.96674],[-93.14671,44.95683],[-93.11583,44.95675],[-93.11583,44.95682],[-93.11593,44.95682],[-93.11596,44.96311],[-93.11582,44.96311],[-93.11579,44.96548],[-93.11593,44.96551],[-93.11593,44.96728],[-93.10998,44.96728],[-93.10991,44.97016],[-93.10624,44.97016],[-93.10624,44.96542],[-93.10171,44.9654],[-93.10168,44.96468],[-93.09692,44.96471],[-93.0967,44.97744],[-93.09663,44.97744],[-93.09667,44.97834],[-93.11612,44.97827],[-93.11609,44.97747],[-93.12308,44.97747],[-93.12316,44.97743],[-93.12898,44.97531],[-93.12904,44.98081]],[[-93.12615,44.97122],[-93.12362,44.97124],[-93.12362,44.96949],[-93.12092,44.96944],[-93.12097,44.96851],[-93.11857,44.96751],[-93.11855,44.96316],[-93.12618,44.96323],[-93.12615,44.97122]]]]},"properties":{"id":"redlining-mn-st-paul-8122","layer":"redlining","name":"St. Paul — HOLC area C3 (grade C)","county":"Ramsey County","state":"MN","countyFips":"27123","confidence":"confirmed","sourceDate":"1930s","attributes":{"grade":"C","gradeMeaning":"Graded \"Definitely Declining\" — described as an area of \"infiltration of a lower grade population\", language HOLC applied to the arrival of Black, Jewish and immigrant residents.","category":"Definitely Declining","city":"St. Paul","holcId":"C3","areaId":8122,"residential":true,"holcFill":"#ffff00","cityScan":"https://dsl.richmond.edu/panorama/redlining/map/MN/St.Paul"}}},{"type":"Feature","geometry":{"type":"MultiPolygon","coordinates":[[[[-93.06602,44.97731],[-93.06613,44.97728],[-93.07375,44.97736],[-93.0737,44.98018],[-93.07622,44.98026],[-93.07621,44.98122],[-93.07624,44.98124],[-93.08153,44.9813],[-93.08154,44.97982],[-93.08632,44.97978],[-93.08631,44.98614],[-93.08572,44.98734],[-93.08519,44.98825],[-93.08371,44.98986],[-93.0849,44.99071],[-93.0966,44.99066],[-93.09677,44.97974],[-93.0865,44.97974],[-93.08639,44.97735],[-93.08641,44.97714],[-93.08632,44.97026],[-93.07634,44.9702],[-93.07633,44.96757],[-93.06602,44.96757],[-93.06596,44.97732],[-93.06602,44.97731]]]]},"properties":{"id":"redlining-mn-st-paul-8107","layer":"redlining","name":"St. Paul — HOLC area C4 (grade C)","county":"Ramsey County","state":"MN","countyFips":"27123","confidence":"confirmed","sourceDate":"1930s","attributes":{"grade":"C","gradeMeaning":"Graded \"Definitely Declining\" — described as an area of \"infiltration of a lower grade population\", language HOLC applied to the arrival of Black, Jewish and immigrant residents.","category":"Definitely Declining","city":"St. Paul","holcId":"C4","areaId":8107,"residential":true,"holcFill":"#ffff00","cityScan":"https://dsl.richmond.edu/panorama/redlining/map/MN/St.Paul"}}},{"type":"Feature","geometry":{"type":"MultiPolygon","coordinates":[[[[-93.07699,44.95699],[-93.0761,44.95739],[-93.07498,44.95624],[-93.07368,44.95603],[-93.07296,44.95549],[-93.07134,44.95397],[-93.07018,44.95314],[-93.06925,44.95289],[-93.07049,44.95224],[-93.06571,44.94818],[-93.06137,44.94687],[-93.05978,44.94799],[-93.05861,44.94729],[-93.05179,44.94722],[-93.05099,44.94785],[-93.04848,44.94887],[-93.0475,44.94939],[-93.04741,44.9502],[-93.04765,44.95097],[-93.04808,44.95136],[-93.04893,44.95186],[-93.04909,44.95209],[-93.04359,44.9521],[-93.04357,44.96114],[-93.02505,44.96105],[-93.02508,44.96293],[-93.01213,44.96288],[-93.01211,44.96487],[-93.01129,44.96524],[-93.01019,44.96593],[-93.00914,44.96705],[-93.00846,44.96804],[-93.00799,44.96915],[-93.01082,44.96915],[-93.0108,44.97011],[-93.01979,44.97018],[-93.01976,44.97571],[-93.02118,44.97532],[-93.02273,44.97454],[-93.02401,44.97384],[-93.02545,44.97299],[-93.02684,44.97235],[-93.02879,44.97172],[-93.03117,44.97145],[-93.03297,44.97141],[-93.03443,44.97149],[-93.03695,44.97137],[-93.04018,44.97073],[-93.04314,44.96994],[-93.04478,44.96938],[-93.04485,44.9666],[-93.05554,44.96671],[-93.05554,44.96667],[-93.0558,44.96666],[-93.0595,44.9648],[-93.06611,44.96479],[-93.06612,44.96305],[-93.07249,44.96298],[-93.07244,44.96275],[-93.07247,44.96234],[-93.07272,44.96194],[-93.07338,44.96141],[-93.07397,44.96112],[-93.07463,44.96086],[-93.0754,44.96087],[-93.07604,44.96075],[-93.07663,44.96027],[-93.07695,44.95963],[-93.07696,44.95878],[-93.07712,44.95809],[-93.07694,44.95739],[-93.07699,44.95699]]]]},"properties":{"id":"redlining-mn-st-paul-8100","layer":"redlining","name":"St. Paul — HOLC area C5 (grade C)","county":"Ramsey County","state":"MN","countyFips":"27123","confidence":"confirmed","sourceDate":"1930s","attributes":{"grade":"C","gradeMeaning":"Graded \"Definitely Declining\" — described as an area of \"infiltration of a lower grade population\", language HOLC applied to the arrival of Black, Jewish and immigrant residents.","category":"Definitely Declining","city":"St. Paul","holcId":"C5","areaId":8100,"residential":true,"holcFill":"#ffff00","cityScan":"https://dsl.richmond.edu/panorama/redlining/map/MN/St.Paul"}}},{"type":"Feature","geometry":{"type":"MultiPolygon","coordinates":[[[[-93.14543,44.95486],[-93.14543,44.9549],[-93.14654,44.95497],[-93.14657,44.95378],[-93.14931,44.95378],[-93.14922,44.95138],[-93.14672,44.95145],[-93.14676,44.94897],[-93.15676,44.94889],[-93.15685,44.94701],[-93.15663,44.94701],[-93.15669,44.94574],[-93.15613,44.9454],[-93.15463,44.94429],[-93.15357,44.94327],[-93.15288,44.94238],[-93.15271,44.94221],[-93.15268,44.94221],[-93.1525,44.94221],[-93.15176,44.94221],[-93.14643,44.94224],[-93.14648,44.94867],[-93.13623,44.94869],[-93.13623,44.94266],[-93.12626,44.94263],[-93.12547,44.94263],[-93.11589,44.9426],[-93.11588,44.94249],[-93.1158,44.9415],[-93.1135,44.94149],[-93.11342,44.94149],[-93.11339,44.94154],[-93.11248,44.94191],[-93.11278,44.94236],[-93.11073,44.94317],[-93.10922,44.94377],[-93.10839,44.94445],[-93.10772,44.94423],[-93.10537,44.94613],[-93.10534,44.94615],[-93.10631,44.94678],[-93.10633,44.94679],[-93.11592,44.94679],[-93.11592,44.94973],[-93.11937,44.94963],[-93.12535,44.94963],[-93.14541,44.94943],[-93.14543,44.95486]]]]},"properties":{"id":"redlining-mn-st-paul-9261","layer":"redlining","name":"St. Paul — HOLC area C6 (grade C)","county":"Ramsey County","state":"MN","countyFips":"27123","confidence":"confirmed","sourceDate":"1930s","attributes":{"grade":"C","gradeMeaning":"Graded \"Definitely Declining\" — described as an area of \"infiltration of a lower grade population\", language HOLC applied to the arrival of Black, Jewish and immigrant residents.","category":"Definitely Declining","city":"St. Paul","holcId":"C6","areaId":9261,"residential":true,"holcFill":"#ffff00","cityScan":"https://dsl.richmond.edu/panorama/redlining/map/MN/St.Paul"}}},{"type":"Feature","geometry":{"type":"MultiPolygon","coordinates":[[[[-93.13615,44.9292],[-93.13613,44.92972],[-93.1466,44.92957],[-93.1466,44.9293],[-93.14658,44.92261],[-93.14658,44.92237],[-93.14423,44.92239],[-93.1443,44.92579],[-93.14132,44.92577],[-93.14132,44.92679],[-93.13862,44.92677],[-93.13857,44.92865],[-93.13617,44.92865],[-93.13615,44.92909],[-93.13615,44.9292]]]]},"properties":{"id":"redlining-mn-st-paul-8088","layer":"redlining","name":"St. Paul — HOLC area C7 (grade C)","county":"Ramsey County","state":"MN","countyFips":"27123","confidence":"confirmed","sourceDate":"1930s","attributes":{"grade":"C","gradeMeaning":"Graded \"Definitely Declining\" — described as an area of \"infiltration of a lower grade population\", language HOLC applied to the arrival of Black, Jewish and immigrant residents.","category":"Definitely Declining","city":"St. Paul","holcId":"C7","areaId":8088,"residential":true,"holcFill":"#ffff00","cityScan":"https://dsl.richmond.edu/panorama/redlining/map/MN/St.Paul"}}},{"type":"Feature","geometry":{"type":"MultiPolygon","coordinates":[[[[-93.06893,44.92702],[-93.06894,44.92694],[-93.07396,44.9286],[-93.07669,44.92958],[-93.08376,44.92971],[-93.08376,44.92967],[-93.08969,44.92964],[-93.08975,44.9271],[-93.09449,44.9271],[-93.09445,44.92314],[-93.09122,44.92314],[-93.09114,44.9195],[-93.08089,44.91947],[-93.0809,44.91604],[-93.07303,44.91599],[-93.07307,44.92208],[-93.06252,44.92206],[-93.06319,44.9227],[-93.0645,44.92425],[-93.06893,44.92702]]]]},"properties":{"id":"redlining-mn-st-paul-8114","layer":"redlining","name":"St. Paul — HOLC area C8 (grade C)","county":"Ramsey County","state":"MN","countyFips":"27123","confidence":"confirmed","sourceDate":"1930s","attributes":{"grade":"C","gradeMeaning":"Graded \"Definitely Declining\" — described as an area of \"infiltration of a lower grade population\", language HOLC applied to the arrival of Black, Jewish and immigrant residents.","category":"Definitely Declining","city":"St. Paul","holcId":"C8","areaId":8114,"residential":true,"holcFill":"#ffff00","cityScan":"https://dsl.richmond.edu/panorama/redlining/map/MN/St.Paul"}}},{"type":"Feature","geometry":{"type":"MultiPolygon","coordinates":[[[[-93.19784,44.97704],[-93.1979,44.977],[-93.20273,44.97842],[-93.20266,44.97707],[-93.19802,44.97552],[-93.19457,44.97488],[-93.18853,44.97434],[-93.18813,44.97533],[-93.19784,44.97704]]]]},"properties":{"id":"redlining-mn-st-paul-8081","layer":"redlining","name":"St. Paul — HOLC area D1 (grade D)","county":"Ramsey County","state":"MN","countyFips":"27123","confidence":"confirmed","sourceDate":"1930s","attributes":{"grade":"D","gradeMeaning":"Graded \"Hazardous\" — outlined in red. Lending was withheld here for decades. Grades turned explicitly on the race, ethnicity and immigration status of residents.","category":"Hazardous","city":"St. Paul","holcId":"D1","areaId":8081,"residential":true,"holcFill":"#d9838d","cityScan":"https://dsl.richmond.edu/panorama/redlining/map/MN/St.Paul"}}},{"type":"Feature","geometry":{"type":"MultiPolygon","coordinates":[[[[-93.00451,44.92653],[-93.01511,44.92663],[-93.01511,44.91334],[-93.01513,44.90512],[-93.00463,44.90512],[-93.00451,44.92653]]]]},"properties":{"id":"redlining-mn-st-paul-9262","layer":"redlining","name":"St. Paul — HOLC area D10 (grade D)","county":"Ramsey County","state":"MN","countyFips":"27123","confidence":"confirmed","sourceDate":"1930s","attributes":{"grade":"D","gradeMeaning":"Graded \"Hazardous\" — outlined in red. Lending was withheld here for decades. Grades turned explicitly on the race, ethnicity and immigration status of residents.","category":"Hazardous","city":"St. Paul","holcId":"D10","areaId":9262,"residential":true,"holcFill":"#d9838d","cityScan":"https://dsl.richmond.edu/panorama/redlining/map/MN/St.Paul"}}},{"type":"Feature","geometry":{"type":"MultiPolygon","coordinates":[[[[-93.12308,44.97747],[-93.12066,44.97868],[-93.11978,44.97936],[-93.11814,44.98017],[-93.11619,44.98098],[-93.11315,44.98142],[-93.10967,44.98185],[-93.10732,44.98185],[-93.10824,44.98261],[-93.10916,44.98391],[-93.10965,44.98487],[-93.10972,44.98634],[-93.11459,44.98641],[-93.11485,44.98578],[-93.11569,44.98468],[-93.11702,44.98391],[-93.11785,44.98293],[-93.11971,44.98163],[-93.12108,44.98086],[-93.12904,44.98083],[-93.12904,44.98081],[-93.12898,44.97531],[-93.12316,44.97743],[-93.12308,44.97747]]]]},"properties":{"id":"redlining-mn-st-paul-8101","layer":"redlining","name":"St. Paul — HOLC area D2 (grade D)","county":"Ramsey County","state":"MN","countyFips":"27123","confidence":"confirmed","sourceDate":"1930s","attributes":{"grade":"D","gradeMeaning":"Graded \"Hazardous\" — outlined in red. Lending was withheld here for decades. Grades turned explicitly on the race, ethnicity and immigration status of residents.","category":"Hazardous","city":"St. Paul","holcId":"D2","areaId":8101,"residential":true,"holcFill":"#d9838d","cityScan":"https://dsl.richmond.edu/panorama/redlining/map/MN/St.Paul"}}},{"type":"Feature","geometry":{"type":"MultiPolygon","coordinates":[[[[-93.08641,44.97714],[-93.08641,44.97747],[-93.09663,44.97744],[-93.0967,44.97744],[-93.09692,44.96471],[-93.10168,44.96468],[-93.10171,44.9654],[-93.10624,44.96542],[-93.10624,44.97016],[-93.10991,44.97016],[-93.10998,44.96728],[-93.11593,44.96728],[-93.11593,44.96551],[-93.11579,44.96548],[-93.10613,44.96309],[-93.10619,44.96042],[-93.10887,44.96043],[-93.11333,44.96312],[-93.11582,44.96311],[-93.11596,44.96311],[-93.11593,44.95682],[-93.11583,44.95682],[-93.10089,44.95678],[-93.10073,44.95418],[-93.10284,44.9532],[-93.10604,44.95318],[-93.10609,44.95507],[-93.1159,44.95497],[-93.11605,44.94973],[-93.11592,44.94973],[-93.11592,44.94679],[-93.10633,44.94679],[-93.10631,44.94678],[-93.10632,44.94684],[-93.10768,44.94783],[-93.10361,44.94991],[-93.10244,44.9489],[-93.09851,44.95114],[-93.09815,44.95086],[-93.09095,44.95436],[-93.0921,44.95554],[-93.092,44.95574],[-93.09157,44.9559],[-93.09122,44.95583],[-93.091,44.95595],[-93.09172,44.95668],[-93.09163,44.95867],[-93.09141,44.9589],[-93.09139,44.96201],[-93.09016,44.96201],[-93.09008,44.96055],[-93.08914,44.96037],[-93.08837,44.96018],[-93.08753,44.95984],[-93.08666,44.9594],[-93.08639,44.9591],[-93.08567,44.95957],[-93.08564,44.96089],[-93.08563,44.96204],[-93.08502,44.96149],[-93.08468,44.96073],[-93.08414,44.95995],[-93.08337,44.95927],[-93.08242,44.95862],[-93.08177,44.95819],[-93.08013,44.95689],[-93.07995,44.95654],[-93.07797,44.95667],[-93.07701,44.95684],[-93.07699,44.95699],[-93.07694,44.95739],[-93.07712,44.95809],[-93.07696,44.95878],[-93.07695,44.95963],[-93.07663,44.96027],[-93.07604,44.96075],[-93.0754,44.96087],[-93.07463,44.96086],[-93.07397,44.96112],[-93.07338,44.96141],[-93.07272,44.96194],[-93.07247,44.96234],[-93.07244,44.96275],[-93.07249,44.96298],[-93.06612,44.96305],[-93.06611,44.96479],[-93.0595,44.9648],[-93.0558,44.96666],[-93.05554,44.96667],[-93.05554,44.96671],[-93.05557,44.96913],[-93.05557,44.96926],[-93.06089,44.96933],[-93.06086,44.96756],[-93.0651,44.96757],[-93.06602,44.96757],[-93.07633,44.96757],[-93.07634,44.9702],[-93.08632,44.97026],[-93.08641,44.97714]]]]},"properties":{"id":"redlining-mn-st-paul-8096","layer":"redlining","name":"St. Paul — HOLC area D3 (grade D)","county":"Ramsey County","state":"MN","countyFips":"27123","confidence":"confirmed","sourceDate":"1930s","attributes":{"grade":"D","gradeMeaning":"Graded \"Hazardous\" — outlined in red. Lending was withheld here for decades. Grades turned explicitly on the race, ethnicity and immigration status of residents.","category":"Hazardous","city":"St. Paul","holcId":"D3","areaId":8096,"residential":true,"holcFill":"#d9838d","cityScan":"https://dsl.richmond.edu/panorama/redlining/map/MN/St.Paul"}}},{"type":"Feature","geometry":{"type":"MultiPolygon","coordinates":[[[[-93.11592,44.94973],[-93.11605,44.94973],[-93.1159,44.95497],[-93.1159,44.95503],[-93.14543,44.95486],[-93.14541,44.94943],[-93.12535,44.94963],[-93.11937,44.94963],[-93.11592,44.94973]]]]},"properties":{"id":"redlining-mn-st-paul-8093","layer":"redlining","name":"St. Paul — HOLC area D4 (grade D)","county":"Ramsey County","state":"MN","countyFips":"27123","confidence":"confirmed","sourceDate":"1930s","attributes":{"grade":"D","gradeMeaning":"Graded \"Hazardous\" — outlined in red. Lending was withheld here for decades. Grades turned explicitly on the race, ethnicity and immigration status of residents.","category":"Hazardous","city":"St. Paul","holcId":"D4","areaId":8093,"residential":true,"holcFill":"#d9838d","cityScan":"https://dsl.richmond.edu/panorama/redlining/map/MN/St.Paul"}}},{"type":"Feature","geometry":{"type":"MultiPolygon","coordinates":[[[[-93.13202,44.93264],[-93.13197,44.93267],[-93.1333,44.93277],[-93.13597,44.93245],[-93.13647,44.93237],[-93.139,44.93196],[-93.1416,44.93156],[-93.14356,44.93157],[-93.14592,44.93202],[-93.148,44.93274],[-93.14931,44.9339],[-93.1502,44.93537],[-93.15068,44.937],[-93.15137,44.93884],[-93.1515,44.93927],[-93.15163,44.93966],[-93.15153,44.92969],[-93.1466,44.92969],[-93.1466,44.92957],[-93.13613,44.92972],[-93.13615,44.9292],[-93.13544,44.9292],[-93.13504,44.9292],[-93.13504,44.93059],[-93.13504,44.93063],[-93.13591,44.93063],[-93.13595,44.93063],[-93.13591,44.93065],[-93.13202,44.93264]]],[[[-93.15669,44.94574],[-93.15663,44.94701],[-93.15685,44.94701],[-93.16668,44.94705],[-93.16666,44.94604],[-93.1591,44.94602],[-93.15893,44.94323],[-93.15669,44.94323],[-93.15655,44.94196],[-93.15244,44.94188],[-93.15271,44.94221],[-93.15288,44.94238],[-93.15357,44.94327],[-93.15463,44.94429],[-93.15613,44.9454],[-93.15669,44.94574]]]]},"properties":{"id":"redlining-mn-st-paul-8090","layer":"redlining","name":"St. Paul — HOLC area D5 (grade D)","county":"Ramsey County","state":"MN","countyFips":"27123","confidence":"confirmed","sourceDate":"1930s","attributes":{"grade":"D","gradeMeaning":"Graded \"Hazardous\" — outlined in red. Lending was withheld here for decades. Grades turned explicitly on the race, ethnicity and immigration status of residents.","category":"Hazardous","city":"St. Paul","holcId":"D5","areaId":8090,"residential":true,"holcFill":"#d9838d","cityScan":"https://dsl.richmond.edu/panorama/redlining/map/MN/St.Paul"}}},{"type":"Feature","geometry":{"type":"MultiPolygon","coordinates":[[[[-93.11342,44.94149],[-93.12052,44.93804],[-93.12056,44.93808],[-93.12613,44.9355],[-93.12609,44.93545],[-93.12829,44.93429],[-93.12156,44.93428],[-93.12146,44.93275],[-93.13165,44.93271],[-93.13202,44.93264],[-93.13591,44.93065],[-93.13595,44.93063],[-93.13591,44.93063],[-93.13504,44.93063],[-93.13504,44.93059],[-93.1347,44.93059],[-93.12174,44.93076],[-93.1493,44.91221],[-93.14942,44.91213],[-93.15256,44.91008],[-93.16267,44.90556],[-93.17749,44.90551],[-93.1776,44.90179],[-93.18777,44.90194],[-93.18759,44.91043],[-93.18802,44.9107],[-93.19175,44.91067],[-93.19289,44.9107],[-93.1932,44.91011],[-93.19363,44.90952],[-93.19397,44.90931],[-93.19489,44.9093],[-93.19543,44.91006],[-93.1963,44.91108],[-93.19698,44.912],[-93.19763,44.91302],[-93.19792,44.91364],[-93.19808,44.91437],[-93.19835,44.9149],[-93.1988,44.91572],[-93.19889,44.91614],[-93.19873,44.91685],[-93.19873,44.91773],[-93.20001,44.91771],[-93.19981,44.91596],[-93.19981,44.91479],[-93.19972,44.91393],[-93.19954,44.9134],[-93.19907,44.91248],[-93.19866,44.9118],[-93.19745,44.91048],[-93.19664,44.90962],[-93.19563,44.90834],[-93.19462,44.90739],[-93.19334,44.90634],[-93.19249,44.90566],[-93.1917,44.90489],[-93.19098,44.904],[-93.19078,44.90318],[-93.19044,44.90186],[-93.18961,44.90073],[-93.18932,44.89998],[-93.18856,44.89874],[-93.18757,44.89778],[-93.18645,44.89705],[-93.18532,44.89642],[-93.18353,44.89594],[-93.18227,44.8956],[-93.18085,44.8953],[-93.17989,44.89508],[-93.17836,44.89491],[-93.1774,44.89471],[-93.17645,44.89446],[-93.17531,44.89444],[-93.17398,44.89481],[-93.17207,44.89541],[-93.17001,44.89599],[-93.16817,44.89621],[-93.16666,44.89653],[-93.16572,44.89643],[-93.16404,44.89654],[-93.16246,44.89658],[-93.16091,44.89686],[-93.15743,44.89729],[-93.15449,44.89739],[-93.15151,44.89762],[-93.14999,44.89781],[-93.14867,44.89849],[-93.14772,44.89961],[-93.14709,44.9006],[-93.14654,44.90125],[-93.14587,44.90171],[-93.1449,44.90238],[-93.14324,44.90354],[-93.14255,44.90478],[-93.14201,44.9062],[-93.14187,44.90725],[-93.14129,44.90831],[-93.1405,44.90901],[-93.13884,44.9099],[-93.13763,44.91048],[-93.1368,44.91114],[-93.13626,44.91189],[-93.13476,44.91316],[-93.1337,44.91404],[-93.13253,44.91533],[-93.13199,44.91628],[-93.13157,44.91746],[-93.13107,44.9177],[-93.13049,44.91833],[-93.12999,44.91932],[-93.1286,44.92032],[-93.12712,44.92119],[-93.12586,44.92185],[-93.12422,44.92237],[-93.12245,44.92302],[-93.1209,44.92436],[-93.12007,44.92495],[-93.1185,44.92588],[-93.11872,44.92654],[-93.1187,44.92781],[-93.11834,44.92857],[-93.11742,44.9297],[-93.11603,44.93115],[-93.11488,44.9325],[-93.11304,44.93426],[-93.11174,44.93526],[-93.10992,44.93652],[-93.1092,44.93673],[-93.10918,44.94033],[-93.11093,44.94038],[-93.11102,44.94151],[-93.11339,44.94154],[-93.11342,44.94149]]]]},"properties":{"id":"redlining-mn-st-paul-8117","layer":"redlining","name":"St. Paul — HOLC area D6 (grade D)","county":"Ramsey County","state":"MN","countyFips":"27123","confidence":"confirmed","sourceDate":"1930s","attributes":{"grade":"D","gradeMeaning":"Graded \"Hazardous\" — outlined in red. Lending was withheld here for decades. Grades turned explicitly on the race, ethnicity and immigration status of residents.","category":"Hazardous","city":"St. Paul","holcId":"D6","areaId":8117,"residential":true,"holcFill":"#d9838d","cityScan":"https://dsl.richmond.edu/panorama/redlining/map/MN/St.Paul"}}},{"type":"Feature","geometry":{"type":"MultiPolygon","coordinates":[[[[-93.1092,44.93673],[-93.1092,44.93661],[-93.10534,44.93358],[-93.10485,44.93436],[-93.10424,44.93499],[-93.10253,44.9366],[-93.10143,44.93787],[-93.0989,44.94006],[-93.104,44.94367],[-93.10263,44.94467],[-93.10537,44.94613],[-93.10772,44.94423],[-93.10839,44.94445],[-93.10922,44.94377],[-93.11073,44.94317],[-93.11278,44.94236],[-93.11248,44.94191],[-93.11339,44.94154],[-93.11102,44.94151],[-93.11093,44.94038],[-93.10918,44.94033],[-93.1092,44.93673]]]]},"properties":{"id":"redlining-mn-st-paul-8116","layer":"redlining","name":"St. Paul — HOLC area D7 (grade D)","county":"Ramsey County","state":"MN","countyFips":"27123","confidence":"confirmed","sourceDate":"1930s","attributes":{"grade":"D","gradeMeaning":"Graded \"Hazardous\" — outlined in red. Lending was withheld here for decades. Grades turned explicitly on the race, ethnicity and immigration status of residents.","category":"Hazardous","city":"St. Paul","holcId":"D7","areaId":8116,"residential":true,"holcFill":"#d9838d","cityScan":"https://dsl.richmond.edu/panorama/redlining/map/MN/St.Paul"}}},{"type":"Feature","geometry":{"type":"MultiPolygon","coordinates":[[[[-93.06893,44.92702],[-93.06886,44.92789],[-93.06783,44.9293],[-93.08086,44.93337],[-93.08092,44.93469],[-93.07644,44.93469],[-93.07424,44.93357],[-93.07407,44.9338],[-93.07239,44.93378],[-93.07232,44.9373],[-93.0745,44.93988],[-93.07078,44.9413],[-93.07352,44.94516],[-93.07992,44.94274],[-93.08041,44.94337],[-93.08652,44.94081],[-93.09029,44.93916],[-93.0938,44.93762],[-93.09746,44.9344],[-93.09684,44.93401],[-93.09683,44.93401],[-93.09614,44.93397],[-93.09568,44.93406],[-93.09506,44.93451],[-93.09369,44.93391],[-93.09225,44.9339],[-93.0922,44.93427],[-93.0911,44.93472],[-93.09026,44.93516],[-93.08925,44.93534],[-93.0883,44.93548],[-93.08745,44.93554],[-93.08672,44.93533],[-93.08615,44.93572],[-93.08505,44.93501],[-93.08476,44.93406],[-93.0847,44.93377],[-93.08466,44.93329],[-93.08472,44.93297],[-93.08476,44.93227],[-93.08375,44.93227],[-93.08448,44.93143],[-93.08357,44.93141],[-93.08363,44.93124],[-93.08366,44.93089],[-93.08376,44.92971],[-93.07669,44.92958],[-93.07396,44.9286],[-93.06894,44.92694],[-93.06893,44.92702]]]]},"properties":{"id":"redlining-mn-st-paul-8113","layer":"redlining","name":"St. Paul — HOLC area D8 (grade D)","county":"Ramsey County","state":"MN","countyFips":"27123","confidence":"confirmed","sourceDate":"1930s","attributes":{"grade":"D","gradeMeaning":"Graded \"Hazardous\" — outlined in red. Lending was withheld here for decades. Grades turned explicitly on the race, ethnicity and immigration status of residents.","category":"Hazardous","city":"St. Paul","holcId":"D8","areaId":8113,"residential":true,"holcFill":"#d9838d","cityScan":"https://dsl.richmond.edu/panorama/redlining/map/MN/St.Paul"}}},{"type":"Feature","geometry":{"type":"MultiPolygon","coordinates":[[[[-93.04935,44.9438],[-93.05,44.94428],[-93.05084,44.94465],[-93.05178,44.94499],[-93.05322,44.94517],[-93.05389,44.94525],[-93.05457,44.94514],[-93.05501,44.94483],[-93.05539,44.94434],[-93.05564,44.94387],[-93.05553,44.94348],[-93.05493,44.943],[-93.05408,44.94181],[-93.05362,44.94131],[-93.05253,44.94001],[-93.05064,44.93815],[-93.05065,44.93767],[-93.05049,44.93709],[-93.04995,44.93659],[-93.04944,44.93621],[-93.04881,44.93517],[-93.04821,44.93438],[-93.04803,44.9337],[-93.04762,44.93262],[-93.04769,44.93166],[-93.0478,44.93046],[-93.04762,44.92931],[-93.0474,44.92796],[-93.04735,44.92736],[-93.04768,44.92695],[-93.04773,44.92643],[-93.04819,44.92635],[-93.04852,44.92573],[-93.04909,44.9247],[-93.04869,44.9231],[-93.04781,44.92194],[-93.04709,44.92113],[-93.04658,44.9202],[-93.04592,44.9206],[-93.04573,44.92108],[-93.04576,44.9224],[-93.04574,44.92381],[-93.04596,44.92547],[-93.04593,44.92661],[-93.04415,44.92668],[-93.04401,44.9341],[-93.04481,44.93459],[-93.04629,44.93519],[-93.0479,44.93619],[-93.04916,44.93868],[-93.0499,44.94006],[-93.0503,44.94129],[-93.05033,44.94204],[-93.05007,44.94281],[-93.04971,44.94348],[-93.04935,44.9438]]]]},"properties":{"id":"redlining-mn-st-paul-8108","layer":"redlining","name":"St. Paul — HOLC area D9 (grade D)","county":"Ramsey County","state":"MN","countyFips":"27123","confidence":"confirmed","sourceDate":"1930s","attributes":{"grade":"D","gradeMeaning":"Graded \"Hazardous\" — outlined in red. Lending was withheld here for decades. Grades turned explicitly on the race, ethnicity and immigration status of residents.","category":"Hazardous","city":"St. Paul","holcId":"D9","areaId":8108,"residential":true,"holcFill":"#d9838d","cityScan":"https://dsl.richmond.edu/panorama/redlining/map/MN/St.Paul"}}},{"type":"Feature","geometry":{"type":"MultiPolygon","coordinates":[[[[-93.18759,44.91785],[-93.19563,44.91795],[-93.1957,44.92082],[-93.1979,44.92088],[-93.19885,44.91854],[-93.19873,44.91773],[-93.19873,44.91685],[-93.19889,44.91614],[-93.1988,44.91572],[-93.19835,44.9149],[-93.19808,44.91437],[-93.19792,44.91364],[-93.19763,44.91302],[-93.19698,44.912],[-93.1963,44.91108],[-93.19543,44.91006],[-93.19489,44.9093],[-93.19397,44.90931],[-93.19363,44.90952],[-93.1932,44.91011],[-93.19289,44.9107],[-93.19175,44.91067],[-93.18802,44.9107],[-93.18759,44.91043],[-93.18759,44.91785]]],[[[-93.11723,44.92676],[-93.11529,44.92771],[-93.11287,44.92846],[-93.10846,44.93055],[-93.10754,44.93117],[-93.10534,44.93358],[-93.1092,44.93661],[-93.1092,44.93673],[-93.10992,44.93652],[-93.11174,44.93526],[-93.11304,44.93426],[-93.11488,44.9325],[-93.11603,44.93115],[-93.11742,44.9297],[-93.11834,44.92857],[-93.1187,44.92781],[-93.11872,44.92654],[-93.1185,44.92588],[-93.11723,44.92676]]],[[[-93.0652,44.94526],[-93.06745,44.94626],[-93.07143,44.94683],[-93.07413,44.94687],[-93.07844,44.94626],[-93.0812,44.94506],[-93.08591,44.9427],[-93.08889,44.94203],[-93.09075,44.94129],[-93.09252,44.9404],[-93.09391,44.93938],[-93.09652,44.93676],[-93.09845,44.93485],[-93.09746,44.9344],[-93.0938,44.93762],[-93.09029,44.93916],[-93.08652,44.94081],[-93.08041,44.94337],[-93.07992,44.94274],[-93.07352,44.94516],[-93.07078,44.9413],[-93.0745,44.93988],[-93.07232,44.9373],[-93.07239,44.93378],[-93.07407,44.9338],[-93.07424,44.93357],[-93.07644,44.93469],[-93.08092,44.93469],[-93.08086,44.93337],[-93.06783,44.9293],[-93.06886,44.92789],[-93.06893,44.92702],[-93.0645,44.92425],[-93.06157,44.92732],[-93.0625,44.93081],[-93.06352,44.93197],[-93.06762,44.93313],[-93.0695,44.93409],[-93.06994,44.93934],[-93.06536,44.94244],[-93.0652,44.94526]]],[[[-93.14671,44.95683],[-93.14672,44.95577],[-93.15248,44.95575],[-93.16685,44.95571],[-93.16672,44.95237],[-93.16039,44.95193],[-93.16042,44.94882],[-93.1667,44.94881],[-93.16668,44.94705],[-93.15685,44.94701],[-93.15676,44.94889],[-93.15396,44.94891],[-93.15398,44.95041],[-93.15146,44.95044],[-93.15151,44.95116],[-93.14922,44.95138],[-93.14931,44.95378],[-93.14657,44.95378],[-93.14654,44.95497],[-93.14543,44.9549],[-93.14543,44.95486],[-93.1159,44.95503],[-93.1159,44.95497],[-93.10609,44.95507],[-93.10604,44.95318],[-93.10284,44.9532],[-93.10073,44.95418],[-93.10089,44.95678],[-93.11583,44.95682],[-93.11583,44.95675],[-93.14671,44.95683]]],[[[-93.08337,44.95927],[-93.08414,44.95995],[-93.08468,44.96073],[-93.08502,44.96149],[-93.08563,44.96204],[-93.08564,44.96089],[-93.08567,44.95957],[-93.08639,44.9591],[-93.08666,44.9594],[-93.08753,44.95984],[-93.08837,44.96018],[-93.08914,44.96037],[-93.09008,44.96055],[-93.09016,44.96201],[-93.09139,44.96201],[-93.09141,44.9589],[-93.09163,44.95867],[-93.09172,44.95668],[-93.091,44.95595],[-93.09122,44.95583],[-93.09157,44.9559],[-93.092,44.95574],[-93.0921,44.95554],[-93.09095,44.95436],[-93.09815,44.95086],[-93.09851,44.95114],[-93.10244,44.9489],[-93.10361,44.94991],[-93.10768,44.94783],[-93.10632,44.94684],[-93.10631,44.94678],[-93.10534,44.94615],[-93.10537,44.94613],[-93.10263,44.94467],[-93.104,44.94367],[-93.0989,44.94006],[-93.09712,44.94162],[-93.09673,44.94137],[-93.09414,44.94324],[-93.09248,44.9434],[-93.08942,44.94431],[-93.08688,44.94532],[-93.08586,44.94598],[-93.08462,44.94679],[-93.08201,44.94807],[-93.07782,44.94916],[-93.07436,44.94984],[-93.07039,44.94895],[-93.06728,44.94808],[-93.06647,44.94759],[-93.06571,44.94818],[-93.07049,44.95224],[-93.06925,44.95289],[-93.07018,44.95314],[-93.07134,44.95397],[-93.07296,44.95549],[-93.07368,44.95603],[-93.07498,44.95624],[-93.0761,44.95739],[-93.07699,44.95699],[-93.07701,44.95684],[-93.07797,44.95667],[-93.07995,44.95654],[-93.08013,44.95689],[-93.08177,44.95819],[-93.08242,44.95862],[-93.08337,44.95927]]],[[[-93.11162,44.96445],[-93.11579,44.96548],[-93.11582,44.96311],[-93.11333,44.96312],[-93.10887,44.96043],[-93.10619,44.96042],[-93.10613,44.96309],[-93.11162,44.96445]]],[[[-93.11857,44.96751],[-93.12097,44.96851],[-93.12092,44.96944],[-93.12362,44.96949],[-93.12362,44.97124],[-93.12615,44.97122],[-93.12618,44.96323],[-93.11855,44.96316],[-93.11857,44.96751]]],[[[-93.04478,44.96938],[-93.04397,44.97481],[-93.04774,44.97492],[-93.04773,44.97282],[-93.05028,44.97282],[-93.05031,44.97013],[-93.05166,44.97011],[-93.05165,44.96923],[-93.05557,44.96913],[-93.05554,44.96671],[-93.04485,44.9666],[-93.04478,44.96938]]],[[[-93.19457,44.97488],[-93.19802,44.97552],[-93.20266,44.97707],[-93.20789,44.97887],[-93.2077,44.97056],[-93.20768,44.96957],[-93.20764,44.96769],[-93.20769,44.9598],[-93.20764,44.95845],[-93.20365,44.95783],[-93.20372,44.95936],[-93.20249,44.95951],[-93.20138,44.95955],[-93.1991,44.95923],[-93.19789,44.95887],[-93.19365,44.95764],[-93.18215,44.95398],[-93.18225,44.95811],[-93.17626,44.95592],[-93.17556,44.95572],[-93.17212,44.95574],[-93.17181,44.95576],[-93.17198,44.95944],[-93.17732,44.95937],[-93.17721,44.96295],[-93.18202,44.96299],[-93.18219,44.9689],[-93.15907,44.969],[-93.1466,44.96755],[-93.1466,44.96757],[-93.14672,44.97397],[-93.15658,44.97382],[-93.15693,44.97536],[-93.167,44.97521],[-93.16703,44.97734],[-93.18714,44.97724],[-93.18717,44.97725],[-93.18804,44.97531],[-93.18813,44.97533],[-93.18853,44.97434],[-93.19457,44.97488]]]]},"properties":{"id":"redlining-mn-st-paul-11179","layer":"redlining","name":"St. Paul — HOLC area Business and Industrial","county":"Ramsey County","state":"MN","countyFips":"27123","confidence":"confirmed","sourceDate":"1930s","attributes":{"grade":null,"gradeMeaning":"No grade recorded on the original survey sheet.","category":"Business and Industrial","city":"St. Paul","holcId":"Business and Industrial","areaId":11179,"residential":false,"holcFill":"#000000","cityScan":"https://dsl.richmond.edu/panorama/redlining/map/MN/St.Paul"}}}]}