{"type":"FeatureCollection","metadata":{"source":"US Census Bureau — TIGERweb (boundaries) and 2023 Gazetteer (interior points)","sourceUrl":"https://www.census.gov/geographies/reference-files.html","license":"Public domain (US federal government work)","attribution":"U.S. Census Bureau","simplifiedDegrees":0.002,"lastUpdated":"2026-07-30T19:08:50.822Z"},"features":[{"type":"Feature","geometry":{"type":"Polygon","coordinates":[[[-96.0059,45.7594],[-95.7585,45.7599],[-95.7587,45.9337],[-95.7696,45.9337],[-95.7698,46.1075],[-96.2654,46.1086],[-96.2662,45.9347],[-96.2537,45.9346],[-96.254,45.7598],[-96.0059,45.7594]]]},"properties":{"geoid":"27051","name":"Grant County","basename":"Grant","state":"MN","lat":45.930743,"lng":-96.010699,"landSqMi":547.8}},{"type":"Feature","geometry":{"type":"Polygon","coordinates":[[[-95.9943,45.4124],[-95.7474,45.4123],[-95.7476,45.5854],[-95.7586,45.5854],[-95.7585,45.7599],[-96.254,45.7598],[-96.253,45.5855],[-96.2414,45.5856],[-96.2413,45.4127],[-95.9943,45.4124]]]},"properties":{"geoid":"27149","name":"Stevens County","basename":"Stevens","state":"MN","lat":45.593461,"lng":-95.992315,"landSqMi":563.659}},{"type":"Feature","geometry":{"type":"Polygon","coordinates":[[[-96.3077,46.0217],[-96.2661,46.0216],[-96.2646,46.2822],[-96.28,46.2822],[-96.2812,46.6308],[-96.7844,46.6305],[-96.7912,46.6254],[-96.7783,46.6254],[-96.7873,46.6194],[-96.7836,46.6222],[-96.7799,46.6195],[-96.7755,46.6212],[-96.775,46.6175],[-96.7812,46.6154],[-96.7708,46.6153],[-96.7746,46.612],[-96.7725,46.6093],[-96.7788,46.6075],[-96.7683,46.6065],[-96.7722,46.6038],[-96.7713,46.5959],[-96.7671,46.5989],[-96.7632,46.5942],[-96.7555,46.595],[-96.7626,46.5893],[-96.7525,46.5883],[-96.7508,46.5852],[-96.7608,46.5817],[-96.7472,46.5819],[-96.7575,46.5778],[-96.7558,46.5743],[-96.7466,46.5755],[-96.7528,46.5714],[-96.7454,46.5708],[-96.7474,46.5675],[-96.7418,46.564],[-96.752,46.5626],[-96.7468,46.5588],[-96.7544,46.5568],[-96.746,46.5561],[-96.7492,46.5496],[-96.7452,46.5506],[-96.7406,46.5468],[-96.7449,46.5482],[-96.7505,46.5441],[-96.7387,46.5432],[-96.7501,46.5408],[-96.7383,46.5393],[-96.7427,46.5381],[-96.738,46.5346],[-96.7462,46.5349],[-96.7421,46.5293],[-96.7453,46.525],[-96.7367,46.5241],[-96.7452,46.5202],[-96.74,46.52],[-96.7342,46.5121],[-96.7404,46.5111],[-96.7335,46.5035],[-96.736,46.5051],[-96.7424,46.5],[-96.737,46.5012],[-96.7386,46.498],[-96.7334,46.497],[-96.7332,46.4927],[-96.737,46.4916],[-96.7341,46.4886],[-96.7397,46.4867],[-96.7325,46.4829],[-96.7389,46.4787],[-96.736,46.4775],[-96.7336,46.4805],[-96.7236,46.4709],[-96.7146,46.4723],[-96.7231,46.4667],[-96.7132,46.4665],[-96.7187,46.4619],[-96.7116,46.4598],[-96.7122,46.4554],[-96.7176,46.4544],[-96.7131,46.4502],[-96.7217,46.4488],[-96.7178,46.446],[-96.7133,46.4488],[-96.7114,46.4465],[-96.7164,46.4446],[-96.7123,46.4413],[-96.7219,46.4398],[-96.7179,46.4394],[-96.7154,46.434],[-96.7157,46.4373],[-96.7033,46.4373],[-96.7077,46.4298],[-96.7012,46.4302],[-96.7047,46.4264],[-96.6989,46.4264],[-96.7046,46.418],[-96.6933,46.4221],[-96.6922,46.4161],[-96.7015,46.4151],[-96.6972,46.4126],[-96.6854,46.4142],[-96.6891,46.4068],[-96.6805,46.4071],[-96.6725,46.3953],[-96.6751,46.391],[-96.6677,46.3912],[-96.671,46.3895],[-96.6682,46.3876],[-96.6671,46.3756],[-96.6578,46.3744],[-96.6604,46.3716],[-96.655,46.3659],[-96.6432,46.3619],[-96.6485,46.3581],[-96.6452,46.3507],[-96.6294,46.3543],[-96.6278,46.3494],[-96.6167,46.3474],[-96.6202,46.3402],[-96.5994,46.33],[-96.6061,46.3266],[-96.6,46.3268],[-96.6012,46.3195],[-96.5968,46.317],[-96.6036,46.3025],[-96.5973,46.2978],[-96.6058,46.2939],[-96.5962,46.291],[-96.5963,46.288],[-96.602,46.2859],[-96.5949,46.2863],[-96.6005,46.2811],[-96.5953,46.2742],[-96.6004,46.2617],[-96.5929,46.2573],[-96.5954,46.2534],[-96.5923,46.2503],[-96.5837,46.2498],[-96.5987,46.2423],[-96.5958,46.2198],[-96.5917,46.2181],[-96.5928,46.2139],[-96.5884,46.2129],[-96.5911,46.2087],[-96.5838,46.2081],[-96.589,46.2049],[-96.5843,46.2041],[-96.5873,46.2016],[-96.5837,46.2012],[-96.5846,46.1975],[-96.5912,46.1957],[-96.5851,46.1946],[-96.5905,46.1905],[-96.5874,46.1858],[-96.5916,46.1847],[-96.5862,46.1818],[-96.5927,46.1752],[-96.5806,46.1773],[-96.5835,46.1727],[-96.5766,46.1739],[-96.577,46.1715],[-96.5839,46.1706],[-96.5753,46.169],[-96.5806,46.1676],[-96.577,46.166],[-96.5799,46.1612],[-96.5763,46.1596],[-96.5803,46.1511],[-96.5687,46.1332],[-96.572,46.1246],[-96.5602,46.1166],[-96.5669,46.1148],[-96.5579,46.1025],[-96.5574,46.0877],[-96.5544,46.0841],[-96.5573,46.0772],[-96.5568,46.0647],[-96.5745,46.0365],[-96.5779,46.0274],[-96.5766,46.0218],[-96.3077,46.0217]]]},"properties":{"geoid":"27167","name":"Wilkin County","basename":"Wilkin","state":"MN","lat":46.362335,"lng":-96.476657,"landSqMi":751.038}},{"type":"Feature","geometry":{"type":"Polygon","coordinates":[[[-95.8368,47.8411],[-95.8368,47.8482],[-95.7091,47.8486],[-95.7098,47.9643],[-96.4825,47.9636],[-96.4821,47.8474],[-96.3527,47.8473],[-96.3517,47.7603],[-95.8372,47.7609],[-95.8368,47.8411]]]},"properties":{"geoid":"27125","name":"Red Lake County","basename":"Red Lake","state":"MN","lat":47.865487,"lng":-96.08718,"landSqMi":432.407}},{"type":"Feature","geometry":{"type":"Polygon","coordinates":[[[-96.388,48.6312],[-96.3875,48.7171],[-96.4049,48.7171],[-96.4054,49.0001],[-97.229,49.0005],[-97.2342,48.9972],[-97.2265,48.9934],[-97.2382,48.9833],[-97.2386,48.9665],[-97.2275,48.9623],[-97.234,48.9474],[-97.2266,48.9458],[-97.2246,48.9338],[-97.2144,48.9316],[-97.2198,48.9221],[-97.2108,48.916],[-97.2114,48.9056],[-97.19,48.8955],[-97.192,48.8918],[-97.2016,48.8919],[-97.1973,48.8873],[-97.1994,48.8811],[-97.1903,48.8767],[-97.1778,48.8756],[-97.1906,48.8643],[-97.1792,48.8628],[-97.1788,48.8567],[-97.1731,48.8506],[-97.1829,48.8469],[-97.1758,48.8448],[-97.1739,48.838],[-97.1842,48.8339],[-97.178,48.8228],[-97.1903,48.8151],[-97.1581,48.8103],[-97.1592,48.8062],[-97.1816,48.7985],[-97.1633,48.8006],[-97.1625,48.7967],[-97.174,48.7939],[-97.1582,48.7912],[-97.1589,48.7833],[-97.1475,48.7814],[-97.159,48.7757],[-97.1455,48.7648],[-97.1544,48.7582],[-97.1538,48.754],[-97.1492,48.7504],[-97.1375,48.7496],[-97.1367,48.7425],[-97.1421,48.7362],[-97.1283,48.7321],[-97.1374,48.7266],[-97.1255,48.7205],[-97.1194,48.7116],[-97.1101,48.708],[-97.1203,48.704],[-97.1199,48.7012],[-97.1087,48.691],[-97.0903,48.6845],[-97.1013,48.6823],[-97.1006,48.6684],[-97.1092,48.6642],[-97.0987,48.661],[-97.1079,48.6479],[-97.1157,48.6446],[-97.1099,48.6385],[-97.1094,48.6325],[-97.1147,48.6303],[-97.126,48.6341],[-97.1311,48.6315],[-97.1195,48.6186],[-97.1339,48.6228],[-97.1353,48.6209],[-97.1296,48.6137],[-97.1438,48.6148],[-97.1506,48.6117],[-97.1477,48.6082],[-97.1343,48.6074],[-97.1438,48.5984],[-97.154,48.5954],[-97.1423,48.5926],[-97.1439,48.5821],[-97.1606,48.5809],[-97.1488,48.5765],[-97.1484,48.5714],[-97.1528,48.5671],[-97.1718,48.565],[-97.1754,48.5617],[-97.1655,48.5571],[-97.1435,48.557],[-97.1381,48.5531],[-97.155,48.5511],[-97.1645,48.5538],[-97.1662,48.5501],[-97.1634,48.544],[-96.3878,48.5443],[-96.388,48.6312]]]},"properties":{"geoid":"27069","name":"Kittson County","basename":"Kittson","state":"MN","lat":48.77604,"lng":-96.780349,"landSqMi":1099}},{"type":"Feature","geometry":{"type":"Polygon","coordinates":[[[-94.5019,44.9798],[-94.2561,44.9795],[-94.2559,45.2126],[-94.2568,45.2393],[-94.2603,45.2393],[-94.2611,45.2839],[-94.3834,45.2828],[-94.3836,45.3266],[-94.7631,45.3261],[-94.7635,45.2391],[-94.7575,45.2391],[-94.7574,45.2337],[-94.7581,44.8921],[-94.5024,44.8923],[-94.5019,44.9798]]]},"properties":{"geoid":"27093","name":"Meeker County","basename":"Meeker","state":"MN","lat":45.123155,"lng":-94.527346,"landSqMi":607.968}},{"type":"Feature","geometry":{"type":"Polygon","coordinates":[[[-95.593,48.1076],[-95.5939,48.1729],[-96.5008,48.1741],[-96.5009,48.0217],[-96.4826,48.0217],[-96.4825,47.9636],[-95.7098,47.9643],[-95.7096,47.9358],[-95.5822,47.934],[-95.5829,48.0207],[-95.5925,48.0207],[-95.593,48.1076]]]},"properties":{"geoid":"27113","name":"Pennington County","basename":"Pennington","state":"MN","lat":48.069247,"lng":-96.037725,"landSqMi":616.52}},{"type":"Feature","geometry":{"type":"Polygon","coordinates":[[[-96.1955,47.4998],[-95.5542,47.4999],[-95.5534,47.6736],[-95.5788,47.6737],[-95.5822,47.934],[-95.7096,47.9358],[-95.7091,47.8486],[-95.8368,47.8482],[-95.8372,47.7609],[-96.3517,47.7603],[-96.3527,47.8473],[-96.4821,47.8474],[-96.4826,48.0217],[-96.5009,48.0217],[-96.5008,48.1741],[-97.1475,48.1724],[-97.142,48.1602],[-97.1212,48.1611],[-97.1245,48.1565],[-97.1403,48.1509],[-97.1465,48.1422],[-97.1368,48.1433],[-97.1229,48.1398],[-97.1253,48.1361],[-97.1335,48.1371],[-97.1207,48.115],[-97.1232,48.1067],[-97.1115,48.1059],[-97.1019,48.0959],[-97.1099,48.0914],[-97.0998,48.0859],[-97.1002,48.0788],[-97.1045,48.0724],[-97.0978,48.0711],[-97.087,48.0582],[-97.0747,48.052],[-97.0713,48.0458],[-97.0687,48.0277],[-97.0722,48.0191],[-97.0633,48.015],[-97.0668,48.0096],[-97.0639,47.9977],[-97.0531,47.9904],[-97.0593,47.9753],[-97.0574,47.9697],[-97.0618,47.9647],[-97.0525,47.9574],[-97.0551,47.9471],[-97.0482,47.942],[-97.0361,47.9394],[-97.0368,47.9312],[-97.0176,47.9194],[-97.0238,47.9156],[-97.0168,47.9126],[-97.0153,47.9067],[-97.0252,47.9077],[-97.0198,47.9013],[-97.025,47.8952],[-97.0188,47.8905],[-97.0254,47.8849],[-97.018,47.8787],[-97.0231,47.8741],[-97.0018,47.8681],[-97.0059,47.8645],[-96.9983,47.8592],[-96.9974,47.8488],[-96.994,47.846],[-96.9983,47.8419],[-96.9927,47.8428],[-96.994,47.8384],[-96.9863,47.8371],[-96.9815,47.8296],[-96.9871,47.8256],[-96.9741,47.8235],[-96.9805,47.8219],[-96.9787,47.8099],[-96.9916,47.8082],[-96.9723,47.8028],[-96.9765,47.8014],[-96.9763,47.7978],[-96.9665,47.7996],[-96.9571,47.791],[-96.9651,47.7835],[-96.958,47.7857],[-96.9591,47.7806],[-96.9524,47.7794],[-96.9563,47.7751],[-96.9468,47.7751],[-96.9349,47.7672],[-96.9383,47.7608],[-96.9289,47.7553],[-96.9397,47.7548],[-96.9292,47.7504],[-96.9287,47.7438],[-96.9328,47.7375],[-96.9241,47.7262],[-96.9184,47.724],[-96.931,47.7155],[-96.9198,47.7169],[-96.9199,47.7104],[-96.9119,47.7068],[-96.9209,47.7],[-96.912,47.7015],[-96.907,47.6944],[-96.9095,47.6892],[-96.902,47.6917],[-96.8992,47.6896],[-96.8962,47.6742],[-96.8851,47.6738],[-96.8899,47.6697],[-96.8854,47.6639],[-96.8875,47.6579],[-96.8822,47.6494],[-96.8824,47.6427],[-96.8882,47.6389],[-96.8809,47.6295],[-96.8744,47.6278],[-96.8805,47.626],[-96.8759,47.6234],[-96.8797,47.6193],[-96.871,47.6181],[-96.8737,47.6136],[-96.869,47.6148],[-96.8554,47.6088],[-96.8569,47.6019],[-96.8511,47.5977],[-96.8589,47.5952],[-96.8499,47.5908],[-96.8537,47.5789],[-96.8605,47.5748],[-96.8515,47.5688],[-96.8585,47.5671],[-96.8658,47.5697],[-96.8689,47.567],[-96.8631,47.5625],[-96.8475,47.5662],[-96.854,47.5605],[-96.8617,47.5593],[-96.8498,47.5532],[-96.8604,47.5459],[-96.8486,47.5426],[-96.8453,47.5388],[-96.8488,47.5372],[-96.8554,47.5421],[-96.8623,47.5412],[-96.862,47.5378],[-96.8535,47.5362],[-96.8609,47.5294],[-96.8712,47.5273],[-96.8667,47.5254],[-96.8609,47.5155],[-96.8422,47.516],[-96.8439,47.5126],[-96.8534,47.5125],[-96.8521,47.5098],[-96.8423,47.5086],[-96.8525,47.5075],[-96.853,47.5009],[-96.1955,47.4998]]]},"properties":{"geoid":"27119","name":"Polk County","basename":"Polk","state":"MN","lat":47.774254,"lng":-96.400027,"landSqMi":1970.999}},{"type":"Feature","geometry":{"type":"Polygon","coordinates":[[[-94.9869,44.5418],[-94.9888,44.5464],[-94.9989,44.5476],[-95.0016,44.5431],[-95.0062,44.5472],[-95.0066,44.5442],[-95.0167,44.5429],[-95.0171,44.5464],[-95.012,44.5501],[-95.0169,44.5513],[-95.0241,44.5458],[-95.0258,44.5532],[-95.0294,44.5505],[-95.0328,44.5571],[-95.0496,44.5582],[-95.0516,44.5622],[-95.059,44.5625],[-95.0581,44.5673],[-95.0678,44.5721],[-95.0761,44.5739],[-95.0824,44.5691],[-95.0982,44.572],[-95.0967,44.5762],[-95.0884,44.5794],[-95.1002,44.5784],[-95.1041,44.5872],[-95.115,44.5893],[-95.1186,44.5953],[-95.1261,44.5977],[-95.132,44.5959],[-95.134,44.6017],[-95.1462,44.6072],[-95.1509,44.6154],[-95.1666,44.6217],[-95.1749,44.619],[-95.1781,44.6229],[-95.1856,44.624],[-95.1977,44.6357],[-95.2106,44.6418],[-95.2128,44.6467],[-95.2178,44.6455],[-95.2235,44.6523],[-95.2274,44.6518],[-95.2399,44.6607],[-95.2442,44.6671],[-95.2669,44.6593],[-95.2934,44.6608],[-95.294,44.6647],[-95.3121,44.6758],[-95.3106,44.6872],[-95.3144,44.692],[-95.3602,44.6985],[-95.3604,44.5418],[-95.5948,44.5423],[-95.5936,44.1955],[-95.1088,44.195],[-95.1075,44.2818],[-94.8663,44.2824],[-94.8658,44.4982],[-94.8704,44.5011],[-94.8736,44.4992],[-94.8736,44.5056],[-94.8796,44.5064],[-94.8776,44.5119],[-94.8808,44.517],[-94.8902,44.5122],[-94.8918,44.5182],[-94.8976,44.5208],[-94.9026,44.5206],[-94.9025,44.5172],[-94.9204,44.5166],[-94.9296,44.5245],[-94.9379,44.5236],[-94.9349,44.5272],[-94.9379,44.5304],[-94.9384,44.5271],[-94.9442,44.5258],[-94.946,44.5293],[-94.9687,44.5334],[-94.9691,44.5402],[-94.9757,44.5351],[-94.9791,44.537],[-94.9749,44.5369],[-94.9754,44.5405],[-94.9869,44.5418]]]},"properties":{"geoid":"27127","name":"Redwood County","basename":"Redwood","state":"MN","lat":44.403536,"lng":-95.254241,"landSqMi":878.573}},{"type":"Feature","geometry":{"type":"Polygon","coordinates":[[[-95.5512,47.1515],[-96.1947,47.1511],[-96.1936,46.9774],[-96.1741,46.9774],[-96.177,46.805],[-96.1746,46.7179],[-95.6456,46.7155],[-95.1637,46.7176],[-95.1623,46.9782],[-95.1703,46.9782],[-95.1692,47.1525],[-95.5512,47.1515]]]},"properties":{"geoid":"27005","name":"Becker County","basename":"Becker","state":"MN","lat":46.937629,"lng":-95.741757,"landSqMi":1315.037}},{"type":"Feature","geometry":{"type":"Polygon","coordinates":[[[-91.0231,47.465],[-91.0207,47.888],[-91.0265,47.8883],[-91.0246,48.0641],[-91.0316,48.0641],[-91.0321,48.1889],[-91.0554,48.1883],[-91.0655,48.1814],[-91.0825,48.1812],[-91.092,48.1737],[-91.1147,48.1665],[-91.1199,48.1607],[-91.1426,48.1546],[-91.1373,48.1493],[-91.1563,48.1405],[-91.1829,48.1222],[-91.1901,48.1251],[-91.2149,48.1029],[-91.2349,48.0961],[-91.2497,48.0841],[-91.2668,48.0788],[-91.2897,48.0742],[-91.3245,48.0729],[-91.3313,48.0696],[-91.3364,48.0697],[-91.34,48.0736],[-91.365,48.0671],[-91.3708,48.0697],[-91.3909,48.0572],[-91.4296,48.0487],[-91.4386,48.0503],[-91.4466,48.063],[-91.4462,48.0677],[-91.45,48.0691],[-91.4882,48.0684],[-91.5675,48.0438],[-91.5755,48.0489],[-91.5727,48.0574],[-91.5754,48.0667],[-91.5694,48.0937],[-91.5528,48.1032],[-91.5591,48.1086],[-91.6399,48.0971],[-91.6531,48.1098],[-91.6518,48.114],[-91.6619,48.1119],[-91.6651,48.1071],[-91.6809,48.1083],[-91.6876,48.1119],[-91.6821,48.1225],[-91.7034,48.1137],[-91.7118,48.1146],[-91.6995,48.132],[-91.6978,48.1416],[-91.7081,48.153],[-91.7047,48.16],[-91.7048,48.1707],[-91.7094,48.1729],[-91.7244,48.1705],[-91.7213,48.1803],[-91.7123,48.1875],[-91.7103,48.1939],[-91.7131,48.198],[-91.7421,48.2046],[-91.7415,48.1993],[-91.7484,48.1987],[-91.7535,48.2009],[-91.7559,48.206],[-91.7642,48.2006],[-91.7807,48.2007],[-91.7861,48.1962],[-91.7911,48.2025],[-91.7982,48.203],[-91.7994,47.7597],[-91.7889,47.5426],[-91.7963,46.7948],[-91.5002,46.9133],[-90.7952,47.2443],[-91.0002,47.4472],[-91.0231,47.465]]]},"properties":{"geoid":"27075","name":"Lake County","basename":"Lake","state":"MN","lat":47.517111,"lng":-91.411704,"landSqMi":2109.108}},{"type":"Feature","geometry":{"type":"Polygon","coordinates":[[[-95.5933,44.283],[-95.5944,44.5308],[-95.5948,44.5423],[-95.6043,44.5425],[-95.604,44.6299],[-96.0929,44.6305],[-96.0932,44.5437],[-96.0803,44.5434],[-96.0786,44.1966],[-95.5936,44.1955],[-95.5933,44.283]]]},"properties":{"geoid":"27083","name":"Lyon County","basename":"Lyon","state":"MN","lat":44.409195,"lng":-95.847268,"landSqMi":714.411}},{"type":"Feature","geometry":{"type":"Polygon","coordinates":[[[-94.4135,47.5865],[-94.4162,47.6007],[-94.4193,47.7186],[-94.4178,48.0198],[-94.4237,48.0198],[-94.4247,48.0489],[-94.4252,48.3674],[-95.211,48.366],[-95.212,48.5399],[-95.6023,48.5389],[-95.6016,48.3654],[-95.5931,48.3654],[-95.5925,48.0207],[-95.2291,48.0201],[-95.248,48.0031],[-95.2649,47.974],[-95.2725,47.9596],[-95.2782,47.9295],[-95.2719,47.9073],[-95.2551,47.8879],[-95.2233,47.8764],[-95.1935,47.8722],[-95.1943,47.6734],[-95.185,47.6734],[-95.1832,47.4128],[-94.7129,47.4096],[-94.4164,47.4118],[-94.4135,47.5865]]]},"properties":{"geoid":"27007","name":"Beltrami County","basename":"Beltrami","state":"MN","lat":47.879508,"lng":-95.00505,"landSqMi":2504.643}},{"type":"Feature","geometry":{"type":"Polygon","coordinates":[[[-94.0065,43.8481],[-94.2471,43.8479],[-94.248,43.5001],[-93.6485,43.4997],[-93.6483,43.8481],[-94.0065,43.8481]]]},"properties":{"geoid":"27043","name":"Faribault County","basename":"Faribault","state":"MN","lat":43.676522,"lng":-93.947234,"landSqMi":712.479}},{"type":"Feature","geometry":{"type":"Polygon","coordinates":[[[-92.4564,48.4134],[-92.4755,48.4186],[-92.482,48.4283],[-92.4894,48.4303],[-92.5075,48.448],[-92.537,48.4477],[-92.5765,48.4406],[-92.6562,48.4365],[-92.6881,48.4437],[-92.7127,48.463],[-92.6987,48.4948],[-92.6858,48.4974],[-92.6615,48.4963],[-92.6541,48.5017],[-92.6371,48.4993],[-92.627,48.5033],[-92.6319,48.5067],[-92.6251,48.5129],[-92.6255,48.5179],[-92.6349,48.5426],[-92.6578,48.5462],[-92.7284,48.5394],[-92.8945,48.595],[-92.9101,48.5964],[-92.9296,48.6069],[-92.95,48.6083],[-92.9498,48.6303],[-92.9548,48.6315],[-92.9846,48.6238],[-93.0886,48.6277],[-93.095,48.2425],[-93.098,48.2425],[-93.0965,48.0678],[-93.0891,48.0679],[-93.0881,47.9786],[-93.0809,47.9785],[-93.0838,47.8212],[-93.082,47.7206],[-93.0615,47.7204],[-93.0637,47.5445],[-93.0696,47.4002],[-93.0645,47.37],[-93.0663,47.1094],[-93.056,47.1093],[-93.0555,47.0912],[-93.0613,46.7664],[-92.8086,46.766],[-92.6592,46.7691],[-92.3017,46.7641],[-92.3013,46.6669],[-92.2929,46.6635],[-92.2913,46.6681],[-92.2874,46.6673],[-92.2862,46.6603],[-92.2744,46.6574],[-92.2706,46.6507],[-92.266,46.651],[-92.2566,46.6587],[-92.2425,46.6492],[-92.2285,46.6529],[-92.2124,46.6499],[-92.2023,46.655],[-92.2041,46.6669],[-92.1759,46.6865],[-92.1763,46.6905],[-92.183,46.6957],[-92.2052,46.6983],[-92.2047,46.704],[-92.1974,46.7076],[-92.1891,46.7175],[-92.1673,46.7199],[-92.1467,46.7158],[-92.1415,46.7253],[-92.1433,46.7346],[-92.1166,46.7486],[-92.0895,46.7492],[-92.034,46.7089],[-92.0203,46.704],[-91.9813,46.7231],[-91.7963,46.7948],[-91.7889,47.5426],[-91.7994,47.7597],[-91.7982,48.203],[-91.8141,48.2084],[-91.8155,48.2118],[-91.8644,48.2069],[-91.8676,48.2192],[-91.8843,48.2274],[-91.8931,48.238],[-91.9149,48.2389],[-91.9376,48.2342],[-91.9421,48.2304],[-91.9584,48.2331],[-91.9583,48.2438],[-91.948,48.2459],[-91.9541,48.2523],[-91.97,48.2538],[-91.9725,48.2506],[-91.9704,48.2478],[-91.9756,48.2443],[-91.9892,48.2603],[-92.0065,48.2654],[-92.0073,48.2806],[-92.012,48.287],[-92.013,48.2974],[-92.0001,48.3211],[-92.0308,48.3257],[-92.0377,48.3331],[-92.0469,48.3348],[-92.0478,48.3436],[-92.0451,48.3457],[-92.0552,48.3594],[-92.0782,48.358],[-92.0836,48.3537],[-92.1437,48.356],[-92.1449,48.3657],[-92.162,48.3633],[-92.1774,48.3571],[-92.1785,48.3518],[-92.1928,48.3487],[-92.2039,48.3518],[-92.2067,48.3456],[-92.217,48.345],[-92.2216,48.3489],[-92.2625,48.3549],[-92.2888,48.3428],[-92.2954,48.3239],[-92.3045,48.3228],[-92.3062,48.3162],[-92.2945,48.3062],[-92.3014,48.2883],[-92.2932,48.276],[-92.2946,48.2712],[-92.2902,48.2651],[-92.2736,48.2565],[-92.2696,48.2482],[-92.3149,48.2405],[-92.3321,48.2339],[-92.3366,48.2357],[-92.3419,48.2317],[-92.3536,48.2301],[-92.3622,48.2227],[-92.3681,48.2241],[-92.3699,48.2203],[-92.3784,48.2303],[-92.3838,48.2446],[-92.3873,48.2443],[-92.3859,48.2513],[-92.3924,48.2512],[-92.3892,48.2537],[-92.4156,48.2951],[-92.4256,48.3046],[-92.4367,48.3089],[-92.4698,48.3521],[-92.4765,48.3719],[-92.4564,48.4011],[-92.4564,48.4134]]]},"properties":{"geoid":"27137","name":"St. Louis County","basename":"St. Louis","state":"MN","lat":47.578635,"lng":-92.514585,"landSqMi":6248.116}},{"type":"Feature","geometry":{"type":"Polygon","coordinates":[[[-94.0535,45.5592],[-93.7595,45.5596],[-93.7639,45.8221],[-93.9905,45.8243],[-94.3532,45.8221],[-94.3449,45.8113],[-94.3279,45.7986],[-94.3139,45.8006],[-94.3128,45.7921],[-94.3066,45.7859],[-94.2718,45.7752],[-94.2728,45.7677],[-94.2647,45.7631],[-94.2667,45.7546],[-94.2586,45.7414],[-94.2374,45.7303],[-94.2152,45.7263],[-94.2145,45.7216],[-94.2239,45.7167],[-94.224,45.7117],[-94.2105,45.7019],[-94.2038,45.6792],[-94.1979,45.6766],[-94.1823,45.6789],[-94.1974,45.6705],[-94.1973,45.6537],[-94.2043,45.6465],[-94.2037,45.6196],[-94.1921,45.6009],[-94.171,45.5897],[-94.1608,45.5664],[-94.1495,45.5591],[-94.0535,45.5592]]]},"properties":{"geoid":"27009","name":"Benton County","basename":"Benton","state":"MN","lat":45.701225,"lng":-94.00144,"landSqMi":408.303}},{"type":"Feature","geometry":{"type":"Polygon","coordinates":[[[-94.8545,43.7623],[-94.8546,43.5009],[-94.248,43.5001],[-94.2471,43.8479],[-94.8544,43.8481],[-94.8545,43.7623]]]},"properties":{"geoid":"27091","name":"Martin County","basename":"Martin","state":"MN","lat":43.677173,"lng":-94.547096,"landSqMi":712.331}},{"type":"Feature","geometry":{"type":"Polygon","coordinates":[[[-94.0188,44.1906],[-94.011,44.192],[-94.0108,44.1966],[-94.0143,44.2005],[-94.021,44.1976],[-94.0208,44.2017],[-94.0146,44.2053],[-94.0193,44.2105],[-94.0253,44.2116],[-94.026,44.2193],[-94.0195,44.2221],[-94.0145,44.2172],[-94.0141,44.2257],[-94.0185,44.2362],[-94.0119,44.2395],[-94.022,44.2417],[-94.0153,44.2484],[-94.0099,44.2462],[-94.0084,44.2486],[-94.0161,44.2574],[-94.0233,44.2557],[-94.0251,44.2582],[-94.0084,44.2707],[-94.0131,44.2732],[-94.011,44.2768],[-93.9981,44.2788],[-93.9901,44.2923],[-93.9911,44.2955],[-93.9598,44.3073],[-93.9508,44.3204],[-93.9508,44.3288],[-93.9436,44.3313],[-93.9452,44.339],[-93.9424,44.3412],[-93.9365,44.3392],[-93.9328,44.344],[-93.9394,44.3527],[-93.9557,44.3585],[-93.9568,44.3615],[-93.953,44.3662],[-93.9617,44.3641],[-93.9624,44.3704],[-93.955,44.375],[-93.9633,44.3832],[-93.9529,44.3837],[-93.9523,44.3862],[-93.9567,44.3907],[-93.9658,44.3905],[-93.9504,44.3931],[-93.9489,44.4004],[-93.9541,44.4096],[-93.9397,44.4128],[-93.929,44.4429],[-93.9335,44.4508],[-93.9294,44.4527],[-93.9365,44.4541],[-93.9349,44.4567],[-94.7806,44.4567],[-94.7803,44.4539],[-94.7866,44.4524],[-94.7761,44.4464],[-94.7681,44.4467],[-94.7664,44.4427],[-94.7486,44.4497],[-94.7364,44.4417],[-94.7313,44.4417],[-94.7267,44.4339],[-94.7059,44.4338],[-94.6943,44.4259],[-94.7028,44.4166],[-94.6987,44.4137],[-94.7013,44.4118],[-94.6937,44.4113],[-94.6965,44.4161],[-94.6938,44.4176],[-94.6884,44.4172],[-94.6852,44.4124],[-94.6886,44.408],[-94.6971,44.4091],[-94.6946,44.4027],[-94.6883,44.407],[-94.6764,44.4083],[-94.6699,44.4031],[-94.6764,44.3964],[-94.6661,44.394],[-94.6624,44.3953],[-94.6622,44.3993],[-94.6565,44.3976],[-94.6549,44.4006],[-94.6552,44.3931],[-94.6459,44.3975],[-94.6395,44.3966],[-94.6375,44.3947],[-94.6417,44.3904],[-94.6277,44.3913],[-94.6267,44.3847],[-94.6231,44.3822],[-94.6159,44.3854],[-94.5971,44.3854],[-94.5933,44.3771],[-94.5881,44.3771],[-94.5866,44.3738],[-94.5822,44.378],[-94.5781,44.3714],[-94.5649,44.3768],[-94.5585,44.3714],[-94.5553,44.3758],[-94.5462,44.3645],[-94.523,44.3654],[-94.5182,44.3703],[-94.52,44.3596],[-94.5092,44.3552],[-94.5018,44.3575],[-94.501,44.3522],[-94.4963,44.3545],[-94.4995,44.3605],[-94.4939,44.3609],[-94.4906,44.3589],[-94.4913,44.3512],[-94.4848,44.3492],[-94.4828,44.345],[-94.475,44.3438],[-94.4624,44.3327],[-94.4517,44.3333],[-94.4534,44.3233],[-94.4432,44.3238],[-94.4412,44.3191],[-94.4453,44.315],[-94.4509,44.3218],[-94.4532,44.3203],[-94.4518,44.3166],[-94.4431,44.3086],[-94.4364,44.3127],[-94.4322,44.3118],[-94.4328,44.3083],[-94.4416,44.3064],[-94.4323,44.2963],[-94.4249,44.2994],[-94.4255,44.2955],[-94.4322,44.2933],[-94.4264,44.2905],[-94.4226,44.2928],[-94.4142,44.287],[-94.4105,44.2804],[-94.4121,44.2736],[-94.3847,44.2665],[-94.3807,44.2613],[-94.3751,44.2664],[-94.3605,44.262],[-94.363,44.2585],[-94.3599,44.2569],[-94.3558,44.2616],[-94.3424,44.2578],[-94.344,44.2524],[-94.3359,44.2564],[-94.3237,44.2469],[-94.3203,44.251],[-94.3176,44.2483],[-94.3197,44.2434],[-94.3115,44.2428],[-94.311,44.2471],[-94.3084,44.2424],[-94.3,44.2426],[-94.2972,44.2337],[-94.2916,44.24],[-94.2853,44.2331],[-94.2866,44.2281],[-94.2828,44.2274],[-94.279,44.2328],[-94.2765,44.2302],[-94.2803,44.2274],[-94.2735,44.2241],[-94.269,44.2308],[-94.2673,44.2238],[-94.2572,44.2242],[-94.2475,44.2199],[-94.2522,44.2151],[-94.2424,44.2143],[-94.2383,44.2095],[-94.235,44.2125],[-94.2247,44.2116],[-94.2241,44.2168],[-94.219,44.2136],[-94.223,44.2061],[-94.2147,44.2048],[-94.2137,44.2009],[-94.1995,44.2028],[-94.1874,44.1972],[-94.1516,44.1917],[-94.1432,44.194],[-94.1251,44.1843],[-94.1249,44.1798],[-94.1112,44.1795],[-94.109,44.174],[-94.1153,44.176],[-94.1137,44.1734],[-94.0995,44.1753],[-94.0983,44.1725],[-94.1044,44.1699],[-94.093,44.1682],[-94.0914,44.1637],[-94.0738,44.1585],[-94.0614,44.1627],[-94.0542,44.1539],[-94.0441,44.1557],[-94.0436,44.1617],[-94.0364,44.1644],[-94.0152,44.1651],[-94.0032,44.1694],[-94.0022,44.1751],[-94.0061,44.184],[-94.0186,44.183],[-94.0188,44.1906]]]},"properties":{"geoid":"27103","name":"Nicollet County","basename":"Nicollet","state":"MN","lat":44.35882,"lng":-94.245684,"landSqMi":448.517}},{"type":"Feature","geometry":{"type":"Polygon","coordinates":[[[-95.4544,43.5869],[-95.4525,43.848],[-96.0523,43.8491],[-96.0532,43.5001],[-95.4546,43.5006],[-95.4544,43.5869]]]},"properties":{"geoid":"27105","name":"Nobles County","basename":"Nobles","state":"MN","lat":43.677686,"lng":-95.763132,"landSqMi":715.117}},{"type":"Feature","geometry":{"type":"Polygon","coordinates":[[[-93.315,47.0282],[-93.7753,47.0304],[-93.7779,46.5897],[-93.8115,46.5842],[-93.8108,46.2533],[-93.8085,46.2488],[-93.7986,46.2486],[-93.7963,46.2432],[-93.4306,46.2464],[-93.4318,46.1539],[-93.2829,46.1594],[-93.054,46.1583],[-93.0548,46.5932],[-93.0627,46.5933],[-93.0649,46.6778],[-93.0568,47.0264],[-93.1911,47.0252],[-93.315,47.0282]]]},"properties":{"geoid":"27001","name":"Aitkin County","basename":"Aitkin","state":"MN","lat":46.602409,"lng":-93.419694,"landSqMi":1821.369}},{"type":"Feature","geometry":{"type":"Polygon","coordinates":[[[-93.2278,45.107],[-93.2277,45.1245],[-93.0205,45.1239],[-93.0196,45.4118],[-93.5101,45.4148],[-93.5122,45.2457],[-93.5014,45.2414],[-93.4855,45.2257],[-93.4676,45.2258],[-93.4576,45.2202],[-93.4259,45.2147],[-93.412,45.1982],[-93.3754,45.1787],[-93.3588,45.175],[-93.3462,45.1602],[-93.3115,45.1438],[-93.2971,45.127],[-93.2948,45.1149],[-93.2783,45.1034],[-93.279,45.0802],[-93.2852,45.0585],[-93.2808,45.0436],[-93.2834,45.0354],[-93.2269,45.0357],[-93.2278,45.107]]]},"properties":{"geoid":"27003","name":"Anoka County","basename":"Anoka","state":"MN","lat":45.27411,"lng":-93.242723,"landSqMi":421.973}},{"type":"Feature","geometry":{"type":"Polygon","coordinates":[[[-92.6745,45.3829],[-92.6641,45.3933],[-92.6503,45.3988],[-92.6467,45.4132],[-92.6503,45.4192],[-92.6466,45.4416],[-92.6535,45.4553],[-92.6802,45.4643],[-92.7129,45.5048],[-92.7267,45.5145],[-92.7261,45.5411],[-92.7734,45.5682],[-92.8233,45.5609],[-92.8464,45.5665],[-92.8711,45.5676],[-92.8837,45.5755],[-92.8833,45.5898],[-92.8864,45.5987],[-92.8825,45.6102],[-92.888,45.625],[-92.8869,45.6357],[-92.8894,45.6412],[-92.8789,45.6656],[-92.8755,45.689],[-92.8701,45.6968],[-92.8692,45.7176],[-92.8411,45.73],[-93.1418,45.7307],[-93.142,45.5581],[-93.022,45.5574],[-93.0194,45.2969],[-92.7457,45.296],[-92.7048,45.3265],[-92.699,45.3364],[-92.7041,45.3537],[-92.7027,45.3585],[-92.6792,45.3727],[-92.6745,45.3829]]]},"properties":{"geoid":"27025","name":"Chisago County","basename":"Chisago","state":"MN","lat":45.505444,"lng":-92.903849,"landSqMi":414.9}},{"type":"Feature","geometry":{"type":"Polygon","coordinates":[[[-93.8103,45.9831],[-93.8104,46.1566],[-94.3746,46.1571],[-94.371,46.1642],[-94.3716,46.174],[-94.3656,46.1789],[-94.3948,46.2094],[-94.3944,46.2287],[-94.3894,46.2324],[-94.3877,46.239],[-94.3727,46.243],[-94.3635,46.252],[-94.3553,46.2551],[-94.3531,46.2656],[-94.3389,46.2713],[-94.3391,46.2765],[-94.3506,46.2799],[-94.3437,46.2866],[-94.3505,46.2954],[-94.3624,46.3002],[-94.372,46.2971],[-94.3819,46.3095],[-94.3901,46.3035],[-94.3912,46.3061],[-94.3869,46.3094],[-94.3892,46.3124],[-94.3962,46.313],[-94.4023,46.3216],[-94.4231,46.3277],[-94.4286,46.3326],[-94.4451,46.3318],[-94.4531,46.3279],[-94.4605,46.3312],[-94.4674,46.3226],[-94.4811,46.3215],[-94.4877,46.3143],[-94.4976,46.3152],[-94.5079,46.3129],[-94.5115,46.3086],[-94.5405,46.3035],[-94.5562,46.3071],[-94.5591,46.3112],[-94.5856,46.3244],[-94.6042,46.3301],[-94.6142,46.3245],[-94.6177,46.3276],[-94.6229,46.3267],[-94.636,46.3407],[-94.6439,46.3415],[-94.6535,46.3487],[-94.6533,46.2826],[-94.6479,46.2824],[-94.6488,45.9335],[-94.6435,45.9324],[-94.644,45.7739],[-94.2718,45.7752],[-94.3066,45.7859],[-94.3128,45.7921],[-94.3139,45.8006],[-94.3279,45.7986],[-94.3449,45.8113],[-94.3532,45.8221],[-93.9905,45.8243],[-93.7639,45.8221],[-93.7689,45.9825],[-93.8103,45.9831]]]},"properties":{"geoid":"27097","name":"Morrison County","basename":"Morrison","state":"MN","lat":46.020484,"lng":-94.266619,"landSqMi":1125.094}},{"type":"Feature","geometry":{"type":"Polygon","coordinates":[[[-95.2887,46.7166],[-96.1746,46.7179],[-96.1724,46.6306],[-96.2812,46.6308],[-96.28,46.2822],[-96.2646,46.2822],[-96.2654,46.1086],[-95.1459,46.1068],[-95.1458,46.2824],[-95.1543,46.2824],[-95.1549,46.3109],[-95.1555,46.6299],[-95.1634,46.6299],[-95.1637,46.7176],[-95.2887,46.7166]]]},"properties":{"geoid":"27111","name":"Otter Tail County","basename":"Otter Tail","state":"MN","lat":46.405727,"lng":-95.714581,"landSqMi":1971.635}},{"type":"Feature","geometry":{"type":"Polygon","coordinates":[[[-92.7646,45.8242],[-92.7655,45.829],[-92.7617,45.8339],[-92.74,45.8463],[-92.7361,45.8591],[-92.7382,45.862],[-92.7133,45.8911],[-92.6774,45.9058],[-92.6762,45.9121],[-92.6595,45.9229],[-92.6391,45.9246],[-92.6388,45.9342],[-92.6143,45.9345],[-92.6025,45.9408],[-92.5519,45.9517],[-92.5498,45.968],[-92.5252,45.9839],[-92.4698,45.9736],[-92.4616,45.9789],[-92.4645,45.985],[-92.4534,45.9929],[-92.4423,46.0162],[-92.4207,46.0268],[-92.41,46.0273],[-92.3713,46.014],[-92.3518,46.0157],[-92.3493,46.0236],[-92.3437,46.0285],[-92.3435,46.043],[-92.3329,46.0627],[-92.3193,46.0693],[-92.294,46.0744],[-92.2929,46.4172],[-93.0548,46.4193],[-93.0554,45.9813],[-93.1429,45.981],[-93.1418,45.7307],[-92.8411,45.73],[-92.8098,45.7442],[-92.7846,45.7642],[-92.7765,45.79],[-92.7578,45.8066],[-92.7646,45.8242]]]},"properties":{"geoid":"27115","name":"Pine County","basename":"Pine","state":"MN","lat":46.10094,"lng":-92.763094,"landSqMi":1411.337}},{"type":"Feature","geometry":{"type":"Polygon","coordinates":[[[-90.7516,48.091],[-90.7614,48.0984],[-90.7687,48.1166],[-90.7741,48.1186],[-90.7764,48.124],[-90.7898,48.1301],[-90.7822,48.1359],[-90.7982,48.1369],[-90.7778,48.1483],[-90.7779,48.1638],[-90.7964,48.1592],[-90.8011,48.1641],[-90.8041,48.1778],[-90.8175,48.1794],[-90.821,48.1847],[-90.8258,48.1836],[-90.8247,48.1768],[-90.8325,48.1735],[-90.8364,48.177],[-90.8342,48.1865],[-90.8363,48.2188],[-90.8398,48.2283],[-90.8377,48.2347],[-90.8438,48.2437],[-90.8751,48.2378],[-90.8858,48.246],[-90.9069,48.2375],[-90.9151,48.2308],[-90.977,48.2196],[-91.0041,48.203],[-91.0028,48.2007],[-91.0321,48.1889],[-91.0316,48.0641],[-91.0246,48.0641],[-91.0265,47.8883],[-91.0207,47.888],[-91.0231,47.465],[-91.0002,47.4472],[-90.7952,47.2443],[-90.6547,47.3098],[-89.9571,47.2911],[-89.4834,48.0137],[-89.5643,48.0029],[-89.581,47.9959],[-89.5855,48.0018],[-89.6081,48.0069],[-89.6107,48.0179],[-89.6184,48.0109],[-89.638,48.0091],[-89.6371,48.0041],[-89.6459,48.0063],[-89.6509,48.0036],[-89.6568,48.0099],[-89.662,48.0108],[-89.6668,48.0073],[-89.6729,48.0116],[-89.6881,48.0109],[-89.7024,48.0064],[-89.708,48.0104],[-89.7161,48.0094],[-89.7162,48.0169],[-89.7242,48.0138],[-89.7239,48.0172],[-89.7195,48.0185],[-89.7237,48.0208],[-89.7427,48.02],[-89.7501,48.0236],[-89.7737,48.0205],[-89.7754,48.0229],[-89.7791,48.0185],[-89.7924,48.0184],[-89.7968,48.0149],[-89.8062,48.0143],[-89.8074,48.0176],[-89.8199,48.0155],[-89.8313,47.9996],[-89.8448,48.0031],[-89.8421,48.0017],[-89.8425,47.9973],[-89.8472,47.9926],[-89.8682,47.9902],[-89.8719,47.9855],[-89.8955,47.9873],[-89.9221,47.9972],[-89.9218,48.0001],[-89.9281,48.0022],[-89.9259,48.0063],[-89.9315,48.0089],[-89.9346,48.0158],[-89.9506,48.0162],[-89.9531,48.0108],[-89.9683,48.0147],[-89.9747,48.0231],[-89.9938,48.0281],[-89.9971,48.0353],[-89.9938,48.0493],[-89.9981,48.0579],[-90.0087,48.0685],[-90.0148,48.0671],[-90.0233,48.0847],[-90.0741,48.1012],[-90.0916,48.1046],[-90.116,48.1042],[-90.1408,48.1126],[-90.1643,48.1097],[-90.1765,48.1124],[-90.1886,48.108],[-90.2107,48.1063],[-90.2252,48.1082],[-90.2892,48.0991],[-90.31,48.1056],[-90.3301,48.1023],[-90.3443,48.0943],[-90.3674,48.0947],[-90.3734,48.094],[-90.3743,48.0909],[-90.4032,48.1051],[-90.4385,48.0987],[-90.4674,48.1087],[-90.4867,48.0991],[-90.4936,48.1014],[-90.4961,48.0986],[-90.5103,48.0973],[-90.5169,48.0993],[-90.5567,48.0959],[-90.5645,48.0988],[-90.5697,48.1068],[-90.5555,48.1169],[-90.5591,48.1217],[-90.5758,48.1206],[-90.5797,48.1238],[-90.5913,48.1174],[-90.6271,48.1118],[-90.6415,48.1035],[-90.7415,48.0946],[-90.7516,48.091]]]},"properties":{"geoid":"27031","name":"Cook County","basename":"Cook","state":"MN","lat":47.758556,"lng":-90.344319,"landSqMi":1452.576}},{"type":"Feature","geometry":{"type":"Polygon","coordinates":[[[-95.1315,45.5079],[-95.1315,45.585],[-95.1399,45.585],[-95.1397,45.7589],[-95.7585,45.7599],[-95.7586,45.5854],[-95.7476,45.5854],[-95.7474,45.4123],[-95.1319,45.4125],[-95.1315,45.5079]]]},"properties":{"geoid":"27121","name":"Pope County","basename":"Pope","state":"MN","lat":45.589623,"lng":-95.446705,"landSqMi":674.554}},{"type":"Feature","geometry":{"type":"Polygon","coordinates":[[[-95.1402,45.871],[-95.1388,45.9327],[-95.1463,45.9328],[-95.1459,46.1068],[-95.7698,46.1075],[-95.7696,45.9337],[-95.7587,45.9337],[-95.7585,45.7599],[-95.1397,45.7589],[-95.1402,45.871]]]},"properties":{"geoid":"27041","name":"Douglas County","basename":"Douglas","state":"MN","lat":45.936835,"lng":-95.462155,"landSqMi":636.878}},{"type":"Feature","geometry":{"type":"Polygon","coordinates":[[[-95.1637,46.7375],[-95.1634,46.6299],[-95.1555,46.6299],[-95.1556,46.3689],[-94.7314,46.3686],[-94.728,46.3807],[-94.732,46.384],[-94.7421,46.38],[-94.7462,46.3847],[-94.7518,46.3791],[-94.7541,46.3845],[-94.7594,46.3827],[-94.7602,46.3884],[-94.7655,46.3899],[-94.7625,46.3932],[-94.7649,46.3957],[-94.7714,46.3965],[-94.7726,46.392],[-94.7791,46.3942],[-94.7803,46.6155],[-94.7806,46.6299],[-94.786,46.6304],[-94.7871,46.8039],[-95.163,46.8047],[-95.1637,46.7375]]]},"properties":{"geoid":"27159","name":"Wadena County","basename":"Wadena","state":"MN","lat":46.586986,"lng":-94.988608,"landSqMi":536.347}},{"type":"Feature","geometry":{"type":"Polygon","coordinates":[[[-92.7861,45.0428],[-92.8016,45.0565],[-92.8015,45.0686],[-92.7903,45.0806],[-92.7467,45.1071],[-92.7396,45.1156],[-92.7457,45.1231],[-92.7522,45.1425],[-92.7491,45.1487],[-92.7524,45.1739],[-92.7649,45.1828],[-92.7674,45.1902],[-92.7639,45.2049],[-92.754,45.2128],[-92.7517,45.2187],[-92.7575,45.2305],[-92.7603,45.2517],[-92.7519,45.2659],[-92.7606,45.2788],[-92.762,45.2882],[-92.7457,45.296],[-93.0195,45.2969],[-93.0205,45.1239],[-92.9846,45.1238],[-92.9846,45.1214],[-92.9842,44.8908],[-93.02,44.8908],[-93.0088,44.8618],[-93.0119,44.8367],[-93.0047,44.8149],[-93.0204,44.7942],[-93.0215,44.7868],[-93.016,44.7756],[-93.006,44.7717],[-92.9861,44.7753],[-92.9638,44.7701],[-92.9427,44.7747],[-92.9286,44.7814],[-92.9107,44.7742],[-92.8803,44.7733],[-92.8553,44.7477],[-92.8379,44.7471],[-92.8266,44.7504],[-92.802,44.7457],[-92.8084,44.7516],[-92.8056,44.7684],[-92.8005,44.7774],[-92.7856,44.7919],[-92.7808,44.8123],[-92.7658,44.8362],[-92.7696,44.8601],[-92.7634,44.8741],[-92.7739,44.89],[-92.7746,44.8981],[-92.7587,44.909],[-92.7506,44.9373],[-92.7546,44.9558],[-92.7694,44.9721],[-92.7712,45.0014],[-92.7621,45.0243],[-92.7704,45.0338],[-92.7861,45.0428]]]},"properties":{"geoid":"27163","name":"Washington County","basename":"Washington","state":"MN","lat":45.037929,"lng":-92.890117,"landSqMi":384.718}},{"type":"Feature","geometry":{"type":"Polygon","coordinates":[[[-95.1002,44.108],[-95.101,44.1949],[-95.4625,44.1959],[-95.4624,43.8479],[-94.8594,43.8481],[-94.8598,44.108],[-95.1002,44.108]]]},"properties":{"geoid":"27033","name":"Cottonwood County","basename":"Cottonwood","state":"MN","lat":44.010639,"lng":-95.183152,"landSqMi":639.973}},{"type":"Feature","geometry":{"type":"Polygon","coordinates":[[[-96.2988,46.6308],[-96.1724,46.6306],[-96.177,46.805],[-96.1741,46.9774],[-96.1936,46.9774],[-96.1947,47.1511],[-96.8401,47.1505],[-96.8286,47.1464],[-96.8346,47.1439],[-96.8263,47.1349],[-96.8304,47.1292],[-96.8207,47.1304],[-96.8258,47.1231],[-96.8376,47.122],[-96.8284,47.1208],[-96.8212,47.1158],[-96.8221,47.1089],[-96.8162,47.1085],[-96.8159,47.1041],[-96.821,47.1009],[-96.8173,47.0981],[-96.8173,47.0921],[-96.8264,47.0889],[-96.816,47.0885],[-96.8204,47.083],[-96.8158,47.079],[-96.8293,47.0746],[-96.8268,47.0726],[-96.8237,47.0759],[-96.8196,47.0753],[-96.8245,47.0715],[-96.8197,47.0617],[-96.8304,47.0608],[-96.8222,47.0595],[-96.8251,47.0556],[-96.8177,47.0523],[-96.8276,47.0463],[-96.8179,47.0471],[-96.8227,47.0369],[-96.8127,47.0386],[-96.8171,47.0333],[-96.8273,47.0321],[-96.8205,47.0303],[-96.8148,47.0244],[-96.8295,47.0216],[-96.8348,47.0174],[-96.8323,47.0152],[-96.8335,47.0101],[-96.8395,47.0067],[-96.8288,47.0051],[-96.8275,47.0016],[-96.821,47.0033],[-96.8233,47.0003],[-96.8195,46.9974],[-96.8239,46.9974],[-96.8223,46.9906],[-96.8264,46.9879],[-96.8201,46.9794],[-96.8227,46.97],[-96.8098,46.9638],[-96.8065,46.9676],[-96.802,46.9641],[-96.8016,46.9683],[-96.795,46.9658],[-96.8038,46.9582],[-96.799,46.9511],[-96.8041,46.9469],[-96.7988,46.9442],[-96.7921,46.9459],[-96.7915,46.9277],[-96.7868,46.9302],[-96.7852,46.9244],[-96.7797,46.9283],[-96.7767,46.9257],[-96.7749,46.9305],[-96.7622,46.9349],[-96.7563,46.9286],[-96.7638,46.9293],[-96.7649,46.9269],[-96.7527,46.9235],[-96.7629,46.9235],[-96.7545,46.9144],[-96.7597,46.9164],[-96.7641,46.9126],[-96.7651,46.9054],[-96.7712,46.9063],[-96.7738,46.9036],[-96.7703,46.9007],[-96.776,46.898],[-96.7757,46.8942],[-96.7694,46.8926],[-96.7747,46.8894],[-96.7736,46.8847],[-96.7674,46.884],[-96.7692,46.8782],[-96.7718,46.8778],[-96.7722,46.8815],[-96.7813,46.8797],[-96.7761,46.8742],[-96.7817,46.8714],[-96.784,46.8617],[-96.7759,46.8546],[-96.7844,46.8557],[-96.7855,46.8534],[-96.7735,46.8517],[-96.7818,46.8456],[-96.7746,46.8396],[-96.7868,46.8412],[-96.7829,46.8363],[-96.7845,46.8333],[-96.794,46.8331],[-96.7801,46.8254],[-96.7924,46.8273],[-96.7924,46.823],[-96.7998,46.8206],[-96.8028,46.8117],[-96.7957,46.8077],[-96.8029,46.8056],[-96.7956,46.8012],[-96.8021,46.7967],[-96.7949,46.7958],[-96.7962,46.7899],[-96.7896,46.7896],[-96.7871,46.7857],[-96.7968,46.777],[-96.7838,46.7782],[-96.7843,46.7743],[-96.7901,46.7746],[-96.7892,46.7712],[-96.7755,46.7668],[-96.7784,46.7645],[-96.7895,46.766],[-96.7779,46.7616],[-96.7864,46.7619],[-96.7829,46.7567],[-96.7898,46.7567],[-96.7829,46.7542],[-96.7894,46.752],[-96.7833,46.7509],[-96.7877,46.7482],[-96.7804,46.7455],[-96.7874,46.7431],[-96.7805,46.7418],[-96.7832,46.7361],[-96.7808,46.7338],[-96.7846,46.7319],[-96.783,46.729],[-96.7796,46.73],[-96.7791,46.7266],[-96.782,46.7252],[-96.7811,46.722],[-96.7912,46.7189],[-96.7821,46.7169],[-96.7875,46.714],[-96.7836,46.7114],[-96.7896,46.7096],[-96.7838,46.706],[-96.7912,46.7037],[-96.7842,46.7014],[-96.788,46.7006],[-96.7849,46.6944],[-96.7906,46.6891],[-96.7841,46.6853],[-96.7876,46.6852],[-96.7884,46.6817],[-96.7948,46.6833],[-96.7875,46.6771],[-96.7991,46.6785],[-96.7989,46.674],[-96.7913,46.6724],[-96.795,46.6672],[-96.8022,46.6679],[-96.7952,46.6662],[-96.8,46.6611],[-96.7969,46.6596],[-96.7989,46.6541],[-96.7907,46.6491],[-96.7942,46.6464],[-96.7858,46.6405],[-96.7908,46.6387],[-96.798,46.6292],[-96.783,46.6317],[-96.2988,46.6308]]]},"properties":{"geoid":"27027","name":"Clay County","basename":"Clay","state":"MN","lat":46.898377,"lng":-96.494901,"landSqMi":1045.176}},{"type":"Feature","geometry":{"type":"Polygon","coordinates":[[[-91.3643,43.9335],[-91.3858,43.9542],[-91.4074,43.9651],[-91.4125,43.9734],[-91.4241,43.9826],[-91.4312,43.9954],[-91.4393,44.001],[-91.4635,44.009],[-91.4809,44.0081],[-91.5071,44.019],[-91.58,44.0269],[-91.5921,44.0314],[-91.6105,44.0493],[-91.6279,44.0558],[-91.6381,44.0633],[-91.6479,44.0641],[-91.6595,44.0742],[-91.667,44.087],[-91.6815,44.0974],[-91.6953,44.0986],[-91.7075,44.1039],[-91.71,44.1193],[-91.7191,44.1289],[-91.7517,44.1348],[-91.7745,44.1475],[-91.8081,44.1593],[-91.8173,44.1642],[-91.8292,44.1783],[-91.8582,44.193],[-92.0794,44.1928],[-92.079,43.8471],[-91.2841,43.8471],[-91.311,43.8674],[-91.3153,43.8818],[-91.3206,43.8885],[-91.3381,43.8977],[-91.3477,43.912],[-91.3574,43.9172],[-91.3643,43.9335]]]},"properties":{"geoid":"27169","name":"Winona County","basename":"Winona","state":"MN","lat":43.981353,"lng":-91.777044,"landSqMi":626.177}},{"type":"Feature","geometry":{"type":"Polygon","coordinates":[[[-91.4655,43.5007],[-91.2177,43.5006],[-91.2183,43.5144],[-91.2329,43.524],[-91.2432,43.5403],[-91.2432,43.5507],[-91.2328,43.5648],[-91.2319,43.5818],[-91.2616,43.6062],[-91.2687,43.6153],[-91.2685,43.6274],[-91.2624,43.6418],[-91.2639,43.6477],[-91.2717,43.6549],[-91.2733,43.6666],[-91.2678,43.6957],[-91.2685,43.7098],[-91.2559,43.7298],[-91.2554,43.7449],[-91.244,43.773],[-91.2624,43.7922],[-91.272,43.8138],[-91.2777,43.8377],[-91.2841,43.8471],[-91.7304,43.8469],[-91.7304,43.5009],[-91.4655,43.5007]]]},"properties":{"geoid":"27055","name":"Houston County","basename":"Houston","state":"MN","lat":43.66699,"lng":-91.501556,"landSqMi":552.113}},{"type":"Feature","geometry":{"type":"Polygon","coordinates":[[[-92.7927,44.5515],[-92.7938,44.5428],[-92.919,44.5432],[-92.9188,44.5176],[-92.9359,44.5117],[-92.9465,44.5126],[-92.9527,44.507],[-92.9564,44.5086],[-92.9568,44.5146],[-92.9732,44.5147],[-92.9819,44.5187],[-93.0393,44.5155],[-93.0412,44.1967],[-92.5509,44.1949],[-92.5507,44.3685],[-92.4306,44.3683],[-92.4303,44.4553],[-92.242,44.4543],[-92.2768,44.4736],[-92.291,44.4855],[-92.3022,44.5003],[-92.303,44.5186],[-92.3141,44.538],[-92.329,44.5509],[-92.3573,44.5585],[-92.3915,44.5576],[-92.4157,44.5605],[-92.4386,44.5526],[-92.4589,44.5627],[-92.481,44.5684],[-92.4937,44.5661],[-92.5192,44.5753],[-92.541,44.5671],[-92.5472,44.5675],[-92.5515,44.5715],[-92.55,44.5815],[-92.5678,44.6025],[-92.5772,44.605],[-92.5862,44.6001],[-92.5905,44.6059],[-92.6016,44.612],[-92.6198,44.6136],[-92.6236,44.6192],[-92.6202,44.6295],[-92.6218,44.639],[-92.632,44.6492],[-92.661,44.6609],[-92.6943,44.6886],[-92.732,44.7143],[-92.732,44.6295],[-92.7926,44.6297],[-92.7927,44.5515]]]},"properties":{"geoid":"27049","name":"Goodhue County","basename":"Goodhue","state":"MN","lat":44.406178,"lng":-92.716,"landSqMi":756.713}},{"type":"Feature","geometry":{"type":"Polygon","coordinates":[[[-96.6172,45.5855],[-96.8355,45.5861],[-96.7938,45.5507],[-96.7634,45.52],[-96.7455,45.4887],[-96.7327,45.4587],[-96.69,45.4155],[-96.6805,45.4105],[-96.6198,45.4089],[-96.5621,45.3861],[-96.5218,45.3756],[-96.4891,45.3571],[-96.468,45.3186],[-96.4531,45.3008],[-96.4529,45.2689],[-96.4191,45.2678],[-96.4165,45.2625],[-96.4065,45.2564],[-96.3841,45.2576],[-96.3764,45.261],[-96.3678,45.2571],[-96.3381,45.256],[-96.3277,45.2501],[-96.3117,45.2519],[-96.3133,45.2474],[-96.3082,45.2473],[-96.3072,45.25],[-96.2914,45.2492],[-96.2833,45.2468],[-96.2888,45.2387],[-96.2803,45.2361],[-96.2811,45.231],[-96.2749,45.2227],[-96.2631,45.2213],[-96.2586,45.2236],[-96.2521,45.2184],[-96.2426,45.2177],[-96.2239,45.2208],[-96.2119,45.214],[-96.2049,45.2057],[-96.1727,45.1927],[-96.1321,45.1919],[-96.1076,45.1832],[-96.1038,45.1767],[-96.1037,45.2398],[-96.1177,45.2398],[-96.1171,45.412],[-96.2413,45.4127],[-96.2414,45.5856],[-96.6172,45.5855]]]},"properties":{"geoid":"27011","name":"Big Stone County","basename":"Big Stone","state":"MN","lat":45.419925,"lng":-96.402226,"landSqMi":499.129}},{"type":"Feature","geometry":{"type":"Polygon","coordinates":[[[-94.0082,43.8481],[-93.7678,43.848],[-93.768,44.2394],[-94.0119,44.2395],[-94.0185,44.2362],[-94.0141,44.2257],[-94.0145,44.2172],[-94.0179,44.2215],[-94.0248,44.2218],[-94.0257,44.2125],[-94.0146,44.2053],[-94.0208,44.2017],[-94.021,44.1976],[-94.0143,44.2005],[-94.0108,44.1966],[-94.011,44.192],[-94.0196,44.1897],[-94.0201,44.1842],[-94.0062,44.1841],[-94.0022,44.1751],[-94.0032,44.1695],[-94.0152,44.1651],[-94.0364,44.1644],[-94.0436,44.1617],[-94.0441,44.1557],[-94.0542,44.1539],[-94.0614,44.1627],[-94.0738,44.1585],[-94.0914,44.1637],[-94.093,44.1682],[-94.1044,44.1699],[-94.0983,44.1725],[-94.0995,44.1753],[-94.1137,44.1734],[-94.1153,44.176],[-94.109,44.174],[-94.1112,44.1795],[-94.1249,44.1798],[-94.1249,44.1841],[-94.1337,44.1867],[-94.1422,44.1937],[-94.1516,44.1917],[-94.1874,44.1972],[-94.1995,44.2028],[-94.2128,44.2006],[-94.2147,44.2048],[-94.223,44.2061],[-94.219,44.2136],[-94.2241,44.2168],[-94.2247,44.2116],[-94.235,44.2125],[-94.2383,44.2095],[-94.2424,44.2143],[-94.2522,44.2151],[-94.2475,44.2199],[-94.2572,44.2242],[-94.2673,44.2238],[-94.269,44.2308],[-94.2727,44.2241],[-94.2803,44.2273],[-94.2765,44.2302],[-94.279,44.2328],[-94.2848,44.2273],[-94.2853,44.2331],[-94.2916,44.24],[-94.2977,44.2338],[-94.3,44.2426],[-94.3084,44.2424],[-94.3096,44.2467],[-94.3127,44.2464],[-94.3115,44.2428],[-94.3195,44.2433],[-94.3176,44.2483],[-94.3203,44.251],[-94.3237,44.2469],[-94.3343,44.2559],[-94.344,44.2524],[-94.3424,44.2578],[-94.3558,44.2616],[-94.3599,44.2569],[-94.363,44.2585],[-94.3605,44.262],[-94.3717,44.2644],[-94.3717,44.1965],[-94.3692,44.1959],[-94.3688,44.1823],[-94.369,43.848],[-94.0082,43.8481]]]},"properties":{"geoid":"27013","name":"Blue Earth County","basename":"Blue Earth","state":"MN","lat":44.03371,"lng":-94.064012,"landSqMi":747.836}},{"type":"Feature","geometry":{"type":"Polygon","coordinates":[[[-93.0974,48.1796],[-93.0886,48.6277],[-93.1784,48.6233],[-93.2075,48.6425],[-93.2547,48.6428],[-93.3487,48.6265],[-93.3527,48.6135],[-93.3551,48.6114],[-93.362,48.614],[-93.3715,48.6059],[-93.3954,48.6038],[-93.4057,48.6098],[-93.4398,48.5937],[-93.4655,48.5916],[-93.4672,48.5884],[-93.4575,48.5671],[-93.4577,48.5597],[-93.4674,48.5465],[-93.5011,48.5413],[-93.5172,48.5348],[-93.5425,48.53],[-93.5762,48.527],[-93.5901,48.5304],[-93.6123,48.5224],[-93.6285,48.5319],[-93.6358,48.5284],[-93.6434,48.519],[-93.6593,48.5164],[-93.693,48.5152],[-93.7109,48.5185],[-93.7391,48.5185],[-93.788,48.5158],[-93.8111,48.5246],[-93.8185,48.5314],[-93.811,48.5409],[-93.812,48.5503],[-93.8042,48.5702],[-93.8063,48.5795],[-93.8131,48.588],[-93.8214,48.6092],[-93.8334,48.6256],[-93.8444,48.6302],[-93.9135,48.6352],[-93.917,48.6329],[-93.953,48.6341],[-94.007,48.6433],[-94.0356,48.641],[-94.0643,48.6437],[-94.0659,48.6461],[-94.1261,48.6443],[-94.1886,48.6504],[-94.2242,48.6495],[-94.2509,48.6569],[-94.2547,48.6614],[-94.2507,48.6781],[-94.253,48.6863],[-94.2645,48.699],[-94.2746,48.6999],[-94.2912,48.7078],[-94.3088,48.7103],[-94.3431,48.7034],[-94.3688,48.7065],[-94.3841,48.7118],[-94.4158,48.711],[-94.4303,48.7009],[-94.4292,48.3891],[-94.4287,48.3674],[-94.4252,48.3674],[-94.4237,48.2504],[-94.4247,48.0489],[-94.4237,48.0198],[-94.4178,48.0198],[-94.4185,47.8458],[-93.7762,47.8464],[-93.7758,47.899],[-93.0809,47.8919],[-93.0809,47.9785],[-93.0881,47.9786],[-93.0891,48.0679],[-93.0965,48.0678],[-93.0974,48.1796]]]},"properties":{"geoid":"27071","name":"Koochiching County","basename":"Koochiching","state":"MN","lat":48.245374,"lng":-93.782896,"landSqMi":3104.706}},{"type":"Feature","geometry":{"type":"Polygon","coordinates":[[[-93.5271,43.848],[-93.4066,43.8481],[-93.4066,44.1964],[-93.768,44.1958],[-93.7678,43.848],[-93.5271,43.848]]]},"properties":{"geoid":"27161","name":"Waseca County","basename":"Waseca","state":"MN","lat":44.01846,"lng":-93.589844,"landSqMi":423.363}},{"type":"Feature","geometry":{"type":"Polygon","coordinates":[[[-94.371,44.196],[-94.3717,44.2644],[-94.3759,44.2663],[-94.3807,44.2613],[-94.3847,44.2665],[-94.4121,44.2736],[-94.4105,44.2804],[-94.4142,44.287],[-94.4226,44.2928],[-94.4264,44.2905],[-94.4322,44.2933],[-94.4255,44.2955],[-94.4249,44.2994],[-94.4323,44.2963],[-94.4416,44.3064],[-94.4328,44.3083],[-94.4322,44.3118],[-94.4364,44.3127],[-94.4431,44.3086],[-94.4518,44.3166],[-94.4532,44.3203],[-94.4509,44.3218],[-94.4453,44.315],[-94.4412,44.3191],[-94.4432,44.3238],[-94.4534,44.3233],[-94.4517,44.3333],[-94.4624,44.3327],[-94.475,44.3438],[-94.4828,44.345],[-94.4848,44.3492],[-94.4913,44.3512],[-94.4913,44.3597],[-94.4988,44.3611],[-94.4963,44.3545],[-94.501,44.3522],[-94.5018,44.3575],[-94.5092,44.3552],[-94.52,44.3596],[-94.5182,44.3703],[-94.523,44.3654],[-94.5462,44.3645],[-94.5557,44.3759],[-94.5585,44.3714],[-94.5655,44.3768],[-94.5781,44.3714],[-94.5822,44.378],[-94.5866,44.3738],[-94.5881,44.3771],[-94.5933,44.3771],[-94.5971,44.3854],[-94.6159,44.3854],[-94.6231,44.3822],[-94.6267,44.3847],[-94.6277,44.3913],[-94.6417,44.3904],[-94.6375,44.3949],[-94.6401,44.3967],[-94.6459,44.3975],[-94.6552,44.3931],[-94.6551,44.4006],[-94.6565,44.3976],[-94.6622,44.3993],[-94.6624,44.3953],[-94.6661,44.394],[-94.6768,44.3966],[-94.6699,44.4031],[-94.6767,44.4084],[-94.6883,44.407],[-94.694,44.4024],[-94.6971,44.4091],[-94.689,44.4079],[-94.6848,44.4108],[-94.6896,44.4175],[-94.6965,44.4164],[-94.694,44.4111],[-94.7013,44.4118],[-94.6987,44.4137],[-94.7028,44.4166],[-94.6948,44.4239],[-94.6953,44.4284],[-94.7079,44.4345],[-94.7267,44.4339],[-94.7313,44.4417],[-94.7364,44.4417],[-94.7486,44.4497],[-94.7632,44.443],[-94.7676,44.443],[-94.7686,44.4469],[-94.7764,44.4465],[-94.7867,44.4516],[-94.7803,44.4539],[-94.781,44.4575],[-94.7905,44.4564],[-94.7934,44.4609],[-94.8062,44.466],[-94.7977,44.4689],[-94.8023,44.4677],[-94.8099,44.4712],[-94.8112,44.4816],[-94.8176,44.4794],[-94.8149,44.4845],[-94.8242,44.4856],[-94.8276,44.483],[-94.8319,44.489],[-94.8383,44.4885],[-94.8418,44.4922],[-94.8538,44.4898],[-94.8553,44.4922],[-94.8519,44.4954],[-94.8626,44.4952],[-94.8658,44.4982],[-94.8663,44.2824],[-95.1075,44.2818],[-95.1088,44.195],[-95.101,44.1949],[-95.1002,44.108],[-94.3688,44.1087],[-94.371,44.196]]]},"properties":{"geoid":"27015","name":"Brown County","basename":"Brown","state":"MN","lat":44.246541,"lng":-94.733647,"landSqMi":611.109}},{"type":"Feature","geometry":{"type":"Polygon","coordinates":[[[-96.1947,47.1511],[-96.0671,47.1518],[-96.0676,47.4991],[-96.8489,47.499],[-96.865,47.4918],[-96.8522,47.4864],[-96.8552,47.4832],[-96.863,47.484],[-96.8685,47.4785],[-96.8652,47.4768],[-96.8569,47.4812],[-96.8519,47.4791],[-96.861,47.4726],[-96.8539,47.4604],[-96.8636,47.457],[-96.8543,47.4546],[-96.8593,47.4517],[-96.8559,47.4392],[-96.8629,47.4364],[-96.8528,47.432],[-96.8647,47.4281],[-96.8556,47.4267],[-96.8553,47.4243],[-96.8717,47.4189],[-96.861,47.4177],[-96.8617,47.4144],[-96.8568,47.4097],[-96.8419,47.4115],[-96.8527,47.4062],[-96.8391,47.3994],[-96.8491,47.3939],[-96.8396,47.3927],[-96.8375,47.389],[-96.8422,47.386],[-96.838,47.3826],[-96.8492,47.3824],[-96.8435,47.3759],[-96.8546,47.3738],[-96.8471,47.3703],[-96.8367,47.372],[-96.844,47.368],[-96.8528,47.3697],[-96.8582,47.3675],[-96.8484,47.3646],[-96.8523,47.3595],[-96.8505,47.3571],[-96.8374,47.3555],[-96.8446,47.3543],[-96.8429,47.3508],[-96.8471,47.3477],[-96.8404,47.3409],[-96.8306,47.3388],[-96.8345,47.3327],[-96.844,47.3317],[-96.8458,47.328],[-96.8408,47.3267],[-96.8346,47.331],[-96.8288,47.328],[-96.8369,47.3248],[-96.8355,47.3191],[-96.847,47.3158],[-96.8424,47.3134],[-96.843,47.3088],[-96.8365,47.3115],[-96.8307,47.3061],[-96.8438,47.2931],[-96.8401,47.2756],[-96.8477,47.2712],[-96.8347,47.2662],[-96.8448,47.2654],[-96.8474,47.2619],[-96.8358,47.2622],[-96.8373,47.2585],[-96.8452,47.2585],[-96.8385,47.2562],[-96.8444,47.2512],[-96.8412,47.2495],[-96.8373,47.253],[-96.8322,47.2468],[-96.8437,47.2398],[-96.8365,47.2424],[-96.8287,47.2333],[-96.8415,47.2332],[-96.8414,47.2295],[-96.8315,47.2267],[-96.8458,47.2201],[-96.8424,47.2177],[-96.839,47.2227],[-96.8336,47.2216],[-96.8372,47.2159],[-96.8303,47.2103],[-96.8372,47.2073],[-96.8272,47.2013],[-96.834,47.2035],[-96.8448,47.1936],[-96.8402,47.191],[-96.838,47.1965],[-96.8262,47.1913],[-96.836,47.1851],[-96.8219,47.185],[-96.8276,47.1819],[-96.825,47.1779],[-96.8335,47.1766],[-96.8229,47.1737],[-96.825,47.167],[-96.8189,47.1646],[-96.8319,47.1598],[-96.8231,47.1581],[-96.8231,47.1556],[-96.8362,47.1566],[-96.8401,47.1505],[-96.1947,47.1511]]]},"properties":{"geoid":"27107","name":"Norman County","basename":"Norman","state":"MN","lat":47.329453,"lng":-96.463776,"landSqMi":872.789}},{"type":"Feature","geometry":{"type":"Polygon","coordinates":[[[-93.5207,44.862],[-93.5202,44.8022],[-93.5032,44.8048],[-93.4984,44.8104],[-93.4915,44.8046],[-93.4832,44.8079],[-93.4804,44.8044],[-93.4627,44.8067],[-93.4507,44.8035],[-93.4439,44.8056],[-93.438,44.8131],[-93.4088,44.806],[-93.3963,44.7971],[-93.3862,44.7981],[-93.3803,44.7853],[-93.3651,44.7892],[-93.3556,44.7855],[-93.3492,44.7913],[-93.3366,44.7864],[-93.3257,44.7927],[-93.3045,44.7945],[-93.2864,44.8014],[-93.2818,44.8061],[-93.2519,44.8115],[-93.2309,44.8275],[-93.2205,44.8311],[-93.2218,44.8377],[-93.2114,44.8397],[-93.1983,44.8582],[-93.2,44.8655],[-93.1786,44.8803],[-93.1832,44.8861],[-93.1785,44.8883],[-93.1772,44.8939],[-93.1874,44.8951],[-93.1922,44.9044],[-93.2004,44.9096],[-93.2001,44.9415],[-93.2036,44.951],[-93.2078,44.953],[-93.2081,45.0357],[-93.2834,45.0354],[-93.2808,45.0436],[-93.2852,45.0585],[-93.279,45.0802],[-93.2783,45.1034],[-93.2948,45.1149],[-93.2971,45.127],[-93.3115,45.1438],[-93.3462,45.1602],[-93.3588,45.175],[-93.3754,45.1787],[-93.412,45.1982],[-93.4259,45.2147],[-93.4576,45.2202],[-93.4676,45.2258],[-93.4855,45.2257],[-93.5018,45.2417],[-93.5217,45.2466],[-93.5217,45.2432],[-93.5147,45.2395],[-93.5205,45.2376],[-93.5287,45.2224],[-93.5334,45.2256],[-93.5344,45.2309],[-93.5426,45.2326],[-93.548,45.2266],[-93.5576,45.225],[-93.5606,45.2273],[-93.57,45.2185],[-93.5875,45.2146],[-93.5927,45.2183],[-93.5927,45.2105],[-93.5969,45.2074],[-93.602,45.2081],[-93.6045,45.213],[-93.6114,45.208],[-93.6127,45.2115],[-93.625,45.2096],[-93.6234,45.2039],[-93.6285,45.2024],[-93.6377,45.2101],[-93.647,45.1997],[-93.6566,45.198],[-93.6577,45.1898],[-93.639,45.1749],[-93.6386,45.1656],[-93.6604,45.1536],[-93.6824,45.1509],[-93.7007,45.1364],[-93.7026,45.1314],[-93.7206,45.1144],[-93.7266,45.0987],[-93.7298,45.097],[-93.7289,45.09],[-93.7386,45.0814],[-93.7486,45.079],[-93.758,45.0828],[-93.7619,45.0812],[-93.7585,45.0775],[-93.7616,45.074],[-93.7584,45.0732],[-93.7646,45.071],[-93.7612,45.0688],[-93.7655,45.0663],[-93.7667,45.0602],[-93.7684,44.8909],[-93.5207,44.8915],[-93.5207,44.862]]]},"properties":{"geoid":"27053","name":"Hennepin County","basename":"Hennepin","state":"MN","lat":45.006121,"lng":-93.475228,"landSqMi":554.006}},{"type":"Feature","geometry":{"type":"Polygon","coordinates":[[[-93.6868,44.1961],[-93.5255,44.1961],[-93.5243,44.5436],[-93.9104,44.5432],[-93.9122,44.5381],[-93.9028,44.5382],[-93.901,44.5295],[-93.8879,44.5262],[-93.8854,44.5182],[-93.8871,44.5048],[-93.8965,44.5009],[-93.8909,44.4959],[-93.9031,44.4849],[-93.9073,44.4724],[-93.9223,44.4735],[-93.927,44.4696],[-93.9172,44.4625],[-93.9365,44.4546],[-93.9294,44.4527],[-93.9335,44.4508],[-93.929,44.4429],[-93.9397,44.4128],[-93.9541,44.4096],[-93.9489,44.4004],[-93.9504,44.3931],[-93.9658,44.3906],[-93.9567,44.3907],[-93.9523,44.3862],[-93.9529,44.3837],[-93.9633,44.3832],[-93.955,44.375],[-93.9624,44.3704],[-93.9617,44.3641],[-93.953,44.3662],[-93.9568,44.3615],[-93.9557,44.3585],[-93.9394,44.3527],[-93.9328,44.344],[-93.9365,44.3392],[-93.9424,44.3412],[-93.9452,44.339],[-93.9436,44.3313],[-93.9508,44.3288],[-93.9508,44.3204],[-93.9598,44.3073],[-93.9911,44.2955],[-93.9901,44.2923],[-93.9981,44.2788],[-94.0117,44.276],[-94.0131,44.2732],[-94.0084,44.2707],[-94.0253,44.2569],[-94.0161,44.2574],[-94.0085,44.2477],[-94.0153,44.2484],[-94.0221,44.2408],[-93.768,44.2394],[-93.768,44.1958],[-93.6868,44.1961]]]},"properties":{"geoid":"27079","name":"Le Sueur County","basename":"Le Sueur","state":"MN","lat":44.373421,"lng":-93.730106,"landSqMi":448.733}},{"type":"Feature","geometry":{"type":"Polygon","coordinates":[[[-93.7762,47.8464],[-94.4185,47.8458],[-94.4193,47.7186],[-94.4162,47.6007],[-94.4135,47.5865],[-94.4162,47.4451],[-94.4111,47.4452],[-94.4033,47.4379],[-94.4102,47.4353],[-94.3988,47.4335],[-94.396,47.4278],[-94.3853,47.4275],[-94.3822,47.432],[-94.3779,47.432],[-94.3732,47.4271],[-94.354,47.4246],[-94.3246,47.4154],[-94.118,47.4807],[-94.0951,47.478],[-94.0799,47.4685],[-94.0587,47.4349],[-94.0286,47.4103],[-94.0305,47.4057],[-94.0424,47.4005],[-94.0392,47.3854],[-94.0434,47.376],[-94.0352,47.3599],[-94.0252,47.3571],[-94.0269,47.3517],[-94.0093,47.3468],[-94.0051,47.3492],[-93.9867,47.3393],[-93.9875,47.3373],[-93.9839,47.3396],[-93.9741,47.3381],[-93.972,47.3349],[-93.9744,47.3336],[-93.9696,47.3314],[-93.9724,47.3302],[-93.9544,47.3233],[-93.9537,47.3174],[-93.9435,47.3172],[-93.9434,47.3111],[-93.941,47.3109],[-93.9423,47.3148],[-93.9396,47.3128],[-93.9421,47.3089],[-93.9355,47.3092],[-93.9364,47.3058],[-93.933,47.3045],[-93.9289,47.3089],[-93.927,47.3059],[-93.9235,47.3076],[-93.9221,47.3015],[-93.9148,47.3043],[-93.9123,47.2977],[-93.9091,47.3022],[-93.9018,47.3016],[-93.8927,47.3075],[-93.8898,47.3262],[-93.8854,47.3232],[-93.8884,47.3188],[-93.8832,47.3197],[-93.8831,47.3173],[-93.8771,47.3163],[-93.8756,47.3205],[-93.8735,47.316],[-93.8696,47.3185],[-93.8623,47.3147],[-93.8684,47.3207],[-93.861,47.3194],[-93.8631,47.3219],[-93.861,47.3226],[-93.8539,47.3189],[-93.8549,47.3141],[-93.8454,47.3171],[-93.8481,47.3105],[-93.8431,47.3099],[-93.8432,47.3068],[-93.8338,47.3084],[-93.8261,47.3038],[-93.8258,47.31],[-93.8217,47.3005],[-93.8176,47.3058],[-93.8092,47.2999],[-93.8145,47.3082],[-93.8078,47.3077],[-93.8077,47.3045],[-93.7924,47.3088],[-93.774,47.3051],[-93.7743,47.2979],[-93.7865,47.2994],[-93.7891,47.2906],[-93.7828,47.2904],[-93.7761,47.278],[-93.7843,47.2752],[-93.783,47.2657],[-93.7908,47.2671],[-93.7828,47.2608],[-93.7921,47.2577],[-93.798,47.2593],[-93.8049,47.2506],[-93.8045,47.2431],[-93.8124,47.2421],[-93.8067,47.2374],[-93.8105,47.2359],[-93.8096,47.2332],[-93.8024,47.2328],[-93.7996,47.2202],[-93.7845,47.2148],[-93.7828,47.2092],[-93.7739,47.2113],[-93.7753,47.0304],[-93.0561,47.0264],[-93.056,47.1093],[-93.0663,47.1094],[-93.0645,47.37],[-93.0696,47.4002],[-93.0637,47.5445],[-93.0615,47.7204],[-93.082,47.7206],[-93.0838,47.8212],[-93.0809,47.8919],[-93.7758,47.899],[-93.7762,47.8464]]]},"properties":{"geoid":"27061","name":"Itasca County","basename":"Itasca","state":"MN","lat":47.490817,"lng":-93.611102,"landSqMi":2667.513}},{"type":"Feature","geometry":{"type":"Polygon","coordinates":[[[-95.2586,48.8867],[-95.2746,48.893],[-95.2759,48.8961],[-95.288,48.8978],[-95.291,48.9016],[-95.301,48.9042],[-95.2964,48.9083],[-95.3108,48.9179],[-95.3196,48.9293],[-95.3225,48.9409],[-95.3154,48.946],[-95.3071,48.946],[-95.3115,48.949],[-95.3047,48.9464],[-95.3077,48.9506],[-95.3177,48.9524],[-95.3211,48.9593],[-95.3197,48.9637],[-95.3256,48.97],[-95.3269,48.9816],[-95.3177,48.9961],[-95.3206,48.9955],[-95.3199,48.9989],[-96.4054,49.0001],[-96.4049,48.7171],[-96.3875,48.7171],[-96.3878,48.5443],[-96.0045,48.5436],[-95.5867,48.5385],[-95.3425,48.5402],[-95.3427,48.713],[-95.0899,48.7131],[-95.0915,48.9206],[-95.1164,48.9036],[-95.1484,48.8923],[-95.231,48.8814],[-95.2586,48.8867]]]},"properties":{"geoid":"27135","name":"Roseau County","basename":"Roseau","state":"MN","lat":48.761068,"lng":-95.821504,"landSqMi":1671.739}},{"type":"Feature","geometry":{"type":"Polygon","coordinates":[[[-94.1297,44.4568],[-93.9349,44.4567],[-93.9191,44.4602],[-93.9186,44.4647],[-93.927,44.4696],[-93.9223,44.4735],[-93.9073,44.4724],[-93.9031,44.4849],[-93.8909,44.4959],[-93.8965,44.5009],[-93.887,44.5053],[-93.8854,44.5182],[-93.8879,44.5262],[-93.901,44.5295],[-93.9028,44.5382],[-93.9122,44.5381],[-93.9113,44.5465],[-93.9047,44.552],[-93.8996,44.5514],[-93.8986,44.5438],[-93.8912,44.547],[-93.8924,44.5529],[-93.9003,44.5554],[-93.8979,44.5621],[-93.8911,44.5666],[-93.9014,44.5709],[-93.8942,44.5751],[-93.8956,44.5801],[-93.8927,44.585],[-93.9025,44.5876],[-93.8946,44.5909],[-93.8901,44.5968],[-93.8834,44.5955],[-93.8815,44.6008],[-93.8747,44.6003],[-93.8779,44.6057],[-93.8734,44.6068],[-93.8689,44.6024],[-93.8613,44.6054],[-93.8539,44.6179],[-93.8584,44.6208],[-93.8485,44.6218],[-93.8426,44.6175],[-93.8451,44.6256],[-93.8365,44.6185],[-93.8147,44.6333],[-93.7976,44.6347],[-93.7909,44.6286],[-93.7752,44.6377],[-93.7724,44.6364],[-93.773,44.6303],[-93.7637,44.6341],[-93.7668,44.6383],[-93.7726,44.6391],[-93.768,44.6404],[-93.7682,44.6735],[-93.8888,44.6734],[-93.8886,44.717],[-94.2541,44.7179],[-94.2547,44.6303],[-94.4978,44.6299],[-94.4981,44.7172],[-94.6295,44.7167],[-94.6293,44.5423],[-94.6243,44.5421],[-94.6242,44.456],[-94.1297,44.4568]]]},"properties":{"geoid":"27143","name":"Sibley County","basename":"Sibley","state":"MN","lat":44.575734,"lng":-94.230123,"landSqMi":588.841}},{"type":"Feature","geometry":{"type":"Polygon","coordinates":[[[-95.5511,47.4112],[-95.5515,47.5],[-96.0676,47.4991],[-96.0671,47.1518],[-95.5512,47.1515],[-95.5511,47.4112]]]},"properties":{"geoid":"27087","name":"Mahnomen County","basename":"Mahnomen","state":"MN","lat":47.328387,"lng":-95.811089,"landSqMi":557.867}},{"type":"Feature","geometry":{"type":"Polygon","coordinates":[[[-96.5178,48.5436],[-97.1634,48.544],[-97.1414,48.5355],[-97.1422,48.5322],[-97.1536,48.5295],[-97.1524,48.5204],[-97.1454,48.5187],[-97.1308,48.5227],[-97.1268,48.5202],[-97.1366,48.5122],[-97.1503,48.5116],[-97.1492,48.5008],[-97.1346,48.4942],[-97.1315,48.489],[-97.1351,48.4877],[-97.143,48.4923],[-97.1403,48.4847],[-97.1592,48.4811],[-97.1627,48.4778],[-97.157,48.475],[-97.1384,48.4776],[-97.1289,48.4757],[-97.1306,48.4712],[-97.1407,48.4747],[-97.1474,48.4728],[-97.143,48.4638],[-97.1306,48.4634],[-97.1285,48.4603],[-97.1307,48.4522],[-97.1506,48.4408],[-97.1452,48.4381],[-97.1328,48.4438],[-97.1248,48.4419],[-97.1237,48.436],[-97.1278,48.4313],[-97.1412,48.4338],[-97.1459,48.4311],[-97.125,48.4224],[-97.1225,48.4183],[-97.126,48.4161],[-97.1384,48.4216],[-97.154,48.4181],[-97.1551,48.4143],[-97.1505,48.4127],[-97.1399,48.4185],[-97.1312,48.4073],[-97.1457,48.3974],[-97.1586,48.3963],[-97.1634,48.3929],[-97.1568,48.3909],[-97.1577,48.3865],[-97.152,48.3829],[-97.1333,48.3822],[-97.1414,48.3785],[-97.1379,48.3712],[-97.1525,48.371],[-97.1563,48.3656],[-97.1435,48.3543],[-97.1362,48.3522],[-97.1401,48.3446],[-97.1259,48.3406],[-97.129,48.3329],[-97.14,48.3298],[-97.1417,48.3257],[-97.1292,48.3281],[-97.1156,48.3239],[-97.1326,48.3191],[-97.1377,48.3097],[-97.1242,48.3111],[-97.1222,48.3087],[-97.1267,48.304],[-97.1122,48.2965],[-97.1192,48.2942],[-97.1276,48.299],[-97.1373,48.2918],[-97.1384,48.2887],[-97.1355,48.2871],[-97.128,48.2915],[-97.1231,48.2908],[-97.1166,48.2797],[-97.1251,48.2767],[-97.1253,48.2704],[-97.145,48.2688],[-97.1439,48.2657],[-97.1263,48.2644],[-97.123,48.2617],[-97.1306,48.259],[-97.1251,48.25],[-97.1356,48.2495],[-97.1467,48.2445],[-97.1459,48.2416],[-97.1337,48.2391],[-97.1446,48.2336],[-97.1244,48.2284],[-97.1207,48.2248],[-97.1245,48.2232],[-97.1372,48.227],[-97.1497,48.2231],[-97.1522,48.2196],[-97.1391,48.222],[-97.1229,48.2165],[-97.1178,48.2098],[-97.1237,48.2076],[-97.1314,48.2172],[-97.1393,48.2168],[-97.1383,48.2131],[-97.1293,48.2084],[-97.1409,48.2045],[-97.1357,48.1971],[-97.1498,48.1835],[-97.1384,48.1823],[-97.136,48.1767],[-97.1467,48.1732],[-95.5939,48.1729],[-95.5931,48.3654],[-95.6016,48.3654],[-95.6023,48.5389],[-96.2356,48.5451],[-96.5178,48.5436]]]},"properties":{"geoid":"27089","name":"Marshall County","basename":"Marshall","state":"MN","lat":48.362728,"lng":-96.357761,"landSqMi":1775.06}},{"type":"Feature","geometry":{"type":"Polygon","coordinates":[[[-94.9275,47.4107],[-95.1832,47.4128],[-95.1827,47.3255],[-95.1696,47.3254],[-95.1703,46.9782],[-95.1623,46.9782],[-95.163,46.8047],[-94.6599,46.8037],[-94.6584,46.9769],[-94.6636,46.9769],[-94.6635,47.3221],[-94.6715,47.3228],[-94.6702,47.4102],[-94.9275,47.4107]]]},"properties":{"geoid":"27057","name":"Hubbard County","basename":"Hubbard","state":"MN","lat":47.095551,"lng":-94.91329,"landSqMi":926.012}},{"type":"Feature","geometry":{"type":"Polygon","coordinates":[[[-95.849,44.8053],[-96.4517,44.8056],[-96.4516,44.6313],[-95.604,44.6299],[-95.6043,44.5425],[-95.3604,44.5418],[-95.3602,44.6985],[-95.3819,44.7053],[-95.38,44.7115],[-95.3855,44.7095],[-95.3932,44.7144],[-95.3985,44.714],[-95.3989,44.7187],[-95.4018,44.7197],[-95.3975,44.7243],[-95.4159,44.7345],[-95.421,44.7314],[-95.4278,44.7393],[-95.4416,44.7436],[-95.4581,44.7409],[-95.4635,44.7449],[-95.4634,44.7486],[-95.4772,44.7561],[-95.4869,44.7507],[-95.4907,44.7518],[-95.4918,44.7609],[-95.4895,44.7639],[-95.4953,44.7698],[-95.5057,44.7729],[-95.509,44.7702],[-95.5085,44.7659],[-95.5116,44.7653],[-95.5156,44.7666],[-95.5163,44.7717],[-95.5292,44.7708],[-95.5306,44.7745],[-95.5224,44.7758],[-95.5255,44.7831],[-95.509,44.784],[-95.4976,44.7888],[-95.5195,44.8018],[-95.5451,44.8035],[-95.5357,44.8115],[-95.5365,44.8151],[-95.5602,44.8232],[-95.567,44.829],[-95.5661,44.8342],[-95.5736,44.8403],[-95.6005,44.8432],[-95.5966,44.8485],[-95.6004,44.8509],[-95.6153,44.8507],[-95.6146,44.8596],[-95.6198,44.8667],[-95.6268,44.8689],[-95.6332,44.8781],[-95.6364,44.8734],[-95.6419,44.8745],[-95.6546,44.8851],[-95.6485,44.8872],[-95.6502,44.891],[-95.6575,44.8891],[-95.674,44.8971],[-95.6715,44.9031],[-95.6791,44.9086],[-95.6841,44.9095],[-95.6802,44.9073],[-95.6889,44.902],[-95.7198,44.9065],[-95.7237,44.9098],[-95.7188,44.9114],[-95.7213,44.9201],[-95.7192,44.9214],[-95.737,44.9362],[-95.7373,44.8915],[-95.8475,44.8918],[-95.849,44.8053]]]},"properties":{"geoid":"27173","name":"Yellow Medicine County","basename":"Yellow Medicine","state":"MN","lat":44.715736,"lng":-95.862756,"landSqMi":759.101}},{"type":"Feature","geometry":{"type":"Polygon","coordinates":[[[-94.5133,45.7744],[-95.1397,45.7734],[-95.1399,45.585],[-95.1315,45.585],[-95.1319,45.4125],[-94.7629,45.4129],[-94.7631,45.3261],[-94.3836,45.3266],[-94.3834,45.2828],[-94.2608,45.2839],[-94.2615,45.2977],[-94.2546,45.3007],[-94.2567,45.3065],[-94.1948,45.3189],[-94.1866,45.3182],[-94.1799,45.3132],[-94.1749,45.3021],[-94.1619,45.3012],[-94.1167,45.3281],[-94.1065,45.3399],[-94.0923,45.3429],[-94.0895,45.3466],[-94.096,45.3524],[-94.0875,45.3641],[-94.0814,45.3668],[-94.0837,45.3689],[-94.0817,45.3708],[-94.086,45.3728],[-94.0833,45.375],[-94.086,45.3798],[-94.0783,45.3834],[-94.0774,45.3882],[-94.0666,45.3988],[-94.0689,45.4041],[-94.056,45.4161],[-94.0569,45.4208],[-94.048,45.4233],[-94.0502,45.4327],[-94.0532,45.4354],[-94.064,45.4321],[-94.0694,45.4385],[-94.0803,45.4381],[-94.0787,45.4427],[-94.0816,45.4468],[-94.1021,45.4524],[-94.101,45.468],[-94.1151,45.4791],[-94.1253,45.4819],[-94.142,45.4932],[-94.1431,45.5087],[-94.1395,45.5164],[-94.1543,45.5323],[-94.1472,45.5358],[-94.1456,45.5535],[-94.1608,45.5664],[-94.171,45.5897],[-94.1921,45.6009],[-94.2037,45.6196],[-94.2043,45.6465],[-94.1973,45.6537],[-94.1974,45.6705],[-94.1823,45.6789],[-94.1979,45.6766],[-94.2038,45.6792],[-94.2105,45.7019],[-94.224,45.7117],[-94.2239,45.7167],[-94.2145,45.7216],[-94.2152,45.7263],[-94.2374,45.7303],[-94.2597,45.7424],[-94.2667,45.7546],[-94.2642,45.7621],[-94.2728,45.7677],[-94.2718,45.7752],[-94.5133,45.7744]]]},"properties":{"geoid":"27145","name":"Stearns County","basename":"Stearns","state":"MN","lat":45.555235,"lng":-94.610482,"landSqMi":1342.876}},{"type":"Feature","geometry":{"type":"Polygon","coordinates":[[[-94.1492,45.5591],[-94.1456,45.5535],[-94.1469,45.5367],[-94.1543,45.532],[-94.1395,45.5164],[-94.1431,45.5087],[-94.142,45.4932],[-94.1253,45.4819],[-94.1151,45.4791],[-94.101,45.468],[-94.1021,45.4524],[-94.0818,45.4469],[-94.0787,45.4427],[-94.0805,45.4382],[-94.0694,45.4385],[-94.0654,45.4325],[-94.0522,45.4353],[-94.0443,45.4186],[-94.0324,45.4124],[-94.0261,45.4045],[-94.0063,45.4039],[-94.0057,45.4012],[-94.0122,45.3959],[-94.0108,45.3916],[-94.0056,45.3914],[-94.0029,45.3989],[-93.9962,45.4017],[-93.9855,45.3993],[-93.9791,45.3913],[-93.9549,45.3777],[-93.9448,45.3851],[-93.9185,45.3844],[-93.9125,45.3815],[-93.9093,45.3726],[-93.8879,45.3622],[-93.8822,45.3494],[-93.8679,45.3395],[-93.8308,45.3348],[-93.8051,45.3123],[-93.7588,45.2952],[-93.7369,45.2999],[-93.7044,45.2977],[-93.693,45.3],[-93.6858,45.3051],[-93.6697,45.2952],[-93.6287,45.2961],[-93.5814,45.2919],[-93.5731,45.2952],[-93.5703,45.3016],[-93.5647,45.3015],[-93.5551,45.2841],[-93.5519,45.265],[-93.5221,45.2467],[-93.5122,45.2457],[-93.5107,45.5588],[-94.1492,45.5591]]]},"properties":{"geoid":"27141","name":"Sherburne County","basename":"Sherburne","state":"MN","lat":45.453166,"lng":-93.769164,"landSqMi":432.947}},{"type":"Feature","geometry":{"type":"Polygon","coordinates":[[[-93.0647,46.6802],[-93.0627,46.5933],[-93.0548,46.5932],[-93.0548,46.4193],[-92.2929,46.4172],[-92.2919,46.6528],[-92.2923,46.6639],[-92.3013,46.6669],[-92.3017,46.7641],[-92.6592,46.7691],[-92.8086,46.766],[-93.0615,46.7666],[-93.0647,46.6802]]]},"properties":{"geoid":"27017","name":"Carlton County","basename":"Carlton","state":"MN","lat":46.603818,"lng":-92.671044,"landSqMi":861.191}},{"type":"Feature","geometry":{"type":"Polygon","coordinates":[[[-94.3692,44.0218],[-94.3688,44.1087],[-94.8598,44.108],[-94.8594,43.8481],[-94.369,43.848],[-94.3692,44.0218]]]},"properties":{"geoid":"27165","name":"Watonwan County","basename":"Watonwan","state":"MN","lat":43.978109,"lng":-94.613798,"landSqMi":434.947}},{"type":"Feature","geometry":{"type":"Polygon","coordinates":[[[-93.5523,45.227],[-93.5478,45.2267],[-93.5426,45.2326],[-93.5356,45.2314],[-93.5287,45.2224],[-93.5205,45.2376],[-93.5147,45.2399],[-93.5217,45.2432],[-93.5272,45.252],[-93.5413,45.2563],[-93.5524,45.2655],[-93.5551,45.2841],[-93.5647,45.3015],[-93.5703,45.3016],[-93.5731,45.2952],[-93.5814,45.2919],[-93.6287,45.2961],[-93.6697,45.2952],[-93.6858,45.3051],[-93.693,45.3],[-93.7044,45.2977],[-93.7369,45.2999],[-93.7543,45.2949],[-93.7691,45.2978],[-93.8051,45.3123],[-93.8308,45.3348],[-93.8679,45.3395],[-93.8822,45.3494],[-93.8895,45.3637],[-93.9093,45.3726],[-93.9149,45.3829],[-93.9437,45.3853],[-93.9549,45.3777],[-93.9791,45.3913],[-93.9855,45.3993],[-93.9962,45.4017],[-94.0017,45.4001],[-94.005,45.3919],[-94.0091,45.3909],[-94.0124,45.3946],[-94.0057,45.4012],[-94.0063,45.4039],[-94.0243,45.4037],[-94.048,45.4233],[-94.053,45.4237],[-94.0569,45.4208],[-94.0572,45.4146],[-94.0688,45.4043],[-94.0666,45.3988],[-94.0774,45.3882],[-94.0782,45.3834],[-94.0859,45.3799],[-94.0833,45.375],[-94.086,45.3728],[-94.0817,45.3708],[-94.0837,45.3689],[-94.0814,45.3668],[-94.0875,45.3641],[-94.096,45.3524],[-94.0895,45.3466],[-94.0927,45.3425],[-94.0989,45.3434],[-94.1065,45.3399],[-94.1167,45.3281],[-94.1619,45.3012],[-94.1749,45.3021],[-94.1799,45.3132],[-94.1866,45.3182],[-94.1948,45.3189],[-94.2176,45.3158],[-94.2233,45.3114],[-94.2526,45.3083],[-94.2571,45.306],[-94.2551,45.2999],[-94.2615,45.2977],[-94.2603,45.2393],[-94.2568,45.2393],[-94.2559,45.2126],[-94.2561,44.9795],[-93.7675,44.9776],[-93.7667,45.0602],[-93.7655,45.0663],[-93.7612,45.0688],[-93.7646,45.071],[-93.7584,45.0732],[-93.7616,45.074],[-93.7585,45.0775],[-93.7615,45.0818],[-93.7494,45.079],[-93.7386,45.0814],[-93.7289,45.09],[-93.7298,45.097],[-93.7266,45.0987],[-93.7206,45.1144],[-93.7026,45.1314],[-93.7007,45.1364],[-93.6824,45.1509],[-93.6604,45.1536],[-93.6386,45.1656],[-93.639,45.1749],[-93.6577,45.1898],[-93.6566,45.198],[-93.647,45.1997],[-93.6377,45.2101],[-93.6285,45.2024],[-93.6234,45.2039],[-93.625,45.2096],[-93.6127,45.2115],[-93.6114,45.208],[-93.6045,45.213],[-93.602,45.2081],[-93.5969,45.2074],[-93.5927,45.2105],[-93.5927,45.2183],[-93.5869,45.2147],[-93.5695,45.2187],[-93.5606,45.2273],[-93.5576,45.225],[-93.5523,45.227]]]},"properties":{"geoid":"27171","name":"Wright County","basename":"Wright","state":"MN","lat":45.175091,"lng":-93.966396,"landSqMi":661.148}},{"type":"Feature","geometry":{"type":"Polygon","coordinates":[[[-94.6896,48.367],[-94.4287,48.3674],[-94.4303,48.7009],[-94.4388,48.6948],[-94.4524,48.6924],[-94.5385,48.7027],[-94.549,48.7147],[-94.5877,48.7176],[-94.6192,48.7373],[-94.6413,48.7412],[-94.652,48.7561],[-94.6909,48.778],[-94.696,48.7996],[-94.6951,48.8092],[-94.7043,48.8242],[-94.702,48.8318],[-94.6856,48.84],[-94.6931,48.8534],[-94.6902,48.8636],[-94.6924,48.869],[-94.6843,48.8724],[-94.6835,48.8841],[-94.7496,49.0987],[-94.7728,49.1205],[-94.798,49.1979],[-94.7973,49.2143],[-94.8255,49.2944],[-94.8244,49.309],[-94.8163,49.3214],[-94.8541,49.3243],[-94.9574,49.3702],[-94.989,49.3689],[-95.0142,49.3565],[-95.0583,49.3533],[-95.1287,49.3705],[-95.1534,49.3845],[-95.1532,48.9989],[-95.3199,48.9989],[-95.3206,48.9955],[-95.3177,48.9961],[-95.3271,48.978],[-95.3255,48.9699],[-95.3197,48.9637],[-95.3211,48.9593],[-95.3182,48.953],[-95.305,48.9483],[-95.3067,48.9452],[-95.3116,48.949],[-95.3071,48.946],[-95.3156,48.9458],[-95.3231,48.9375],[-95.3108,48.9179],[-95.2964,48.9083],[-95.301,48.9042],[-95.291,48.9016],[-95.288,48.8978],[-95.2759,48.8961],[-95.2746,48.893],[-95.2549,48.8845],[-95.2265,48.8817],[-95.1484,48.8923],[-95.1164,48.9036],[-95.0915,48.9206],[-95.0899,48.7131],[-95.3427,48.713],[-95.3425,48.5402],[-95.212,48.5399],[-95.211,48.366],[-94.6896,48.367]]]},"properties":{"geoid":"27077","name":"Lake of the Woods County","basename":"Lake of the Woods","state":"MN","lat":48.7681,"lng":-94.904633,"landSqMi":1297.653}},{"type":"Feature","geometry":{"type":"Polygon","coordinates":[[[-96.5765,46.0218],[-96.5703,45.9636],[-96.5613,45.9457],[-96.565,45.9301],[-96.564,45.9196],[-96.57,45.9135],[-96.5645,45.9095],[-96.5682,45.9035],[-96.5689,45.888],[-96.5714,45.8867],[-96.5747,45.8668],[-96.5744,45.8446],[-96.5831,45.82],[-96.5967,45.8118],[-96.6125,45.7944],[-96.6278,45.7862],[-96.6301,45.7794],[-96.6395,45.7716],[-96.6419,45.7599],[-96.6626,45.7387],[-96.7451,45.7016],[-96.7609,45.6875],[-96.8386,45.6475],[-96.8568,45.6054],[-96.8355,45.5861],[-96.253,45.5855],[-96.2537,45.9346],[-96.2662,45.9347],[-96.2661,46.0216],[-96.5765,46.0218]]]},"properties":{"geoid":"27155","name":"Traverse County","basename":"Traverse","state":"MN","lat":45.769935,"lng":-96.474832,"landSqMi":573.872}},{"type":"Feature","geometry":{"type":"Polygon","coordinates":[[[-95.1938,47.8033],[-95.1935,47.8722],[-95.2233,47.8764],[-95.2551,47.8879],[-95.2695,47.9032],[-95.2779,47.927],[-95.277,47.9435],[-95.2718,47.9611],[-95.248,48.0031],[-95.2291,48.0201],[-95.5829,48.0207],[-95.5788,47.6737],[-95.5533,47.6723],[-95.5512,47.1515],[-95.1692,47.1525],[-95.1696,47.3254],[-95.1827,47.3255],[-95.185,47.6734],[-95.1943,47.6734],[-95.1938,47.8033]]]},"properties":{"geoid":"27029","name":"Clearwater County","basename":"Clearwater","state":"MN","lat":47.575873,"lng":-95.371117,"landSqMi":999.003}},{"type":"Feature","geometry":{"type":"Polygon","coordinates":[[[-96.0932,44.5437],[-96.0929,44.6305],[-96.4516,44.6313],[-96.4528,44.1968],[-96.0786,44.1966],[-96.0803,44.5434],[-96.0932,44.5437]]]},"properties":{"geoid":"27081","name":"Lincoln County","basename":"Lincoln","state":"MN","lat":44.408238,"lng":-96.272032,"landSqMi":536.786}},{"type":"Feature","geometry":{"type":"Polygon","coordinates":[[[-94.1541,46.8046],[-94.3429,46.8055],[-94.3454,46.6313],[-94.3309,46.6311],[-94.3273,46.2898],[-94.3325,46.2796],[-94.3377,46.2847],[-94.3408,46.2833],[-94.3424,46.2793],[-94.338,46.2756],[-94.3389,46.2713],[-94.3548,46.2642],[-94.3553,46.2551],[-94.3635,46.252],[-94.3727,46.243],[-94.3877,46.239],[-94.3894,46.2324],[-94.3944,46.2287],[-94.3948,46.2094],[-94.3656,46.1789],[-94.3716,46.174],[-94.371,46.1642],[-94.3746,46.1571],[-93.8104,46.1566],[-93.8109,46.2431],[-93.7963,46.2432],[-93.7982,46.2483],[-93.8066,46.2478],[-93.8108,46.2533],[-93.8115,46.5842],[-93.7779,46.5897],[-93.776,46.8029],[-94.1541,46.8046]]]},"properties":{"geoid":"27035","name":"Crow Wing County","basename":"Crow Wing","state":"MN","lat":46.491653,"lng":-94.070718,"landSqMi":998.359}},{"type":"Feature","geometry":{"type":"Polygon","coordinates":[[[-93.5224,44.5436],[-93.2785,44.544],[-93.2782,44.6308],[-93.3187,44.6306],[-93.3183,44.7175],[-93.3284,44.7175],[-93.3296,44.7912],[-93.3366,44.7864],[-93.3492,44.7913],[-93.3556,44.7855],[-93.3651,44.7892],[-93.3798,44.7852],[-93.3862,44.7981],[-93.3963,44.7971],[-93.4088,44.806],[-93.4382,44.8131],[-93.4439,44.8056],[-93.4507,44.8035],[-93.4627,44.8067],[-93.4804,44.8044],[-93.4832,44.8079],[-93.4915,44.8046],[-93.4987,44.8104],[-93.5032,44.8048],[-93.5202,44.8022],[-93.5202,44.805],[-93.5405,44.8048],[-93.5412,44.7987],[-93.5474,44.7956],[-93.5549,44.7998],[-93.5776,44.7948],[-93.5811,44.792],[-93.5821,44.7823],[-93.5994,44.7827],[-93.5943,44.7767],[-93.5963,44.7731],[-93.6219,44.7625],[-93.6085,44.754],[-93.6139,44.7489],[-93.6206,44.7538],[-93.6224,44.7467],[-93.6314,44.7387],[-93.6285,44.7322],[-93.6327,44.7241],[-93.6256,44.7236],[-93.6262,44.7156],[-93.6178,44.7078],[-93.6292,44.7026],[-93.6291,44.6984],[-93.6356,44.6977],[-93.6399,44.693],[-93.648,44.6955],[-93.6552,44.6901],[-93.6615,44.6961],[-93.6752,44.6926],[-93.6977,44.6698],[-93.7214,44.6636],[-93.7151,44.6587],[-93.7184,44.6553],[-93.7269,44.657],[-93.7382,44.646],[-93.7595,44.6439],[-93.7598,44.6409],[-93.7535,44.6381],[-93.7548,44.636],[-93.7601,44.6351],[-93.7635,44.6391],[-93.7702,44.6401],[-93.7724,44.6385],[-93.7672,44.6385],[-93.7637,44.6341],[-93.7725,44.6303],[-93.7742,44.6378],[-93.7909,44.6286],[-93.7946,44.6338],[-93.8031,44.6346],[-93.8155,44.633],[-93.8365,44.6185],[-93.8444,44.6257],[-93.8461,44.6233],[-93.8413,44.6193],[-93.8426,44.6175],[-93.8485,44.6218],[-93.8584,44.6208],[-93.8539,44.6179],[-93.8613,44.6054],[-93.8689,44.6024],[-93.8734,44.6068],[-93.8779,44.6057],[-93.8747,44.6003],[-93.8815,44.6008],[-93.8834,44.5955],[-93.8901,44.5968],[-93.8946,44.5909],[-93.9025,44.5876],[-93.8927,44.585],[-93.8956,44.5801],[-93.8942,44.5751],[-93.9014,44.5709],[-93.8911,44.5666],[-93.8979,44.5621],[-93.9003,44.5554],[-93.8924,44.5529],[-93.8912,44.547],[-93.8986,44.5438],[-93.8986,44.55],[-93.9029,44.5523],[-93.9114,44.5456],[-93.9104,44.5432],[-93.8903,44.5431],[-93.5224,44.5436]]]},"properties":{"geoid":"27139","name":"Scott County","basename":"Scott","state":"MN","lat":44.651811,"lng":-93.533733,"landSqMi":356.11}},{"type":"Feature","geometry":{"type":"Polygon","coordinates":[[[-96.0532,43.6741],[-96.0523,43.8491],[-96.453,43.8495],[-96.4533,43.5004],[-96.0532,43.5002],[-96.0532,43.6741]]]},"properties":{"geoid":"27133","name":"Rock County","basename":"Rock","state":"MN","lat":43.669587,"lng":-96.263238,"landSqMi":482.459}},{"type":"Feature","geometry":{"type":"Polygon","coordinates":[[[-92.2743,44.4544],[-92.4303,44.4553],[-92.4306,44.3683],[-92.5507,44.3685],[-92.5509,44.1949],[-92.319,44.1941],[-92.319,44.1077],[-92.0993,44.1067],[-92.0795,44.1067],[-92.0792,44.193],[-91.8582,44.193],[-91.8752,44.2006],[-91.8774,44.2129],[-91.8927,44.2311],[-91.887,44.2518],[-91.896,44.2629],[-91.897,44.2757],[-91.9203,44.2865],[-91.9246,44.2918],[-91.9249,44.2957],[-91.9135,44.3114],[-91.9239,44.3314],[-91.9413,44.341],[-91.9636,44.3621],[-92.0381,44.3887],[-92.0565,44.4027],[-92.0786,44.4049],[-92.1111,44.4139],[-92.1245,44.4221],[-92.2152,44.4385],[-92.2325,44.4454],[-92.242,44.4543],[-92.2743,44.4544]]]},"properties":{"geoid":"27157","name":"Wabasha County","basename":"Wabasha","state":"MN","lat":44.289634,"lng":-92.233454,"landSqMi":522.922}},{"type":"Feature","geometry":{"type":"Polygon","coordinates":[[[-96.1183,45.3918],[-96.1177,45.2398],[-96.1037,45.2398],[-96.1038,45.1767],[-96.089,45.1673],[-96.0747,45.1657],[-96.0559,45.1564],[-96.0482,45.1584],[-96.0367,45.1521],[-96.021,45.152],[-95.2465,45.1524],[-95.2464,45.2387],[-95.2552,45.2387],[-95.2553,45.4127],[-96.117,45.412],[-96.1183,45.3918]]]},"properties":{"geoid":"27151","name":"Swift County","basename":"Swift","state":"MN","lat":45.27581,"lng":-95.690124,"landSqMi":742.027}},{"type":"Feature","geometry":{"type":"Polygon","coordinates":[[[-95.2469,45.0654],[-95.2465,45.1524],[-96.037,45.1511],[-96.0125,45.1237],[-96,45.1195],[-95.9994,45.1161],[-96.0027,45.1166],[-96.0003,45.1122],[-95.9929,45.1108],[-95.9803,45.0975],[-95.8948,45.0365],[-95.882,45.0332],[-95.8845,45.0293],[-95.8775,45.0261],[-95.8802,45.0237],[-95.8745,45.022],[-95.8743,45.0246],[-95.8702,45.0248],[-95.8669,45.0141],[-95.8607,45.0074],[-95.8454,45.0022],[-95.8381,44.9963],[-95.8333,44.998],[-95.8361,44.9949],[-95.8304,44.995],[-95.8341,44.993],[-95.8324,44.9912],[-95.8254,44.9919],[-95.8311,44.9897],[-95.8244,44.9863],[-95.824,44.9693],[-95.8203,44.9684],[-95.8231,44.9647],[-95.8191,44.9608],[-95.811,44.9615],[-95.8069,44.9548],[-95.8099,44.9527],[-95.7913,44.9463],[-95.7913,44.9491],[-95.7864,44.9489],[-95.7763,44.9422],[-95.7702,44.9435],[-95.7691,44.948],[-95.7607,44.9428],[-95.766,44.942],[-95.7555,44.9418],[-95.7578,44.9469],[-95.7495,44.9407],[-95.7443,44.9447],[-95.7412,44.9397],[-95.7448,44.9387],[-95.7336,44.9348],[-95.7192,44.9214],[-95.7213,44.9201],[-95.7188,44.9114],[-95.7237,44.9098],[-95.721,44.9072],[-95.6889,44.902],[-95.6802,44.9073],[-95.6844,44.909],[-95.6818,44.9097],[-95.6719,44.9038],[-95.674,44.8971],[-95.6575,44.8891],[-95.6502,44.891],[-95.6485,44.8872],[-95.6542,44.8846],[-95.6402,44.8737],[-95.636,44.8736],[-95.6331,44.878],[-95.6268,44.8689],[-95.6163,44.863],[-95.6153,44.8507],[-95.6004,44.8509],[-95.5966,44.8485],[-95.6005,44.8432],[-95.5736,44.8403],[-95.5661,44.8342],[-95.567,44.829],[-95.5602,44.8232],[-95.5365,44.8151],[-95.5357,44.8115],[-95.5451,44.8035],[-95.5195,44.8018],[-95.4988,44.7902],[-95.499,44.7865],[-95.5255,44.7831],[-95.5224,44.7758],[-95.5308,44.7731],[-95.5254,44.7695],[-95.5163,44.7717],[-95.5156,44.7666],[-95.5116,44.7653],[-95.5085,44.7659],[-95.509,44.7702],[-95.5057,44.7729],[-95.4951,44.7697],[-95.4895,44.7639],[-95.4914,44.7526],[-95.4878,44.7507],[-95.4828,44.7525],[-95.4829,44.8907],[-95.2485,44.8913],[-95.2478,45.0145],[-95.2476,45.019],[-95.2438,45.0188],[-95.2475,45.0213],[-95.2469,45.0654]]]},"properties":{"geoid":"27023","name":"Chippewa County","basename":"Chippewa","state":"MN","lat":45.028625,"lng":-95.564108,"landSqMi":581.223}},{"type":"Feature","geometry":{"type":"Polygon","coordinates":[[[-93.0044,44.8908],[-92.9842,44.8908],[-92.9846,45.1238],[-93.2277,45.1245],[-93.2269,45.0357],[-93.2081,45.0357],[-93.2078,44.953],[-93.2036,44.951],[-93.2001,44.9415],[-93.2004,44.9096],[-93.1922,44.9044],[-93.1904,44.898],[-93.1772,44.8939],[-93.1785,44.8883],[-93.1689,44.8882],[-93.1539,44.8929],[-93.1376,44.9052],[-93.1287,44.9196],[-93.096,44.9197],[-93.096,44.9233],[-93.0909,44.9232],[-93.0909,44.9197],[-93.0516,44.9195],[-93.0347,44.8978],[-93.02,44.8908],[-93.0044,44.8908]]]},"properties":{"geoid":"27123","name":"Ramsey County","basename":"Ramsey","state":"MN","lat":45.015204,"lng":-93.099965,"landSqMi":152.249}},{"type":"Feature","geometry":{"type":"Polygon","coordinates":[[[-92.9296,43.4998],[-92.4489,43.5005],[-92.449,43.8341],[-92.6893,43.8338],[-92.6894,43.8486],[-93.0495,43.8484],[-93.0493,43.5],[-92.9296,43.4998]]]},"properties":{"geoid":"27099","name":"Mower County","basename":"Mower","state":"MN","lat":43.666249,"lng":-92.759514,"landSqMi":711.273}},{"type":"Feature","geometry":{"type":"Polygon","coordinates":[[[-95.7033,44.1958],[-96.0638,44.1964],[-96.0646,43.849],[-95.4624,43.8479],[-95.4625,44.1959],[-95.7033,44.1958]]]},"properties":{"geoid":"27101","name":"Murray County","basename":"Murray","state":"MN","lat":44.015594,"lng":-95.761581,"landSqMi":704.667}},{"type":"Feature","geometry":{"type":"Polygon","coordinates":[[[-94.1324,44.7176],[-94.0105,44.7175],[-94.0122,44.9787],[-94.5019,44.9798],[-94.5024,44.8923],[-94.4977,44.8923],[-94.4978,44.6299],[-94.2547,44.6303],[-94.2541,44.7179],[-94.1324,44.7176]]]},"properties":{"geoid":"27085","name":"McLeod County","basename":"McLeod","state":"MN","lat":44.821657,"lng":-94.272323,"landSqMi":491.51}},{"type":"Feature","geometry":{"type":"Polygon","coordinates":[[[-93.1424,45.9047],[-93.1429,45.981],[-93.0554,45.9813],[-93.054,46.1583],[-93.2829,46.1594],[-93.4318,46.1539],[-93.4325,45.9815],[-93.5181,45.9817],[-93.5137,45.7343],[-93.3889,45.7307],[-93.1418,45.7307],[-93.1424,45.9047]]]},"properties":{"geoid":"27065","name":"Kanabec County","basename":"Kanabec","state":"MN","lat":45.94776,"lng":-93.297788,"landSqMi":521.61}},{"type":"Feature","geometry":{"type":"Polygon","coordinates":[[[-93.2659,45.7309],[-93.5137,45.7343],[-93.5101,45.4148],[-93.0196,45.4118],[-93.022,45.5574],[-93.142,45.5581],[-93.1418,45.7307],[-93.2659,45.7309]]]},"properties":{"geoid":"27059","name":"Isanti County","basename":"Isanti","state":"MN","lat":45.562431,"lng":-93.296339,"landSqMi":435.781}},{"type":"Feature","geometry":{"type":"Polygon","coordinates":[[[-92.0895,43.5007],[-91.7302,43.5008],[-91.7304,43.8469],[-92.4489,43.8483],[-92.4489,43.5005],[-92.0895,43.5007]]]},"properties":{"geoid":"27045","name":"Fillmore County","basename":"Fillmore","state":"MN","lat":43.679187,"lng":-92.093937,"landSqMi":861.333}},{"type":"Feature","geometry":{"type":"Polygon","coordinates":[[[-96.2262,45.2195],[-96.252,45.2183],[-96.2586,45.2236],[-96.2631,45.2213],[-96.2751,45.2228],[-96.2754,45.2266],[-96.2811,45.231],[-96.2803,45.2361],[-96.2888,45.2387],[-96.2833,45.2468],[-96.292,45.2493],[-96.3072,45.25],[-96.3082,45.2473],[-96.3133,45.2474],[-96.3117,45.2519],[-96.3277,45.2501],[-96.3381,45.256],[-96.3678,45.2571],[-96.3764,45.261],[-96.3841,45.2576],[-96.4065,45.2564],[-96.4165,45.2625],[-96.4191,45.2678],[-96.4529,45.2689],[-96.4515,44.8056],[-95.849,44.8053],[-95.8475,44.8918],[-95.7373,44.8915],[-95.7367,44.936],[-95.7449,44.9388],[-95.7412,44.9397],[-95.7435,44.9442],[-95.7466,44.9449],[-95.7495,44.9407],[-95.7578,44.9469],[-95.7555,44.9418],[-95.766,44.942],[-95.7607,44.9428],[-95.7691,44.948],[-95.7702,44.9435],[-95.7763,44.9422],[-95.7864,44.9489],[-95.7913,44.9491],[-95.7913,44.9463],[-95.8099,44.9527],[-95.8069,44.9548],[-95.811,44.9615],[-95.8191,44.9608],[-95.8231,44.9647],[-95.8203,44.9684],[-95.824,44.9693],[-95.8244,44.9863],[-95.8311,44.9897],[-95.8254,44.9919],[-95.8324,44.9912],[-95.8341,44.993],[-95.8304,44.995],[-95.8361,44.9949],[-95.8333,44.998],[-95.8381,44.9963],[-95.8454,45.0022],[-95.8607,45.0074],[-95.8669,45.0141],[-95.8702,45.0248],[-95.8743,45.0246],[-95.8745,45.022],[-95.8802,45.0237],[-95.8775,45.0261],[-95.8845,45.0293],[-95.882,45.0332],[-95.8948,45.0365],[-95.9803,45.0975],[-95.9929,45.1108],[-96.0003,45.1122],[-96.0027,45.1166],[-95.9994,45.1161],[-96,45.1195],[-96.0125,45.1237],[-96.0369,45.1529],[-96.0473,45.1582],[-96.0559,45.1564],[-96.0747,45.1657],[-96.089,45.1673],[-96.1047,45.177],[-96.1076,45.1832],[-96.1321,45.1919],[-96.1727,45.1927],[-96.2074,45.2071],[-96.2191,45.2191],[-96.2262,45.2195]]]},"properties":{"geoid":"27073","name":"Lac qui Parle County","basename":"Lac qui Parle","state":"MN","lat":44.999826,"lng":-96.176851,"landSqMi":765.021}},{"type":"Feature","geometry":{"type":"Polygon","coordinates":[[[-93.2826,44.1965],[-93.0412,44.1967],[-93.0395,44.4719],[-93.2817,44.472],[-93.2815,44.544],[-93.5243,44.5436],[-93.5255,44.1961],[-93.2826,44.1965]]]},"properties":{"geoid":"27131","name":"Rice County","basename":"Rice","state":"MN","lat":44.350775,"lng":-93.298513,"landSqMi":495.845}},{"type":"Feature","geometry":{"type":"Polygon","coordinates":[[[-93.5943,44.7762],[-93.5998,44.7823],[-93.5821,44.7823],[-93.5811,44.792],[-93.5776,44.7948],[-93.5549,44.7998],[-93.5474,44.7956],[-93.5412,44.7987],[-93.5405,44.8048],[-93.5202,44.805],[-93.5207,44.8915],[-93.7684,44.8909],[-93.7675,44.9776],[-94.0122,44.9787],[-94.0105,44.7175],[-93.8886,44.717],[-93.8888,44.6734],[-93.7682,44.6735],[-93.768,44.6404],[-93.7566,44.6356],[-93.7534,44.6377],[-93.7598,44.6409],[-93.7595,44.6439],[-93.7382,44.646],[-93.7269,44.657],[-93.7184,44.6553],[-93.7151,44.6587],[-93.7214,44.6636],[-93.6977,44.6698],[-93.6752,44.6926],[-93.6633,44.6962],[-93.6583,44.6949],[-93.6557,44.69],[-93.6476,44.6956],[-93.639,44.6932],[-93.6356,44.6977],[-93.6291,44.6984],[-93.6292,44.7026],[-93.6179,44.7073],[-93.6262,44.7156],[-93.6256,44.7236],[-93.6327,44.7241],[-93.6285,44.7322],[-93.6314,44.7387],[-93.6224,44.7467],[-93.6206,44.7538],[-93.6139,44.7489],[-93.6085,44.7538],[-93.6217,44.7628],[-93.6014,44.7693],[-93.5943,44.7762]]]},"properties":{"geoid":"27019","name":"Carver County","basename":"Carver","state":"MN","lat":44.82132,"lng":-93.800091,"landSqMi":353.879}},{"type":"Feature","geometry":{"type":"Polygon","coordinates":[[[-94.6436,45.9073],[-94.6436,45.9329],[-94.6488,45.9328],[-94.6479,46.2824],[-94.6533,46.2826],[-94.6535,46.3487],[-94.6585,46.3521],[-94.6635,46.3502],[-94.6694,46.3608],[-94.6738,46.3582],[-94.6769,46.3505],[-94.72,46.351],[-94.7301,46.3618],[-94.7314,46.3686],[-95.1556,46.3689],[-95.1543,46.2824],[-95.1458,46.2824],[-95.1463,45.9328],[-95.1388,45.9327],[-95.1397,45.7734],[-94.644,45.7739],[-94.6436,45.9073]]]},"properties":{"geoid":"27153","name":"Todd County","basename":"Todd","state":"MN","lat":46.066569,"lng":-94.900576,"landSqMi":945.098}},{"type":"Feature","geometry":{"type":"Polygon","coordinates":[[[-92.9138,44.5434],[-92.7926,44.543],[-92.7926,44.6297],[-92.732,44.6295],[-92.732,44.7143],[-92.802,44.7457],[-92.8266,44.7504],[-92.8379,44.7471],[-92.8553,44.7477],[-92.8726,44.7675],[-92.8832,44.7743],[-92.9101,44.7741],[-92.9286,44.7814],[-92.9427,44.7747],[-92.9638,44.7701],[-92.9861,44.7753],[-93.006,44.7717],[-93.016,44.7756],[-93.0215,44.7868],[-93.0204,44.7942],[-93.0047,44.8149],[-93.0119,44.8367],[-93.0088,44.8618],[-93.02,44.8908],[-93.0347,44.8978],[-93.0516,44.9195],[-93.0909,44.9197],[-93.0909,44.9232],[-93.096,44.9233],[-93.096,44.9197],[-93.1287,44.9196],[-93.1365,44.9061],[-93.1539,44.8929],[-93.1826,44.8871],[-93.1786,44.8803],[-93.2,44.8655],[-93.1983,44.8582],[-93.2114,44.8397],[-93.2218,44.8377],[-93.2205,44.8311],[-93.2309,44.8275],[-93.2519,44.8115],[-93.2818,44.8061],[-93.2864,44.8014],[-93.3045,44.7945],[-93.3296,44.7911],[-93.3284,44.7175],[-93.3183,44.7175],[-93.3187,44.6306],[-93.2782,44.6308],[-93.2817,44.472],[-93.0395,44.4719],[-93.0393,44.5155],[-92.9819,44.5187],[-92.9732,44.5147],[-92.9568,44.5146],[-92.9564,44.5086],[-92.9527,44.507],[-92.9465,44.5126],[-92.9359,44.5117],[-92.9188,44.5176],[-92.919,44.5432],[-92.9138,44.5434]]]},"properties":{"geoid":"27037","name":"Dakota County","basename":"Dakota","state":"MN","lat":44.670893,"lng":-93.062481,"landSqMi":562.557}},{"type":"Feature","geometry":{"type":"Polygon","coordinates":[[[-93.4321,46.1432],[-93.4306,46.2464],[-93.8109,46.2431],[-93.8103,45.9831],[-93.7689,45.9825],[-93.7686,45.9104],[-93.7619,45.7719],[-93.7595,45.5596],[-93.5107,45.5588],[-93.5181,45.9817],[-93.4325,45.9815],[-93.4321,46.1432]]]},"properties":{"geoid":"27095","name":"Mille Lacs County","basename":"Mille Lacs","state":"MN","lat":45.929043,"lng":-93.632996,"landSqMi":572.306}},{"type":"Feature","geometry":{"type":"Polygon","coordinates":[[[-94.8546,43.5881],[-94.8544,43.8481],[-95.4525,43.848],[-95.4544,43.5006],[-94.8546,43.5009],[-94.8546,43.5881]]]},"properties":{"geoid":"27063","name":"Jackson County","basename":"Jackson","state":"MN","lat":43.671111,"lng":-95.149731,"landSqMi":702.972}},{"type":"Feature","geometry":{"type":"Polygon","coordinates":[[[-92.7992,43.8487],[-92.6783,43.8486],[-92.6787,44.1955],[-93.0459,44.1967],[-93.046,43.8485],[-92.7992,43.8487]]]},"properties":{"geoid":"27039","name":"Dodge County","basename":"Dodge","state":"MN","lat":44.020706,"lng":-92.869353,"landSqMi":439.396}},{"type":"Feature","geometry":{"type":"Polygon","coordinates":[[[-93.2895,43.8482],[-93.6483,43.8481],[-93.6485,43.4997],[-93.0492,43.4997],[-93.0495,43.8484],[-93.2895,43.8482]]]},"properties":{"geoid":"27047","name":"Freeborn County","basename":"Freeborn","state":"MN","lat":43.674202,"lng":-93.350289,"landSqMi":707.245}},{"type":"Feature","geometry":{"type":"Polygon","coordinates":[[[-94.3281,46.3693],[-94.3309,46.6311],[-94.3454,46.6313],[-94.3429,46.8055],[-93.776,46.8029],[-93.7739,47.2111],[-93.776,47.2129],[-93.777,47.2092],[-93.7828,47.2092],[-93.7845,47.2148],[-93.7996,47.2202],[-93.8024,47.2328],[-93.8096,47.2332],[-93.8105,47.2359],[-93.8067,47.2374],[-93.8124,47.2421],[-93.8045,47.2431],[-93.8049,47.2506],[-93.798,47.2593],[-93.7921,47.2577],[-93.7828,47.2608],[-93.7908,47.2671],[-93.783,47.2657],[-93.7843,47.2752],[-93.7761,47.278],[-93.7828,47.2904],[-93.7891,47.2906],[-93.7865,47.2994],[-93.7743,47.2979],[-93.774,47.3051],[-93.7924,47.3088],[-93.8077,47.3045],[-93.8078,47.3077],[-93.8145,47.3082],[-93.8092,47.2999],[-93.8176,47.3058],[-93.8217,47.3005],[-93.8258,47.31],[-93.8261,47.3038],[-93.8338,47.3084],[-93.8432,47.3068],[-93.8431,47.3099],[-93.8481,47.3105],[-93.8454,47.3171],[-93.8549,47.3141],[-93.8539,47.3189],[-93.861,47.3226],[-93.8631,47.3219],[-93.861,47.3194],[-93.8684,47.3207],[-93.8623,47.3147],[-93.8696,47.3185],[-93.8735,47.316],[-93.8756,47.3205],[-93.8771,47.3163],[-93.8831,47.3173],[-93.8832,47.3197],[-93.8884,47.3188],[-93.8854,47.3232],[-93.8898,47.3262],[-93.8927,47.3075],[-93.9018,47.3016],[-93.9091,47.3022],[-93.9123,47.2977],[-93.9148,47.3043],[-93.9221,47.3015],[-93.9235,47.3076],[-93.927,47.3059],[-93.9289,47.3089],[-93.933,47.3045],[-93.9364,47.3058],[-93.9355,47.3092],[-93.9421,47.3089],[-93.9396,47.3128],[-93.9423,47.3148],[-93.941,47.3109],[-93.9434,47.3111],[-93.9435,47.3172],[-93.9537,47.3174],[-93.9544,47.3233],[-93.9724,47.3302],[-93.9696,47.3314],[-93.9744,47.3336],[-93.972,47.3349],[-93.9741,47.3381],[-93.9839,47.3396],[-93.9875,47.3373],[-93.9867,47.3393],[-94.0051,47.3492],[-94.0093,47.3468],[-94.0269,47.3517],[-94.0252,47.3571],[-94.0352,47.3599],[-94.0434,47.376],[-94.0392,47.3854],[-94.0424,47.4005],[-94.0305,47.4057],[-94.0286,47.4103],[-94.0587,47.4349],[-94.0799,47.4685],[-94.0951,47.478],[-94.118,47.4807],[-94.3246,47.4154],[-94.354,47.4246],[-94.3732,47.4271],[-94.3779,47.432],[-94.3822,47.432],[-94.3853,47.4275],[-94.396,47.4278],[-94.3988,47.4335],[-94.4102,47.4353],[-94.4034,47.4383],[-94.414,47.4455],[-94.4162,47.4449],[-94.4164,47.4118],[-94.6702,47.4102],[-94.6715,47.3228],[-94.6635,47.3221],[-94.6636,46.9769],[-94.6584,46.9769],[-94.6599,46.8037],[-94.7871,46.8039],[-94.786,46.6304],[-94.7806,46.6299],[-94.7803,46.6155],[-94.7791,46.3942],[-94.7726,46.392],[-94.7714,46.3965],[-94.7649,46.3957],[-94.7625,46.3932],[-94.7655,46.3899],[-94.7602,46.3884],[-94.7594,46.3827],[-94.7541,46.3845],[-94.7518,46.3791],[-94.7462,46.3847],[-94.7421,46.38],[-94.7315,46.3837],[-94.728,46.3807],[-94.7317,46.3642],[-94.72,46.351],[-94.6769,46.3505],[-94.6738,46.3582],[-94.6686,46.3606],[-94.6635,46.3502],[-94.6585,46.3521],[-94.6439,46.3415],[-94.6373,46.3414],[-94.6229,46.3267],[-94.6177,46.3276],[-94.6142,46.3245],[-94.6042,46.3301],[-94.5856,46.3244],[-94.5591,46.3112],[-94.5562,46.3071],[-94.5405,46.3035],[-94.5115,46.3086],[-94.5079,46.3129],[-94.4976,46.3152],[-94.4877,46.3143],[-94.4811,46.3215],[-94.4674,46.3226],[-94.4605,46.3312],[-94.4531,46.3279],[-94.4451,46.3318],[-94.4265,46.3323],[-94.4231,46.3277],[-94.401,46.3207],[-94.3976,46.3138],[-94.3874,46.3111],[-94.3901,46.3035],[-94.3819,46.3095],[-94.372,46.2971],[-94.3624,46.3002],[-94.3505,46.2954],[-94.3437,46.2866],[-94.3506,46.2799],[-94.3464,46.2766],[-94.3417,46.2777],[-94.3394,46.2846],[-94.3325,46.2796],[-94.3273,46.2898],[-94.3281,46.3693]]]},"properties":{"geoid":"27021","name":"Cass County","basename":"Cass","state":"MN","lat":46.951745,"lng":-94.333705,"landSqMi":2021.464}},{"type":"Feature","geometry":{"type":"Polygon","coordinates":[[[-93.0456,43.8593],[-93.0459,44.1967],[-93.4066,44.1964],[-93.4066,43.8481],[-93.046,43.8485],[-93.0456,43.8593]]]},"properties":{"geoid":"27147","name":"Steele County","basename":"Steele","state":"MN","lat":44.015261,"lng":-93.220453,"landSqMi":429.548}},{"type":"Feature","geometry":{"type":"Polygon","coordinates":[[[-92.1988,43.8471],[-92.0791,43.8471],[-92.0793,44.1067],[-92.319,44.1077],[-92.319,44.1941],[-92.6787,44.1955],[-92.6783,43.8486],[-92.6894,43.8486],[-92.6893,43.8338],[-92.449,43.8341],[-92.4489,43.8483],[-92.1988,43.8471]]]},"properties":{"geoid":"27109","name":"Olmsted County","basename":"Olmsted","state":"MN","lat":43.9995,"lng":-92.410096,"landSqMi":653.509}},{"type":"Feature","geometry":{"type":"Polygon","coordinates":[[[-94.757,45.1316],[-94.7575,45.2391],[-94.7635,45.2391],[-94.7629,45.4129],[-95.2553,45.4127],[-95.2552,45.2387],[-95.2464,45.2387],[-95.2475,45.0213],[-95.2438,45.0188],[-95.2476,45.019],[-95.2478,45.0145],[-95.2485,44.8913],[-94.7581,44.8921],[-94.757,45.1316]]]},"properties":{"geoid":"27067","name":"Kandiyohi County","basename":"Kandiyohi","state":"MN","lat":45.152714,"lng":-95.004981,"landSqMi":797.365}},{"type":"Feature","geometry":{"type":"Polygon","coordinates":[[[-96.0645,44.0227],[-96.0638,44.1964],[-96.4528,44.1968],[-96.453,43.8495],[-96.0646,43.849],[-96.0645,44.0227]]]},"properties":{"geoid":"27117","name":"Pipestone County","basename":"Pipestone","state":"MN","lat":44.015361,"lng":-96.257015,"landSqMi":465.053}},{"type":"Feature","geometry":{"type":"Polygon","coordinates":[[[-94.6293,44.5423],[-94.6295,44.7167],[-94.4981,44.7172],[-94.4977,44.8923],[-95.4829,44.8907],[-95.4828,44.7525],[-95.4772,44.7561],[-95.4634,44.7486],[-95.4635,44.7449],[-95.4581,44.7409],[-95.4416,44.7436],[-95.4278,44.7393],[-95.421,44.7314],[-95.415,44.7341],[-95.3974,44.7241],[-95.4018,44.7197],[-95.3989,44.7187],[-95.3985,44.714],[-95.3932,44.7144],[-95.3855,44.7095],[-95.3797,44.7113],[-95.3821,44.7057],[-95.3782,44.7031],[-95.3683,44.6998],[-95.3638,44.7012],[-95.354,44.696],[-95.3144,44.692],[-95.3106,44.6872],[-95.3121,44.6758],[-95.294,44.6647],[-95.2934,44.6608],[-95.2669,44.6593],[-95.2442,44.6671],[-95.2399,44.6607],[-95.2274,44.6518],[-95.2235,44.6523],[-95.2178,44.6455],[-95.2128,44.6467],[-95.2106,44.6418],[-95.1977,44.6357],[-95.1856,44.624],[-95.1781,44.6229],[-95.1749,44.619],[-95.1666,44.6217],[-95.1509,44.6154],[-95.1462,44.6072],[-95.134,44.6017],[-95.132,44.5959],[-95.1261,44.5977],[-95.1186,44.5953],[-95.115,44.5893],[-95.1041,44.5872],[-95.1002,44.5784],[-95.0884,44.5794],[-95.0967,44.5762],[-95.0982,44.572],[-95.0824,44.5691],[-95.0761,44.5739],[-95.0676,44.572],[-95.0581,44.5673],[-95.059,44.5625],[-95.0516,44.5622],[-95.0496,44.5582],[-95.0328,44.5571],[-95.0294,44.5505],[-95.0258,44.5532],[-95.0241,44.5458],[-95.0169,44.5513],[-95.012,44.5501],[-95.0171,44.5464],[-95.0167,44.5429],[-95.0066,44.5442],[-95.0062,44.5472],[-95.0021,44.543],[-95.0009,44.5475],[-94.9888,44.5464],[-94.9878,44.5421],[-94.9821,44.5422],[-94.9842,44.5398],[-94.9754,44.5405],[-94.9749,44.5369],[-94.9791,44.537],[-94.9771,44.5354],[-94.9696,44.5403],[-94.9681,44.5331],[-94.946,44.5293],[-94.944,44.5258],[-94.9384,44.5271],[-94.9379,44.5304],[-94.9349,44.5272],[-94.9379,44.5236],[-94.9296,44.5245],[-94.9204,44.5166],[-94.9025,44.5172],[-94.9026,44.5206],[-94.8976,44.5208],[-94.8918,44.5182],[-94.8902,44.5122],[-94.8808,44.517],[-94.8776,44.5119],[-94.8796,44.5064],[-94.8736,44.5056],[-94.8736,44.4992],[-94.8704,44.5011],[-94.8637,44.4955],[-94.8521,44.4955],[-94.8553,44.4922],[-94.8538,44.4898],[-94.8454,44.4925],[-94.8383,44.4885],[-94.8322,44.4891],[-94.8276,44.483],[-94.8242,44.4856],[-94.8149,44.4845],[-94.8176,44.4794],[-94.8112,44.4816],[-94.8099,44.4712],[-94.8023,44.4677],[-94.7977,44.4689],[-94.8062,44.466],[-94.7934,44.4609],[-94.7898,44.4562],[-94.6242,44.456],[-94.6243,44.5421],[-94.6293,44.5423]]]},"properties":{"geoid":"27129","name":"Renville County","basename":"Renville","state":"MN","lat":44.723697,"lng":-94.955617,"landSqMi":982.905}}]}